Price,Close,High,Low,Open,Volume
Ticker,AAPL,AAPL,AAPL,AAPL,AAPL
Date,,,,,
2000-01-03,0.8384959101676941,0.8427092287836058,0.7617156093073723,0.7855925483114256,535796800
2000-01-04,0.7678025364875793,0.8286643460148189,0.7579707233743157,0.8108741009382834,512377600
2000-01-05,0.7790377736091614,0.8281960296637116,0.7715475008445213,0.7771651929164612,778321600
2000-01-06,0.7116212248802185,0.8015104122570126,0.7116212248802185,0.7949564038532123,767972800
2000-01-07,0.7453298568725586,0.7565661409149227,0.7153671161771019,0.7228573888001496,460734400
2000-01-10,0.7322208881378174,0.7659287830565672,0.709748424793061,0.7640562027932101,505064000
2000-01-11,0.694767415523529,0.7443938452267228,0.677913483777978,0.7186443647304877,441548800
2000-01-12,0.6531002521514893,0.7153673415907655,0.6479498161178239,0.7116213289910732,976068800
2000-01-13,0.7247298359870911,0.7397112296125528,0.692894518300677,0.707758447470844,1032684800
2000-01-14,0.7523519992828369,0.7659289212290572,0.7443935692324917,0.7490749957323325,390376000
2000-01-18,0.7785698175430298,0.7940201739588019,0.7523521825553375,0.756566302534591,459177600
2000-01-19,0.798233151435852,0.8146189672762619,0.7743562140114484,0.7912101874462439,597643200
2000-01-20,0.8502005338668823,0.910126022971567,0.8502005338668823,0.8651818811399705,1831132800
2000-01-21,0.8338145613670349,0.8558181218207479,0.8253871732602506,0.8558181218207479,495924800
2000-01-24,0.7958926558494568,0.8445819075387063,0.7874652170397165,0.8122784256442783,440876800
2000-01-25,0.8408367037773132,0.8473916114409069,0.7668660894807835,0.786528912237427,497145600
2000-01-26,0.8253871202468872,0.8553499092140853,0.8221101667939974,0.8239826973367468,367158400
2000-01-27,0.8239827752113342,0.8464552941129416,0.8015103063158883,0.8150872291663448,340144000
2000-01-28,0.7612475156784058,0.8305367502902841,0.753757243073763,0.8104058206890609,423348800
2000-01-31,0.7771652936935425,0.7781016091643873,0.7078760986228451,0.7565662533226218,701680000
2000-02-01,0.7509477138519287,0.7865290544426651,0.7490751827893155,0.7790379300688013,318035200
2000-02-02,0.7401795387268066,0.7649927473435931,0.7266025651520616,0.7546936278157236,464195200
2000-02-03,0.7738882303237915,0.7809111954377861,0.7509475544091733,0.7514157120785117,475193600
2000-02-04,0.8090012669563293,0.8239826098429931,0.7762287855440996,0.7785695234832225,425320000
2000-02-07,0.8544139266014099,0.8558184000645368,0.7935521097053333,0.8090016678429617,441067200
2000-02-08,0.8605005145072937,0.8698632690959003,0.8333465659586028,0.8539456061744032,408643200
2000-02-09,0.8436455726623535,0.877354327000439,0.842241199584449,0.8548818574458239,299364800
2000-02-10,0.8502005338668823,0.8530093802113176,0.823982851098899,0.8455190566179356,302982400
2000-02-11,0.8146191239356995,0.8548818349372846,0.8108739624726858,0.851136673474271,212251200
2000-02-14,0.8675225973129272,0.867990755053925,0.8136829069069942,0.8188324920394664,367539200
2000-02-15,0.8913994431495667,0.8984224085580496,0.8628411240361749,0.8633092817251441,485744000
2000-02-16,0.8548819422721863,0.8848455380218126,0.8399005944528836,0.8820358914762826,378246400
2000-02-17,0.8605005145072937,0.865181891801597,0.8473916979648453,0.8628412031544453,289497600
2000-02-18,0.8333463668823242,0.8642453698801297,0.830536671069645,0.8586276784640303,233441600
2000-02-22,0.8525411486625671,0.8759499330529528,0.7991695723081895,0.824919095120361,422296000
2000-02-23,0.8707996606826782,0.8913996028102698,0.8314732076175192,0.8482105730853882,473099200
2000-02-24,0.8629575967788696,0.8923356120788636,0.837091463656049,0.8787586412776894,376432000
2000-02-25,0.8267917037010193,0.8764181732619892,0.8249191727946673,0.8600323526864991,249144000
2000-02-28,0.8483276963233948,0.8614365095112075,0.8118101524263562,0.8249189656141689,328328000
2000-02-29,0.8586277961730957,0.878290618935799,0.84317749245764,0.8506685154670866,368961600
2000-03-01,0.976138174533844,0.9892469897320592,0.8876542720198299,0.88812242970372,1077003200
2000-03-02,0.9138718843460083,0.9583479635716836,0.9040400731171082,0.9513257984768292,311259200
2000-03-03,0.9588157534599304,0.960571769301756,0.898890287682455,0.9354069761548922,323366400
2000-03-06,0.9414938688278198,0.9672433377924671,0.9363434349684249,0.943834556894255,210560000
2000-03-07,0.9204263091087341,0.9546032350260503,0.9073174882258818,0.9471121087613453,273011200
2000-03-08,0.9138718843460083,0.9283851723089184,0.8881224121426199,0.9204258917662297,271230400
2000-03-09,0.9157447814941406,0.9363438251839169,0.8857819815132519,0.9054448095936771,276718400
2000-03-10,0.941961944103241,0.9583477592590277,0.9063805682443177,0.9115310016534945,248606400
2000-03-13,0.9087215065956116,0.9475797918883408,0.8951445346282371,0.914808156150041,303956800
2000-03-14,0.8558180332183838,0.930725752784784,0.8539454027369172,0.9080191580800617,428579200
2000-03-15,0.8707996606826782,0.9007632583284214,0.8548819963697013,0.8661182829791413,443609600
2000-03-16,0.91059410572052,0.913871909619849,0.8576906868267586,0.8787587828911126,378100800
2000-03-17,0.9363434910774231,0.9363434910774231,0.8960807335626456,0.89982679481158,305043200
2000-03-20,0.9213623404502869,0.9457073431528588,0.9166808630387977,0.9251083024756949,204489600
2000-03-21,1.010783314704895,1.024360188533599,0.9110631206727611,0.9180852864024357,524328000
2000-03-22,1.080072283744812,1.0814775567688513,0.9855017397601664,0.9946313638438206,567996800
2000-03-23,1.0585376024246216,1.1264224037072426,1.048705785659311,1.0636871397207082,562564800
2000-03-24,1.038873553276062,1.0782000045051119,1.0149966078658463,1.0669637184202818,446913600
2000-03-27,1.045427918434143,1.0842861954300744,1.0252961435584123,1.0309147342731597,279182400
2000-03-28,1.0421513319015503,1.0636866879268085,1.027169084092368,1.0281053995711908,202966400
2000-03-29,1.0182747840881348,1.0444924278156527,1.0024737291330172,1.0440243699060887,239836800
2000-03-30,0.941961944103241,1.0313828412392767,0.9396211562291141,1.000483041128607,414400000
2000-03-31,1.017337679862976,1.0281049026155398,0.9438343499840299,0.9546024728471721,404633600
2000-04-03,0.9986103177070618,1.044959713514001,0.9695838506885627,1.0149961313348415,328563200
2000-04-04,0.953666627407074,0.9962700822139188,0.8745455684360204,0.9934612357644204,660329600
2000-04-05,0.9766075015068054,0.9953340159663083,0.9288536994879796,0.9473460850108673,457665600
2000-04-06,0.937748908996582,1.0075063089351515,0.9232348196483996,0.9784798304483946,259627200
2000-04-07,0.9869063496589661,0.9878425650602748,0.9400895788538595,0.9531983946940829,242435200
2000-04-10,0.9363434910774231,0.9943973391921497,0.934470960514528,0.9864380591736228,212262400
2000-04-11,0.8946768045425415,0.9354076398976429,0.8843768312069267,0.9251085666733044,541822400
2000-04-12,0.8183643817901611,0.8913995939449326,0.7855927879506612,0.8913995939449326,941136000
2000-04-13,0.8525411486625671,0.8988905597577489,0.8127465452395787,0.835219064264947,529827200
2000-04-14,0.8380279541015625,0.8839083598008347,0.8164916993172673,0.8188324378612127,667620800
2000-04-17,0.9279170036315918,0.9283851613006738,0.8169597855848545,0.8202376393608268,409561600
2000-04-18,0.950389564037323,0.950389564037323,0.8942083380150774,0.9251082473562868,390924800
2000-04-19,0.9073169231414795,0.9756698322940636,0.8970169559826047,0.9452389885235101,520150400
2000-04-20,0.8904631733894348,0.9344710985426027,0.8768861996644919,0.9265126174470665,722120000
2000-04-24,0.9026356935501099,0.9026356935501099,0.8595640876611427,0.8614366183337547,443620800
2000-04-25,0.961156964302063,0.9644347686382931,0.9143401891805446,0.9148083469305262,391641600
2000-04-26,0.9087215065956116,0.9588159755939724,0.8988904959332397,0.9485160071807218,366912000
2000-04-27,0.94945228099823,0.951325711624293,0.8732576011584868,0.8778223630971358,326603200
2000-04-28,0.9293217658996582,0.9550713485959973,0.9087219197203358,0.952262501417259,249580800
2000-05-01,0.9311938881874084,0.9372805371808075,0.9129355414041235,0.9354071066455645,226195200
2000-05-02,0.8829718232154846,0.9457070409035129,0.8801629776712364,0.9232345763403678,236432000
2000-05-03,0.8619047999382019,0.90825341080048,0.8361553272068133,0.8909312764468972,489798400
2000-05-04,0.8291324377059937,0.8633093519535031,0.828196122251888,0.8623730364993974,399515200
2000-05-05,0.8473917245864868,0.8595642260475523,0.8293665512065089,0.8300687378202476,284076800
2000-05-08,0.8249192237854004,0.85160496611868,0.8239829082681815,0.8396664932186143,184900800
2000-05-09,0.7898058891296387,0.8333464525025545,0.7855926201346817,0.8263234874062427,327140800
2000-05-10,0.7439255118370056,0.7865289640306746,0.7397113923163864,0.7795059982328436,535091200
2000-05-11,0.7701430916786194,0.7809112184523529,0.7415847729210862,0.7593750149110472,499744000
2000-05-12,0.8061925172805786,0.8277279202916367,0.7847729285370285,0.794020017713752,306913600
2000-05-15,0.756566047668457,0.8094694075818699,0.7500111910741513,0.8094694075818699,678932800
2000-05-16,0.7916784882545471,0.8169598030231706,0.7696749773257019,0.7829004067564891,440451200
2000-05-17,0.7593751549720764,0.7766972424738303,0.7518840305862879,0.7762290847043465,398092800
2000-05-18,0.7546936273574829,0.7860607938332331,0.7537573119425044,0.7715475548579173,373777600
2000-05-19,0.7041307687759399,0.7434572065249079,0.6994484927848983,0.7434572065249079,740667200
2000-05-22,0.6736990213394165,0.7022581843860729,0.6442043932217256,0.7022581843860729,755507200
2000-05-23,0.6428001523017883,0.6994486866292225,0.6413957291472437,0.6779133314860045,517585600
2000-05-24,0.6568451523780823,0.6722946552642026,0.6217319775545909,0.6456089184323477,678462400
2000-05-25,0.6536847352981567,0.6940649071293682,0.6442044680349546,0.6629318238510998,406750400
2000-05-26,0.6470134258270264,0.6732310584235067,0.638586886846861,0.6591859266789155,181148800
2000-05-30,0.6559088826179504,0.6601221515298021,0.6123691702085573,0.656376990270717,713059200
2000-05-31,0.6292232275009155,0.6835310774803343,0.6278188042367011,0.6507594344306824,433507200
2000-06-01,0.6676133275032043,0.6708902813591046,0.6020692497689176,0.6123692191500532,903840000
2000-06-02,0.6933627128601074,0.7472023912940471,0.6666769274585076,0.7022582580288608,792848000
2000-06-05,0.6839990019798279,0.7134936328423083,0.6718265035149658,0.6989803962267529,323668800
2000-06-06,0.6957035660743713,0.7247300465341064,0.6765088983834316,0.6889155287598262,525481600
2000-06-07,0.7233256101608276,0.7266026143246846,0.6863398985896193,0.7013220963940616,337019200
2000-06-08,0.7102165818214417,0.7378386303127904,0.6975759265726511,0.7312846739437759,238526400
2000-06-09,0.7172397375106812,0.73362550677604,0.7069397682159134,0.7247299605523567,252358400
2000-06-12,0.6830628514289856,0.7223892992158235,0.68072216289138,0.7219211415058366,290337600
2000-06-13,0.7078759670257568,0.709280389964769,0.6605902943228507,0.6830627615564077,351456000
2000-06-14,0.677445113658905,0.720984827907293,0.675104375271571,0.7092804358843692,277446400
2000-06-15,0.6919583082199097,0.699448580577177,0.6666769450555375,0.6835309204656108,248572800
2000-06-16,0.6830628514289856,0.7022583676678962,0.6671451892524471,0.7003849367293203,303564800
2000-06-19,0.7237938046455383,0.7331575099778723,0.6727629582505988,0.6783815014894871,394004800
2000-06-20,0.7584385871887207,0.7785695646059699,0.7369023868378151,0.7378386520592254,501390400
2000-06-21,0.8333463668823242,0.8530091869494562,0.7537571711767274,0.7565660668909316,490000000
2000-06-22,0.8052553534507751,0.863309201791198,0.8024465075893553,0.8352189929614906,467712000
2000-06-23,0.7743563055992126,0.8183641748057302,0.7612474913567405,0.8057235182130156,204965600
2000-06-26,0.8108739256858826,0.8202376290171995,0.7809111851624042,0.786528877095906,185354400
2000-06-27,0.7752926349639893,0.8314730041326812,0.773420054337145,0.8057235328303507,203470400
2000-06-28,0.8155552744865417,0.8296003530849543,0.7715474082172603,0.7987013501893722,286428800
2000-06-29,0.7678025364875793,0.8080652543644627,0.7649928398088672,0.7949564369130183,203660800
2000-06-30,0.7846559882164001,0.8230461516703595,0.7743560236109757,0.7912099929016777,323097600
2000-07-03,0.7987015843391418,0.8136829325603991,0.7809113395895083,0.7809113395895083,70828800
2000-07-05,0.7734200954437256,0.8267916215118791,0.7603112802667134,0.7977651450713801,265216000
2000-07-06,0.7762289047241211,0.7930836806532613,0.7434573183909579,0.7865288733262701,309545600
2000-07-07,0.8155552744865417,0.8211738159886828,0.7809111106551805,0.7879332249020734,263603200
2000-07-10,0.8558180332183838,0.872672807686987,0.805255310009525,0.8104057439197241,397796000
2000-07-11,0.8530094027519226,0.8876543755611883,0.8305368811867984,0.8539456182165857,357896000
2000-07-12,0.8820359706878662,0.8829721862460013,0.8445820477081992,0.8707996837803871,225433600
2000-07-13,0.8464552164077759,0.9082533250523508,0.8202375884673587,0.876418005456152,445659200
2000-07-14,0.8642454743385315,0.8839082967822417,0.8520729746964898,0.855818136097324,190276800
2000-07-17,0.8736094236373901,0.8810996481045777,0.8558183278040875,0.8726731080743627,260002400
2000-07-18,0.8576907515525818,0.8820358532548832,0.8520730589023245,0.876418160604626,318404800
2000-07-19,0.7893376350402832,0.8511365399470444,0.775292556668047,0.8267914940718868,457872800
2000-07-20,0.8258553147315979,0.8548817897162951,0.8108739195795964,0.8239827340991457,465572800
2000-07-21,0.8024466037750244,0.8333465122746606,0.7930837497772368,0.8143850752248241,196235200
2000-07-24,0.729412317276001,0.7921467050696298,0.7116212228843496,0.7874652776523549,412171200
2000-07-25,0.7500112652778625,0.7584386531263008,0.7350298702912941,0.7537572265999445,211607200
2000-07-26,0.7500112652778625,0.7678023562837052,0.737838716205876,0.7467342617087974,210470400
2000-07-27,0.7790377736091614,0.797765130727139,0.7472024516546037,0.7490750323473039,294985600
2000-07-28,0.7237938046455383,0.7865290451765881,0.7022584475249305,0.7832520408463655,237893600
2000-07-31,0.7612475156784058,0.7734200650164307,0.7303485097333027,0.7364343093438005,155299200
2000-08-01,0.7387753129005432,0.76639737512815,0.7378389972349518,0.7537575136920854,137284000
2000-08-02,0.7078759670257568,0.7481386749289212,0.7069397017351347,0.7340935954341182,162355200
2000-08-03,0.7191122174263,0.7200485327449332,0.6629318481297054,0.6825946198394777,339897600
2000-08-04,0.7097485661506653,0.7678023663443909,0.6938309056527162,0.7411165795906491,263121600
2000-08-07,0.7181759476661682,0.7350298733279825,0.7069397138567268,0.7172396823594922,187348000
2000-08-08,0.7003847360610962,0.7191120892244195,0.693830780029885,0.7181758240788607,176674400
2000-08-09,0.7116212248802185,0.725666357276289,0.7078761129395955,0.7209849298458842,379640800
2000-08-10,0.7125574946403503,0.7256663107053575,0.7097486483636037,0.7191123027221723,251714400
2000-08-11,0.7144306898117065,0.7191121157243149,0.6825945233020718,0.7017900347486205,238056000
2000-08-14,0.7050672769546509,0.7144309320532231,0.6938310408548706,0.713025708705159,156660000
2000-08-15,0.6994486451148987,0.7181760029423152,0.6966397989725226,0.7078760336467879,114200800
2000-08-16,0.7266024947166443,0.7340936173888147,0.7013219809475163,0.7022582962722987,143673600
2000-08-17,0.7706111669540405,0.7855925612554283,0.7237936034252493,0.7247298686852367,270900000
2000-08-18,0.7490748167037964,0.7762287041126282,0.7472022365501741,0.7696747485841697,190176000
2000-08-21,0.756566047668457,0.7724837063829911,0.7434572345906068,0.7528200367108351,134467200
2000-08-22,0.7743563055992126,0.7912102810274289,0.754693534290925,0.7584386454705113,276802400
2000-08-23,0.8136827945709229,0.8202376521201139,0.7649926960195585,0.7710793958923852,236863200
2000-08-24,0.840602695941925,0.8483278479902671,0.7996377474184684,0.8190664918184463,310766400
2000-08-25,0.8511365056037903,0.8614364726911092,0.8445816992408233,0.846455129707578,334460000
2000-08-28,0.8698632121086121,0.8839083431947167,0.8548818656323808,0.8576907118274137,359004800
2000-08-29,0.8867179155349731,0.8904629763853869,0.8642453501617355,0.8670541958056994,267030400
2000-08-30,0.8913994431495667,0.8988905662470188,0.8794609720253929,0.8839083200521145,285392800
2000-08-31,0.9129353165626526,0.9213618514159502,0.8829716367567306,0.8834397942506276,419596800
2000-09-01,0.950389564037323,0.9531984103119269,0.9157445930048616,0.9185534392794653,256872000
2000-09-05,0.9354071617126465,0.9606885742083385,0.9325983159044177,0.9386850652684485,298642400
2000-09-06,0.8754815459251404,0.9344707990223101,0.8651815794799228,0.9194893569604207,355404000
2000-09-07,0.9288533926010132,0.9372807313741323,0.8726729676728952,0.8857817834956199,217464800
2000-09-08,0.8820359706878662,0.9232349559247627,0.8764182772896775,0.9232349559247627,195518400
2000-09-11,0.8754815459251404,0.9045080149108283,0.8707992702100913,0.8792267064160184,187381600
2000-09-12,0.8651816844940186,0.8998267485257009,0.8539454015591688,0.8590958354622644,187997600
2000-09-13,0.8689269423484802,0.8913994107121626,0.8502004354465074,0.8502004354465074,305984000
2000-09-14,0.8518387675285339,0.8932717633667832,0.851136481154433,0.8773541056563314,426552000
2000-09-15,0.8274939656257629,0.8717367226621523,0.8127466466465286,0.8651819141721112,394514400
2000-09-18,0.9087215065956116,0.9101258795403412,0.8249190365480956,0.827727882449871,424536000
2000-09-19,0.897954523563385,0.9063810644868635,0.8773545788696271,0.8951448764900566,271510400
2000-09-20,0.9145745038986206,0.9204262269315868,0.8773546050456472,0.889995266913014,227388000
2000-09-21,0.8492642045021057,0.8932720301605167,0.827727999335872,0.8764181522713468,510490400
2000-09-22,0.7818474769592285,0.7855926383791627,0.7490750392544797,0.7537572661248926,726700800
2000-09-25,0.801510214805603,0.8314729531775067,0.7799748138273475,0.7902739316345913,435551200
2000-09-26,0.7706111669540405,0.82023757626895,0.7696749016940532,0.7987013750306853,290936800
2000-09-27,0.7331574559211731,0.7902740989958765,0.7228574858279935,0.775292751640309,402259200
2000-09-28,0.801510214805603,0.8061924411812332,0.7209847522318589,0.7387749921859409,979585600
2000-09-29,0.38577330112457275,0.43446344645045937,0.38015560940569704,0.42229089761744837,7421640800
2000-10-02,0.36330166459083557,0.4007555519330245,0.3520654308798654,0.3998192616314746,2424788800
2000-10-03,0.33427515625953674,0.374537885431967,0.33240175074426503,0.3736015952250939,2038120000
2000-10-04,0.3539379835128784,0.35581053909720173,0.3277203551045171,0.33521147755264896,1466024000
2000-10-05,0.33052921295166016,0.3670468110085525,0.32959292262405415,0.35206544067754336,873006400
2000-10-06,0.3324018120765686,0.3436380467245677,0.3146115697742379,0.33989291020912726,612656800
2000-10-09,0.3258478045463562,0.3427017301791533,0.31648410136638816,0.33895661895273876,597564800
2000-10-10,0.3127390444278717,0.33614780637969865,0.30712047650207874,0.32397528016844895,691101600
2000-10-11,0.2940116822719574,0.3146116243910205,0.28652143294384547,0.3015028067080613,1198422400
2000-10-12,0.29963022470474243,0.31180275079244263,0.29213910091672196,0.30431162700442216,1191064000
2000-10-13,0.33052921295166016,0.33146550327926616,0.29963018196203584,0.3033752932663004,1247752800
2000-10-16,0.32210269570350647,0.3483203267454144,0.3202292648232383,0.3342752208367095,820176000
2000-10-17,0.30150270462036133,0.32865662133423507,0.2949487230504889,0.32491148543672554,601720000
2000-10-18,0.30150270462036133,0.31554780808987154,0.28090276947636006,0.2912027370483607,834265600
2000-10-19,0.2837124466896057,0.2968212590762398,0.2743487699554313,0.2869894497616612,1506724800
2000-10-20,0.2921390235424042,0.3052478366193463,0.28371246162985975,0.285585042056237,791263200
2000-10-23,0.3052479028701782,0.30805759922109016,0.29120279653170555,0.30360940089224775,551292000
2000-10-24,0.28277623653411865,0.3127390027881706,0.2818399461881087,0.30993013175014084,804451200
2000-10-25,0.277157723903656,0.2874576948323838,0.27622145837646045,0.2855851387749076,663969600
2000-10-26,0.277157723903656,0.28277629218715067,0.262176350329695,0.28184000165687,721851200
2000-10-27,0.2780939042568207,0.28745758094550333,0.2677939374088031,0.2827761801549791,744503200
2000-10-30,0.2893301844596863,0.2986938618990521,0.28090277225164023,0.28652133875957236,639189600
2000-10-31,0.2930753827095032,0.3033753275702199,0.28839395554520425,0.2958850791116573,885880800
2000-11-01,0.30712032318115234,0.31273888830203944,0.2912026680367245,0.2912026680367245,575366400
2000-11-02,0.33427515625953674,0.33614771167020635,0.3155478019313302,0.3164840671351268,590693600
2000-11-03,0.33333820104599,0.3445744648631758,0.32865679741826126,0.3445744648631758,515821600
2000-11-06,0.32116642594337463,0.33895666954261944,0.3127390368168264,0.3361477981989607,393478400
2000-11-07,0.31929299235343933,0.32678409038474115,0.3118027194238041,0.32210268855602975,301963200
2000-11-08,0.30056652426719666,0.32116646694149936,0.2968213870006536,0.3202293262691626,422088800
2000-11-09,0.30243903398513794,0.3071204357105527,0.2855850826621396,0.29775760725664296,476834400
2000-11-10,0.28558510541915894,0.2977576309836372,0.28558510541915894,0.2900324536646947,422251200
2000-11-13,0.2902664244174957,0.2996301260446409,0.2734125015796571,0.28090274779342567,431816000
2000-11-14,0.3033752739429474,0.30712041001174695,0.29307533090293886,0.2986938726092566,409001600
2000-11-15,0.297757625579834,0.30243905259641124,0.28839394644498034,0.3000983390881226,282357600
2000-11-16,0.2846488952636719,0.29682142426056596,0.2827763388968819,0.2921391707370103,239372000
2000-11-17,0.277157723903656,0.28839398536266453,0.2734126117887036,0.2874576948323838,446180000
2000-11-20,0.2837124466896057,0.29213900815840876,0.2734125047946229,0.2785620631913705,408066400
2000-11-21,0.2818399667739868,0.29213908632311336,0.2809028262547988,0.2874576592542078,301952000
2000-11-22,0.277157723903656,0.2865214293051883,0.2752851678461798,0.28184000165687,280532000
2000-11-24,0.2893301844596863,0.2921390301598002,0.2818399125906644,0.28254212401569284,160932800
2000-11-27,0.2799665033817291,0.29869385801707027,0.2771576327150435,0.29775756779484175,258792800
2000-11-28,0.2701355218887329,0.2846487581030975,0.26873109903960196,0.2799665068357269,269124800
2000-11-29,0.2631125748157501,0.27434880845125204,0.2584311483425227,0.27107182992245593,492150400
2000-11-30,0.24719493091106415,0.2546851787549159,0.24157636366958662,0.25000377697789367,809597600
2000-12-01,0.25562238693237305,0.262176371158863,0.25187639941183165,0.25468524622274347,385705600
2000-12-04,0.25000378489494324,0.2574948830807591,0.24625864835287717,0.2574948830807591,371520800
2000-12-05,0.2546851634979248,0.2612399957002893,0.24532233550168273,0.25374889820045593,613978400
2000-12-06,0.21442247927188873,0.2247224238217786,0.20974105224886372,0.21910473139661407,1374464000
2000-12-07,0.21442247927188873,0.2228498680144177,0.20974105224886372,0.21629588518403178,408917600
2000-12-08,0.22565869987010956,0.22940468635436767,0.2162958714228246,0.22191356349057953,435624000
2000-12-11,0.227531298995018,0.23034099536125302,0.2228498718905664,0.227531298995018,332511200
2000-12-12,0.23034104704856873,0.23970387835535964,0.2247224781570362,0.22846761568037013,386260000
2000-12-13,0.22472238540649414,0.2331497977114766,0.22284982991923818,0.2331497977114766,344887200
2000-12-14,0.21629585325717926,0.22846752671610154,0.21629585325717926,0.22519054828615553,263317600
2000-12-15,0.21067732572555542,0.22004100412090724,0.20974103539556768,0.21816842346093177,513945600
2000-12-18,0.2134862095117569,0.21910475258504233,0.20880479453755865,0.2181684620892774,325808000
2000-12-19,0.20974101126194,0.22846751579318436,0.20974101126194,0.2153587025893131,374007200
2000-12-20,0.215358704328537,0.21910469034934643,0.20412330908151594,0.20646402215451717,565331200
2000-12-21,0.21067732572555542,0.22472240576468633,0.2078684672371321,0.21348617171243883,366844800
2000-12-22,0.22472238540649414,0.22472238540649414,0.21161357188183305,0.21161357188183305,318052000
2000-12-26,0.22004102170467377,0.22472242372254983,0.21348618877240005,0.22284986791601577,216815200
2000-12-27,0.22191360592842102,0.22191360592842102,0.21254992558573643,0.21489063939595618,325466400
2000-12-28,0.22191360592842102,0.22378618697783084,0.21442250663514625,0.21535877215676613,305177600
2000-12-29,0.22284986078739166,0.22472241653402553,0.217232168544409,0.22004101466590031,630336000
2001-01-02,0.22284986078739166,0.2284675530303743,0.21816843391618543,0.22284986078739166,452312000
2001-01-03,0.24532242119312286,0.25000384932801234,0.21629593655548565,0.2172322271830811,817073600
2001-01-04,0.25562238693237305,0.27715774592305165,0.25187639941183165,0.27177413120316635,739396000
2001-01-05,0.24532242119312286,0.2603038213272831,0.24064016795633708,0.2537489868353064,412356000
2001-01-08,0.24813120067119598,0.2544511294368788,0.23876752184304273,0.2537489179077008,373699200
2001-01-09,0.2574947774410248,0.2642828362013451,0.24813110232417396,0.251876237329762,588929600
2001-01-10,0.24813120067119598,0.25468518327788414,0.24064010258957136,0.2500037814177246,580781600
2001-01-11,0.2696673274040222,0.2771575725465528,0.24344970668862334,0.24344970668862334,803734400
2001-01-12,0.2574947774410248,0.2696673225643699,0.2556222224397663,0.2677938924556242,423376800
2001-01-16,0.2565585970878601,0.2734125477764815,0.2546851663610166,0.2612399986370685,306118400
2001-01-17,0.2518762946128845,0.2631125522894778,0.24719489354353222,0.2631125522894778,840873600
2001-01-18,0.2799665033817291,0.28090276860088076,0.26404881951153575,0.26685769017822136,1227010400
2001-01-19,0.2921390235424042,0.2930753137555928,0.27996650067865075,0.29120273332921554,776664000
2001-01-22,0.2883940041065216,0.29401169764715135,0.2762214763291772,0.2855851573362067,519327200
2001-01-23,0.30712032318115234,0.3136751533022252,0.2855849780233258,0.289330113033282,879530400
2001-01-24,0.30712032318115234,0.3099300182922689,0.2930752480432382,0.3089937532920832,717091200
2001-01-25,0.29869386553764343,0.3080575430910745,0.29588501980331305,0.3080575430910745,489708800
2001-01-26,0.2930753827095032,0.296821344542051,0.28558510924785796,0.29213909227602686,482820800
2001-01-29,0.3249113857746124,0.32584767571256495,0.29307522760184596,0.29307522760184596,855528800
2001-01-30,0.3258478045463562,0.3295929157727707,0.3127389901399737,0.3230389336219265,692423200
2001-01-31,0.32397526502609253,0.3370840810953187,0.32116641874844193,0.32210270917535294,730704800
2001-02-01,0.31648412346839905,0.32210269081125203,0.30712044463758764,0.3099301408598503,369695200
2001-02-02,0.3089938461780548,0.3286566422432294,0.307120415503956,0.3164840934465232,427341600
2001-02-05,0.30243903398513794,0.3080575761615964,0.2958850515670931,0.3071204357105527,286115200
2001-02-06,0.31648412346839905,0.32046333880359124,0.2996301966585898,0.3019708850877936,462711200
2001-02-07,0.31086644530296326,0.31273902613477506,0.2968213389719113,0.30946202218064545,393887200
2001-02-08,0.31086644530296326,0.3155478723794107,0.3024390564642646,0.3080575990583277,604128000
2001-02-09,0.28652143478393555,0.311802779770044,0.2799666008479064,0.3071205019272974,590083200
2001-02-12,0.2949488162994385,0.299630243902142,0.2818399989106832,0.28558513599222896,274120000
2001-02-13,0.28652143478393555,0.306184236382199,0.2846488536875674,0.2986939620028978,237070400
2001-02-14,0.2921390235424042,0.2940115789657048,0.2771576300390848,0.28745759747953764,309120000
2001-02-15,0.30056652426719666,0.30805764890521226,0.2949488308689251,0.2949488308689251,311416000
2001-02-16,0.2846488952636719,0.2921391707370103,0.28090290742196655,0.2846488952636719,263911200
2001-02-20,0.27434879541397095,0.29120274501704796,0.2724762399155127,0.28745760901705375,314893600
2001-02-21,0.28277623653411865,0.2986938975056144,0.2734125579785318,0.2734125579785318,390258400
2001-02-22,0.2818399667739868,0.2902665054943183,0.2696674412943568,0.2855851034284948,431961600
2001-02-23,0.2818399667739868,0.28277625718838434,0.2734125779488648,0.27903027042908585,293865600
2001-02-26,0.2921390235424042,0.29494871928350125,0.2780939202522734,0.285585042056237,206438400
2001-02-27,0.2902664244174957,0.29120271457037,0.2799664826436265,0.2888620016897219,348516000
2001-02-28,0.2734125554561615,0.291202771952473,0.27153997478141717,0.2902664816151009,508233600
2001-03-01,0.28090280294418335,0.28090280294418335,0.257494869443528,0.2668577228043662,330461600
2001-03-02,0.2883940041065216,0.3061842504275825,0.27341262955886236,0.27434889514690947,406201600
2001-03-05,0.3052479028701782,0.3071204586998973,0.2883939502855859,0.29026650611530497,324172800
2001-03-06,0.32210269570350647,0.33052923418402086,0.3099301455672221,0.31039830326263823,731802400
2001-03-07,0.31835660338401794,0.32397514394425864,0.3108663327742938,0.3192928934610017,419540800
2001-03-08,0.31180277466773987,0.31648417732588296,0.30618423137183604,0.30993019360201446,204859200
2001-03-09,0.3033752739429474,0.3099301059172346,0.29963016287722605,0.3089938406523433,299135200
2001-03-12,0.27903032302856445,0.29775768503786304,0.2715400483075709,0.2949488382682622,391020000
2001-03-13,0.2930753827095032,0.2930753827095032,0.2724762930867123,0.2827762629505116,443329600
2001-03-14,0.3061841130256653,0.30712037819355786,0.27622135237322465,0.27715761754111723,477775200
2001-03-15,0.2949488162994385,0.320229310450904,0.2949488162994385,0.3127390612908973,529317600
2001-03-16,0.2940116822719574,0.3043116533314889,0.2827762957782468,0.2846488518595034,470316000
2001-03-19,0.308057576417923,0.30899386676501706,0.2921390653232656,0.29588505181329117,356008800
2001-03-20,0.2949488162994385,0.3136753268089701,0.2949488162994385,0.31039834748954553,499206400
2001-03-21,0.30150270462036133,0.31273896241750865,0.29026644682321406,0.29635314588667033,371375200
2001-03-22,0.32397526502609253,0.3258478458799145,0.30243906001911275,0.30524790629676335,723301600
2001-03-23,0.34457430243492126,0.35300169009919036,0.3295929077757507,0.3305291980611764,944888000
2001-03-26,0.3262975513935089,0.3558106170644698,0.31655885004738027,0.34652244629486467,734451200
2001-03-27,0.34262707829475403,0.3453235104293907,0.3280945382404638,0.32869441213028805,543821600
2001-03-28,0.33214011788368225,0.3370841280756579,0.32210275406769695,0.33079190148620424,584662400
2001-03-29,0.3375329375267029,0.35131626179479025,0.32210271022125536,0.3261473338600265,613065600
2001-03-30,0.3306417167186737,0.340379568090653,0.3197049674370273,0.33783330395458044,400349600
2001-04-02,0.32345086336135864,0.3394809627351007,0.32060426275507975,0.3309411359131846,340911200
2001-04-03,0.3032260537147522,0.32060434880499705,0.301577475222429,0.32000532486446354,368687200
2001-04-04,0.2921390235424042,0.303375256192969,0.2809027658887627,0.2960343278707429,685484800
2001-04-05,0.3126643896102905,0.33708412853909075,0.2996302559136927,0.3086189153104602,446762400
2001-04-06,0.3084695339202881,0.31521061508743936,0.29813180929134986,0.3116156468322034,324889600
2001-04-09,0.307720422744751,0.3197050285941697,0.3005288091300585,0.3099671753594131,266582400
2001-04-10,0.3301919996738434,0.3400800442291017,0.31131532149338204,0.31311321823939237,457374400
2001-04-11,0.32659706473350525,0.3445743824550293,0.31880642866347436,0.3442748705065754,334096000
2001-04-12,0.3358851373195648,0.34487379355176695,0.316859095788275,0.3209037435623024,298933600
2001-04-16,0.32120317220687866,0.33558553851626877,0.31251403008669904,0.3309410181191718,285224800
2001-04-17,0.3056228458881378,0.3177576136344325,0.2936373965100926,0.31760744516160827,685199200
2001-04-18,0.341428279876709,0.36075466461826194,0.3158104938199608,0.3231514496428875,1100842400
2001-04-19,0.38532447814941406,0.38577330842337476,0.3535638167877058,0.3827773894725355,1873670400
2001-04-20,0.37513697147369385,0.3839763111777811,0.3685452338515219,0.37348924334358025,693403200
2001-04-23,0.36330166459083557,0.3745379233048847,0.35955567828302715,0.36464988061989456,541525600
2001-04-24,0.36000537872314453,0.37079193190921655,0.3522147444350592,0.36449970712554136,377137600
2001-04-25,0.3703431785106659,0.37244058734882673,0.35311422731096626,0.3627019105129446,330780800
2001-04-26,0.369893342256546,0.39101679017654656,0.36974317378770183,0.37708410163004724,799696800
2001-04-27,0.3925153613090515,0.39386357776453523,0.37079205427415657,0.3775339616534449,453012000
2001-04-30,0.3818788528442383,0.4062985850999591,0.372589833914607,0.40000633521822593,494776800
2001-05-01,0.3884705901145935,0.39700956668871057,0.3775338432553039,0.380679980701818,427252000
2001-05-02,0.3983578383922577,0.40000639164178514,0.38592355537405026,0.39461270165571866,368524800
2001-05-03,0.37393805384635925,0.39326443406451594,0.3704924294866204,0.38906961743498714,301543200
2001-05-04,0.38577330112457275,0.38727171062706744,0.35895667413364807,0.36315149065073554,281052800
2001-05-07,0.37393805384635925,0.38592350496284056,0.3721401574191871,0.38382609664807615,276550400
2001-05-08,0.36809560656547546,0.38127908371340813,0.35880743518894037,0.37978154888275406,315436800
2001-05-09,0.35925623774528503,0.3677960404997523,0.35461256529097185,0.3616531582285437,324889600
2001-05-10,0.34457430243492126,0.3670467944729352,0.34382511018687745,0.362701809474919,288976800
2001-05-11,0.34232762455940247,0.351915307156553,0.34097940826303896,0.3447245452086901,203044800
2001-05-14,0.3489193618297577,0.3547619074680183,0.3408292389681358,0.3429266476692314,309220800
2001-05-15,0.3472716212272644,0.38202823198123065,0.34517421260085795,0.35011739713303774,237025600
2001-05-16,0.361054003238678,0.3670467148209691,0.34232747650468376,0.34846953144321813,322330400
2001-05-17,0.3528146743774414,0.36449976506063,0.34832034526069744,0.3630022054228679,332119200
2001-05-18,0.35251522064208984,0.35416294906649487,0.34637231225407794,0.34996810618174795,159051200
2001-05-21,0.35296398401260376,0.35820753037182157,0.3453235421939071,0.3540126882838309,460997600
2001-05-22,0.35206538438796997,0.361503720446615,0.3505669750608712,0.3595556308020093,412916000
2001-05-23,0.34801995754241943,0.355810567490705,0.3424769245374859,0.355810567490705,281041600
2001-05-24,0.34757116436958313,0.34906872416453194,0.3388820171516186,0.34891938073594475,271756800
2001-05-25,0.3409794867038727,0.3489194428877724,0.3370841803395175,0.3475712262812576,158743200
2001-05-29,0.3216530978679657,0.3370841797440662,0.31176507596837416,0.33438692143383886,515989600
2001-05-30,0.2963339686393738,0.31101585667389875,0.28914320566764307,0.31101585667389875,777078400
2001-05-31,0.298880934715271,0.3032259444765366,0.2919896865761921,0.29663335809519786,442892800
2001-06-01,0.31296390295028687,0.3159598477284142,0.2993307452612211,0.30157747256627077,456075200
2001-06-04,0.30951815843582153,0.3162592378652389,0.3065213897102837,0.3158103826376253,281920800
2001-06-05,0.31371307373046875,0.3161099944076177,0.3048737583382839,0.3116156650002406,471794400
2001-06-06,0.31056681275367737,0.31356275589810095,0.30457410136344104,0.31356275589810095,223176800
2001-06-07,0.3244996964931488,0.32509869546173287,0.30637218298093644,0.31026666389869106,325180800
2001-06-08,0.31940531730651855,0.32434932511690745,0.31026649379051935,0.32434932511690745,342624800
2001-06-11,0.30022919178009033,0.3156602680708253,0.29888097566395155,0.3153607561674236,294000000
2001-06-12,0.30427470803260803,0.3099670847335555,0.29603439224646133,0.2961845607577778,303794400
2001-06-13,0.30667170882225037,0.3255484157028496,0.30052879997537874,0.32090389195474356,511487200
2001-06-14,0.29783231019973755,0.30637213851829387,0.29618458196582464,0.3002292308404571,297348800
2001-06-15,0.30622196197509766,0.31086645971458,0.28989234827738036,0.3011286088847043,454624800
2001-06-18,0.30457431077957153,0.31236409835165196,0.2996302998557387,0.305772358820527,345912000
2001-06-19,0.30247682332992554,0.3206043086249138,0.2997795407287852,0.3123640175169917,321087200
2001-06-20,0.3246488571166992,0.3273461388849096,0.29933061794931837,0.2996301297895582,431620000
2001-06-21,0.3369339406490326,0.34457438320754485,0.3161099967159553,0.3228510783253554,341331200
2001-06-22,0.33348822593688965,0.3445742905827894,0.3259971038126357,0.33678450669458315,286025600
2001-06-25,0.35940638184547424,0.35955570024273853,0.3363348642432587,0.33708405654996115,439549600
2001-06-26,0.35581061244010925,0.3561101243833932,0.344724545029744,0.3496685548483588,272781600
2001-06-27,0.34966856241226196,0.35955575716159566,0.3370841099114827,0.35700951804080105,374130400
2001-06-28,0.3526645004749298,0.3582075592003595,0.34367584174149235,0.34532356998554176,348409600
2001-06-29,0.3483203649520874,0.3760355335891021,0.34757114753690416,0.35446242256845945,515390400
2001-07-02,0.3580581843852997,0.3630021937857416,0.3466717558898782,0.35416287924853623,230048000
2001-07-03,0.3571587800979614,0.36225298274846074,0.35206545255528304,0.35221477095262077,112543200
2001-07-05,0.34742099046707153,0.35611013755067733,0.3447245577760428,0.35356389839081404,152292000
2001-07-06,0.33004260063171387,0.34397526563249264,0.32539807892785544,0.3409793218555278,302920800
2001-07-09,0.3400799036026001,0.3445742310582934,0.3247990002298848,0.330941055229,337467200
2001-07-10,0.3167089521884918,0.3456230129076898,0.31221462371930536,0.3438251164996933,395270400
2001-07-11,0.3376831114292145,0.33783327994503765,0.3146115917038924,0.31506127214962665,470506400
2001-07-12,0.36494946479797363,0.37169137138040365,0.3490687059811544,0.3490687059811544,614801600
2001-07-13,0.37229037284851074,0.3746872933530476,0.3571588073522435,0.36150381802723347,454742400
2001-07-16,0.3589567244052887,0.37603550474507397,0.3582075320506568,0.37274004850674836,278667200
2001-07-17,0.3760354518890381,0.37783334826709747,0.344724471514414,0.35925618582927876,647830400
2001-07-18,0.3114655613899231,0.34127899530103456,0.3059225264621814,0.3262976191201762,1137012800
2001-07-19,0.29903122782707214,0.3209038520825191,0.29588511457172423,0.3180572507893246,861140000
2001-07-20,0.2993306517601013,0.3005286742533074,0.2919896979867464,0.295135810316865,444584000
2001-07-23,0.2927389442920685,0.3071204675132598,0.2922892638471144,0.30097841020640104,241360000
2001-07-24,0.2859969735145569,0.2984312538391321,0.28060328469692264,0.2904913016451449,348376000
2001-07-25,0.2767079770565033,0.2891431084640186,0.2692177046167534,0.28644667639383764,443878400
2001-07-26,0.27850592136383057,0.2816520593570181,0.26741985418967945,0.2768582181630751,369140800
2001-07-27,0.28404897451400757,0.2883939602702614,0.27715769978889043,0.2809028365810735,334135200
2001-07-30,0.2836000919342041,0.29004166059004044,0.2773078666787401,0.28644669265953204,243359200
2001-07-31,0.2815026342868805,0.2909409705195119,0.27730781818348876,0.2886933939920455,235026400
2001-08-01,0.2855473458766937,0.2963339004013715,0.28389961778170547,0.2847981535330536,304136000
2001-08-02,0.29693374037742615,0.29768208253068984,0.28854408224789496,0.294386626717644,252089600
2001-08-03,0.2921390235424042,0.2981317359628075,0.2846487518430484,0.2979824175887545,186054400
2001-08-06,0.28659602999687195,0.29453598309841583,0.2846487901216102,0.2852478139137458,99652000
2001-08-07,0.2883940041065216,0.29468623092265034,0.28434935476838064,0.2895928771151546,168548800
2001-08-08,0.28315040469169617,0.29513583110836844,0.2777566902706217,0.28854409410969056,276169600
2001-08-09,0.28539803624153137,0.2868955960043252,0.2804540262698177,0.2840489948023205,200664800
2001-08-10,0.2849482297897339,0.28944255729482443,0.2785058127984562,0.2852477416098822,186961600
2001-08-13,0.2859969735145569,0.2895927660596464,0.28105296504044575,0.28614631689469944,147996800
2001-08-14,0.2806033194065094,0.2900416571786958,0.27970478370986535,0.28764473688599523,228950400
2001-08-15,0.276259183883667,0.28374945732935425,0.27266336556968945,0.2810530248970447,289279200
2001-08-16,0.27940526604652405,0.2809028005069546,0.26921771118341037,0.2737120397772068,288092000
2001-08-17,0.27071601152420044,0.2764083603889988,0.26951711433240594,0.2696673077720537,208426400
2001-08-20,0.2714644968509674,0.2731130751223596,0.2668208242813755,0.27176485888591445,252302400
2001-08-21,0.2684684693813324,0.27176477479939076,0.2651721889663492,0.27176477479939076,185701600
2001-08-22,0.272813618183136,0.2734126421641375,0.2638241079555146,0.26876811855353244,173975200
2001-08-23,0.2668206989765167,0.2747606492522164,0.26337507574557817,0.2726632416245713,217078400
2001-08-24,0.27820637822151184,0.27895557046327846,0.2644238562950087,0.2696674018888656,290332000
2001-08-27,0.2834498882293701,0.28914308897296415,0.2720643118437392,0.2786560481829526,175644000
2001-08-28,0.2756592929363251,0.2867462091143297,0.2756592929363251,0.28315041602507485,171735200
2001-08-29,0.2671203911304474,0.2821017914322141,0.2671203911304474,0.2762592448391677,239971200
2001-08-30,0.2671203911304474,0.2723639137400802,0.25888009839993553,0.265772174616814,368692800
2001-08-31,0.2779069244861603,0.2786561168846658,0.2644239116152588,0.26562195937145927,216904800
2001-09-04,0.2734125554561615,0.2858468371790912,0.2723638262679558,0.2771576667994901,348213600
2001-09-05,0.2779069244861603,0.28389963857244394,0.2714645049373376,0.2732624016733987,360057600
2001-09-06,0.26547250151634216,0.2836000043827507,0.26442379763084833,0.27565920345993533,282368800
2001-09-07,0.25887998938560486,0.2711649264838314,0.2576819419232753,0.26217627011012734,241830400
2001-09-10,0.2602291405200958,0.2621763810209188,0.25348723283694996,0.25468525580301227,308845600
2001-09-17,0.25453588366508484,0.2557339313815001,0.2356591812128642,0.23970382990836528,458007200
2001-09-18,0.2438986450433731,0.26547260487737023,0.24225091689646006,0.2531876652782772,327101600
2001-09-19,0.2549854815006256,0.2561835288289032,0.23371104030450043,0.24719487346095828,373318400
2001-09-20,0.23490992188453674,0.2539367874290839,0.23221349018941406,0.2440487460752279,411174400
2001-09-21,0.23565928637981415,0.24344992542323304,0.21992868981573785,0.22172661229753,570516800
2001-09-24,0.2464456558227539,0.25228819928981777,0.23895455963048262,0.24135230448506353,294537600
2001-09-25,0.23281259834766388,0.24300013023849545,0.22996599714709945,0.24180125732706934,374404800
2001-09-26,0.22697001695632935,0.23805608296725955,0.22367371078968298,0.23685721024368991,493796800
2001-09-27,0.23236288130283356,0.23595867436946982,0.22771920911856805,0.2284675513278413,322240800
2001-09-28,0.23236288130283356,0.23835559471333823,0.2305649847695154,0.2353596505589196,365108800
2001-10-01,0.23281259834766388,0.2395545051331166,0.2281681003308589,0.2320634059157472,208208000
2001-10-02,0.2254715859889984,0.23715749851089157,0.22292447266035015,0.2311647863279847,235883200
2001-10-03,0.22442293167114258,0.2301161332705879,0.22217532968880202,0.22397322625187324,683043200
2001-10-04,0.2379058599472046,0.24344974178702972,0.22457304514960924,0.22996590841571996,401122400
2001-10-05,0.24180126190185547,0.24195143043179884,0.22457313604901177,0.23071519394405815,342686400
2001-10-08,0.24270060658454895,0.24494735867017703,0.23221356324693126,0.23326226758069304,207984000
2001-10-09,0.23970374464988708,0.2427005130784926,0.23416071317869436,0.24045293675703847,174025600
2001-10-10,0.2519887387752533,0.25243841912012793,0.23895458458321403,0.24120216120603688,307759200
2001-10-11,0.26577210426330566,0.26577210426330566,0.25243846099956474,0.253487165243885,334163200
2001-10-12,0.2698167562484741,0.270865460506456,0.2525877826923485,0.25932971366865576,287812000
2001-10-15,0.2695172131061554,0.27535975755180064,0.26891818934291034,0.26891818934291034,318752000
2001-10-16,0.2698167562484741,0.27266335710609596,0.2662209630491941,0.2710156290154668,202949600
2001-10-17,0.25453588366508484,0.27580950665186904,0.2540862032205626,0.27476077734605636,285538400
2001-10-18,0.2696673274040222,0.2731129506831624,0.2590300956685093,0.2590300956685093,612572800
2001-10-19,0.274161696434021,0.27565923062824355,0.26786944749783625,0.26876798301621496,166790400
2001-10-22,0.2849482297897339,0.2856974218908211,0.2710155419904496,0.27281346301584614,391938400
2001-10-23,0.2717649042606354,0.29094109690618464,0.2677194047710319,0.2864467670004015,684980800
2001-10-24,0.28389960527420044,0.2859970137033092,0.2659214401209033,0.2705659373858337,374427200
2001-10-25,0.2874954044818878,0.288393940212894,0.272064352837005,0.2762591697850632,254951200
2001-10-26,0.279704749584198,0.2883938939982281,0.2789555573775757,0.28255134992874303,278964000
2001-10-29,0.2641235291957855,0.27970477316656883,0.26367467391520777,0.278206388626993,239181600
2001-10-30,0.26367470622062683,0.2696674450146211,0.25558458385798183,0.2603784248500234,276763200
2001-10-31,0.2630748748779297,0.27565932715060587,0.26127780321192595,0.2656219640574308,273750400
2001-11-01,0.27850592136383057,0.28135254742011595,0.25843119567559775,0.2644239097189037,312995200
2001-11-02,0.27820637822151184,0.28255136318312307,0.2720643220015661,0.2774571609766668,197204000
2001-11-05,0.28569743037223816,0.28839386193505406,0.27880533289541787,0.28225180668609395,235793600
2001-11-06,0.29318782687187195,0.29393701931581595,0.27760742938399224,0.28404899921865184,316019200
2001-11-07,0.29348719120025635,0.3015773103828554,0.2895927126136304,0.2915399519069434,382989600
2001-11-08,0.2803037464618683,0.2979823955636635,0.2782063385248317,0.29408706652016775,342143200
2001-11-09,0.2803037464618683,0.28839386637636255,0.2779068266911793,0.27865601882604524,134293600
2001-11-12,0.28090280294418335,0.2871950530534989,0.2690675450207841,0.27955461186759,201499200
2001-11-13,0.2901918590068817,0.29049137094016136,0.28030383969993033,0.2858468732199653,224672000
2001-11-14,0.2937876284122467,0.2981317887425741,0.2868955541028023,0.29348729140175495,221149600
2001-11-15,0.2913897633552551,0.29813166639265154,0.2880943086090354,0.2913897633552551,213029600
2001-11-16,0.2841990888118744,0.28899292899945445,0.27565926244193667,0.28869341712542834,230664000
2001-11-19,0.29963022470474243,0.3003794170934111,0.2840489782615497,0.2846488272335344,332589600
2001-11-20,0.2925888001918793,0.3026261636218723,0.29213911970940115,0.29693381128804625,276584000
2001-11-21,0.2948363721370697,0.2966334438306738,0.28854414590409216,0.2937876677649068,201583200
2001-11-23,0.29723334312438965,0.29888107167322836,0.29318786837478716,0.29528527747401,60004000
2001-11-26,0.3201545178890228,0.32285094945647785,0.29783219801877336,0.29873073350743873,460689600
2001-11-27,0.31461161375045776,0.3224022248810172,0.3071204895677132,0.3176075583612459,268553600
2001-11-28,0.3075702488422394,0.3177577824635929,0.30577235172059614,0.3123640910986631,250611200
2001-11-29,0.30592241883277893,0.31011723569168,0.3024767942846336,0.3086188510701685,202764800
2001-11-30,0.31910598278045654,0.321203391798584,0.303375390141413,0.3066716972166562,303912000
2001-12-03,0.3153606653213501,0.3188062888703808,0.30861876158113694,0.31551000867919843,181165600
2001-12-04,0.33558568358421326,0.33798260398785895,0.31041675669032026,0.31536076600482793,380419200
2001-12-05,0.35596075654029846,0.36000540486568694,0.332140046683288,0.33498664740189066,568579200
2001-12-06,0.34127888083457947,0.3520654600659422,0.3316903742418418,0.3517659481570562,338934400
2001-12-07,0.3376831114292145,0.34023020048606134,0.32959296391159204,0.336484238607835,203515200
2001-12-10,0.3376831114292145,0.34442501770828665,0.33303861376125493,0.3339379746527234,170010400
2001-12-11,0.3262975513935089,0.3423276288308269,0.3243494610811026,0.3396303711026721,205475200
2001-12-12,0.3219524621963501,0.3283948803550412,0.3183566695001205,0.32764568811819483,192460800
2001-12-13,0.31461161375045776,0.3228510802564699,0.3071204895677132,0.3219525444037714,197842400
2001-12-14,0.3054727613925934,0.3120644990805064,0.3009784072887395,0.3105669394480665,189884800
2001-12-17,0.30891838669776917,0.3146115886153957,0.3024768175135793,0.30562293039936334,173712000
2001-12-18,0.3147616684436798,0.3195555081279725,0.3029255624989211,0.31296377228669636,235239200
2001-12-19,0.32389965653419495,0.3247990171329922,0.30667153790769336,0.30831926553686595,289956800
2001-12-20,0.30966752767562866,0.3216529533757991,0.30891833543166924,0.3206042492545739,220864000
2001-12-21,0.31461161375045776,0.3227017368319167,0.31161566913966965,0.31476178227680407,256334400
2001-12-24,0.3200051486492157,0.32135336432392586,0.3131130767209084,0.3131130767209084,50629600
2001-12-26,0.3219524621963501,0.3340872561722253,0.3167089416400079,0.3198550539738132,146400800
2001-12-27,0.3306417167186737,0.3333381243781571,0.3233007610549807,0.3233007610549807,191508800
2001-12-28,0.3360353410243988,0.34457431780959313,0.32899392370051744,0.3291432420927532,299124000
2001-12-31,0.3280945122241974,0.3394809388513136,0.32704580813259215,0.33723336218291644,137782400
2002-01-02,0.34906861186027527,0.34906861186027527,0.3289938911501716,0.3303421070827778,529496800
2002-01-03,0.3532634675502777,0.35581055631910397,0.3411286977015161,0.3445743221584705,612007200
2002-01-04,0.3549119830131531,0.35880728717770255,0.344424917990712,0.3496684380003947,409976000
2002-01-07,0.34307679533958435,0.3595557269022429,0.3408292182528288,0.35536090975500895,444584000
2002-01-08,0.3387317657470703,0.3453235025375562,0.3364841889518164,0.3408291740486619,450038400
2002-01-09,0.32434940338134766,0.3435256155084487,0.31880637059019523,0.34157837564731147,327835200
2002-01-10,0.31805717945098877,0.3215028038956571,0.303375295882672,0.3179078360543209,452737600
2002-01-11,0.3153606653213501,0.3271959201554729,0.30861876158113694,0.3204540164152597,348801600
2002-01-14,0.3168591558933258,0.32060429251690126,0.3131131941680487,0.3147617473678513,415996000
2002-01-15,0.3250986635684967,0.32599719943785477,0.3177577327790763,0.3194054610904703,290320800
2002-01-16,0.3113153874874115,0.320753728578424,0.3071205442216502,0.320753728578424,566893600
2002-01-17,0.3367844820022583,0.3406789611100433,0.3276456577230578,0.3289938735836766,660576000
2002-01-18,0.33214011788368225,0.33858168790516985,0.3289940045889554,0.3295930035176743,338811200
2002-01-22,0.3268965184688568,0.33513598344032286,0.3268965184688568,0.333638423964736,327314400
2002-01-23,0.34487384557724,0.34517418258495935,0.3234508808257338,0.32659701849484246,443279200
2002-01-24,0.34772050380706787,0.35221483334395953,0.34307683084330315,0.3432261742701762,344002400
2002-01-25,0.3483203649520874,0.35086660402800973,0.3394810246287193,0.34292664964295494,185914400
2002-01-28,0.34861984848976135,0.3528146908782241,0.34037955713890006,0.35056708866078695,186446400
2002-01-29,0.3456230163574219,0.35266443356668603,0.3423275604945439,0.34787059316525354,240324000
2002-01-30,0.36090484261512756,0.3616532099780872,0.3436758662272999,0.3456231065542953,471576000
2002-01-31,0.3703431785106659,0.37049252194092047,0.3612043507012759,0.36195354315802253,468445600
2002-02-01,0.3656984567642212,0.37393791854745617,0.3646497529862829,0.3646497529862829,398305600
2002-02-04,0.3797813355922699,0.3823275734274577,0.36255236881158887,0.3643502647041903,522373600
2002-02-05,0.38127899169921875,0.3892197948630355,0.37573595889749084,0.375886127395543,456887200
2002-02-06,0.3695939779281616,0.38921987449995366,0.3618033666714673,0.3835266720353073,597576000
2002-02-07,0.3640509247779846,0.37888212896651285,0.36075464323511003,0.3692944464813558,347832800
2002-02-08,0.36000537872314453,0.36914420401871045,0.3501173361738341,0.3655484112561539,355331200
2002-02-11,0.37423771619796753,0.3745380783110198,0.35566137088559274,0.3585071225095967,398602400
2002-02-12,0.3701929748058319,0.3751369844691603,0.36629766946194453,0.3694437824202675,224280000
2002-02-13,0.3746872842311859,0.3781329089414307,0.36929441950269937,0.37049246717493967,312872000
2002-02-14,0.36854514479637146,0.37798350606677733,0.365248864230939,0.3752862242005224,260170400
2002-02-15,0.3580581843852997,0.37423760366655234,0.35730899203957184,0.3674965227584064,260187200
2002-02-19,0.3388819992542267,0.3576085340705973,0.33678459055025356,0.35596080583226747,390258400
2002-02-20,0.34652242064476013,0.3475711249331429,0.33483650495918554,0.34112873068948224,285443200
2002-02-21,0.32210269570350647,0.34457434009272575,0.32135347837050365,0.3433762924461994,446751200
2002-02-22,0.34067901968955994,0.3438251322724776,0.32210268119183966,0.3244996014785891,406476000
2002-02-25,0.35670992732048035,0.37034308118577997,0.3349866271878481,0.3423275561922402,426848800
2002-02-26,0.3546125292778015,0.3650995710156042,0.3483203042351199,0.3582074970867398,260131200
2002-02-27,0.32899391651153564,0.3633016666059301,0.3137130096255522,0.3586571696232698,1030159200
2002-02-28,0.3250986635684967,0.3384323337954813,0.31985514157605355,0.33184059544809685,456937600
2002-03-01,0.35131627321243286,0.3520654906035535,0.32689656185080934,0.3285442650403589,348992000
2002-03-04,0.36390072107315063,0.36824570653660166,0.3409793713122514,0.348469644391858,348258400
2002-03-05,0.35251522064208984,0.365998210218055,0.350567130135738,0.3618033923363949,274702400
2002-03-06,0.360604465007782,0.364649938842497,0.34352565907368393,0.35176597516126606,226206400
2002-03-07,0.3652489185333252,0.3674964954032067,0.35371314748846344,0.36045507799954707,258249600
2002-03-08,0.3694438338279724,0.3758862291588819,0.364050968064291,0.37064270683204664,269774400
2002-03-11,0.3754364550113678,0.37663535271952553,0.3610541080587167,0.36854520598672535,262785600
2002-03-12,0.3703431785106659,0.37064269047299964,0.3610541821691967,0.36719706525342466,254055200
2002-03-13,0.3668965995311737,0.37229028826727273,0.3618032477539151,0.3650995283873426,200765600
2002-03-14,0.36599811911582947,0.36854520793907725,0.35760848544081053,0.3640508791991256,217296800
2002-03-15,0.3737886846065521,0.37393802798921205,0.36330164375789026,0.3664477560124888,240900800
2002-03-18,0.37064266204833984,0.37528633476112566,0.3643504360164094,0.3737887750643051,304556000
2002-03-19,0.37229037284851074,0.37903230402803756,0.36405090704530757,0.36989345234397386,242345600
2002-03-20,0.37333908677101135,0.37663539324146017,0.36704686087110383,0.36944378143748613,294319200
2002-03-21,0.3636011779308319,0.3640508583095219,0.34846961446023944,0.35745827142436454,616352800
2002-03-22,0.36090484261512756,0.36794543656014944,0.35760856079040443,0.36285208294212296,202193600
2002-03-25,0.34981784224510193,0.36090475798473204,0.34817011427004124,0.36060442098777556,262830400
2002-03-26,0.35146641731262207,0.35416284944900056,0.34457431836977187,0.3475710875005328,257840800
2002-03-27,0.3516157567501068,0.35536089328608,0.3484696440354855,0.3498178601843686,127702400
2002-03-28,0.3546125292778015,0.3577586417991423,0.3514664167564607,0.35506135956231927,108455200
2002-04-01,0.36644768714904785,0.3700426539776159,0.348769039408105,0.3502674235624956,199046400
2002-04-02,0.360604465007782,0.3640509149787395,0.3576085205872537,0.3595557356922529,203795200
2002-04-03,0.35581061244010925,0.3668967048535585,0.3535638853176779,0.36030496679599616,214530400
2002-04-04,0.3730396330356598,0.3752863854351449,0.3546126329116417,0.3546126329116417,338497600
2002-04-05,0.37064266204833984,0.3773837434384358,0.36105415447988143,0.3737887750643051,278348000
2002-04-08,0.3679453730583191,0.36974326964316606,0.3562602829093504,0.3619534845777507,261514400
2002-04-09,0.361054003238678,0.37453783557726017,0.3597057875254102,0.3683949305342369,191531200
2002-04-10,0.3694438338279724,0.3737888202281478,0.35970598166411555,0.36270192652150957,224980000
2002-04-11,0.37244054675102234,0.37753389975914536,0.37079199348515,0.3749868107042165,407254400
2002-04-12,0.3754364550113678,0.3770841830169007,0.3680955255846145,0.3746872627084014,320241600
2002-04-15,0.3745378851890564,0.376784611638562,0.3715410914471704,0.37543639574670773,299370400
2002-04-16,0.385623961687088,0.3893690976295809,0.3763349434166425,0.3767846237622381,614577600
2002-04-17,0.3911670744419098,0.3920656102165355,0.38023032612141316,0.38847064201631115,396250400
2002-04-18,0.3806800842285156,0.3823277875910621,0.37274010426174403,0.38202827562475034,401710400
2002-04-19,0.37423771619796753,0.3818790103641511,0.37348934872891165,0.3818790103641511,375407200
2002-04-22,0.36749646067619324,0.37348917332794784,0.36300213246276797,0.37214013227251364,269427200
2002-04-23,0.36330166459083557,0.37124161737396566,0.36090474441677417,0.36764582456206907,233469600
2002-04-24,0.3561100959777832,0.3670468440980919,0.3547618797896619,0.36405089980245625,140448000
2002-04-25,0.36135372519493103,0.364650007267613,0.35281474567798854,0.3529640641179935,194202400
2002-04-26,0.34472453594207764,0.3650996235690584,0.3445743674235084,0.3637505822071862,304981600
2002-04-29,0.3589567244052887,0.3604551091145524,0.3459225676553787,0.3469712719315209,272288800
2002-04-30,0.3636011779308319,0.3652489058505453,0.35581054350465113,0.3579079768061336,280963200
2002-05-01,0.35925623774528503,0.36390073530131367,0.34996804273186094,0.36390073530131367,214704000
2002-05-02,0.3549119830131531,0.3646498308737786,0.35356376716801985,0.3567098791738295,239344000
2002-05-03,0.35221487283706665,0.3598561665216561,0.3510168248805241,0.3531142589094598,230781600
2002-05-06,0.3393308222293854,0.3520654667632737,0.33648422138830186,0.3498178647482757,249664800
2002-05-07,0.33663442730903625,0.3438251893632821,0.33169041741471145,0.34367584594023926,242748800
2002-05-08,0.36509960889816284,0.3673463608741673,0.34517420252580744,0.34757112301434684,436682400
2002-05-09,0.3624023497104645,0.3647992701879315,0.3565598044777815,0.3633017105780855,224616000
2002-05-10,0.349369078874588,0.36390077174151514,0.344274875370458,0.36390077174151514,235396000
2002-05-13,0.35865718126296997,0.36090475813121586,0.3436757857765048,0.3523649311507698,265608000
2002-05-14,0.3836759328842163,0.3847246371228702,0.36285201661738176,0.366297641244147,526506400
2002-05-15,0.3787327706813812,0.38921981298415465,0.37214018328654874,0.3800809868200698,335826400
2002-05-16,0.3776840567588806,0.381278999666156,0.3707919576325037,0.37543645484787974,227052000
2002-05-17,0.3746872842311859,0.38622305613894503,0.3686945705648766,0.38187889567452005,236493600
2002-05-20,0.37064266204833984,0.37348926312494096,0.3674965490323746,0.36809557291110284,269914400
2002-05-21,0.35146641731262207,0.3745379341753762,0.35056703152966084,0.3719908204314762,280991200
2002-05-22,0.3643503785133362,0.36509957079438693,0.34936900819721417,0.35011735037355407,290875200
2002-05-23,0.37723439931869507,0.37813293513511786,0.36060447334991536,0.366297675492539,369398400
2002-05-24,0.361803263425827,0.3743877125869657,0.35895666300582124,0.3743877125869657,166174400
2002-05-28,0.35925623774528503,0.36255251909833786,0.3510167470121438,0.35491207721366475,149716000
2002-05-29,0.35925623774528503,0.3661483123740836,0.35131625893483676,0.3583577019772063,221793600
2002-05-30,0.3625524938106537,0.36524892602853176,0.35221477013627744,0.3561100750630224,196375200
2002-05-31,0.34906861186027527,0.3633016385998626,0.3487690999976461,0.3609047185972793,365495200
2002-06-03,0.34322598576545715,0.3513161045293733,0.33828197845965546,0.3504175941592773,235110400
2002-06-04,0.34127888083457947,0.3451741858534518,0.33228937305653256,0.3427764403790093,347821600
2002-06-05,0.3403794765472412,0.342028029488146,0.33483644418638125,0.342028029488146,277082400
2002-06-06,0.3319898247718811,0.34801989719619325,0.3301919035462096,0.3439752495214981,259996800
2002-06-07,0.32060423493385315,0.32869438066809725,0.3135628182770681,0.3259970986869287,612376800
2002-06-10,0.32180237770080566,0.3271960681529375,0.31970496893083183,0.32180237770080566,277575200
2002-06-11,0.3065214157104492,0.32509857803938774,0.3057722234655158,0.3242000674095009,349496000
2002-06-12,0.3009784519672394,0.31086649752087725,0.298730874532351,0.3057723187092029,528718400
2002-06-13,0.2927389442920685,0.300379411350701,0.2903411986534694,0.2999297059026641,352083200
2002-06-14,0.301128625869751,0.3050230813368849,0.2713151727215459,0.28824381124316345,424900000
2002-06-17,0.307720422744751,0.3090686393339386,0.29738269538797013,0.303226092413475,324609600
2002-06-18,0.301876962184906,0.30846955039511065,0.29933072310073444,0.30592246120607675,353360000
2002-06-19,0.25648319721221924,0.2636747859773226,0.25288822793163696,0.2602291601531978,1709467200
2002-06-20,0.2563337981700897,0.2636747287997787,0.2524384926173459,0.25723233401989654,396636800
2002-06-21,0.2524385154247284,0.2620261990960603,0.2515391293887886,0.25423641238856937,445177600
2002-06-24,0.25873079895973206,0.2656220512467629,0.2501909677819787,0.251239672482268,431933600
2002-06-25,0.2567826211452484,0.2648727431799225,0.2525877791687572,0.2606779262065127,301201600
2002-06-26,0.2479441612958908,0.25903022886890115,0.23940433282595197,0.25168929829454323,558952800
2002-06-27,0.25558462738990784,0.2587307407833629,0.24599609366787523,0.2515391279656016,251658400
2002-06-28,0.26547250151634216,0.2669700605660442,0.2546851007469857,0.25618350990116545,269858400
2002-07-01,0.25558462738990784,0.26786956898842657,0.255434458851327,0.2653224795455743,222689600
2002-07-02,0.253786563873291,0.2570828436419418,0.25213883653962504,0.25513477942822854,305188800
2002-07-03,0.26292550563812256,0.2648727456359674,0.2509400534279671,0.25183943927751096,199029600
2002-07-05,0.28075355291366577,0.28090287134377506,0.2653224732828439,0.2653224732828439,161649600
2002-07-08,0.2698167562484741,0.2788054141449762,0.2648727468748886,0.2774571979706707,211204000
2002-07-09,0.26262593269348145,0.2740115083232052,0.2615772286841055,0.27101556476848915,226749600
2002-07-10,0.2594798803329468,0.27221367474551345,0.2584311760824205,0.265322425413967,206880800
2002-07-11,0.274161696434021,0.274910888583413,0.25423629564276584,0.25858045496715887,373676800
2002-07-12,0.26232650876045227,0.2815027242040548,0.2585805466848121,0.2779069306521518,443492000
2002-07-15,0.27311304211616516,0.2786560749079925,0.25183942162757117,0.2611275907459993,295993600
2002-07-16,0.2675699293613434,0.2782063373716022,0.26382396870254143,0.27191408858350025,446768000
2002-07-17,0.23416076600551605,0.2427005678318992,0.22756902911749916,0.24165186366558683,1215485600
2002-07-18,0.22457315027713776,0.23311212947958612,0.2209773563488094,0.2322135935484366,559462400
2002-07-19,0.22412344813346863,0.22726956124170028,0.2176810283889542,0.22022811760088998,385207200
2002-07-22,0.2235243320465088,0.2275689793310047,0.21887981100825976,0.22097724388509735,430897600
2002-07-23,0.21678243577480316,0.2266704779862749,0.21633275541944813,0.22322400372756776,399890400
2002-07-24,0.22771918773651123,0.22801869961366322,0.21348616030678935,0.2146850329169872,406593600
2002-07-25,0.21513468027114868,0.2239731671464332,0.20989116047163103,0.22367365531524125,479354400
2002-07-26,0.21483443677425385,0.21768103806081587,0.20674513850948453,0.21663233364481,207704000
2002-07-29,0.22502191364765167,0.226220811303614,0.21528406433634759,0.21693179227014478,274960000
2002-07-30,0.23116493225097656,0.23236298038292744,0.21813077064979414,0.2224757828862557,354838400
2002-07-31,0.22861774265766144,0.23101466297870807,0.2232240281059812,0.23071515107628468,310699200
2002-08-01,0.2217264473438263,0.23101461478803664,0.22067774335327894,0.22637009351211237,228956000
2002-08-02,0.21648292243480682,0.2247223866514623,0.21348615355488568,0.2208270821685031,179060000
2002-08-05,0.2095908373594284,0.22022804612621058,0.2092913255084866,0.21738144588998667,204024800
2002-08-06,0.2208271026611328,0.22816805695906434,0.21093990970393314,0.21288714957533356,272053600
2002-08-07,0.22517211735248566,0.2301161264796081,0.21498456219376752,0.22607062805358344,333474400
2002-08-08,0.2292167842388153,0.23041565704314385,0.22127680534994223,0.22127680534994223,227348800
2002-08-09,0.22472238540649414,0.22846752138408355,0.22097727443198226,0.22846752138408355,205716000
2002-08-12,0.22457315027713776,0.2250219806886931,0.22007797031270793,0.22322408372452893,179765600
2002-08-13,0.21858033537864685,0.22786852888866968,0.21798048652863808,0.22322400708132822,269869600
2002-08-14,0.2272694855928421,0.22996591733042557,0.21783112440671307,0.21977836397240982,399084000
2002-08-15,0.23386116325855255,0.23595857077631868,0.22487250963992775,0.2284674510235247,322078400
2002-08-16,0.23685720562934875,0.24120219092826523,0.2289172524330948,0.2314643412325166,245224000
2002-08-19,0.2394043356180191,0.24344983471639908,0.2355090300492063,0.23640839100451366,216557600
2002-08-20,0.23835565149784088,0.24105208438936732,0.23266244863629487,0.23925501252959236,186625600
2002-08-21,0.24150170385837555,0.24329960036554174,0.2314643422201578,0.23985397585249632,202428800
2002-08-22,0.23925495147705078,0.24344979328624347,0.2346104542698112,0.2427005759818354,258311200
2002-08-23,0.23565928637981415,0.23865523210957687,0.23146446729688552,0.2382063765664783,163245600
2002-08-26,0.23266245424747467,0.23895468121403024,0.22711941979149244,0.23895468121403024,189968800
2002-08-27,0.22247567772865295,0.2358084949556882,0.2203782693871019,0.23535963966937673,262231200
2002-08-28,0.22022806107997894,0.22652031068463852,0.2194788688509944,0.221726470541026,247973600
2002-08-29,0.22022806107997894,0.22592128694208038,0.2173814606504672,0.2194788688509944,164169600
2002-08-30,0.22097726166248322,0.22681980546615213,0.2184301482930851,0.22067774981377092,193519200
2002-09-03,0.21049022674560547,0.21798049934612349,0.21049022674560547,0.21708196367064825,276936800
2002-09-04,0.21693184971809387,0.22142702953368457,0.21228817657477952,0.21273703197455973,420660800
2002-09-05,0.2124374806880951,0.21513473809673928,0.21049024071122135,0.21303732961317443,226178400
2002-09-06,0.21543416380882263,0.21947881065091532,0.21318658771786783,0.21738140300656617,181591200
2002-09-09,0.21528416872024536,0.2176810900865768,0.2119887112547969,0.21393595202056012,158244800
2002-09-10,0.21468506753444672,0.2170819880397502,0.2115389546646628,0.21588311523623696,249468800
2002-09-11,0.21408602595329285,0.21872969806573314,0.21198861754714088,0.21483439315407168,202412000
2002-09-12,0.2118385285139084,0.21738156350931379,0.21153901650090864,0.21273706455290756,269830400
2002-09-13,0.21228811144828796,0.2148343749386836,0.2104902150952186,0.21168826259620838,282951200
2002-09-16,0.21723215281963348,0.21887985573940594,0.21153892668101268,0.211838438566839,286641600
2002-09-17,0.2217264473438263,0.22517207115541218,0.21828082353224038,0.21828082353224038,427996800
2002-09-18,0.22502191364765167,0.226070617805817,0.21753164114739593,0.2200779047446408,328641600
2002-09-19,0.21843019127845764,0.22172649746907985,0.216931806638514,0.22097730514910804,205945600
2002-09-20,0.2227751910686493,0.22382389524624394,0.2175316451775962,0.21902920464442097,352788800
2002-09-23,0.22247567772865295,0.22412340568226327,0.2164829395923375,0.2211266115617511,263709600
2002-09-24,0.21932953596115112,0.2220259677258746,0.21573371853743067,0.21573371853743067,250661600
2002-09-25,0.22367367148399353,0.2272694889242301,0.21947885534114775,0.22007787904683343,254682400
2002-09-26,0.22022806107997894,0.2275690147849021,0.21798048439302534,0.22622079881335946,208644800
2002-09-27,0.2205275595188141,0.2224756492189075,0.21693176707933934,0.21708193555661892,206152800
2002-09-30,0.21723215281963348,0.21828085697083252,0.211838438566839,0.21573374328580883,237697600
2002-10-01,0.2173815220594406,0.2187297384118463,0.20974107932793723,0.218580394984805,342423200
2002-10-02,0.21228811144828796,0.21917935988373327,0.21123940733412955,0.21468503155185223,229348000
2002-10-03,0.21423542499542236,0.21872975487566573,0.2106396310504801,0.2124375280229512,217896000
2002-10-04,0.21019068360328674,0.2157337155320059,0.20959083480718987,0.21513469183741674,190825600
2002-10-07,0.20629538595676422,0.21288712211174113,0.20614520497604122,0.20929132962665045,244697600
2002-10-08,0.20494715869426727,0.20914197466059672,0.20015248144443287,0.20824261403838998,453644800
2002-10-09,0.2035990059375763,0.20749347366714943,0.20090173583529022,0.20284981355413303,356686400
2002-10-10,0.2113887518644333,0.21303730483958885,0.2034487992718797,0.2041979915148433,321574400
2002-10-11,0.2173815220594406,0.22142702122154953,0.211239464209191,0.21348621642926485,294677600
2002-10-14,0.22127677500247955,0.22442291244600196,0.21633276615298141,0.217980494068944,194404000
2002-10-15,0.2271193116903305,0.22846750252382808,0.2214269365027433,0.22801867231570666,405518400
2002-10-16,0.2181306779384613,0.22667050521113596,0.20824265954244078,0.22262500672710647,307624800
2002-10-17,0.2113887518644333,0.21543422495611886,0.20944151211399928,0.21288713635036047,469296800
2002-10-18,0.21483443677425385,0.21498460530589278,0.2086923788098574,0.2097410832258633,288299200
2002-10-21,0.2181306779384613,0.2191793821592008,0.20974104417254535,0.2136363491498161,238520800
2002-10-22,0.22022806107997894,0.22292449302306425,0.21363632460711832,0.2167824369079091,218148000
2002-10-23,0.22292447090148926,0.2244228802138439,0.21723212071198938,0.21917933522978325,209036800
2002-10-24,0.22007791697978973,0.22786855190567748,0.21798050854685438,0.2250219261576609,174748000
2002-10-25,0.2310146689414978,0.23146434935756952,0.21858036160777342,0.2200779211585443,279070400
2002-10-28,0.23386116325855255,0.23895451361542522,0.2284674510235247,0.23296262793721215,349300000
2002-10-29,0.23131421208381653,0.23790595030227096,0.22412344996417324,0.23326227741536879,259179200
2002-10-30,0.2394043356180191,0.2452468814203414,0.23191406153335853,0.23206340495804717,270676000
2002-10-31,0.24075257778167725,0.24629561222758994,0.2385058253559225,0.23955452984844333,295836800
2002-11-01,0.24509751796722412,0.24719495155890653,0.238056099833821,0.2388052922014247,189828800
2002-11-04,0.25303736329078674,0.26037828947518793,0.24494722013125408,0.24719482105050972,376818400
2002-11-05,0.25318774580955505,0.2540862818750156,0.24494742724746166,0.2509401429898305,210694400
2002-11-06,0.25798141956329346,0.25947980379397767,0.25019078668239964,0.25588401168091496,216389600
2002-11-07,0.23970374464988708,0.25618352070597267,0.23685714468328767,0.253786601023952,336179200
2002-11-08,0.2373068481683731,0.2427005368063179,0.2325130083356579,0.23985393656141818,190064000
2002-11-11,0.2271193116903305,0.2380560319557992,0.22652028800774052,0.23580845549385,152975200
2002-11-12,0.23431092500686646,0.24030363787176667,0.22891723589797858,0.22951625965399092,223792800
2002-11-13,0.23356178402900696,0.24075254598433918,0.22891728614644066,0.232213567731243,231739200
2002-11-14,0.24419806897640228,0.24584664663408098,0.23640828638775022,0.2382061824009557,141713600
2002-11-15,0.2389545440673828,0.24329952809417504,0.23610876930315827,0.24314935963749518,160994400
2002-11-18,0.23446029424667358,0.24270058475758324,0.23251305427413463,0.24255041625122642,164578400
2002-11-19,0.228767991065979,0.23595875454077775,0.22487268477056596,0.2329628093684319,210952000
2002-11-20,0.23266245424747467,0.2352095437630473,0.22846761126668355,0.2292168287803443,208740000
2002-11-21,0.24494734406471252,0.24629556025605084,0.23595868605465153,0.23820626310802093,418482400
2002-11-22,0.23985403776168823,0.24419819909876897,0.23820630933051062,0.24105208567459255,227858400
2002-11-25,0.23925495147705078,0.24180121517958078,0.2353596465711389,0.24015348717765195,199427200
2002-11-26,0.2308652102947235,0.2382061362849646,0.22876780286894036,0.23745694433271788,240262400
2002-11-27,0.2355090230703354,0.2376064317681746,0.23146437419668958,0.2337111263147919,286798400
2002-11-29,0.23221349716186523,0.23790587256676615,0.23086528127382233,0.23655765667872322,143432800
2002-12-02,0.22741888463497162,0.24120223526677284,0.22487264547222488,0.23820629061799292,398742400
2002-12-03,0.2271193116903305,0.22981656846496779,0.22622077616644554,0.22771916047441168,227869600
2002-12-04,0.2242727428674698,0.2275690491556201,0.21723217507818868,0.22741885564343134,325757600
2002-12-05,0.2191794514656067,0.22592138433434608,0.2176810663617,0.22517219178239276,243398400
2002-12-06,0.22397322952747345,0.22756904770928585,0.21753166060908172,0.21947890060490655,245358400
2002-12-09,0.22097726166248322,0.22397318024804175,0.21977836416304627,0.2238238618775175,236084800
2002-12-10,0.22891728579998016,0.23146437497066458,0.2206778195031047,0.2209773314464019,308610400
2002-12-11,0.23206330835819244,0.23206330835819244,0.2259212531614222,0.22921670835431585,253500800
2002-12-12,0.22756902873516083,0.23296271805354493,0.22487259662678094,0.2323628691726416,149340800
2002-12-13,0.22157630324363708,0.22697001787204027,0.2194788947951792,0.22681984936786273,164780000
2002-12-16,0.22247567772865295,0.22622081402381433,0.21887985982530594,0.22187580384110922,251624800
2002-12-17,0.22592128813266754,0.22756901598417267,0.21962906349792646,0.22247566394243953,222661600
2002-12-18,0.21828089654445648,0.2226250323258575,0.21723219220313073,0.22172652150856062,150701600
2002-12-19,0.21273697912693024,0.2235243828780402,0.21123941966328677,0.21768098811103584,347519200
2002-12-20,0.2118385285139084,0.2181307560927952,0.20644482447247584,0.21408610626435262,318096800
2002-12-23,0.21708190441131592,0.21798043984150764,0.2115388731716208,0.2121378967917486,125826400
2002-12-24,0.21513468027114868,0.21678240789343614,0.21423531967610948,0.21633272759591654,39340000
2002-12-26,0.21573370695114136,0.22187576233014786,0.21393581083737792,0.2160332187865228,85422400
2002-12-27,0.2106396108865738,0.21543427738814058,0.20989124356306302,0.21438557301307753,80035200
2002-12-30,0.210789754986763,0.21198862774868096,0.2073441303110786,0.21093992349513813,155041600
2002-12-31,0.21468506753444672,0.21513474797347956,0.20899186564577402,0.20974105801025442,200726400
2003-01-02,0.2217264473438263,0.22352434348497707,0.21498451808680732,0.215134686557523,181428800
2003-01-03,0.2232239842414856,0.22367366455758628,0.2185803130139356,0.2217264500267213,147453600
2003-01-06,0.2232239842414856,0.23041559389618274,0.2229244723979176,0.22517207387999935,390532800
2003-01-07,0.22247567772865295,0.2247224044620184,0.21678245148375488,0.2215762919496918,342344800
2003-01-08,0.2179804891347885,0.22037825936340558,0.21633276125612352,0.21843016950227595,229644800
2003-01-09,0.21992860734462738,0.2235244259567203,0.21723219969185167,0.21902924639147936,215252800
2003-01-10,0.2205275595188141,0.22202596888859227,0.21708193555661892,0.21843015144604108,175100800
2003-01-13,0.2191794514656067,0.2232241011238394,0.21513480180737402,0.2232241011238394,178942400
2003-01-14,0.21887990832328796,0.22202604653579502,0.21708201147478806,0.2200779561544132,186860800
2003-01-15,0.21618343889713287,0.22022808729318535,0.2136363500357265,0.21858035925423863,371128800
2003-01-16,0.21902921795845032,0.22112662644113382,0.21288716101702776,0.21288716101702776,559070400
2003-01-17,0.21123938262462616,0.21813063025397508,0.21093987078441379,0.21813063025397508,266761600
2003-01-21,0.21004058420658112,0.21588312990407874,0.20974107226078367,0.21288718534432532,253456000
2003-01-22,0.2079431265592575,0.2119885996301496,0.20674507905794498,0.2094415110374831,215140800
2003-01-23,0.21228811144828796,0.21513471191551573,0.20899183061739668,0.2104902150952186,228256000
2003-01-24,0.20674510300159454,0.21333684032697323,0.20314930987804963,0.21333684032697323,305468800
2003-01-27,0.21168829500675201,0.21723217840625098,0.2044975335951175,0.20494721402762933,391406400
2003-01-28,0.21843019127845764,0.22007791932139123,0.21213796591270315,0.21333683864499284,286255200
2003-01-29,0.22367367148399353,0.22622078488851866,0.2142353351625905,0.21798047097541054,373044000
2003-01-30,0.21453484892845154,0.2257711065717054,0.2140859936959463,0.224422890671129,407058400
2003-01-31,0.21513468027114868,0.21798045521820397,0.21049018413401496,0.21258759205382202,341224800
2003-02-03,0.21962906420230865,0.22337420027740532,0.21498454240109888,0.21588307802255302,264784800
2003-02-04,0.21872970461845398,0.21947889694333184,0.21438554427651343,0.21648295274549972,317413600
2003-02-05,0.21648292243480682,0.22367368256380266,0.21633275395018522,0.2203782519208437,221614400
2003-02-06,0.21618343889713287,0.21858035925423863,0.21303732622186805,0.2151347346720446,179149600
2003-02-07,0.2119886875152588,0.21872977025878523,0.2107898144153391,0.2179805777090763,269701600
2003-02-10,0.21498459577560425,0.21828090241222076,0.2106396097725554,0.21363637945790925,167888000
2003-02-11,0.21498459577560425,0.21917941325367116,0.21273701851158885,0.21723219804270405,164780000
2003-02-12,0.21558356285095215,0.21872967513028663,0.21378566653396555,0.21378566653396555,228687200
2003-02-13,0.2178311049938202,0.21932951420713293,0.21333677746454083,0.21588304050022214,208493600
2003-02-14,0.2197783887386322,0.22052758099494332,0.21498454842016562,0.21887985309202115,243297600
2003-02-18,0.228767991065979,0.22921684652556484,0.22052767291052996,0.2209773784751529,290897600
2003-02-19,0.22247567772865295,0.22697000630317246,0.2199285639960815,0.22577113363587362,240368800
2003-02-20,0.22127677500247955,0.2241234005614279,0.22037826435183644,0.2224756726454653,224352800
2003-02-21,0.22472238540649414,0.2256217711091911,0.21947886499724523,0.22202597851383205,157444000
2003-02-24,0.2208271026611328,0.22517211290268513,0.206745092964018,0.2226249991356165,180252800
2003-02-25,0.22502191364765167,0.22592129941579808,0.21843017681084365,0.21992856135154254,188641600
2003-02-26,0.21723215281963348,0.2250219121528801,0.2169317908291141,0.22457308187802674,217095200
2003-02-27,0.22262495756149292,0.2247223655397698,0.21738143761580073,0.21828082323898693,154341600
2003-02-28,0.22487255930900574,0.22607058166567148,0.22127674202373213,0.2226249578541846,195098400
2003-03-03,0.21947883069515228,0.227119294943079,0.2179804464976735,0.22487254374829121,203761600
2003-03-04,0.2181306779384613,0.22187581441205417,0.2163327814026695,0.22082711019131468,126414400
2003-03-05,0.21902921795845032,0.22172650036904246,0.21753165840059407,0.21887987455350708,126683200
2003-03-06,0.2181306779384613,0.2187297017498357,0.2157337575912951,0.2184301898441485,99859200
2003-03-07,0.21768105030059814,0.22037833331209192,0.21438559343746658,0.21678251436570822,200984000
2003-03-10,0.21528416872024536,0.2197784994198692,0.21423546405359914,0.21738157805353778,134573600
2003-03-11,0.21318669617176056,0.21708200165025082,0.211538967927629,0.21513476146189306,161190400
2003-03-12,0.21303731203079224,0.21558357562091213,0.21063956673173573,0.2122881197625392,222560800
2003-03-13,0.2205275595188141,0.22172645703555663,0.2122880957050016,0.21678242370358328,335445600
2003-03-14,0.22142697870731354,0.2248726031911879,0.21932957031698583,0.21992856911067107,153098400
2003-03-17,0.22487255930900574,0.22577109482881158,0.22037823150700164,0.2230746631679066,399912800
2003-03-18,0.22472238540649414,0.22607060135436396,0.22202597851383205,0.22472238540649414,229980800
2003-03-19,0.22397322952747345,0.22697002388006177,0.22157630910888398,0.22577115111992047,141316000
2003-03-20,0.22337423264980316,0.22457310542040212,0.2187297101754883,0.223673719563946,163178400
2003-03-21,0.22472238540649414,0.22696998705706092,0.22202597851383205,0.22607060135436396,297948000
2003-03-24,0.21528416872024536,0.22172659029074335,0.21498465668720634,0.2197784994198692,161100800
2003-03-25,0.2179804891347885,0.22217530562709337,0.2152840571330473,0.21588308088863606,167697600
2003-03-26,0.21588309109210968,0.21813066793418437,0.21423536313556665,0.21798049943739378,178343200
2003-03-27,0.21708190441131592,0.22022801606909467,0.214534816373665,0.214534816373665,122393600
2003-03-28,0.21828089654445648,0.2190292388408082,0.21528410193657718,0.2157337823976492,145303200
2003-03-31,0.2118385285139084,0.21768107552231353,0.21034014334694556,0.21468513029035208,256659200
2003-04-01,0.21213799715042114,0.21438557444129655,0.21078978081661406,0.21273702105393638,154341600
2003-04-02,0.21872970461845398,0.22007792076256238,0.21378569535560352,0.21513473660139132,171371200
2003-04-03,0.21663232147693634,0.22022811501607895,0.21498459323056926,0.21813070630187506,145712000
2003-04-04,0.21588309109210968,0.2197783958907274,0.2155835792001592,0.2175316441502834,146020000
2003-04-07,0.21708190441131592,0.22397315134700121,0.21588303206965515,0.22247561729975454,196862400
2003-04-08,0.21648292243480682,0.21947886621316412,0.21513470647946786,0.21738145803784487,128934400
2003-04-09,0.21258766949176788,0.21902923896248253,0.2118384770901528,0.21753167926101627,146725600
2003-04-10,0.21528416872024536,0.21558368075328435,0.2127370787863847,0.2127370787863847,107100000
2003-04-11,0.19775556027889252,0.21633273266259287,0.19371091281087735,0.2104901890638545,1392708800
2003-04-14,0.20344878733158112,0.20599587578785225,0.2022499022913442,0.20539601446619418,502958400
2003-04-15,0.20060224831104279,0.20374836164326934,0.19925403189749485,0.20359903071099836,303968000
2003-04-16,0.19835546612739563,0.20479702234838199,0.19356077533123126,0.19460949205287306,1016176000
2003-04-17,0.19655753672122955,0.19850477645604672,0.19056482392717145,0.19775558421909165,616257600
2003-04-21,0.1968570500612259,0.19760624230375845,0.19446012994607495,0.1967068815720839,152320000
2003-04-22,0.20240014791488647,0.20404787631976656,0.19610792116695683,0.197456137598391,300568800
2003-04-23,0.20344878733158112,0.20419797953057503,0.20015249417477757,0.2026995826310487,209680800
2003-04-24,0.20135141909122467,0.20389852071161443,0.19475968116751982,0.20255030444332883,325108000
2003-04-25,0.20000311732292175,0.2034487532819301,0.19820522136654453,0.20165084482401646,205318400
2003-04-28,0.20764370262622833,0.20914208773905746,0.20120129422106608,0.20195048677748065,636798400
2003-04-29,0.2106396108865738,0.2121379957371753,0.20344884878690855,0.20944156308752457,458236800
2003-04-30,0.21303731203079224,0.2149845518469565,0.20749344176450357,0.20869232691557146,458175200
2003-05-01,0.21513468027114868,0.21558353546720496,0.20974099200530338,0.2134861275473979,342759200
2003-05-02,0.21648292243480682,0.2185803306101261,0.21483436951022464,0.21663226581786457,321182400
2003-05-05,0.2410520315170288,0.25288814016295197,0.22097730756928793,0.22127679447714085,1555708000
2003-05-06,0.2621762156486511,0.26816892702011613,0.24120211339614459,0.24150162519950982,1514492000
2003-05-07,0.2644239068031311,0.27326239670042346,0.2563337841889646,0.2596292405603038,1054379200
2003-05-08,0.2696673274040222,0.2707160312325153,0.2590300956685093,0.2651721501919575,687736000
2003-05-09,0.274161696434021,0.27565923062824355,0.26786944749783625,0.274610526639392,588386400
2003-05-12,0.2780570089817047,0.280753440720093,0.27161459137968874,0.2719141032282306,419372800
2003-05-13,0.279704749584198,0.2841990777223826,0.2689181720291679,0.27610893202995346,446796000
2003-05-14,0.2779069244861603,0.2822519103567881,0.2761090027470155,0.28210174183638276,355488000
2003-05-15,0.2806033194065094,0.28240121590144723,0.276707989514672,0.27865607951295573,284995200
2003-05-16,0.2816520631313324,0.2847981761635964,0.2738622773622257,0.27850592509598465,341628000
2003-05-19,0.27116498351097107,0.2794052995075489,0.270565959653829,0.2776074028343912,445888800
2003-05-20,0.2665213346481323,0.27206439357665413,0.2636747334211664,0.2711650076062089,416220000
2003-05-21,0.26741981506347656,0.2710156079837105,0.264723382924118,0.266521279384235,305009600
2003-05-22,0.2732623815536499,0.27565930199133093,0.2657721083236092,0.2680188602519415,178460800
2003-05-23,0.2744613289833069,0.2765587378834637,0.2690676131933106,0.2728136005908548,206718400
2003-05-27,0.28285086154937744,0.2831503734114606,0.2683183229736544,0.26906751517963645,290130400
2003-05-28,0.27386224269866943,0.27955461905909923,0.2719141526735603,0.27715767373031214,339679200
2003-05-29,0.27116498351097107,0.2771576973875861,0.26816903912352935,0.2740115844849931,333765600
2003-05-30,0.26891815662384033,0.2723637804956765,0.26262593257053035,0.2714644198586311,382748800
2003-06-02,0.2614271342754364,0.2740115859532403,0.25873070180211727,0.27116498496396524,418588800
2003-06-03,0.2593297064304352,0.26472339607881046,0.2549855461124459,0.261277771484713,360858400
2003-06-04,0.26367470622062683,0.26652130715393896,0.2567826315551323,0.2591803771528729,271202400
2003-06-05,0.26427382230758667,0.2657722075537197,0.2596293231057789,0.261427220380737,205497600
2003-06-06,0.25693273544311523,0.2702663758813485,0.25678256696788265,0.26577204794403064,241388000
2003-06-09,0.25153911113739014,0.2552850983357847,0.24914219039347504,0.2537867134576609,259952000
2003-06-10,0.25738242268562317,0.25903015044991035,0.25094000490159774,0.2530374380052344,176646400
2003-06-11,0.2614271342754364,0.2623264951677001,0.2518394521028635,0.25693280511932587,225114400
2003-06-12,0.26622095704078674,0.2678695101959072,0.2614271162844054,0.26292550093390427,252588000
2003-06-13,0.2609774172306061,0.2689181952244884,0.2566332571996636,0.26592142613951536,191245600
2003-06-16,0.2737118899822235,0.2737118899822235,0.26142695849484726,0.2636745341125256,238526400
2003-06-17,0.27251309156417847,0.2771575873676888,0.2695171483660001,0.2758093966765112,177464000
2003-06-18,0.28644657135009766,0.2918394335128258,0.2743109562782692,0.27640836380851014,454983200
2003-06-19,0.28674617409706116,0.2937875909112614,0.2812031417373474,0.2900416297750452,381528000
2003-06-20,0.2876446843147278,0.29333788465790717,0.2831503564496121,0.28989226079803515,356546400
2003-06-23,0.2855473458766937,0.29498568422349924,0.28090282340406314,0.28914313908548633,307361600
2003-06-24,0.2813524603843689,0.2946861006131863,0.2804539248516225,0.29169015706919893,514382400
2003-06-25,0.2859969735145569,0.29064147012683517,0.2803037728350898,0.2825513494511577,329812000
2003-06-26,0.2889930009841919,0.28944268145803176,0.2801545106433243,0.2801545106433243,161705600
2003-06-27,0.2806033194065094,0.2892924648806675,0.2768581830180179,0.2891431214820518,365792000
2003-06-30,0.2855473458766937,0.2877949229076141,0.2785059029654348,0.279854119143307,222152000
2003-07-01,0.2859969735145569,0.2873451894435785,0.27730782911521373,0.2827006928313002,180992000
2003-07-02,0.28869345784187317,0.2906415229501639,0.2849483212359724,0.28509766464325775,325298400
2003-07-03,0.28659602999687195,0.2928882551192219,0.2843492782255424,0.2846487901216102,137771200
2003-07-07,0.2976821959018707,0.3023266946090274,0.28659612650599986,0.28869353558640354,286272000
2003-07-08,0.3056228458881378,0.307120380105809,0.29198966881652144,0.292438524031996,256737600
2003-07-09,0.29798245429992676,0.3063720877017805,0.29798245429992676,0.3027762947862338,213645600
2003-07-10,0.29333800077438354,0.2987308663066634,0.29019188751327846,0.2978323304185586,170934400
2003-07-11,0.297382652759552,0.299630255157072,0.2925888111069594,0.2945360514340022,136858400
2003-07-14,0.2981317639350891,0.305622886441909,0.29768208355844644,0.29977949184730085,188406400
2003-07-15,0.2937876284122467,0.3032259915005349,0.29109037102956103,0.29992968529713887,206645600
2003-07-16,0.2976821959018707,0.29963028653785967,0.2903412641204579,0.2991805809884219,250930400
2003-07-17,0.31311315298080444,0.3138623452273103,0.3015773826050405,0.30247676834456333,751212000
2003-07-18,0.31251415610313416,0.31730799677117133,0.30562290700512273,0.3131131799112228,298838400
2003-07-21,0.30876901745796204,0.3116156181786695,0.30412452022408887,0.3099670650656337,183808800
2003-07-22,0.31161555647850037,0.3140124763209095,0.3071203785317259,0.3126642604783978,198424800
2003-07-23,0.3114655613899231,0.3140126511222748,0.30652155048086854,0.3138624825666259,143035200
2003-07-24,0.3072705864906311,0.32210263666346184,0.305323346871104,0.3152105385494063,229236000
2003-07-25,0.322701632976532,0.32315133831213333,0.30562285645739506,0.30577219983388493,216686400
2003-07-28,0.31446143984794617,0.3221027324263983,0.3125141996494937,0.3221027324263983,170357600
2003-07-29,0.31041672825813293,0.31581041749857425,0.30742078430340714,0.31446137636225463,197120000
2003-07-30,0.3038250207901001,0.31311319053734266,0.3021772927111054,0.3111659505441391,173594400
2003-07-31,0.3158104717731476,0.3198551205723747,0.3081692044272393,0.31071629354254204,301464800
2003-08-01,0.31056681275367737,0.3186561067740377,0.30921777198222805,0.31461145976385757,149604000
2003-08-04,0.31775757670402527,0.3221025856960292,0.30382491441061654,0.30757004967946544,230115200
2003-08-05,0.3053233325481415,0.32060421223538876,0.3011285165476034,0.31985502007793626,249440800
2003-08-06,0.2940870523452759,0.30217719687290284,0.2921389878682264,0.3005286192119957,245464800
2003-08-07,0.29858148097991943,0.30097840144702703,0.2909410391467295,0.29558471156975247,174378400
2003-08-08,0.29423657059669495,0.30157750238590075,0.29363754660220653,0.30127799038865655,137659200
2003-08-11,0.29453596472740173,0.298581437826095,0.29228921309620826,0.2969337349527528,137228000
2003-08-12,0.29513582587242126,0.29663338532170774,0.29154003299088393,0.29603436154199314,164438400
2003-08-13,0.30232667922973633,0.30472360018513545,0.2933380193715203,0.2975328373189382,284099200
2003-08-14,0.2991805374622345,0.30457425293105217,0.2987308569813068,0.3027763561091412,192780000
2003-08-15,0.2952851951122284,0.30067890990971446,0.29453600277119746,0.2999296925656018,125865600
2003-08-18,0.30472350120544434,0.3057722303547399,0.29543533238250297,0.29753274067493585,192774400
2003-08-19,0.304423987865448,0.3063720525971703,0.29963014792842696,0.30517318006214594,133688800
2003-08-20,0.3147616684436798,0.31865614749873344,0.3017275401316709,0.3023265388137582,273212800
2003-08-21,0.3247990608215332,0.32524876618449616,0.31386233940818614,0.3150612120006866,255326400
2003-08-22,0.31281372904777527,0.3295929997617757,0.30921793529425373,0.32674639846538994,250264000
2003-08-25,0.31251415610313416,0.31326334841407694,0.30697112312415414,0.31131528338529285,137782400
2003-08-26,0.3153606653213501,0.3156601771384713,0.304873626214985,0.31086633786168283,164959200
2003-08-27,0.32180237770080566,0.32180237770080566,0.309518262135357,0.3132633991955109,225702400
2003-08-28,0.3324395716190338,0.332889252040038,0.3195555837279144,0.3195555837279144,319625600
2003-08-29,0.3387317657470703,0.3423275585788312,0.330342132540704,0.33258970933595794,263155200
2003-09-02,0.34232762455940247,0.3430768169688872,0.3355857179758124,0.3394810234440695,242132800
2003-09-03,0.343825101852417,0.3493689843363149,0.34097932652106594,0.3415783502643425,268828000
2003-09-04,0.34202808141708374,0.3483203319637504,0.3411287205670303,0.3469712656855885,199780000
2003-09-05,0.3370840549468994,0.3468219046844028,0.3357358388419104,0.34052967946001705,240133600
2003-09-08,0.34067901968955994,0.3414282119857281,0.3366343714122292,0.33678453991212187,167244000
2003-09-09,0.3351359963417053,0.33963032514475844,0.3313908598561063,0.3375329166965556,180370400
2003-09-10,0.33228933811187744,0.3387317563343714,0.3312406339902231,0.33333804223353175,224890400
2003-09-11,0.3379826247692108,0.3414282496301662,0.3310913750473,0.33333810207879117,213684800
2003-09-12,0.3460727035999298,0.34667172738657953,0.33423744575460856,0.3372333897894915,179989600
2003-09-15,0.33273905515670776,0.3430767533480729,0.33139083911036005,0.34172771220010567,226844800
2003-09-16,0.3349866271018982,0.3399306359344295,0.33258970693192097,0.3327390503228903,269007200
2003-09-17,0.3313908576965332,0.33528616266090705,0.3273462093306445,0.3351359941577264,289396800
2003-09-18,0.3427763283252716,0.34442488093774787,0.3288436409526921,0.33109124219019215,252907200
2003-09-19,0.33828213810920715,0.3453235563768929,0.33603538606527605,0.3427764672988116,205956800
2003-09-22,0.3307918608188629,0.3370840866347543,0.3283949402844852,0.3322893954611831,179821600
2003-09-23,0.3360353410243988,0.3364841963119769,0.32779502602675575,0.32989243437422544,132451200
2003-09-24,0.31940531730651855,0.334237365740759,0.3158103503455933,0.3327389815312019,301285600
2003-09-25,0.3060717284679413,0.320154588266041,0.30337529630775123,0.31970490787212924,574380800
2003-09-26,0.3099670708179474,0.32509861040804694,0.3018769239063148,0.3041245258679776,347250400
2003-09-29,0.31910598278045654,0.3246490173138083,0.3093681302108499,0.32195258431961454,365702400
2003-09-30,0.31041672825813293,0.31790782579736604,0.3062219116605494,0.3159597608904237,285426400
2003-10-01,0.3114655613899231,0.316110060289634,0.3024769007017989,0.3102666882505946,236112800
2003-10-02,0.30816909670829773,0.3116155455310207,0.3038249374907645,0.3116155455310207,204058400
2003-10-03,0.3249485194683075,0.3274956089423528,0.3128137462597606,0.3144614746950274,299600000
2003-10-06,0.3339379131793976,0.3345369369289477,0.3233006785630952,0.32464889455037477,268329600
2003-10-07,0.3478706181049347,0.3507172438947017,0.328244749608671,0.3303421580723683,418174400
2003-10-08,0.34547364711761475,0.3526644071817802,0.34052963859157004,0.34832027249032743,428668800
2003-10-09,0.35131627321243286,0.3546125797025308,0.3414282538531378,0.34906869604832075,347748800
2003-10-10,0.35476183891296387,0.35670992882019475,0.3501173419432602,0.3520654318504911,174837600
2003-10-13,0.36479923129081726,0.36569859206254296,0.3553608687943705,0.3555110622932795,279865600
2003-10-14,0.36779600381851196,0.3706426044527689,0.36240231444281984,0.36435037939861137,275419200
2003-10-15,0.3718406558036804,0.374687256466872,0.3682456879516439,0.37229033619830054,610103200
2003-10-16,0.3483203649520874,0.3571588301675118,0.3357358876699992,0.35655983128162677,975682400
2003-10-17,0.3408292531967163,0.3519153210505255,0.3360354117088753,0.3502675927456686,359811200
2003-10-20,0.3478706181049347,0.34966851465977195,0.33528616732275135,0.3385816234218885,279132000
2003-10-21,0.3472716212272644,0.3505670775820509,0.34082922683112693,0.3492188613367527,176461600
2003-10-22,0.3409794867038727,0.3475712262812576,0.3397806135525471,0.34367591991690233,161599200
2003-10-23,0.34442490339279175,0.34682182313827176,0.33843219147836107,0.3405295993933387,165211200
2003-10-24,0.3385816216468811,0.3423275832421861,0.33303858860783725,0.3379825978323015,219856000
2003-10-27,0.3385816216468811,0.3429266070567657,0.33693389360595066,0.3408291986040641,162013600
2003-10-28,0.35536089539527893,0.3561100877272568,0.3355856832581502,0.337982603659467,251714400
2003-10-29,0.3549119830131531,0.3580580950189627,0.3496684380003947,0.3522147012183146,267080800
2003-10-30,0.3459226191043854,0.3595557767218908,0.34262716237592705,0.35940645829286577,260556800
2003-10-31,0.34292662143707275,0.3498178708987353,0.34127889332704636,0.34906867854825757,218153600
2003-11-03,0.3468218147754669,0.34906856600078984,0.3412787832911778,0.34202797540009927,302842400
2003-11-04,0.34322598576545715,0.34607258543251584,0.3384321469058597,0.34562290519525585,249233600
2003-11-05,0.3450240194797516,0.3465224041351159,0.3366343855724034,0.34187790676449603,322470400
2003-11-06,0.3463722765445709,0.3468219570146358,0.3393308579546011,0.34322616345767676,397073600
2003-11-07,0.3370840549468994,0.34817012078939186,0.3363348626437599,0.3474209284862523,210145600
2003-11-10,0.3280945122241974,0.33933077036612697,0.3271959766177787,0.3363348265764977,234276000
2003-11-11,0.322701632976532,0.32989239278929,0.3218022723114825,0.3280944965607186,215073600
2003-11-12,0.33453696966171265,0.3403795145454489,0.32180232557438027,0.32180232557438027,300003200
2003-11-13,0.3358851373195648,0.33798254544718165,0.3283948654932447,0.3306416170005227,212772000
2003-11-14,0.3215028643608093,0.3387318399291295,0.3188064316972784,0.3367845996947558,237048000
2003-11-17,0.316558837890625,0.32015463132222094,0.31386240536780363,0.3198551193865465,228256000
2003-11-18,0.30577221512794495,0.31970488021934534,0.30487367951948025,0.31775764051688743,267192800
2003-11-19,0.30592241883277893,0.3093680433809243,0.30352549849935884,0.3080198272622295,344584800
2003-11-20,0.3053233325481415,0.3158103725494867,0.3011285165476034,0.3011285165476034,239590400
2003-11-21,0.3038250207901001,0.30831934970661695,0.29738260177560605,0.30472353152964504,241836000
2003-11-24,0.3168591558933258,0.31865622739941685,0.3063721132659532,0.3071204555062252,381824800
2003-11-25,0.30981776118278503,0.31835673933239667,0.30876905684148087,0.318057227392276,268654400
2003-11-26,0.31041672825813293,0.31685912164797014,0.3033752860945939,0.3129638169356979,245128800
2003-11-28,0.31326332688331604,0.315660247052593,0.30742078240185305,0.3113152619884235,76098400
2003-12-01,0.3252488374710083,0.3273462461414009,0.3146116005958942,0.3152106244726468,361536000
2003-12-02,0.322701632976532,0.3280944965607186,0.32075356826994317,0.3236001685400539,205296000
2003-12-03,0.3150613605976105,0.3271961352251786,0.31401265599764866,0.3227018048113373,191296000
2003-12-04,0.3168591558933258,0.31715866781100766,0.31116595415226594,0.31371304310511405,177940000
2003-12-05,0.312363862991333,0.31685901506377295,0.3105667922839589,0.3131130550034063,186177600
2003-12-08,0.3153606653213501,0.3158103455977442,0.3057721616663486,0.31131519303665234,148237600
2003-12-09,0.30637210607528687,0.3183567080097856,0.30562291374781525,0.3171586603671769,135144800
2003-12-10,0.3053233325481415,0.30876895639122703,0.29903110854733433,0.306372036548276,271336800
2003-12-11,0.31775757670402527,0.3197048160154338,0.3027762105272266,0.30337520914283284,183136800
2003-12-12,0.31296390295028687,0.3194054730089043,0.31011730160505435,0.3194054730089043,192673600
2003-12-15,0.3021773099899292,0.3219525233737098,0.3006789252315137,0.3219525233737098,388908800
2003-12-16,0.3014281094074249,0.30697114274062304,0.2997795311742548,0.30247681368942775,373956800
2003-12-17,0.29783231019973755,0.30157744713200124,0.2964840939081934,0.3008282547251946,274260000
2003-12-18,0.30022919178009033,0.30232660020556446,0.2981317833546162,0.2981317833546162,330915200
2003-12-19,0.29513582587242126,0.30592240441848795,0.2939369532113672,0.3024767800326917,453560800
2003-12-22,0.297382652759552,0.29798252679558707,0.28839399338548244,0.29438670800214,377064800
2003-12-23,0.2967834174633026,0.29888082483029593,0.29363730641281266,0.29843114465129855,308498400
2003-12-24,0.30577221512794495,0.30846947215647674,0.29438661357646995,0.29543531767046316,177475200
2003-12-26,0.3113153874874115,0.3132634531676179,0.30472362308611467,0.3048738166422734,103695200
2003-12-29,0.3168591558933258,0.3170084993013159,0.312514170332685,0.31326336267774046,233458400
2003-12-30,0.31880638003349304,0.3221026861703321,0.31685914011467703,0.3173079954179973,204853600
2003-12-31,0.3201545178890228,0.3225514376269227,0.31730791785606083,0.3198550060594677,174451200
2004-01-02,0.31880638003349304,0.3258478226074108,0.3173079954179973,0.3228510283733388,144642400
2004-01-05,0.33214011788368225,0.33543557461044304,0.32090385609916705,0.32090385609916705,395018400
2004-01-06,0.33094123005867004,0.3358852654052688,0.325248877331468,0.3333381509611905,509348000
2004-01-07,0.33843231201171875,0.3420281054613186,0.3285442675731133,0.3310913816948096,586874400
2004-01-08,0.3499680459499359,0.35551110432809585,0.3393308345370901,0.3421774354814213,460303200
2004-01-09,0.34457430243492126,0.3615037619593247,0.3414281900540941,0.348019926694647,427459200
2004-01-12,0.3555111587047577,0.35955578296643376,0.34607279364870985,0.3483203960890081,487547200
2004-01-13,0.36135372519493103,0.37214028227532425,0.3574583941429994,0.3700428732568618,679016800
2004-01-14,0.3625524938106537,0.36764584634460756,0.35626026856783294,0.365548437930334,620043200
2004-01-15,0.34232762455940247,0.3505670908601895,0.33708410279478185,0.34322616038972065,1018208800
2004-01-16,0.3403794765472412,0.345174141782275,0.33873174870790845,0.34292656510008057,372820000
2004-01-20,0.34052956104278564,0.34157826488216914,0.33333795251173104,0.33963020055110354,315946400
2004-01-21,0.3387317657470703,0.34412545499471164,0.33603533367405647,0.3400799817835773,226660000
2004-01-22,0.33228933811187744,0.34202803718882385,0.33228933811187744,0.33798256409010535,205004800
2004-01-23,0.3379826247692108,0.34067905725139525,0.33333810207879117,0.33588521614934763,227169600
2004-01-26,0.34472453594207764,0.34547372833142315,0.33603538940882,0.336484244761027,271269600
2004-01-27,0.3456230163574219,0.34832029855022284,0.34157836822526666,0.34517416107715004,307070400
2004-01-28,0.33738359808921814,0.35026756163195694,0.33573586993072635,0.34217743915122983,275402400
2004-01-29,0.3397804796695709,0.34157837613715686,0.3324395504028835,0.33903128738294036,212699200
2004-01-30,0.3379826247692108,0.3426271224565475,0.33588521614934763,0.33933084101030303,185298400
2004-02-02,0.3343868851661682,0.3417278165162198,0.33079191631237764,0.3364842941233258,287431200
2004-02-03,0.33348822593688965,0.335585634118631,0.3295928964389256,0.33408724967408254,180812800
2004-02-04,0.3264467716217041,0.33094109968107643,0.3250985557140459,0.3295928837734182,305552800
2004-02-05,0.3358851373195648,0.3432260657662238,0.3267462876030793,0.3268964810873627,352844800
2004-02-06,0.34023016691207886,0.34292659911692913,0.33558566970243925,0.3363348620041541,193340000
2004-02-09,0.3396303057670593,0.3424769063703027,0.33708404215499876,0.33888193859397475,188260800
2004-02-10,0.3442749083042145,0.34637231727545076,0.33618478440060656,0.33888204243639386,255343200
2004-02-11,0.3565598130226135,0.35760851732549426,0.3453235526169894,0.3459225764752832,348544000
2004-02-12,0.3555111587047577,0.35940646453481545,0.35356391834065337,0.3537132367722717,183988000
2004-02-13,0.34457430243492126,0.3610540815901795,0.34202803891348604,0.35730894545155517,315980000
2004-02-17,0.3469712734222412,0.35191528290268315,0.3460727376538498,0.3460727376538498,170956800
2004-02-18,0.348469614982605,0.3511660470555621,0.3453235025302839,0.3472715674397856,141635200
2004-02-19,0.33663442730903625,0.35416291462771426,0.3357358914654248,0.3495183916781755,323080800
2004-02-20,0.33558568358421326,0.3372334116551532,0.33273908276060654,0.33708406824962484,277603200
2004-02-23,0.3324395716190338,0.3364842201030019,0.3279452427140615,0.3346871486223649,194079200
2004-02-24,0.3349866271018982,0.3406790030924913,0.32959291289016474,0.3316903461796748,259056000
2004-02-25,0.34172770380973816,0.34307674492458273,0.3327390469870369,0.33378775111973863,276276000
2004-02-26,0.3451741635799408,0.3472715719084777,0.341578370701985,0.3427764182602208,198408000
2004-02-27,0.35835763812065125,0.3598560225688307,0.34382509919368315,0.34397526767912845,468837600
2004-03-01,0.3598560094833374,0.36405082570444847,0.35760843289279715,0.3610540569170615,321680800
2004-03-02,0.35670992732048035,0.3610540872854263,0.35611005344854746,0.35955567776262426,256687200
2004-03-03,0.35835763812065125,0.3624022860088537,0.353563798008359,0.353563798008359,225131200
2004-03-04,0.37693479657173157,0.3778333071090081,0.3582074426803365,0.3585069295240447,660223200
2004-03-05,0.4006054401397705,0.4118417011454321,0.37303958986057323,0.37378878227431533,1540599200
2004-03-08,0.3895193636417389,0.40135462326056603,0.3865225940561574,0.39880753413317344,522872000
2004-03-09,0.40599918365478516,0.4079464239843163,0.3857734123783603,0.3880210147787525,618363200
2004-03-10,0.41468822956085205,0.42157947839604715,0.4036013139209768,0.40509969848571753,1006964000
2004-03-11,0.406747430562973,0.4200810980832876,0.40584889487601333,0.4085453270385333,595851200
2004-03-12,0.41289037466049194,0.41618583091264677,0.40704782941224255,0.40929458138385433,329224000
2004-03-15,0.3962603509426117,0.4097441856765407,0.3934145756542929,0.40495034559966847,481717600
2004-03-16,0.3868221044540405,0.3986581891274946,0.3803805350538554,0.39775882821469816,605432800
2004-03-17,0.3923660218715668,0.39521179825001196,0.38622313838721634,0.3889195713256794,411432000
2004-03-18,0.38457536697387695,0.3904179127218149,0.3833764690754735,0.3886200159297295,321081600
2004-03-19,0.3874219059944153,0.40360132432446194,0.3826272152809008,0.3829275772859771,408576000
2004-03-22,0.3874219059944153,0.39206557810219755,0.378283080076541,0.38008097658024703,419031200
2004-03-23,0.37888219952583313,0.38951943843748654,0.37783349498985835,0.3877215413612561,385515200
2004-03-24,0.3820282518863678,0.3857733888853035,0.37858262683513283,0.37858262683513283,428215200
2004-03-25,0.40255263447761536,0.4031525084044254,0.38787077512571827,0.39161673676771064,566445600
2004-03-26,0.40509966015815735,0.40989350018981047,0.4031524454926115,0.4045006614326668,419893600
2004-03-29,0.4181339144706726,0.41933196221448293,0.40749667768163694,0.41004379179294514,350728000
2004-03-30,0.4182831346988678,0.41873281502123694,0.409593965705206,0.4155867029676709,359676800
2004-03-31,0.40509966015815735,0.4191825184934646,0.40375144421810205,0.41828315779905806,390773600
2004-04-01,0.40614843368530273,0.4085453541110026,0.39880750389960495,0.4028530025161829,318332000
2004-04-02,0.41199102997779846,0.4184334498204862,0.40794640596657317,0.4157370171442794,274478400
2004-04-05,0.4242759943008423,0.42502518673113404,0.4110925178127338,0.41169154171624905,385672000
2004-04-06,0.4169350266456604,0.42172969275389693,0.41094228783357395,0.41513712999278696,257992000
2004-04-07,0.40914514660835266,0.4149876905519211,0.40330175256017614,0.41363947464967693,255119200
2004-04-08,0.41244056820869446,0.41948198409829923,0.40749653523626056,0.4176840880093083,240917600
2004-04-12,0.42008116841316223,0.4209805293523336,0.4118417020475061,0.41199102046643105,230540800
2004-04-13,0.4034518897533417,0.419931691367451,0.4021036739556445,0.4191824742319961,436396800
2004-04-14,0.39910703897476196,0.4055494583908849,0.3941630293278697,0.4006054237409095,639732800
2004-04-15,0.43895766139030457,0.44315247706210076,0.42187891188698357,0.4317669274280548,1761446400
2004-04-16,0.4371598958969116,0.4391079358410579,0.42697319117922766,0.43671104061046906,402931200
2004-04-19,0.42472565174102783,0.430718340400639,0.41693501646627473,0.42128002703286227,712353600
2004-04-20,0.41543740034103394,0.4256241045694565,0.41289031173313334,0.4226281856997501,354519200
2004-04-21,0.41543740034103394,0.4212799697019174,0.4100437112481133,0.4134893354873724,325875200
2004-04-22,0.41618576645851135,0.42217847929091873,0.4061483806394842,0.4128903107167194,344584800
2004-04-23,0.4149877429008484,0.419482071509113,0.40524989339933587,0.4149877429008484,315828800
2004-04-26,0.40644797682762146,0.41408844411890766,0.4045007616795001,0.4131899083033728,231128800
2004-04-27,0.40360137820243835,0.41109250212069787,0.39985624129573244,0.408096557615686,283864000
2004-04-28,0.3962603509426117,0.40464998362791926,0.3946126231227298,0.4018042333426781,231168000
2004-04-29,0.40105512738227844,0.40450077746535235,0.38921986728951813,0.3962604608737013,460790400
2004-04-30,0.3862229287624359,0.40390157701595897,0.3818787697307167,0.40015559151829744,466502400
2004-05-03,0.3905680179595947,0.3944633228609569,0.38562400885792936,0.38951931375929155,297634400
2004-05-04,0.39161670207977295,0.39775875846590697,0.38202817126486377,0.38906961340916635,279983200
2004-05-05,0.39925718307495117,0.4007555927525446,0.3889194839631899,0.39251527714134105,238106400
2004-05-06,0.39820849895477295,0.4007556130129567,0.38802096783610407,0.39551206648568654,263558400
2004-05-07,0.3995567560195923,0.4130397698476566,0.3977588591558979,0.3977588591558979,419036800
2004-05-10,0.3937141001224518,0.3985079403527537,0.38861992291386593,0.3935639316333098,249978400
2004-05-11,0.40659818053245544,0.4073473729483745,0.3955120880180406,0.3955120880180406,305172000
2004-05-12,0.4089949131011963,0.40959391171464954,0.393114161448983,0.40135444913251633,245420000
2004-05-13,0.4073472321033478,0.4152871837835559,0.4030022226309824,0.40599901626156665,229852000
2004-05-14,0.40539926290512085,0.40929459322025713,0.396260436038715,0.4082458639063036,257801600
2004-05-17,0.39910703897476196,0.4053992648704896,0.3949122217109435,0.4000063998751479,300445600
2004-05-18,0.40539926290512085,0.40884488776916117,0.4015039575930676,0.40405104666282154,206063200
2004-05-19,0.3965606689453125,0.4119908925236245,0.39581147676258926,0.4104933582627773,375592000
2004-05-20,0.400155633687973,0.40450064328208735,0.39656066637632226,0.39895758628459527,196296800
2004-05-21,0.40614843368530273,0.40749664985590295,0.4004552319857057,0.4030023209200037,179894400
2004-05-24,0.4095940589904785,0.4179837180471467,0.4061484343044265,0.40884486664973735,235603200
2004-05-25,0.42562419176101685,0.42712257655515695,0.4088448973891925,0.41199101039583136,319978400
2004-05-26,0.42712244391441345,0.4311679415850144,0.4194820039998136,0.4244260122037318,322168000
2004-05-27,0.42202919721603394,0.4284707408633428,0.4167856511711672,0.42637333244662834,235972800
2004-05-28,0.42038053274154663,0.4235266699105241,0.4164860784833985,0.4206809197076763,145717600
2004-06-01,0.42038053274154663,0.422477940852147,0.4136394781759354,0.41633591000341064,182134400
2004-06-02,0.43326547741889954,0.4370105892411969,0.4164861833078763,0.4199318332025192,318712800
2004-06-03,0.4254748225212097,0.4343141116052047,0.42382706950245747,0.4302686631677055,250930400
2004-06-04,0.43116798996925354,0.43820855687841526,0.4271224918446802,0.42787168409316423,399112000
2004-06-07,0.44659820199012756,0.44914531568669364,0.4316168569227049,0.43506248127774244,295876000
2004-06-08,0.45468825101852417,0.4560364667730465,0.44689849331753106,0.4492953880004347,415620800
2004-06-09,0.45244163274765015,0.4600820739138662,0.449444813592927,0.4507930296691253,349204800
2004-06-10,0.4605317711830139,0.46397739593588805,0.4524416738915724,0.4524416738915724,257577600
2004-06-14,0.4512427747249603,0.45963240891568985,0.4419546297747535,0.45918275348663706,243986400
2004-06-15,0.45978254079818726,0.4665236212346277,0.4533401471570946,0.45753496391827736,444634400
2004-06-16,0.4904947876930237,0.49918396278292004,0.4573858912120897,0.4593331321393383,909641600
2004-06-17,0.49154335260391235,0.4963371946141414,0.4825546925592591,0.4877982401053771,551320000
2004-06-18,0.4930418133735657,0.5005320887675806,0.4858501748749627,0.4892958005684421,406252000
2004-06-21,0.48435163497924805,0.501880094950835,0.4812055472977282,0.49618774350202477,390213600
2004-06-22,0.4943898618221283,0.4957380279243488,0.48375260124726804,0.48390276974893603,360511200
2004-06-23,0.5048770308494568,0.5068242712508633,0.49274138261282274,0.4943899861452719,390868800
2004-06-24,0.49708613753318787,0.5048767957204868,0.4940902190596955,0.5020301956119333,252515200
2004-06-25,0.5048770308494568,0.5048770308494568,0.4943899861452719,0.4954386656126036,323428000
2004-06-28,0.4867493212223053,0.5122177565112644,0.4825545048198878,0.5120675880247892,521096800
2004-06-29,0.4868987798690796,0.49423968493105147,0.4705691665870835,0.4804571856833646,590553600
2004-06-30,0.48749783635139465,0.49394023106694734,0.4777599851176661,0.48779817340012177,373044000
2004-07-01,0.4839027523994446,0.4865991845195317,0.47791006427884214,0.4809059832867896,341941600
2004-07-02,0.46562519669532776,0.46712358155916106,0.44540030144076687,0.4566365377159223,910683200
2004-07-06,0.4636777937412262,0.47071835990354766,0.46143021723418964,0.4684716335010949,348980800
2004-07-07,0.4552881121635437,0.4698197983393225,0.45139278336556626,0.4621793592076105,397992000
2004-07-08,0.45154237747192383,0.45963247591804207,0.4486957261501221,0.4513930090374963,233380000
2004-07-09,0.449894517660141,0.4569359350165071,0.449894517660141,0.45349031058714395,208863200
2004-07-12,0.43656089901924133,0.45004471067937757,0.433414761309019,0.44974437366773334,511621600
2004-07-13,0.4377598166465759,0.44345221905113014,0.4347630468651387,0.4382086720323419,316176000
2004-07-14,0.44315260648727417,0.4489960265296197,0.43056815579652696,0.432366077341382,835800000
2004-07-15,0.49334099888801575,0.5038280381124446,0.48105603863612045,0.48929550155470003,1767724000
2004-07-16,0.48240429162979126,0.49319086851071475,0.4812054441568849,0.4913929473444148,488381600
2004-07-19,0.47895875573158264,0.4827039171199276,0.47431428355187927,0.47955777952882916,533170400
2004-07-20,0.48240429162979126,0.48240429162979126,0.4726664437553661,0.4786591809353567,323747200
2004-07-21,0.47371527552604675,0.4900448378039642,0.4695204085962022,0.48570070247990377,301257600
2004-07-22,0.4746136963367462,0.47536288851714303,0.46532550352009416,0.4681721537711466,334118400
2004-07-23,0.45993199944496155,0.4756625403829008,0.4566365428297793,0.47236713377388856,273571200
2004-07-26,0.4683215320110321,0.4711681326198265,0.4611307463396502,0.46217947550904215,393932000
2004-07-27,0.48585009574890137,0.49064393722849586,0.47296615608694886,0.47641178121927014,425006400
2004-07-28,0.4834532141685486,0.4855506230150124,0.4668241119295113,0.4840522380955874,285051200
2004-07-29,0.48899635672569275,0.49169279009736405,0.4813559121046168,0.4864492418149059,222157600
2004-07-30,0.48450183868408203,0.49438990787500026,0.47940851068086676,0.489146361349963,243023200
2004-08-02,0.47311630845069885,0.48240445413471417,0.46637437683978944,0.4671235692519673,365092000
2004-08-03,0.4687713384628296,0.47521378403892534,0.4666739294542822,0.4711682844611297,211629600
2004-08-04,0.4762623906135559,0.4812056002925379,0.466973394939835,0.4672728818775542,276488800
2004-08-05,0.47026970982551575,0.48390284153193863,0.46817230110097613,0.47656193599913443,244501600
2004-08-06,0.44614943861961365,0.46592462594253586,0.44495054085357943,0.4629287066907788,492290400
2004-08-09,0.4539392292499542,0.4561868064185177,0.44659827397201407,0.4471981479477647,290847200
2004-08-10,0.47221696376800537,0.47251650075763485,0.45468849918923043,0.45528837326729305,351036000
2004-08-11,0.4645763635635376,0.46637428498136974,0.45334012979754146,0.46592457959919903,322392000
2004-08-12,0.45498794317245483,0.4621795297869558,0.4536397269576666,0.45618679097236337,226200800
2004-08-13,0.4620293378829956,0.4686210502083489,0.45543757555147985,0.4584343448563834,328048000
2004-08-16,0.46113064885139465,0.47521353042836034,0.45903324096218573,0.4644261040478936,435674400
2004-08-17,0.4624791443347931,0.46637447564539763,0.4546885317197628,0.45813415746434727,323019200
2004-08-18,0.4755130708217621,0.477160823608716,0.45678571606873464,0.45708525293237623,364655200
2004-08-19,0.46008190512657166,0.47731087110829723,0.45483836113880904,0.47206732712053456,388920000
2004-08-20,0.46143031120300293,0.4642769119843473,0.45678578886711385,0.46008209506482417,316780800
2004-08-23,0.46562519669532776,0.46847179789589216,0.4584344095290781,0.4623288900121691,254660000
2004-08-24,0.4786592125892639,0.4786592125892639,0.4672727611635347,0.4683214902393859,374136000
2004-08-25,0.49513882398605347,0.49663635779530946,0.4753627466444872,0.477460154083016,505618400
2004-08-26,0.5192593932151794,0.527049154720868,0.49049464272506443,0.49498894746599853,955858400
2004-08-27,0.5146147012710571,0.5207567573844382,0.5093711557681758,0.5195587098996679,388813600
2004-08-30,0.5111692547798157,0.5201579144462986,0.5087723088724576,0.5093713328230604,218142400
2004-08-31,0.5167120695114136,0.5236033173206329,0.5093711163763184,0.5104198453982542,376560800
2004-09-01,0.5372366309165955,0.539184671072381,0.5122178465829459,0.5138655997191326,515726400
2004-09-02,0.5342407822608948,0.5364875597527365,0.5218056464395886,0.5318438862284228,406324800
2004-09-03,0.5277984142303467,0.5381361415493239,0.5245029570470394,0.5245029570470394,293468000
2004-09-07,0.5357381701469421,0.5421805634554218,0.527798192427739,0.5303453060762169,301957600
2004-09-08,0.5445773601531982,0.5478736654603676,0.5345400259824762,0.5348395128067828,343526400
2004-09-09,0.5348396301269531,0.543828287325904,0.5285474050673606,0.5408323682965448,461339200
2004-09-10,0.5373866558074951,0.5427795192024373,0.531243750147237,0.5342405187902036,328014400
2004-09-13,0.5331919193267822,0.5403826549567979,0.5291464210725192,0.5375360543619411,281976800
2004-09-14,0.5316937565803528,0.5325922676181202,0.5210564920298821,0.5279485937540752,254822400
2004-09-15,0.5273485779762268,0.5315434452502668,0.5213567391154974,0.5297463736512446,232668800
2004-09-16,0.5445773601531982,0.550720265472665,0.5255513707552393,0.5273483917133758,501916800
2004-09-17,0.5564127564430237,0.5600085491628682,0.5453266415025316,0.5475742682339884,502308800
2004-09-20,0.5649526715278625,0.5689973203251523,0.5523682195784005,0.5525175379927609,245000000
2004-09-21,0.5694469809532166,0.5823309699594971,0.5612075147645567,0.5655517005410525,386652000
2004-09-22,0.5531175136566162,0.5713943209627176,0.5514689100432097,0.5707952969793095,401688000
2004-09-23,0.5583608746528625,0.5618064993673002,0.5532666967345345,0.554915249938425,397404000
2004-09-24,0.5586603879928589,0.5692967486025449,0.5565629795507168,0.561057283337702,369488000
2004-09-27,0.5622562170028687,0.5689972980679977,0.5517691741218662,0.5535661956652547,397516000
2004-09-28,0.5698964595794678,0.5736415699803973,0.5610571229255706,0.5612072913863613,353186400
2004-09-29,0.5794843435287476,0.582181626071611,0.5666003550861797,0.568248108234549,273509600
2004-09-30,0.5805328488349915,0.5883235069959597,0.5760385460876648,0.5842788595510414,425012000
2004-10-01,0.57933509349823,0.5871248548024773,0.5779868771200728,0.5860761753890158,465404800
2004-10-04,0.5811329483985901,0.5869755192370384,0.5805330743879769,0.5869755192370384,574084000
2004-10-05,0.5898221135139465,0.5943164179546437,0.5752895707041193,0.5776864663975991,406162400
2004-10-06,0.608847975730896,0.6106458469795866,0.5913194686469323,0.5917691739883356,446303200
2004-10-07,0.5935668349266052,0.6131927431669282,0.5911699408104303,0.6073501762418776,426148800
2004-10-08,0.5851776003837585,0.5958148128243232,0.5818812936788387,0.5926687246536668,359228800
2004-10-11,0.5781360864639282,0.5851775040895694,0.5722935165572659,0.5812822241230402,323870400
2004-10-12,0.5736417174339294,0.577986752702693,0.5640532362203914,0.5767878550094186,460191200
2004-10-13,0.5955142974853516,0.5956644659684883,0.5803835851569912,0.5823308248284347,1163008000
2004-10-14,0.6738678812980652,0.6854036043954731,0.6374626901939826,0.6470512230774635,2768427200
2004-10-15,0.6816585063934326,0.6833062096952045,0.6620326348564644,0.6723703103699301,1031128000
2004-10-18,0.7153671383857727,0.7153671383857727,0.6696729585335818,0.6696729585335818,1200752000
2004-10-19,0.7104232907295227,0.724355960501372,0.7087746872350075,0.7206107982192129,801992800
2004-10-20,0.7111722230911255,0.7131194627355145,0.6988872611959692,0.7068271883530425,605108000
2004-10-21,0.7182128429412842,0.7210594434804409,0.7095236729301299,0.711321594331708,724505600
2004-10-22,0.7102729082107544,0.7141681878491914,0.7044303387962008,0.7122209480792323,483067200
2004-10-25,0.7123702764511108,0.7167152612191341,0.7051794914303118,0.7071267310908766,392644000
2004-10-26,0.7186625599861145,0.7198614076353657,0.7036811648878084,0.7108719004938551,594361600
2004-10-27,0.7535691261291504,0.7583638154758995,0.7216591538649418,0.7267524799190894,1193494400
2004-10-28,0.7818844318389893,0.7823341372735714,0.7415848141594904,0.7487755505518637,864264800
2004-10-29,0.785030722618103,0.7970161523808668,0.7760420628469653,0.7766410868045425,810219200
2004-11-01,0.785779595375061,0.797914388641612,0.7796375395544789,0.7865287875681143,602050400
2004-11-02,0.801510214805603,0.8101993344242832,0.7850304361675076,0.7850304361675076,729988000
2004-11-03,0.8286274075508118,0.8406119857958937,0.8088513182570678,0.8145445704947226,1204173600
2004-11-04,0.815742552280426,0.83222233466636,0.8145445545361351,0.8244325739861966,928625600
2004-11-05,0.8197879195213318,0.8239827361776765,0.7796376243934715,0.8218853278495042,1205047200
2004-11-08,0.8146936893463135,0.8307246127638708,0.8069038804155451,0.8130459365068201,526920800
2004-11-09,0.8097503781318665,0.8172406487768757,0.7997121443113133,0.8124468095559566,475764800
2004-11-10,0.8202377557754517,0.8298254381758485,0.8076533037986139,0.8082522776670328,508676000
2004-11-11,0.8284768462181091,0.8304240854783773,0.812446776578918,0.8232333019357977,407299200
2004-11-12,0.8314729332923889,0.8343195336369085,0.8215857664321681,0.8241320298128021,395701600
2004-11-15,0.8275784254074097,0.8308738808808801,0.8140946163569707,0.8269786016049745,376045600
2004-11-16,0.8230831027030945,0.826978431182409,0.8161918562227761,0.826379407601864,295103200
2004-11-17,0.8224843144416809,0.8307246289909404,0.8122967601478548,0.8268292993971419,397751200
2004-11-18,0.8298251628875732,0.8307245235028516,0.8133453859863748,0.8134955544560819,459149600
2004-11-19,0.826529860496521,0.8525973214405759,0.8164916240041807,0.8313237009933736,765279200
2004-11-22,0.9191155433654785,0.958816139158147,0.8674294695492626,0.925856674667391,2568210400
2004-11-23,0.9179167151451111,0.9355952956076949,0.914621208679866,0.9333477183932415,911450400
2004-11-24,0.9595651030540466,0.9767941235979659,0.9221112932476774,0.9242086513900392,1390788000
2004-11-26,0.9670565724372864,0.9851841100813005,0.9639104840874784,0.9790412518133932,550144000
2004-11-29,1.0253342390060425,1.0422628249021673,1.0099031376260472,1.0329746804412738,1712916800
2004-11-30,1.0045099258422852,1.03057814965021,1.0045099258422852,1.03057814965021,1028518400
2004-12-01,1.0155962705612183,1.0179931657385772,0.9928242661915596,1.0155962705612183,800553600
2004-12-02,0.976943850517273,1.0022629773763558,0.9687044329664802,0.9907271527261976,987442400
2004-12-03,0.939041018486023,0.9737977089726588,0.9251083985950146,0.9667562397492323,1238848800
2004-12-06,0.9854834079742432,0.9923746569510717,0.9430854847041864,0.9625611840395625,1247920800
2004-12-07,0.9421873092651367,0.9997159170481545,0.9372432984219812,0.9877304362162623,1056899200
2004-12-08,0.9480293989181519,0.9652583197346819,0.9296024306264017,0.9450334301254568,691902400
2004-12-09,0.9586668014526367,0.9648088587544376,0.9299020548243075,0.9409881217113304,741501600
2004-12-10,0.9760453104972839,0.9895282752138349,0.9693033780834409,0.9742473885112036,775773600
2004-12-13,0.9724492430686951,0.9872812709437726,0.9678047706914464,0.9830864539813285,395040800
2004-12-14,0.9781427383422852,0.986982130348017,0.9740972385670812,0.9797905419095598,415721600
2004-12-15,0.9776927828788757,0.9806895521762651,0.9687041751962276,0.9773932459663913,398361600
2004-12-16,0.9977687001228333,1.011251666291941,0.9895283818184317,0.9910267669826635,1126115200
2004-12-17,0.973648190498352,1.0043600753709652,0.9722999243406681,1.0013633060549771,783496000
2004-12-20,0.939639687538147,0.9887786322483924,0.9252573183252539,0.9808386555310677,1168126400
2004-12-21,0.9541715979576111,0.9553704457109582,0.9228606390030668,0.9522243579678165,1064414400
2004-12-22,0.9550711512565613,0.9642099789446137,0.9498276042276929,0.9537228848868771,565829600
2004-12-23,0.9589661359786987,0.9625610784683125,0.952823279874802,0.9550708565215983,245929600
2004-12-27,0.9462317228317261,0.9760452004864184,0.942036905378168,0.9708016536663865,559490400
2004-12-28,0.9615125060081482,0.9625612352635837,0.9296025731224676,0.9483290811566324,611755200
2004-12-29,0.9654079079627991,0.9734980052469405,0.9523746013183335,0.955969544474908,449562400
2004-12-30,0.970801591873169,0.9742472166904457,0.9621124205696211,0.970950910282904,345340800
2004-12-31,0.9648085832595825,0.9737972889803574,0.9592656014049994,0.9721495862927683,278588800
2005-01-03,0.9481794834136963,0.9754457359359279,0.9378417123329951,0.97050172804541,691992000
2005-01-04,0.9579175114631653,0.9808388352751619,0.943385021120648,0.955669934571017,1096810400
2005-01-05,0.9663070440292358,0.9775433271183818,0.9595651141560512,0.9657071701899609,680433600
2005-01-06,0.9670565724372864,0.9724494381269054,0.9487789162628002,0.968853694272099,705555200
2005-01-07,1.037468671798706,1.0431618718601074,0.9700520819525997,0.9737972424743265,2227450400
2005-01-10,1.0331252813339233,1.059192805476307,1.016944980085368,1.0461585933494504,1725309600
2005-01-11,0.9672058820724487,1.0359707697118958,0.9609137054300587,1.0224878055117097,2611627200
2005-01-12,0.9806898236274719,0.9872815377608584,0.9483293268278064,0.9805397050865411,1919702400
2005-01-13,1.0457093715667725,1.1149239080755384,1.044660742235075,1.1042866961451625,3164716800
2005-01-14,1.0517014265060425,1.0744734375801352,1.0365706586995829,1.0524506189895555,1770742400
2005-01-18,1.0584431886672974,1.0591923810304151,1.014996532407902,1.046457711054689,1006460000
2005-01-19,1.0469074249267578,1.0705779444342758,1.0449601847553363,1.0560462521041585,751895200
2005-01-20,1.0555968284606934,1.0677324279229072,1.040765595928824,1.0434620290973389,914922400
2005-01-21,1.0560463666915894,1.0726755195253543,1.0487054604722346,1.0683313832509143,911332800
2005-01-24,1.0600907802581787,1.0753724626309593,1.0569446927282335,1.063387086291795,841629600
2005-01-25,1.0794174671173096,1.0912527283231837,1.062788314047612,1.0692299093403153,969231200
2005-01-26,1.0824134349822998,1.0899036541903433,1.0669823412612918,1.088555488741978,739496800
2005-01-27,1.088257074356079,1.0924518934747478,1.071927453527341,1.0810654843800136,496227200
2005-01-28,1.108331322669983,1.108331322669983,1.0852597786684848,1.0879570111530912,801612000
2005-01-31,1.1520769596099854,1.166908982070974,1.116271660091192,1.11732038895207,1681097600
2005-02-01,1.1615153551101685,1.1651110970419376,1.1472831059070314,1.154324571332674,678395200
2005-02-02,1.192976713180542,1.1971715294138483,1.1639124363974687,1.1678077157683961,1020062400
2005-02-03,1.1657103300094604,1.1899807162588225,1.1585195452490704,1.185036707943754,731651200
2005-02-04,1.1811416149139404,1.1824898811325097,1.1615157953801722,1.1666099234005585,563556000
2005-02-07,1.1826398372650146,1.1887818931147516,1.1610666824432747,1.1824896187789236,524456800
2005-02-08,1.2120029926300049,1.2191937742261358,1.1803916170476305,1.1845865313478032,890019200
2005-02-09,1.1796432733535767,1.2283334778190704,1.1700555910026609,1.2141012227004444,1191456000
2005-02-10,1.1739505529403687,1.1877330476826529,1.1484821212556557,1.1793434160651035,1093019200
2005-02-11,1.2166481018066406,1.2248876163104703,1.1826399144924185,1.1964224114851203,1201054400
2005-02-14,1.2678848505020142,1.270281746266685,1.229232881046789,1.2394196380404703,1271463200
2005-02-15,1.3245145082473755,1.334551843544101,1.2884088647190977,1.2982968816391827,2312217600
2005-02-16,1.3502826690673828,1.3513312982695613,1.3086339375043505,1.3206194142415053,1639243200
2005-02-17,1.3155263662338257,1.3615192463100299,1.3101327001212777,1.3580736207786095,1518473600
2005-02-18,1.3005447387695312,1.3162752781225182,1.2921551044462942,1.3144774564765402,1163254400
2005-02-22,1.2777725458145142,1.3228668987650125,1.2777725458145142,1.2929033090273918,1219293600
2005-02-23,1.3218187093734741,1.3251141165177158,1.2816683488367702,1.2991960143622352,1345181600
2005-02-24,1.3323051929473877,1.3379975940501678,1.314327078678634,1.3255633625919858,1519028000
2005-02-25,1.333203911781311,1.346987210514976,1.3212184346216025,1.3426422750199296,915510400
2005-02-28,1.3441404104232788,1.3525300428545939,1.3171735918764693,1.3387466466646867,651610400
2005-03-01,1.3333544731140137,1.351631331729385,1.323166914157114,1.3480363874738088,468188000
2005-03-02,1.3219674825668335,1.3450390235176937,1.3207694350433479,1.3258627622182837,458161200
2005-03-03,1.2521538734436035,1.330656639221899,1.2350751706010654,1.3294585917103876,1411653600
2005-03-04,1.282716989517212,1.2887088293878397,1.2539522376540984,1.2812186044970697,756618800
2005-03-07,1.280918836593628,1.2959002837978937,1.268933458803086,1.2824164212449982,450632000
2005-03-08,1.2144006490707397,1.2632401675034164,1.2015166613930777,1.2554503075687349,1021451200
2005-03-09,1.1790441274642944,1.2069094597459662,1.163463708363299,1.1877332977432915,1322465200
2005-03-10,1.1934266090393066,1.2063105971982317,1.1715539128774355,1.1844379010363604,777109200
2005-03-11,1.2066099643707275,1.216198545763606,1.1925280293593579,1.2048121428641838,632830800
2005-03-14,1.2081085443496704,1.2221913805834668,1.1841384891480868,1.214101183165479,605385200
2005-03-15,1.2272847890853882,1.232678454409417,1.2060111649230638,1.2176971064173367,508608800
2005-03-16,1.2338762283325195,1.2677342973081784,1.2218916526605228,1.2347756390778049,697813200
2005-03-17,1.265937328338623,1.2848140534271688,1.2380710959923165,1.2443633710259379,801920000
2005-03-18,1.2872111797332764,1.3015935538240844,1.2734277795269364,1.2982972472189431,940150400
2005-03-21,1.3093833923339844,1.3174734907412433,1.2842144862137237,1.2970984762400153,541128000
2005-03-22,1.283315896987915,1.3171739733808998,1.2788215426094003,1.309682849350914,551415200
2005-03-23,1.2749255895614624,1.3003940196556225,1.2590448378020427,1.2719288212558015,609823200
2005-03-24,1.2734272480010986,1.2884086897354896,1.2734272480010986,1.2857122582513318,352704800
2005-03-28,1.2743268013000488,1.2872107866278055,1.2725288800723498,1.280918512386237,275410800
2005-03-29,1.2509554624557495,1.2833160581991938,1.243465237595864,1.2752258592571581,461356000
2005-03-30,1.2824161052703857,1.2824161052703857,1.2530523919745942,1.260543513780315,394959600
2005-03-31,1.248558521270752,1.2740269650792775,1.246161625399448,1.271929506170282,636134800
2005-04-01,1.225187063217163,1.2638398227186511,1.2155993826396165,1.2611425905953961,641284000
2005-04-04,1.23117995262146,1.237771765114243,1.2033146179996017,1.2281840833569886,580014400
2005-04-05,1.2551501989364624,1.2656372931558655,1.231180140775344,1.2350755215069193,556239600
2005-04-06,1.2683346271514893,1.2827170032368769,1.262940961085505,1.270432086167544,414825600
2005-04-07,1.305188536643982,1.3108817390821266,1.2659375937880013,1.2683344895215554,506987600
2005-04-08,1.310581922531128,1.3318555427729966,1.304589184414007,1.3093830748707487,649950000
2005-04-11,1.2560489177703857,1.3258623950319888,1.2557493809693898,1.3228665269605908,821662800
2005-04-12,1.278221607208252,1.2941023653365917,1.2587459058164214,1.273128279191009,981061200
2005-04-13,1.2296814918518066,1.2881094899479701,1.210205792523382,1.2869114423532884,1371946800
2005-04-14,1.1164216995239258,1.1853368118640093,1.1038372451020846,1.1628642360692492,2753192400
2005-04-15,1.0591918230056763,1.1161213114878787,1.0570943655284946,1.0972446942546294,1728087200
2005-04-18,1.06728196144104,1.0876570634886078,1.018742000769518,1.0487047801768241,1327177600
2005-04-19,1.1113282442092896,1.121815238363855,1.0747728330641955,1.096646332378087,1081642800
2005-04-20,1.063985824584961,1.1308034402835536,1.06188846669997,1.1284065455683903,945131600
2005-04-21,1.1140247583389282,1.1149240693846951,1.0756723226296807,1.0906536725074223,759592400
2005-04-22,1.0636866092681885,1.1086316491623995,1.045709293396796,1.1038369581721386,839129200
2005-04-25,1.1080318689346313,1.1092307168051627,1.0819644536788509,1.0933499580109742,746460400
2005-04-26,1.0843615531921387,1.123912839035773,1.0822640940891288,1.1020393369615271,810507600
2005-04-27,1.0771697759628296,1.0894538821647213,1.063985459382653,1.075371855512832,613888800
2005-04-28,1.0648853778839111,1.0888554283831497,1.055895871355906,1.0873570439454014,575106000
2005-04-29,1.0804660320281982,1.0855601601840181,1.0552970284439154,1.083162464524695,671630400
2005-05-02,1.0915520191192627,1.0981445315578378,1.079267905267291,1.084960206766964,465920000
2005-05-03,1.0849601030349731,1.1008408586065523,1.0795672389524813,1.090653304101251,496739600
2005-05-04,1.1131258010864258,1.1146232853935156,1.0816646289142386,1.0819641657805803,448176400
2005-05-05,1.0990430116653442,1.1167208897337944,1.092750836414585,1.1161218159226864,387366000
2005-05-06,1.1158223152160645,1.118518747285777,1.1023392547566517,1.1053352237147878,326247600
2005-05-09,1.1077322959899902,1.1221146695002102,1.1011405831568324,1.117021341434935,355695200
2005-05-10,1.0912524461746216,1.1161218101685362,1.0885560139646027,1.101140464413565,440263600
2005-05-11,1.0669829845428467,1.0687809062696332,0.9920752466256613,1.0546980695187547,2041981200
2005-05-12,1.0226374864578247,1.0663826629244122,1.018742107699355,1.0612893369331777,970242000
2005-05-13,1.0418140888214111,1.0555965886421153,1.0208400020492427,1.0247352824612421,702713200
2005-05-16,1.0651847124099731,1.0696790651929624,1.0346221533675568,1.0355214639782793,474294800
2005-05-17,1.0594918727874756,1.062488642395066,1.0349220424591652,1.0529001597963306,588344400
2005-05-18,1.0738738775253296,1.1254106161140958,1.048405445120681,1.0621879402525656,636722800
2005-05-19,1.1251111030578613,1.1290063849970722,1.0720767414433785,1.0720767414433785,793161600
2005-05-20,1.1251111030578613,1.128107873829827,1.1143245685064653,1.1161223909399471,452650800
2005-05-23,1.1913292407989502,1.1955240581956517,1.1341001820587409,1.1341001820587409,1042574400
2005-05-24,1.1895314455032349,1.1982205174229696,1.1694566689960422,1.1820411214659812,593460000
2005-05-25,1.1919280290603638,1.1970221561590344,1.1781455324035734,1.1835383962774229,396006800
2005-05-26,1.220692753791809,1.2266853914192946,1.1967227033434193,1.1967227033434193,525520800
2005-05-27,1.215299129486084,1.2221912786251343,1.198820199219049,1.217696924903621,316008000
2005-05-31,1.1913292407989502,1.220693062588197,1.185935575534088,1.218296066938226,404205200
2005-06-01,1.2075093984603882,1.2212918968443034,1.1943250737879716,1.1952244846201914,453812800
2005-06-02,1.199718952178955,1.2081086875202707,1.1865355252686887,1.2000184891435293,373973600
2005-06-03,1.1457847356796265,1.1559722878963785,1.1317028047800544,1.1433878410620846,956869200
2005-06-06,1.1361972093582153,1.1574708270823362,1.1254106820732646,1.1484822210320547,811966400
2005-06-07,1.094847559928894,1.1305035323808237,1.092151129268625,1.1266082547072893,745264800
2005-06-08,1.1062341928482056,1.1161222146707408,1.095747197012894,1.097545019162446,404006400
2005-06-09,1.1281073093414307,1.1367964800515378,1.103237944851066,1.108631609477349,390255600
2005-06-10,1.0729753971099854,1.1206159578374084,1.0642854280726133,1.1206159578374084,678932800
2005-06-13,1.0756717920303345,1.0969454083766215,1.0732748972470374,1.0753722551916474,435772400
2005-06-14,1.0786677598953247,1.0831621126330497,1.0711774386985828,1.0762707651010512,347846800
2005-06-15,1.1125260591506958,1.117620186728624,1.0876574954343954,1.1047362994807306,563343200
2005-06-16,1.1379954814910889,1.1409914510696009,1.1032380938695823,1.114324161430983,547674400
2005-06-17,1.1478830575942993,1.154775109927786,1.1335006789393565,1.152677750549368,596125600
2005-06-20,1.126908779144287,1.1412911554431884,1.122114887073475,1.134100367343146,323716400
2005-06-21,1.1343995332717896,1.1442875512598656,1.1200171616774086,1.130204716561895,370526800
2005-06-22,1.155074119567871,1.1565717040890013,1.1427892059129696,1.1463849489534526,424925200
2005-06-23,1.16526198387146,1.1919284765886888,1.1580703958707033,1.1634640618681835,674254000
2005-06-24,1.1314024925231934,1.1721527058805576,1.1290055976415323,1.1712532952291859,410709600
2005-06-27,1.1116276979446411,1.1415903932681315,1.099043145881639,1.103837037116129,600171600
2005-06-28,1.1179202795028687,1.1263099172467559,1.113725460630925,1.1233140466769571,350299600
2005-06-29,1.0897554159164429,1.1173213261527186,1.0822642891735221,1.1155234037279838,448358400
2005-06-30,1.1029384136199951,1.113425405917977,1.0879569674764997,1.0969456751428779,418390000
2005-07-01,1.09364914894104,1.107731981516987,1.0873569748304726,1.103537165439174,250000800
2005-07-05,1.1379954814910889,1.1430888097967664,1.093649511035751,1.0951478958743563,454269200
2005-07-06,1.1203168630599976,1.1433884104175993,1.1146236604376933,1.129905446427776,394626400
2005-07-07,1.1275084018707275,1.1314027819790082,1.1026389359048443,1.1029384728324567,383723200
2005-07-08,1.1460849046707153,1.1469843157190887,1.1227139191047304,1.1346992989141376,290735200
2005-07-11,1.1415902376174927,1.1580700678416336,1.132002556468084,1.149680434285077,388788400
2005-07-12,1.1457847356796265,1.1505794250253487,1.1358976203914857,1.1454852988739468,387038400
2005-07-13,1.1490809917449951,1.1535753439823393,1.1355972349469408,1.1472830708279376,684835200
2005-07-14,1.2209925651550293,1.2587460237670938,1.2054122426112084,1.2221915130999743,2096060400
2005-07-15,1.2449636459350586,1.2455626199049399,1.2123036126065518,1.2275844997092666,687682800
2005-07-18,1.243165373802185,1.2614422257430473,1.2395695307485382,1.240768478474163,586297600
2005-07-19,1.2941018342971802,1.2953006816254948,1.2305805280596602,1.2440634850023555,671062000
2005-07-20,1.3072854280471802,1.312379654761528,1.2779217155931357,1.284213989696583,453395600
2005-07-21,1.2970987558364868,1.3195712340313024,1.2854136112424437,1.3093836745785348,404264000
2005-07-22,1.3183726072311401,1.3183726072311401,1.3000949556500858,1.3015933402325701,301106400
2005-07-25,1.312679648399353,1.3267624858323843,1.3102827526886485,1.3180725137299303,294627200
2005-07-26,1.3072854280471802,1.3216677974300037,1.299195332767804,1.3186719288649753,268592800
2005-07-27,1.3180720806121826,1.320469775633716,1.2785216141720586,1.3132781907537041,283749200
2005-07-28,1.3123794794082642,1.3183722158606423,1.2973981383387712,1.3138770634476151,251311200
2005-07-29,1.2779219150543213,1.3297582002736037,1.2662368756853852,1.3051882737378862,562080400
2005-08-01,1.280918836593628,1.2908060556823466,1.2608432612861467,1.2755251715576719,314249600
2005-08-02,1.2941018342971802,1.3033899757321168,1.2767234986450056,1.285113129660523,296875600
2005-08-03,1.2950007915496826,1.2976980239475475,1.2815178299547636,1.294102280820237,258322400
2005-08-04,1.2797198295593262,1.2884089998483472,1.2671353794690046,1.2851134939242264,269304000
2005-08-05,1.2881096601486206,1.2991957273725,1.2590453757049285,1.2731283125271151,241931200
2005-08-08,1.2779219150543213,1.2959001296196941,1.2767238674782275,1.288409006859483,176383200
2005-08-09,1.312978982925415,1.3150763413581754,1.2857126232132665,1.286311597017749,380839200
2005-08-10,1.299795389175415,1.3300576164197537,1.297697930842159,1.3183725772330144,360945200
2005-08-11,1.3183726072311401,1.3219675500837234,1.2959001389004432,1.3000949556500858,271983600
2005-08-12,1.3812947273254395,1.384889769849003,1.2991954214985555,1.3021921903789888,916036800
2005-08-15,1.4286361932754517,1.44811189520796,1.3917821480770536,1.392680658890124,1086727600
2005-08-16,1.3857886791229248,1.4232425785772682,1.3845898319007892,1.419946273780875,537622400
2005-08-17,1.412756085395813,1.4214452561098156,1.3893842054202683,1.39028361624923,499724400
2005-08-18,1.3872865438461304,1.4082606237728827,1.370807616847818,1.4055641920970123,442559600
2005-08-19,1.3732048273086548,1.3992723397463664,1.3714069057412512,1.3866877888854676,376569200
2005-08-22,1.3744029998779297,1.4007708517244912,1.3561261458632596,1.3827926345395618,387732800
2005-08-23,1.3705077171325684,1.3812950474743237,1.3579232651617472,1.3738040236478095,295604400
2005-08-24,1.37140691280365,1.4118567978656456,1.3660132480859886,1.3663127850010524,572070800
2005-08-25,1.3800960779190063,1.3929800656938465,1.3726049547407861,1.3818939994881885,276253600
2005-08-26,1.3705077171325684,1.3884858342742672,1.3591221130090179,1.3818941213547904,261058000
2005-08-29,1.3735041618347168,1.3791973625992235,1.3561258227702944,1.3564253596396787,256295200
2005-08-30,1.3953769207000732,1.401968732859816,1.3759012211506387,1.3779986795729438,518761600
2005-08-31,1.4049656391143799,1.4091604563558011,1.3863884484561833,1.40406622821263,402956400
2005-09-01,1.3860889673233032,1.4133553304964024,1.3809947389750474,1.4082611021481466,356367200
2005-09-02,1.3848899602890015,1.4022691019243798,1.3818939910950705,1.3872868556589357,222378800
2005-09-06,1.4621946811676025,1.4645915766926303,1.394778069042202,1.3992724231732085,818619200
2005-09-07,1.4585989713668823,1.4801729318224512,1.4358277632692444,1.4696858385761005,963074000
2005-09-08,1.4915581941604614,1.50174574881771,1.4723820325034171,1.478674307434067,702640400
2005-09-09,1.5374022722244263,1.5386011202845353,1.4918582474471966,1.5002478835838695,615641600
2005-09-12,1.5400983095169067,1.5469904589403134,1.5155292815054422,1.5311097017153503,452796400
2005-09-13,1.5227203369140625,1.5368031750435636,1.5077388878763687,1.5287129765365464,492884000
2005-09-14,1.4864649772644043,1.533806111118229,1.4819706234246206,1.5299107310900628,474426400
2005-09-15,1.4942545890808105,1.503543632850177,1.4780751968958656,1.4981499687228508,415156000
2005-09-16,1.5344054698944092,1.5344054698944092,1.496652127758276,1.5050417593440835,591004400
2005-09-19,1.5772522687911987,1.58474339004125,1.5296109099080153,1.5296109099080153,783731200
2005-09-20,1.5937317609786987,1.612308942847827,1.585641667257733,1.5877391248922794,819828800
2005-09-21,1.561371922492981,1.589537593612562,1.5538816994026017,1.5868411613059417,434747600
2005-09-22,1.5550798177719116,1.5721594234284213,1.5377014752856784,1.5544807439151849,463727600
2005-09-23,1.5940320491790771,1.6030207575151645,1.5532827246588445,1.5610724851608826,558457200
2005-09-26,1.613208532333374,1.6347815952838094,1.597628109106482,1.6189017350948134,546562800
2005-09-27,1.6012227535247803,1.6251936079748137,1.6009232166063276,1.615605126177543,341703600
2005-09-28,1.5305101871490479,1.5913350660019419,1.5158282819040296,1.5901362185950982,1125544000
2005-09-29,1.568264365196228,1.5757546901775574,1.522420903980486,1.535005358036561,636846000
2005-09-30,1.6063170433044434,1.6075150910121003,1.5544807523927706,1.5679646148221666,531633200
2005-10-03,1.6311861276626587,1.6341820965190466,1.6084141240290413,1.622796494751491,507553200
2005-10-04,1.6105116605758667,1.6584525652741664,1.6072153545824355,1.646467089068796,539459200
2005-10-05,1.5814473628997803,1.6287892932877273,1.5805488522438425,1.6278898825209365,610769600
2005-10-06,1.5490880012512207,1.6027213176563984,1.5242186332735888,1.594032145727866,757537200
2005-10-07,1.5371023416519165,1.555979068132171,1.5146298720108482,1.5496868926469702,677882800
2005-10-10,1.5092371702194214,1.5553802621475812,1.5065399375053747,1.5508850076406193,507505600
2005-10-11,1.5457913875579834,1.554181020868048,1.5101353959840507,1.5350048590340692,1225884800
2005-10-12,1.475678563117981,1.5071397425361994,1.4343293644269057,1.4577003462582412,2697486400
2005-10-13,1.6102124452590942,1.6165046214988898,1.4762776222731415,1.4813710506283615,1865575600
2005-10-14,1.6180014610290527,1.6284885499483428,1.5817465051011579,1.6189008715714166,1035552000
2005-10-17,1.6012227535247803,1.6248941710686877,1.5784515469334586,1.6174030477745467,616834400
2005-10-18,1.564368724822998,1.6165044510970796,1.5640691879019366,1.5955303658214879,609588000
2005-10-19,1.6461669206619263,1.6467659942177377,1.5344051982665696,1.560173162124284,1008683200
2005-10-20,1.6821233034133911,1.6929098327358865,1.6284890935800034,1.6320848367162613,1357762000
2005-10-21,1.6677409410476685,1.7072923179361468,1.6587523327059646,1.7030974006812436,796726000
2005-10-24,1.7015990018844604,1.7015990018844604,1.650662121524942,1.6554560125968572,609753200
2005-10-25,1.6809240579605103,1.7033964234558772,1.6686399462525408,1.6899135642275802,465127600
2005-10-26,1.7087905406951904,1.7246702972456884,1.6755314428298176,1.6863179718419246,631593200
2005-10-27,1.6602505445480347,1.7081906508176647,1.6602505445480347,1.7075915770111652,411541200
2005-10-28,1.6320847272872925,1.690812260880359,1.6230961201417622,1.6791272216096478,769787200
2005-10-31,1.7255696058273315,1.7372546441757062,1.640474231168184,1.653958090939184,940844800
2005-11-01,1.7228723764419556,1.742049338137201,1.7039956517217143,1.7150826171118039,749686000
2005-11-02,1.7962816953659058,1.797780079794581,1.725869028621509,1.7294648712158618,857060400
2005-11-03,1.8532124757766724,1.8672944118869845,1.7998777003276056,1.8055710022339395,884382800
2005-11-04,1.8322383165359497,1.8349348490206883,1.786394863999432,1.808267360896821,878035200
2005-11-07,1.8046720027923584,1.8478191296885145,1.801975469881413,1.8232490962996,638831200
2005-11-08,1.794784426689148,1.8091667994729241,1.7708134720084294,1.7962820112827274,473765600
2005-11-09,1.8010762929916382,1.8340349498454578,1.7977800872644008,1.7977800872644008,552930000
2005-11-10,1.833137035369873,1.8337361093041782,1.768117411016821,1.816956838501798,665344400
2005-11-11,1.8439229726791382,1.8610018749601254,1.8379302350194082,1.8439229726791382,425448800
2005-11-14,1.8412262201309204,1.8571061712027501,1.8250460321708322,1.8439225514125461,369933200
2005-11-15,1.866096019744873,1.8900659692038617,1.8415259964478823,1.8457209126247414,536841200
2005-11-16,1.946097731590271,1.949393138214882,1.8903660547844647,1.892164076644776,784515200
2005-11-17,1.9332139492034912,1.973963381701087,1.9251237500752785,1.9652741085880798,676205600
2005-11-18,1.9344117641448975,1.960480181765653,1.9287194615448677,1.9568843379312044,524960800
2005-11-21,1.9463961124420166,1.9532873590234436,1.9092417480726473,1.9422013971262408,511711200
2005-11-22,1.9931399822235107,2.0003314719219443,1.9332143684988303,1.942801954631429,540282400
2005-11-23,2.010817289352417,2.0368846977025967,1.9982329404835224,2.003925241086107,485853200
2005-11-25,2.0776355266571045,2.08362746590792,2.0225029247154875,2.027297716269143,395012800
2005-11-28,2.0872232913970947,2.129470903295916,2.069545310543706,2.1189838095500906,1018519600
2005-11-29,2.0404815673828125,2.106399913722942,2.01800899017028,2.09711176587237,891433200
2005-11-30,2.0320911407470703,2.062953342774724,2.0231024333953043,2.050368792437896,595674800
2005-12-01,2.1453516483306885,2.1492469288484104,2.0617547359031936,2.065949653383817,812893200
2005-12-02,2.176213502883911,2.1795089088679043,2.118384578536337,2.165425973893153,895762000
2005-12-05,2.1519434452056885,2.173217069336702,2.1420554255047577,2.155838725693934,583671200
2005-12-06,2.2187607288360596,2.24213160789151,2.1977865450291745,2.215164885864647,857029600
2005-12-07,2.2157647609710693,2.231046449045941,2.190896088410268,2.2241543975229137,679464800
2005-12-08,2.2196598052978516,2.2223571382693827,2.1753145311076025,2.193292750423971,790479200
2005-12-09,2.2271506786346436,2.2349412394589967,2.1977868571399357,2.2235548351525805,555402400
2005-12-12,2.2445292472839355,2.2577126745439586,2.2340421528383247,2.2433310993938513,524994400
2005-12-13,2.246626138687134,2.261008511583567,2.223554694700189,2.2427308585210053,493816400
2005-12-14,2.1576361656188965,2.1962881265524046,2.105500543843062,2.17321668474056,1450716400
2005-12-15,2.1627304553985596,2.1831055732158955,2.1378609821996064,2.1777119067035753,561162000
2005-12-16,2.1306698322296143,2.166325830633073,2.129171447393925,2.1615318392624996,671171200
2005-12-19,2.1387598514556885,2.1753143610599643,2.1285723946641406,2.130669853420422,529295200
2005-12-20,2.160632371902466,2.168722569296238,2.1309691148906085,2.1462499987826424,479108000
2005-12-21,2.2022805213928223,2.2055767268872972,2.1735157827959135,2.175313603961296,475736800
2005-12-22,2.2178616523742676,2.2319445900071426,2.205277299645314,2.2145662457682733,370610800
2005-12-23,2.197786569595337,2.225052928839206,2.1962881849927927,2.2223565966482703,229857600
2005-12-27,2.224154233932495,2.2526193487455872,2.2157645979977234,2.2172629830151847,590590000
2005-12-28,2.204378843307495,2.240034843629286,2.196887718824715,2.2313455712825814,398115200
2005-12-29,2.140857696533203,2.211870269923189,2.139958385426019,2.2106713217967515,490025200
2005-12-30,2.154040575027466,2.1702207684064727,2.1075978533439077,2.124676757442919,624262800
2006-01-03,2.239734649658203,2.239734649658203,2.164827023903284,2.1687223036527885,807234400
2006-01-04,2.246326446533203,2.27658877349277,2.232243512148167,2.2511202369128833,619603600
2006-01-05,2.2286481857299805,2.2442285011440504,2.2097714650621763,2.2421310432866077,449422400
2006-01-06,2.286177635192871,2.298163113786098,2.2337423664955605,2.254716553984355,704457600
2006-01-09,2.2786855697631836,2.313143606460036,2.2693974277642264,2.2990606749304017,675040800
2006-01-10,2.422808885574341,2.453671092836481,2.2720948930066407,2.2846792454532374,2279869200
2006-01-11,2.5138964653015137,2.540862387001667,2.4746446302052725,2.5120986438433386,1493794400
2006-01-12,2.5255813598632812,2.5888033440114615,2.505506688187944,2.5459564685296443,1280809600
2006-01-13,2.5645339488983154,2.5771182992820183,2.5348706944048427,2.546555733994046,776305600
2006-01-17,2.538165330886841,2.588203680410102,2.5129964377253873,2.567828576387141,835623600
2006-01-18,2.4716479778289795,2.51839093790057,2.4524718147764077,2.489326756360887,1200637200
2006-01-19,2.3682754039764404,2.4467790634436186,2.3592868979875075,2.4344941518491128,1695848000
2006-01-20,2.2798852920532227,2.3982388841269198,2.2720947315379463,2.3754676766148504,1134758800
2006-01-23,2.327227830886841,2.3838578251352134,2.277189450754502,2.2801852207555893,1059730000
2006-01-24,2.2783868312835693,2.379662514405265,2.2702966340953705,2.3598862768094575,1142254400
2006-01-25,2.2232553958892822,2.3221331905678118,2.194790085239457,2.3188375841179982,1275786400
2006-01-26,2.167224407196045,2.2601102680985403,2.1552397284431617,2.2331435407564704,1181387200
2006-01-27,2.1582345962524414,2.2052761765558557,2.1303691722474554,2.1858003834391124,953864800
2006-01-30,2.247225522994995,2.295166439231856,2.123478251735597,2.132467761102519,1398401200
2006-01-31,2.2625064849853516,2.287375946091058,2.2097717940339514,2.2622070481285874,913542000
2006-02-01,2.259809970855713,2.2909716149657515,2.2364388877916905,2.245727833678923,521186400
2006-02-02,2.160331964492798,2.258011562971519,2.158833580438712,2.2502210060180374,707322000
2006-02-03,2.152841567993164,2.1810072371913107,2.1285719786796964,2.164527407351553,692123600
2006-02-06,2.016510009765625,2.1726178558565645,1.9997307410974652,2.15793604577809,1651767600
2006-02-07,2.0254998207092285,2.081830573983053,1.9979340180816632,2.0455746986829006,1388830800
2006-02-08,2.0617544651031494,2.069844662038892,1.9775584898332015,2.052165883525028,953114400
2006-02-09,1.946097731590271,2.0743393554949945,1.933513178765542,2.0704438748264478,1149764000
2006-02-10,2.016810417175293,2.0275969468573085,1.8846735283363543,1.9529887497215404,1760477600
2006-02-13,1.9389054775238037,2.0000308019963766,1.9368082193532055,1.9964349593513746,883498000
2006-02-14,2.0266976356506348,2.0404809347494237,1.9475958845969534,1.9505918539169405,1160938800
2006-02-15,2.0740396976470947,2.0860251764306605,2.0000313664053677,2.0123154820351266,1159771200
2006-02-16,2.1144890785217285,2.127672702578783,2.08183005533988,2.0947140424854274,948175200
2006-02-17,2.1060996055603027,2.1240778216211393,2.0857246940739995,2.10639924249465,575999200
2006-02-21,2.069845676422119,2.121381452306684,2.0578601936064715,2.1150892738532154,779606800
2006-02-22,2.1369621753692627,2.147449269841036,2.037484496367877,2.0674481949292014,978238800
2006-02-23,2.1498451232910156,2.187298928233426,2.1402565443759825,2.1510440707015066,856917600
2006-02-24,2.1411571502685547,2.18400384018106,2.1333663884101552,2.1615320657842365,534744000
2006-02-27,2.1270737648010254,2.160931937867965,2.1168863091829464,2.1570364577446197,791240800
2006-02-28,2.0521650314331055,2.1693206195989347,2.040479996365219,2.1447514021929375,1266980400
2006-03-01,2.070444107055664,2.0821301503226937,2.0380845105328302,2.0626535448941135,763817600
2006-03-02,2.085724353790283,2.0971107554624564,2.0575594866799864,2.067147867014765,625273600
2006-03-03,2.029094934463501,2.094714636596422,2.023402631628945,2.0794327497259446,737668400
2006-03-06,1.9619781970977783,2.0290952960755386,1.9457987965273196,2.028196784975331,912665600
2006-03-07,1.9868468046188354,2.0045255846473875,1.9499928600376308,1.9703671724611542,872877600
2006-03-08,1.9673712253570557,2.0135143159372997,1.9580830798998186,1.9862479533228221,653251200
2006-03-09,1.9155347347259521,1.9916413087056297,1.9119396919276974,1.9769595003602285,799304800
2006-03-10,1.8933634757995605,1.9323148913481096,1.8711903345426204,1.9191312614610085,1043142800
2006-03-13,1.967970371246338,1.9859483890367322,1.9413038816353696,1.9490936425898653,861187600
2006-03-14,2.0171098709106445,2.0171098709106445,1.9625773480978204,1.9706673454391328,642020400
2006-03-15,1.984449863433838,2.0386831498723983,1.9631762406023379,2.0287951307754835,891996000
2006-03-16,1.9269212484359741,2.0045254113525304,1.9266216115126598,2.003027026711311,749638400
2006-03-17,1.937408208847046,1.9637750561560063,1.9209283792112,1.940104540924037,812042000
2006-03-20,1.917332649230957,1.9613782764298089,1.9137368061596096,1.954187590410347,605441200
2006-03-21,1.8520137071609497,1.9278200603825213,1.8394293544647164,1.8520137071609497,1345366400
2006-03-22,1.8478195667266846,1.8951614226951183,1.8358340841779752,1.8625013827993693,1345895600
2006-03-23,1.8025752305984497,1.8547110870937173,1.7860961898369498,1.8523139902376657,1427826400
2006-03-24,1.7965823411941528,1.8259461621225146,1.7687161049368127,1.8052716126905934,1071980000
2006-03-27,1.7830989360809326,1.8391300598011824,1.779803528870152,1.808267846182622,1108072000
2006-03-28,1.7591286897659302,1.8019753773707752,1.7453453888024946,1.7866944915940632,1370322800
2006-03-29,1.8675929307937622,1.873286229901572,1.72796598532394,1.7717119571039819,2346834000
2006-03-30,1.8801788091659546,1.8966586444876998,1.8436242945456907,1.882276268210048,1390650800
2006-03-31,1.879279375076294,1.9059466554882782,1.864897005863401,1.8951601286093653,815357200
2006-04-03,1.8771824836730957,1.9212281151346842,1.8759837358502007,1.9077452525032708,815791200
2006-04-04,1.8328367471694946,1.8642978153059584,1.8292409050609204,1.8607019731973842,931924000
2006-04-05,2.013812780380249,2.013812780380249,1.9221257173766915,1.9389049785712846,2233408800
2006-04-06,2.13456392288208,2.1588335031687156,2.0434759373443523,2.046472705345262,2663768800
2006-04-07,2.0911178588867188,2.1336650932421604,2.0515665931090394,2.1252754611112294,1545238800
2006-04-10,2.0575594902038574,2.1252756262125976,2.0509676787370306,2.106099265559444,903515200
2006-04-11,2.0371854305267334,2.076437082693891,2.0096194229026083,2.067148934521903,939316000
2006-04-12,1.99883234500885,2.0425785408622197,1.986547429731917,2.0377847495743517,739894400
2006-04-13,1.9916417598724365,2.0207051461670464,1.9718657195956593,1.9877464792118593,734678000
2006-04-17,1.9419023990631104,2.0027272913331915,1.9281191012682466,1.9928392733499196,721938000
2006-04-18,1.9841505289077759,1.9916416528772833,1.9413038441160133,1.9487939679621638,794844400
2006-04-19,1.9670716524124146,2.007521438071225,1.961677787588875,2.002128573370956,1086033200
2006-04-20,2.026397705078125,2.097410041633673,1.9835508336831793,2.082728235350112,1666982800
2006-04-21,2.0087201595306396,2.0566610678841326,1.991641454709752,2.0431774061250465,788986800
2006-04-24,1.9700673818588257,2.005124502133809,1.9625772588112116,2.003027043652869,707028000
2006-04-25,1.9826527833938599,1.995237139629625,1.9643759231985047,1.9763606052759772,529062800
2006-04-26,2.0419788360595703,2.0458733152190898,1.9895435846577672,1.99703390623386,710886400
2006-04-27,2.0782344341278076,2.0932156812277887,2.01800840861177,2.029395012513309,845947200
2006-04-28,2.1090967655181885,2.136363131519042,2.0734409638513567,2.078833829594298,760037600
2006-05-01,2.0854244232177734,2.143552970688102,2.0722410021879227,2.1204813338059294,750380400
2006-05-02,2.1459503173828125,2.1567368459629668,2.100706544692947,2.101904692269165,771663200
2006-05-03,2.1315674781799316,2.1558378622459524,2.1028035416275044,2.152242020133861,686991200
2006-05-04,2.1312685012817383,2.184003196439464,2.1111936287261814,2.133964833380032,860420400
2006-05-05,2.154040575027466,2.164827103913947,2.1318674433261684,2.1531418643074614,563911600
2006-05-08,2.154040575027466,2.2112696255728626,2.1489471475237507,2.187000035590602,594851600
2006-05-09,2.128272533416748,2.174115979826714,2.115987420293486,2.1519430488483895,531666800
2006-05-10,2.1153886318206787,2.1372611266768726,2.0857245769855792,2.136062378982123,459888800
2006-05-11,2.0419788360595703,2.1225789527420345,2.024000624099754,2.12108056838744,812688800
2006-05-12,2.0284955501556396,2.0581588081713593,2.003326646375009,2.0329899043907282,641774000
2006-05-15,2.031191825866699,2.048870403719824,2.011116952810021,2.0186072755552176,529177600
2006-05-16,1.9469956159591675,2.0449748742266625,1.9401043678560643,2.0404805211084507,936740000
2006-05-17,1.9553855657577515,1.9685699904986484,1.9197295718040719,1.938905734917903,754194000
2006-05-18,1.8930631875991821,1.9853493651641576,1.891265365953502,1.9679702225645899,658442400
2006-05-19,1.9329137802124023,1.943999745115643,1.8822755456364253,1.8954597688770887,985866000
2006-05-22,1.8990551233291626,1.9173327766734694,1.8807782700834954,1.9137369333631111,718975600
2006-05-23,1.8921633958816528,1.9532877161042974,1.8876690429342387,1.943400499664283,694414000
2006-05-24,1.8978570699691772,1.9071454155363512,1.844522492011745,1.8873701765805173,916031200
2006-05-25,1.927520513534546,1.931116357368949,1.896358867257759,1.9254232546702352,463372000
2006-05-26,1.904148817062378,1.934410939410828,1.8918639059747147,1.926920818099324,432950000
2006-05-30,1.834335207939148,1.8966576730828266,1.834335207939148,1.8963580362299917,563402000
2006-05-31,1.7908899784088135,1.851415266918595,1.7585293745832349,1.850515955651034,1280977600
2006-06-01,1.862800121307373,1.8660965278216337,1.7833981294197863,1.7932861488145655,942508000
2006-06-02,1.8475196361541748,1.8906659663018317,1.8241485489712983,1.8873705591986925,685787200
2006-06-05,1.797780156135559,1.8322379988428086,1.7968816455042116,1.8322379988428086,605785600
2006-06-06,1.7893904447555542,1.8166568007989148,1.7651208575655233,1.8043716887021453,726037200
2006-06-07,1.754633903503418,1.8097656936224111,1.748341728549139,1.800776986558947,750506400
2006-06-08,1.8205522298812866,1.8256454571930092,1.7123853074092439,1.7510380681097615,1397482800
2006-06-09,1.7750086784362793,1.8445226581205107,1.7708137606833056,1.8331370528650741,775838000
2006-06-12,1.7078914642333984,1.7896905635311158,1.7066935163291717,1.779803342808803,717785600
2006-06-13,1.747741937637329,1.7708133802480341,1.7186777566669775,1.7261686796165359,1080643200
2006-06-14,1.7261685132980347,1.761225629274881,1.6986027195982383,1.7462441848685348,878136000
2006-06-15,1.7792032957077026,1.7899898264140905,1.700401174093824,1.7168808071435198,1190383600
2006-06-16,1.7246702909469604,1.773510708413958,1.7234723433517822,1.7666186592672792,838101600
2006-06-19,1.7138839960098267,1.7432478178388318,1.707891256845945,1.7327607243267105,704575200
2006-06-20,1.7219741344451904,1.748341985831482,1.7165804693591937,1.7261688516904505,672974400
2006-06-21,1.7336599826812744,1.7591285232814797,1.7168807135805428,1.7300643392919752,863296000
2006-06-22,1.7851957082748413,1.790289935804239,1.73995213497209,1.7438466147112675,965633200
2006-06-23,1.7627233266830444,1.8028746769549573,1.7597275573337505,1.7893908145255493,660203600
2006-06-26,1.7675179243087769,1.7738100993840675,1.7489406359431467,1.7729107886062276,466536000
2006-06-27,1.72077476978302,1.7744089703580737,1.7198762592064396,1.77051369097955,550611600
2006-06-28,1.6785272359848022,1.7168803574661446,1.6602503860035007,1.7165801205053146,850704400
2006-06-29,1.7669181823730469,1.770514025580477,1.6896142542392132,1.7007004206701308,873398400
2006-06-30,1.7159817218780518,1.7303640980858854,1.692910272579133,1.725570306057779,739695600
2006-07-03,1.7363563776016235,1.7432476268356876,1.7180787251790914,1.7234723898602866,194770800
2006-07-05,1.7078914642333984,1.7258696839081196,1.694708036546024,1.7123858191273826,518240800
2006-07-06,1.6710370779037476,1.7198764950992755,1.6662423871802452,1.7105883507657893,633208800
2006-07-07,1.6599501371383667,1.6944080809305537,1.638077443327974,1.6623478324351675,799360800
2006-07-10,1.6479655504226685,1.692610151208202,1.6329842045293397,1.6689396346979746,529345600
2006-07-11,1.6674412488937378,1.6776288041235419,1.633882714077079,1.6512610552985352,825022800
2006-07-12,1.5868412256240845,1.6551564475176561,1.585642377830251,1.6530589889431775,927329200
2006-07-13,1.565566897392273,1.6215980082827735,1.540397993053645,1.558975184368826,1249906000
2006-07-14,1.5182256698608398,1.5847437659618728,1.5029447870099006,1.5730578260658195,993036800
2006-07-17,1.569162368774414,1.5913352983310953,1.5475892130517597,1.5499861081170068,1024542400
2006-07-18,1.58504319190979,1.6135074971783747,1.5535820175884267,1.592832951188375,1000448400
2006-07-19,1.620998740196228,1.6503625584191595,1.5688630160087678,1.586841131280244,1390743200
2006-07-20,1.8127620220184326,1.8454220545579034,1.7893911364114277,1.826545523869623,1972146400
2006-07-21,1.8193532228469849,1.8322380093924278,1.786993638306674,1.7923873024459853,891892400
2006-07-24,1.8403271436691284,1.8607020495991105,1.8106638953566614,1.8355331540515685,722856400
2006-07-25,1.8556101322174072,1.8604039251921447,1.8211520698805517,1.851115776281941,589069600
2006-07-26,1.9137369394302368,1.9368085838706255,1.8481182494801496,1.8577068316304037,898427600
2006-07-27,1.899654746055603,1.948194723845181,1.8834743534098102,1.932613404976451,735044800
2006-07-28,1.9652734994888306,1.9679700316711264,1.902650785078011,1.9158342091268896,691507600
2006-07-31,2.0362863540649414,2.0563610300607507,1.9859483454118858,2.0024281780223494,892841600
2006-08-01,2.01291561126709,2.0353871866873843,1.9757612224012466,2.014113559223297,711765600
2006-08-02,2.0422792434692383,2.057859566281031,2.0228026398063834,2.0269973574883804,550768400
2006-08-03,2.0851259231567383,2.0974108392250717,2.0317921412918456,2.034788111021261,841044400
2006-08-04,2.046473741531372,2.055761886811058,1.946397001515804,2.0090199232684234,1852866400
2006-08-07,2.013812780380249,2.085424177252908,1.9868458677162446,2.0290936575106513,1245512800
2006-08-08,1.9410027265548706,2.010817113120854,1.932913531653831,2.010217239341565,997864000
2006-08-09,1.9053468704223633,1.965572681761286,1.8996545699325362,1.9604794549929794,955838800
2006-08-10,1.9197300672531128,1.941903005386784,1.8786811981328173,1.8951610332258253,697760000
2006-08-11,1.9071457386016846,1.9215281148711782,1.8750853790446844,1.8945611843689656,777529200
2006-08-14,1.9158345460891724,1.9541878775310977,1.9056478894167364,1.9191307527242594,717620400
2006-08-15,1.9910413026809692,1.9925396871362324,1.9416028166668577,1.9577822083946452,861352800
2006-08-16,2.0368857383728027,2.0395822716369048,1.9874472282754854,2.0105188796970834,781284000
2006-08-17,2.025200128555298,2.057260281910656,2.0129152136956074,2.0374842433163276,581148400
2006-08-18,2.03478741645813,2.0494692233132548,2.015311619618035,2.028794678946147,536354000
2006-08-21,1.9943370819091797,2.016809643537772,1.982052172230026,2.0165092066174064,526226400
2006-08-22,2.0260982513427734,2.047072433664702,1.9925397196473893,1.9979333837103201,576968000
2006-08-23,2.016810417175293,2.056960766607514,2.0057234504576655,2.037484165679065,536258800
2006-08-24,2.031791925430298,2.0431775293059973,1.9856488358627664,2.03418882097399,655191600
2006-08-25,2.0599558353424072,2.068944339448221,2.016809535452682,2.017708045821494,543958800
2006-08-28,2.006922960281372,2.055762394513923,1.9979342497040116,2.0524669873582417,738161200
2006-08-29,1.9919408559799194,2.0153119358703036,1.9511908345776,2.007221738959575,947332400
2006-08-30,2.0063223838806152,2.032090348282865,1.9979327536026892,2.017707982074589,680142400
2006-08-31,2.032989740371704,2.0464736020877763,1.9973337462196574,2.0159110356365213,574697200
2006-09-01,2.04887056350708,2.0569607607826685,2.0320912951329513,2.0518665328190955,408494800
2006-09-05,2.1417555809020996,2.142354654740615,2.053963960194341,2.066548311271588,1012457600
2006-09-06,2.098309278488159,2.14804821501952,2.088422058654387,2.1297703599928064,974103200
2006-09-07,2.1813063621520996,2.2016814688643986,2.10490116215939,2.1153882523670133,1267957600
2006-09-08,2.1729166507720947,2.2043779202479694,2.154639002772597,2.198385183190888,895921600
2006-09-11,2.172318458557129,2.2091724028468036,2.1399578683221914,2.1702209999291915,949124400
2006-09-12,2.176213502883911,2.2007825297132824,2.1408569470637824,2.181606367268399,1684687200
2006-09-13,2.2232553958892822,2.2268510393429026,2.1663257747129774,2.182805407159399,1146138000
2006-09-14,2.2223563194274902,2.237337563263783,2.201081701025844,2.208872459883739,801729600
2006-09-15,2.22025990486145,2.246626762388727,2.195989506343895,2.2352411557393306,981853600
2006-09-18,2.2139668464660645,2.2430304282250173,2.19628826778045,2.211269714074889,705278000
2006-09-19,2.2103710174560547,2.2280487945564023,2.181306638042751,2.2202590352113623,710049200
2006-09-20,2.2550156116485596,2.2676001620301487,2.2238539726213418,2.2286487633262144,822791200
2006-09-21,2.2367382049560547,2.2789868144954952,2.2178614773278045,2.2547164217918443,794124800
2006-09-22,2.1872992515563965,2.2274495939721075,2.174714902451682,2.22625064638439,665112000
2006-09-25,2.2696971893310547,2.2729933947884,2.208872307426345,2.211568639094833,858992400
2006-09-26,2.3254289627075195,2.3305223899327046,2.280184391108373,2.282581486296349,1102948000
2006-09-27,2.28947377204895,2.3212344864794088,2.271794993182646,2.312244978544518,810373200
2006-09-28,2.307451009750366,2.3215339455723814,2.2756904950410086,2.3077506466827495,723609600
2006-09-29,2.3065531253814697,2.322732524000653,2.297563614919426,2.3104484065602744,405812400
2006-10-02,2.243029832839966,2.273292754372096,2.2262503694135316,2.25022131720072,712639200
2006-10-03,2.2196598052978516,2.245728023281894,2.192993313460057,2.230746773925663,790708800
2006-10-04,2.2586119174957275,2.261008813277745,2.1920939090325575,2.2202595847366116,829082800
2006-10-05,2.242131233215332,2.2819821357841144,2.2211572529379904,2.23314272742437,683883200
2006-10-06,2.2238543033599854,2.248424333973071,2.2115693880657785,2.229847042539926,466958800
2006-10-09,2.2361397743225098,2.249623439621867,2.2031801036401557,2.21127030281977,438222400
2006-10-10,2.21156907081604,2.234640513275196,2.189696376045584,2.23344256568507,531588400
2006-10-11,2.194190502166748,2.216663068512175,2.1753137784651515,2.199883803005117,571855200
2006-10-12,2.2550156116485596,2.258911091560845,2.205276883975713,2.2055771209640747,592855200
2006-10-13,2.2478249073028564,2.3035555727078054,2.2394352737922927,2.2661017588099197,684196800
2006-10-16,2.2592108249664307,2.273593198722275,2.240933170811697,2.2529186489621247,508692800
2006-10-17,2.225951671600342,2.255315492314559,2.2184613480038724,2.2484242425870624,480925200
2006-10-18,2.2331438064575195,2.2583127149664635,2.2145665120518725,2.2397354205608164,1133907600
2006-10-19,2.3667774200439453,2.3955421642622996,2.3419089559017303,2.3748676168692207,1512977200
2006-10-20,2.395542621612549,2.396741569568559,2.35719028874811,2.3661789979985564,639413600
2006-10-23,2.4407873153686523,2.4539707428637194,2.3895499901171853,2.3967416779315607,832507200
2006-10-24,2.428502082824707,2.4473788107023835,2.403033542044805,2.4332958739949313,463212400
2006-10-25,2.447378396987915,2.4569659777076414,2.4273027246496857,2.4374901792444525,485214800
2006-10-26,2.4626595973968506,2.4749445118847087,2.43089888192654,2.4539703261809485,432756800
2006-10-27,2.4093258380889893,2.4704501739131675,2.3973403604377226,2.4494759880727712,594966400
2006-10-30,2.4096243381500244,2.424006705715058,2.382058550368258,2.3967403547334922,499917600
2006-10-31,2.4294004440307617,2.4473786599970375,2.403931904819168,2.440487410592608,501474400
2006-11-01,2.3718719482421875,2.438390152641158,2.3479011916733463,2.4300005178581,611192400
2006-11-02,2.366478204727173,2.3766656609178565,2.3520958312713454,2.3646803830421113,465483200
2006-11-03,2.3458034992218018,2.3829578781654526,2.330822052893038,2.3778644504462125,431888800
2006-11-06,2.3883512020111084,2.3988382929543435,2.34999788078185,2.365579198815862,434576800
2006-11-07,2.4123222827911377,2.4270042969997143,2.4009366759088557,2.410524460640122,525932400
2006-11-08,2.4704501628875732,2.47764084937226,2.393744506434424,2.397639786653701,690916800
2006-11-09,2.4971179962158203,2.537567791800293,2.46056268160309,2.4839337679523137,923053600
2006-11-10,2.4905247688293457,2.5049071415240665,2.471948479214744,2.50340955693976,373864400
2006-11-13,2.5273799896240234,2.5303759592210917,2.476143468842971,2.4935218127181797,450674000
2006-11-14,2.5468544960021973,2.5468544960021973,2.5138958442504706,2.540861759288769,588954800
2006-11-15,2.5183911323547363,2.5738223673501857,2.516892747595133,2.548353826930206,655323200
2006-11-16,2.5651330947875977,2.585807844096035,2.5354698371474567,2.5429601607448777,693940800
2006-11-17,2.572324514389038,2.5750218475435647,2.5468559687037304,2.551050886828812,466424000
2006-11-20,2.5909006595611572,2.60678141521581,2.5528477734929806,2.5588405114758683,570794000
2006-11-21,2.6547226905822754,2.6547226905822754,2.6100773864338978,2.6193663316323375,622666800
2006-11-22,2.7059595584869385,2.719142985531709,2.632250661635661,2.666408277229196,671941200
2006-11-24,2.745509624481201,2.788956167247561,2.681688776218499,2.6825872867113327,518677600
2006-11-27,2.682887554168701,2.7913539262180307,2.6816896064822315,2.7718783252093817,1074836000
2006-11-28,2.750903606414795,2.7556973964783884,2.693973198898742,2.707457058615711,1036173600
2006-11-29,2.750603437423706,2.7910542204172226,2.7041609163284783,2.786559866773179,1157083200
2006-11-30,2.746408700942993,2.776971265621006,2.728431286496084,2.762888530918364,870486400
2006-12-01,2.736222505569458,2.766484638320843,2.6996669965473066,2.7506038794726324,795079600
2006-12-04,2.7302300930023193,2.758095333436729,2.7116527993217545,2.753002104591634,709536800
2006-12-05,2.7347230911254883,2.7664835967407275,2.7227376172620072,2.7461086912220036,662838400
2006-12-06,2.6915764808654785,2.7383192374655687,2.6867826904866448,2.71584686988311,638184400
2006-12-07,2.6079795360565186,2.7116519018525156,2.6037846195114542,2.697569167761573,1004827600
2006-12-08,2.6445350646972656,2.6783932367663517,2.606781612644287,2.6136728617972627,784277200
2006-12-11,2.659217357635498,2.67569719131027,2.638243369364788,2.6637117122561205,499780400
2006-12-12,2.5810132026672363,2.6619129576639557,2.562735553538829,2.65502170967188,1026620000
2006-12-13,2.6682052612304688,2.6688043349776063,2.611275653085551,2.635245803857492,857052000
2006-12-14,2.653224229812622,2.6966709849514876,2.6445351588193655,2.6682056763884265,832330800
2006-12-15,2.628354549407959,2.6732994821114406,2.6166693109597166,2.667306744407794,739939200
2006-12-18,2.560938835144043,2.6367451960218284,2.534570979133931,2.6256590270565914,721576800
2006-12-19,2.586106777191162,2.597192942015712,2.5055066544606284,2.538764948909652,911405600
2006-12-20,2.5396640300750732,2.5968930704052724,2.539064956376884,2.5909003331773084,567691600
2006-12-21,2.483933210372925,2.5612377401979654,2.4629590247505844,2.537866859119609,903599200
2006-12-22,2.462959051132202,2.5180916482714135,2.4449816347482813,2.5007125056469426,613303600
2006-12-26,2.442284345626831,2.474045859376138,2.4237078565759465,2.461461308669928,490688800
2006-12-27,2.4425837993621826,2.4569653668910596,2.3002595073679712,2.3416077891702116,1935754800
2006-12-28,2.4231081008911133,2.434494503573621,2.386553597768965,2.403632301681843,1119876800
2006-12-29,2.542060613632202,2.558839875766441,2.497715563723558,2.515393336282743,1076429200
2007-01-03,2.5109002590179443,2.594197738388884,2.4539706335864224,2.585508466084489,1238319600
2007-01-04,2.56663179397583,2.5753208657726465,2.511499193370747,2.518391243504981,847260400
2007-01-05,2.548354148864746,2.582811401998032,2.5288785449488285,2.569927411699241,834741600
2007-01-08,2.560938835144043,2.592699557087176,2.555245532111827,2.575620648114027,797106800
2007-01-09,2.7736752033233643,2.7859601172080426,2.551349605873228,2.5903020060242365,3349298400
2007-01-10,2.90641188621521,2.930381839447638,2.800042980970604,2.8389951800996007,2952880000
2007-01-11,2.8704566955566406,2.8998205178370298,2.849482708234656,2.8746516130358426,1440252800
2007-01-12,2.835099220275879,2.848282641385952,2.793450498907064,2.834199709666827,1312690400
2007-01-16,2.9094078540802,2.9139022081167925,2.859969559628369,2.866860809139637,1244076400
2007-01-17,2.844986915588379,2.9243888926984867,2.8410924360442076,2.92319094519001,1646260000
2007-01-18,2.6688039302825928,2.7598919295807547,2.668204856626298,2.7595922927403107,2364605600
2007-01-19,2.6517250537872314,2.686183090717235,2.6403394538238443,2.6556205327719113,1364473600
2007-01-22,2.600489377975464,2.67150192665822,2.5663317697885546,2.6709020527542897,1454026000
2007-01-23,2.567829132080078,2.622062208854306,2.562136831286218,2.5687284427965444,1207424400
2007-01-24,2.597792863845825,2.611275723977992,2.579215576441515,2.5971929899839084,927813600
2007-01-25,2.5843095779418945,2.651726093856666,2.577717764833189,2.610077556455501,905973600
2007-01-26,2.558241128921509,2.617867264457287,2.5465552912653626,2.610076706019856,986874000
2007-01-29,2.5750205516815186,2.596294168535938,2.5627354404976086,2.585807078525498,901664400
2007-01-30,2.5633347034454346,2.5915003701659067,2.5543459970866658,2.589702548884305,577970400
2007-01-31,2.5687294006347656,2.576819599656408,2.5273802946229487,2.542661181589729,856069200
2007-02-01,2.5390658378601074,2.584908493347686,2.5390658378601074,2.5837105455600247,664342000
2007-02-02,2.53936505317688,2.5543462988864234,2.507903777105515,2.5204883275389895,621530000
2007-02-05,2.5150952339172363,2.5537480047628507,2.5150952339172363,2.5258817652804146,578852400
2007-02-06,2.5213868618011475,2.530975443216827,2.4827348994664105,2.530375569305952,864393600
2007-02-07,2.581312656402588,2.588203903905751,2.503408875597279,2.531274302558433,1066825200
2007-02-08,2.582212448120117,2.592100469079646,2.5591409992886454,2.5597398732367953,679030800
2007-02-09,2.4950199127197266,2.5828109330163027,2.4932220911371243,2.5732231513163843,860540800
2007-02-12,2.5432612895965576,2.552250000397993,2.505807261125411,2.5297774232955303,724071600
2007-02-13,2.53786563873291,2.5555434094853697,2.525880166969718,2.5516489312605812,580986000
2007-02-14,2.555844783782959,2.566031639216889,2.5339712880807523,2.5357693096699685,507981600
2007-02-15,2.553147792816162,2.5654327074965497,2.5402638042723855,2.5600398425780755,363661200
2007-02-16,2.541761875152588,2.5591402156861554,2.536667647683879,2.5543462251983846,399868000
2007-02-20,2.573822021484375,2.5816125810591783,2.5216861998377227,2.5363682082425227,617702400
2007-02-21,2.672698974609375,2.681388042170366,2.5756190471220037,2.5762181207257138,1155313600
2007-02-22,2.6819889545440674,2.720940355295575,2.652625335484528,2.7206409183900426,838224800
2007-02-23,2.6688039302825928,2.706857608994359,2.662212119817423,2.671501261920366,517893600
2007-02-26,2.652024507522583,2.696669994010304,2.6250583936545024,2.6918752047782375,615848800
2007-02-27,2.5147950649261475,2.609178494547526,2.499214745169465,2.5858076148632096,1145813200
2007-02-28,2.535170316696167,2.5648335733589596,2.4869299699896774,2.4869299699896774,919475200
2007-03-01,2.608579397201538,2.646033208929871,2.509401185281074,2.5177908183056594,1415528800
2007-03-02,2.559140205383301,2.6229618661996086,2.5531474672669168,2.599890224500803,860000400
2007-03-05,2.586406946182251,2.6562205607386677,2.569627675726898,2.5735231564044603,838899600
2007-03-06,2.64243745803833,2.646033300923352,2.618766942639336,2.6307516187420767,723186800
2007-03-07,2.628354549407959,2.6658083599572593,2.620264353508036,2.638242566618976,626284400
2007-03-08,2.636744499206543,2.658317557435091,2.620564105461191,2.654423077557946,511011200
2007-03-09,2.6358461380004883,2.662212988414664,2.6187672325720643,2.6607154037976093,451836000
2007-03-12,2.692774534225464,2.696370376144067,2.6364440113666374,2.6388409059380686,729408400
2007-03-13,2.648728847503662,2.7146469418375343,2.648728847503662,2.6789909635041482,867890800
2007-03-14,2.6966707706451416,2.6966707706451416,2.634347493785472,2.6547224035271086,796586000
2007-03-15,2.683786630630493,2.7074571449690947,2.675995871424032,2.695471669304735,559498800
2007-03-16,2.6843857765197754,2.6963712533992776,2.6762957796507587,2.68288739188519,571704000
2007-03-19,2.7305288314819336,2.7431133820383478,2.684385746141276,2.7038615457761224,712961200
2007-03-20,2.741015911102295,2.75180244007327,2.728431360603298,2.7371206311783105,488916400
2007-03-21,2.8126273155212402,2.8165225954194963,2.746109320508134,2.7562967756020074,686896000
2007-03-22,2.8153235912323,2.8273088667257085,2.7865596501367675,2.80843234285868,561492400
2007-03-23,2.8021399974823,2.818619826467116,2.795548385927776,2.797046770407807,450884000
2007-03-26,2.871953010559082,2.873451394735297,2.7955478190964587,2.8162223603397645,864987200
2007-03-27,2.86026930809021,2.9013181728148547,2.8464860074677243,2.867759632267522,932052800
2007-03-28,2.793750524520874,2.858470896552314,2.7910541923960146,2.8428895772993323,942337200
2007-03-29,2.8090319633483887,2.8222163899724704,2.7634889444941657,2.8222163899724704,725723600
2007-03-30,2.783862590789795,2.836897725078756,2.7790688001622117,2.8249122483865765,600558000
2007-04-02,2.806035280227661,2.8240124923081447,2.787158557463161,2.820717086811333,501992400
2007-04-03,2.8315038681030273,2.8533765614811273,2.809330937754095,2.8207173398624477,583934400
2007-04-04,2.824613571166992,2.850680989860031,2.820418653196516,2.844688249902208,476784000
2007-04-05,2.8368980884552,2.8368980884552,2.802140601645104,2.8201188189861917,355516000
2007-04-09,2.806035280227661,2.8554735635659023,2.787757431154054,2.8527772317845956,413341600
2007-04-10,2.8240132331848145,2.824313670232144,2.7988443295706524,2.8066348902360345,352466800
2007-04-11,2.774275064468384,2.815024285856164,2.766484304439557,2.813525901215327,549018400
2007-04-12,2.762288808822632,2.7658846509124286,2.718243193646831,2.7577944562657177,656675600
2007-04-13,2.7038614749908447,2.7386189565888377,2.6984686106712226,2.7236375111005002,719941600
2007-04-16,2.7395179271698,2.741615385897178,2.704161365839441,2.7137499486178447,609033600
2007-04-17,2.7071573734283447,2.7655853642382326,2.6876809764424805,2.75659585788783,751920400
2007-04-18,2.7086551189422607,2.722138979221115,2.6846851675023395,2.701464433547228,464044000
2007-04-19,2.704761028289795,2.7341248481024585,2.691576803009912,2.702363332714871,425913600
2007-04-20,2.7257351875305176,2.7320273631350416,2.713150636296813,2.7233374919787665,522779600
2007-04-23,2.8018405437469482,2.8105296134867235,2.739217834060481,2.7443110611043093,780290000
2007-04-24,2.793750524520874,2.888134150369259,2.735622164470656,2.815323781840049,1055252800
2007-04-25,2.8569722175598145,2.858470802100761,2.8105296984654395,2.8234136850446476,1187144000
2007-04-26,2.9615437984466553,3.071208121542437,2.945363603209519,3.043642322306178,1737778000
2007-04-27,2.9939048290252686,2.9948041402950034,2.9270879619264916,2.941769778474212,699403600
2007-04-30,2.9903080463409424,3.0262634741304932,2.986412766650399,2.998997116370583,616509600
2007-05-01,2.980419635772705,3.0067874794081346,2.952853844772001,2.9840154781145887,532523600
2007-05-02,3.007986068725586,3.012480422556744,2.9804202718419015,2.9858139364935177,505145200
2007-05-03,3.0082852840423584,3.0397463565251837,2.9966000457288775,3.018173301139341,576077600
2007-05-04,3.0205702781677246,3.044240792368236,3.011282134655913,3.0202706412778637,381987200
2007-05-07,3.113755941390991,3.1266397283700837,3.0265632012991377,3.0286604596319657,861557200
2007-05-08,3.147913694381714,3.1506102268270073,3.0987740361389746,3.1002724208691648,783997200
2007-05-09,3.202446222305298,3.2048431176633794,3.142819474783144,3.143419348702771,717757600
2007-05-10,3.216228723526001,3.2611736619183205,3.173681480592494,3.1949551020592475,1197257600
2007-05-11,3.2581772804260254,3.2698633218427746,3.1994498366795745,3.2282145846722656,653696400
2007-05-14,3.276754140853882,3.295930303618983,3.2434950428788616,3.284544700757241,651946400
2007-05-15,3.2216227054595947,3.301923408514871,3.1904610624611975,3.2830466805491954,954514400
2007-05-16,3.216228723526001,3.2608742250198604,3.098773850012573,3.251884717277311,1126767600
2007-05-17,3.279151201248169,3.2920359894785265,3.210536543531952,3.210536543531952,735291200
2007-05-18,3.2965292930603027,3.3151063770270275,3.2890381720615536,3.3028214666540023,621345200
2007-05-21,3.355257987976074,3.369339924634206,3.2974290562095394,3.305219616982269,639892400
2007-05-22,3.4019997119903564,3.4082920875543614,3.3561564616005293,3.370538634268947,572409600
2007-05-23,3.3825225830078125,3.4457443468130093,3.3735330790721867,3.4163807408820355,911374800
2007-05-24,3.3166048526763916,3.4295653710116154,3.307017271350625,3.3801272795387707,887362000
2007-05-25,3.4043967723846436,3.4091905631918773,3.3408753437327334,3.35585679011011,632959600
2007-05-29,3.4262702465057373,3.441550929665735,3.3765313167822293,3.429266215722828,645694000
2007-05-30,3.558706045150757,3.5620016508105836,3.4016999190891806,3.424771158954181,1478444800
2007-05-31,3.6312170028686523,3.6605806240000156,3.581778506097058,3.597658464418713,1297066400
2007-06-01,3.547618865966797,3.6312159509731368,3.5443236605554294,3.628519219192388,885262000
2007-06-04,3.6354126930236816,3.6473981749436075,3.532639585857097,3.554513090360962,886673200
2007-06-05,3.675562620162964,3.6761622942044645,3.610542992216987,3.6378091587590435,920785600
2007-06-06,3.7046267986297607,3.7169119160978417,3.6539897438980105,3.6644766392481776,1112241200
2007-06-07,3.7175097465515137,3.823579218571801,3.691142897096374,3.745076743913091,1915079600
2007-06-08,3.730095386505127,3.770246344284327,3.6641768469841245,3.7699459071868113,1241682400
2007-06-11,3.6012539863586426,3.779833202783013,3.581778385278008,3.7753390487140392,1874258400
2007-06-12,3.6069464683532715,3.646797374588078,3.544922832328131,3.5760842687609373,1426566400
2007-06-13,3.520653247833252,3.6312164661866375,3.4577310975516387,3.6300183186077466,1721353200
2007-06-14,3.558107852935791,3.5790816433557997,3.488294030406476,3.511664916885779,973266000
2007-06-15,3.610541820526123,3.6156356478059823,3.591365459051211,3.614137463311906,811218800
2007-06-18,3.7480719089508057,3.750768240668745,3.671666509127482,3.6938384368431114,910604800
2007-06-19,3.7052249908447266,3.745674766693035,3.6827526264517476,3.7360863871977004,943026000
2007-06-20,3.642003059387207,3.7351885389327943,3.6405052748747093,3.711518022955235,897512000
2007-06-21,3.7124180793762207,3.7241039238237197,3.6171359018702276,3.6464995314086357,867045200
2007-06-22,3.685450315475464,3.7288968759665084,3.6668732234105796,3.7109186577914346,631876000
2007-06-25,3.6656734943389893,3.748071625184296,3.627320378825709,3.7211047096036225,965403600
2007-06-26,3.585073232650757,3.715412488688502,3.5572078000054286,3.7148132148660524,1345005200
2007-06-27,3.6521918773651123,3.656686432973961,3.573389735986688,3.613839536317965,974696800
2007-06-28,3.612339973449707,3.670168700080621,3.5955607056253616,3.6662734200385243,838143600
2007-06-29,3.656684398651123,3.715412025786449,3.628220095778985,3.6545869405338722,1137841600
2007-07-02,3.6333136558532715,3.6581827172001042,3.574586026563858,3.6270212812707197,994862400
2007-07-03,3.810396194458008,3.8172874440995477,3.6405056481749867,3.655487095279714,1162481600
2007-07-05,3.9775888919830322,3.984181304256118,3.855938703057845,3.859235109219034,1453051600
2007-07-06,3.964106559753418,3.9952684066110806,3.9071771319476984,3.988976029831773,874694800
2007-07-09,3.905078887939453,3.982083978559862,3.8706210411248385,3.9665028582387856,995820000
2007-07-10,3.965604543685913,4.030024486415426,3.859535065729969,3.8616325243384946,1255007600
2007-07-11,3.9668023586273193,4.00605439891741,3.934442768266477,3.9572147763529935,821772000
2007-07-12,4.017139434814453,4.02223326151575,3.9668012416294838,4.010547423789245,704608800
2007-07-13,4.126805305480957,4.130400148437968,4.030623853990123,4.04590493692713,907606000
2007-07-16,4.13789176940918,4.194222314520971,4.119913552836915,4.146580840703117,936112800
2007-07-17,4.162160396575928,4.182834941784464,4.119912795544721,4.143883746568242,709959600
2007-07-18,4.138491153717041,4.148079537071616,4.076167862060423,4.140588612575854,756856800
2007-07-19,4.194819450378418,4.219090032695294,4.184332561772135,4.203808154891067,732891600
2007-07-20,4.307182788848877,4.320066777783358,4.194821331727879,4.244260628892693,1167773600
2007-07-23,4.3056840896606445,4.3512281009936205,4.22268626376214,4.293998249885443,1036490000
2007-07-24,4.041708946228027,4.224782655961092,4.019535819942781,4.161261245719029,1795292800
2007-07-25,4.112722396850586,4.145682058358035,4.0450060523948235,4.115418729110478,1496182800
2007-07-26,4.374598503112793,4.44950572402109,4.103733160205964,4.371901371101985,2186629200
2007-07-27,4.310179233551025,4.4620915850839555,4.308082174697366,4.380292288062901,1161098400
2007-07-30,4.237666606903076,4.358118216024619,4.181935754981663,4.324559690116359,1106988400
2007-07-31,3.947925090789795,4.299091910638075,3.9407342057717867,4.283810029820945,1762392800
2007-08-01,4.045006275177002,4.056392078838027,3.8283731682832234,4.004256451470197,1750156800
2007-08-02,4.089651107788086,4.103734044399456,4.019537261828409,4.0944448989256035,852644800
2007-08-03,3.9506232738494873,4.073471226039513,3.9401359803361538,4.052796676019712,679187600
2007-08-06,4.052495956420898,4.053094830126612,3.8442531271668994,3.9820832904605523,925170400
2007-08-07,4.045905590057373,4.112124160206452,3.973994317533915,4.04320885733034,949936400
2007-08-08,4.0153422355651855,4.10073716356603,3.9551172106615304,4.09774119420489,808096800
2007-08-09,3.7870242595672607,3.9850794441812325,3.74807226378581,3.9284492718573625,1125395600
2007-08-10,3.745375871658325,3.8277740240204152,3.6045501203709756,3.6890453311138107,1410749200
2007-08-13,3.8289732933044434,3.8757154563799556,3.790320527611271,3.8448532512240305,752911600
2007-08-14,3.716310501098633,3.844252217098116,3.7067217232402094,3.843952980340717,739006800
2007-08-15,3.592564344406128,3.7411810432475923,3.5850730220163705,3.677658821898666,992852000
2007-08-16,3.5071706771850586,3.550617242112452,3.3444719866056674,3.505972529233736,1866690000
2007-08-17,3.6572861671447754,3.7004327015496803,3.5901690691486166,3.6557879819172308,1195062400
2007-08-20,3.6620779037475586,3.730393911619148,3.610541561003515,3.7142139202953923,803317200
2007-08-21,3.8223793506622314,3.864028073433363,3.6255231374509003,3.6617783968288538,1303047200
2007-08-22,3.970397472381592,3.9775883574282265,3.9050782329577016,3.9317455151389904,1061765600
2007-08-23,3.92724871635437,3.995265462752785,3.887997899850053,3.9877741434860074,866838000
2007-08-24,4.053994655609131,4.056092114017801,3.889497589429876,3.9110714473476245,911834000
2007-08-27,3.962606906890869,4.03481819445993,3.958112353713477,3.996765110989815,707439600
2007-08-28,3.7999072074890137,3.9674005835604915,3.794214108108402,3.9248525566598027,1179365600
2007-08-29,4.017439365386963,4.020436134601504,3.8814082057773134,3.891594660791313,1166860800
2007-08-30,4.082459926605225,4.142386117842905,3.9641061289638486,3.9751922963208624,1435582400
2007-08-31,4.149277210235596,4.1843343328156095,4.117216857160407,4.179540141686811,876887200
2007-09-04,4.319468021392822,4.366510232925704,4.190028430596182,4.1930244007143855,1316842800
2007-09-05,4.09774112701416,4.369804664184502,4.077965089229389,4.343737050839567,2328222400
2007-09-06,4.0453057289123535,4.12201078176688,3.9763908360890996,4.061785759852028,1901261600
2007-09-07,3.9482247829437256,3.9641055392986573,3.895190649653631,3.9554164688895805,1430576000
2007-09-10,4.096242427825928,4.136092935178249,4.013544644087051,4.104631860934583,1487838800
2007-09-11,4.05968713760376,4.143883089476758,4.007551127493257,4.131897615865523,971885600
2007-09-12,4.100436210632324,4.176841605830943,4.06747695779383,4.074668242070968,1022770000
2007-09-13,4.110923767089844,4.164857202522225,4.094443739551499,4.159762975779338,656163200
2007-09-14,4.15916633605957,4.164259765439791,4.080963072710292,4.092049242595987,607320000
2007-09-17,4.147180557250977,4.212499823872521,4.122911160094822,4.164559903518323,793371600
2007-09-18,4.222387790679932,4.280216931562432,4.129802358006268,4.16665730894495,1064089600
2007-09-19,4.217893123626709,4.289504357662071,4.176843259673341,4.285309840222093,1026880400
2007-09-20,4.204111576080322,4.24845746512111,4.174448304423004,4.199317382665154,691840800
2007-09-21,4.319167137145996,4.334148583608566,4.204109356279929,4.228978421391032,1138880400
2007-09-24,4.442914009094238,4.48995660306981,4.39407479383878,4.3964714890264425,1052161600
2007-09-25,4.589733600616455,4.590932548469311,4.3991685003496395,4.399768574350069,1192550800
2007-09-26,4.577447891235352,4.644265722457265,4.531904680812732,4.628385766221312,975268000
2007-09-27,4.629283905029297,4.62988277875585,4.563964663663736,4.607411212310976,658198800
2007-09-28,4.598421573638916,4.632280540999968,4.5768485184276955,4.59752306305025,615101200
2007-10-01,4.684415817260742,4.716476966490961,4.582242431741153,4.633179506071239,837068400
2007-10-02,4.747638702392578,4.751833619377151,4.670933249157607,4.690708486271987,792069600
2007-10-03,4.731758117675781,4.769511571814174,4.704491956381007,4.727563600587651,692518400
2007-10-04,4.681420803070068,4.736552405317517,4.599322273589154,4.734155709608403,656958400
2007-10-05,4.837527275085449,4.841422555379929,4.7251666208316045,4.745241496096809,943471200
2007-10-08,5.031089782714844,5.031089782714844,4.883071913007376,4.898653436220239,835928800
2007-10-09,5.029590129852295,5.1269697286519635,4.9942337733562345,5.099703168954537,1104286400
2007-10-10,4.99752950668335,5.0301887264503815,4.961873518067561,5.02030150951045,667590000
2007-10-11,4.860901355743408,5.150043526332486,4.590634720299736,5.07843226710271,1643992000
2007-10-12,5.011312961578369,5.012212272439475,4.848014431213605,4.884270100573172,988176000
2007-10-15,5.003222942352295,5.080826911619125,4.898952084818489,5.033186637145144,1077930000
2007-10-16,5.0811285972595215,5.099106018454192,4.948391797005554,4.960078040895774,1067830400
2007-10-17,5.17611026763916,5.184799339762606,5.06914226911835,5.174312445810303,1127613200
2007-10-18,5.19857931137085,5.219253049015517,5.125170300615857,5.138653155599375,823676000
2007-10-19,5.106296062469482,5.232440007523942,5.093711311617103,5.220754167446732,1291780000
2007-10-22,5.224349021911621,5.240529413422188,5.092511995182397,5.104197833495584,1649499600
2007-10-23,5.577913284301758,5.651023097792732,5.476039524589596,5.649824950076671,1795164000
2007-10-24,5.5710225105285645,5.609374842148526,5.370570580288852,5.567426866925312,1288481600
2007-10-25,5.476637840270996,5.570122956245909,5.443079306359082,5.539260754481986,973602000
2007-10-26,5.534168243408203,5.55424311965781,5.479635516759366,5.551846023974432,706876800
2007-10-29,5.5458526611328125,5.590797800092727,5.5341676210890185,5.556639190445723,540554000
2007-10-30,5.603081226348877,5.674093566536447,5.535065254953903,5.578511802348067,939414000
2007-10-31,5.691473960876465,5.6965673890770585,5.541658683331939,5.621958987211333,833310800
2007-11-01,5.616266250610352,5.695968074510035,5.393341173276842,5.6510229346550656,805036400
2007-11-02,5.629148960113525,5.6761907477141005,5.497910813746429,5.669299499876636,1002114400
2007-11-05,5.578512668609619,5.661809333683112,5.520384305154487,5.551845382263713,804176800
2007-11-06,5.746605396270752,5.752897371676964,5.551246520765728,5.604580293477152,954727200
2007-11-07,5.582107067108154,5.773271796394883,5.57701364018967,5.711247762239308,994327600
2007-11-08,5.257608413696289,5.600085372746777,5.026893212562852,5.593194124431356,1890378000
2007-11-09,4.954984188079834,5.247123905512656,4.950189995370515,5.128170799258875,1526380800
2007-11-12,4.60711145401001,5.024795663555515,4.513327110814578,4.952284738741974,1769065200
2007-11-13,5.092512607574463,5.123075172942658,4.607112005265071,4.819549778016716,1739446800
2007-11-14,4.97715425491333,5.320530522270648,4.906141913761763,5.308245810103477,1449168000
2007-11-15,4.922920227050781,5.081424907280968,4.803068297244837,4.985543123406714,1487410400
2007-11-16,4.985541820526123,5.004418535542513,4.774003077682978,4.952881815144483,1383494000
2007-11-19,4.9124321937561035,5.039775014529206,4.857000994172222,4.976852896056112,1154428800
2007-11-20,5.059252738952637,5.147343982025967,4.899849518150932,4.963971010808847,1543642800
2007-11-21,5.047568321228027,5.164123882277359,4.934007929219607,4.969064648629787,1217809600
2007-11-23,5.139855861663818,5.155136548500024,5.086221638990748,5.1536383635063965,465757600
2007-11-26,5.1698174476623535,5.3115417115499906,5.164123946084027,5.201278524434718,1305754800
2007-11-27,5.2378339767456055,5.267197600373915,5.0940118283227545,5.250118692745308,1317030400
2007-11-28,5.399933815002441,5.411319218829402,5.254013422932625,5.298059253809372,1150912000
2007-11-29,5.521883010864258,5.548249860763697,5.3678724279782175,5.3762622620841976,1050926800
2007-11-30,5.45985746383667,5.624054457100651,5.384350977902912,5.613267930552742,1187802000
2007-12-03,5.359182834625244,5.517387919094586,5.324426154007588,5.4490719053240655,961469600
2007-12-04,5.387648105621338,5.42030732891864,5.303152096538356,5.307946687185091,773799600
2007-12-05,5.558139324188232,5.5731207746506835,5.4655538883213906,5.4799360647633675,892402000
2007-12-06,5.691473960876465,5.695968515214642,5.576715407071042,5.578812865762191,899810800
2007-12-07,5.821813106536865,5.842487655982188,5.634243976782972,5.709151613885118,1066066400
2007-12-10,5.81911563873291,5.862562196752029,5.773572422144708,5.800539347823656,722377600
2007-12-11,5.649226188659668,5.897620052516628,5.614769134987099,5.835296758797733,1110925200
2007-12-12,5.718739986419678,5.827205353860435,5.5659283536761395,5.796043513426704,1225660800
2007-12-13,5.747803211212158,5.756493482279701,5.6276520026913825,5.698664354895425,864617600
2007-12-14,5.704656600952148,5.788852570755748,5.67918826420284,5.704057727193235,674312800
2007-12-17,5.525177478790283,5.772372314265756,5.482630240228429,5.714544394294028,1024693600
2007-12-18,5.482628345489502,5.612967548260604,5.35139023235209,5.5886977684684735,1222603200
2007-12-19,5.486825942993164,5.532369957054027,5.420307743513427,5.4826310258995266,827478400
2007-12-20,5.609374523162842,5.62795161400721,5.493118586996923,5.556040746278257,774057200
2007-12-21,5.810126304626465,5.810126304626465,5.689675463070497,5.696566712187515,993960800
2007-12-24,5.956645965576172,5.97252672343668,5.8364947527242474,5.843685239203951,480202800
2007-12-26,5.961141109466553,6.021366940370796,5.897320034966755,5.962938931289011,703732400
2007-12-27,5.949753284454346,6.081290269357688,5.926682045665164,5.961139085414602,795527600
2007-12-28,5.987509727478027,6.039345331512824,5.899118807213092,6.010281740848658,699647200
2007-12-31,5.935073375701904,6.007583520859456,5.925185355874044,5.977620624510098,539333200
2008-01-02,5.837992191314697,6.000392214316139,5.769377731541099,5.970728957004811,1079178800
2008-01-03,5.8406901359558105,5.9143992341167975,5.773573051469161,5.855072711245275,842066400
2008-01-04,5.394839763641357,5.782860819576661,5.360083076982882,5.736418291664278,1455832000
2008-01-07,5.322628021240234,5.501207604579219,5.100601889584374,5.430794136605497,2072193200
2008-01-08,5.131163597106934,5.467049315238685,5.117680338497991,5.39753436403285,1523816000
2008-01-09,5.375363349914551,5.378359318965073,5.042773580723649,5.132662653471288,1813882000
2008-01-10,5.334015369415283,5.423305186973904,5.255812119839217,5.320831742674582,1482975200
2008-01-11,5.17431116104126,5.328920599538899,5.093710835973855,5.273488573678177,1232285600
2008-01-14,5.356787204742432,5.375963170259013,5.24862026144049,5.319033747536048,1100450400
2008-01-15,5.064945697784424,5.369968410125731,4.9337071577899065,5.32502448282605,2343278000
2008-01-16,4.7832932472229,5.064045762300334,4.695202017486915,4.950785838382171,2213845200
2008-01-17,4.820748329162598,4.954683252531871,4.7467399988555785,4.839325821042496,1757859600
2008-01-18,4.834830284118652,4.966368085033027,4.782395025905708,4.845317175741532,1724343600
2008-01-22,4.663440704345703,4.793480296458806,4.374597982814172,4.43632157350734,2434754000
2008-01-23,4.166956424713135,4.19482186479495,3.7795345961921027,4.0806629714976,3372969600
2008-01-24,4.062984943389893,4.215796629351586,3.9554180492217794,4.1945228001238455,2005866800
2008-01-25,3.8954906463623047,4.167554987171884,3.8835059688596494,4.16455901782088,1554739200
2008-01-28,3.8954906463623047,3.991072829986026,3.788821895957387,3.840059412653598,1474844000
2008-01-29,3.9413325786590576,3.9787863835266184,3.866725405862033,3.929647542008057,1099982800
2008-01-30,3.960510492324829,4.058489777163066,3.8951912357988996,3.9362406988703613,1243051600
2008-01-31,4.055793285369873,4.094444851165666,3.877213666236105,3.878711050865866,1345674400
2008-02-01,4.007552623748779,4.092647117864224,3.9605104223594267,4.082160224588203,1010744000
2008-02-04,3.9446301460266113,4.071972239982878,3.9377380966333084,4.021334799298789,899234000
2008-02-05,3.8760147094726562,4.01504305155457,3.8622314100030013,3.9080750624882024,1141042000
2008-02-06,3.655486822128296,3.9527202466651072,3.6485955730016957,3.920060222359078,1573272400
2008-02-07,3.63271427154541,3.7387837253203773,3.5137608321617426,3.594661588470839,2083331600
2008-02-08,3.7597577571868896,3.7663493681425995,3.6435006542551687,3.657883223720465,1355972800
2008-02-11,3.878709554672241,3.894590306667513,3.8112932681457212,3.835563451334606,1201432400
2008-02-12,3.7411813735961914,3.9251536419326514,3.704026795555796,3.9161649343795997,1225980000
2008-02-13,3.8772132396698,3.888599042303773,3.7642525238710913,3.7957135996078377,968534000
2008-02-14,3.819084882736206,3.919161611441799,3.805600821600575,3.87721324371617,954097200
2008-02-15,3.7342891693115234,3.8076986193492792,3.717210663845276,3.783429227378715,901300400
2008-02-19,3.660879373550415,3.7978106267691722,3.6387070446254914,3.7750386240376224,1005046000
2008-02-20,3.710019826889038,3.7333907084018394,3.6458987210773923,3.661479842151692,967439200
2008-02-21,3.6417036056518555,3.789421810528586,3.62132949473468,3.7768374596259258,938114800
2008-02-22,3.579380750656128,3.670767603668376,3.4718131052056957,3.6698690930293627,1529878000
2008-02-25,3.587770462036133,3.60065444808172,3.495484301417042,3.553312220154599,1256774400
2008-02-26,3.57009220123291,3.6282209686542664,3.4589296946198296,3.524848622587324,1504888000
2008-02-27,3.6842522621154785,3.6869485948615184,3.538332254581087,3.5425267722134652,1475138000
2008-02-28,3.8924949169158936,3.9611101802149604,3.768448016442405,3.811294901359837,1618254400
2008-02-29,3.7459750175476074,3.9014825724843853,3.7393830055640813,3.8739167770154666,1255480800
2008-03-03,3.6473968029022217,3.774740100101922,3.5356350263865877,3.728596812166856,1593043200
2008-03-04,3.7339894771575928,3.7417800366408405,3.607545904400575,3.655186971861858,1785383600
2008-03-05,3.730095386505127,3.749571791421984,3.6629782989892408,3.7028288196709247,1221836000
2008-03-06,3.6234278678894043,3.8202841782609447,3.6198318238032194,3.7336910846221416,1473698800
2008-03-07,3.662978410720825,3.6848515122452454,3.567097368551274,3.6078464014226883,1230462800
2008-03-10,3.586271047592163,3.6992317271486144,3.576682669461542,3.654886678441956,999588800
2008-03-11,3.815786838531494,3.819682116728646,3.655485159370587,3.718407683946476,1163943200
2008-03-12,3.7762372493743896,3.8556394320796037,3.750469274644273,3.806500577952272,1059629200
2008-03-13,3.8334662914276123,3.8802084404080066,3.6854488862492243,3.718408540072332,1262102800
2008-03-14,3.7936184406280518,3.904181316382235,3.7214067086073395,3.89159655974727,1156640800
2008-03-17,3.7972123622894287,3.8529440423128323,3.671967700953958,3.671967700953958,1072598800
2008-03-18,3.979686737060547,3.9850806027228214,3.855340591380217,3.8706216772340754,1205120000
2008-03-19,3.885303258895874,4.023732334362432,3.885303258895874,3.9886760101040313,1010536800
2008-03-20,3.993171453475952,3.9937703274814043,3.870622309547936,3.9287506927237814,908787600
2008-03-24,4.180739402770996,4.220290690017634,4.004257595386718,4.015343365225607,1066920400
2008-03-25,4.224185466766357,4.2877069083540436,4.114820765925225,4.193622893881341,1052391200
2008-03-26,4.346434116363525,4.366809029532726,4.213997780837736,4.220889030847605,1182084400
2008-03-27,4.202314853668213,4.353927645234619,4.194524288070724,4.343141108303065,999829600
2008-03-28,4.285008430480957,4.3341472719718706,4.242760836250713,4.24875357304189,714610400
2008-03-31,4.299690246582031,4.365908788146576,4.27032663632843,4.292798999303713,768065200
2008-04-01,4.480367660522461,4.484262940142027,4.302987419976419,4.3835873441164965,1032567200
2008-04-02,4.419243335723877,4.530406223066613,4.370104485320696,4.457895294889685,1044968400
2008-04-03,4.542693138122559,4.603218619888191,4.404563663457043,4.406361485692112,1051568000
2008-04-04,4.586736679077148,4.635575891735703,4.516922884210685,4.560069396033487,854417200
2008-04-07,4.670933246612549,4.784792478643787,4.647561966331968,4.6781237327692935,1158326400
2008-04-08,4.579546928405762,4.687713890671522,4.563966603710505,4.600821556539428,1014294400
2008-04-09,4.537596702575684,4.6110061412904875,4.508233087109465,4.5936280015649755,873398400
2008-04-10,4.630781650543213,4.656849257221356,4.512427491335681,4.528308244889222,955763200
2008-04-11,4.40875768661499,4.593329664719374,4.3865845502190295,4.575951520075335,1210076000
2008-04-14,4.4279327392578125,4.471978565882149,4.3308531786625295,4.397670610840954,845087600
2008-04-15,4.445909023284912,4.486059552556668,4.3662076383632,4.4764707753445725,698037200
2008-04-16,4.6053147315979,4.617299409559278,4.513028550782215,4.545987415299339,795774000
2008-04-17,4.628982067108154,4.674226415569583,4.594824678276602,4.6193936912544755,704267200
2008-04-18,4.825242519378662,4.861797020237893,4.745540705904684,4.767713035925172,1026765600
2008-04-21,5.038578987121582,5.048766642714267,4.846816153027391,4.86029901474263,1039152800
2008-04-22,4.800073146820068,5.0337843097414,4.736850565993102,5.015806097155968,1439572400
2008-04-23,4.880674362182617,4.9391023636620615,4.826441277743085,4.915431846178308,1504190800
2008-04-24,5.061949729919434,5.0931115696596185,4.769810932780362,4.95408363873482,1696066400
2008-04-25,5.085622787475586,5.126671456284457,4.986444540657555,5.114686776381367,992474000
2008-04-28,5.160829544067383,5.206073126228599,5.067644046824153,5.086221138869075,787214400
2008-04-29,5.24502420425415,5.263300854603831,5.101201295766538,5.126969268500498,923476400
2008-04-30,5.212066173553467,5.393342150124546,5.181203963945376,5.279183258436268,1139524400
2008-05-01,5.393340587615967,5.393340587615967,5.239330821378287,5.242326790330599,903576800
2008-05-02,5.421506881713867,5.4508705023019886,5.349895651918264,5.399034510829438,1006082000
2008-05-05,5.535067081451416,5.5524456261339195,5.42480307379368,5.45087109084212,854557200
2008-05-06,5.592894554138184,5.606677050933127,5.458660428265586,5.532967976439093,918870400
2008-05-07,5.470943927764893,5.639037009409932,5.409519970354013,5.574616283286038,1157133600
2008-05-08,5.544952392578125,5.5880988962010525,5.485325863209539,5.506299641332937,899085600
2008-05-09,5.496713638305664,5.520683791616875,5.434390359588077,5.488024567743905,673072400
2008-05-12,5.637838840484619,5.65911266088626,5.478735242907865,5.549448352991254,818563200
2008-05-13,5.691772937774658,5.736417638875222,5.628850784534427,5.651322353471333,823236400
2008-05-14,5.580911159515381,5.7600896853981505,5.560236606515607,5.729827148424972,916823600
2008-05-15,5.684881687164307,5.689975915588468,5.519186046945484,5.597390094198945,873208000
2008-05-16,5.621659755706787,5.701961259811367,5.603082664473809,5.696267757594865,765769200
2008-05-19,5.5012078285217285,5.6537194090691605,5.432292542170728,5.628850346648558,945820400
2008-05-20,5.570123672485352,5.5779134330694475,5.396937116212613,5.447873797402558,969850000
2008-05-21,5.339108467102051,5.63154731139371,5.280980102541778,5.563231291162929,1157657200
2008-05-22,5.3049492835998535,5.433190666351233,5.153636261406624,5.371167833160331,1206735600
2008-05-23,5.428399085998535,5.45296891982404,5.327423817809039,5.4164136060595585,906917200
2008-05-27,5.586002826690674,5.586002826690674,5.448473087184111,5.475739245550602,789905200
2008-05-28,5.603382587432861,5.631547660640576,5.5048044311565265,5.615367265336911,743979600
2008-05-29,5.593793869018555,5.639038245662366,5.558137874200954,5.595891327543039,647186400
2008-05-30,5.655518054962158,5.679189375015412,5.614468991220387,5.616566449959283,610184400
2008-06-02,5.576114177703857,5.682482051713272,5.529071595552361,5.651020984734735,679840000
2008-06-03,5.554243564605713,5.639039231000807,5.463455958620852,5.598888275137078,750520400
2008-06-04,5.548848628997803,5.605778436705546,5.490121400038604,5.513791913732656,726983600
2008-06-05,5.675893783569336,5.688178900804446,5.564131980776256,5.58330834909385,755445600
2008-06-06,5.562333106994629,5.691473831701881,5.559636774502259,5.633045826779686,966422800
2008-06-09,5.4415812492370605,5.541358342626257,5.265998415933939,5.536864188908175,1888392800
2008-06-10,5.562333106994629,5.596490519041515,5.363977447198377,5.408622952561652,1140941200
2008-06-11,5.4176106452941895,5.573118592267095,5.381056144507897,5.523379668143852,961550800
2008-06-12,5.191391468048096,5.471246404861053,5.129667850755188,5.437987100340359,1308333600
2008-06-13,5.164724826812744,5.218358652493686,4.953186694345874,5.142852124757776,1345957200
2008-06-16,5.298658847808838,5.330419568240442,5.065846510272867,5.132663957983566,1051730400
2008-06-17,5.436188220977783,5.4529674884384525,5.315736579505599,5.336411126923938,899656800
2008-06-18,5.355886936187744,5.459259261832613,5.3139389721857775,5.4268988781092276,811468000
2008-06-19,5.42030668258667,5.463453992769463,5.297459163619143,5.349894416878419,791949200
2008-06-20,5.251617431640625,5.423305423890506,5.243527233029666,5.37386612136674,888367200
2008-06-23,5.188395977020264,5.26989524233845,5.140454856198359,5.235737023731845,645780800
2008-06-24,5.191091060638428,5.266897204602366,5.142551077536954,5.164723410527567,621947200
2008-06-25,5.315138339996338,5.35828526150087,5.209968168884548,5.2318408665430525,644450800
2008-06-26,5.041576385498047,5.238733108966237,5.034085461333492,5.215661462588762,869610000
2008-06-27,5.096407413482666,5.110789584056914,4.9184271025093675,4.989139807877904,1042249600
2008-06-30,5.01700496673584,5.153636179867703,4.9924351433001855,5.099403106225585,684196800
2008-07-01,5.233937740325928,5.235136288014298,4.913933108467582,4.920824357626418,1111280800
2008-07-02,5.039178371429443,5.316934965943484,5.039178371429443,5.2495182662979385,837519200
2008-07-03,5.097305774688721,5.15873053482764,4.96636765886925,5.081425820189236,523362000
2008-07-07,5.24832010269165,5.307346978285355,5.150641262895459,5.188394716348408,820391600
2008-07-08,5.379857540130615,5.384352093810907,5.175809603636744,5.255511422036793,888350400
2008-07-09,5.221053123474121,5.42060648894574,5.2177575177775894,5.399332670090418,895776000
2008-07-10,5.292364597320557,5.313638014097437,5.134759210771792,5.241127894853029,840688800
2008-07-11,5.171015739440918,5.30674847930906,5.123674700888304,5.257609619031764,930011600
2008-07-14,5.209968090057373,5.372367317030063,5.185997934072494,5.370570295422465,886054400
2008-07-15,5.082923412322998,5.2057721375255355,4.985544222943703,5.168018689300249,1040043200
2008-07-16,5.177906513214111,5.181501755728004,5.051762587018179,5.09970248761373,747790400
2008-07-17,5.147943019866943,5.242926306923466,5.135358271398037,5.2165582625124225,757526000
2008-07-18,4.948390007019043,5.083224217650196,4.943895853370765,5.049365246461897,868414400
2008-07-21,4.982547760009766,5.018802620133479,4.827638702880413,5.000824408428674,1360469600
2008-07-22,4.854605674743652,4.876778002662738,4.390478171931635,4.464487277464092,1879592400
2008-07-23,4.981649875640869,5.044871671373219,4.840823710694539,4.943596783402714,1061768400
2008-07-24,4.765017032623291,4.951686429608412,4.747638491650777,4.923520559676532,839619200
2008-07-25,4.857602596282959,4.883970245535346,4.753630583942122,4.806065845473715,633637200
2008-07-28,4.626287460327148,4.868088403252737,4.614900859708893,4.864193124110695,780712800
2008-07-29,4.706589221954346,4.777601573243407,4.603816156597032,4.656550655393849,684070800
2008-07-30,4.790484428405762,4.808761876527383,4.67662522375161,4.7275622889981,725183200
2008-07-31,4.762619495391846,4.859999083165302,4.703592628974739,4.720371894561986,637498400
2008-08-01,4.694004535675049,4.793782033243462,4.666738375122991,4.791084500772806,544639200
2008-08-04,4.591230869293213,4.731158497089749,4.581642488778177,4.692206101296668,592527600
2008-08-05,4.813258171081543,4.81805196245117,4.638873458709759,4.656850876432221,688371600
2008-08-06,4.9196271896362305,5.015807860435432,4.7341558984207985,4.793182783629937,791408800
2008-08-07,4.901050090789795,4.978354831791207,4.839026435789955,4.875281310390158,672372400
2008-08-08,5.080225944519043,5.083222712812871,4.906440586820241,4.90973659188937,713997200
2008-08-11,5.200379848480225,5.288471114226609,5.083823871712308,5.095809350078717,891304400
2008-08-12,5.2953643798828125,5.372069058739254,5.1988832571327865,5.199182894160728,836278800
2008-08-13,5.372365474700928,5.393339654032085,5.270491746626442,5.3328150109233325,842346400
2008-08-14,5.37296724319458,5.406825420153263,5.328622172506413,5.3433039837474325,711300800
2008-08-15,5.265698432922363,5.3858496195504975,5.245023888571302,5.364576201497936,708251600
2008-08-18,5.255213260650635,5.327723413471881,5.208171052353927,5.260606326531934,552014400
2008-08-19,5.1994805335998535,5.305549600443893,5.147943784692671,5.229742661647241,616204400
2008-08-20,5.2686944007873535,5.30165365697396,5.201876577738951,5.236634055226704,506951200
2008-08-21,5.222253322601318,5.257009609507477,5.150342052929315,5.227645987742836,539744800
2008-08-22,5.297159194946289,5.318432611754727,5.260603898338644,5.268094819784721,439611200
2008-08-25,5.170117378234863,5.280381780292721,5.143450088596413,5.277983884491748,484425200
2008-08-26,5.202778339385986,5.239932129280566,5.1719161267385285,5.176410681985647,445550000
2008-08-27,5.233638763427734,5.2662987920053554,5.159330797624117,5.1928893370320335,477780800
2008-08-28,5.20577335357666,5.280980630703941,5.176110094491521,5.251916645541708,431384800
2008-08-29,5.079629421234131,5.198582495241988,5.064947610091259,5.182402499283584,599289600
2008-09-02,4.979552268981934,5.198582070526254,4.943896273383989,5.16562280737595,780763200
2008-09-03,5.002624034881592,5.0541607936015245,4.913933892094486,4.9990283912430815,734834800
2008-09-04,4.830636501312256,5.0310896372611005,4.818351785376357,4.9696648574335045,743386000
2008-09-05,4.799473762512207,4.8659919529428395,4.723667228401416,4.751833096484164,786884000
2008-09-08,4.731758117675781,4.940600663190498,4.538197456068226,4.9310122811620465,1045979200
2008-09-09,4.544788837432861,4.792882209056741,4.48815905915581,4.699997163177845,1245025600
2008-09-10,4.542693138122559,4.643968057068065,4.458497530410207,4.563966967854756,973142800
2008-09-11,4.573854446411133,4.584042104532089,4.374600239588824,4.439919506166748,971135200
2008-09-12,4.462690830230713,4.521718110681193,4.389581012833992,4.521718110681193,793027200
2008-09-15,4.205608367919922,4.425237480380116,4.205608367919922,4.255646945010538,920634400
2008-09-16,4.191224098205566,4.269727349940669,3.959610422011278,4.01084672135784,1199836400
2008-09-17,3.830171585083008,4.150176652145203,3.830171585083008,4.149576978185845,1200455200
2008-09-18,4.017739772796631,4.057889919167317,3.61593547178118,3.912269579203308,1676253600
2008-09-19,4.222086429595947,4.320664962062644,4.084256666318336,4.272723861753637,1430875600
2008-09-22,3.926651954650879,4.202311929377534,3.91496691448516,4.193023184552041,856713200
2008-09-23,3.8005077838897705,4.068976056449353,3.795113919420549,3.950622676517161,1280364400
2008-09-24,3.856539011001587,3.923656084791942,3.7498706615671593,3.813392092108178,1047015200
2008-09-25,3.9530186653137207,4.038713206696541,3.8508448968024624,3.88919721456461,1006045600
2008-09-26,3.842453718185425,3.889195851609722,3.6854476597073766,3.742676679460826,1126451200
2008-09-29,3.1539065837860107,3.5859730722566834,3.013979125978635,3.5841752505242113,2622057200
2008-09-30,3.405595302581787,3.445745445934497,3.18506755083666,3.2434947444903295,1626682400
2008-10-01,3.2695631980895996,3.3666431579814917,3.2177270120632597,3.3534597338324112,1296484000
2008-10-02,2.9992964267730713,3.2596746631331603,2.9963004581557446,3.2363037876325285,1609364400
2008-10-03,2.9085092544555664,3.1910598769438905,2.835998517988707,3.116153045174193,2294398400
2008-10-06,2.9405696392059326,2.9597458027593744,2.622962092563912,2.755398415971204,2107417200
2008-10-07,2.671501874923706,3.041245019790558,2.6652094998305373,3.0106824551015876,1878772000
2008-10-08,2.6903793811798096,2.8863371906605853,2.5672311669133623,2.5741224182885545,2207741200
2008-10-09,2.6589174270629883,2.870456292504693,2.594796126150655,2.797047047148411,1617383600
2008-10-10,2.900418996810913,2.9963008049931603,2.5468550541665897,2.5678292372110754,2219299600
2008-10-13,3.303720474243164,3.311810670112611,3.0268623941655495,3.132632213990248,1539076000
2008-10-14,3.11854887008667,3.487693037955864,3.0903832085229754,3.4834981224001633,1980994400
2008-10-15,2.9348762035369873,3.206042013639916,2.9330783820289676,3.111358147723388,1584175600
2008-10-16,3.0529305934906006,3.0990736733672053,2.748806157990613,2.989408574393325,1980521200
2008-10-17,2.918396472930908,3.057425407321241,2.5735227695435716,2.9843155970239796,1762227600
2008-10-20,2.9495582580566406,2.9971997318873207,2.805736325908376,2.9897086082888658,1549170000
2008-10-21,2.741314172744751,2.9333773538551084,2.731426158715343,2.904912258971082,2193660000
2008-10-22,2.9025158882141113,3.033753433993377,2.7844619643780826,2.9174973313381374,2248808800
2008-10-23,2.943265676498413,2.9738282404165806,2.7536003183505433,2.8917297296131426,1675430400
2008-10-24,2.8878355026245117,2.9333795281781248,2.699967097302332,2.7065587114920873,1590058400
2008-10-27,2.7592923641204834,2.9252871436483012,2.752400317969498,2.848581526338515,1208771200
2008-10-28,2.9936044216156006,3.0112832044224587,2.7676839271157223,2.859370247664852,1634133200
2008-10-29,3.1326310634613037,3.282146213248061,2.9945017110376493,3.02206749414794,1950978400
2008-10-30,3.327091693878174,3.3615495369735466,3.22431863853366,3.2428957260928097,1638089600
2008-10-31,3.223719596862793,3.3193019677070685,3.150310356610623,3.2180264957648195,1659756000
2008-11-03,3.204843521118164,3.268964830555108,3.141921159572816,3.1739815142542778,1057938000
2008-11-04,3.325594425201416,3.349564579131423,3.196154073792042,3.2956309326903086,1398681200
2008-11-05,3.0951788425445557,3.287540748772441,3.0858898977969007,3.2632711578452636,1256455200
2008-11-06,2.9693334102630615,3.079596771997559,2.9363739564472264,3.027761396556177,1319074400
2008-11-07,2.9435653686523438,2.9918059138770583,2.868058663112163,2.973529061415059,1095253600
2008-11-10,2.8728530406951904,3.0082855215077777,2.831503947851404,3.0013942727333283,1123822000
2008-11-11,2.8395938873291016,2.911504737866215,2.76438663108185,2.8407918347683014,1224538000
2008-11-12,2.700265645980835,2.793750562396548,2.6969702400194624,2.76948017252492,1178976400
2008-11-13,2.8896324634552,2.8896324634552,2.5774178136573638,2.692775220130253,1854087200
2008-11-14,2.7038614749908447,2.8162231162519378,2.696670789206708,2.8093310672553535,1405266800
2008-11-17,2.6409387588500977,2.7131500442118566,2.614571914496402,2.651126412407445,1162526400
2008-11-18,2.693974256515503,2.7263348524568376,2.602587571932518,2.685884857622792,1209695200
2008-11-19,2.585508346557617,2.744012299497845,2.5831114508781905,2.679891989659873,1171900800
2008-11-20,2.411722183227539,2.590301558960843,2.397040176479905,2.554046497462649,1716814400
2008-11-21,2.4743447303771973,2.5204878057139237,2.3712720530221008,2.4548681348663433,1569271200
2008-11-24,2.785061836242676,2.840193434723337,2.542061670996434,2.5531478380725674,1442257600
2008-11-25,2.720640182495117,2.8377955901881577,2.6415376545195657,2.8353986954196553,1235292800
2008-11-26,2.8464860916137695,2.8539772161112476,2.692177047967949,2.694274506820331,899836000
2008-11-28,2.776671886444092,2.8392946015731435,2.7524014963279413,2.8374967800812327,297774400
2008-12-01,2.664609670639038,2.764686399743814,2.6643102337494553,2.735622219137902,923767600
2008-12-02,2.770679473876953,2.7760731390114426,2.591800614943824,2.6975696581411306,1148722400
2008-12-03,2.873452663421631,2.883340683188138,2.660715620601951,2.6786930382605383,1338680000
2008-12-04,2.7389185428619385,2.8527777748130205,2.6685050651424604,2.829406694573544,1091370000
2008-12-05,2.8165221214294434,2.831204127781252,2.6625119733032165,2.7071572660882923,1043795200
2008-12-08,2.9879109859466553,3.02027056913089,2.870455928247015,2.914801186764006,1185142000
2008-12-09,2.998098850250244,3.104168349304188,2.9127049045239843,2.9375743757796084,1203496000
2008-12-10,2.942667245864868,2.9810197775340876,2.8914309246831027,2.9324797890071346,938047600
2008-12-11,2.8464860916137695,3.033455165911595,2.8413926630216415,2.916899381485223,1040617200
2008-12-12,2.944465160369873,2.9663376580497283,2.7724773479750366,2.7805675457926613,1041174400
2008-12-15,2.8389952182769775,2.8827404085175026,2.7865599572542377,2.8761487963053467,891758000
2008-12-16,2.8593695163726807,2.89083059283995,2.7790688221462956,2.815923763217003,1093506400
2008-12-17,2.671501874923706,2.729629435061828,2.6373432672750754,2.7275319766974384,1293860400
2008-12-18,2.6795918941497803,2.7215400616697756,2.649927839887804,2.675996051184294,857416000
2008-12-19,2.6966707706451416,2.7248356399388003,2.6607151417009067,2.6948727491683635,801920000
2008-12-22,2.569028854370117,2.6975699181491253,2.5375675716043893,2.6972702811696987,844740400
2008-12-23,2.5882036685943604,2.632848355053112,2.57382130112163,2.6028854728653705,635031600
2008-12-24,2.5480546951293945,2.584309769933041,2.533372883018215,2.581014163170864,271334000
2008-12-26,2.5711255073547363,2.6193660495518274,2.554046803625819,2.5959949707376553,308324800
2008-12-29,2.595097064971924,2.6253602091230226,2.5489539561542705,2.592400531357239,686000000
2008-12-30,2.585508346557617,2.6382432518998056,2.538465943438646,2.6193665232793544,967601600
2008-12-31,2.557342767715454,2.628954204332015,2.557043330765916,2.5759200600924435,607541200
2009-01-02,2.719142198562622,2.727832268540845,2.551649775800627,2.5732228320163326,746015200
2009-01-05,2.8339011669158936,2.8818420771318682,2.7778700593301666,2.7916535585773663,1181608400
2009-01-06,2.7871599197387695,2.911506081195974,2.76828318774792,2.874951565329746,1289310400
2009-01-07,2.726933240890503,2.771577945746688,2.7044608699645782,2.7509041965974386,753048800
2009-01-08,2.7775707244873047,2.791054587290398,2.697869095841269,2.7095551369405726,673500800
2009-01-09,2.714049816131592,2.7979463783146516,2.7008663878277153,2.79285294921802,546845600
2009-01-12,2.6565208435058594,2.726334454007131,2.623261741475635,2.7104536953447487,617716400
2009-01-13,2.628054141998291,2.688879011684579,2.587304937733195,2.643934892256846,798397600
2009-01-14,2.5567429065704346,2.6142715877102303,2.538465256795355,2.5840092627551416,1021664000
2009-01-15,2.4983155727386475,2.5204885060438666,2.3985390730747502,2.4141195937190694,1831634000
2009-01-16,2.466855049133301,2.528279039790207,2.4090269028438245,2.5258821435864514,1047625600
2009-01-20,2.343106985092163,2.4569662181044447,2.343106985092163,2.454868759595229,919914800
2009-01-21,2.4818358421325684,2.4833342269025933,2.3763662363799245,2.3787631319478337,1089270000
2009-01-22,2.647531747817993,2.696671616176852,2.571425949394442,2.6379439638076168,1409528400
2009-01-23,2.647531747817993,2.6927761351178305,2.591801065549262,2.601388649534937,763770000
2009-01-26,2.6858842372894287,2.725735148944813,2.6457330886296035,2.6625125567118966,692238400
2009-01-27,2.718543529510498,2.7431135583903603,2.68888027276099,2.7023633348907157,618038400
2009-01-28,2.8225152492523193,2.8464854016564076,2.7416148847530177,2.7601919728932867,861406000
2009-01-29,2.78656005859375,2.8267104073413205,2.774574581318872,2.7892563909312895,592729200
2009-01-30,2.700566053390503,2.8051361342426104,2.696970210457681,2.774574369670886,651478800
2009-02-02,2.741915225982666,2.756597039183663,2.6637119678959147,2.66970470799812,558247200
2009-02-03,2.7859604358673096,2.797945914222923,2.705060857262983,2.7541997183236218,599309200
2009-02-04,2.8030385971069336,2.8839391600950712,2.7895557366787047,2.7931515795104747,808421600
2009-02-05,2.8902320861816406,2.913902607382282,2.7751740867688413,2.779668441421254,749246400
2009-02-06,2.9879109859466553,2.996300618637728,2.906411554072933,2.907010427789097,687209600
2009-02-09,3.071507692337036,3.086189502486824,2.9813189727891136,2.9963012199803862,715010800
2009-02-10,2.9312803745269775,3.0715066140804463,2.9082089381016183,3.0361508674097584,849060800
2009-02-11,2.9010183811187744,2.9456630871276186,2.869557301039799,2.8875355182841713,674973600
2009-02-12,2.9744279384613037,2.988810312734002,2.871355222959563,2.871355222959563,817188400
2009-02-13,2.9711320400238037,2.994503119313685,2.9399704009459855,2.966037812420867,608977600
2009-02-17,2.8324029445648193,2.907610220523645,2.824912620718892,2.9025167923074275,678238400
2009-02-18,2.8276095390319824,2.871954614539305,2.7781710346136257,2.8479846548490055,684779200
2009-02-19,2.7158477306365967,2.82401368608296,2.699966969810304,2.7976466304948664,922804400
2009-02-20,2.73262619972229,2.7685816286439593,2.666707079929902,2.6786925562781896,750316000
2009-02-23,2.605283260345459,2.7565963073079103,2.5920998356949125,2.7461094149627243,786982000
2009-02-24,2.7041609287261963,2.723337291084552,2.606781532445244,2.620264593439191,807105600
2009-02-25,2.7314281463623047,2.7841630594134013,2.6741990782584013,2.6924767356493713,833053200
2009-02-26,2.672400951385498,2.7841627418330828,2.6655097010642392,2.7565967404246408,629868400
2009-02-27,2.6759958267211914,2.735621966958302,2.6268561774167085,2.6346467364684,706658400
2009-03-02,2.634946346282959,2.7326261775056016,2.6268563498382766,2.6403400106204757,770929600
2009-03-03,2.6478309631347656,2.7188435266427775,2.633149151283884,2.6646102338285402,724340400
2009-03-04,2.731727361679077,2.7796682752453274,2.680191404660125,2.7020641026823196,741403600
2009-03-05,2.6619133949279785,2.7527009815683847,2.65022835512389,2.710453375914286,706899200
2009-03-06,2.555844783782959,2.6487300310143165,2.4668542165342053,2.6469320094251003,1011147200
2009-03-09,2.490225076675415,2.624758844803785,2.474045684147769,2.522286025051468,698297600
2009-03-10,2.65562105178833,2.6718012444525105,2.527678895130915,2.542959777040893,844258800
2009-03-11,2.7769720554351807,2.818620797545838,2.684086987494649,2.690978238314445,846372800
2009-03-12,2.8869357109069824,2.8938277610590037,2.7565966332482437,2.7835635596876225,768457200
2009-03-13,2.8743510246276855,2.9124049168996056,2.8467852256002275,2.8854379917168647,601168400
2009-03-16,2.8590705394744873,2.918097626104407,2.8219161529315953,2.892329645162375,797244000
2009-03-17,2.9861137866973877,2.987012297483427,2.848583029207149,2.8536772573235436,786646000
2009-03-18,3.0418434143066406,3.1005708352225865,2.9879105829164634,2.9936028828215253,796037200
2009-03-19,3.0448415279388428,3.0921825697377985,3.003791862484352,3.051732778306677,500180800
2009-03-20,3.0439419746398926,3.0894859940566994,3.01338020379729,3.058923423115377,695587200
2009-03-23,3.2258172035217285,3.240798649156146,3.0487361880824997,3.077500131647355,666397200
2009-03-24,3.1910595893859863,3.2791508381102976,3.1578012935184834,3.18686487279297,640612000
2009-03-25,3.190760374069214,3.2467912783478354,3.111958063836747,3.223420398525209,646618000
2009-03-26,3.2920353412628174,3.2953307468188426,3.223419896958649,3.230910018746262,616252000
2009-03-27,3.201547145843506,3.251884952417706,3.1880640834026255,3.2428962441237856,492872800
2009-03-30,3.1308341026306152,3.146414419059479,3.074503573794999,3.131433176318599,502796000
2009-03-31,3.1497113704681396,3.2195249698639743,3.1461155275447417,3.159598588341175,570080000
2009-04-01,3.2566800117492676,3.2659681577280466,3.112857066760843,3.118849806149757,589372000
2009-04-02,3.3771309852600098,3.4382557325297913,3.289339345342945,3.300126077215536,812366800
2009-04-03,3.4754092693328857,3.4796041865074754,3.401400945142082,3.421475820093264,636241200
2009-04-06,3.5491182804107666,3.5581069883996674,3.394209185613392,3.4439481166595463,658064400
2009-04-07,3.4457457065582275,3.495784271174149,3.421475516536412,3.4915893543717362,536580800
2009-04-08,3.4852969646453857,3.499379099467665,3.4331613418947846,3.4586296794190248,455630000
2009-04-09,3.582676649093628,3.595560636628641,3.5344359049812084,3.5482196033765034,530756800
2009-04-13,3.60215163230896,3.6249236343251057,3.5655971344043285,3.595859258054055,389236400
2009-04-14,3.5449233055114746,3.6006549743408334,3.513162591059737,3.5826767585576174,454622000
2009-04-15,3.524848461151123,3.543125513920135,3.46851791803488,3.5116640360825406,412882400
2009-04-16,3.639007091522217,3.689943766442535,3.5593052730061636,3.571290749504387,593446000
2009-04-17,3.698033571243286,3.722903032292703,3.6030510803547005,3.6309165101619443,497495600
2009-04-20,3.610541820526123,3.6851498081340646,3.570391276183407,3.647396358981871,466466000
2009-04-21,3.6482958793640137,3.659682484719716,3.5536129934286973,3.562302065849941,470685600
2009-04-22,3.64080548286438,3.7558636749608048,3.631516337075016,3.6743640222135006,938767200
2009-04-23,3.7573609352111816,3.811294786010128,3.7007307519166863,3.7939162429924522,945156800
2009-04-24,3.7124180793762207,3.7495722718796283,3.6845526350233895,3.7345908200733087,540764000
2009-04-27,3.737286329269409,3.7453765274875988,3.67526267641137,3.682454363765788,480690000
2009-04-28,3.7124180793762207,3.7816326347520746,3.693241709050286,3.6959380423348756,455856800
2009-04-29,3.7495694160461426,3.8008057101713075,3.7103177941786525,3.7408803486372135,458110800
2009-04-30,3.7702457904815674,3.8053021140343746,3.7429796277018266,3.7819308316164975,498489600
2009-05-01,3.8124923706054688,3.833766188591053,3.7693454608868415,3.7693454608868415,397516000
2009-05-04,3.957214593887329,3.962607658674132,3.8256767796183704,3.842456047948083,609358400
2009-05-05,3.9763898849487305,3.98088403771708,3.928748425181056,3.9476251469655828,398255200
2009-05-06,3.9700987339019775,4.0000616284833175,3.901782710179571,3.9949682004370457,473538800
2009-05-07,3.8670244216918945,3.9668006832756526,3.8322669503187274,3.9650028623400146,531776000
2009-05-08,3.870919942855835,3.932044658348814,3.7831283485788374,3.8664249901860193,467964000
2009-05-11,3.8823065757751465,3.9239553055641676,3.80889713408408,3.8163884567750017,404658800
2009-05-12,3.727996587753296,3.886501302718317,3.6929402716496225,3.8820067493527484,609481600
2009-05-13,3.580280065536499,3.716012809610743,3.5769836588897608,3.691742215575433,595971600
2009-05-14,3.683950901031494,3.7013302414033027,3.5865717081897257,3.5889684033573594,447826400
2009-05-15,3.6680707931518555,3.7339893086850267,3.6438006051368146,3.665074024205777,367567200
2009-05-18,3.794814109802246,3.7963126943444205,3.6426025658151993,3.707322935761132,458841600
2009-05-19,3.8187859058380127,3.874516781096626,3.7675487849529548,3.7999091771038733,372422400
2009-05-20,3.771444320678711,3.8715210734523207,3.7543654125778843,3.8241792299066484,388584000
2009-05-21,3.72080659866333,3.798710208851873,3.682154630556946,3.7498709840456086,407946000
2009-05-22,3.670468807220459,3.7208066171421317,3.6479964349172533,3.7169113366010214,297998400
2009-05-26,3.9185609817504883,3.9200595661523776,3.731891611950117,3.738183986231303,636927200
2009-05-27,3.986579179763794,4.044407116251808,3.922457666591753,3.9485260836691265,646422000
2009-05-28,4.04710578918457,4.0566937760766315,3.9560177134376118,3.998564980342324,487552800
2009-05-29,4.06927490234375,4.071971233980303,4.0105472791126395,4.056690554526085,456534400
2009-06-01,4.175343990325928,4.1945199472372625,4.074967653099262,4.089050584028242,452499600
2009-06-02,4.179540157318115,4.234971392254855,4.145381945447001,4.1645591100832435,456223600
2009-06-03,4.22328519821167,4.228078988000066,4.1669546677673575,4.194820096100054,565199600
2009-06-04,4.306881904602051,4.3200659279454365,4.1960194541540075,4.19871578615226,550634000
2009-06-05,4.334747314453125,4.386582487076641,4.291001136291742,4.353923271948075,632716000
2009-06-08,4.310179233551025,4.321565038975293,4.177742886068376,4.309280722641961,931652400
2009-06-09,4.276320934295654,4.331452532845889,4.211300916355492,4.308980161666595,676964400
2009-06-10,4.202314853668213,4.265237452576099,4.143887211885384,4.263139992607544,688623600
2009-06-11,4.19332218170166,4.241562924551733,4.151374214068085,4.18133790534053,524823600
2009-06-12,4.104034423828125,4.167855105302489,4.076168182513156,4.159166032253676,563085600
2009-06-15,4.077664375305176,4.102833471243393,4.041709152613621,4.075267680498438,539750400
2009-06-16,4.085455894470215,4.148976916626619,4.077964571967801,4.094743838213596,514805200
2009-06-17,4.062384128570557,4.118415026651112,4.030923055332308,4.09504334931524,571412800
2009-06-18,4.071372985839844,4.134894408444634,4.062683915788856,4.078264234490779,427680400
2009-06-19,4.179240703582764,4.179839577395705,4.101935975549995,4.136991896294276,721856800
2009-06-22,4.116018295288086,4.241563374698447,4.084857253205546,4.214896886783769,634914000
2009-06-23,4.0153422355651855,4.103433495986124,3.9814844613749423,4.086954664376552,706532400
2009-06-24,4.081559658050537,4.119912375681114,4.040810645660315,4.057589909617541,485525600
2009-06-25,4.190626621246338,4.2008142781550415,4.051299031615634,4.067478627783685,589447600
2009-06-26,4.26793098449707,4.301489521860624,4.187030610455132,4.188528795163266,439384400
2009-06-29,4.253847122192383,4.313173623522015,4.240963136556554,4.298491816627806,567616000
2009-06-30,4.267632961273193,4.30868203764996,4.248756626911653,4.272127517097118,434224000
2009-07-01,4.27961540222168,4.334448554509061,4.270327458481758,4.299691074388648,414178800
2009-07-02,4.195418357849121,4.2796143043455555,4.188527111011907,4.232273286801011,370479200
2009-07-06,4.153171539306641,4.164558140678936,4.08245883654984,4.1558678711497095,498688400
2009-07-07,4.056991100311279,4.185232914844303,4.050399487446304,4.149277280864925,461596800
2009-07-08,4.111522674560547,4.13609249758861,4.027626352103731,4.072571482073933,575929200
2009-07-09,4.085755348205566,4.1345949650449025,4.072871360951482,4.127703716071455,343025200
2009-07-10,4.150474548339844,4.163957405561722,4.084555245983771,4.085155319740791,445275600
2009-07-13,4.2649335861206055,4.2649335861206055,4.1208122389436115,4.181037255083148,483501200
2009-07-14,4.2628374099731445,4.2901039757920785,4.22957930455108,4.255646922370375,347247600
2009-07-15,4.400967597961426,4.404563242087581,4.324262523517188,4.345835588175291,485587200
2009-07-16,4.42014217376709,4.435124419621306,4.361714975374306,4.367407676730891,393570800
2009-07-17,4.546886444091797,4.554976641280372,4.453401721270362,4.466885383251321,602154000
2009-07-20,4.581641674041748,4.645463520397248,4.521117033049723,4.592429000252148,735526400
2009-07-21,4.539694786071777,4.597224277452059,4.4869602857466955,4.593029760414368,874781600
2009-07-22,4.6964006423950195,4.756027578858494,4.677523919814086,4.727861713346834,874104000
2009-07-23,4.728760719299316,4.747337003717696,4.6610439918354745,4.693104734504964,526962800
2009-07-24,4.793780326843262,4.794079563617665,4.689209075663837,4.702692332675235,438362400
2009-07-27,4.7970757484436035,4.82044702168821,4.711981287002336,4.799173206303302,433311200
2009-07-28,4.794081687927246,4.797077657441309,4.722170018553569,4.7605231489158015,363554800
2009-07-29,4.794981479644775,4.807566235172876,4.741647687366328,4.761123694681799,382158000
2009-07-30,4.877678394317627,4.935506321852208,4.839025630202351,4.845018368832519,469604800
2009-07-31,4.895654201507568,4.943894531481808,4.881271633520954,4.883668728185389,422536800
2009-08-03,4.986743927001953,4.993035902627766,4.940000964893174,4.950188220698828,394240000
2009-08-04,4.9603753089904785,4.960974582795732,4.920225164186325,4.9417982210769,395810800
2009-08-05,4.947192192077637,5.015507007054338,4.920225270308874,4.966368154160798,423183600
2009-08-06,4.911236763000488,4.989140362288441,4.88666693550431,4.96127412860882,341616800
2009-08-07,4.959176063537598,4.991836083913427,4.937902644827095,4.958577189817576,387354800
2009-08-10,4.9355058670043945,4.991836404788724,4.9037451552901326,4.963671735970465,300294400
2009-08-11,4.878875732421875,4.92531824895135,4.850411028750462,4.904643304107952,355342400
2009-08-12,4.953184604644775,4.995132569011854,4.8677896913651555,4.870486023320429,445071200
2009-08-13,5.046370983123779,5.053862308534505,4.9888422765466105,4.993336831763395,439980800
2009-08-14,4.9972310066223145,5.040676763901838,4.959777188206455,5.031987692455799,305816000
2009-08-17,4.781794548034668,4.901646469451448,4.776700322310698,4.900447522184702,524381200
2009-08-18,4.9139323234558105,4.921123208387979,4.836328373277695,4.842919984461413,431152400
2009-08-19,4.931911945343018,4.952886135886124,4.867491988770196,4.876480698974722,413271600
2009-08-20,4.983746528625488,4.9954323676902375,4.932210582178013,4.94329634734604,342031200
2009-08-21,5.070339679718018,5.074835033735249,4.9978295434107105,5.023298282233617,416074400
2009-08-24,5.065546035766602,5.114985330206077,5.041875517874259,5.097306750946997,406929600
2009-08-25,5.07573127746582,5.121874143606737,5.067641084025666,5.077529098230299,324354800
2009-08-26,5.016104698181152,5.080224966020961,4.996628308342175,5.0613482497645785,303998800
2009-08-27,5.077230453491211,5.080825295624327,4.938801427971282,5.056256273856543,449181600
2009-08-28,5.095210552215576,5.168320382624286,5.049667326789594,5.161728768438699,453700800
2009-08-31,5.040075302124023,5.059251256858507,4.988838610452689,5.038576718103592,311337600
2009-09-01,4.952885150909424,5.093711716535802,4.942098620799221,5.03348588995973,469028000
2009-09-02,4.949289321899414,5.02209909161369,4.9172285722129185,4.932510054797262,364249200
2009-09-03,4.990337371826172,5.006816998689271,4.943894859766382,4.987041766492914,293955200
2009-09-04,5.102999210357666,5.114685049413797,5.006518529215451,5.012211630294079,374628800
2009-09-08,5.181504249572754,5.187796227037307,5.1536388063954,5.1830024346951316,315047600
2009-09-09,5.127869129180908,5.227645425039349,5.084721811953002,5.177007984771639,811087200
2009-09-10,5.170416355133057,5.1910909028764705,5.117981093487839,5.155434908955751,491134000
2009-09-11,5.158428192138672,5.188990742477609,5.119776249148144,5.180900549727837,348961200
2009-09-14,5.205173492431641,5.210566156616264,5.101201486774725,5.118579627144164,322011200
2009-09-15,5.24832010269165,5.263001912356839,5.201278704415904,5.214761566299987,426470800
2009-09-16,5.449371337890625,5.47573898432989,5.329819018361324,5.333115024172389,754023200
2009-09-17,5.529672145843506,5.596789210906113,5.452368226331084,5.452667863229565,810572000
2009-09-18,5.543756008148193,5.589599261142524,5.535965047434154,5.568026200938916,601582800
2009-09-21,5.513792991638184,5.5479504028812565,5.4418821257983945,5.521883189072903,437715600
2009-09-22,5.5275750160217285,5.55454193843819,5.478735398814957,5.548849237078041,356753600
2009-09-23,5.558139324188232,5.660013907421843,5.544056384707081,5.555143354135272,593563600
2009-09-24,5.507801532745361,5.624057492873635,5.476340446620022,5.609076042340113,550880400
2009-09-25,5.464352607727051,5.558136951651634,5.436487177768398,5.45356608001224,445239200
2009-09-28,5.577612400054932,5.593493154394866,5.493117201786896,5.509297192951938,337444800
2009-09-29,5.554542064666748,5.615067122934838,5.5224817139941305,5.594992649235334,345385600
2009-09-30,5.553642749786377,5.586602006455823,5.4715442449924705,5.5770136263051535,539585200
2009-10-01,5.419111251831055,5.579712285809555,5.414316259656962,5.553645066548424,524711600
2009-10-02,5.540158748626709,5.571320584396057,5.433790855601425,5.435588676898651,553308000
2009-10-05,5.573719024658203,5.598888130651105,5.521283753884911,5.579112890288058,423133200
2009-10-06,5.693269729614258,5.693269729614258,5.612070932785715,5.6252541558445,605085600
2009-10-07,5.700462341308594,5.709451049418099,5.66390703484537,5.685780531365169,465668000
2009-10-08,5.671098232269287,5.73641747905877,5.659711629534264,5.712746963047508,438211200
2009-10-09,5.707052230834961,5.713943478293467,5.651621414171162,5.662108303807599,293272000
2009-10-12,5.717239856719971,5.738214035943165,5.682183145748795,5.723532230501688,288024800
2009-10-13,5.693571090698242,5.728028138485957,5.68398270866397,5.711848143852439,348020400
2009-10-14,5.731624603271484,5.762485610016385,5.699863885546077,5.7603885513414985,375510800
2009-10-15,5.709750175476074,5.720536704252217,5.678888773706733,5.681884742775625,373556400
2009-10-16,5.634542465209961,5.703756986168941,5.628250090559417,5.673494460567207,431426800
2009-10-19,5.688776969909668,5.692971887396446,5.5596370391537215,5.628551940524819,942230800
2009-10-20,5.955446720123291,6.045036560737028,5.928180559975084,6.010579514419184,1141039200
2009-10-21,6.140018463134766,6.253578846613811,5.969529069591163,5.978218139536717,1193726800
2009-10-22,6.14840841293335,6.227810596948578,6.067808481330484,6.133426966904831,791392000
2009-10-23,6.110655307769775,6.166386978244098,6.089381885230345,6.163391008907773,420786800
2009-10-26,6.066909313201904,6.194851064448239,5.995597333796094,6.102565302904809,484338400
2009-10-27,5.913799285888672,6.076797375682354,5.886232288209002,6.042340328792321,756551600
2009-10-28,5.764881610870361,5.933273526885951,5.725929218844833,5.923984384111219,818386800
2009-10-29,5.883234977722168,5.897018673444323,5.757091059022255,5.842785201438363,570270400
2009-10-30,5.648027420043945,5.896720093461087,5.638139400469018,5.874547758755388,717525200
2009-11-02,5.67229700088501,5.779264590114446,5.560235583580587,5.686978811169468,678983200
2009-11-03,5.655518054962158,5.678589300991313,5.570722794764972,5.628551928467259,522541600
2009-11-04,5.717239856719971,5.808327057836323,5.699861719706951,5.714843161995177,487530400
2009-11-05,5.813721656799316,5.8427856345133,5.7475031054361585,5.7648820447467095,384801200
2009-11-06,5.823009967803955,5.848478304510093,5.764882408754923,5.768178014645082,295097600
2009-11-09,6.03634786605835,6.049531091515905,5.88054025538348,5.900914367458731,528855600
2009-11-10,6.08189058303833,6.141815958889526,6.022863317730116,6.023162954610603,401195200
2009-11-11,6.0899810791015625,6.142416339069045,6.0474330372286875,6.129232314811474,443870000
2009-11-12,6.052227020263672,6.138520037104173,6.035447755869815,6.08668405959733,363731200
2009-11-13,6.125936508178711,6.137322310524454,6.054624524954381,6.078594677266397,343240800
2009-11-16,6.191256999969482,6.232306064090375,6.1427170117119205,6.156799148990154,485206400
2009-11-17,6.2023420333862305,6.215525257357175,6.142416251449238,6.174776237703099,396513600
2009-11-18,6.171180248260498,6.202342087191284,6.112453013456732,6.188559589279436,374320800
2009-11-19,6.0078840255737305,6.13073280663854,5.986610596705136,6.13073280663854,542326400
2009-11-20,5.990204334259033,6.004287270078615,5.925484357072658,5.967133090568123,406666400
2009-11-23,6.16878604888916,6.172381693303193,6.080993997977625,6.082492583199584,474896800
2009-11-24,6.125636577606201,6.16878308972892,6.079493696575811,6.152303060736723,318438400
2009-11-25,6.1181464195251465,6.161892610942778,6.105262431662133,6.15440128768864,286454000
2009-11-27,6.010280132293701,6.081291686420384,5.943761932096446,5.969230271769625,295257200
2009-11-30,5.98990535736084,6.04293949648817,5.955747545691083,6.025860590653291,424858000
2009-12-01,5.901813507080078,6.075598917550304,5.897618590263728,6.059718161031262,465763200
2009-12-02,5.879640102386475,6.035148053844184,5.865257931161651,5.961438976261534,715260000
2009-12-03,5.887131214141846,5.962039241787537,5.88083923905647,5.915296283693653,448719600
2009-12-04,5.792448997497559,5.989005632541654,5.701360966523612,5.983612967636744,826884800
2009-12-07,5.661510944366455,5.805933174077435,5.653421145636734,5.792449909494974,714758800
2009-12-08,5.689075469970703,5.7633842218814655,5.65401915241346,5.673794387943412,690398800
2009-12-09,5.926681995391846,5.937468522523264,5.7022587832519935,5.73132315921727,684782000
2009-12-10,5.885633945465088,5.983613230419444,5.876345599822586,5.977620491263415,489669600
2009-12-11,5.8328986167907715,5.932675716234761,5.795744436824446,5.926083303593278,429774800
2009-12-14,5.902113914489746,5.915597178309955,5.769677571987956,5.853873561682252,495790400
2009-12-15,5.817915916442871,5.917992631259159,5.790949398111332,5.867654837004184,419459600
2009-12-16,5.843683242797852,5.887729057943976,5.8293010746039355,5.845780700666637,352984800
2009-12-17,5.748702049255371,5.842786037279431,5.722934075496411,5.820613306335037,388838800
2009-12-18,5.85567045211792,5.857767910608451,5.7708748019122496,5.787954506813015,608770400
2009-12-21,5.939568042755127,5.985112065188316,5.86286257342516,5.874249179107536,611906400
2009-12-22,6.003387451171875,6.018069259564305,5.952450377134192,5.975821655828856,349515600
2009-12-23,6.0555243492126465,6.063914184376304,6.016872380213871,6.028557421950247,345525600
2009-12-24,6.263466835021973,6.272755980002131,6.092977420494019,6.098970159159082,500889200
2009-12-28,6.340472221374512,6.410585266768042,6.280546032086452,6.343768627842823,644565600
2009-12-29,6.265261173248291,6.373727682533948,6.254175012930941,6.371030951634004,445205600
2009-12-30,6.341371059417725,6.35215839012223,6.241594751202982,6.257175073161729,412084400
2009-12-31,6.3141045570373535,6.392608236888527,6.309011128995133,6.3860162240641705,352410800
2010-01-04,6.412384033203125,6.4270658448127795,6.36354440681203,6.3950054888397725,493729600
2010-01-05,6.423470497131348,6.459725770133888,6.389611919821682,6.430062510422484,601904800
2010-01-06,6.3212971687316895,6.448939726298231,6.314705154942795,6.4234709821632485,552160000
2010-01-07,6.309609889984131,6.352157935585538,6.263766638128139,6.3446670120554804,477131200
2010-01-08,6.351557731628418,6.352157405510102,6.264066552443561,6.301219929854986,447610800
2010-01-11,6.295528888702393,6.382121574520934,6.24578995075598,6.376128834997422,462229600
2010-01-12,6.2239155769348145,6.285340348320906,6.184963975653417,6.267961006095432,594459600
2010-01-13,6.311707973480225,6.320097808664547,6.115450958202926,6.228411695924255,605892000
2010-01-14,6.275153160095215,6.306015366554697,6.262868444932306,6.295528473130166,432894000
2010-01-15,6.170281887054443,6.340172420550783,6.16848406553127,6.320096746875335,594067600
2010-01-19,6.4432454109191895,6.447739965208478,6.20953458861622,6.24219381630371,730007600
2010-01-20,6.344067573547363,6.458525674504352,6.277249741754556,6.439349312023581,612152800
2010-01-21,6.234403610229492,6.391410192014663,6.208635629283412,6.354556042528904,608154400
2010-01-22,5.925184726715088,6.217323935224247,5.90750694778653,6.195750876171056,881767600
2010-01-25,6.084587574005127,6.133426790617881,5.998294143323644,6.067808306929541,1065699600
2010-01-26,6.170579433441162,6.403392041176726,6.069903862547086,6.1708790702601775,1867110000
2010-01-27,6.228709697723389,6.309609263519785,5.978518077301491,6.197847495893098,1722568400
2010-01-28,5.971327781677246,6.157398321587291,5.953650002252873,6.140319816045054,1173502400
2010-01-29,5.754696846008301,6.0585219758533215,5.700463746892247,6.024963430551039,1245952400
2010-02-01,5.8346967697143555,5.872749862649446,5.7319236951239105,5.763984048998566,749876400
2010-02-02,5.868554592132568,5.882337891142079,5.79424663250177,5.870053176856827,698342400
2010-02-03,5.969529628753662,5.998594010375022,5.825407468492516,5.847879837776201,615328000
2010-02-04,5.754395484924316,5.943761206337017,5.74001291363288,5.894621554523144,757652000
2010-02-05,5.856569290161133,5.872749685135227,5.718439859387999,5.771774435315068,850306800
2010-02-08,5.8164191246032715,5.9290802149433555,5.8128234812851005,5.863461324584028,478270800
2010-02-09,5.87844181060791,5.917693043599327,5.835294897942736,5.885333059125075,632886800
2010-02-10,5.846380710601807,5.890726568220166,5.820612739352889,5.869451949965533,370361600
2010-02-11,5.952750205993652,5.985110592941017,5.814620787818912,5.83919061493375,550345600
2010-02-12,6.003987789154053,6.041741243510195,5.857768162771362,5.935971403895382,655468800
2010-02-16,6.094477653503418,6.10316672686847,6.038147094964761,6.05073144951561,543737600
2010-02-17,6.069007396697998,6.1217418944134705,6.018369157274357,6.118146251373973,436396800
2010-02-18,6.080392360687256,6.109157102877768,6.020166544270516,6.04143996395349,422825200
2010-02-19,6.042638778686523,6.088482423024295,6.025859512798315,6.048332279678846,415469600
2010-02-22,6.005184650421143,6.0675079204665545,5.968330514829647,6.062714130500933,390563600
2010-02-23,5.904512405395508,6.032454623553411,5.864062604377479,5.992603696577277,575094800
2010-02-24,6.012376308441162,6.03574718455996,5.927879909957222,5.939565748065853,460566400
2010-02-25,6.052526950836182,6.07829492408606,5.899416095686119,5.914097903707459,665126000
2010-02-26,6.131031513214111,6.147511147187801,6.052528624114749,6.0639144293904,507460800
2010-03-01,6.261968612670898,6.2772492941238,6.155899152736769,6.164887859482462,550093600
2010-03-02,6.257772445678711,6.31709893847317,6.224513157232841,6.290132023526362,566546400
2010-03-03,6.272156715393066,6.288337111876648,6.230508776493886,6.260471673586981,372052800
2010-03-04,6.313504219055176,6.319796593872443,6.251180944822406,6.2706577431155885,366041200
2010-03-05,6.560400485992432,6.582872855426392,6.430960134113949,6.440248878833697,899620400
2010-03-08,6.564296245574951,6.594558377208568,6.539426778912664,6.592161681671236,429889600
2010-03-09,6.682347297668457,6.741673785672733,6.528637215044908,6.541221560977763,920259200
2010-03-10,6.736884117126465,6.756060885776028,6.687745247659609,6.7066219792496105,596218000
2010-03-11,6.756656646728516,6.756656646728516,6.691337804990175,6.709016381490595,405700400
2010-03-12,6.789618492126465,6.823476269444161,6.764149749834314,6.81268933857011,416323600
2010-03-15,6.706920146942139,6.756657879483593,6.599352484110928,6.753063036248165,493502800
2010-03-16,6.725196838378906,6.74107719553344,6.66706887447151,6.717107041362104,446908000
2010-03-17,6.7153096199035645,6.785123028127878,6.689841279572902,6.738680501610635,450956800
2010-03-18,6.731191158294678,6.741678053202144,6.670066410694292,6.714710723313066,342109600
2010-03-19,6.659276485443115,6.7488659021758455,6.628713927191883,6.735382644151322,559445600
2010-03-22,6.734185695648193,6.771639910251987,6.596355914119157,6.605944295470346,456419600
2010-03-23,6.842351913452148,6.854936664143012,6.714708985312008,6.76085227107992,602431200
2010-03-24,6.872614860534668,6.89748432501135,6.81688319314131,6.820778873176601,597780400
2010-03-25,6.79111385345459,6.920554577455036,6.7791283789827625,6.919055993096843,542284400
2010-03-26,6.918458461761475,6.949919136387301,6.848044989796862,6.8600304659011035,640875200
2010-03-29,6.963102340698242,7.00744780206245,6.940031499409348,6.981380591755804,540744400
2010-03-30,7.066774845123291,7.115615263772722,7.018833737296755,7.0892472144138985,527310000
2010-03-31,7.041306018829346,7.089547163028468,7.025126425204861,7.0559886279977215,430659600
2010-04-01,7.070370674133301,7.153068067182896,6.973889982192798,7.113517592301873,603145200
2010-04-05,7.145877361297607,7.146476635144013,7.034414826162003,7.040707601598554,684507600
2010-04-06,7.177338600158691,7.198312383988719,7.101232424386355,7.137188053879664,447017200
2010-04-07,7.209099769592285,7.248651044550517,7.1509710048346244,7.177638291755464,628502000
2010-04-08,7.189627647399902,7.2372687451789375,7.132398162616569,7.20430946495071,572989200
2010-04-09,7.24475622177124,7.24775339154705,7.204905705213912,7.233970091032401,334182800
2010-04-12,7.259738922119141,7.283109808244466,7.245356345981214,7.2570417890438765,333026400
2010-04-13,7.2639312744140625,7.2750182408748705,7.224379999747313,7.246853169549665,306210800
2010-04-14,7.361611366271973,7.365207009458279,7.313071783454066,7.3493266521014,404076400
2010-04-15,7.4583916664123535,7.461687272427726,7.356217478654357,7.364307275309234,376784800
2010-04-16,7.412849426269531,7.524911258942343,7.327454885350146,7.447905753547549,750545600
2010-04-19,7.402961254119873,7.427530685087249,7.244156863477827,7.401762706262991,566924400
2010-04-20,7.3286519050598145,7.468279511279908,7.279812286585048,7.447005689720563,738326400
2010-04-21,7.767012596130371,7.7978748066997685,7.662441284669008,7.754427842285815,982391200
2010-04-22,7.984241962432861,7.99263179595929,7.676521654997735,7.737646784877433,793424800
2010-04-23,8.11487865447998,8.155328428428437,8.000120543129658,8.029783390652504,796955600
2010-04-26,8.075027465820312,8.163717564130383,8.035775442500357,8.14633942869123,479068800
2010-04-27,7.851504802703857,8.025290193083839,7.805961597017021,8.008211290926655,709343600
2010-04-28,7.838322639465332,7.910233100284697,7.682814677747512,7.887761531334101,758402400
2010-04-29,8.049263000488281,8.090012025482757,7.85060810322089,7.880870235016807,558840800
2010-04-30,7.8230390548706055,8.107087564554835,7.820342723490317,8.069334124640802,542463600
2010-05-03,7.980645179748535,8.026489220635797,7.876673186498179,7.905438325909308,454342000
2010-05-04,7.750829696655273,7.888959507020247,7.693001775281215,7.876974831135278,723819600
2010-05-05,7.670229434967041,7.734650168768535,7.452697844641093,7.5815393122440815,883103200
2010-05-06,7.378392696380615,7.737948294912644,5.970130401776144,7.605511941448243,1285860800
2010-05-07,7.067076683044434,7.387981146489486,6.747970841907155,7.3022873548294,1676018400
2010-05-10,7.610301971435547,7.630078004678368,7.446704242373522,7.498240983453338,984306400
2010-05-11,7.686110019683838,7.787084847839922,7.505732618522056,7.545882360221544,848906800
2010-05-12,7.853007793426514,7.884169246417216,7.751433634182525,7.76761243462736,654379600
2010-05-13,7.741245269775391,7.940199451564875,7.682517213628774,7.886864861808149,599712400
2010-05-14,7.6052093505859375,7.684911165540142,7.475769410584017,7.645359894962104,759362800
2010-05-17,7.617196083068848,7.675924124874721,7.4221368301428505,7.631578656596489,762834800
2010-05-18,7.561463356018066,7.746934181096273,7.498540412368309,7.699892391870298,782678400
2010-05-19,7.441013813018799,7.578244339739695,7.336443314754248,7.475770900137174,1025726800
2010-05-20,7.124003887176514,7.3064783426689175,7.077560571814807,7.247450278615215,1282915200
2010-05-21,7.260635852813721,7.3259550978279355,6.931940969262358,6.975986394096475,1223891200
2010-05-24,7.393670082092285,7.517717350990785,7.378689038085219,7.409251199962057,754238800
2010-05-25,7.347529411315918,7.393671902323759,7.106027625569062,7.17164611865963,1048006400
2010-05-26,7.314269065856934,7.554573069598757,7.303482136984121,7.4931487025542,850654000
2010-05-27,7.591130256652832,7.607310656535237,7.464087354268032,7.508732072313738,666282400
2010-05-28,7.696895122528076,7.772402005994164,7.591125318278056,7.772102769203417,815614800
2010-06-01,7.815248012542725,7.968358820429021,7.759217129798873,7.781090216653812,876472800
2010-06-02,7.9087371826171875,7.934205124216224,7.800270202668185,7.926414563211235,688548000
2010-06-03,7.883866310119629,7.9566760786003465,7.802665908106783,7.945589112942416,650106800
2010-06-04,7.6693315505981445,7.847311084382296,7.629481039513764,7.736747858827307,758304400
2010-06-07,7.518912315368652,7.764908077613446,7.507226082486176,7.739140118130149,886942000
2010-06-08,7.47067928314209,7.604614235838207,7.360415255878264,7.587834562079005,1000770400
2010-06-09,7.287003517150879,7.547682867128871,7.265730493516741,7.534798078028368,854630000
2010-06-10,7.506032466888428,7.520114201239725,7.257039400108515,7.336141942629837,776356000
2010-06-11,7.595920085906982,7.606406974949047,7.4119470720552885,7.4377150394382685,545759200
2010-06-14,7.618992328643799,7.764911891929781,7.610902532757341,7.669330525478584,602960400
2010-06-15,7.781091690063477,7.785885879881777,7.655546644541256,7.659741560632269,585074000
2010-06-16,8.007615089416504,8.022596137609604,7.8092594185265085,7.823341955871454,783678000
2010-06-17,8.146045684814453,8.176907897995733,8.075032910829943,8.107992183113396,872855200
2010-06-18,8.211963653564453,8.239830297389098,8.132561840903803,8.157431314331161,784621600
2010-06-21,8.095107078552246,8.359979768499525,8.051960153463025,8.320428487175967,776490400
2010-06-22,8.205368995666504,8.26889041913859,8.134956323449392,8.15473155902144,717262000
2010-06-23,8.119071960449219,8.229635934142939,8.027085467471585,8.227238839856993,768457200
2010-06-24,8.060047149658203,8.185891424817095,8.033079833468394,8.119972118673726,714277200
2010-06-25,7.991134166717529,8.098102556721493,7.964466878441076,8.091810580873728,549942400
2010-06-28,8.039073944091797,8.082520894216932,7.92581359703618,7.998024089148696,584948000
2010-06-29,7.675622463226318,7.921918382064643,7.619591565865915,7.9138277861185,1133344800
2010-06-30,7.536598205566406,7.729559662823364,7.491054974718794,7.6918061950819725,739452000
2010-07-01,7.4452104568481445,7.6345770582065615,7.287605380484024,7.619595206794157,1022896000
2010-07-02,7.3990678787231445,7.518620251420523,7.287005231506753,7.505435422214114,693842800
2010-07-06,7.449704170227051,7.574649189729399,7.375695036737679,7.520716133834788,615235600
2010-07-07,7.750531196594238,7.753528366282966,7.4832622300510065,7.505433764819913,654556000
2010-07-08,7.733153820037842,7.8772764112672276,7.637272383943244,7.864691657740922,738144400
2010-07-09,7.778997421264648,7.787386456356169,7.645361732459102,7.697197728307872,433322400
2010-07-12,7.709181308746338,7.845812533518192,7.6363715429502665,7.7463354839122385,562878400
2010-07-13,7.544683933258057,7.682513699785648,7.3837825266645805,7.680117404807242,1190924000
2010-07-14,7.5725483894348145,7.664534905792582,7.460786640289961,7.472173641140658,812047600
2010-07-15,7.534195899963379,7.699591434698473,7.409849412048287,7.437715238042772,824866000
2010-07-16,7.487754821777344,7.639667127845821,7.443110124350644,7.586033323524932,1039858400
2010-07-19,7.358315944671631,7.487157442460239,7.179137835834443,7.487157442460239,1024478000
2010-07-20,7.547381401062012,7.5776443309132,7.191421529653795,7.2780146020928385,1074950800
2010-07-21,7.617793083190918,7.944689295486313,7.610602598671989,7.942891474331976,1185671200
2010-07-22,7.761019229888916,7.790382853057776,7.649855913479874,7.720868675723802,645318800
2010-07-23,7.788583278656006,7.801767302462569,7.6789185718334165,7.703188761064406,533388800
2010-07-26,7.768806457519531,7.793375878591604,7.7217646732309895,7.790379510156183,420551600
2010-07-27,7.912629127502441,7.934202180644777,7.799368798283782,7.81644769871683,584771600
2010-07-28,7.819143295288086,7.969857816610425,7.797870281045275,7.9003436740106086,519985200
2010-07-29,7.7337565422058105,7.869788595341896,7.67353148086761,7.8116605938103625,643806800
2010-07-30,7.70798397064209,7.781393021751602,7.637570488877035,7.667234946413125,448210000
2010-08-02,7.845812797546387,7.867985128593746,7.778995767447657,7.803565193754033,428055600
2010-08-03,7.848210334777832,7.888060845555352,7.773003467037261,7.820644537845314,417653600
2010-08-04,7.879672527313232,7.918623730805787,7.799671461519895,7.875477609992783,420375200
2010-08-05,7.8413190841674805,7.885664548850139,7.806861237934046,7.8422175948907755,289097200
2010-08-06,7.7930779457092285,7.8350263107254055,7.719368069963356,7.783788801956004,444897600
2010-08-09,7.8428168296813965,7.854802306589614,7.777497580728791,7.834726232719053,303128000
2010-08-10,7.772703170776367,7.803865409858965,7.71697150482337,7.78588719500362,451920000
2010-08-11,7.4964470863342285,7.661244249228564,7.485061679514889,7.652555175577262,620054400
2010-08-12,7.544384002685547,7.583635230812681,7.374493505175839,7.391572405979007,534920400
2010-08-13,7.4637861251831055,7.547082798345282,7.463486088178881,7.540191548432251,354869200
2010-08-16,7.420039653778076,7.491052409295662,7.389476685516949,7.4182418321156565,318430000
2010-08-17,7.549777507781982,7.629479312002801,7.46677929806611,7.493147341632855,422640400
2010-08-18,7.582738399505615,7.630679512211889,7.538093693354022,7.561465375846436,339696000
2010-08-19,7.487155437469482,7.595022318312028,7.451199810521968,7.5758455572208145,426706000
2010-08-20,7.479963779449463,7.608205162464628,7.46078701931353,7.472473257570599,384230000
2010-08-23,7.364903926849365,7.550674747493183,7.348425102541249,7.5443827745683905,414041600
2010-08-24,7.189025402069092,7.281011151528237,7.150672670001698,7.27112433166474,602565600
2010-08-25,7.277714729309082,7.310674792320571,7.1072257130012035,7.132394415565893,596867600
2010-08-26,7.199511528015137,7.363409332704401,7.199511528015137,7.354420224561817,466505200
2010-08-27,7.239663600921631,7.269327263984389,7.058087578729091,7.2435592819857595,548391200
2010-08-30,7.2660298347473145,7.363409846169221,7.2114967083115715,7.213893803983415,383289200
2010-08-31,7.284006595611572,7.327752782775545,7.201608448616881,7.246552383278558,420786800
2010-09-01,7.500638008117676,7.534495773659441,7.379287878336406,7.41494346506522,697037600
2010-09-02,7.555769920349121,7.555769920349121,7.447903044719542,7.528503364539539,415427600
2010-09-03,7.753530025482178,7.753829262455872,7.6255878169542415,7.643266001269128,520788800
2010-09-07,7.724763870239258,7.776299826002636,7.678021305629367,7.689706746757172,342557600
2010-09-08,7.877872943878174,7.921918365745031,7.7634132542141066,7.783788562356911,526551200
2010-09-09,7.882368087768555,7.985740025552132,7.877873933986169,7.941395361276736,438575200
2010-09-10,7.892554759979248,7.925214780371846,7.832328946284687,7.885962748513922,387542400
2010-09-13,8.001320838928223,8.038475015747945,7.962968914564534,7.964765935929763,388780000
2010-09-14,8.031883239746094,8.065141737655694,7.955777062406338,7.976451609798179,408150400
2010-09-15,8.096601486206055,8.1013964759923,8.025289514796375,8.035177931076735,429368800
2010-09-16,8.286870956420898,8.289867326591162,8.075032786025792,8.097205925285737,652103200
2010-09-17,8.250910758972168,8.328514695762745,8.200273336111355,8.320424101505157,634477200
2010-09-20,8.486417770385742,8.50289739182734,8.265290646245269,8.272181891546841,658677600
2010-09-21,8.502601623535156,8.60986923515819,8.473238006963227,8.505298755727635,668074400
2010-09-22,8.621854782104492,8.628746030922189,8.461851874022026,8.470840981239817,585289600
2010-09-23,8.656911849975586,8.771970032034094,8.569420265772813,8.579307884519581,786116800
2010-09-24,8.758780479431152,8.795036125420376,8.70574677596755,8.75218927115867,649488000
2010-09-27,8.724026679992676,8.830994237305214,8.719532527199153,8.808522673239182,482834800
2010-09-28,8.595185279846191,8.742303362910688,8.239824800603426,8.742303362910688,1035042400
2010-09-29,8.610468864440918,8.683578672033464,8.56941980693637,8.606273947600526,469644000
2010-09-30,8.502005577087402,8.689274295509787,8.427097929698693,8.659311396574058,673391600
2010-10-01,8.465147972106934,8.586797351634813,8.430090855282131,8.573913365140614,448142800
2010-10-04,8.348894119262695,8.476535468152347,8.322825302789996,8.437584262199968,435302000
2010-10-05,8.657510757446289,8.672791038833466,8.444173290235296,8.449567554404965,501967200
2010-10-06,8.665002822875977,8.748899575362733,8.547248292489753,8.676988301830864,670868800
2010-10-07,8.665902137756348,8.703655596382546,8.596687997007468,8.699460678746444,408399600
2010-10-08,8.811223983764648,8.824107975811497,8.689275314833125,8.740511245945585,658403200
2010-10-11,8.849875450134277,8.906206407583673,8.827104637706043,8.831299555821335,427753200
2010-10-12,8.945155143737793,8.973920285997465,8.763878420565527,8.85137079474164,558544000
2010-10-13,8.993099212646484,9.047631545964013,8.982911554737068,8.9948970346305,630092400
2010-10-14,9.058116912841797,9.062910303468401,9.000886661109135,9.039539423781687,435296400
2010-10-15,9.43055534362793,9.438345902680664,9.13601908489445,9.21182521696905,922194000
2010-10-18,9.52823543548584,9.558197524163925,9.417072150005513,9.54231796920788,1093010800
2010-10-19,9.273253440856934,9.401494881358484,8.989503991862092,9.090778901432756,1232784000
2010-10-20,9.304412841796875,9.415875385220644,9.194748920144658,9.258569589285935,721624400
2010-10-21,9.274150848388672,9.430557335763892,9.192651198202393,9.359245341875564,551460000
2010-10-22,9.212726593017578,9.289731289901919,9.177670269568974,9.260666905430986,372778000
2010-10-25,9.25377368927002,9.336471070655737,9.241788213664044,9.261265011573007,392462000
2010-10-26,9.230103492736816,9.280740926572474,9.158191439841131,9.194747140113174,392929600
2010-10-27,9.223509788513184,9.28553261259199,9.156691975016244,9.21811632552843,399002800
2010-10-28,9.145912170410156,9.228609593038286,9.015872895626856,9.227111007790919,551051200
2010-10-29,9.018263816833496,9.165082678327341,9.014967411313338,9.115643796410806,430511200
2010-11-01,9.114144325256348,9.156691955279355,9.054817832748618,9.0554171064123,423889200
2010-11-02,9.269355773925781,9.294225240498317,9.19864385467043,9.19864385467043,433930000
2010-11-03,9.372428894042969,9.374825989521351,9.244486723229505,9.3295812124162,508348400
2010-11-04,9.53632640838623,9.593555861053037,9.43924564464644,9.451830395527162,642488000
2010-11-05,9.502164840698242,9.575274627619434,9.490779441163479,9.527933608288976,361253200
2010-11-08,9.54681396484375,9.581271013551905,9.491082292879431,9.504266318528737,281758400
2010-11-09,9.470705032348633,9.627112272679096,9.423364008724757,9.619620951139263,383544000
2010-11-10,9.529135704040527,9.55130803779995,9.394900753411932,9.48748656886996,384227200
2010-11-11,9.487788200378418,9.54022346982577,9.41587612788912,9.438348500523517,361284000
2010-11-12,9.229501724243164,9.483288120598921,9.097665518452638,9.468307079074286,795846800
2010-11-15,9.199843406677246,9.304713949366501,9.17677175926981,9.242391057732615,403606000
2010-11-16,9.036541938781738,9.216619305119222,8.968525566414378,9.160289171250833,657650000
2010-11-17,9.003880500793457,9.108450946971667,8.921781615181759,9.024854277361516,479449600
2010-11-18,9.241488456726074,9.278642628915113,9.129427466510846,9.144707746900757,494491200
2010-11-19,9.190555572509766,9.240593750803201,9.145910860156146,9.22770975999637,384843200
2010-11-22,9.389206886291504,9.389206886291504,9.164784062831533,9.189053450069803,393075200
2010-11-23,9.250480651855469,9.340970225532526,9.185461423263519,9.302017415629013,519447600
2010-11-24,9.432353973388672,9.45033218812819,9.340967515474425,9.34845723813471,413725200
2010-11-26,9.438349723815918,9.519250115765397,9.376626100375384,9.400596260912748,237585600
2010-11-29,9.49438190460205,9.51265856436527,9.329884765842756,9.453332029112332,445785200
2010-11-30,9.322989463806152,9.419170914098508,9.314599630114294,9.394600686858066,501858000
2010-12-01,9.480295181274414,9.520744964725743,9.43834681319605,9.446436609866602,461750800
2010-12-02,9.532732009887695,9.558199951752108,9.435051959543165,9.514154518066835,462837200
2010-12-03,9.51146125793457,9.547716142245147,9.478501981252606,9.498577264333326,342092800
2010-12-06,9.592656135559082,9.657975376899634,9.540819354021192,9.547411365552506,448481600
2010-12-07,9.534526824951172,9.707712135429515,9.531830493167142,9.702020235040322,391454000
2010-12-08,9.618422508239746,9.618722545151844,9.501567332109705,9.577073421260536,321935600
2010-12-09,9.580968856811523,9.66306695485738,9.558795729522323,9.651981591360396,294151200
2010-12-10,9.604940414428711,9.619622222441421,9.546212382279338,9.577673856648593,262511200
2010-12-13,9.638201713562012,9.739777451796524,9.618127235622728,9.719102899785717,439815600
2010-12-14,9.596854209899902,9.664271337308916,9.558201435483156,9.640001139437718,351008000
2010-12-15,9.59894847869873,9.678050219816043,9.563891361530914,9.588160750225715,417312000
2010-12-16,9.625615119934082,9.66636493880529,9.591158076100122,9.620820929467053,322030800
2010-12-17,9.606436729431152,9.641793075088035,9.595050529950656,9.63699888583309,386929200
2010-12-20,9.654380798339844,9.685543040686891,9.535128494367871,9.636103344704845,385610400
2010-12-21,9.714007377624512,9.719700079558404,9.649587434376828,9.678051744144941,256354000
2010-12-22,9.742769241333008,9.759548906059692,9.694528905391468,9.71879909182191,265921600
2010-12-23,9.696022987365723,9.742465480520604,9.683139007982595,9.737971329604934,223157200
2010-12-27,9.728388786315918,9.751161193395236,9.633705915071477,9.673557227410969,249816000
2010-12-28,9.752058982849121,9.787714572433865,9.73977427046953,9.76524220584499,175924000
2010-12-29,9.746664047241211,9.78142112096183,9.740970547169944,9.774529073517494,163139200
2010-12-30,9.69782829284668,9.753259130616199,9.679550838198773,9.752360619778798,157494400
2010-12-31,9.664868354797363,9.692434153308161,9.627414137170817,9.676553795462913,193508000
2011-01-03,9.874909400939941,9.895583951419729,9.733184717322038,9.757154874358568,445138400
2011-01-04,9.926445960998535,9.96270083279551,9.832361556313826,9.960903011046172,309080800
2011-01-05,10.007645606994629,10.017833264419822,9.87281216499738,9.874310749962227,255519600
2011-01-06,9.999553680419922,10.045096888316227,9.974684218155053,10.029216532911887,300428800
2011-01-07,10.07116413116455,10.07805537918354,9.944719771251737,10.00734267746308,311931200
2011-01-10,10.260835647583008,10.284206536699337,10.102631290312871,10.152369438957738,448560000
2011-01-11,10.23656177520752,10.336038029037718,10.171541765817098,10.33364173385376,444108000
2011-01-12,10.319853782653809,10.320153819501375,10.247344077727034,10.284798277482425,302590400
2011-01-13,10.357610702514648,10.386375844838494,10.302779150206144,10.342030383854429,296780400
2011-01-14,10.441509246826172,10.441509246826172,10.32045911892549,10.363905276705276,308840000
2011-01-18,10.20689868927002,10.330046675572314,9.767940558048913,9.87341036432217,1880998000
2011-01-19,10.15266227722168,10.445100621207429,10.09393505898119,10.437609300439231,1135612800
2011-01-20,9.968092918395996,10.136484865117481,9.891387467904755,10.080453961832808,764789200
2011-01-21,9.789512634277344,10.034010740617582,9.786815502165254,10.000751445225276,754401200
2011-01-24,10.111018180847168,10.111018180847168,9.789514530152497,9.794009484510315,574683200
2011-01-25,10.229372024536133,10.23057137254975,10.02472516871286,10.077460476868668,546868000
2011-01-26,10.30278205871582,10.355217330731854,10.232369367770827,10.276114767207421,506875600
2011-01-27,10.283601760864258,10.327947219141123,10.272216359487986,10.300680663027144,285026000
2011-01-28,10.070566177368164,10.319260033333178,9.993562285261442,10.312368783863448,592057200
2011-01-31,10.167047500610352,10.188621359613949,10.016633761939442,10.061577701333045,377246800
2011-02-01,10.338135719299316,10.356712407338092,10.216785572940752,10.226373953914855,426633200
2011-02-02,10.31685733795166,10.344722357690623,10.293785706482032,10.320753016049371,258955200
2011-02-03,10.290495872497559,10.31446682964085,10.143976997403353,10.30128280321204,393797600
2011-02-04,10.382182121276855,10.388174859949622,10.292592678365555,10.296487558453542,321840400
2011-02-07,10.543384552001953,10.58443281540459,10.416340880857641,10.423831404831903,485021600
2011-02-08,10.64285945892334,10.652447840444955,10.551472997890507,10.597316246892847,381040800
2011-02-09,10.731551170349121,10.75672067367873,10.632973415986756,10.64256099810891,482745200
2011-02-10,10.623083114624023,10.786681656886264,10.42712458819861,10.70847842850014,928550000
2011-02-11,10.69229793548584,10.720762239744138,10.593120125643644,10.629375789101047,367572800
2011-02-14,10.762113571166992,10.7711018795946,10.68810524454734,10.690502340154348,310416400
2011-02-15,10.78368854522705,10.785786404304806,10.713275849522327,10.762414717988907,284174800
2011-02-16,10.880464553833008,10.93349827628236,10.801661262066043,10.810649567509227,481157600
2011-02-17,10.735743522644043,10.794770786440411,10.682408959381881,10.704282851146422,530583200
2011-02-18,10.50383186340332,10.771700869743892,10.47266962364779,10.748029953055811,816057200
2011-02-22,10.145771026611328,10.349220048771127,10.119104546905634,10.251840072024748,872555600
2011-02-23,10.265925407409668,10.326449663086496,10.145773006443314,10.150567997113953,671854400
2011-02-24,10.27371883392334,10.341735236793543,10.138586139384309,10.307877453941426,499900800
2011-02-25,10.431920051574707,10.44000984795769,10.331244451824494,10.345026949351274,380018800
2011-02-28,10.583232879638672,10.638364468856908,10.520609967896265,10.52420561068422,403074000
2011-03-01,10.466379165649414,10.658442059135641,10.417539540638746,10.650951535080893,456136800
2011-03-02,10.550575256347656,10.6173930998669,10.439112704875901,10.485855271647594,602590800
2011-03-03,10.7734956741333,10.780386921330805,10.664430265828651,10.702483744054653,500788400
2011-03-04,10.78668212890625,10.795371199085269,10.719265025558704,10.788779187187945,453266800
2011-03-07,10.64765453338623,10.83672103245786,10.526304379145529,10.828630435436175,546123200
2011-03-08,10.659634590148926,10.708774224436187,10.554464075337759,10.634165862620195,356316800
2011-03-09,10.56106185913086,10.629677522562064,10.505031748070518,10.627579663800692,453306000
2011-03-10,10.387274742126465,10.480160584140926,10.334240209140594,10.46068378491825,507539200
2011-03-11,10.546679496765137,10.556567916655354,10.337239259058032,10.34712607875084,471080400
2011-03-14,10.593720436096191,10.681212815898522,10.526304129836182,10.582334233219544,435957200
2011-03-15,10.350123405456543,10.422333914839639,10.190420501200645,10.250346294886935,721081200
2011-03-16,9.888092041015625,10.27731203338633,9.775730986451396,10.247349138842445,1162011200
2011-03-17,10.026817321777344,10.17573321501465,9.907564272405244,10.092435782529277,659422400
2011-03-18,9.907869338989258,10.133490787687801,9.887794061076072,10.10143003039398,753214000
2011-03-21,10.166447639465332,10.17963086355181,10.045396726789269,10.067270621509193,409402000
2011-03-22,10.223377227783203,10.26592567019958,10.161653622784776,10.264127848689029,325922800
2011-03-23,10.163155555725098,10.194016968342458,10.06607476236878,10.165851888829954,372996400
2011-03-24,10.33633804321289,10.367200244857981,10.153264291956317,10.242853727696492,404712000
2011-03-25,10.533197402954102,10.548777725575372,10.39776389037643,10.429225372742453,448910000
2011-03-28,10.500240325927734,10.616497905287437,10.500240325927734,10.5814407692332,309355200
2011-03-29,10.515817642211914,10.515817642211914,10.368999536162164,10.416939848305429,352900800
2011-03-30,10.446004867553711,10.513422790995017,10.410349265500136,10.506230703057229,329406000
2011-03-31,10.442407608032227,10.481059571077147,10.368998561904768,10.377986869525431,274019200
2011-04-01,10.324051856994629,10.53469219021083,10.286298408937364,10.520310419583328,418661600
2011-04-04,10.223076820373535,10.325250997611146,10.139480129951167,10.316561928021002,460084800
2011-04-05,10.15416431427002,10.254839930605533,10.067571234735414,10.097234893157868,482731200
2011-04-06,10.128691673278809,10.304274860375953,10.101725157877162,10.223974587848792,402539200
2011-04-07,10.129891395568848,10.200303254968935,10.068466241372862,10.130489869170402,373447200
2011-04-08,10.039407730102539,10.191919363211785,10.00614922312996,10.185028112236159,377535200
2011-04-11,9.911762237548828,10.057681007504666,9.888391359415685,10.009440666687084,398946800
2011-04-12,9.95970630645752,9.99955682592698,9.893786968842937,9.90247604149213,425639200
2011-04-13,10.071463584899902,10.071762821705878,9.963296680425652,10.038204294024036,346220000
2011-04-14,9.960301399230957,10.067569004800767,9.949515271365348,10.031613378352235,301800800
2011-04-15,9.811685562133789,9.996857174568202,9.791910325900322,9.98666951948806,453605600
2011-04-18,9.943221092224121,9.954607292355751,9.592954020786744,9.770934306562935,609898800
2011-04-19,10.123302459716797,10.126897302910013,9.939029341452999,9.980678476201025,419378400
2011-04-20,10.259631156921387,10.359707470427114,10.232365402111279,10.292590412266406,700666400
2011-04-21,10.508027076721191,10.640763446109078,10.442707821383895,10.636867765683824,753810400
2011-04-25,10.577240943908691,10.599414076116169,10.496040538269732,10.497239886055212,266546000
2011-04-26,10.499635696411133,10.636566152436247,10.467574949759918,10.59551709933199,338800000
2011-04-27,10.491544723510742,10.55746403575504,10.400158277198353,10.554167630088669,356213200
2011-04-28,10.389674186706543,10.47956207282342,10.352819241286129,10.37289451722438,360959200
2011-04-29,10.490948677062988,10.60540678912732,10.387275894771312,10.390572301200343,1006345200
2011-05-02,10.375593185424805,10.501138297502136,10.352222297769439,10.47926519490979,442713600
2011-05-03,10.43311595916748,10.483753387017341,10.355811251533838,10.426823985323507,313348000
2011-05-04,10.474172592163086,10.541888964392069,10.393571426900778,10.434920539168678,389250400
2011-05-05,10.389674186706543,10.515518507428055,10.368699599853837,10.43911228404122,335969200
2011-05-06,10.386975288391113,10.487051614066116,10.37349202775572,10.477763270088174,280134400
2011-05-09,10.415140151977539,10.463081255590582,10.383079403919691,10.422929911232142,204747200
2011-05-10,10.470572471618652,10.477763757651774,10.386975771730063,10.453792804208035,282091600
2011-05-11,10.404057502746582,10.487055757830701,10.344431735516295,10.457692129724593,336000000
2011-05-12,10.38428020477295,10.400760637799115,10.255440311084074,10.370797741576332,322000000
2011-05-13,10.202404022216797,10.374690859540255,10.197909868234825,10.357013480498475,326116000
2011-05-16,9.98666763305664,10.22397522362346,9.96569305303011,10.163450178600877,449775200
2011-05-17,10.071765899658203,10.071765899658203,9.909665911910137,9.947719404098123,452334400
2011-05-18,10.1835298538208,10.218886220984462,10.06757313102616,10.081655670479602,334776400
2011-05-19,10.203301429748535,10.259631562902225,10.14756977025542,10.249743945927149,261170000
2011-05-20,10.044201850891113,10.215890250852466,10.038209110911849,10.174241108045974,337968400
2011-05-23,10.019625663757324,10.066967481366303,9.870410527424653,9.88689015252677,383600000
2011-05-24,9.953411102294922,10.064574398082561,9.927942364438827,10.052588921421204,321927200
2011-05-25,10.090943336486816,10.144277920691616,9.973188799578004,9.990566944926462,294224000
2011-05-26,10.037603378295898,10.09423353451352,10.020524480393675,10.06666774844469,222560800
2011-05-27,10.109816551208496,10.116408562706493,10.016931516759485,10.031613324137592,203599200
2011-05-31,10.422032356262207,10.422032356262207,10.217384736569645,10.220381905924977,417754400
2011-06-01,10.352519989013672,10.550874867692686,10.326752809124526,10.453196413340676,554682800
2011-06-02,10.370194435119629,10.426525366546736,10.316261398749505,10.3821799099123,338783200
2011-06-03,10.290495872497559,10.34712605860053,10.24764898675198,10.282706111524691,313250000
2011-06-06,10.128691673278809,10.398658464380084,10.121800426033545,10.358208691277614,461941200
2011-06-07,9.948917388916016,10.134089025928054,9.944722471561525,10.13259124120793,529785200
2011-06-08,9.954910278320312,10.031615739477688,9.907270002178729,9.941127778331818,333723600
2011-06-09,9.932438850402832,9.997758108086146,9.91026571515892,9.985173355650412,275088800
2011-06-10,9.764948844909668,9.937535796049454,9.753262599176576,9.90427648146101,433955200
2011-06-13,9.785918235778809,9.837154951339393,9.740074985029647,9.803895651718262,329473200
2011-06-14,9.96090030670166,9.985170493679137,9.86711596448659,9.88779050894159,334569200
2011-06-15,9.790412902832031,9.89678121092729,9.734381197871905,9.880301580091464,399196000
2011-06-16,9.742769241333008,9.848239019319667,9.538122459681423,9.794905256635325,510591200
2011-06-17,9.59595012664795,9.865318465263474,9.568983609134612,9.857527906842298,615020000
2011-06-20,9.447935104370117,9.51924708939352,9.30351331284716,9.509059434362015,640645600
2011-06-21,9.746968269348145,9.761949319075532,9.444342103748486,9.488687579135178,493382400
2011-06-22,9.666362762451172,9.854830732309798,9.659470715157271,9.74276815557064,390583200
2011-06-23,9.924644470214844,9.938426965099184,9.531829764338505,9.55639838563268,559759200
2011-06-24,9.778427124023438,9.982175426268547,9.740673672714061,9.928841655429068,439807200
2011-06-27,9.948917388916016,10.0046490622413,9.805394888445663,9.815582544878001,339813600
2011-06-28,10.04539680480957,10.088543720560804,9.990864486363211,9.997156461542021,294299600
2011-06-29,10.008844375610352,10.078657788382829,9.944123591107527,10.068770168562503,352545200
2011-06-30,10.057683944702148,10.071468046244805,9.97288947746912,10.028620357022966,322954800
2011-07-01,10.285099983215332,10.292290468005648,10.01363457935351,10.066069831519764,435313200
2011-07-05,10.46997356414795,10.481959041289215,10.262330373316475,10.27731141964445,355054000
2011-07-06,10.539786338806152,10.609900575796678,10.388473299377928,10.455590367163522,444626000
2011-07-07,10.702783584594727,10.726753732793536,10.606901391602673,10.626977460850796,399663600
2011-07-08,10.777993202209473,10.786683073247808,10.552971067927706,10.587128877923892,489633200
2011-07-11,10.606901168823242,10.77978882944129,10.571544820925853,10.677015391021568,442674400
2011-07-12,10.599414825439453,10.71716934365603,10.445703874074225,10.592822012596887,451609200
2011-07-13,10.727352142333984,10.786678629968737,10.678211705948446,10.736639683210655,391638800
2011-07-14,10.719867706298828,10.834925913869133,10.677020815496666,10.816947693889961,430533600
2011-07-15,10.934097290039062,10.936494384793164,10.761810505129139,10.821736273784905,484467200
2011-07-18,11.20017147064209,11.225639407403984,10.944886428425153,10.949380581948184,572653200
2011-07-19,11.291557312011719,11.345490347926727,11.185787498105057,11.32601435160221,819145600
2011-07-20,11.592687606811523,11.873441419601518,11.565721082238145,11.868947265538834,941340400
2011-07-21,11.604374885559082,11.687371525239518,11.502799953788573,11.594187228660592,526534400
2011-07-22,11.784449577331543,11.836884834388016,11.618154699212825,11.635233602367235,516728800
2011-07-25,11.940258026123047,11.985201962411747,11.674186050816934,11.696058345092192,589806000
2011-07-26,12.087372779846191,12.120032793874673,11.975611043942992,11.985198622289472,476582400
2011-07-27,11.763177871704102,12.064306207787668,11.749993845808996,12.002881832742574,659324400
2011-07-28,11.740108489990234,11.89501722368089,11.629545233670838,11.734116549890398,594034000
2011-07-29,11.699956893920898,11.839884564813495,11.505796929283493,11.614862390937377,632584400
2011-08-01,11.887824058532715,11.970221417363417,11.75658547803203,11.918685463457924,612836000
2011-08-02,11.652915000915527,11.922282646227458,11.636136130069957,11.914792121748118,639539600
2011-08-03,11.762574195861816,11.791937806086151,11.453056941047826,11.714932338346612,732508000
2011-08-04,11.307137489318848,11.725120912791533,11.306538215591674,11.667892272092605,871407600
2011-08-05,11.194777488708496,11.490813157450146,10.863687101563341,11.399125862458945,1204590800
2011-08-08,10.583232879638672,11.019493803296218,10.57753937850848,10.83731856919919,1143833600
2011-08-09,11.206464767456055,11.224442983865888,10.636867345733394,10.825634617543454,1082583600
2011-08-10,10.897245407104492,11.225639455200131,10.861589815426901,11.120768938362206,878656800
2011-08-11,11.197175979614258,11.249611241921645,10.928107618676748,11.101893036606986,741969200
2011-08-12,11.295753479003906,11.375154457283326,11.213055294671529,11.328112664057493,528976000
2011-08-15,11.488116264343262,11.534858823549065,11.328712624032887,11.374855909401456,460544000
2011-08-16,11.4003267288208,11.486920620040491,11.26789037771214,11.431488976233458,498750000
2011-08-17,11.399127006530762,11.521375678657083,11.326017192769475,11.455157914621541,442061200
2011-08-18,10.96795654296875,11.165713686648086,10.827729681201648,11.111479810519654,851435200
2011-08-19,10.667728424072266,10.996423311885401,10.66682991339597,10.85170148541324,775888400
2011-08-22,10.68001651763916,10.93290534788477,10.639566722333353,10.921818378710931,535315200
2011-08-23,11.19417953491211,11.1953780826173,10.696793438639126,10.795671224021408,656835200
2011-08-24,11.271483421325684,11.354780080330116,11.104289229311819,11.190283020501136,626267600
2011-08-25,11.197773933410645,11.249609915750666,10.93649616341033,10.938893258554273,871346000
2011-08-26,11.493210792541504,11.499802004824868,11.110282801520631,11.12136896775009,641477200
2011-08-29,11.684672355651855,11.730516400515198,11.62564588761199,11.631038551620836,405269200
2011-08-30,11.685272216796875,11.740703844983262,11.57201186514478,11.63313619457027,417922400
2011-08-31,11.53066635131836,11.747897962731052,11.441676167868398,11.702653978575398,522586400
2011-09-01,11.416805267333984,11.605871778824891,11.407516922101157,11.560328563445188,343725200
2011-09-02,11.207660675048828,11.326014438187954,11.141142890199193,11.228334418902103,438939200
2011-09-06,11.378151893615723,11.395829271010768,10.980841355247858,11.007508639966645,509698000
2011-09-07,11.503697395324707,11.553735560634792,11.445867870024381,11.552537012959153,350576800
2011-09-08,11.509989738464355,11.643924645152994,11.455157380699113,11.457853713006195,416158400
2011-09-09,11.310439109802246,11.565723434495071,11.236729207472786,11.503700575381712,564813200
2011-09-12,11.384146690368652,11.412310964570109,11.143243373762175,11.17620343954806,467832400
2011-09-13,11.524370193481445,11.572010456110705,11.393430880038569,11.450061048969198,440560400
2011-09-14,11.664597511291504,11.751789850643494,11.558528446921104,11.596281896957928,534724400
2011-09-15,11.774262428283691,11.795237012065881,11.68257593376009,11.72841918102189,417818800
2011-09-16,12.00018310546875,12.00018310546875,11.836286114958718,11.851567197438976,698513200
2011-09-19,12.333671569824219,12.38161267640755,11.841380517112315,11.895312761833733,823860800
2011-09-20,12.388201713562012,12.670153983785099,12.320485386832978,12.44213474543004,775754000
2011-09-21,12.348955154418945,12.632105278941546,12.344760237006183,12.573677272268963,605976000
2011-09-22,12.039739608764648,12.279444442194158,11.8863294434845,12.016069482553247,968480800
2011-09-23,12.114045143127441,12.187154959265824,11.980709499745753,11.993593488640828,546277200
2011-09-26,12.08018684387207,12.104457037505677,11.72452617451742,11.98100901067365,812876400
2011-09-27,11.963030815124512,12.262360516807544,11.92707518247599,12.24678019604908,632497600
2011-09-28,11.895614624023438,12.097265085741041,11.88063197679561,11.990895971370458,429637600
2011-09-29,11.702651977539062,12.051421364131375,11.57201267595844,12.042732293184311,651086800
2011-09-30,11.425493240356445,11.652313985061083,11.4212983235355,11.599278651016999,547640800
2011-10-03,11.224140167236328,11.46504342404945,11.181294092596021,11.397027850874386,669099200
2011-10-04,11.16122055053711,11.439876518106505,10.614097071974628,11.223244200120572,1233677200
2011-10-05,11.33350658416748,11.380547575866153,10.795669965588377,11.022190654872343,786469600
2011-10-06,11.307137489318848,11.529163204596593,11.140243356744142,11.18608659672522,812582400
2011-10-07,11.080318450927734,11.318224538535391,11.041067218875321,11.259497308875662,535458000
2011-10-10,11.649911880493164,11.649911880493164,11.332304065404182,11.358672104466137,442514800
2011-10-11,11.993894577026367,12.080488469430279,11.730520456228412,11.762580414914389,605687600
2011-10-12,12.05081844329834,12.262356451811714,11.989394091198864,12.205127815573823,622286000
2011-10-13,12.237792015075684,12.237792015075684,12.070597801459293,12.134418470001814,426185200
2011-10-14,12.644388198852539,12.644388198852539,12.442736167917595,12.489479523779428,573367200
2011-10-17,12.584162712097168,12.785214674401633,12.462811766065114,12.636597970217801,686044800
2011-10-18,12.651578903198242,12.728584386796392,12.464310240155672,12.63719633191495,881602400
2011-10-19,11.943855285644531,12.237492296208643,11.919285055706702,12.025654172873809,1104059600
2011-10-20,11.844674110412598,11.995687900605784,11.811715653140167,11.985201009642033,549270400
2011-10-21,11.771562576293945,11.959431275750811,11.708041165998344,11.9282698442869,621244400
2011-10-24,12.158090591430664,12.17996288882258,11.847374672520084,11.870745554724346,502138000
2011-10-25,11.91838264465332,12.181458218037749,11.90669800677268,12.135914213512981,430427200
2011-10-26,12.003179550170898,12.061607544403369,11.77995446449078,12.037935829707756,456304800
2011-10-27,12.125731468200684,12.254873012286165,12.041835510230019,12.211725285177415,494664800
2011-10-28,12.133519172668457,12.17546754182459,12.06040936359312,12.075091172782978,322842800
2011-10-31,12.128421783447266,12.26475373864917,12.016659247827858,12.057709092855202,385501200
2011-11-01,11.880629539489746,11.970218966696413,11.78205180594816,11.90759685878994,531790000
2011-11-02,11.907598495483398,11.998386482693281,11.838682803453398,11.98789959046214,327350800
2011-11-03,12.077190399169922,12.087078018707693,11.846175505821552,11.95733801659188,441386400
2011-11-04,11.99239730834961,12.088278751684927,11.960037311222704,12.046031133232907,302229200
2011-11-07,11.9771089553833,11.985199550371782,11.869242889919791,11.982503218774553,270275600
2011-11-08,12.171869277954102,12.224904601900386,12.031942465369339,12.051418461137683,400442000
2011-11-09,11.843775749206543,12.011868443977763,11.812315075918432,11.894413183446039,558684000
2011-11-10,11.542350769042969,11.901607077708487,11.450364223936534,11.896213612508628,744752400
2011-11-11,11.524370193481445,11.646618837447152,11.39373091696123,11.583995931047916,653786000
2011-11-14,11.363771438598633,11.543250379180032,11.332010720585966,11.491413584575925,432905200
2011-11-15,11.650516510009766,11.670590983816224,11.369463475437584,11.409913260123089,430810800
2011-11-16,11.528868675231934,11.71973303472856,11.515384610815532,11.663102844535219,349210400
2011-11-17,11.308341026306152,11.52317555164838,11.251111560257668,11.505197331900737,479900400
2011-11-18,11.234331130981445,11.385644203210125,11.232533309127906,11.353584246970089,371938000
2011-11-21,11.056653022766113,11.136654105259447,10.963767148620972,11.098300567466286,447980400
2011-11-22,11.281367301940918,11.323914928109572,11.114473202167105,11.116870296604679,409021200
2011-11-23,10.996121406555176,11.261294024803778,10.992825001072234,11.221442722790574,428271200
2011-11-25,10.89365005493164,11.12076923512325,10.886158732030061,11.038970357822608,254760800
2011-11-28,11.269683837890625,11.287662050593534,11.096198485849147,11.15672353508533,346413200
2011-11-29,11.1821928024292,11.350884772551693,11.092304134927685,11.261295341893579,375855200
2011-11-30,11.451861381530762,11.454258477043872,11.335005375562554,11.424595620217088,405938400
2011-12-01,11.623549461364746,11.655609412916215,11.408414944945566,11.462048755584476,387181200
2011-12-02,11.676583290100098,11.79433779680021,11.64302475587538,11.680478169927623,379055600
2011-12-05,11.775762557983398,11.877637527874315,11.697260071917356,11.790145132584108,357210000
2011-12-06,11.714034080505371,11.824298839816802,11.66699309585246,11.760776628459375,283598000
2011-12-07,11.658307075500488,11.713738710250713,11.588492867371269,11.683475778815074,304746400
2011-12-08,11.70534610748291,11.850367154362557,11.692462121927266,11.72901702052171,376356400
2011-12-09,11.794038772583008,11.806623524034883,11.716434805543033,11.770967928402523,296993200
2011-12-12,11.740703582763672,11.80242718463044,11.669092363139828,11.735909392312111,301067200
2011-12-13,11.649911880493164,11.84736893620802,11.598675186554294,11.775456902500975,338928800
2011-12-14,11.391633033752441,11.607067544733619,11.316426178932945,11.586692237385158,406887600
2011-12-15,11.3541841506958,11.498006706561398,11.33530742023597,11.485721989930186,256200000
2011-12-16,11.416504859924316,11.510289220290076,11.373058704517025,11.39672962232194,421478400
2011-12-19,11.452160835266113,11.531263382972819,11.40032404748445,11.459951395286952,235530400
2011-12-20,11.863848686218262,11.86834363873098,11.603470280901096,11.618451322347903,337215200
2011-12-21,11.878833770751953,11.90430250828265,11.745797381806348,11.886024256558324,262948000
2011-12-22,11.941755294799805,11.959134234823638,11.86834625529027,11.89531197581986,202358800
2011-12-23,12.084978103637695,12.092768662683126,11.969919939569893,11.97591267729715,269399200
2011-12-27,12.180862426757812,12.257567887856148,12.075691854681118,12.078089750445296,265076000
2011-12-28,12.06430435180664,12.232396255567156,12.025352354116725,12.191647236539396,228662000
2011-12-29,12.1386137008667,12.154494859288013,12.000485467268161,12.087077745592692,215978000
2011-12-30,12.135016441345215,12.173369163263189,12.089772470989157,12.09037094467216,179662000
2012-01-03,12.321682929992676,12.359736406132281,12.254865919292847,12.266851392108206,302220800
2012-01-04,12.38790225982666,12.425057230331474,12.263256526913874,12.284829580656957,260022000
2012-01-05,12.525435447692871,12.541015767578921,12.364833257476315,12.433149675771922,271269600
2012-01-06,12.656373023986816,12.666859915440579,12.561090890054894,12.577570519510386,318292800
2012-01-09,12.636295318603516,12.816672697231173,12.624909118592647,12.74925640793908,394024400
2012-01-10,12.681543350219727,12.764241545054652,12.629407323015455,12.761544412558633,258196400
2012-01-11,12.660869598388672,12.669858707110121,12.563789624493069,12.66476447878529,215084800
2012-01-12,12.626112937927246,12.67135691987214,12.547010378703861,12.652780227985662,212587200
2012-01-13,12.57876968383789,12.597946447603428,12.544312636594624,12.57547487771362,226021600
2012-01-17,12.725285530090332,12.76393828292085,12.67314951932771,12.710303687888894,242897200
2012-01-18,12.857421875,12.868208000696937,12.773225926677178,12.79300115720351,276791200
2012-01-19,12.816679954528809,12.925145352498223,12.779525765132536,12.888591237224896,261738400
2012-01-20,12.593452453613281,12.809186261830396,12.576972821045251,12.808887024923058,413974400
2012-01-23,12.806487083435059,12.837649320004905,12.653376233039944,12.664462397924195,306062400
2012-01-24,12.596748352050781,12.737275278719398,12.570980374914475,12.737275278719398,547638000
2012-01-25,13.383275032043457,13.61668617107432,13.295483422594584,13.61638693423042,958314000
2012-01-26,13.322453498840332,13.447098471685157,13.277808792672497,13.434215282762157,323985200
2012-01-27,13.401853561401367,13.437809191277275,13.296683804071016,13.313761908161034,299709200
2012-01-30,13.573539733886719,13.600207016690423,13.345222027453165,13.354809607706294,379341200
2012-01-31,13.677510261535645,13.730244750683786,13.575336088675746,13.650842980041068,391683600
2012-02-01,13.668819427490234,13.752716140419171,13.649644270401078,13.735338004227213,270046000
2012-02-02,13.636759757995605,13.69818330965366,13.602601958498592,13.660130631304602,186796400
2012-02-03,13.773397445678711,13.782985829030318,13.649950210421743,13.702086244797364,286599600
2012-02-06,13.901932716369629,13.932195639533445,13.72904744677261,13.734440110217092,249412800
2012-02-07,14.047560691833496,14.075127296737172,13.920216962905965,13.94029304261349,316223600
2012-02-08,14.282761573791504,14.286056378682055,14.073619072778813,14.097590018509965,407890000
2012-02-09,14.776853561401367,14.884121161184545,14.399019867186421,14.405012604620977,884214800
2012-02-10,14.784343719482422,14.910188002118769,14.638423366884913,14.71063545114582,631302000
2012-02-13,15.059410095214844,15.096264242439082,14.894312924811198,14.967422745417382,517216000
2012-02-14,15.264960289001465,15.267955859556174,15.041436638929534,15.12113769802058,460398400
2012-02-15,14.911693572998047,15.769233031898176,14.8883210877832,15.408778935666803,1506120000
2012-02-16,15.047727584838867,15.128028712650218,14.580903470310199,14.72682391078665,944552000
2012-02-17,15.045024871826172,15.214316129913028,14.990491752893698,15.074687726535853,535805200
2012-02-21,15.426456451416016,15.426456451416016,15.104952793981287,15.187650994793705,605595200
2012-02-22,15.372218132019043,15.445627165862996,15.25326429335184,15.373416679514392,483302400
2012-02-23,15.472593307495117,15.515741016276584,15.26614870709033,15.433342078126305,568027600
2012-02-24,15.652970314025879,15.667652120074374,15.540010818574187,15.570872214917648,415072000
2012-02-27,15.753351211547852,15.835449330198358,15.469301802259615,15.620014777739186,547582000
2012-02-28,16.04249382019043,16.04249382019043,15.756047319536952,15.819269510816165,600387200
2012-02-29,16.253135681152344,16.408046001319658,16.051185955036715,16.226769226811264,952011200
2012-03-01,16.313966751098633,16.426030223746086,16.14317760863797,16.424830075176374,683270000
2012-03-02,16.33523178100586,16.383770561222633,16.25552916125057,16.307066710930513,431712400
2012-03-05,15.975076675415039,16.40414552987497,15.760539847889394,16.342422726607108,809124400
2012-03-06,15.888179779052734,15.99095241965375,15.467499237121665,15.69042425595807,810238800
2012-03-07,15.901066780090332,16.113504138594294,15.67963951461291,16.084140522901354,798520800
2012-03-08,16.23965835571289,16.269620461859322,15.943922574836229,16.020927299893838,516457200
2012-03-09,16.334938049316406,16.411942762625156,16.27321362376347,16.306172895614605,418919200
2012-03-12,16.539581298828125,16.539581298828125,16.389764430317218,16.449091743827022,407282400
2012-03-13,17.021984100341797,17.024381195747303,16.65194009805328,16.70557550780081,690855200
2012-03-14,17.665590286254883,17.81959966967463,17.240713915377793,17.32011730275437,1418844000
2012-03-15,17.545141220092773,17.978106651720385,17.33510089932547,17.96612117261002,1159718000
2012-03-16,17.54543685913086,17.654202259408237,17.318616914121048,17.519968121293363,825487600
2012-03-19,18.01076316833496,18.030837641780167,17.64970908161394,17.9289642896126,901236000
2012-03-20,18.156381607055664,18.184545072980114,17.72251701370177,17.963119423330674,816662000
2012-03-21,18.05271339416504,18.26694942245726,18.02005496540057,18.059904681286778,644042000
2012-03-22,17.958040237426758,18.112649786974373,17.843880497890265,17.9112968479088,623870800
2012-03-23,17.859460830688477,18.03174776202392,17.81002110941584,17.9924965022137,430488800
2012-03-26,18.18694305419922,18.192038081464734,17.83577822114506,17.971508531348643,595742000
2012-03-27,18.411666870117188,18.46559991042837,18.159378207985053,18.162973850685603,607129600
2012-03-28,18.505752563476562,18.62051070574,18.286722371207265,18.528523369645548,655460400
2012-03-29,18.273237228393555,18.473989947566878,18.19443552534712,18.360729601543454,608238400
2012-03-30,17.96432113647461,18.29421299259556,17.91607999119951,18.240579182724414,731038000
2012-04-02,18.536014556884766,18.540208673536558,17.989188796214457,18.032635748222393,598351600
2012-04-03,18.8563232421875,18.942917933354153,18.6522756500333,18.795797369533197,834559600
2012-04-04,18.706209182739258,18.752651717811144,18.4871789352447,18.707407730744936,572980800
2012-04-05,18.986953735351562,19.0163173457457,18.678933462808907,18.78620105186399,641298000
2012-04-09,19.0633602142334,19.171527124556185,18.735865514846587,18.760734175023618,597536800
2012-04-10,18.829952239990234,19.29617608842153,18.756842431348073,19.174226661727197,889725200
2012-04-11,18.762834548950195,19.08253953264654,18.677139192343088,19.062465059719976,696614800
2012-04-12,18.66006088256836,18.916545286437316,18.592044501626837,18.726878715825485,614336800
2012-04-13,18.134506225585938,18.717886796880105,18.08297028529743,18.700207821896953,859644800
2012-04-16,17.382436752319336,18.28581992627264,17.32610662010755,18.279228715131786,1050786800
2012-04-17,18.268447875976562,18.277436185109067,17.13614655312284,17.346786945565086,1025528000
2012-04-18,18.227691650390625,18.58455154502531,18.058998900772274,18.38889227845981,954531200
2012-04-19,17.601469039916992,18.119529704399365,17.51397665419959,17.984396245677743,834719200
2012-04-20,17.168195724487305,17.816595327943816,17.091490307429833,17.71951460942827,1030985200
2012-04-23,17.129850387573242,17.27876794108371,16.678009099888293,17.097191962549118,966529200
2012-04-24,16.787670135498047,17.00969585063989,16.62946507201497,16.857483524424875,1076149200
2012-04-25,18.277433395385742,18.517138137706308,18.157581824324065,18.44642542274442,905777600
2012-04-26,18.208520889282227,18.417962720115913,18.041626705925616,18.405377167917365,536068400
2012-04-27,18.067697525024414,18.162981295546448,17.992790671688166,18.12972278708176,406722400
2012-04-30,17.497793197631836,17.929860765871638,17.468429584281168,17.91188255355585,506144800
2012-05-01,17.442363739013672,17.880721715558494,17.415397218532057,17.525361158775116,610999200
2012-05-02,17.557716369628906,17.600263999038592,17.34437974902377,17.385728831123373,427389200
2012-05-03,17.43307876586914,17.7201253795828,17.387535547079604,17.69315885264976,390549600
2012-05-04,16.93659782409668,17.329412823822818,16.934200727523898,17.291060878856296,529992400
2012-05-07,17.063337326049805,17.161915898215053,16.816142003165844,16.824232602167005,460118400
2012-05-08,17.02437973022461,17.12385598059548,16.741229660661762,17.066327296012787,497252000
2012-05-09,17.054344177246094,17.198168308877605,16.80475340597333,16.89014793400007,480704000
2012-05-10,17.094499588012695,17.25510183382667,17.032178286894055,17.21614982047922,333200000
2012-05-11,16.98033332824707,17.21284674858439,16.909620624141123,16.929096621463447,399546000
2012-05-14,16.725942611694336,17.004298404868443,16.707365929738163,16.856281822538868,352626400
2012-05-15,16.574636459350586,16.87576477405865,16.53208881526256,16.82273103753733,476336000
2012-05-16,16.362192153930664,16.686092738359704,16.211178405042315,16.600997486183374,560896000
2012-05-17,15.883989334106445,16.404746305352067,15.883989334106445,16.339127019293585,717220000
2012-05-18,15.891785621643066,16.282203491957034,15.646089644391246,15.999053283955405,732292400
2012-05-21,16.817642211914062,16.82543357508932,16.00174935051161,16.015234217522885,631106000
2012-05-22,16.688493728637695,17.195167281178417,16.556955941261815,17.065426514948545,694870400
2012-05-23,17.0956974029541,17.162814487533947,16.576438108318378,16.704378700632052,584897600
2012-05-24,16.938690185546875,17.273677121969303,16.81614066328905,17.254799592536582,496230000
2012-05-25,16.8478946685791,16.954563788738646,16.733435790289693,16.916810345115422,328507200
2012-05-29,17.14693260192871,17.198769400616488,16.938391659822496,17.10588433496758,380508800
2012-05-30,17.353670120239258,17.378239541738417,16.975836454997815,17.0549389828712,529429600
2012-05-31,17.310537338256836,17.423496916738834,17.122669290027996,17.400724498705692,491674400
2012-06-01,16.808948516845703,17.158318010181087,16.794866779919545,17.053746711727957,520987600
2012-06-04,16.907819747924805,17.004001174179137,16.434705574857965,16.82422386916141,556995600
2012-06-05,16.86408805847168,16.973154362719274,16.729255363910482,16.817346271050216,388214400
2012-06-06,17.12266731262207,17.194277765978256,16.944086834328914,17.012103243345578,401455600
2012-06-07,17.130449295043945,17.298241163316188,17.093894392282937,17.297343452737966,379766800
2012-06-08,17.38813018798828,17.39592154751202,17.04894921707622,17.126853211131206,347516400
2012-06-11,17.113967895507812,17.633225378664825,17.09778670476992,17.60985450339515,591264800
2012-06-12,17.263490676879883,17.277273179207157,16.980041267006467,17.212554785601636,435380400
2012-06-13,17.143630981445312,17.332996681322342,17.09029641907026,17.21434368205598,293580000
2012-06-14,17.124755859375,17.18378393056293,16.996815299418138,17.116066789039106,345573200
2012-06-15,17.202655792236328,17.217337597300855,17.065424520244097,17.108871461857934,335255200
2012-06-18,17.551727294921875,17.6149494785715,17.08999844880627,17.107677425367587,440412000
2012-06-19,17.600574493408203,17.678177673972723,17.47143375023148,17.480422059890646,361404400
2012-06-20,17.550527572631836,17.655697304060887,17.40250937265333,17.624535072424333,358943200
2012-06-21,17.308725357055664,17.624834630895958,17.301833309499525,17.541537987411555,326351200
2012-06-22,17.441471099853516,17.44416743289365,17.241318377800123,17.34978457510541,284471600
2012-06-25,17.101993560791016,17.372559824208583,17.09000807843621,17.297651359590002,304382400
2012-06-26,17.13973617553711,17.213444445042946,16.99890924735052,17.118760794600927,276536400
2012-06-27,17.213743209838867,17.280860266482282,17.136439300023483,17.228724252785142,202997200
2012-06-28,17.050447463989258,17.19876493364706,16.9473755676543,17.128951534073973,282836400
2012-06-29,17.498394012451172,17.498394012451172,17.206254050687214,17.31861508207428,421500800
2012-07-02,17.753677368164062,17.782141670661474,17.48640768095778,17.52026624721271,400092000
2012-07-03,17.960121154785156,17.977800129357973,17.79802281614903,17.824389259309452,241712800
2012-07-05,18.275636672973633,18.40747372333829,17.967317069195648,17.994582830000173,484383200
2012-07-06,18.153987884521484,18.23069334525325,18.0251479936105,18.190243556239427,418930400
2012-07-09,18.39398765563965,18.394286892478238,18.100949980220378,18.136605569725376,379405600
2012-07-10,18.223804473876953,18.573172394628095,18.13691054899041,18.516242168012347,511957600
2012-07-11,18.11054229736328,18.20732223282756,17.89450925491256,18.161178942168696,469322000
2012-07-12,17.94484519958496,18.08177567548332,17.758475030527052,17.98499574791051,428041600
2012-07-13,18.1267147064209,18.193231683313904,17.977798800275785,18.066190466211502,311427200
2012-07-16,18.184850692749023,18.325975297298157,18.128219708589533,18.131216878223068,301260400
2012-07-17,18.185747146606445,18.322378375535997,18.072185959224225,18.301103755131493,293624800
2012-07-18,18.165369033813477,18.227691900532776,18.084467881664978,18.175256650149997,252700000
2012-07-19,18.406875610351562,18.437737014963506,18.157582477348853,18.31578758096622,436861600
2012-07-20,18.106639862060547,18.410464404714837,18.088661652383664,18.36821601202333,397471200
2012-07-23,18.092567443847656,18.154591104495715,17.609563787242646,17.81001574540571,487975600
2012-07-24,18.00537109375,18.26784664286669,17.933158993882362,18.198930949268632,565132400
2012-07-25,17.227832794189453,17.402516746940712,17.078916820727645,17.212552508886407,877312800
2012-07-26,17.225141525268555,17.39053638053384,17.089708775576923,17.37135960884004,406632800
2012-07-27,17.53314971923828,17.553225789902402,17.126552481298916,17.2290258922019,403936400
2012-07-30,17.828886032104492,17.961022298792145,17.61285143707977,17.705738071925886,379142400
2012-07-31,18.300209045410156,18.328375721793087,18.05930731287589,18.074587598796843,462327600
2012-08-01,18.181859970092773,18.469205909633622,18.06770025058226,18.45452409375623,384501600
2012-08-02,18.211212158203125,18.29810445062677,17.98529155782288,18.062896307379418,332158400
2012-08-03,18.44822120666504,18.51653681568933,18.32417393758504,18.386197572125038,344920800
2012-08-06,18.65346908569336,18.7229832490121,18.435038977700113,18.495862470431526,302103200
2012-08-07,18.604320526123047,18.726868358631734,18.518325977476263,18.660050562329253,290446800
2012-08-08,18.57286834716797,18.69331998272232,18.490170161557607,18.558785012579023,244706000
2012-08-09,18.678791046142578,18.708883387302013,18.590622495379957,18.592126710671025,221642400
2012-08-10,18.70798110961914,18.70978584664117,18.617707295960614,18.61800781761967,194938800
2012-08-13,18.95774269104004,18.95774269104004,18.754623789769216,18.75883752143628,278832400
2012-08-14,19.008586883544922,19.216822580552776,18.964051844876337,19.014004306154323,340169200
2012-08-15,18.98271369934082,19.078104398108778,18.890032516183876,18.996857499395688,257342400
2012-08-16,19.14851951599121,19.161157493809593,18.972783484659058,18.994149445378213,254534000
2012-08-17,19.502702713012695,19.505110100533464,19.222851145528036,19.258659829598678,442761200
2012-08-20,20.01546287536621,20.01546287536621,19.556564722229915,19.5598752814856,613384800
2012-08-21,19.741933822631836,20.308259769980033,19.569508281146287,20.186087245329414,812719600
2012-08-22,20.127408981323242,20.131320584990842,19.502706269377097,19.692584575266295,565322800
2012-08-23,19.939634323120117,20.158399642146527,19.89509765305335,20.044352468330693,420128800
2012-08-24,19.95738410949707,20.145758136315006,19.726581892994957,19.845744342784432,437340400
2012-08-27,20.33232879638672,20.488503628830404,20.267931989318896,20.462022368396088,427008400
2012-08-28,20.305850982666016,20.344970229595724,20.1815716004125,20.311266801503955,267416800
2012-08-29,20.265819549560547,20.392204134554397,20.23964042504152,20.319383098990823,202806800
2012-08-30,19.976940155029297,20.20804445888795,19.94624677789084,20.180661640255444,302699600
2012-08-31,20.018171310424805,20.11927836405905,19.77773792049221,20.07865490820238,338321200
2012-09-04,20.31096839904785,20.31608369672139,19.99590913178217,20.033824688807556,367892000
2012-09-05,20.16832733154297,20.35248762310455,20.149368756403327,20.329016402462486,336375200
2012-09-06,20.350082397460938,20.410868124531063,20.185481706796192,20.256798548224673,391196400
2012-09-07,20.475566864013672,20.536953638614087,20.33503843011246,20.4036457601943,329666400
2012-09-10,19.942947387695312,20.56132947880098,19.923688284706895,20.47587042342589,487998000
2012-09-11,19.878236770629883,20.164407179441245,19.755161156610622,20.014250880529076,503983200
2012-09-12,20.15508460998535,20.158395168928045,19.740122117193092,20.06661554697791,712233200
2012-09-13,20.552001953125,20.62783306369397,20.304948996810477,20.383187495240936,598360000
2012-09-14,20.801761627197266,20.973283984831276,20.699749777712263,20.762041336826403,600474000
2012-09-17,21.057544708251953,21.058145751756218,20.901970864739344,21.044604595160166,398031200
2012-09-18,21.121627807617188,21.13426578494704,20.95642450223132,21.06054157207737,373503200
2012-09-19,21.127349853515625,21.18422236960513,21.05121823903914,21.071981552720693,326874800
2012-09-20,21.025041580200195,21.065967172213913,20.872175671226007,21.038883256317927,336568400
2012-09-21,21.06686019897461,21.21671600897172,21.044893196284466,21.136672808811653,571589200
2012-09-24,20.78701400756836,20.917311851971768,20.55260066762338,20.668754708176245,639766400
2012-09-25,20.267934799194336,20.8468986715055,20.25168412905016,20.71088287657647,518789600
2012-09-26,20.016372680664062,20.242360208513063,19.896607535163614,20.123498235303032,576503200
2012-09-27,20.502038955688477,20.527617036846607,19.871017601135588,19.989578981975054,594090000
2012-09-28,20.074142456054688,20.495726121740816,20.06360973462677,20.424709801951426,535110800
2012-10-01,19.84212875366211,20.364520397042973,19.755163921462685,20.196307070525883,543594800
2012-10-02,19.899906158447266,20.051568313512465,19.579129097458473,19.91495152249296,627992400
2012-10-03,20.205041885375977,20.217380952171073,19.939634633329813,20.006739357619487,424281200
2012-10-04,20.065114974975586,20.28929771052793,20.027501554527962,20.19902228731815,370725600
2012-10-05,19.63751220703125,20.041040475621724,19.59809244367279,20.016968208699048,594006000
2012-10-08,19.20358657836914,19.486147581674324,19.14159717089069,19.465684793573242,637994000
2012-10-09,19.133779525756836,19.273404788639148,18.763652531155525,19.21803648240674,838597200
2012-10-10,19.286041259765625,19.408514278641128,19.168383015582755,19.250833621592648,510356000
2012-10-11,18.90056037902832,19.475311859756943,18.90056037902832,19.454248031164195,546081200
2012-10-12,18.949012756347656,19.119631894279895,18.81630916096341,18.944498503856778,460014800
2012-10-15,19.10097885131836,19.1121126166544,18.772679017069937,19.028458312266082,432502000
2012-10-16,19.553255081176758,19.568602577476,18.987832425632888,19.119333952300753,549771600
2012-10-17,19.397382736206055,19.643532495830538,19.379026807354336,19.525573716482263,389037600
2012-10-18,19.037185668945312,19.320648327688197,18.957743485031504,19.246323047736958,476624400
2012-10-19,18.35109519958496,19.011003815932337,18.34447408052286,18.98933893581676,744086000
2012-10-22,19.079011917114258,19.11963537572682,18.378778749532806,18.428731236440562,546730800
2012-10-23,18.457012176513672,19.075095085365728,18.40706131036614,18.987828116266463,707145600
2012-10-24,18.561426162719727,18.853917177636465,18.375159062265755,18.700149793091907,558527200
2012-10-25,18.342063903808594,18.71700721263124,18.221998284627812,18.656822535163126,656325600
2012-10-26,18.17535400390625,18.476270923887657,17.784163293584246,18.338750962571265,1018432800
2012-10-31,17.914167404174805,18.113975780328957,17.68486932953493,17.90092677061492,510003200
2012-11-01,17.95087432861328,18.145265224941706,17.87955748993631,18.001427853958877,361298000
2012-11-02,17.356863021850586,17.963209550068207,17.29517573988495,17.931312476407822,599373600
2012-11-05,17.592185974121094,17.686974058258656,17.380941708147912,17.55908519474804,529135600
2012-11-06,17.538915634155273,17.776338939047363,17.455864002042002,17.76099305319335,374917200
2012-11-07,16.86783790588379,17.367826551972506,16.799821278238156,17.346666505010617,793648800
2012-11-08,16.255685806274414,16.99569440964329,16.181322995911838,16.947326779091796,1056146000
2012-11-09,16.53712272644043,16.773513924998046,16.133866392709315,16.336401856459233,929913600
2012-11-12,16.409263610839844,16.76203764455802,16.28290549131959,16.75145681287069,515802000
2012-11-13,16.411378860473633,16.640515035270006,16.213680055204993,16.290764814626243,532949200
2012-11-14,16.229394912719727,16.548916864283164,16.208234871394023,16.489969997042344,477170400
2012-11-15,15.889022827148438,16.308602748860295,15.79833665938844,16.249052063118693,789910800
2012-11-16,15.951285362243652,16.021416837031396,15.288361223939035,15.876317122683826,1266893600
2012-11-19,17.101511001586914,17.155015721247935,16.32008895531563,16.3451784746039,823317600
2012-11-20,16.955793380737305,17.28952361852116,16.764444163614776,17.28831442759575,642754000
2012-11-21,16.979684829711914,17.15108329991316,16.825515321853256,17.056769583641245,373002000
2012-11-23,17.27592658996582,17.29104229036928,17.00688875584902,17.145035247275313,272826400
2012-11-26,17.82096290588379,17.83516969800534,17.342738066949483,17.40894010382771,630579600
2012-11-27,17.677370071411133,17.847862837790977,17.53589789995818,17.82156252003653,533330000
2012-11-28,17.621749877929688,17.708204650272485,17.29890219869566,17.450349804639007,520864400
2012-11-29,17.81581687927246,17.963636889172935,17.69157690786577,17.84181530046265,514698800
2012-11-30,17.692480087280273,17.78679538468781,17.61388427517523,17.738125843410785,391319600
2012-12-03,17.719982147216797,17.973907367666403,17.699124009874176,17.94549219155437,364280000
2012-12-04,17.407426834106445,17.58728965970814,17.29497523491708,17.58728965970814,557068400
2012-12-05,16.28713607788086,17.207913689510622,16.286530674875056,17.197636368084066,1044638000
2012-12-06,16.542572021484375,16.726060787356552,15.6777159171164,15.989378988818011,1177212400
2012-12-07,16.119659423828125,16.78318726080631,16.021414670688724,16.728775278885177,787040800
2012-12-10,16.015979766845703,16.27866974942468,15.766891170136757,15.870274618011535,630484400
2012-12-11,16.365724563598633,16.61269659082752,16.244203283656155,16.316753132862843,592345600
2012-12-12,16.293476104736328,16.565537627247032,16.210950835436346,16.558584375263877,487144000
2012-12-13,16.012041091918945,16.252363340228484,15.894449296588949,16.056175751932557,625259600
2012-12-14,15.410489082336426,15.662599841081361,15.283225318756939,15.560425588472176,1009579200
2012-12-17,15.683764457702637,15.719132913184573,15.151732997004112,15.384496761059717,757607200
2012-12-18,16.139307022094727,16.16953518089256,15.726679093484572,15.870267690995613,625685200
2012-12-19,15.909873962402344,16.133267637744645,15.88538823973628,16.065856426849663,449369200
2012-12-20,15.771428108215332,16.027468378539048,15.685275223697811,16.02142242046694,481689600
2012-12-21,15.69887638092041,15.709153701231253,15.424092865660047,15.491504079436282,596268400
2012-12-24,15.724268913269043,15.847603223461087,15.680134228573115,15.729711082488077,175753200
2012-12-26,15.507522583007812,15.702802933504023,15.450692208770102,15.688896426950883,302436400
2012-12-27,15.56980037689209,15.605772617841378,15.255417004057499,15.523851093977694,455120400
2012-12-28,15.40444564819336,15.552267304375814,15.360009067370962,15.42560730855376,354278400
2012-12-31,16.08700942993164,16.184650383615608,15.386602153698096,15.432851687289443,659492400
2013-01-02,16.596677780151367,16.777145958945262,16.372983835275793,16.741475620884582,560518000
2013-01-03,16.387191772460938,16.616026007494316,16.353939814797652,16.56191590092538,352965200
2013-01-04,15.930730819702148,16.28229552832447,15.895362377116735,16.232114895638585,594333600
2013-01-07,15.83702564239502,16.000261676467655,15.57403210162272,15.779589844624208,484156400
2013-01-08,15.879647254943848,16.078555246175743,15.756918337978716,15.99754101969695,458707200
2013-01-09,15.631461143493652,15.870572641567492,15.597905685172092,15.794697107015889,407604400
2013-01-10,15.825233459472656,15.982725391879027,15.58370191789243,15.977586732051142,601146000
2013-01-11,15.728204727172852,15.879954277436422,15.689510585650066,15.749364778613904,350506800
2013-01-14,15.167448997497559,15.341265833863222,15.06950610160998,15.195560681516984,734207600
2013-01-15,14.688924789428711,15.084018889573402,14.612141924651276,15.063160736613531,876772400
2013-01-16,15.298641204833984,15.399909774071196,14.88782932274758,14.952518641223142,690804800
2013-01-17,15.195556640625,15.439506518255547,15.175909302226213,15.426205415456236,453678400
2013-01-18,15.114545822143555,15.18165351792799,15.005720219152483,15.06980574387965,472922800
2013-01-22,15.258737564086914,15.352749358549849,15.012672795168058,15.252389713627068,461546400
2013-01-23,15.538060188293457,15.567684577965814,15.25874336109113,15.380868494908281,861509600
2013-01-24,13.618206977844238,14.078595692917908,13.610648321005543,13.905382662260648,1460852400
2013-01-25,13.297174453735352,13.791419769109316,13.149656321280428,13.654180571487833,1208026400
2013-01-28,13.597952842712402,13.700127093147874,13.175652841489256,13.2352043064032,785517600
2013-01-29,13.8530855178833,13.911428597565276,13.66717678538219,13.860038771824756,571158000
2013-01-30,13.809558868408203,13.98398112331859,13.739125476110553,13.814697529077575,417155200
2013-01-31,13.769049644470215,13.88361770513832,13.753633664827573,13.814091620805927,319334400
2013-02-01,13.712519645690918,13.889662131379733,13.553213134902219,13.878477515692913,539484400
2013-02-04,13.370931625366211,13.782651581503712,13.361258094850305,13.721286333099151,477117200
2013-02-05,13.840085983276367,13.897521757790189,13.367907315646889,13.423226601969251,573347600
2013-02-06,13.825275421142578,14.101870270885257,13.681081372298152,13.798673211743937,593706400
2013-02-07,14.236353874206543,14.290474050544494,13.807638743353033,14.085239897483989,704580800
2013-02-08,14.441890716552734,14.558342687824124,14.237262283676671,14.41209369120476,633158400
2013-02-11,14.592406272888184,14.744738194605047,14.389300832839325,14.488116608858746,517490400
2013-02-12,14.226627349853516,14.666896039001792,14.221762394803251,14.579632125650257,609053200
2013-02-13,14.199564933776855,14.401152021745219,14.084329164953854,14.205646126943192,475207600
2013-02-14,14.186796188354492,14.340342672480945,14.108654880714468,14.123857052738197,355275200
2013-02-15,13.99128532409668,14.29533839976128,13.983987894394382,14.255506190015529,391745200
2013-02-19,13.986122131347656,14.069433683796557,13.799435144212714,14.01987316665835,435783600
2013-02-20,13.647403717041016,13.916185922941459,13.645882201095215,13.916185922941459,476302400
2013-02-21,13.562577247619629,13.657138605035229,13.464064331608178,13.56075288925413,447182400
2013-02-22,13.70699691772461,13.731016408074229,13.578990668805888,13.659565244312468,330654800
2013-02-25,13.463456153869629,13.83804878304733,13.45646237463301,13.799434418002797,372579200
2013-02-26,13.651055335998535,13.729196644341407,13.307171549491077,13.49446744176887,501499600
2013-02-27,13.517271041870117,13.756560725388095,13.398082898548584,13.634634827166831,587350400
2013-02-28,13.420886039733887,13.617607355734425,13.420886039733887,13.501459817153533,322515200
2013-03-01,13.088554382324219,13.322979055970983,13.073655867913264,13.317505171275688,552448400
2013-03-04,12.771737098693848,13.019539689740455,12.739811232945232,13.007377300520318,582755600
2013-03-05,13.108926773071289,13.232068084278835,12.793016523609559,12.815212471138663,638433600
2013-03-06,12.942306518554688,13.233893629158207,12.904907588127582,13.211393215400388,460250000
2013-03-07,13.091901779174805,13.13538190637102,12.80244346633545,12.907037557909264,468473600
2013-03-08,13.126561164855957,13.239364439243236,13.032000655282747,13.068183343161117,391482000
2013-03-11,13.313554763793945,13.348217563219105,12.926495361916409,13.066664016158533,474236000
2013-03-12,13.026531219482422,13.344266701558908,13.000382897454346,13.244537556689174,465911600
2013-03-13,13.024097442626953,13.211089672091965,12.933186443991811,13.027138851201304,405549200
2013-03-14,13.150279998779297,13.21534633083792,13.087948173912755,13.16031274978065,303875600
2013-03-15,13.489603996276855,13.506934993057266,13.29470538402456,13.315381443427254,643960800
2013-03-18,13.856289863586426,13.90919380748854,13.414804990288376,13.422406075659946,606197200
2013-03-19,13.818893432617188,14.015919240404001,13.636764519878268,13.97122205999324,526775200
2013-03-20,13.745614051818848,13.914364320985067,13.669905226453615,13.907979474096424,308660800
2013-03-21,13.765374183654785,13.925001812404929,13.685409354372142,13.68905806939698,383255600
2013-03-22,14.044498443603516,14.0502743591981,13.77693244191302,13.8216279934286,395105200
2013-03-25,14.095276832580566,14.288959202226225,14.04054771199858,14.129026240430557,501135600
2013-03-26,14.02108383178711,14.163987785684531,14.002536601954526,14.151825401562132,294294000
2013-03-27,13.745614051818848,13.889126963318919,13.70456721569191,13.878789746815078,331237200
2013-03-28,13.459199905395508,13.737712114748323,13.427578506299021,13.676901794324962,442839600
2013-04-01,13.041126251220703,13.490820399867696,13.005552484088224,13.436090465629801,389732000
2013-04-02,13.067879676818848,13.321763379086182,12.964805491804633,13.00129264748066,529519200
2013-04-03,13.134771347045898,13.295615240210752,13.083690140325926,13.115919649695012,363216000
2013-04-04,13.004942893981934,13.226293473510147,12.929842181456605,13.188591696336056,358447600
2013-04-05,12.867510795593262,12.920720017797438,12.760483419961563,12.907036927254728,383695200
2013-04-08,12.95903491973877,12.998257412857091,12.845927931055225,12.917683602240803,300829200
2013-04-09,12.982440948486328,13.028656388519433,12.853826566425894,12.963590063298025,306614000
2013-04-10,13.247273445129395,13.288929216891674,12.952950159158942,13.016497416790832,375928000
2013-04-11,13.205921173095703,13.317203757519083,13.110751720374287,13.187373128465481,328364400
2013-04-12,13.068184852600098,13.200447145526537,13.046597023606026,13.200447145526537,238613200
2013-04-15,12.765654563903809,13.010112878205096,12.756532772946342,12.983051970985478,317520000
2013-04-16,12.959940910339355,12.971189898429168,12.787542759200656,12.81794790932519,305771200
2013-04-17,12.247241973876953,12.788456792651921,12.104641649377015,12.778422418090358,945056000
2013-04-18,11.920385360717773,12.3381535480995,11.850148804275324,12.313829589685719,666299200
2013-04-19,11.874170303344727,12.149946325296929,11.70906874985663,11.796332654301677,609274400
2013-04-22,12.121668815612793,12.22900066152882,11.896671154516538,11.93832529963992,429920400
2013-04-23,12.348491668701172,12.416903055977665,12.12592407811587,12.283423719506862,664238400
2013-04-24,12.328121185302734,12.625788709452719,11.934068772800442,11.965690979377136,969651200
2013-04-25,12.416905403137207,12.585958530566144,12.374945977991674,12.50356038467325,384837600
2013-04-26,12.685075759887695,12.732811898890569,12.412948509107983,12.460380994467059,764097600
2013-04-29,13.077916145324707,13.184334597367236,12.770214245103531,12.783896524719472,640326400
2013-04-30,13.462844848632812,13.537946365386311,13.137204671989634,13.229332717476515,691538400
2013-05-01,13.356731414794922,13.528217007269722,13.207746237655607,13.513926608889182,506909200
2013-05-02,13.546156883239746,13.639499546981162,13.397474548456948,13.432440192134592,421828400
2013-05-03,13.6817626953125,13.78058004564757,13.656525339977561,13.72220059647747,361300800
2013-05-06,14.008012771606445,14.053315630081483,13.813417841539717,13.855984569094993,496641600
2013-05-07,13.945679664611816,14.161252661090579,13.794869338414564,14.137536822275509,483753200
2013-05-08,14.103185653686523,14.149706393933007,13.859031740391789,13.957240207357733,472598000
2013-05-09,13.980140686035156,14.17081919326806,13.943719316016438,14.073185010852296,398487600
2013-05-10,13.863839149475098,14.070127788659244,13.787629191681988,14.01687202693015,334852000
2013-05-13,13.918008804321289,14.014725992870947,13.81884467253589,13.819150336119781,316948800
2013-05-14,13.585012435913086,13.932090197520155,13.532674489362316,13.890771669344813,447118000
2013-05-15,13.125605583190918,13.497475554891937,12.92697003084436,13.441159902705534,741613600
2013-05-16,13.300984382629395,13.401067975620924,12.821074486486095,12.953906587722594,603204000
2013-05-17,13.260583877563477,13.469626754532161,13.191719656194238,13.437796053966439,427904400
2013-05-20,13.556549072265625,13.644389771688905,13.163866926227781,13.219264781892685,451578400
2013-05-21,13.456463813781738,13.634593768738558,13.289352459321941,13.410248132064963,456022000
2013-05-22,13.508191108703613,13.722437624196402,13.412392525629349,13.59082899201637,443038400
2013-05-23,13.532368659973145,13.655407252157712,13.338017277015945,13.342914432997306,353021200
2013-05-24,13.624495506286621,13.640104783645096,13.477890564570274,13.49288769737974,276166800
2013-05-28,13.510945320129395,13.806910275477161,13.492888281076192,13.769877571866283,386145200
2013-05-29,13.618374824523926,13.69642203297568,13.448508380419064,13.466872717919179,330576400
2013-05-30,13.821294784545898,13.910666249615002,13.604906192471809,13.639797612717713,353519600
2013-05-31,13.76467514038086,13.990245110483295,13.757635068922662,13.84945348870936,384302800
2013-06-03,13.794973373413086,13.845167589276151,13.542775553215726,13.795279037030593,372352400
2013-06-04,13.75182056427002,13.908526325450014,13.69305631246881,13.8714919827875,292728800
2013-06-05,13.623269081115723,13.794971922419082,13.580419786686221,13.639796164065109,290589600
2013-06-06,13.419734001159668,13.681113931545264,13.28475984257104,13.634286112201318,416934000
2013-06-07,13.522269248962402,13.566036356449546,13.245585645440496,13.359748555816376,404535600
2013-06-10,13.432900428771973,13.744780360598794,13.368933356702295,13.611642578345934,450153200
2013-06-11,13.393416404724121,13.551346440683682,13.262420730872858,13.336489409388177,286112400
2013-06-12,13.227834701538086,13.505130458597096,13.206716123441458,13.451569036997228,265227200
2013-06-13,13.343221664428711,13.379337376752456,13.122548859425095,13.237323923018332,285832400
2013-06-14,13.162335395812988,13.353320385465878,13.114894607675291,13.326080364988862,271866000
2013-06-17,13.22201919555664,13.335263486549982,13.171824976538101,13.204879965274014,259414400
2013-06-18,13.214978218078613,13.310776785374445,13.167232583511467,13.208551109721268,195025600
2013-06-19,12.946562767028809,13.211614847392253,12.946562767028809,13.203656967387385,310940000
2013-06-20,12.758024215698242,13.037766903596834,12.706911374603777,12.83331635650137,357310800
2013-06-21,12.65579605102539,12.854738905872827,12.490521140083304,12.808522409698446,481118400
2013-06-24,12.320352554321289,12.507664717828595,12.182928950408087,12.469100424833488,480746000
2013-06-25,12.323102951049805,12.48103211363813,12.206797971462786,12.41706506955515,314162800
2013-06-26,12.183542251586914,12.389217941766823,12.109780050242998,12.361977914612128,367724000
2013-06-27,12.052234649658203,12.285150277648015,12.044889734262663,12.219653279784584,337246000
2013-06-28,12.136404991149902,12.250872739080549,11.901958560437606,11.978169321808064,578516400
2013-07-01,12.524803161621094,12.618153982480763,12.27995105496986,12.324943272155366,391053600
2013-07-02,12.808524131774902,12.904629186370332,12.532454310174693,12.547451442198625,469865200
2013-07-03,12.879226684570312,12.945949625266266,12.77669532981688,12.88106311827614,240928800
2013-07-05,12.775777816772461,12.955438585532152,12.712422891610936,12.866680067202557,274024800
2013-07-08,12.703239440917969,12.885348781512388,12.568570898147312,12.85810957275624,298138400
2013-07-09,12.926668167114258,12.9618652557565,12.560308204793571,12.65886103373086,352584400
2013-07-10,12.877081871032715,13.001651229169054,12.801178407565587,12.842496933930022,281405600
2013-07-11,13.077865600585938,13.107248545492865,12.89055423050002,12.945033472949701,326292400
2013-07-12,13.05398941040039,13.154378661108687,12.959109460442095,13.088880831201305,279563200
2013-07-15,13.082451820373535,13.205490408408675,13.001651201253173,13.008079126903116,241917200
2013-07-16,13.166929244995117,13.182537705967071,12.98237133064671,13.054296276077483,216538000
2013-07-17,13.170293807983398,13.228753202661267,13.106326747034029,13.151624625517174,198990400
2013-07-18,13.21467399597168,13.309859611892206,13.179476910682983,13.26425606937551,218878800
2013-07-19,13.006243705749512,13.282620011737102,12.987879370009441,13.255686469934073,268721600
2013-07-22,13.047865867614746,13.153152257619963,13.022156618863384,13.144276572035205,207796400
2013-07-23,12.823829650878906,13.067763131976045,12.81525962691399,13.03838100995023,369395600
2013-07-24,13.482481956481934,13.607356181985327,13.32179768159993,13.434123351823079,591936800
2013-07-25,13.4209623336792,13.509721661331987,13.33863093262134,13.488297418768797,229493600
2013-07-26,13.497172355651855,13.498702308343075,13.293638793491986,13.32302091379222,200152400
2013-07-29,13.705294609069824,13.772628863384007,13.472991104772975,13.49135462082125,248057600
2013-07-30,13.874552726745605,13.991775559934432,13.749371196285686,13.771714066073848,309422400
2013-07-31,13.85037612915039,13.997593268617162,13.755496141613742,13.925669118605317,322957600
2013-08-01,13.977386474609375,13.981059341434973,13.872712221926832,13.948923799916832,206250800
2013-08-02,14.156743049621582,14.166231699124877,13.976777449223176,14.018095981892303,274783600
2013-08-05,14.368228912353516,14.405568899415751,14.144801951595781,14.222541830105667,318855600
2013-08-06,14.239686965942383,14.442914053684355,14.14541833941919,14.324466943260292,334857600
2013-08-07,14.23142147064209,14.2932472482325,14.133174321005637,14.1953057622067,298858000
2013-08-08,14.203078269958496,14.298277000020425,14.10880258536166,14.290882764155679,255777200
2013-08-09,14.00097370147705,14.186134005792455,13.976327891743718,14.130061868139594,266865200
2013-08-12,14.398713111877441,14.438455073531737,14.068136138052292,14.075222692198398,364434000
2013-08-13,15.082971572875977,15.239787279174704,14.419968298062768,14.50900680423597,881941200
2013-08-14,15.358091354370117,15.53524038062932,15.200967970361958,15.338990402854847,756372400
2013-08-15,15.339916229248047,15.478248013969521,15.067876114322159,15.294012400930798,490294000
2013-08-16,15.476090431213379,15.494883703712503,15.369184977933916,15.408926941157855,362306000
2013-08-19,15.642765998840332,15.827616979545269,15.527541612085306,15.53801595802394,510518400
2013-08-20,15.437271118164062,15.729953870713619,15.429569200258662,15.70345868079038,358688400
2013-08-21,15.477017402648926,15.624589531769713,15.441278588771876,15.514911635069273,335879600
2013-08-22,15.495503425598145,15.576530720099356,15.348854322491324,15.557737442314503,244207600
2013-08-23,15.435734748840332,15.507518417842553,15.384284411220008,15.50505367189579,222731600
2013-08-26,15.495811462402344,15.718558349230866,15.419713666467826,15.427415586095274,330965600
2013-08-27,15.052779197692871,15.48163666691846,14.98222791790479,15.342687880173814,424188800
2013-08-28,15.123950004577637,15.274913216163457,14.972988438349487,14.972988438349487,307608000
2013-08-29,15.148591995239258,15.29647339853759,15.131031099164545,15.147051941015897,239657600
2013-08-30,15.010570526123047,15.187102543416318,14.988387820610487,15.157834929882911,272297200
2013-09-03,15.052470207214355,15.422789118805786,15.01457598431888,15.191725018328018,331928800
2013-09-04,15.36394214630127,15.473313961787891,15.289693766573421,15.390746657096518,345032800
2013-09-05,15.258581161499023,15.425257518300148,15.208363206237701,15.412009099972957,236367600
2013-09-06,15.349466323852539,15.38520348549786,15.094679447466671,15.35624519613517,359525600
2013-09-09,15.594395637512207,15.648310712066301,15.511520625603783,15.558349145406154,340687200
2013-09-10,15.239171981811523,15.633830700585152,15.08081620336538,15.595319465076336,743195600
2013-09-11,14.409500122070312,14.593734118974565,14.320153906052964,14.387932772809597,898696400
2013-09-12,14.562919616699219,14.646409965396401,14.357116721612364,14.433831490309645,404051200
2013-09-13,14.32292652130127,14.536429789843181,14.316766301840715,14.459716629552354,298835600
2013-09-16,13.867572784423828,14.221563213186823,13.778228229485254,14.202771585740672,543706800
2013-09-17,14.027775764465332,14.163025771223134,13.786852691880837,13.801024153398396,399380800
2013-09-18,14.316150665283203,14.367601007430771,14.192299638597119,14.269937497393894,456862000
2013-09-19,14.550908088684082,14.659662927383623,14.456941723012946,14.50161482394688,404541200
2013-09-20,14.400254249572754,14.74346101230367,14.35681352130729,14.726517120944008,699302800
2013-09-23,15.115934371948242,15.309104221408724,14.868232454988046,15.284149091584382,762106800
2013-09-24,15.068493843078613,15.264743865805073,15.029059558486829,15.246567600862218,364344400
2013-09-25,14.835272789001465,15.085130208900488,14.83219267962119,15.07157575319819,316957200
2013-09-26,14.979763984680176,15.051855322899582,14.908288010160279,14.972986757198132,237221600
2013-09-27,14.872856140136719,14.932008377596826,14.810314466800898,14.904588499505182,228040400
2013-09-30,14.688010215759277,14.839279474341305,14.615917219098192,14.703414055332516,260156400
2013-10-01,15.03337287902832,15.069727056298994,14.738225333105357,14.740382396984147,353883600
2013-10-02,15.082663536071777,15.151674760019308,14.903666753723636,14.961586623675739,289184000
2013-10-03,14.893189430236816,15.168618937717808,14.810931441509325,15.11192980014896,322753200
2013-10-04,14.881487846374512,14.929856429177585,14.74500541811602,14.907058351709837,258868400
2013-10-07,15.026905059814453,15.177866641526961,14.952964323895342,14.990243196449677,312292400
2013-10-08,14.817094802856445,15.115937773765577,14.804771076051605,15.094370429178415,290917200
2013-10-09,14.991158485412598,15.028128011564315,14.735139292803522,14.931081565728693,301725200
2013-10-10,15.08513069152832,15.169545764611,15.005028100787511,15.13689035177654,278602800
2013-10-11,15.182798385620117,15.214530761606506,14.947112357754385,15.003492197822291,267738800
2013-10-14,15.282299995422363,15.329745511149953,15.076191054562047,15.09097952367564,261898000
2013-10-15,15.363641738891602,15.465927050233336,15.266287564796773,15.32759524079176,320073600
2013-10-16,15.438504219055176,15.482252628550198,15.380584345760061,15.428645237156864,251101200
2013-10-17,15.542947769165039,15.551574379902311,15.394450940582118,15.403692915121743,253593200
2013-10-18,15.67819881439209,15.6895978536767,15.580227625713855,15.588854236996939,290542000
2013-10-21,16.062381744384766,16.15295868608027,15.759224587120508,15.76692650654061,398106800
2013-10-22,16.0164737701416,16.280811961891125,15.651699668965321,16.217962598038643,534063600
2013-10-23,16.17329216003418,16.19516719092466,15.989671883814031,15.989671883814031,313723200
2013-10-24,16.38741111755371,16.404664337223835,16.09596234652108,16.174523235286056,384764800
2013-10-25,16.204092025756836,16.4280695054134,16.177904527566074,16.369224966251902,337792000
2013-10-28,16.324865341186523,16.359371771883545,16.11937174739275,16.298985518163757,550440800
2013-10-29,15.918194770812988,16.613545929104767,15.85226529163636,16.521736620180967,635807200
2013-10-30,16.171443939208984,16.252161895831758,15.928671414856376,16.008466325825733,354163600
2013-10-31,16.10365867614746,16.251232407451212,16.05960259215476,16.17451927404534,275696400
2013-11-01,16.021400451660156,16.168357171842175,15.892312310245396,16.144326730507384,274890000
2013-11-04,16.228437423706055,16.23059448738605,15.983817188392752,16.054368472553286,244627600
2013-11-05,16.18838119506836,16.294363575274893,16.112900442860347,16.161578329597656,265213200
2013-11-06,16.14253044128418,16.264625447940496,16.05824144387296,16.24262269479247,223375600
2013-11-07,15.881298065185547,16.212875213663672,15.87789049280721,16.101007872763468,262620400
2013-11-08,16.131366729736328,16.14903015762439,15.88438821752093,15.946055476020412,279316800
2013-11-11,16.084577560424805,16.16576678761287,15.940790972374872,16.113706582964188,227452400
2013-11-12,16.114322662353516,16.23548751249716,16.021047258819365,16.041808777197957,204276800
2013-11-13,16.133535385131836,16.183737051793297,16.019806284684297,16.052035046356522,197220800
2013-11-14,16.36688232421875,16.401588574260074,16.17196397424177,16.201092995603524,282419200
2013-11-15,16.268648147583008,16.395699730116363,16.253154375071908,16.31791973433803,317920400
2013-11-18,16.071563720703125,16.336826366700176,16.058239602968104,16.26865176652921,244944000
2013-11-19,16.100065231323242,16.218750934384772,16.051103137966546,16.08395085231313,208938800
2013-11-20,15.959073066711426,16.127032056829638,15.93831154287577,16.090154493208285,193916800
2013-11-21,16.14933967590332,16.151509333358458,15.91785658851572,16.03964040480198,262026800
2013-11-22,16.107812881469727,16.18094571933897,16.06845784900694,16.099135907743804,223725600
2013-11-25,16.229904174804688,16.295909069996746,16.144996290547525,16.145615246764503,229311600
2013-11-26,16.529258728027344,16.61416830050491,16.237968550430644,16.241685599114707,401382800
2013-11-27,16.91847801208496,16.91971758020524,16.529261897137935,16.619439236665144,363448400
2013-11-29,17.231767654418945,17.301800750472196,16.975802704137127,17.027553416937778,318127600
2013-12-02,17.081787109375,17.48773488520681,17.069081950706067,17.29157862151087,472544800
2013-12-03,17.549400329589844,17.55126050893846,17.28166028064075,17.300872755781374,450968000
2013-12-04,17.50849151611328,17.638333323559724,17.3789591868201,17.523985283337122,377809600
2013-12-05,17.59836769104004,17.82272458507634,17.552195841264144,17.745563528266015,447580000
2013-12-06,17.354183197021484,17.56273690269977,17.34024011814848,17.532987254531086,344352400
2013-12-09,17.552810668945312,17.65042375195451,17.381444118025485,17.381444118025485,320493600
2013-12-10,17.52553939819336,17.597743816664867,17.390739281451253,17.464492746100518,278269600
2013-12-11,17.395700454711914,17.69350132212962,17.34395138098184,17.57047625276787,359718800
2013-12-12,17.37028694152832,17.51903178125917,17.35448369184998,17.41986965808116,262290000
2013-12-13,17.180946350097656,17.44279967582816,17.157396216266637,17.441869586213752,332822000
2013-12-16,17.276081085205078,17.435363076459904,17.19892170780081,17.19923118603204,282592800
2013-12-17,17.19829559326172,17.336193753088597,17.148403415446193,17.223705899367786,229902400
2013-12-18,17.067523956298828,17.08859660397415,16.696592067394963,17.034366766620426,565863200
2013-12-19,16.871990203857422,17.04366620194732,16.849368505880957,17.028172432362446,320308800
2013-12-20,17.013303756713867,17.093564557250644,16.8831524043289,16.9020554058286,436413600
2013-12-23,17.666227340698242,17.68574929385931,17.439081902133495,17.601460331800446,501306400
2013-12-24,17.591238021850586,17.721698834634033,17.540415732116134,17.66003156575243,167554800
2013-12-26,17.474409103393555,17.64794530251376,17.458294720410535,17.604560425251787,204008000
2013-12-27,17.356342315673828,17.490212341205773,17.338059930063107,17.471929955595048,225884400
2013-12-30,17.183732986450195,17.356339063426923,17.115558418537915,17.274840384084293,253629600
2013-12-31,17.385162353515625,17.393218717750205,17.167622314579113,17.172891719616686,223084400
2014-01-02,17.14066505432129,17.26152046244112,17.106268280537122,17.219686280006737,234684800
2014-01-03,16.76415252685547,17.158325179571857,16.74710805490898,17.132295909276262,392467600
2014-01-06,16.855573654174805,16.94450978371868,16.53546217355507,16.654768554001635,412610800
2014-01-07,16.735021591186523,16.91847264995258,16.66932615659733,16.86765202809232,317209200
2014-01-08,16.840999603271484,16.90607441667662,16.693184897793664,16.696901945450335,258529600
2014-01-09,16.625946044921875,16.94636694683437,16.589689092258308,16.944506767229026,279148800
2014-01-10,16.51500701904297,16.75857635238963,16.45829802107146,16.72851724043736,304976000
2014-01-13,16.601465225219727,16.811256737027996,16.420182123322782,16.421112213092325,378492800
2014-01-14,16.93180274963379,16.942338250531037,16.661272402528937,16.67862635515359,332561600
2014-01-15,17.271747589111328,17.35975527546437,17.095113259793568,17.15275235303332,391638800
2014-01-16,17.17536735534668,17.255937601128583,17.09572554411994,17.195509916792155,229278000
2014-01-17,16.754545211791992,17.107813774500585,16.730683944401697,17.089531389921543,426739600
2014-01-21,17.014856338500977,17.045843892273872,16.746805061557552,16.764468496796717,328526800
2014-01-22,17.0904598236084,17.26957156834625,16.975802290948497,17.07186630764538,379985200
2014-01-23,17.23517608642578,17.245092629009992,16.882837621290005,17.041808470924796,403239200
2014-01-24,16.921884536743164,17.21782351713646,16.880978795304163,17.167621843761427,429354800
2014-01-27,17.059160232543945,17.19241128691087,16.91196610930821,17.04583612008545,554878800
2014-01-28,15.695672988891602,15.959073766534907,15.558392061094757,15.765706105087656,1065523200
2014-01-29,15.517483711242676,15.722628041011234,15.451478795794904,15.616647478479718,502810000
2014-01-30,15.487427711486816,15.695671829932287,15.391984283410293,15.572956250319066,678501600
2014-01-31,15.512835502624512,15.541655040796158,15.294367052241896,15.34487819985513,464797200
2014-02-03,15.541653633117676,15.733783318538693,15.47255062936418,15.575121961339612,401464000
2014-02-04,15.766627311706543,15.787390481897802,15.579767054801973,15.675521579279575,376681200
2014-02-05,15.88438606262207,15.967744919419342,15.687918725056674,15.697525788204805,328344800
2014-02-06,15.976967811584473,16.007831157949372,15.83044932737963,15.900591934225007,257765200
2014-02-07,16.20049285888672,16.301808527964553,16.128793563767072,16.25348900346129,370280400
2014-02-10,16.490718841552734,16.58424123016659,16.148116967089013,16.168691426420555,345559200
2014-02-11,16.708005905151367,16.763805687757472,16.506619901344237,16.541224224099576,282256800
2014-02-12,16.70675277709961,16.820226955522767,16.623207958480336,16.738863116006964,308100800
2014-02-13,16.97205352783203,16.985146068706705,16.653142606905494,16.66748213571444,307398000
2014-02-14,16.958330154418945,17.020368202656048,16.87166867990305,16.91094629131409,272924400
2014-02-18,17.020679473876953,17.1827828638778,17.008832259489676,17.02099080455295,260251600
2014-02-19,16.7519588470459,17.048735218969984,16.65781378606932,16.982022218715468,313768000
2014-02-20,16.55806541442871,16.74043369302783,16.491041047218467,16.61542520685493,305858000
2014-02-21,16.374134063720703,16.66467557099066,16.353870927536107,16.609185444539865,278784800
2014-02-24,16.445833206176758,16.519716818763584,16.28591242807409,16.308669539716107,288909600
2014-02-25,16.274690628051758,16.508806365166773,16.241646280832928,16.50288442124006,231952000
2014-02-26,16.127859115600586,16.366340119190802,16.073304648536617,16.32300854221711,276217200
2014-02-27,16.449573516845703,16.48417617554246,16.08733109578913,16.121311093094782,301882000
2014-02-28,16.404996871948242,16.607939557645736,16.27655879364591,16.493529675851008,371968800
2014-03-03,16.452383041381836,16.542475841268228,16.298071193374476,16.317087343729327,238781200
2014-03-04,16.560863494873047,16.604508062901317,16.452690229068402,16.553383233795383,259140000
2014-03-05,16.59578514099121,16.670289766930132,16.4950920999103,16.550895233968102,200062800
2014-03-06,16.54559326171875,16.66062582648791,16.462982385754906,16.609187986427877,185488800
2014-03-07,16.535924911499023,16.58393310245774,16.399070933658916,16.55618804411653,220729600
2014-03-10,16.55089569091797,16.626024645420507,16.47046578815642,16.471090114663056,178584000
2014-03-11,16.71205711364746,16.79466796544885,16.60294819015581,16.692106975857538,279224400
2014-03-12,16.728271484375,16.75133992863494,16.584559871462307,16.662807115383572,199326400
2014-03-13,16.5424747467041,16.823351693105003,16.49602486403947,16.754146362545736,257742800
2014-03-14,16.356679916381836,16.54995806083201,16.30399508985524,16.484492023585087,237199200
2014-03-17,16.420583724975586,16.521275078196943,16.39283866212119,16.4505114327386,199544800
2014-03-18,16.56584930419922,16.58361845981066,16.37257123681016,16.394392685568633,209647200
2014-03-19,16.561492919921875,16.71673876895715,16.491038927992026,16.592667620968392,224756000
2014-03-20,16.481685638427734,16.605447107641115,16.439601045038494,16.51878228016755,208398400
2014-03-21,16.611679077148438,16.639112809064798,16.407802396543165,16.58237569594563,374046400
2014-03-24,16.808704376220703,16.849541989553483,16.67995493059047,16.78470027050779,355700800
2014-03-25,16.989505767822266,17.01319853309815,16.82116576533892,16.880709841657662,282293200
2014-03-26,16.82709503173828,17.114519953778544,16.798415971103406,17.037208358590938,299768000
2014-03-27,16.75476837158203,16.880712478642117,16.68182208019511,16.83457392852901,222031600
2014-03-28,16.736068725585938,16.80091044847894,16.654704824913125,16.78158296340782,200564000
2014-03-31,16.732322692871094,16.859200780311408,16.707069942798338,16.8099455976306,168669200
2014-04-01,16.885385513305664,16.89224477808533,16.733256343765138,16.76411804066337,200760000
2014-04-02,16.9134464263916,16.9424384819282,16.842058442622577,16.908147143471364,180420800
2014-04-03,16.796232223510742,16.911887445468217,16.760382567634508,16.877284777575603,162344000
2014-04-04,16.578947067260742,16.83395026369861,16.54029210754426,16.828028319874356,275251200
2014-04-07,16.318639755249023,16.550263108801797,16.269386245491503,16.460481672191,289850400
2014-04-08,16.317707061767578,16.401253567423893,16.169941526126784,16.372261521481143,243888400
2014-04-09,16.53217887878418,16.537478158329193,16.273434853899285,16.292762323656763,206169600
2014-04-10,16.31895637512207,16.592040043296514,16.30929180347379,16.54340751919351,239652000
2014-04-11,16.198312759399414,16.298692776944293,16.121312513741533,16.17929494737455,271717600
2014-04-14,16.262847900390625,16.277810093057038,16.12349989060024,16.269705502659786,205674000
2014-04-15,16.14687156677246,16.261591087248608,15.94018796665069,16.218883846380553,266490000
2014-04-16,16.17960548400879,16.24444717291395,16.027787660567377,16.14967778226644,214765600
2014-04-17,16.364463806152344,16.452375585902963,16.18552527543844,16.210465023576162,284334400
2014-04-21,16.55868148803711,16.588918855779326,16.33391572259067,16.376935961686527,182548800
2014-04-22,16.575204849243164,16.579257142954056,16.413099781847034,16.46952389283958,202563200
2014-04-23,16.35854721069336,16.557437604916018,16.349193969650166,16.492907234173025,394940000
2014-04-24,17.69965362548828,17.769171954639216,17.480188742189938,17.71337049285763,759911600
2014-04-25,17.82964515686035,17.831201810274557,17.580876957440594,17.598644449672044,390275200
2014-04-28,18.520151138305664,18.57190029923248,17.84866236378932,17.85645728614107,669485600
2014-04-29,18.46528434753418,18.57906990659444,18.377374202314208,18.509240252579303,337377600
2014-04-30,18.39545440673828,18.68662023514853,18.3864141612768,18.474948631470298,456640800
2014-05-01,18.438791275024414,18.54228795451057,18.27918013270417,18.45500045497257,244048000
2014-05-02,18.473081588745117,18.52358543947886,18.383613105653616,18.465601324978948,191514400
2014-05-05,18.73431968688965,18.735568339860883,18.392653271676615,18.39701856246405,287067200
2014-05-06,18.530128479003906,18.84186712681431,18.530128479003906,18.760503248167925,374564400
2014-05-07,18.46528434753418,18.619907509611327,18.32188407599219,18.55631279478239,282864400
2014-05-08,18.432369232177734,18.633624449672173,18.382525869325068,18.44051908742316,230297200
2014-05-09,18.35556983947754,18.37782624745234,18.19224456970247,18.324221017503103,291597600
2014-05-12,18.58409309387207,18.610111354580237,18.413871958970663,18.41669460793495,213208800
2014-05-13,18.613245010375977,18.637696248372837,18.517321824325435,18.558072771540882,159737200
2014-05-14,18.616689682006836,18.727348878977157,18.54991881522165,18.571549073699313,166404000
2014-05-15,18.458389282226562,18.70227723982366,18.433938039952864,18.64271699366624,230846000
2014-05-16,18.730802536010742,18.731428675234724,18.35117633351387,18.45243007754161,276256400
2014-05-19,18.95274543762207,19.038638672978788,18.725157243340274,18.741458625908606,317755200
2014-05-20,18.956512451171875,19.009489866217308,18.831746654216815,18.950242686940264,234836000
2014-05-21,19.006668090820312,19.018892874930373,18.8734393733875,18.928924691790073,196859600
2014-05-22,19.036754608154297,19.11763369789149,18.937382650993445,19.015752161854294,200760000
2014-05-23,19.251806259155273,19.270615547401217,19.01168020547344,19.036131443108687,232209600
2014-05-27,19.612308502197266,19.619517473150268,19.298827086715217,19.306663870976948,348866000
2014-05-28,19.561532974243164,19.743978951324767,19.554322325911034,19.624542020128473,315481600
2014-05-29,19.917943954467773,19.964653247037653,19.679385032050117,19.681892936002434,376474000
2014-05-30,19.843341827392578,20.193499224480576,19.714814225436868,19.99945470630735,564020800
2014-06-02,19.706985473632812,19.900717001223438,19.5141948292108,19.87344478268828,369350800
2014-06-03,19.98566246032715,20.023281032361183,19.69443913038088,19.701021961944644,292709200
2014-06-04,20.21388053894043,20.310120148022126,19.94083863088193,19.982532137441392,335482000
2014-06-05,20.293184280395508,20.35650803054693,20.144595127451893,20.257134409625348,303805600
2014-06-06,20.237388610839844,20.41576126027132,20.20290742853309,20.373126875506134,349938400
2014-06-09,20.561216354370117,20.60071502394442,20.13331549578934,20.3417796732171,301660000
2014-06-10,20.68190574645996,20.857455748723467,20.53268874678665,20.787236082651845,251108000
2014-06-11,20.596328735351562,20.793822099604487,20.51074855653682,20.655575907542865,182724000
2014-06-12,20.251811981201172,20.653381518963936,20.166231807470623,20.63582618225791,218996000
2014-06-13,20.03018569946289,20.28473312578667,19.9424106671385,20.23206710189034,218100000
2014-06-16,20.232059478759766,20.352750312002527,20.06748198297538,20.080649321072954,142244000
2014-06-17,20.205732345581055,20.341782032205113,20.14429033559997,20.256201850564427,118904000
2014-06-18,20.227684020996094,20.251822202607524,20.04555107762617,20.247432529130958,134056000
2014-06-19,20.157455444335938,20.254008128301912,20.04334742252721,20.251813292529278,142112000
2014-06-20,19.948978424072266,20.30885424765255,19.946783589710606,20.155247651529987,403592000
2014-06-23,19.93143653869629,20.104791738475242,19.880965359350327,20.03896005657516,174776000
2014-06-24,19.810745239257812,20.13112262409524,19.79099673962861,19.913880757328123,156144000
2014-06-25,19.82829475402832,19.902902407386538,19.672494941866727,19.795378923477294,147476000
2014-06-26,19.946792602539062,19.979708436164422,19.70541261290115,19.83049144134245,130516000
2014-06-27,20.183788299560547,20.18817629690371,19.918268420647635,19.929240925259265,256116000
2014-06-30,20.392248153686523,20.567798145094876,20.207920495290875,20.210115330579896,197929200
2014-07-01,20.521718978881836,20.642409830794286,20.43613880176905,20.521718978881836,152892000
2014-07-02,20.512943267822266,20.640215280307043,20.427361415357694,20.598523446117696,113860000
2014-07-03,20.633628845214844,20.6489893444282,20.45149601585016,20.55463151378363,91567200
2014-07-07,21.05933380126953,21.06372179726707,20.64898669750117,20.65776436366488,225872000
2014-07-08,20.92328643798828,21.241470618374205,20.609491928597446,21.125167775369654,260888000
2014-07-09,20.93206024169922,21.054944220173812,20.793815765915305,20.94303274299244,145744000
2014-07-10,20.855266571044922,20.967179769702636,20.521721811091947,20.574387830559903,158744000
2014-07-11,20.894756317138672,21.041778458428013,20.81575899587334,20.925477311612006,136072000
2014-07-14,21.1646671295166,21.26121980451083,20.98911878990865,21.035200291837075,171240000
2014-07-15,20.916706085205078,21.25244396686406,20.853069241584155,21.24147313641372,181911600
2014-07-16,20.798208236694336,21.307301266695106,20.78943056860496,21.27877510103139,213585200
2014-07-17,20.427364349365234,20.907931322794106,20.313257986638472,20.85307214040887,229192000
2014-07-18,20.72140884399414,20.789433689186364,20.41200227553418,20.54366564246904,199952000
2014-07-21,20.613887786865234,20.8464901943522,20.56561143644278,20.844295358195872,156316000
2014-07-22,20.785045623779297,20.82234946301019,20.653383931443095,20.776267954400982,220788000
2014-07-23,21.327051162719727,21.47846133133925,20.88378813786633,20.93864730708895,371672000
2014-07-24,21.291940689086914,21.35557752687802,21.15808418100373,21.294135524643572,182916000
2014-07-25,21.432376861572266,21.469680689676274,21.206357383547243,21.252438878411386,173876000
2014-07-28,21.728620529174805,21.776896869335115,21.406049997881016,21.46529716815197,221272000
2014-07-29,21.588180541992188,21.820784567328694,21.559654375544742,21.79664639796199,172572000
2014-07-30,21.53770637512207,21.65839552163623,21.432376052147163,21.601343201103145,132040000
2014-07-31,20.978147506713867,21.384105053751,20.918900336264404,21.320469886077877,227372000
2014-08-01,21.094451904296875,21.201977105625463,20.804795492440835,20.824545668383184,194044000
2014-08-04,20.9759578704834,21.193201455709115,20.883794838419497,21.147119939677165,159832000
2014-08-05,20.872821807861328,20.99570583767476,20.706049428707853,20.925486152900035,223732000
2014-08-06,20.83771514892578,20.951823205057146,20.78285595729292,20.791633628854537,154232000
2014-08-07,20.835508346557617,21.15968343814168,20.751706540606566,20.934745379134814,186844000
2014-08-08,20.89283561706543,20.91047827215281,20.570864732953574,20.786983051533525,167460000
2014-08-11,21.168502807617188,21.188351221791304,20.914895024815895,21.009722224211274,146340000
2014-08-12,21.16408348083496,21.364763190730088,21.084693224778693,21.179520381596124,135180000
2014-08-13,21.444162368774414,21.444162368774414,21.17952919348177,21.203787430841544,127664000
2014-08-14,21.501497268676758,21.516934173774924,21.3471282176951,21.46400788236642,112464000
2014-08-15,21.60735321044922,21.653663929336844,21.360361027218612,21.589710551112045,195804000
2014-08-18,21.86758041381836,21.913891140895196,21.607357031317402,21.719825218862475,190288000
2014-08-19,22.169702529907227,22.202782100663697,21.902863575466263,21.92271199091889,277596000
2014-08-20,22.178516387939453,22.293190287759654,22.0417883267148,22.149848333608478,210796000
2014-08-21,22.180721282958984,22.260111549955756,22.0770727853523,22.178515530404567,133912000
2014-08-22,22.343914031982422,22.37699359385569,22.09471780653043,22.116770286947137,176736000
2014-08-25,22.39243507385254,22.531367243112644,22.33509726705611,22.447567127407673,161080000
2014-08-26,22.24909019470215,22.383612532700376,22.242474617832837,22.36596987271777,132608000
2014-08-27,22.522544860839844,22.619577808964394,22.20718946193173,22.277758419886858,209476000
2014-08-28,22.54900360107422,22.66588325274102,22.396838637396765,22.403454212774694,273840000
2014-08-29,22.604135513305664,22.69234711034465,22.53797639490236,22.683525782391122,178380000
2014-09-02,22.780569076538086,22.877600363200578,22.65266228673635,22.727641084725413,214256000
2014-09-03,21.819059371948242,22.758508237677475,21.739669089985693,22.73645575546489,501684000
2014-09-04,21.638229370117188,22.072668546566163,21.565454654330008,21.79921402716507,342872000
2014-09-05,21.825672149658203,21.918293572572153,21.68012275722514,21.788182766454412,233828000
2014-09-08,21.691152572631836,21.900653676942394,21.622789373171944,21.89844960647349,185426800
2014-09-09,21.609560012817383,22.732049538222256,21.201583138425374,21.84993664980848,759385200
2014-09-10,22.273340225219727,22.297598453134004,21.55882958414325,21.613961614403696,403478400
2014-09-11,22.368165969848633,22.370371722018433,21.969010634407113,22.14322804091092,249412400
2014-09-12,22.418895721435547,22.535775388340117,22.29098897246596,22.3196570303399,250504400
2014-09-15,22.412273406982422,22.725424632525947,22.3703742060792,22.672496669549055,245266000
2014-09-16,22.242469787597656,22.330681385857766,21.808029054226072,22.008710482330223,267632400
2014-09-17,22.40125274658203,22.449769214988123,22.18292863875461,22.332887867238682,243706000
2014-09-18,22.44757080078125,22.571066082554847,22.39684856291165,22.47844462122465,149197600
2014-09-19,22.264530181884766,22.571064290881093,22.16308739669504,22.557833135311924,283609600
2014-09-22,22.286579132080078,22.524749989511935,22.180726539330337,22.449771209855587,211153600
2014-09-23,22.635013580322266,22.701172711178234,22.171904711820257,22.185135864992812,253608800
2014-09-24,22.438743591308594,22.681324266607206,22.317452412410994,22.529160957849818,240687200
2014-09-25,21.583093643188477,22.20939286855706,21.550014079595854,22.16528790543123,400368000
2014-09-26,22.21821403503418,22.21821403503418,21.699973150865187,21.728641208437462,249482000
2014-09-29,22.077070236206055,22.149844919632812,21.750687878183523,21.75509938278298,199065200
2014-09-30,22.21821403503418,22.392431498349907,22.16969756645303,22.231445187375773,221056400
2014-10-01,21.87198829650879,22.20498637021027,21.766134013661116,22.182932202848477,205965200
2014-10-02,22.030759811401367,22.10132874342053,21.620577368259962,21.8918260171946,191031200
2014-10-03,21.969013214111328,22.099124004976982,21.841106493178355,21.929318082873376,173878400
2014-10-06,21.969013214111328,22.19615692189112,21.92490657801575,22.0417862193008,148204800
2014-10-07,21.77715492248535,22.07927909520988,21.772745099761437,21.92711413254257,168376800
2014-10-08,22.2292423248291,22.297605525637216,21.68012591786552,21.779364613309134,229618800
2014-10-09,22.27775001525879,22.577668394043364,22.187334360659815,22.392425580233148,309506000
2014-10-10,22.21381187438965,22.500497596493894,22.118984657405868,22.204990542286847,265326400
2014-10-13,22.010908126831055,22.445348733376367,22.010908126831055,22.346111765864183,214333600
2014-10-14,21.77715492248535,22.167489009658375,21.73745978798502,22.13882095571224,254754400
2014-10-15,21.510324478149414,21.865375074967357,20.989877703279518,21.60515168753241,403734400
2014-10-16,21.228046417236328,21.550017408785298,21.040597771248493,21.071471586705464,288618000
2014-10-17,21.538984298706055,21.832287145981482,21.3493299525352,21.501494916496913,272718800
2014-10-20,21.999889373779297,22.043994332101303,21.66027581071166,21.68232828987266,310069200
2014-10-21,22.59752082824707,22.71881030676992,22.33288602670421,22.71881030676992,378495600
2014-10-22,22.712200164794922,22.95919236882564,22.626194296404094,22.679120596376126,273052400
2014-10-23,23.117971420288086,23.166487893089833,22.853336572959464,22.952575271643934,284298800
2014-10-24,23.203975677490234,23.263517546583884,23.05181069286705,23.195154348273302,188215600
2014-10-27,23.179718017578125,23.26131405298578,23.08930065273479,23.12238021749446,136750800
2014-10-28,23.539175033569336,23.539175033569336,23.232641029594102,23.243668110455037,192243600
2014-10-29,23.67148780822754,23.678105065184315,23.45537119086217,23.519324548142627,210751600
2014-10-30,23.592098236083984,23.673692560982584,23.353927470577634,23.5876867316324,162619200
2014-10-31,23.817047119140625,23.82586844960288,23.64282962812878,23.819252872380375,178557200
2014-11-03,24.125789642333984,24.324265393598008,23.81925552524169,23.865566253453807,209130400
2014-11-04,23.949369430541992,24.14563945333326,23.755305161517242,24.116971384357136,166297600
2014-11-05,24.006696701049805,24.10372963416883,23.845710396783822,24.059622990707265,149743600
2014-11-06,24.075359344482422,24.095293823927264,23.876024688787634,24.05321123715992,139874000
2014-11-07,24.144010543823242,24.212670154653203,24.042127941052744,24.086424137112417,134766000
2014-11-10,24.104148864746094,24.214891070292342,24.06871054787116,24.14622975379514,108782000
2014-11-11,24.296844482421875,24.307919381291555,24.008915699525705,24.075360023366827,109769200
2014-11-12,24.6401424407959,24.680009705145725,24.2237523274249,24.225965955038948,187769600
2014-11-13,24.987876892089844,25.127411494583598,24.71766557854977,24.761963484748666,238091600
2014-11-14,25.289091110229492,25.29130642756837,24.631282113320164,25.06096242829356,176254400
2014-11-17,25.24700927734375,25.975693242546182,25.09418617227625,25.30902464633254,186986800
2014-11-18,25.57480239868164,25.623529234114827,25.224856662199446,25.23593155744945,176896000
2014-11-19,25.397615432739258,25.634603670257636,25.204925088555814,25.56815936494301,167476800
2014-11-20,25.76085662841797,25.88267375556895,25.43748952428082,25.45077974074694,173582000
2014-11-21,25.796287536621094,26.039920031090652,25.698833862916544,26.026631508237056,228717200
2014-11-24,26.27469253540039,26.305700214767512,25.829510128861674,25.88045059219689,189803200
2014-11-25,26.046571731567383,26.52276365072891,26.013348725152895,26.372154152803223,275361600
2014-11-26,26.356647491455078,26.378795596766786,26.097511110744662,26.121874533525176,163073200
2014-11-28,26.34113883972168,26.445236774453132,26.146233182853138,26.416442721991864,99257600
2014-12-01,25.486209869384766,26.41201473002903,24.644568472511114,26.314561053184832,335256000
2014-12-02,25.388757705688477,25.636820857079933,24.97236761672365,25.13848092681272,237395600
2014-12-03,25.67668914794922,25.769712199776425,25.49507198923284,25.636821884338694,172253600
2014-12-04,25.57923698425293,25.95797516620508,25.53494077306719,25.641252355829824,168178000
2014-12-05,25.470712661743164,25.709916281855776,25.390978121705626,25.689981801950236,153275600
2014-12-08,24.894851684570312,25.393191680387723,24.72209408972036,25.27137456104881,230659600
2014-12-09,25.27580451965332,25.315671785843314,24.219322810514516,24.405370615998546,240832000
2014-12-10,24.795181274414062,25.437486459678954,24.704373536762624,25.340034459491083,178261200
2014-12-11,24.72209358215332,25.204929724668364,24.660076520077197,24.86384348731442,165606800
2014-12-12,24.303482055664062,24.777458499429173,24.270259060302788,24.46516470874161,224112400
2014-12-15,23.97125816345215,24.717659535142577,23.554866395951,24.518323230465633,268872400
2014-12-16,23.643465042114258,24.398727827861936,23.534938134734908,23.559301559423044,243162800
2014-12-17,24.23261260986328,24.327849293790877,23.65896705007462,23.725413055848236,213647200
2014-12-18,24.950220108032227,24.950220108032227,24.509466587898828,24.777462531788583,236024800
2014-12-19,24.757530212402344,25.080897289148155,24.730953161305965,24.86384348616433,353719200
2014-12-22,25.014453887939453,25.136269319441872,24.799613704815574,24.841696290315944,180670000
2014-12-23,24.925857543945312,25.100830443535045,24.908138384287398,25.078682338858687,104113600
2014-12-24,24.808469772338867,24.96350818676613,24.808469772338867,24.934715821170208,57918400
2014-12-26,25.24700927734375,25.36439575289997,24.80847105961326,24.828403846877343,134884000
2014-12-29,25.229291915893555,25.419766968695274,25.182778699160025,25.202713176301835,110395600
2014-12-30,24.921424865722656,25.231503375143216,24.830617137057683,25.169488011217492,119526000
2014-12-31,24.447452545166016,25.05653477176595,24.40980059488997,24.987875134228194,165613600
2015-01-02,24.214893341064453,24.68222562747745,23.776353422468404,24.671150729967486,212818400
2015-01-05,23.532718658447266,24.064281582572935,23.346672564388854,23.984547059464486,257142000
2015-01-06,23.53493881225586,23.79407522071628,23.17391806682534,23.596954189686496,263188400
2015-01-07,23.864946365356445,23.96461367890052,23.632387047364233,23.74312925787633,160423600
2015-01-08,24.781890869140625,24.83947728974081,24.075355049974863,24.192743208450004,237458000
2015-01-09,24.808469772338867,25.083109973520873,24.409797149823067,24.954648607400006,214798000
2015-01-12,24.197174072265625,24.945790840272345,24.097506754292127,24.93914657771306,198603200
2015-01-13,24.41201400756836,24.983444239302276,24.121869946634853,24.680009963584943,268367600
2015-01-14,24.318992614746094,24.471815731969652,24.031062161775676,24.1506639642499,195826400
2015-01-15,23.658971786499023,24.3765810194726,23.62353514883972,24.363292491574416,240056000
2015-01-16,23.475130081176758,23.827291140841854,23.30015720986781,23.70547405012303,314053200
2015-01-20,24.079784393310547,24.13515549366684,23.58808875177998,23.8848770385896,199599600
2015-01-21,24.26361846923828,24.59805872103091,23.98011699709323,24.13072646769229,194303600
2015-01-22,24.894851684570312,24.91035552795961,24.301273310849446,24.420875112620685,215185600
2015-01-23,25.023313522338867,25.19385580272566,24.702160060868348,24.87270403104737,185859200
2015-01-26,25.049888610839844,25.32895946484357,24.983444295938444,25.191638510380002,222460000
2015-01-27,24.172809600830078,24.912568446521064,24.14844617930842,24.899278232187047,382274800
2015-01-28,25.539369583129883,26.161741992686807,25.539369583129883,26.05321340320937,585908400
2015-01-29,26.33449935913086,26.398730047323408,25.59474047597541,25.76306911779753,337745600
2015-01-30,25.949119567871094,26.57813460918825,25.8804582377386,26.2237598190242,334982000
2015-02-02,26.27469253540039,26.39429430858434,25.709908355677726,26.14623287364737,250956400
2015-02-03,26.279125213623047,26.376577203589342,26.04878122769849,26.24590221463348,207662800
2015-02-04,26.48067855834961,26.691089785876024,26.20382301407181,26.24590559753552,280598800
2015-02-05,26.669679641723633,26.734163811771065,26.516251730353517,26.687467032819562,168984800
2015-02-06,26.44510269165039,26.738615912814105,26.338369840108527,26.68747269934462,174826400
2015-02-09,26.620763778686523,26.647445716847848,26.333921068225507,26.3606047028478,155559200
2015-02-10,27.132184982299805,27.161092674695414,26.718599709283218,26.720822072959173,248034000
2015-02-11,27.76813507080078,27.77702961636251,27.238922333336244,27.29895839530153,294247200
2015-02-12,28.119468688964844,28.34627541369775,27.92156966831326,28.030524908608047,297898000
2015-02-13,28.257320404052734,28.301791428327864,27.93934766074915,28.301791428327864,217088800
2015-02-17,28.424095153808594,28.65757232057261,28.22174804975162,28.34849236119064,252609600
2015-02-18,28.621992111206055,28.63533308100466,28.33959580975443,28.379620415611313,179566800
2015-02-19,28.56195831298828,28.6909266937872,28.53527636969285,28.568628798812142,149449600
2015-02-20,28.79543113708496,28.79543113708496,28.473011930350665,28.599754534742676,195793600
2015-02-23,29.573694229125977,29.573694229125977,28.831017308650956,28.91106654152942,283896400
2015-02-24,29.389123916625977,29.707098350862747,29.166765406194134,29.560340919676545,276912400
2015-02-25,28.63755226135254,29.262382551809083,28.495242944451096,29.25348631098426,298846800
2015-02-26,28.9999942779541,29.100054921316598,28.15280896167224,28.63754884827877,365150000
2015-02-27,28.564178466796875,29.0333551042649,28.515259318403285,28.906609112630072,248059200
2015-03-02,28.704265594482422,28.96887282281326,28.528603825590125,28.73984377825784,192386800
2015-03-03,28.764291763305664,28.799869932742865,28.481895556894486,28.67534973263365,151265200
2015-03-04,28.581972122192383,28.808778837633067,28.53305635310015,28.7064957846363,126665200
2015-03-05,28.108346939086914,28.628665165462678,27.96381353293991,28.59086461666674,226068400
2015-03-06,28.150590896606445,28.76652330753673,28.074989807114648,28.55083525175208,291368400
2015-03-09,28.270658493041992,28.810991392077803,27.808152423253254,28.452992388339005,354114000
2015-03-10,27.685861587524414,28.288453012050585,27.52798723170783,28.108343142090717,275426400
2015-03-11,27.181110382080078,27.7436772774365,27.152204379492783,27.739230852600457,275756000
2015-03-12,27.672521591186523,27.77258395917488,27.045470531678525,27.19667441748349,193450800
2015-03-13,27.48129653930664,27.88376672931133,27.25671559126983,27.661408145658864,207309200
2015-03-16,27.783702850341797,27.783702850341797,27.321198310599407,27.545779246523967,143497200
2015-03-17,28.248432159423828,28.31069228587761,27.93935389134169,27.99494353231274,204092400
2015-03-18,28.566408157348633,28.719836126395787,28.099455460442414,28.23954076057586,261083600
2015-03-19,28.350717544555664,28.73984504026525,28.328482026950223,28.628665755776797,183238000
2015-03-20,27.994935989379883,28.550830552849387,27.830391171449538,28.517478134422173,274780400
2015-03-23,28.286230087280273,28.42853941926363,28.132802149548414,28.266218632686233,150838800
2015-03-24,28.170602798461914,28.470784779166674,28.14169510373466,28.290676608620394,131369200
2015-03-25,27.43459701538086,28.19951096263978,27.43459701538086,28.13725084069286,206620800
2015-03-26,27.625831604003906,27.768140970303797,27.26116364080275,27.296741830608454,190291600
2015-03-27,27.40569496154785,27.72811422368741,27.330093858713987,27.699208219038226,158184800
2015-03-30,28.099449157714844,28.106119642444803,27.572458810054766,27.58357741557871,188398800
2015-03-31,27.668075561523438,28.12613365015108,27.652510530253405,28.03718988726754,168362400
2015-04-01,27.6280517578125,27.821504320484593,27.37233906824674,27.754796072263535,162485600
2015-04-02,27.865978240966797,27.919343827193785,27.614713646705887,27.801494046731044,128880400
2015-04-06,28.317358016967773,28.352936195517167,27.645836013226795,27.676966071227053,148776000
2015-04-07,28.019407272338867,28.48858235108615,28.012736785865233,28.3818511745851,140049200
2015-04-08,27.928234100341797,28.1061216224908,27.78814882176073,27.98382373895572,149316800
2015-04-09,28.141698837280273,28.14614695850273,27.719218930050666,27.983824463106682,129936000
2015-04-10,28.261768341064453,28.286227914663616,27.85262946715282,28.00605569663922,160752000
2015-04-13,28.206180572509766,28.588639230734085,28.152814997705434,28.544164808218575,145460400
2015-04-14,28.083881378173828,28.304015835014305,27.99716169225301,28.239531661503285,102098400
2015-04-15,28.19062042236328,28.268445585854018,28.019405062683663,28.10834883372793,115881600
2015-04-16,28.05497169494629,28.261765168962683,28.04163072773902,28.079431265800114,113476000
2015-04-17,27.739227294921875,28.048305523453024,27.674743116071788,27.917114801850463,207828000
2015-04-20,28.37295150756836,28.48857721065811,27.83262014670152,27.92156390871118,188217200
2015-04-21,28.219520568847656,28.50636156657248,28.166153302631102,28.484127750340228,129740400
2015-04-22,28.59975814819336,28.655347790616638,28.088334455775946,28.237314290319635,150618000
2015-04-23,28.83323860168457,29.000007547906723,28.49303022282521,28.528608412320764,183083600
2015-04-24,28.968870162963867,29.04669700871143,28.73539301864322,29.015566948996813,178103600
2015-04-27,29.495861053466797,29.602595603096105,29.162323219950373,29.420259958837757,387816800
2015-04-28,29.03113555908203,29.91612175432839,28.811002737132416,29.898336053763348,475696000
2015-04-29,28.60420036315918,29.26015732972162,28.5285992793757,28.942186269320725,253544400
2015-04-30,27.828166961669922,28.604197661348078,27.70142268294621,28.604197661348078,332781600
2015-05-01,28.67313003540039,28.93551484929317,27.861522807023945,28.0394086024176,234050400
2015-05-04,28.617544174194336,29.033356962148268,28.519705871146353,28.795431689470476,203953200
2015-05-05,27.972707748413086,28.561956579916988,27.968259627159547,28.49524833280351,197085600
2015-05-06,27.797042846679688,28.18394624917403,27.430150899410055,28.141697581751504,288564000
2015-05-07,27.96897315979004,28.152068713553735,27.69209562693978,27.85956113478025,175763600
2015-05-08,28.495927810668945,28.495927810668945,28.158763487350264,28.286037189013378,222201600
2015-05-11,28.205652236938477,28.48252801753162,28.05158345169496,28.444569584617025,168143200
2015-05-12,28.10517692565918,28.330695903089556,27.870724547028903,28.044888392389844,192640000
2015-05-13,28.13644027709961,28.399919425982123,28.105180183465016,28.167700370734202,138776800
2015-05-14,28.79290008544922,28.79290008544922,28.393217269931714,28.4490391015852,180814000
2015-05-15,28.752716064453125,28.913483246079785,28.627675680320152,28.819702957980056,152832000
2015-05-18,29.069782257080078,29.18812428658893,28.6611659750214,28.665632676256102,203531600
2015-05-19,29.04298973083496,29.223851954649565,28.9469743904439,29.181426809390363,178532800
2015-05-20,29.040752410888672,29.246176365558323,28.87998524513075,29.02735571492461,145819600
2015-05-21,29.337722778320312,29.391312965217566,28.989395081224014,29.04298526812127,158921600
2015-05-22,29.594497680664062,29.69051299277318,29.33995029118235,29.38461047751805,182384000
2015-05-26,28.9425048828125,29.67712216380999,28.83086120910056,29.607903631243715,282790400
2015-05-27,29.482868194580078,29.531991697476517,29.038528428056164,29.103280278003922,183332800
2015-05-28,29.4248046875,29.462763125539038,29.272970935343846,29.44266808312325,122933200
2015-05-29,29.08987808227539,29.351123894449234,29.005027792013937,29.302000400834167,203538000
2015-06-01,29.147932052612305,29.337727681720942,29.038523420832306,29.089878562424854,128451200
2015-06-02,29.01842498779297,29.174725448587594,28.875521222624382,28.996094890353234,134670400
2015-06-03,29.054141998291016,29.237239217254434,29.005018520378577,29.17471904665565,123934000
2015-06-04,28.884450912475586,29.156861744311495,28.783972289246318,28.93357440064891,153800400
2015-06-05,28.72591781616211,28.95813858108162,28.661165980173738,28.915713437081244,142507200
2015-06-08,28.536128997802734,28.85096503401967,28.319539957888548,28.78174308146443,210699200
2015-06-09,28.451269149780273,28.59863959476817,28.04935300658485,28.290502011083298,224301600
2015-06-10,28.77727508544922,28.879985359644007,28.54728768135469,28.5629177278905,156349200
2015-06-11,28.712514877319336,29.067540888725446,28.687953136506042,28.84425357482062,141563600
2015-06-12,28.39545440673828,28.654468573391934,28.382057709686347,28.623208477905795,147544800
2015-06-15,28.33962631225586,28.411078186682165,28.06944885884555,28.15653077756676,175955600
2015-06-16,28.491470336914062,28.54729218385298,28.21682780396123,28.36419659403523,125976400
2015-06-17,28.42447853088379,28.553983890961618,28.299436464414363,28.51825880307548,131672400
2015-06-18,28.553985595703125,28.649999223978433,28.406616831110373,28.408850181595085,141628800
2015-06-19,28.268177032470703,28.54058786108312,28.223520245685513,28.516026117287105,218867600
2015-06-22,28.49370002746582,28.594178657629293,28.37535799972522,28.466904931100128,136157200
2015-06-23,28.36419677734375,28.493703871930418,28.330703328254426,28.46467712461172,121075600
2015-06-24,28.605337142944336,28.982693238319445,28.384283185181467,28.404378225184015,221123600
2015-06-25,28.46913719177246,28.848725006243843,28.46913719177246,28.772808124768485,127752400
2015-06-26,28.30167007446289,28.578545896423,28.248081590368365,28.5070940164479,176267200
2015-06-29,27.805967330932617,28.23914524016295,27.794803988006763,28.013624589078955,196645600
2015-06-30,28.00693130493164,28.16100011566019,27.879657588452865,28.03819139644943,177482800
2015-07-01,28.268177032470703,28.344095614262187,28.131971618164496,28.335163916195704,120955200
2015-07-02,28.23245620727539,28.288278050960418,28.08285237150343,28.230222856534695,108844000
2015-07-06,28.134214401245117,28.18557125645921,27.877433532270224,27.897530285544537,112241600
2015-07-07,28.064992904663086,28.167704900773476,27.636279816424906,28.109649701738,187787200
2015-07-08,27.36833381652832,27.830538620225102,27.361635467764923,27.794813525637824,243046400
2015-07-09,26.810108184814453,27.701024105999807,26.620314305360516,27.654133973679215,314380000
2015-07-10,27.526865005493164,27.654138730411738,27.064660246204934,27.227660765825657,245418000
2015-07-13,28.058286666870117,28.080615059129947,27.759080759237573,27.917614558893636,165762000
2015-07-14,28.047130584716797,28.21682948652353,27.919856834248666,28.143144235318907,127072400
2015-07-15,28.317310333251953,28.39099559017518,28.040434411430258,28.07169451372233,134596800
2015-07-16,28.694650650024414,28.708050750428526,28.435638259261328,28.522720172871473,144889600
2015-07-17,28.9425048828125,28.9425048828125,28.649999002822348,28.821931214325204,184658800
2015-07-20,29.489559173583984,29.690516406826855,29.183653216059472,29.243941748870032,235600800
2015-07-21,29.194826126098633,29.67935935161535,29.098814184187123,29.663731006067156,307025600
2015-07-22,27.960044860839844,28.022565052133587,27.238825903164294,27.238825903164294,461802400
2015-07-23,27.946643829345703,28.377586753004575,27.92431373287769,28.17886115997897,203998000
2015-07-24,27.799278259277344,28.076154127998937,27.665306174640925,27.98237383910819,168649200
2015-07-27,27.41299057006836,27.60055285290327,27.26785513761631,27.484442462684633,177822000
2015-07-28,27.549190521240234,27.667534238662494,27.363863329620226,27.549190521240234,134472400
2015-07-29,27.462108612060547,27.575985628897783,27.301341459713193,27.497835403047585,148046800
2015-07-30,27.32367706298828,27.368333857175575,27.17630657578471,27.312512012667707,134513200
2015-07-31,27.084753036499023,27.383957232446935,26.997671116571073,27.375025535076492,171540000
2015-08-03,26.44615364074707,27.368329760709486,26.240727989009937,27.129412370118644,279904000
2015-08-04,25.59766387939453,26.28092268429403,25.28729457236192,26.218402493459756,496554400
2015-08-05,25.767358779907227,26.22286514738283,25.030509893554626,25.220303787449335,397250400
2015-08-06,25.82343101501465,26.1307199254701,25.596891241758055,26.01184224596239,211612000
2015-08-07,25.910907745361328,26.07464606067443,25.682124507072878,25.700068760225193,154681600
2015-08-10,26.85296058654785,26.913520302057684,26.137449318951404,26.137449318951404,219806400
2015-08-11,25.455585479736328,26.507543892764915,25.419698681217923,26.424552997349956,388331200
2015-08-12,25.848106384277344,25.88848010107389,24.58979420725311,25.2402588839715,404870000
2015-08-13,25.82792091369629,26.108293477433204,25.691098965692007,26.027546042176308,194143200
2015-08-14,26.00960350036621,26.08810748113109,25.57222295663443,25.641754809417833,171718000
2015-08-17,26.278766632080078,26.38867222366194,25.906430958800488,26.02755214006281,163538800
2015-08-18,26.130720138549805,26.341560831476333,26.020814584501316,26.115019345114305,138242800
2015-08-19,25.796524047851562,26.135212934767477,25.72250526676717,26.041008146801143,193146000
2015-08-20,25.267179489135742,25.64848554719514,25.038394485293242,25.587925817506584,274006400
2015-08-21,23.72176170349121,25.098951562027775,23.697088781656007,24.769233162283008,513102000
2015-08-24,23.12961769104004,24.40363080241053,20.635422526171478,21.279158605812704,648825200
2015-08-25,23.268686294555664,24.921764041148936,23.21485522535948,24.921764041148936,414406400
2015-08-26,24.603256225585938,24.64811515577482,23.562513301625625,24.020079865579447,387098400
2015-08-27,25.32773208618164,25.39950738435373,24.677267483914413,25.172967615557567,338464400
2015-08-28,25.41072654724121,25.415211755332983,25.018204955765285,25.15951211264362,212657600
2015-08-31,25.291851043701172,25.688857877651053,25.12138403005911,25.12811269840866,224917200
2015-09-01,24.1613826751709,25.094461536427897,24.080635252116398,24.70642692515973,307383600
2015-09-02,25.1976375579834,25.1976375579834,24.477641153063455,24.72437033244307,247555200
2015-09-03,24.755773544311523,25.296330892720444,24.681754785631632,25.231284260358553,212935600
2015-09-04,24.509044647216797,24.773716387417842,24.338579378873042,24.441756265899464,199985200
2015-09-08,25.190914154052734,25.246988668124622,24.74456150119284,25.06530779013438,219374400
2015-09-09,24.706432342529297,25.574464763811182,24.621197982139098,25.516148498685553,340043200
2015-09-10,25.249231338500977,25.408482748135636,24.650355957637192,24.733345140663832,251571200
2015-09-11,25.617080688476562,25.617080688476562,25.067551137537496,25.07427980539464,199662000
2015-09-14,25.863801956176758,26.218193208574714,25.762868540196884,26.148661375844487,233453600
2015-09-15,26.081375122070312,26.137449630575368,25.66418064189204,26.002871152414873,173364800
2015-09-16,26.110538482666016,26.139696614967626,25.892969086526172,26.074649970979333,148694000
2015-09-17,25.552038192749023,26.128484219899708,25.507179258917766,25.94231810436722,256450400
2015-09-18,25.446609497070312,25.637264181672517,25.092219928636705,25.168480433471128,297141200
2015-09-21,25.841373443603516,25.87726194649189,25.493712555976934,25.495954303963952,200888000
2015-09-22,25.435392379760742,25.610344537963517,25.238009053576807,25.430905461661368,201384800
2015-09-23,25.64175033569336,25.731469888596294,25.412967101486103,25.486984149717248,143026800
2015-09-24,25.794275283813477,25.90642430678658,25.20437203902794,25.401753703407618,200878000
2015-09-25,25.729225158691406,26.173335982439163,25.574458980357516,26.117261478551004,224607600
2015-09-28,25.22007179260254,25.697825994691254,25.22007179260254,25.536331134475855,208436000
2015-09-29,24.46194839477539,25.46007589130481,24.192791379564408,25.307553126349635,293461600
2015-09-30,24.740076065063477,25.018205173145,24.38792818838707,24.710916222809423,265892000
2015-10-01,24.578569412231445,24.58754153545113,24.069412114873824,24.46417698025236,255716400
2015-10-02,24.75801658630371,24.899325444124337,24.123254445270266,24.22643133643209,232079200
2015-10-05,24.84773826599121,24.980075008332264,24.46418879718582,24.645869674183544,208258800
2015-10-06,24.966615676879883,25.06306390790795,24.621196470669094,24.814092932725227,192787200
2015-10-07,24.84773826599121,25.069792861350468,24.540451025761318,25.063064193499937,187062400
2015-10-08,24.560644149780273,24.715410400244735,24.271299369513994,24.715410400244735,247918400
2015-10-09,25.148290634155273,25.184177421815445,24.55838583980998,24.672778291038803,211064400
2015-10-12,25.031665802001953,25.289608940543022,24.995778998459635,25.285123731822196,121868800
2015-10-13,25.07427978515625,25.222315611668947,24.82530880709283,24.856710397906387,132197200
2015-10-14,24.719884872436523,25.013714734523628,24.57409081545337,24.962127147615472,177849600
2015-10-15,25.089981079101562,25.143812134243223,24.782692121453554,24.881383815261927,150694000
2015-10-16,24.90605926513672,25.12138521880401,24.79166676400584,25.072039366894277,156930400
2015-10-19,25.060819625854492,25.0653048334975,24.697456201477024,24.852222389662305,119036800
2015-10-20,25.518388748168945,25.608108311660388,24.85671017602895,24.973344410686988,195871200
2015-10-21,25.51614761352539,25.924370011535668,25.502688566360003,25.569978668411807,167180800
2015-10-22,25.906423568725586,25.906423568725586,25.592405971095445,25.643995273146963,166616400
2015-10-23,26.709402084350586,26.743047121353943,26.092582680567126,26.175571832416722,237467600
2015-10-26,25.857078552246094,26.496327643150536,25.77633111852571,26.485113767569437,265335200
2015-10-27,25.693342208862305,26.13969484741818,25.56773413771088,25.883995208345304,279537600
2015-10-28,26.752031326293945,26.75876170617066,26.032034692755182,26.227174638974653,342205600
2015-10-29,27.034643173217773,27.070531681932156,26.527729110805993,26.624177338903035,204909200
2015-10-30,26.803617477416992,27.18941040444977,26.792401890203436,27.1378210990291,197461200
2015-11-02,27.180437088012695,27.22081080445379,26.828289226765772,27.095204447196274,128813200
2015-11-03,27.492210388183594,27.698564171983563,27.072772442001682,27.092960155231147,182076000
2015-11-04,27.364360809326172,27.77258317262153,27.279128170399268,27.617816977818606,179544400
2015-11-05,27.23822021484375,27.636928177832182,27.071529633657114,27.44771040253675,158210800
2015-11-06,27.26975440979004,27.438698042862917,27.170641980357402,27.281018006094968,132169200
2015-11-09,27.159378051757812,27.43869770715078,27.04224455710382,27.247228602394177,135485600
2015-11-10,26.30339241027832,26.596228681477918,26.143459336143636,26.33267706854822,236511600
2015-11-11,26.154720306396484,26.449807892021965,25.951987655798305,26.21328789847664,180872000
2015-11-12,26.066869735717773,26.314653322236378,26.0511017361734,26.18850932588139,130102400
2015-11-13,25.305500030517578,26.03308461937239,25.289732028583675,25.94973848424558,183249600
2015-11-16,25.71997833251953,25.733493272989936,25.00365727166892,25.089254758953953,152426800
2015-11-17,25.60959243774414,25.915943573272852,25.526246326939937,25.886658922096416,110467600
2015-11-18,26.420530319213867,26.46558126467842,26.017317998547494,26.07588560251814,186698800
2015-11-19,26.756166458129883,26.974667168623625,26.30114568878998,26.499372269334888,173183200
2015-11-20,26.87330436706543,27.012963353352678,26.77193714433235,26.85077717184672,137148400
2015-11-23,26.52414894104004,26.9701608641234,26.431792268427206,26.866540595821984,129930000
2015-11-24,26.778690338134766,26.884561951850607,26.382237200649325,26.42954120960213,171212800
2015-11-25,26.587223052978516,26.857533903611337,26.562444515372583,26.853027777546504,85553200
2015-11-27,26.53766441345215,26.672820690093285,26.490360404061132,26.645789091048368,52185600
2015-11-30,26.64803695678711,26.898073613791787,26.52414430022331,26.5782057691861,156721200
2015-12-01,26.431791305541992,26.762921071156022,26.32366835263742,26.749406131688787,139409600
2015-12-02,26.19301986694336,26.60524273261725,26.14796892014572,26.431792978421072,133546400
2015-12-03,25.949739456176758,26.307900825780568,25.72898742083399,26.253839348351395,166278000
2015-12-04,26.812480926513672,26.862038001153735,25.92946927218527,25.97001581338318,231108000
2015-12-07,26.64353370666504,26.9994419961202,26.53766210119315,26.80121544281288,128336800
2015-12-08,26.63227081298828,26.71561522541016,26.323666540590864,26.4723360202465,137238000
2015-12-09,26.044347763061523,26.51063206197819,25.922708156572398,26.499368467113474,185445600
2015-12-10,26.168243408203125,26.341693176169983,26.019573897100837,26.138960462318146,116850800
2015-12-11,25.494718551635742,25.9925388777188,25.4203829465679,25.94748793326861,187544800
2015-12-14,25.3370361328125,25.382087073004815,24.73109119130159,25.26945800394082,257274800
2015-12-15,24.888771057128906,25.409118521842476,24.85723505545938,25.215396386682134,213292400
2015-12-16,25.080245971679688,25.22666413844104,24.508091683212673,25.01942701674562,224954000
2015-12-17,24.54863929748535,25.28523285246727,24.54863929748535,25.2334227104903,179091200
2015-12-18,23.88412094116211,24.670271389359083,23.834563874077595,24.53286550142011,385813200
2015-12-21,24.176959991455078,24.185970524556982,23.78050512788861,24.16569639543183,190362400
2015-12-22,24.154438018798828,24.264814057773368,23.97873517572152,24.192731501094364,131157600
2015-12-23,24.465293884277344,24.519355372498723,24.147678988986335,24.16344699465856,130629600
2015-12-24,24.33464241027832,24.553143133318848,24.316621342307553,24.553143133318848,54281600
2015-12-28,24.062076568603516,24.2580517863807,23.917911483773185,24.23552459552697,106816800
2015-12-29,24.494571685791016,24.65000036517696,24.071086966298672,24.09361243844276,123724800
2015-12-30,24.17470359802246,24.485559213586477,24.143167595802193,24.458529336588093,100855200
2015-12-31,23.710674285888672,24.10938047094601,23.611560146030712,24.104876063944907,163649200
2016-01-04,23.730947494506836,23.735453620243067,22.976332980529655,23.113740599566555,270597600
2016-01-05,23.136266708374023,23.843577233061005,23.068690287724074,23.821051759511022,223164000
2016-01-06,22.68349838256836,23.059680854996756,22.49653539645649,22.65196237437679,273829600
2016-01-07,21.726146697998047,22.555096713640157,21.721642291419773,22.2284731013443,324377600
2016-01-08,21.841032028198242,22.325337438994353,21.7959810814847,22.199193413329677,283192000
2016-01-11,22.194690704345703,22.31407727824107,21.92663288995773,22.293804864674108,198957600
2016-01-12,22.51680564880371,22.6812448631054,22.26451588888082,22.64970885793796,196616800
2016-01-13,21.93788719177246,22.793868697063594,21.91761478679566,22.597893522706244,249758400
2016-01-14,22.417692184448242,22.63394153867265,21.566216582054608,22.0662899913546,252680400
2016-01-15,21.879322052001953,22.00997218287025,21.480615908897953,21.66983191753492,319335600
2016-01-19,21.773460388183594,22.221723765152003,21.512160027846576,22.167662273510626,212350800
2016-01-20,21.80274200439453,22.118103837081524,21.04362123011172,21.422055085619366,289337600
2016-01-21,21.692359924316406,22.048266485215724,21.386008711417897,21.863554876137204,208646000
2016-01-22,22.845684051513672,22.85469458488389,22.158647638223634,22.217213527254792,263202000
2016-01-25,22.399667739868164,22.870456380223203,22.34785761669965,22.868203317846383,207178000
2016-01-26,22.5235595703125,22.724039165257587,22.09106438022309,22.51004463267943,300308000
2016-01-27,21.043615341186523,21.76669377517496,21.02559427725693,21.633792295506485,533478800
2016-01-28,21.194541931152344,21.29140302003716,20.811603701747394,21.126965506389833,222715200
2016-01-29,21.926620483398438,21.926620483398438,21.253099311510674,21.35221341575816,257666000
2016-02-01,21.721643447875977,21.78471545482899,21.48962782862026,21.73065398009545,163774000
2016-02-02,21.282390594482422,21.63379275566783,21.237337933700136,21.49413208511767,149428800
2016-02-03,21.70362091064453,21.81399691532227,21.192285701617187,21.399522772852215,183857200
2016-02-04,21.878013610839844,22.04334511840949,21.558677038559985,21.710418542607215,185886800
2016-02-05,21.2936954498291,21.950489233076475,21.218958199443556,21.859896689195967,185672400
2016-02-08,21.517906188964844,21.67417651105632,21.071739464345107,21.092121873697167,216085600
2016-02-09,21.513378143310547,21.72853561437277,21.27330941163505,21.354842514451022,177324800
2016-02-10,21.350311279296875,21.821391030393816,21.311810017462367,21.724004367695013,169374400
2016-02-11,21.221214294433594,21.452225286451963,20.96982089436514,21.24159843039213,200298800
2016-02-12,21.28689956665039,21.402405093828406,21.06494966663968,21.332196698832412,161405600
2016-02-16,21.887067794799805,21.934628475964203,21.427312815635442,21.520168889934943,196231600
2016-02-17,22.22226905822754,22.242651475460303,21.776102161100884,21.893871270233927,179452800
2016-02-18,21.801002502441406,22.396645297275697,21.76249952350119,22.385320586780065,156084000
2016-02-19,21.751182556152344,21.914248756098978,21.696827732139703,21.74212313083212,141496800
2016-02-22,21.941429138183594,21.945959715589726,21.724008076232284,21.812335328652846,137123200
2016-02-23,21.445432662963867,21.855361692028687,21.413725540710708,21.832713994406227,127770400
2016-02-24,21.764774322509766,21.828188582017955,21.135158848951324,21.2846367988569,145022800
2016-02-25,21.91425323486328,21.91425323486328,21.572267202742797,21.753452290359903,110330800
2016-02-26,21.948219299316406,22.199610986924736,21.873480342723052,22.013897103452752,115964400
2016-02-29,21.898399353027344,22.24717951851221,21.889339925986423,21.93690062201949,140865200
2016-03-01,22.76807975769043,22.822434582820552,22.06372540771771,22.11581667240276,201628400
2016-03-02,22.81791114807129,22.8496182809128,22.566517646321344,22.76355631004429,132678400
2016-03-03,22.987770080566406,23.035330776832286,22.74996487132797,22.779408441332347,147822800
2016-03-04,23.32975196838379,23.497347019940484,22.958324163361524,23.18480461656577,184220400
2016-03-07,23.071569442749023,23.28899051809232,22.86547135580049,23.18933854392739,143315600
2016-03-08,22.881317138671875,23.04664860976079,22.738635092486373,22.82469703223038,126247600
2016-03-09,22.90170669555664,23.005887508716018,22.70919690576823,22.944736811658146,108806800
2016-03-10,22.91303062438965,23.155364678153827,22.682021286222742,22.967387185765745,134054400
2016-03-11,23.159893035888672,23.16442188494813,22.987767397179063,23.15536245892038,109632800
2016-03-14,23.218780517578125,23.307109503844107,23.051185428376535,23.080628999768237,100304400
2016-03-15,23.68532371520996,23.821211627233023,23.51999224151106,23.544905226971284,160270800
2016-03-16,24.000133514404297,24.077136037852313,23.687589388175116,23.692119964794824,153214000
2016-03-17,23.961637496948242,24.113379016653425,23.771392979183542,23.898221505753956,137682800
2016-03-18,23.988811492919922,24.120170583094062,23.823481713829104,24.08393287770441,176820800
2016-03-21,23.986543655395508,24.38061912774425,23.812152753142776,23.991072503807256,142010800
2016-03-22,24.169992446899414,24.299086226519456,23.828006504151766,23.837065928955983,129777600
2016-03-23,24.0363712310791,24.249263422019336,23.98428169153553,24.115640776494775,102814000
2016-03-24,23.93219566345215,24.06355477716926,23.755541137788754,23.886900251505864,104532000
2016-03-28,23.823482513427734,24.049962995987833,23.79403894483319,24.00693115137055,77645600
2016-03-29,24.387418746948242,24.412331738585134,23.753272696405663,23.7555379850751,124760400
2016-03-30,24.813203811645508,25.007977186036836,24.595782732119893,24.60710744864161,182404400
2016-03-31,24.68410873413086,24.89020681454409,24.65919574137961,24.849440256215598,103553600
2016-04-01,24.91058921813965,24.91285450690936,24.505188923814494,24.636548025912735,103496000
2016-04-04,25.166507720947266,25.4088417284672,24.973997959984032,25.007970372383937,149424800
2016-04-05,24.869821548461914,25.078184908237542,24.781494297389987,24.801878439588343,106314800
2016-04-06,25.130273818969727,25.134804396192514,24.73166769090215,24.964944036425578,105616400
2016-04-07,24.582197189331055,25.007979968114043,24.487075780439536,24.901533841440962,127207600
2016-04-08,24.609371185302734,24.860762942718786,24.49839449969899,24.665991308521736,94326800
2016-04-11,24.690898895263672,25.051003723810304,24.647868783004864,24.67957590905189,117630000
2016-04-12,25.012502670288086,25.026090945019725,24.609367726100686,24.76337278081606,108929200
2016-04-13,25.374874114990234,25.44281722473084,25.094038793329254,25.094038793329254,133029200
2016-04-14,25.388460159301758,25.454139702479686,25.214070958932584,25.279750502110513,101895600
2016-04-15,24.87887954711914,25.433757741234675,24.8517029962933,25.390725898548595,187756000
2016-04-18,24.342119216918945,24.675044022744533,24.21981956812419,24.66145574884801,243286000
2016-04-19,24.213029861450195,24.459892764585337,24.059023060112374,24.432714483910782,129539600
2016-04-20,24.262849807739258,24.48027083078875,24.020515797140575,24.151874871871108,122444000
2016-04-21,24.000133514404297,24.217554538615328,23.89821627536529,24.217554538615328,126210000
2016-04-22,23.9344539642334,24.115639014935994,23.694385240774857,23.78271247781748,134732400
2016-04-25,23.798561096191406,23.927654856428436,23.66946733595438,23.78044224930346,112126400
2016-04-26,23.63323974609375,23.848397257080617,23.533589501423272,23.533589501423272,224064800
2016-04-27,22.154321670532227,22.355889170290585,21.669653555617863,21.74212724398144,458408400
2016-04-28,21.477148056030273,22.167912603024718,21.34578894016183,22.106763623104847,328970800
2016-04-29,21.23027992248535,21.452231555372222,20.95170989694444,21.286900043048345,274126000
2016-05-02,21.20763397216797,21.30728594552366,20.92679863478541,21.282372952184737,192640400
2016-05-03,21.556413650512695,21.683242175177742,21.21669290695213,21.334462004439807,227325200
2016-05-04,21.332199096679688,21.719480548846576,21.248400688655266,21.560943160252464,164102000
2016-05-05,21.245607376098633,21.434731072238087,21.11800668397035,21.41878098572205,143562000
2016-05-06,21.127124786376953,21.293461182259097,20.928886473720148,21.275233750654156,174799600
2016-05-09,21.14307403564453,21.3663752751912,21.0975011123692,21.190924301261674,131745600
2016-05-10,21.28662109375,21.320800345595995,20.988125887048184,21.266114585699782,134747200
2016-05-11,21.07927131652832,21.32080169828695,21.067877652380467,21.300295188935703,114876400
2016-05-12,20.58481216430664,21.140789516231006,20.386575648952064,21.127118511980022,305258800
2016-05-13,20.62583351135254,20.88787218667541,20.507347380286475,20.507347380286475,177571200
2016-05-16,21.391437530517578,21.507646298698038,20.88331209704313,21.051927548030122,245039200
2016-05-17,21.30257225036621,21.57828188250692,21.19320072507569,21.54410436737179,187667600
2016-05-18,21.54637908935547,21.694488011170616,21.39371374555272,21.455236742172765,168249600
2016-05-19,21.4643497467041,21.56460841546963,21.32079898423161,21.56460841546963,121768400
2016-05-20,21.6967716217041,21.744621885494894,21.53726900397226,21.564612756893798,128104000
2016-05-23,21.972484588623047,22.14565823969425,21.799310937551844,21.844883865954507,152074400
2016-05-24,22.307432174682617,22.350724271888282,22.065900065721316,22.15248773699063,140560800
2016-05-25,22.69934844970703,22.726690458361976,22.355280353892073,22.482881030092024,152675200
2016-05-26,22.879362106323242,22.95227704133742,22.476050013878265,22.713023987281645,225324800
2016-05-27,22.86568832397461,22.893032075275944,22.615043354880893,22.658337193167394,145364800
2016-05-31,22.754043579101562,22.877087884024093,22.51706955537257,22.69479963856193,169228800
2016-06-01,22.43503761291504,22.681126196370553,22.405416515036443,22.56263832799744,116693200
2016-06-02,22.266414642333984,22.293756650121292,22.018047061550345,22.239070896117898,160766400
2016-06-03,22.31198501586914,22.391735433109687,22.204890853390957,22.28236392901657,114019600
2016-06-06,22.473773956298828,23.21659615184701,22.227687104041692,22.327944066654076,93170000
2016-06-07,22.564916610717773,22.75631941500039,22.548966521896663,22.61504595799249,89638000
2016-06-08,22.544408798217773,22.685680508647046,22.485164869544324,22.562636228369513,83392400
2016-06-09,22.706186294555664,22.783657644976127,22.435033091226014,22.44414767452766,106405600
2016-06-10,22.51934814453125,22.63783428459242,22.439597690794933,22.450989619368972,126851600
2016-06-13,22.179828643798828,22.585419753465544,22.12514288569783,22.487440161885598,152082000
2016-06-14,22.207176208496094,22.43959376261823,22.045396248257337,22.17527603258587,127727600
2016-06-15,22.134260177612305,22.423642565608542,22.109195506575492,22.289204626553907,117780800
2016-06-16,22.22768211364746,22.273253292019113,21.890449483038555,21.977035417316305,125307200
2016-06-17,21.721832275390625,22.02260654816734,21.714996773032112,22.015771045808826,244032800
2016-06-20,21.66942596435547,22.004379519882672,21.653475877826985,21.874499747171008,137647600
2016-06-21,21.85399627685547,21.95425323250543,21.573728444965415,21.632972376778547,142185600
2016-06-22,21.77195930480957,22.077289967345976,21.726386396531133,21.931460137712364,116876400
2016-06-23,21.89728546142578,21.940579298719243,21.70360534149718,21.86082886562265,128960800
2016-06-24,21.28206443786621,21.569167716421042,21.111169918940778,21.17041383892837,301245600
2016-06-27,20.97218132019043,21.202319822190724,20.84913702422283,21.190926155767468,181958400
2016-06-28,21.32536506652832,21.34131689690243,20.994969559780152,21.168143228341293,161779600
2016-06-29,21.509923934936523,21.544103186627478,21.334471254189793,21.411944340584558,146124000
2016-06-30,21.783353805541992,21.822089478340487,21.487137689611927,21.51903785996703,143345600
2016-07-01,21.84943962097168,21.98159850165106,21.721838902207814,21.758295505384886,104106000
2016-07-05,21.644359588623047,21.737782758376927,21.5235944089345,21.735503678072735,110820800
2016-07-06,21.767406463623047,21.79702929584953,21.503090484737402,21.555497169027284,123796400
2016-07-07,21.860822677612305,21.98842333444771,21.787907768216563,21.806135191744072,100558400
2016-07-08,22.02944564819336,22.07729591094634,21.88589485993442,21.986151808280546,115648400
2016-07-11,22.097803115844727,22.250468481000865,22.04083827167341,22.04539469429832,95179600
2016-07-12,22.198060989379883,22.261861339375837,22.12970421656814,22.141096142822185,96670000
2016-07-13,22.072736740112305,22.255023184320574,22.065899499059526,22.195781002628085,103568800
2016-07-14,22.510231018066406,22.555802204078333,22.175277411747874,22.191227500694982,155676000
2016-07-15,22.507949829101562,22.626437683121686,22.444149479288797,22.539850004007945,120548000
2016-07-18,22.747201919555664,22.81555868928696,22.466934122213043,22.489719712123474,145975600
2016-07-19,22.756319046020508,22.785940142371054,22.635552102985354,22.685681449447255,95119600
2016-07-20,22.776824951171875,22.890754648849864,22.726695606044885,22.78593953559762,105104000
2016-07-21,22.65606117248535,23.01380037612155,22.587702654214247,22.747205284037047,130808000
2016-07-22,22.48060417175293,22.626434015811363,22.400852008984117,22.617319433254103,113254800
2016-07-25,22.179828643798828,22.521617674180654,22.084128132514852,22.387181490009677,161531600
2016-07-26,22.02716636657715,22.32338426293091,21.970201520234436,22.061345622068604,224959200
2016-07-27,23.4581241607666,23.777127663368365,23.412552976864593,23.75889849443587,369379200
2016-07-28,23.774850845336914,23.799915520397235,23.42850529480335,23.430784375744125,159479200
2016-07-29,23.74521827697754,23.82269134567683,23.62445312189166,23.740661855726316,110934800
2016-08-01,24.16448402404785,24.187269610665414,23.790794840547626,23.790794840547626,152671600
2016-08-02,23.806751251220703,24.169046868471003,23.697377972592157,24.16449044530824,135266400
2016-08-03,24.105243682861328,24.116635608645094,23.872826144980184,23.88194072866465,120810400
2016-08-04,24.2541561126709,24.283937671156025,24.118989890337996,24.187718714961047,109634800
2016-08-05,24.622997283935547,24.661942802371318,24.325174706593064,24.34579230534849,162213600
2016-08-08,24.826892852783203,24.826892852783203,24.54968959670858,24.632161747114207,112148800
2016-08-09,24.927690505981445,24.957473812255955,24.744416553749847,24.794817458663687,105260800
2016-08-10,24.74211883544922,24.948303508647196,24.687136838545147,24.904775147681466,96034000
2016-08-11,24.726083755493164,24.95517746146536,24.707755839532282,24.86124820305055,109938000
2016-08-12,24.78335952758789,24.84292438617509,24.691721686956768,24.691721686956768,74641600
2016-08-15,25.081178665161133,25.09492372764215,24.760447140449838,24.774192202930855,103472800
2016-08-16,25.058269500732422,25.253000553520927,25.019323989313243,25.115542928529912,135177600
2016-08-17,25.02161979675293,25.055984209017407,24.820016176986197,24.994127917372026,101424000
2016-08-18,24.989543914794922,25.10867188261051,24.975797102774592,25.023908323076128,87938800
2016-08-19,25.053693771362305,25.129295131759978,24.824600011015427,24.91852754387737,101472400
2016-08-22,24.85896110534668,24.99412556693711,24.70775840474066,24.9391435611924,103280800
2016-08-23,24.936847686767578,25.04452200020411,24.863537776234683,24.877282838257685,85030800
2016-08-24,24.74899673461914,24.913944508954565,24.668814274274574,24.87270756537071,94700400
2016-08-25,24.643617630004883,24.714636141875225,24.439724307408834,24.602380680050242,100344800
2016-08-26,24.499290466308594,24.73067393580035,24.354960259960663,24.606964827283427,111065200
2016-08-29,24.4717960357666,24.613834800036564,24.350376619335105,24.425977981664925,99881200
2016-08-30,24.2839412689209,24.398488161698825,24.169394376142968,24.238123210948476,99455600
2016-08-31,24.306848526000977,24.41452287701855,24.20146560206905,24.20604845624034,118649600
2016-09-01,24.451175689697266,24.46721218161649,24.196881497944915,24.316009473938212,106806000
2016-09-02,24.68027114868164,24.742125693863773,24.471794991368803,24.673396867797713,107210000
2016-09-06,24.67339515686035,24.81085279946069,24.629868534693674,24.719214953675976,107521600
2016-09-07,24.824596405029297,24.9162342454262,24.52906528736866,24.703177009338134,169457200
2016-09-08,24.17396354675293,24.574877473521877,24.10981759812526,24.570296369125334,212008000
2016-09-09,23.626434326171875,24.21978796010266,23.626434326171875,23.972366327084888,186228000
2016-09-12,24.155643463134766,24.219789427912858,23.488979869520065,23.516471746359155,181171200
2016-09-13,24.730667114257812,24.92310675369148,24.568010777936287,24.629867062979635,248704800
2016-09-14,25.605806350708008,25.894464950249958,24.879579620064657,24.909362924653756,443554800
2016-09-15,26.476356506347656,26.513012334084227,25.999841232848645,26.08460652360491,359934400
2016-09-16,26.32744789123535,26.60465106172326,26.125846062111304,26.373267680476893,319547600
2016-09-19,26.02047348022461,26.616116993641025,25.94487210890084,26.38931462751665,188092000
2016-09-20,26.018173217773438,26.14417546052585,25.775334438482975,25.8990452546818,138057200
2016-09-21,26.013593673706055,26.114393726111114,25.759299494232636,26.082320743821352,144012800
2016-09-22,26.258726119995117,26.332036049706506,26.116687366496414,26.196869829017217,124296000
2016-09-23,25.82115936279297,26.297674837824704,25.555411490694333,26.21290951121863,209924800
2016-09-26,25.860107421875,25.976945748852422,25.555413997333293,25.576031600292673,119477600
2016-09-27,25.908206939697266,25.92882628256868,25.736386656436167,25.88758934467216,98429600
2016-09-28,26.105234146118164,26.263309405238047,25.986106155894436,26.04567102492967,118564400
2016-09-29,25.699737548828125,26.07087006177409,25.61268255100721,25.92425019815642,143548000
2016-09-30,25.899051666259766,25.972361603506254,25.612684450789608,25.76388543167753,145516400
2016-10-03,25.777624130249023,25.899045267802105,25.722642127859363,25.821152495557605,86807200
2016-10-04,25.887592315673828,26.187704552234916,25.802827003645554,25.90133738060136,118947200
2016-10-05,25.899051666259766,26.038799007236946,25.816577768376618,25.979234137022054,85812400
2016-10-06,26.091487884521484,26.194579376189363,25.917376139540035,26.047959511314456,115117200
2016-10-07,26.13043212890625,26.244979001991542,26.004431617220373,26.187705565448898,97433600
2016-10-10,26.586334228515625,26.746699177550635,26.281639077502252,26.350366163725745,144944000
2016-10-11,26.643604278564453,27.19113821057531,26.620693504896412,26.96433413575745,256164000
2016-10-12,26.881858825683594,27.028480428464434,26.74669435697869,26.88415025249878,150347200
2016-10-13,26.79938316345215,26.904766061091546,26.51072459731605,26.75585479891876,140769600
2016-10-14,26.948299407958984,27.072010252913373,26.833752523502707,27.00557285018712,142608800
2016-10-17,26.929977416992188,26.996413082189044,26.753574208740204,26.87957650034876,94499600
2016-10-18,26.91164207458496,27.081170953777765,26.907059220964147,27.07429842119308,98214000
2016-10-19,26.831464767456055,26.97808465024159,26.070873470063514,26.861246330324505,80138400
2016-10-20,26.817712783813477,26.89102271107884,26.650475331542438,26.77189473471508,96503200
2016-10-21,26.712331771850586,26.783352025203126,26.639021839372905,26.76044125117844,92770800
2016-10-24,26.952882766723633,26.97350036734531,26.803971464573312,26.826880492324104,94154800
2016-10-25,27.090335845947266,27.115536298189827,26.874987162364132,27.021607022040897,192516000
2016-10-26,26.480947494506836,26.506147948519903,25.95861398923006,26.187707754551223,264536800
2016-10-27,26.226652145385742,26.542800877615743,26.139595405493818,26.435126540073536,138248000
2016-10-28,26.052539825439453,26.39388900121319,25.990683538191657,26.08690423526084,151446800
2016-10-31,26.011301040649414,26.16937626592226,25.933408267382227,26.036501489543532,105677600
2016-11-01,25.541658401489258,26.063991804417213,25.32172863961677,25.99297331039435,175303200
2016-11-02,25.564573287963867,25.738685044826394,25.482101137709808,25.52104665963332,113326800
2016-11-03,25.29054832458496,25.665887700158493,25.22607302147493,25.55535911106137,107730400
2016-11-04,25.062580108642578,25.387261576155574,24.89448403168557,24.99119698748168,123348000
2016-11-07,25.424108505249023,25.447135151133345,25.2053509772968,25.348118992692342,130240000
2016-11-08,25.57377815246582,25.725757151256047,25.26061090358308,25.4010757030152,97016800
2016-11-09,25.532329559326172,25.633648892110934,24.880666983590114,25.302059626139112,236705600
2016-11-10,24.820796966552734,25.580686712107354,24.36946809636885,25.580686712107354,228538000
2016-11-11,24.96817398071289,25.069493334010403,24.53526705113169,24.666520869348684,136575600
2016-11-14,24.341840744018555,24.82540737785127,23.966501287964054,24.80238072992031,204702000
2016-11-15,24.66421890258789,24.7954727273236,24.445463113635245,24.539872896498174,129058000
2016-11-16,25.327396392822266,25.382662456827013,24.546781246166884,24.569807894425203,235362000
2016-11-17,25.318185806274414,25.410294157671302,25.060284530547943,25.285948146808604,110528000
2016-11-18,25.343505859375,25.454036189729493,25.251399300369588,25.265214932856402,113715600
2016-11-21,25.728065490722656,25.787934420268233,25.332000846304773,25.357330684505023,117058400
2016-11-22,25.744178771972656,25.886945003626835,25.652070448983423,25.778717855876,103862000
2016-11-23,25.61292839050293,25.67740369812785,25.405685075408282,25.64286285280868,109705600
2016-11-25,25.74187660217285,25.760298618865686,25.54844894053852,25.58989759968729,45903600
2016-11-28,25.69121742248535,25.898460722164202,25.64976876254958,25.658979771070893,108776000
2016-11-29,25.665889739990234,25.7971435479873,25.345814633526857,25.50930609564107,114115200
2016-11-30,25.449438095092773,25.83629174207929,25.391870598557997,25.698130101759943,144649200
2016-12-01,25.212251663208008,25.546144082949098,25.106327716648067,25.414890306035694,148347600
2016-12-02,25.30666732788086,25.350417422829416,25.064883182701955,25.13856949489034,106112000
2016-12-05,25.124757766723633,25.33660572760053,24.926725442523757,25.32969790926202,137298000
2016-12-06,25.318185806274414,25.41259734958191,25.143181871123073,25.214565008965838,104782000
2016-12-07,25.566871643066406,25.60371567744042,25.136267971446728,25.159294614520356,119994800
2016-12-08,25.8178653717041,25.88924848834048,25.467854091740875,25.52772476588567,108273200
2016-12-09,26.239261627197266,26.411964099750527,25.86161902775977,25.86161902775977,137610400
2016-12-12,26.08958625793457,26.481044473510515,25.903066402222468,26.08728306650545,105497600
2016-12-13,26.52480697631836,26.692903124908685,26.19321755020339,26.213941010925065,174935200
2016-12-14,26.52480697631836,26.757378456248592,26.47645047781343,26.490266118294546,136127200
2016-12-15,26.66986846923828,26.8794149900372,26.534010027083767,26.568549117922718,186098000
2016-12-16,26.704404830932617,26.82644761625008,26.63071852148697,26.819539799242705,177404400
2016-12-19,26.85869026184082,27.029089554719874,26.653750120681007,26.665264322381432,111117600
2016-12-20,26.93007469177246,27.05672388930169,26.86790256732577,26.88171820457601,85700000
2016-12-21,26.955398559570312,27.033691252558103,26.89092325759226,26.895529640202245,95132800
2016-12-22,26.778095245361328,26.82875492027494,26.628419412249425,26.791910881493962,104343600
2016-12-23,26.831056594848633,26.831056594848633,26.61690544877681,26.61690544877681,56998000
2016-12-27,27.0014591217041,27.125805125291535,26.824150248195497,26.831058066702482,73187600
2016-12-28,26.886314392089844,27.176453205238985,26.757362051648062,27.061318253628073,83623600
2016-12-29,26.879409790039062,26.96691173127073,26.803420291253055,26.81493273369872,60158000
2016-12-30,26.66986846923828,26.987640402700062,26.580063319416027,26.8609929703761,122345200
2017-01-03,26.74585723876953,26.78730590344384,26.42578212254811,26.665263101019615,115127600
2017-01-04,26.715919494628906,26.82875303786345,26.653747379573833,26.67677402378607,84472400
2017-01-05,26.851778030395508,26.909345515795238,26.66756137438828,26.69289120850978,88774400
2017-01-06,27.151132583618164,27.208700075222662,26.819543269793733,26.890926397200776,127007600
2017-01-09,27.399826049804688,27.50114540918331,27.158043610588383,27.160345045613802,134247600
2017-01-10,27.427453994750977,27.489626108498722,27.24093589668743,27.349161297891264,97848400
2017-01-11,27.5748233795166,27.61627203608012,27.310012615739687,27.3422502645313,110354400
2017-01-12,27.459693908691406,27.471208109913796,27.22021292919338,27.379099770596024,108344800
2017-01-13,27.41133689880371,27.54489390040559,27.358374033747648,27.427455726112875,104447600
2017-01-17,27.63239288330078,27.687657177157718,27.222512669956387,27.250143938474743,137759200
2017-01-18,27.630098342895508,27.74753654132879,27.565623020405322,27.632401534933237,94852000
2017-01-19,27.58173942565918,27.653122561164782,27.487329642263447,27.494237460948423,102389200
2017-01-20,27.63239288330078,27.736013653885067,27.570220772314254,27.736013653885067,130391600
2017-01-23,27.65081787109375,27.818913962042,27.57943298717096,27.632395852222036,88200800
2017-01-24,27.625484466552734,27.655418925737962,27.517257315684336,27.528771515197217,92844000
2017-01-25,28.065305709838867,28.115965388659937,27.69687407771373,27.729111735723393,129510400
2017-01-26,28.079118728637695,28.194253705538035,28.00082603079889,28.016944857292128,105350400
2017-01-27,28.0814151763916,28.17352349291877,28.000821058237836,28.12516702202651,82251600
2017-01-30,28.007732391357422,28.007732391357422,27.784372023519055,27.8465441348101,121510000
2017-01-31,27.94325828552246,27.952469294408267,27.775162204612315,27.89720499791373,196804000
2017-02-01,29.64725685119629,30.047927839765823,29.2465876194471,29.251192245568664,447940000
2017-02-02,29.596593856811523,29.79462613739134,29.423891409107274,29.46994644925383,134841600
2017-02-03,29.723243713378906,29.74857354684435,29.51139579423172,29.545934879120793,98029200
2017-02-06,30.00187873840332,30.050236987604062,29.681803557778334,29.734768191103335,107383600
2017-02-07,30.28741455078125,30.416365195972194,30.038722514923766,30.059445972834833,152735200
2017-02-08,30.404844284057617,30.446294704375685,30.216024742015342,30.24596096148724,92016400
2017-02-09,30.62455177307129,30.63148954064726,30.323902238905653,30.446474171247278,113399600
2017-02-10,30.555160522460938,30.74480218418575,30.538973579730538,30.633794410592945,80262000
2017-02-13,30.82575225830078,30.948327712231414,30.700868920481543,30.777187888155584,92141600
2017-02-14,31.225845336914062,31.242032282112998,30.816499477718178,30.867378783556042,132904800
2017-02-15,31.339168548583984,31.514934729006125,31.1333398864116,31.34148349024711,142492400
2017-02-16,31.302165985107422,31.429360727692984,31.18421689299279,31.376170006491336,90338400
2017-02-17,31.38773536682129,31.41317502211785,31.244350143626683,31.244350143626683,88792800
2017-02-21,31.614383697509766,31.625947821135288,31.447870198152465,31.505687287405,98028800
2017-02-22,31.709203720092773,31.711515133205836,31.477935369287305,31.551939406530067,83347600
2017-02-23,31.57506561279297,31.79476982608597,31.52187488362987,31.771645109824725,83152800
2017-02-24,31.605127334594727,31.605127334594727,31.28597594519853,31.43167610624884,87106400
2017-02-27,31.667566299438477,31.78551538970486,31.517243317534234,31.716134194643605,81029600
2017-02-28,31.681459426879883,31.785529501237722,31.614389614623764,31.702272735976305,93931600
2017-03-01,32.32899856567383,32.412255306318166,31.82252388303502,31.889590146585466,145658400
2017-03-02,32.13704299926758,32.44231530580074,32.090786518358094,32.37756046717631,104844000
2017-03-03,32.32667922973633,32.33824334927274,32.05146941758944,32.09541095450349,84432400
2017-03-06,32.22492599487305,32.32437320481221,32.05378970115708,32.23186376197643,87000000
2017-03-07,32.26655578613281,32.3729372331792,32.09772737806563,32.160170810212044,69785200
2017-03-08,32.146297454833984,32.331312822219466,32.10467084983143,32.1347333327084,74828800
2017-03-09,32.07228469848633,32.097724351489845,31.695319786182953,32.08616376011247,88623600
2017-03-10,32.178672790527344,32.229552101477296,32.06303863452733,32.20411244600232,78451200
2017-03-13,32.19254684448242,32.245737565712,32.104667289597515,32.111605056328585,69686800
2017-03-14,32.14398193359375,32.296616327969346,32.109289571651075,32.215674541184775,61236400
2017-03-15,32.48395538330078,32.55102165496475,32.15323979363848,32.24112289963792,102767200
2017-03-16,32.537139892578125,32.61345886020559,32.43769268183648,32.54407765973749,76928000
2017-03-17,32.37525177001953,32.60883149115717,32.352123527625004,32.60883149115717,175540000
2017-03-20,32.71521759033203,32.72446677028318,32.43075502037318,32.47007021069586,86168000
2017-03-21,32.340572357177734,33.02512837701807,32.3151326919062,32.865552615667156,158119600
2017-03-22,32.705963134765625,32.74759326450858,32.32205690311891,32.34287373242752,103440800
2017-03-23,32.59033203125,32.74296997312818,32.51863941490938,32.66896241505103,81385200
2017-03-24,32.525569915771484,32.77996642873326,32.45850366901273,32.724460772576016,89582400
2017-03-27,32.58108139038086,32.65971177065704,32.058412739296315,32.23649033017133,94300400
2017-03-28,33.25638198852539,33.31188412161657,32.52094696519964,32.58801674785039,133499200
2017-03-29,33.33039474487305,33.41596643727402,33.115316865024205,33.22863610236925,116760000
2017-03-30,33.28644561767578,33.418270246070115,33.18700193986894,33.34657763576764,84829200
2017-03-31,33.22400665283203,33.36508046474853,33.073680132236916,33.237882186975554,78646800
2017-04-03,33.23325729370117,33.33038956585056,33.082934295371665,33.2355722354098,79942800
2017-04-04,33.480712890625,33.50846395747771,33.11068219784257,33.12918408536911,79565600
2017-04-05,33.3072624206543,33.640289345938676,33.25869452368603,33.35351537608284,110871600
2017-04-06,33.22400665283203,33.42289754292948,33.1754387544553,33.36970329021344,84596000
2017-04-07,33.15000915527344,33.344273749963605,33.13382220348699,33.24020368344212,66688800
2017-04-10,33.110679626464844,33.274881659964585,33.04823620202139,33.210126823087656,75733600
2017-04-11,32.75453186035156,33.152313635689204,32.391438919949145,33.05749278170043,121517600
2017-04-12,32.79384231567383,32.87478409512995,32.61113840105722,32.7475893661455,81400000
2017-04-13,32.62038803100586,32.927975233219755,32.62038803100586,32.819278871201554,71291600
2017-04-17,32.80080032348633,32.81236445022326,32.57878108831581,32.71985496520386,66328400
2017-04-18,32.65509033203125,32.849354899207185,32.6342770274499,32.70365823826272,58790000
2017-04-19,32.534820556640625,32.84009638591853,32.48162983931152,32.81234532102925,69313600
2017-04-20,32.94186019897461,33.052868004939796,32.645837030484415,32.65971256512075,93278400
2017-04-21,32.90254211425781,32.99735943555886,32.805409851471275,32.94185730189468,69283600
2017-04-24,33.21937942504883,33.29107203548828,33.112994451288344,33.187002003273776,68537200
2017-04-25,33.42522430419922,33.51079248995929,33.27258630078177,33.28183901370914,75486000
2017-04-26,33.22862243652344,33.441392344548845,33.15924478050825,33.411326341026495,80164800
2017-04-27,33.25407028198242,33.33964196027927,33.14306247612717,33.28413629291438,56985200
2017-04-28,33.221683502197266,33.37200998564693,33.13380396471171,33.32344209927125,83441600
2017-05-01,33.899314880371094,34.042700126921005,33.52466128577298,33.55703871334473,134411600
2017-05-02,34.11439514160156,34.2485312163374,33.95944576101237,34.121332910219344,181408800
2017-05-03,34.01031494140625,34.10976214339748,33.36507795023889,33.670350265013234,182788000
2017-05-04,33.887752532958984,34.02882637381585,33.72123903132874,33.88544111975236,93487600
2017-05-05,34.44972610473633,34.45434892975689,33.9409330425496,33.9409330425496,109310800
2017-05-08,35.38636016845703,35.54593585491734,34.46591335230264,34.46591335230264,195009600
2017-05-09,35.61301803588867,35.81884674674541,35.48813113827316,35.585263431487824,156521600
2017-05-10,35.444175720214844,35.601439987394336,35.178218606779424,35.52974738440952,103222800
2017-05-11,35.7507209777832,35.77859014018026,35.36987549713816,35.402386567067346,109020400
2017-05-12,36.250003814697266,36.32431331590771,35.917923154502766,35.92488955950871,130108000
2017-05-15,36.157100677490234,36.37771169851884,36.00615722716537,36.229089201289476,104038800
2017-05-16,36.10369110107422,36.240701748573535,35.92952394269511,36.21283613713365,80194000
2017-05-17,34.89148712158203,35.89469164682741,34.766088327646294,35.669435173615554,203070800
2017-05-18,35.42327117919922,35.609050163687876,35.095839661114304,35.12835071764186,134272800
2017-05-19,35.544029235839844,35.75767383492193,35.44417511011823,35.61834224948902,107843200
2017-05-22,35.760009765625,35.8970204419808,35.50920857952385,35.762330719253846,91865600
2017-05-23,35.715885162353516,35.971328243695154,35.60209465796139,35.971328243695154,79675600
2017-05-24,35.60905838012695,35.80180381095709,35.453469463455924,35.72516982929401,76712000
2017-05-25,35.73214340209961,35.8436129669423,35.5370769787863,35.69963233154739,76942400
2017-05-26,35.67176055908203,35.818062123052115,35.602092978932454,35.76232735024439,87710400
2017-05-30,35.68569564819336,35.86218379154213,35.60674070591421,35.627639918263306,80507600
2017-05-31,35.474369049072266,35.801804189612106,35.38612675631136,35.75536031814212,97804800
2017-06-01,35.5718994140625,35.6067349724756,35.348967431354566,35.569578460877615,65616400
2017-06-02,36.09904479980469,36.09904479980469,35.504554813511305,35.664789162390655,111082800
2017-06-05,35.74605941772461,35.866816284516716,35.636917944850886,35.84127163083837,101326800
2017-06-06,35.866825103759766,36.18264837987697,35.71123619071204,35.73910180396234,106499600
2017-06-07,36.080467224121094,36.22212332066588,35.87378900556623,35.99919134332844,84278400
2017-06-08,35.99222183227539,36.11994156869703,35.855207653820855,36.05259849937361,85003200
2017-06-09,34.596561431884766,36.038666982496004,33.909183735883566,36.038666982496004,259530800
2017-06-12,33.76985549926758,33.925444425377805,33.09408597369239,33.84416853209419,289229200
2017-06-13,34.04155731201172,34.24126916682456,33.707155737121326,34.17392607850608,136661600
2017-06-14,33.709476470947266,34.25287719776067,33.40294054703805,34.25287719776067,126124800
2017-06-15,33.50743103027344,33.55155393551454,33.024410655631954,33.2821781421212,128661600
2017-06-16,33.038352966308594,33.55620904100653,33.02209566246163,33.389008269576124,201444400
2017-06-19,33.98350143432617,34.07639272886052,33.3611457064286,33.3611457064286,130165600
2017-06-20,33.67464065551758,34.10657538102148,33.6583868954916,34.10657538102148,99600400
2017-06-21,33.87435531616211,33.92080273369375,33.581755720291255,33.79307942236266,85063200
2017-06-22,33.81861877441406,34.06709541067822,33.70018283912189,33.851129835517035,76425200
2017-06-23,33.969566345214844,34.17392363602884,33.6978659708955,33.702511421170456,141757600
2017-06-26,33.86274337768555,34.434009700347254,33.76056473956652,34.17624215179792,102769600
2017-06-27,33.37739944458008,33.94170298522307,33.35185478153137,33.67464449999742,99047600
2017-06-28,33.86506652832031,33.93008865798964,33.24503179961903,33.55388868726849,88329600
2017-06-29,33.36578369140625,33.702509722280126,33.04067305735441,33.604976532064576,125997600
2017-06-30,33.44475173950195,33.663041889166735,33.389016953382914,33.54460591159392,92096400
2017-07-03,33.32399368286133,33.741995706038395,33.23110591924023,33.64446249120392,57111200
2017-07-05,33.46099853515625,33.623553864846315,33.14285427965996,33.36811078774491,86278400
2017-07-06,33.14517593383789,33.32398857199731,33.070866443025984,33.2125225640592,96515200
2017-07-07,33.481895446777344,33.614264198357915,33.184650423351705,33.184650423351705,76806800
2017-07-10,33.68624496459961,33.89292315267783,33.29378779384179,33.465633972922305,84362400
2017-07-11,33.7953987121582,33.86971174179813,33.528343791700344,33.609619681498685,79127200
2017-07-12,33.84416580200195,33.94634089873578,33.63052116502008,33.874352368642334,99538000
2017-07-13,34.315574645996094,34.48277539662131,33.77449493125614,33.78842773656827,100797600
2017-07-14,34.61050796508789,34.67785460697006,34.213408692796655,34.3620312435945,80528400
2017-07-17,34.73125076293945,35.04242854839286,34.50135239677059,34.559408112419646,95174000
2017-07-18,34.85199737548828,34.86360922388492,34.524562385271636,34.64764018271104,71475200
2017-07-19,35.07029724121094,35.16318496765457,34.82181708064278,34.94489491272844,83692000
2017-07-20,34.91238021850586,35.23749431408188,34.877548210576656,35.18175955795589,68974800
2017-07-21,34.89612579345703,34.935603249499536,34.573336200225555,34.831103684276535,105010400
2017-07-24,35.31878662109375,35.4000660686827,34.810217807955894,34.968131252101045,85972800
2017-07-25,35.4697151184082,35.72515809662031,35.25142509871339,35.25142509871339,75415600
2017-07-26,35.63692855834961,35.74607006372819,35.544037270290794,35.611383897063476,63124000
2017-07-27,34.96347427368164,35.76000054974113,34.20642900322231,35.704265786046555,129905200
2017-07-28,34.717323303222656,34.886845026854395,34.6453347716848,34.80789009184128,68854800
2017-07-31,34.538516998291016,34.91007512100406,34.39918535985428,34.810217413855575,79383600
2017-08-01,34.84504699707031,34.88452446501993,34.4642015812408,34.62443594985058,141474400
2017-08-02,36.49150085449219,37.09760267371583,36.26392343901686,36.98845764372018,279747200
2017-08-03,36.12691879272461,36.50776421266773,35.99919548713142,36.47060769768784,108389200
2017-08-04,36.317325592041016,36.55186935758925,36.154770331589816,36.24301613445143,82239600
2017-08-07,36.879329681396484,36.90487435009918,36.382372662177886,36.47293947967992,87481200
2017-08-08,37.17424774169922,37.580637876655814,36.753924797637495,36.83055879115649,144823600
2017-08-09,37.40182876586914,37.450597145794674,36.948994709879614,36.98382673593992,104526000
2017-08-10,36.21051025390625,37.30157975418536,36.04964662203939,37.27826484389665,163217200
2017-08-11,36.71406936645508,36.96818901629287,36.38535198361389,36.508913149953436,105028400
2017-08-14,37.2666015625,37.350530238108185,37.010151843320834,37.143040395265025,88490800
2017-08-15,37.674591064453125,37.81446983217427,37.33421263735661,37.45544374859917,117862000
2017-08-16,37.52305603027344,37.886745852628806,37.33654742570881,37.75386082862469,110686400
2017-08-17,36.80266571044922,37.46710142244014,36.798002017624476,37.422805233993365,111762400
2017-08-18,36.718746185302734,37.18501597813198,36.536901250687826,36.80267489030625,109712400
2017-08-21,36.651123046875,36.80965300150056,36.161538549628425,36.718730572852444,105474000
2017-08-22,37.25028610229492,37.301576053957554,36.83997004634937,36.88892637280111,86418400
2017-08-23,37.296905517578125,37.41114285393085,37.04045936367374,37.084755546287134,77596400
2017-08-24,37.131385803222656,37.47409429190808,36.96352843907652,37.40181950558678,79275600
2017-08-25,37.26893997192383,37.43213366731331,37.131391254192394,37.21998008462911,101920400
2017-08-28,37.64427947998047,37.767840649368395,37.28524986687383,37.334209744062925,103864000
2017-08-29,37.97999572753906,38.028952049357265,37.301572523502614,37.324887429271875,118067600
2017-08-30,38.08257293701172,38.20846417016917,37.91005189560232,38.18748289086875,109078400
2017-08-31,38.234107971191406,38.35533906569599,38.11287687668682,38.15017929920435,107140400
2017-09-01,38.24576187133789,38.453251685961,38.14784568933811,38.42061295862774,66364400
2017-09-05,37.78648376464844,38.292385786204676,37.43211791991326,38.175818401771785,117874000
2017-09-06,37.746864318847656,37.99865038307383,37.42280702048679,37.93337290983247,86606800
2017-09-07,37.595314025878906,37.82378867572925,37.38549414300479,37.788816323680564,87714000
2017-09-08,36.982181549072266,37.56967879635614,36.958866641662645,37.50207125663692,114446000
2017-09-11,37.65128707885742,37.779511987810864,37.27593974029716,37.41815217434437,126323200
2017-09-12,37.50206756591797,38.22478693622561,37.014816642265714,37.91005350394695,286856000
2017-09-13,37.2199821472168,37.292256948153394,36.81432973296265,37.271272105375175,179629600
2017-09-14,36.90058135986328,37.16169123643117,36.85628517208367,37.06610865777309,95042800
2017-09-15,37.27360153198242,37.5277176686415,36.83530686885993,36.94488053464055,196458400
2017-09-18,36.99150085449219,37.4181379949622,36.835300954542234,37.32721555895089,113077600
2017-09-19,37.00550079345703,37.247963075761696,36.93789323931518,37.18734572650744,83242400
2017-09-20,36.38536071777344,36.89592309278053,35.86313733048767,36.81199439763381,211805600
2017-09-21,35.760562896728516,36.322418870932424,35.61135669998519,36.322418870932424,150046800
2017-09-22,35.410850524902344,35.499442902004716,35.100780762399374,35.329251908375916,186581600
2017-09-25,35.09844970703125,35.39686200772558,34.774392432494984,34.96789477014689,177549200
2017-09-26,35.7022705078125,35.88411540480355,35.36422568942429,35.38520697199507,146640000
2017-09-27,35.956382751464844,36.070620095370714,35.79551915443488,35.85613648511578,102016800
2017-09-28,35.73490905761719,35.968043904578344,35.599690419497065,35.87712145655771,88022000
2017-09-29,35.93073654174805,35.93307016660472,35.43649187240753,35.718586563733275,105199200
2017-10-02,35.85847473144531,36.00768090988704,35.604358570207296,35.963384714241606,74795200
2017-10-03,36.0146598815918,36.15687223993574,35.88177490658272,35.905086250211006,64921200
2017-10-04,35.781532287597656,35.87012466029969,35.543737325116126,35.81650464609564,80655200
2017-10-05,36.226810455322266,36.23846790487071,35.91441072860714,35.94471582860812,85135200
2017-10-06,36.20583724975586,36.25013343349978,36.03331620710981,36.12890233441458,69630400
2017-10-09,36.33174133300781,36.53923124812006,36.25014625383471,36.32474757071744,65051600
2017-10-10,36.345726013183594,36.83531067933228,36.1592209568945,36.383028447383786,62468000
2017-10-11,36.497257232666016,36.59750349897214,36.31074866289442,36.36203860851548,67622400
2017-10-12,36.36903381347656,36.6884273951515,36.30608641273993,36.45063242766684,64500400
2017-10-13,36.599830627441406,36.667438148838805,36.46461202729217,36.539213307546035,65576800
2017-10-16,37.27360153198242,37.30157657606069,36.753708247157576,36.81199196055767,96486000
2017-10-17,37.4111442565918,37.50439676017066,37.12205580372936,37.25028066416653,75989200
2017-10-18,37.24561309814453,37.46709399648098,37.208314235005155,37.399482914666294,65496800
2017-10-19,36.364376068115234,36.620825848350755,36.14056858477861,36.5438909142801,170336800
2017-10-20,36.42732238769531,36.77702468261719,36.35971484258026,36.51125108077079,95896400
2017-10-23,36.40867233276367,36.76303833231093,36.25247239626695,36.576529724267324,87937200
2017-10-24,36.62548065185547,36.70008194240806,36.41565718513173,36.43663846459762,71028800
2017-10-25,36.46461868286133,36.730392239980006,36.19884512574264,36.58118609488452,84828400
2017-10-26,36.697757720947266,36.795673931407954,36.55088162657848,36.65579159797525,68002000
2017-10-27,38.01263427734375,38.14085914374413,36.99849635632413,37.13604505057401,177816800
2017-10-30,38.86823654174805,39.1829699641332,38.168832098540996,38.20846459010681,178803200
2017-10-31,39.409114837646484,39.551327243344396,38.919533770178326,39.14334124177645,144187200
2017-11-01,38.90787124633789,39.618933182180236,38.609458951518015,39.60261203671337,134551200
2017-11-02,39.19229507446289,39.28321751276203,38.53252310122351,38.84026277383908,165573600
2017-11-03,40.215755462646484,40.62607145512483,39.894028280591726,40.5654576840608,237594400
2017-11-06,40.623756408691406,40.79627751569508,40.03392539506476,40.185461657434445,140105200
2017-11-07,40.75429916381836,40.85687905844864,40.47220801094028,40.544479239242015,97446000
2017-11-08,41.087677001953125,41.087677001953125,40.642388695693164,40.71932360389682,97638000
2017-11-09,41.003753662109375,41.055043607575804,40.36496296870802,40.82423885297688,117930400
2017-11-10,40.86806106567383,41.03418345671718,40.774473299264116,40.97100975081118,100582000
2017-11-13,40.70426559448242,40.82827094555374,40.570899328154894,40.59429804615229,67928400
2017-11-14,40.08891677856445,40.58961865361651,40.05148025684352,40.48667000395555,99130000
2017-11-15,39.560142517089844,39.850270228825735,39.3963621839097,39.76837827716392,116632400
2017-11-16,40.03276824951172,40.21292482835104,39.8455891985037,40.051482941483414,94550000
2017-11-17,39.810489654541016,40.10061735144364,39.6911647543555,40.01872540396868,87598000
2017-11-20,39.770721435546875,39.906426176309175,39.67245322399015,39.84325247954274,65049600
2017-11-21,40.510066986083984,40.64109123634763,39.95789080987073,39.95789080987073,100525200
2017-11-22,40.93590545654297,40.94526280289188,40.48901630283123,40.56154734000195,102355600
2017-11-24,40.9382438659668,41.06224923331061,40.86337081466449,40.96866148932631,56106800
2017-11-27,40.73234558105469,40.963980061627794,40.55686588762935,40.95696115950226,82867200
2017-11-28,40.49368667602539,40.91483498956653,40.21057793000543,40.78147230898322,105715200
2017-11-29,39.65373611450195,40.45860366514823,39.11092070578444,40.390753077862556,166665600
2017-11-30,40.208251953125,40.276102536188226,39.41040335529264,39.876007230103156,166108800
2017-12-01,40.02106857299805,40.166130640564205,39.42443691456497,39.76369693362898,159037200
2017-12-04,39.72860336303711,40.3884051547969,39.68882839422034,40.355649088115825,130169600
2017-12-05,39.691158294677734,40.13102844126435,39.401030644992964,39.55545359902563,109400800
2017-12-06,39.54375457763672,39.82218287193415,38.94712659859109,39.190456819322876,114240000
2017-12-07,39.61629104614258,39.87833953783558,39.52036130538249,39.54843690945161,102693200
2017-12-08,39.627994537353516,40.00937156075876,39.49931228026131,39.8900466501275,93420800
2017-12-11,40.40010070800781,40.451575032247945,39.492284702474436,39.588214449480425,141095200
2017-12-12,40.17314147949219,40.33458333268083,40.116990275004106,40.278428558050045,77636800
2017-12-13,40.306514739990234,40.60365776912856,40.243341053812145,40.36032751036392,95273600
2017-12-14,40.294830322265625,40.50774660897699,40.16146399867346,40.33694374857179,81906000
2017-12-15,40.70426559448242,40.75105946033409,40.35096780163774,40.62471566552028,160677200
2017-12-18,41.27749252319336,41.45999107276082,40.912495424058434,40.91717588101064,117684400
2017-12-19,40.8376350402832,41.03651346570218,40.732347932179394,40.952283065190386,109745600
2017-12-20,40.793182373046875,41.0435315553513,40.53581071820715,40.914845727931436,93902400
2017-12-21,40.94759750366211,41.18391242655621,40.734684869859905,40.751061117009336,83799600
2017-12-22,40.94759750366211,41.04352725315094,40.82827260536791,40.87038601530353,65397600
2017-12-26,39.908756256103516,40.11933042216135,39.7005169634749,39.96256901940401,132742000
2017-12-27,39.91579055786133,39.95790397926457,39.70755475503096,39.79880407154889,85992800
2017-12-28,40.0280876159668,40.20824776415976,39.88770243579035,40.00936935393371,65920800
2017-12-29,39.595237731933594,39.913441057833,39.59289928789782,39.89706480929548,103999600
2018-01-02,40.304168701171875,40.3135296160415,39.60225003195517,39.81282777480597,102223600
2018-01-03,40.29715347290039,40.83997234023749,40.2339833574163,40.367346060248224,118071600
2018-01-04,40.48433303833008,40.587281691749936,40.262059483979016,40.369685025177354,89738400
2018-01-05,40.94525909423828,41.03182792816311,40.48901263550257,40.58026192724971,94640000
2018-01-08,40.793182373046875,41.08798698392758,40.694910599276334,40.793182373046875,82271200
2018-01-09,40.78850173950195,40.959300980537996,40.57324707008062,40.83997607024875,86336000
2018-01-10,40.779136657714844,40.78147867169188,40.477313176567634,40.51474969876762,95839600
2018-01-11,41.01078414916992,41.05992004643295,40.8259470635782,40.849342219777036,74670800
2018-01-12,41.43425750732422,41.49743118615743,41.09733598040432,41.221341324320264,101672400
2018-01-16,41.22369384765625,41.972406559387096,41.211994486349994,41.623785585266006,118263600
2018-01-17,41.904544830322266,41.93963933476282,40.9616343961619,41.21432196841968,137547200
2018-01-18,41.94198226928711,42.138522225627405,41.705670917084234,41.967719432013624,124773600
2018-01-19,41.75481414794922,42.01686270900164,41.50914183689063,41.78990866232449,129700400
2018-01-22,41.4132080078125,41.59570660494731,41.31962026523079,41.48340059982055,108434400
2018-01-23,41.42256164550781,41.98409876115503,41.37109089079645,41.48339688586861,130756400
2018-01-24,40.76277160644531,41.48340879107987,40.52411817455116,41.471709428411124,204420400
2018-01-25,40.03511047363281,40.93356571913233,39.899405738092184,40.83061705285022,166116000
2018-01-26,40.12869644165039,40.24334446403802,39.78943640292996,40.24334446403802,156572000
2018-01-29,39.298091888427734,39.812831581035425,39.08985613945785,39.812831581035425,202561600
2018-01-30,39.066463470458984,39.16005122173868,38.535343878079864,38.729541853621896,184192800
2018-01-31,39.17408752441406,39.41040247806591,38.95649440447249,39.04306324959199,129915600
2018-02-01,39.255977630615234,39.452514033583086,39.01732424407224,39.11325400152449,188923200
2018-02-02,37.55265426635742,39.026684400187065,37.45906652490365,38.839505347136026,346375200
2018-02-05,36.61442184448242,38.34348150059493,36.499773833727474,37.225091280275514,290954000
2018-02-06,38.14460372924805,38.30604561047682,36.031828610000396,36.226026556250716,272975200
2018-02-07,37.32802963256836,38.23116504204853,37.21806566960294,38.158634024496976,206434400
2018-02-08,36.300899505615234,37.66964260600261,36.27282389580829,37.50352025097628,217562000
2018-02-09,36.74491882324219,37.092609646040515,35.29542021989697,36.899971444042855,282690400
2018-02-12,38.22495651245117,38.50216852680545,37.00333379549357,37.235912711121244,243278000
2018-02-13,38.60788345336914,38.70420433662891,37.975929558630334,38.04640834113016,130196800
2018-02-14,39.3197135925293,39.35965073484387,38.26489411950926,38.30247969864652,162579600
2018-02-15,40.63998794555664,40.663478474461876,39.70262873406566,39.88821932662031,204588800
2018-02-16,40.50843811035156,41.06991676593039,40.35338910191299,40.491995093642714,160704400
2018-02-20,40.37218475341797,40.938355795703735,40.271164333497524,40.419169411304395,135722000
2018-02-21,40.18893051147461,40.905454403591804,40.17483189193679,40.60240040045259,149886400
2018-02-22,40.524871826171875,40.865514959365235,40.339281236814955,40.36042378787491,123967600
2018-02-23,41.229671478271484,41.26490907984297,40.76921317110367,40.799754815599,135249600
2018-02-26,42.04486846923828,42.143537339161625,41.3964715020134,41.429361125321186,152648800
2018-02-27,41.908599853515625,42.399596100612726,41.85456768273009,42.075399491200336,155712400
2018-02-28,41.84516143798828,42.43247845158995,41.82871842565069,42.1129778528027,151128400
2018-03-01,41.112205505371094,42.23515574611324,40.562477446370096,41.943845113754676,195208000
2018-03-02,41.396461486816406,41.417604042820585,40.51313424362813,40.59536007435443,153816000
2018-03-05,41.539772033691406,41.75590432996107,40.99943950066743,41.16153961904458,113605600
2018-03-06,41.50453186035156,41.87571676450101,41.37767292119403,41.79584248485739,95154000
2018-03-07,41.11924362182617,41.31188534708122,40.940700517810946,41.098101067014966,126814000
2018-03-08,41.567970275878906,41.61025540130852,41.12865807753625,41.224975391470494,95096400
2018-03-09,42.28214645385742,42.28684599601752,41.67368658568725,41.80759665199748,128740800
2018-03-12,42.69091033935547,42.848310909275334,42.33617206249424,42.35496305722243,128828400
2018-03-13,42.279781341552734,43.10907275407872,42.1082857615601,42.89528848118307,126774000
2018-03-14,41.920345306396484,42.40899355680424,41.77234025219969,42.36200890641291,117473600
2018-03-15,41.969688415527344,42.343224903462456,41.833433970776106,41.93445081510891,90975200
2018-03-16,41.82168197631836,42.080099379873786,41.727709078453145,41.969683465319356,157618800
2018-03-19,41.18267822265625,41.692469065666344,40.79739832548874,41.65723147144648,133787200
2018-03-20,41.1685791015625,41.53506438389557,41.098100335414074,41.1685791015625,78597600
2018-03-21,40.235923767089844,41.133342496005184,40.2335722043143,41.12159543622554,148219600
2018-03-22,39.66740417480469,40.567170949186654,39.60867245620693,39.93756864647452,165963200
2018-03-23,38.748844146728516,39.91877912576028,38.748844146728516,39.55934124916197,164115200
2018-03-26,40.588314056396484,40.6658403493108,39.10122662256602,39.48415854628537,150164800
2018-03-27,39.54759216308594,41.147443725030264,39.213996406406345,40.80210090680353,163690400
2018-03-28,39.110633850097656,39.94227718010619,38.80757969117279,39.29152858782049,166674000
2018-03-29,39.41603088378906,40.34869086628051,39.20929408624951,39.42307840327794,153594000
2018-04-02,39.15760803222656,39.68854503990623,38.638421669404664,39.1482125349196,150347200
2018-04-03,39.5593376159668,39.64391143708724,38.73474554856729,39.38314245402419,121112000
2018-04-04,40.315792083740234,40.409761378700175,38.70889348091307,38.73473557473187,138422000
2018-04-05,40.59536361694336,40.931307318434605,40.42621598475072,40.54367941906786,107732800
2018-04-06,39.55698776245117,40.52018578459094,39.514699061545755,40.16544749918795,140021200
2018-04-09,39.949310302734375,40.66348632700051,39.902325651152246,39.90937316965461,116070800
2018-04-10,40.70108413696289,40.87727930638697,40.297009594974334,40.64235241382153,113634400
2018-04-11,40.51078796386719,40.858478709963855,40.336940798469165,40.461451746423364,89726400
2018-04-12,40.91016387939453,41.11220112545618,40.65174289558331,40.73866827270133,91557200
2018-04-13,41.04877471923828,41.309543712008065,40.84204149245945,41.060521780745006,100497200
2018-04-16,41.30483627319336,41.3917580517207,41.07225742493238,41.11924207319854,86313600
2018-04-17,41.87336730957031,42.03781540441986,41.44345070001389,41.46224528009664,106421600
2018-04-18,41.779388427734375,42.00961931226193,41.55386066842869,41.772340909299764,83018000
2018-04-19,40.59536361694336,41.20382334637826,40.562473998722545,40.82089140340053,139235200
2018-04-20,38.93208312988281,40.22418097949111,38.86395232674434,40.07852745991191,261964400
2018-04-23,38.81930923461914,39.21398457367162,38.54914123935694,39.19284202008641,146062000
2018-04-24,38.27898025512695,39.075382107078006,37.87490579962444,38.9203295308435,134768000
2018-04-25,38.44578170776367,38.86160328074757,38.154474676608544,38.203807312988204,113528400
2018-04-26,38.57969665527344,38.93443499160171,38.38000735199124,38.5562025308755,111852000
2018-04-27,38.133323669433594,38.60552529366012,37.73629676460138,38.527999011826125,142623200
2018-04-30,38.82402038574219,39.2938742121519,38.020570772745614,38.088701585007136,169709600
2018-05-01,39.726131439208984,39.7496219731945,38.8263611810119,39.09417764440143,214277600
2018-05-02,41.48104476928711,41.75825679274042,40.83029624761953,41.166239996519735,266157600
2018-05-03,41.55621337890625,41.699518911228594,40.98064327143764,41.318938533621505,136272800
2018-05-04,43.18659210205078,43.28526092338126,41.85690561444319,41.875700187748755,224805200
2018-05-07,43.49905014038086,44.08871515844912,43.40272928542785,43.503746095720956,169805600
2018-05-08,43.70814895629883,43.74808609775909,43.14902180645542,43.459127024429044,113611200
2018-05-09,44.01588439941406,44.025279893934986,43.51314120213219,43.82559426925434,92844800
2018-05-10,44.64549255371094,44.7230188366596,44.08401758147566,44.10516372024267,111957200
2018-05-11,44.47569274902344,44.82236714269352,44.20684358643458,44.68794436066,104848800
2018-05-14,44.371925354003906,44.69737566298455,44.303535447743656,44.574741639546346,83115200
2018-05-15,43.96866226196289,44.11723805875026,43.65264721346762,44.04884454020393,94780800
2018-05-16,44.379005432128906,44.445041913162775,43.864891761356354,43.88140178124538,76732400
2018-05-17,44.098365783691406,44.55116421714171,43.949790004496656,44.33655555797642,69176000
2018-05-18,43.93801498413086,44.29176423720285,43.8955668010535,44.145549030793944,73190800
2018-05-21,44.24929428100586,44.6360597967801,44.07949443520042,44.33655123563415,73603200
2018-05-22,44.13846206665039,44.5440947186547,44.0488444625845,44.426178333735365,60962800
2018-05-23,44.42146301269531,44.45447945827249,43.808296339379034,43.94744041579675,80233600
2018-05-24,44.371925354003906,44.53465050849423,43.914412894544704,44.518144089130075,92936000
2018-05-25,44.47333526611328,44.725674408100176,44.254008962832486,44.39079237378272,69844000
2018-05-29,44.3129768371582,44.51343613465707,44.07006936758996,44.24222988370924,90056400
2018-05-30,44.21866226196289,44.336578694661455,44.048862310995034,44.270545780232176,74762000
2018-05-31,44.070072174072266,44.39080491138191,43.897915245512195,44.15261508971598,109931200
2018-06-01,44.86481475830078,44.86952882142996,44.277590031785664,44.33419117602905,93770000
2018-06-04,45.239810943603516,45.61478426915529,45.12661219596065,45.195002131394816,105064800
2018-06-05,45.588836669921875,45.73741248113974,45.36479623612481,45.532239102618185,86264000
2018-06-06,45.74681854248047,45.770403247972965,45.26100383690997,45.66427927029838,83734400
2018-06-07,45.62421417236328,45.798728137869944,45.360078994572234,45.78457874591241,85388800
2018-06-08,45.209144592285156,45.27989514815871,44.753989040222194,45.08415350293508,106627200
2018-06-11,45.098297119140625,45.27281465481039,44.85775029790672,45.12659949697931,73234000
2018-06-12,45.34593200683594,45.423757265251474,45.0794397824303,45.13604095178425,67644400
2018-06-13,44.97331237792969,45.487429731871785,44.91199714793704,45.378945065014086,86553600
2018-06-14,44.99689483642578,45.17848708337205,44.86011139313714,45.17376942021792,86440400
2018-06-15,44.53465270996094,44.84595364672595,44.3978692921571,44.81529423972038,246876800
2018-06-18,44.51107406616211,44.62427277739509,44.14788961977815,44.30825775933685,73939600
2018-06-19,43.79178237915039,43.942715189887565,43.263515742309266,43.66207365151953,134314000
2018-06-20,43.982818603515625,44.147900849078894,43.80122633413449,43.947445121796015,82514800
2018-06-21,43.737552642822266,44.4191092904368,43.61491857931583,44.159691771196826,102847600
2018-06-22,43.61018753051758,43.900260777710166,43.55830404259411,43.89318608376804,108801600
2018-06-25,42.9616584777832,43.61019864357019,42.62205868793474,43.25173179889428,126652400
2018-06-26,43.494625091552734,43.989875223254224,43.048901412430034,43.15502901102434,98276800
2018-06-27,43.43095397949219,44.166750904211135,43.40029457478834,43.68329311517857,101141200
2018-06-28,43.746971130371094,43.9144139509313,43.34605621168392,43.41680674992798,69460800
2018-06-29,43.65499496459961,44.14552745426334,43.136163700048925,43.93327584704597,90950800
2018-07-02,44.1431770324707,44.17147941242454,43.25644709523927,43.35078236421446,70925200
2018-07-03,43.374359130859375,44.32476482948047,43.28474153395483,44.287030725676225,55819200
2018-07-05,43.723392486572266,43.961585878435855,43.459260945558434,43.690376043945534,66416800
2018-07-06,44.32947540283203,44.43795643576801,43.67621777946467,43.72810126426766,69940800
2018-07-09,44.945003509521484,44.9685846241399,44.64313789363866,44.69030372139748,79026400
2018-07-10,44.89077377319336,45.11009654430228,44.85067903151692,44.97567372296649,63756400
2018-07-11,44.308265686035156,44.7563465471134,44.244589825221624,44.45448086414058,75326000
2018-07-12,45.05113220214844,45.14074980316631,44.64549956394025,44.697383059421924,72164400
2018-07-13,45.121883392333984,45.24215680710404,45.02047343207802,45.062925201040784,50055600
2018-07-16,45.02283477783203,45.43318149269543,44.90727542559399,45.166692910813076,60172400
2018-07-17,45.15018844604492,45.249237789357274,44.61956465067832,44.74927340925029,62138000
2018-07-18,44.902557373046875,45.23272540578134,44.79171568473517,45.22800774285761,65573600
2018-07-19,45.2515983581543,45.40960590073451,44.7351239556108,44.7351239556108,81147200
2018-07-20,45.1478271484375,45.38129929328812,44.84831851576083,45.228009428517055,82704800
2018-07-23,45.18790054321289,45.270443421688974,44.704442823255505,44.96857427674509,63957600
2018-07-24,45.51572799682617,45.671378500253525,45.29168756835982,45.38601924397004,74791600
2018-07-25,45.9449462890625,45.95202098494442,45.38130246130209,45.52987827186808,66839600
2018-07-26,45.80107498168945,46.21378224932292,45.65957390766355,45.89540663202553,76304000
2018-07-27,45.03934097290039,46.032198508380596,44.83181058429597,45.9850326745397,96096000
2018-07-30,44.787010192871094,45.32706574902872,44.58891149442645,45.256315185720446,84118000
2018-07-31,44.87660598754883,45.31289795197806,44.6525656268372,44.87896661776497,157492000
2018-08-01,47.52029800415039,47.58161322223618,46.532158229193854,46.96137555136066,271742800
2018-08-02,48.909358978271484,49.142834720583664,47.24909782850807,47.30333835907744,249616000
2018-08-03,49.05086135864258,49.22773594418698,48.45891877596613,48.82446030579577,133789600
2018-08-06,49.30556106567383,49.348009238803435,48.83389550544632,49.05321826366124,101701600
2018-08-07,48.843318939208984,49.40695904402814,48.76077604077673,49.364510878106664,102349600
2018-08-08,48.87633514404297,49.00840090208241,48.23251277433969,48.59333657702674,90102000
2018-08-09,49.26076126098633,49.473009362454604,48.864560246782695,49.414051156655276,93970400
2018-08-10,49.11402130126953,49.48557902120588,48.9104936737248,49.07378955771502,98444800
2018-08-13,49.43114471435547,49.92339766557186,49.15425310638555,49.53527563245895,103563600
2018-08-14,49.63941192626953,49.83110585938184,49.28678739016667,49.73644334784153,82992000
2018-08-15,49.75536346435547,49.87369337817859,49.30334232687699,49.51396942903644,115230400
2018-08-16,50.48427963256836,50.60024064494456,50.04645747690956,50.11272194430814,114001600
2018-08-17,51.49245071411133,51.58001370324593,50.44641460805595,50.51267907731609,141708000
2018-08-20,50.99073028564453,51.87110156077517,50.90789789788546,51.61551211353429,121150800
2018-08-21,50.89133071899414,51.40015154482209,50.65230557912929,51.30785435109778,104639200
2018-08-22,50.8936882019043,51.2037119468297,50.60732826912649,50.668862125222205,76072400
2018-08-23,50.997833251953125,51.36702204650788,50.78720612628316,50.799036230072055,75532800
2018-08-24,51.156402587890625,51.3315285950125,50.90790898165346,51.2605335170676,73905600
2018-08-27,51.5776481628418,51.766976764615386,51.196625660811684,51.39068485955114,82100400
2018-08-28,51.994178771972656,52.19297221924966,51.80958434076638,51.83088286487246,91107200
2018-08-29,52.77042007446289,52.89111892678054,51.9255461639556,52.10067216748591,109019200
2018-08-30,53.25556564331055,54.01997594606434,52.63314908356902,52.83431140009816,195175200
2018-08-31,53.870872497558594,54.16432834424551,53.485115860345516,53.6058110607272,173360400
2018-09-04,54.04364013671875,54.23769932388201,53.634219632745676,54.05547385071295,109560400
2018-09-05,53.69101333618164,54.35366156833602,53.272128046000965,54.192734620702346,133332000
2018-09-06,52.79880905151367,53.80461332013757,52.372820639044484,53.539551857299855,137160000
2018-09-07,52.372833251953125,53.33603710572654,52.233204786532895,52.50299691088014,150479200
2018-09-10,51.669944763183594,52.50298843468489,51.229757303877285,52.28999240596996,158066000
2018-09-11,52.9763069152832,53.08280312163129,51.25105465010244,51.59421069773185,142996000
2018-09-12,52.318397521972656,53.24846904799571,52.02730329115404,53.23427003403245,197114800
2018-09-13,53.58214569091797,54.04126627646992,52.67337293396633,52.89819901966617,166825600
2018-09-14,52.97394561767578,53.683925243538226,52.66155646009072,53.425966846149215,127997200
2018-09-17,51.56344985961914,52.763313434962186,51.41908720503265,52.573984830581786,148780400
2018-09-18,51.64865493774414,52.50299727258675,51.38359340924579,51.54215509988807,126286800
2018-09-19,51.67942428588867,51.97524917851045,50.95288022740431,51.71019123028732,108495200
2018-09-20,52.07225799560547,52.60474257107298,51.86399620607935,52.12195814488498,106435200
2018-09-21,51.51137924194336,52.38701988693208,51.4238126496448,52.24975675278797,384986800
2018-09-24,52.25212478637695,52.36335520071056,51.26762259076125,51.31258853840368,110773600
2018-09-25,52.58345413208008,52.732550997350124,51.99416978895151,52.006003504013755,98217600
2018-09-26,52.16455841064453,52.95263606451722,52.00836205881916,52.30182154305388,95938800
2018-09-27,53.236629486083984,53.58925394239841,52.90293825002227,52.969206326478,120724800
2018-09-28,53.42360305786133,53.44726687937326,53.01654777196668,53.19877328106708,91717600
2018-10-01,53.783321380615234,54.29450757242446,53.567963640883626,53.94661727059399,94403200
2018-10-02,54.26137161254883,54.43176699813006,53.634224437244896,53.78095239271763,99152800
2018-10-03,54.92165756225586,55.2529799345801,54.37970443970897,54.44360361549401,114619200
2018-10-04,53.956077575683594,54.9879146101768,53.65788386972213,54.616356932476414,128168000
2018-10-05,53.08042907714844,54.055469984480176,52.202423173171816,53.948973788434415,134322000
2018-10-08,52.9573860168457,53.201145421192365,52.112508453535554,52.58819715632624,118655600
2018-10-09,53.69101333618164,53.78567943285647,52.59764610036944,52.92660311263696,107564000
2018-10-10,51.2037239074707,53.56795704512589,51.13035993373505,53.35732992876048,167962400
2018-10-11,50.75170135498047,51.946834254825696,50.247618357424,50.76826927692951,212497600
2018-10-12,52.56452178955078,52.74675089335789,51.31732331289701,52.16456604729884,161351600
2018-10-15,51.44038772583008,52.498257597389845,51.419089204933876,52.33969592325769,123164000
2018-10-16,52.57398986816406,52.772786907940514,51.29839328438548,51.81194478059316,116736000
2018-10-17,52.3467903137207,52.68994635769821,51.90896816755255,52.60948287919308,91541600
2018-10-18,51.123260498046875,52.003635406378,50.408546758242004,51.55871374421379,130325200
2018-10-19,51.9018669128418,52.36335286065442,51.45694527539042,51.6060421243539,132314800
2018-10-22,52.218990325927734,52.86034005758021,51.81430403669069,52.015462726587266,115168400
2018-10-23,52.71125030517578,52.83431444512656,50.81087189308462,51.07829869399411,155071200
2018-10-24,50.90315628051758,53.06622674058783,50.77299266633253,52.68047371636561,163702000
2018-10-25,52.01783752441406,52.3917605334903,51.2960242350942,51.52321928773726,119423200
2018-10-26,51.18952560424805,52.110132264199265,50.33044920447651,51.09485949880697,189033600
2018-10-29,50.22868728637695,51.99180242637242,48.77322705892924,51.87347250273323,183742000
2018-10-30,50.47954559326172,50.924463645690075,49.52580670807782,49.97072476050618,146640000
2018-10-31,51.795372009277344,52.17166028299006,51.26525267501024,51.326786543689,153435600
2018-11-01,52.59054946899414,52.62368170185567,51.3102188792331,51.84033821616022,233292800
2018-11-02,49.10218048095703,50.56237119763977,48.61702710758743,49.592068062043005,365314800
2018-11-05,47.70825958251953,48.37090790263362,46.898883307010784,48.349609382233005,264654800
2018-11-06,48.22418212890625,48.44900828041715,47.73192917201314,47.78635993032477,127531600
2018-11-07,49.686729431152344,49.71276215629283,48.30937113036729,48.744824340769675,133697600
2018-11-08,49.513362884521484,49.90046186109532,49.10013672914629,49.867214029541586,101450400
2018-11-09,48.55868911743164,48.924415408710615,48.031470706550515,48.815174043569215,137463200
2018-11-12,46.112571716308594,47.46149160971139,46.02232604202068,47.259627429985954,204542000
2018-11-13,45.65186309814453,46.8274162794372,45.46662459072839,45.50937388984001,187531600
2018-11-14,44.3623046875,46.18619210460232,44.155689779845716,46.04845004074686,243204000
2018-11-15,45.457122802734375,45.59011416840596,44.38606035126789,44.739915225013526,185915200
2018-11-16,45.96059036254883,46.30257022483374,44.99402580264635,45.24100924555052,147713200
2018-11-19,44.13906478881836,45.288493989476066,43.93245351841381,45.122254828015976,167701200
2018-11-20,42.030208587646484,43.09652044205455,41.68110439834949,42.36031349042638,271300800
2018-11-21,41.982704162597656,42.81153021281317,41.92808348913567,42.68328595925916,124496800
2018-11-23,40.9163932800293,41.93995928124868,40.87127405903531,41.545732307356154,94496000
2018-11-26,41.46974563598633,41.548116340235076,40.43430799230363,41.37950354749016,179994000
2018-11-27,41.379486083984375,41.50535314333375,40.581534441910556,40.73114788347668,165549600
2018-11-28,42.97064208984375,43.05375986988433,41.54335141276549,41.97082618812788,184250000
2018-11-29,42.640541076660156,43.41236929244246,42.201191258179286,43.37912145271232,167080000
2018-11-30,42.41017532348633,42.82577508860625,42.04207194963164,42.81627363610778,158126000
2018-12-03,43.892093658447266,43.920590773009714,43.03477043251187,43.80659869101698,163210000
2018-12-04,41.96131896972656,43.314985769018016,41.86157548175157,42.973006025251415,165377200
2018-12-06,41.49348449707031,41.507733053331634,40.472295688010675,40.79052552365589,172393600
2018-12-07,40.01395034790039,41.438863958560475,39.96882750376399,41.2013783567838,169126400
2018-12-10,40.277565002441406,40.39393064398245,38.78852906163199,39.18512963582418,248104000
2018-12-11,40.04719161987305,40.79764324437658,39.66008899286023,40.76677258535312,189126800
2018-12-12,40.1588134765625,40.8285209353053,40.13981419510096,40.46754183502088,142510800
2018-12-13,40.59816360473633,40.982892750447746,40.26568520596623,40.488922255315906,127594400
2018-12-14,39.29910659790039,40.154056001259654,39.251610214100836,40.13505672299147,162814800
2018-12-17,38.933387756347656,39.98070006589324,38.64602860130792,39.2919896885735,177151600
2018-12-18,39.43922805786133,39.78595494062072,39.040250439096134,39.27536244428323,135366000
2018-12-19,38.20905303955078,39.76695779190644,37.78157829073558,39.42260444171222,196189200
2018-12-20,37.24485778808594,38.49878115325955,36.88150520066301,38.09267928415886,259092000
2018-12-21,35.796199798583984,37.56071950978802,35.53496783964715,37.25198753673331,382978400
2018-12-24,34.87001037597656,35.99094267515283,34.813012528584636,35.183489477275636,148676800
2018-12-26,37.32561111450195,37.33985967062577,34.843887332724314,35.21911501353624,234330000
2018-12-27,37.083370208740234,37.23061372589875,35.63946113582049,37.00975026203208,212468400
2018-12-28,37.10237503051758,37.646219094911956,36.70340095377201,37.40398276332058,169165600
2018-12-31,37.460975646972656,37.84570111622469,37.16174150533906,37.64858765548356,140014000
2019-01-02,37.503719329833984,37.7245827857424,36.62739703060972,36.78413837044897,148158800
2019-01-03,33.76808166503906,34.6064056330403,33.72295881640133,34.19317934017915,365248800
2019-01-04,35.2096061706543,35.27847900912154,34.15042265199752,34.32378608802359,234428400
2019-01-07,35.13124465942383,35.34498388334802,34.64914915949289,35.31410959435231,219111200
2019-01-08,35.80095672607422,36.055068075400506,35.27136481535477,35.51834826233486,164101200
2019-01-09,36.40891647338867,36.69864919303754,35.534971211573676,35.929194550467045,180396400
2019-01-10,36.52528762817383,36.56565974711911,35.82707935334201,36.2165556097032,143122800
2019-01-11,36.16667556762695,36.501531088310195,35.98143711442818,36.306794806835,108092800
2019-01-14,35.62284469604492,35.924452462452855,35.43760619352494,35.82470893215311,129756800
2019-01-15,36.35191345214844,36.427906940822126,35.63470610463008,35.686953213480265,114843600
2019-01-16,36.796016693115234,37.01925372022599,36.33529408375769,36.35429336518652,122278800
2019-01-17,37.01450729370117,37.441982116151216,36.397043258635236,36.620280311678194,119284800
2019-01-18,37.242488861083984,37.49422298571699,37.042998228056234,37.40397730943639,135004000
2019-01-22,36.40655517578125,37.221129312229216,36.24506303033397,37.14513577958757,121576000
2019-01-23,36.55378723144531,36.84351998595546,36.02656885020508,36.60840791094517,92522400
2019-01-24,36.26404571533203,36.68676973887957,36.03606159804956,36.59890123781676,101766000
2019-01-25,37.465728759765625,37.553600900151864,36.64878130027886,36.924261855530716,134142000
2019-01-28,37.11899948120117,37.12612375920128,36.49203765099391,36.99787950771421,104768400
2019-01-29,36.734275817871094,37.553604147254646,36.59891089197935,37.10712999950282,166348800
2019-01-30,39.244503021240234,39.4582386532504,38.05232406307242,38.76953172900132,244439200
2019-01-31,39.527099609375,40.13506210044691,39.080625569606816,39.4487289349215,162958400
2019-02-01,39.54610061645508,40.13031312607623,39.405981367304726,39.65059485362112,130672400
2019-02-04,40.669410705566406,40.76678067534809,39.72659254412772,39.75746683302016,125982000
2019-02-05,41.365238189697266,41.578977394234336,40.93064275033117,41.05175909628241,144406400
2019-02-06,41.379486083984375,41.6953423197784,41.049381294111875,41.47685241143466,112958400
2019-02-07,40.59579086303711,41.30824769496477,40.45329804715444,40.94251782527925,126966800
2019-02-08,40.64349365234375,40.70311969069085,40.16886907695841,40.30481819124638,95280000
2019-02-11,40.40976333618164,40.83430414432402,40.36683432865648,40.79614260033379,83973600
2019-02-12,40.75796890258789,40.784204501347254,40.47414841763224,40.569552249159045,89134000
2019-02-13,40.58863067626953,41.13719089744632,40.52662091325393,40.87722227186637,89960800
2019-02-14,40.736507415771484,40.846217281030114,40.39783197721137,40.47653877930612,87342800
2019-02-15,40.645877838134766,40.95116286674207,40.486080490292245,40.843836724374356,98507200
2019-02-19,40.767513275146484,40.8891527227653,40.424070350564264,40.47654155555973,75891200
2019-02-20,41.02986526489258,41.33753763113266,40.78182257054154,40.82952266876856,104457600
2019-02-21,40.798519134521484,41.1109589873407,40.617257291473365,40.97501351487574,68998800
2019-02-22,41.25405502319336,41.26120985514692,40.87483437251925,40.92253446530428,75652800
2019-02-25,41.5545654296875,41.94571198087244,41.48778457748155,41.53787203627776,87493600
2019-02-26,41.57843017578125,41.809779499488094,41.30176447990518,41.430558762837144,68280800
2019-02-27,41.70722198486328,41.73822869074752,41.19682321958781,41.311307838567444,111341600
2019-02-28,41.296993255615234,41.71676290033313,41.24213831860219,41.57604632138093,112861600
2019-03-01,41.7310676574707,41.773996653747055,41.234978633444705,41.56649922650965,103544800
2019-03-04,41.94094467163086,42.39410097599845,41.4925558286642,41.902783144722314,109744800
2019-03-05,41.8646240234375,41.97672124062049,41.62850365631687,41.962411577028405,78949600
2019-03-06,41.62374496459961,41.85509427950601,41.4854121219237,41.65951913111731,83241600
2019-03-07,41.141971588134766,41.604670285672434,41.027490599237154,41.46872115443744,99185600
2019-03-08,41.23975372314453,41.27791526082564,40.426453692828076,40.622028843980345,95997600
2019-03-11,42.66838455200195,42.7208557482408,41.821697858468866,41.855088288867776,128044000
2019-03-12,43.147789001464844,43.56755501819949,42.7804905524479,42.93074933970799,129870400
2019-03-13,43.33858871459961,43.71780942231808,43.15016840672244,43.46737934842093,124130000
2019-03-14,43.82036590576172,43.908614914858006,43.54131649050845,43.8609111740343,94318000
2019-03-15,44.390384674072266,44.678976254213644,43.82274735566281,44.08748706861486,156171600
2019-03-18,44.84354782104492,44.93179318512388,44.31168098754593,44.3140683580027,104879200
2019-03-19,44.48817825317383,45.07490005613711,44.34269057791804,44.92225754761337,126585600
2019-03-20,44.8769416809082,45.19415263672283,44.05887055501057,44.41662677956,124140800
2019-03-21,46.529781341552734,46.825527845947136,45.27047951523642,45.32056699619354,204136800
2019-03-22,45.56620788574219,47.14987492430253,45.50181076136391,46.58938884769909,169630800
2019-03-25,45.0152702331543,45.78802127537282,44.50487154702467,45.67592404455743,175381200
2019-03-26,44.550174713134766,46.00266730047316,44.02308274366589,45.71169203688233,199202000
2019-03-27,44.95088195800781,45.25855074113513,44.49295438071244,45.01766283557475,119393600
2019-03-28,45.01050567626953,45.2108482986207,44.726685141629694,45.065360614447535,83121600
2019-03-29,45.30385971069336,45.33486641281112,44.96756800695002,45.2752403790673,94256000
2019-04-01,45.61153793334961,45.7164767092003,44.929415874254,45.70693814386287,111448000
2019-04-02,46.27457046508789,46.37951286036313,45.56621293626409,45.575751499796354,91062800
2019-04-03,46.59177780151367,46.86605606321849,46.06706586546028,46.09091773138408,93087200
2019-04-04,46.672882080078125,46.8350631704563,46.06469571259025,46.45822614134336,76457200
2019-04-05,46.98531723022461,47.009169100776084,46.730116044604905,46.85413922076049,74106400
2019-04-08,47.724674224853516,47.75567728467312,46.82789643538214,46.846977201039394,103526800
2019-04-09,47.581565856933594,48.3805560125003,47.51716873376691,47.77714095718664,143072800
2019-04-10,47.84869384765625,47.87731681584689,47.26674323132718,47.38599528748367,86781200
2019-04-11,47.45040512084961,47.93933940985185,47.32876930114629,47.90356523914055,83603200
2019-04-12,47.43131637573242,47.73421764754132,46.796898139641456,47.51002317734974,111042800
2019-04-15,47.517173767089844,47.66504879296179,47.226198455924894,47.36214754820143,70146400
2019-04-16,47.52194595336914,48.02757352365968,47.357377528133505,47.57203341989984,102785600
2019-04-17,48.447357177734375,48.50698322510941,47.369317222193914,47.591124371572185,115627200
2019-04-18,48.62144470214844,48.69060928805782,48.30185008992061,48.44495036261426,96783200
2019-04-22,48.781253814697266,48.87904139023964,48.258929140631615,48.37579748500796,77758000
2019-04-23,49.48483657836914,49.54923371338613,48.63099134409102,48.7573982436491,93292000
2019-04-24,49.40851593017578,49.72333948607253,49.38228033057737,49.45621602782266,70162400
2019-04-25,48.96013259887695,49.55162188369278,48.92197106068636,49.32981476661857,74172800
2019-04-26,48.72639083862305,48.89334298926619,48.20644998172418,48.86949112233834,74596400
2019-04-29,48.80033874511719,49.124704564386754,48.621460616239524,48.75025126774611,88818800
2019-04-30,47.86063003540039,48.511745382518534,47.488564122761446,48.4306548403864,186139600
2019-05-01,50.209877014160156,51.35230988948973,49.90220473089384,50.05723455742813,259309200
2019-05-02,49.883140563964844,50.71790507301995,49.63986895589644,50.04770900660693,127985200
2019-05-03,50.50325012207031,50.5247146205948,50.14072282120273,50.29813642228416,83569600
2019-05-06,49.72333908081055,49.809200711588794,48.53558955444818,48.72400621236716,129772400
2019-05-07,48.38295364379883,49.47053202213597,47.89879049413808,49.103237220053025,155054800
2019-05-08,48.39249038696289,48.9744410929356,48.11821207126675,48.153986237910765,105358000
2019-05-09,47.87255096435547,48.10151289928511,46.90422474446259,47.79622789318936,139634400
2019-05-10,47.20934295654297,47.60918188331269,46.15349214662306,47.26680569139999,164834800
2019-05-13,44.465572357177734,45.36580015551606,43.778430559260165,44.942024719152,229722400
2019-05-14,45.169464111328125,45.4184619831724,44.39134073852921,44.63076331477503,146118800
2019-05-15,45.71055603027344,45.90927719917939,44.537386913882365,44.597242555602286,106178800
2019-05-16,45.50945281982422,46.08167274519695,45.21256745080139,45.46875141212985,132125600
2019-05-17,45.25087356567383,45.7057750661255,44.714565600818894,44.755267006370964,131516400
2019-05-20,43.83588409423828,44.137558916174555,43.163107155315394,43.93883771462418,154449200
2019-05-21,44.676265716552734,45.011455948466185,44.221360512327884,44.3458613070241,113459200
2019-05-22,43.761661529541016,44.46317163112691,43.70659535573083,44.21177717624734,118994400
2019-05-23,43.01467514038086,43.22536459286169,42.57174176662835,43.04819416600052,146118800
2019-05-24,42.84946823120117,43.608437527210064,42.76566884967899,43.143957042131575,94858800
2019-05-28,42.672279357910156,43.23731671269813,42.59566604289216,42.837481499205936,111792800
2019-05-29,42.468780517578125,42.94044331585505,42.138376171721504,42.23893322191725,113924800
2019-05-30,42.689048767089844,42.91171002345526,42.29878877414538,42.60524939880032,84873600
2019-05-31,41.91571807861328,42.61483166128946,41.89656383142089,42.19344552965514,108174400
2019-06-03,41.491943359375,42.5980747635717,40.76649306788243,42.042616150312135,161584400
2019-06-04,43.0098762512207,43.05536713031265,41.78403369307506,42.00430204941067,123872000
2019-06-05,43.704200744628906,44.290789049992995,43.36901055867717,44.12079739285381,119093600
2019-06-06,44.34585189819336,44.405707544999764,43.6108228018273,43.83348770766248,90105200
2019-06-07,45.52621078491211,45.94998985503987,44.47754216929505,44.654712574082296,122737600
2019-06-10,46.10801696777344,46.77600459137851,45.878169603398625,45.92366049398426,104883600
2019-06-11,46.64191818237305,46.92683167348995,46.35221886941992,46.65389004356182,107731600
2019-06-12,46.493473052978516,46.91964496831461,46.3019342514873,46.43601031654152,73012800
2019-06-13,46.48390579223633,47.11598143878726,46.35222625806714,46.61558897970521,86698400
2019-06-14,46.14631652832031,46.34982356084615,45.56212475815353,45.86140302948494,75046000
2019-06-17,46.421653747558594,46.677837716141795,46.00984653024875,46.184624027838574,58676400
2019-06-18,47.51341247558594,47.95394916644094,46.73768561849317,46.93879971823583,106204000
2019-06-19,47.37455749511719,47.855799348643046,47.240481398733735,47.80791189710642,84496800
2019-06-20,47.75522994995117,48.03056445872031,47.41285375699523,47.9731017236882,86056000
2019-06-21,47.59242248535156,48.08802900374868,47.44158508352656,47.597211960109185,191202400
2019-06-24,47.54454803466797,47.92283624223558,47.44638387600242,47.53496908327158,72881600
2019-06-25,46.823883056640625,47.707349446417524,46.75684136270738,47.50862823550264,84281200
2019-06-26,47.836631774902344,48.12154522701095,47.250047189954486,47.35060423423424,104270000
2019-06-27,47.822269439697266,48.26041321777397,47.7815680377949,47.953948941552476,83598800
2019-06-28,47.38651657104492,47.764804685647896,47.17822009560668,47.568476416564636,124442400
2019-07-01,48.25562286376953,48.95952585004053,48.04014034472605,48.64348628342958,109012000
2019-07-02,48.538143157958984,48.633914390891135,48.210135361751455,48.22210722253035,67740800
2019-07-03,48.940372467041016,48.94755485247247,48.52856532024344,48.66982377146037,45448000
2019-07-05,48.897274017333984,49.100784678008225,48.578841537594826,48.68658462459811,69062000
2019-07-08,47.889305114746094,48.21970578842082,47.50383461771007,48.07844734407372,101354400
2019-07-09,48.181392669677734,48.246034124304735,47.599594004948806,47.69296864826357,82312000
2019-07-10,48.65785598754883,48.777567292500045,48.25802066740765,48.32745527012685,71588400
2019-07-11,48.30352020263672,48.93559585989983,48.293944903976566,48.67701895647859,80767200
2019-07-12,48.674617767333984,48.84221286513295,48.41125143272195,48.47110708574294,70380800
2019-07-15,49.13191604614258,49.28993219429551,48.84221307681378,48.863760235202925,67789600
2019-07-16,48.96192932128906,49.34739991342239,48.72250668402115,48.98347648185129,67467200
2019-07-17,48.68658447265625,49.10317743545347,48.667430227322086,48.85417955270678,56430000
2019-07-18,49.23965072631836,49.2923239883717,48.77038084256098,48.84220835020634,74162400
2019-07-19,48.50463104248047,49.44077442780858,48.449564859019844,49.27078274847426,83717200
2019-07-22,49.613155364990234,49.61554827599075,48.74883956490333,48.758414862204624,89111600
2019-07-23,50.001014709472656,50.017776044989866,49.62990895028045,49.91003660607573,73420800
2019-07-24,49.9603157043457,50.07523753448428,49.60118178852593,49.720893093799184,59966400
2019-07-25,49.565269470214844,50.09678795373076,49.49583486785246,50.0129885793759,55638400
2019-07-26,49.73765563964844,50.21410430811092,49.594000608507464,49.675403421281054,70475600
2019-07-29,50.202125549316406,50.4319728369032,49.90524388391939,49.910033358512514,86693600
2019-07-30,49.98664855957031,50.317052906207756,49.634697056404036,49.98185908479763,135742800
2019-07-31,51.006587982177734,53.00097863500099,50.58999500539061,51.81583752155325,277125600
2019-08-01,49.9028434753418,52.201301560936365,49.49822240921402,51.21248519831248,216071600
2019-08-02,48.84700393676758,49.42400967424095,48.274784021316925,49.20853077764251,163448400
2019-08-05,46.28996276855469,47.56129613952905,46.108002914969816,47.403280006312706,209572000
2019-08-06,47.166259765625,47.422443742301255,46.45756714849681,47.001057560598184,143299200
2019-08-07,47.654666900634766,47.779167660416284,46.40488444167236,46.78556545258096,133457600
2019-08-08,48.705745697021484,48.72968942224073,47.738479842936414,47.93241159599385,108038000
2019-08-09,48.30438995361328,48.72977548121816,47.89582211277538,48.378892379334594,98478800
2019-08-12,48.181819915771484,48.5591433982837,47.86217750716622,47.97513398491319,89927600
2019-08-13,50.22223663330078,50.98408951762822,48.181814264515985,48.31159574878954,188874000
2019-08-14,48.72736740112305,49.61419405795877,48.68891335806939,48.825904511255764,146189600
2019-08-15,48.4846305847168,49.30175878721862,47.98714105517574,48.89800235789184,108909600
2019-08-16,49.62861633300781,49.787236519570556,48.98933158147647,49.0950783725183,110481600
2019-08-19,50.55390548706055,51.12589392072789,50.476997383640956,50.61879257374309,97654400
2019-08-20,50.55630874633789,51.27490372840222,50.54669706676171,50.68128258391001,107537200
2019-08-21,51.10425567626953,51.34698995795277,50.85431171958834,51.18837344081834,86141600
2019-08-22,51.060997009277344,51.536853889289645,50.65002720346251,51.23643854407338,89014800
2019-08-23,48.700927734375,50.96245512141073,48.30678298506462,50.33278212314745,187272000
2019-08-26,49.62621307373047,49.79444493377358,49.28253601154714,49.474802566101914,104174400
2019-08-27,49.06623840332031,50.12129694945658,48.91482789577303,49.95546709208185,103493200
2019-08-28,49.39549255371094,49.441156273048314,48.864360275642376,49.05181915815829,63755200
2019-08-29,50.231849670410156,50.306355759343454,49.667070999812736,50.109281524994124,83962000
2019-08-30,50.16695785522461,50.577923970977196,49.79684411690572,50.508229228326634,84573600
2019-09-03,49.436344146728516,49.743969139920104,49.08065343594684,49.61178566616297,80092000
2019-09-04,50.275108337402344,50.344803082405896,49.82568816430708,50.082841787242316,76752400
2019-09-05,51.2580680847168,51.42389794369397,50.83267892479877,50.950443061493466,95654800
2019-09-06,51.25325393676758,51.53204022483421,51.07300475059711,51.44311846648742,77449200
2019-09-09,51.47196578979492,52.017521111519436,50.72693789572652,51.63298798303403,109237600
2019-09-10,52.07999038696289,52.09921740427228,50.88073497811598,51.397447774783345,127111600
2019-09-11,53.735897064208984,53.764739433347756,52.32754966606249,52.40926543357923,177158400
2019-09-12,53.615718841552734,54.41602564529335,53.56044345285348,54.026688587811584,128906800
2019-09-13,52.57268142700195,53.06295761966519,52.156907647555165,52.87309674944196,159053200
2019-09-16,52.84907150268555,52.90435057226379,52.28669479868519,52.32755084977788,84632400
2019-09-17,53.04133224487305,53.07017461149301,52.66160681112901,52.86348870875079,73274800
2019-09-18,53.538822174072266,53.55804919622197,52.73851525459077,53.12785236837871,101360000
2019-09-19,53.10381317138672,53.7767405072033,52.962014363244926,53.35615908872847,88242400
2019-09-20,52.327552795410156,53.48835829201576,52.26506771503566,53.204767926646866,221652400
2019-09-23,52.56547164916992,52.834642604048994,52.30831437342142,52.6207470415799,76662000
2019-09-24,52.31551742553711,53.47151851811177,52.19775698127355,53.120631853049794,124763200
2019-09-25,53.12063980102539,53.2335962580172,52.1857474445808,52.52461681555622,87613600
2019-09-26,52.84666442871094,53.09901405388438,52.59191280094367,52.8731011259611,75334000
2019-09-27,52.58951187133789,53.10382280973313,52.21939810228417,53.002880023860584,101408000
2019-09-30,53.82722473144531,53.9738275789729,53.062966121770074,53.089402821067836,103909600
2019-10-01,53.97623062133789,54.84863804778662,53.88250117060058,54.09159276622988,139223200
2019-10-02,52.6231689453125,53.73350314390421,52.37562326993685,53.608529304650745,138449200
2019-10-03,53.070167541503906,53.103813908761936,51.7026764951259,52.495769961519244,114426000
2019-10-04,54.557830810546875,54.6731929479549,53.80799525329293,54.22857675291312,138478800
2019-10-07,54.569854736328125,55.25960730535331,54.2766490193029,54.37999382145774,122306000
2019-10-08,53.93056106567383,54.81017807266463,53.91373971335013,54.27183612343445,111820000
2019-10-09,54.562644958496094,54.745296196966166,54.22858318869605,54.562644958496094,74770400
2019-10-10,55.29804229736328,55.38216004530796,54.62751698465318,54.778923796903236,113013600
2019-10-11,56.768882751464844,57.112556110931,55.831584770124245,55.98539726442713,166795600
2019-10-14,56.68716812133789,57.23032136758356,56.39877014720684,56.454045539346986,96427600
2019-10-15,56.554996490478516,57.11496750151027,56.449249695667106,56.812150134970125,87360000
2019-10-16,56.3266716003418,56.53576316392705,56.04548329122299,56.08633933608511,73903200
2019-10-17,56.54538345336914,56.754471381621265,56.12239992403728,56.49971972945663,67585200
2019-10-18,56.81696319580078,57.09815156293575,56.30745619677068,56.379556624359665,97433600
2019-10-21,57.80231857299805,57.91768071421455,57.03566163738293,57.083727362633255,87247200
2019-10-22,57.670135498046875,58.208477458025,57.58841973582485,57.95853350048938,82293600
2019-10-23,58.44401168823242,58.458434707831906,57.97296239569402,58.18445601032442,75828800
2019-10-24,58.540130615234375,58.833336257215784,58.114741500691004,58.763637850238034,69275200
2019-10-25,59.261131286621094,59.29717966007289,58.371902625409106,58.4391953673054,73477200
2019-10-28,59.854740142822266,59.9028058534013,59.29476562998881,59.46299745060476,96572800
2019-10-29,58.470436096191406,60.022984167085156,58.29740023636161,59.83552529068843,142839600
2019-10-30,58.463233947753906,58.95351389312253,57.97055566675113,58.82373239756854,124522000
2019-10-31,59.785057067871094,59.883594183478614,57.021235828674115,59.41975464010306,139162000
2019-11-01,61.481807708740234,61.508240739941634,59.881193789695324,59.972517565501164,151125200
2019-11-04,61.885562896728516,61.969680662683295,61.37605963006652,61.84470318148446,103272000
2019-11-05,61.796634674072266,62.051386280807854,61.601966131837685,61.7774039861912,79897600
2019-11-06,61.82306671142578,61.883149774964124,61.37364656965626,61.71011025859934,75864400
2019-11-07,62.53659439086914,62.75836715496231,62.218401564449074,62.37026665689407,94940400
2019-11-08,62.707733154296875,62.78004634493175,61.914664167239536,62.358202234680874,69986400
2019-11-11,63.20429992675781,63.26938179480736,62.25936593412394,62.264184361113024,81821200
2019-11-12,63.14645767211914,63.34653646560139,62.8957669917644,63.047624721518574,87388800
2019-11-13,63.75147247314453,63.8261985317985,62.93189136262116,62.94635399614288,102734400
2019-11-14,63.31037902832031,63.85033723289111,63.18020790529742,63.5779452383564,89182800
2019-11-15,64.06245422363281,64.067272650884,63.39955633590938,63.56105824716516,100206400
2019-11-18,64.38548278808594,64.46502731928551,63.69365943729218,64.07210837908097,86703200
2019-11-19,64.19021606445312,64.60241598727268,63.97326912383115,64.57830913689737,76167200
2019-11-20,63.44296646118164,64.13960829630712,62.770424127126624,64.00944450755844,106234400
2019-11-21,63.158504486083984,63.64061205550533,62.95842572520261,63.56347307886726,121395200
2019-11-22,63.10307693481445,63.44055085554972,62.876485725953685,63.29832996596771,65325200
2019-11-25,64.20951080322266,64.22638633771652,63.281452038993585,63.327252857545794,84020400
2019-11-26,63.7081184387207,64.39994174998013,63.27663002561703,64.3469096134178,105207600
2019-11-27,64.56387329101562,64.59762436682284,63.95400724096207,64.01908914324333,65235600
2019-11-29,64.42161560058594,64.60240591564839,64.09619156219819,64.2649321321405,46617600
2019-12-02,63.676788330078125,64.66269773145665,63.505642149829725,64.42646230113999,94487200
2019-12-03,62.541412353515625,62.560693421017824,61.779681450558876,62.266607486055904,114430400
2019-12-04,63.093414306640625,63.47187050847166,62.83789788720278,62.931912392886424,67181600
2019-12-05,64.0190658569336,64.09379930384016,63.332068402488204,63.58758484552913,74424400
2019-12-06,65.25566864013672,65.32557629817515,64.43367434343493,64.47706961595611,106075600
2019-12-09,64.34208679199219,65.27736940401036,63.85756627540826,65.08452929679349,128042400
2019-12-10,64.7181396484375,65.10141438333517,64.08657238840084,64.74706493312719,90420400
2019-12-11,65.27017211914062,65.34972403822451,64.72298232838638,64.79770846062738,78756800
2019-12-12,65.43647003173828,65.70163071358168,64.4385110100101,64.54939371100679,137310400
2019-12-13,66.3259506225586,66.36210722075081,65.30870330727501,65.43646152513958,133587600
2019-12-16,67.46131896972656,67.68550461462198,66.76709014300219,66.77190857113695,128186000
2019-12-17,67.59391021728516,67.9217399186146,67.20580969773938,67.39142586827938,114158400
2019-12-18,67.43238830566406,67.95306540143068,67.28293612524905,67.44685094529272,116028400
2019-12-19,67.49990844726562,67.77953184581898,67.24198637269039,67.3745630712442,98369200
2019-12-20,67.36006927490234,68.13384985354818,67.14794077021222,68.03261138491365,275978000
2019-12-23,68.45928192138672,68.51954537378231,67.58425541558223,67.62282490788083,98572000
2019-12-24,68.52438354492188,68.67384312928314,68.19896669332938,68.62562941092395,48478800
2019-12-26,69.88392639160156,69.90080192756368,68.62803782360339,68.65696311017838,93121200
2019-12-27,69.8573989868164,70.86259672343512,69.45243030638008,70.17559181703608,146266000
2019-12-30,70.27202606201172,70.55406234489179,68.753389525712,69.77545564632612,144114400
2019-12-31,70.78543853759766,70.79266985648837,69.7898852841712,69.88871821326251,100805600
2020-01-02,72.40052032470703,72.46078378305016,71.15668166173941,71.40978524422886,135480400
2020-01-03,71.69662475585938,72.45594269937853,71.47244650368873,71.62912999102163,146322800
2020-01-06,72.2679214477539,72.306490935931,70.56849521434884,70.8191932093111,118387200
2020-01-07,71.92803955078125,72.5330795245145,71.70867973246871,72.27756311117845,108872000
2020-01-08,73.08511352539062,73.38643082203993,71.63155918060959,71.63155918060959,132079200
2020-01-09,74.63750457763672,74.83034471463299,73.81069163960515,74.06138234642438,170108400
2020-01-10,74.80622863769531,75.37030104945943,74.30483992947904,74.87131787710281,140644800
2020-01-13,76.4044189453125,76.4309386915993,75.00389679896787,75.12201817653433,121532000
2020-01-14,75.3727035522461,76.55146021431688,75.24977111147209,76.34174457661803,161954400
2020-01-15,75.04967498779297,76.052459488537,74.6181867077714,75.17261475653767,121923600
2020-01-16,75.98981475830078,76.1007048279931,75.23049658770428,75.5920773695483,108829200
2020-01-17,76.83108520507812,76.83349074089385,75.93195182564011,76.23808752279956,137816400
2020-01-21,76.31040954589844,76.90098699093934,76.1730071029982,76.45986173724447,110843200
2020-01-22,76.58280944824219,77.13481745633268,76.48879491769239,76.79493065234263,101832400
2020-01-23,76.9516372680664,77.03118181631818,76.08866020754519,76.63585725528034,104472000
2020-01-24,76.72984313964844,77.93993070377184,76.53940855639385,77.19748815287878,146537600
2020-01-27,74.47358703613281,75.15335327614349,73.49249613883003,74.74115326828117,161940000
2020-01-28,76.58037567138672,76.75152179476333,75.25457988632637,75.35341281852345,162234000
2020-01-29,78.18338775634766,79.02948893915872,77.46987057591716,78.209907499375,216229200
2020-01-30,78.07008361816406,78.12311574202653,76.83588948795824,77.26737779773116,126743200
2020-01-31,74.60855865478516,77.78323285410741,74.31447274556798,77.36138873428479,199588400
2020-02-03,74.4036636352539,75.5679502030693,72.85127664058147,73.35266528651083,173788400
2020-02-04,76.86001586914062,77.050450456367,75.60171457078681,76.00668324335653,136616400
2020-02-05,77.48676300048828,78.28465065522497,76.88412837567931,77.98573887898152,118826800
2020-02-06,78.39312744140625,78.39554033416145,77.19991519206019,77.75674904636442,105425600
2020-02-07,77.3275375366211,78.14181565091206,76.83703724788526,77.89294126547146,117684000
2020-02-10,77.69480895996094,77.69480895996094,75.83429386411699,75.91402717049185,109348800
2020-02-11,77.22605895996094,78.26263625107545,77.0085971005104,78.19015142253798,94323200
2020-02-12,79.05999755859375,79.06482742202022,77.67547849475221,77.67547849475221,113730400
2020-02-13,78.49699401855469,78.82319041288298,78.12972535629663,78.33269019916315,94747600
2020-02-14,78.5163345336914,78.76520890109116,78.00891869878639,78.46558778851511,80113600
2020-02-18,77.07865905761719,77.25987847546425,76.01791785904396,76.19913727689102,152531200
2020-02-19,78.1949691772461,78.42451672179727,77.32028463710277,77.32028463710277,93984000
2020-02-20,77.39276885986328,78.44384294584167,76.88777163956716,77.95576130740083,100566000
2020-02-21,75.64098358154297,77.42902110600791,75.02484049800245,76.98684158821678,129554000
2020-02-24,72.0479965209961,73.4977516680358,69.88544951763012,71.8257048611315,222195200
2020-02-25,69.60760498046875,73.09910313567873,69.13643877148064,72.71733735421887,230673600
2020-02-26,70.71184539794922,71.97555199630173,69.22584701532031,69.2330955001589,198054800
2020-02-27,66.08953857421875,69.10503360425979,65.95422860881692,67.9210677200737,320605600
2020-02-28,66.05087280273438,67.27108839739219,61.94564985853806,62.160700515132554,426510000
2020-03-02,72.20023345947266,72.83571074634416,67.10434419306169,68.20615768991611,341397200
2020-03-03,69.9072036743164,73.45426993984877,69.05667582944147,73.3745366413102,319475600
2020-03-04,73.14983367919922,73.30930768219956,70.82781196815235,71.62759322830975,219178400
2020-03-05,70.7770767211914,72.37905058025478,70.41221917601806,71.40529829391956,187572800
2020-03-06,69.83712768554688,70.26964007470336,67.9524487742093,68.13849804691934,226176800
2020-03-09,64.31358337402344,67.19376061426469,63.54762585590985,63.72884532127841,286744800
2020-03-10,68.9455337524414,69.21132371848606,65.0867678159455,66.96420578722295,285290000
2020-03-11,66.5510482788086,67.95006490174187,65.68844167782939,67.02464055415429,255598800
2020-03-12,59.97880935668945,65.23900739248786,59.92323641976663,61.841747078919504,418474000
2020-03-13,67.16474151611328,67.63591489908035,61.119261384040925,64.00427846865324,370732000
2020-03-16,58.52421951293945,62.60044418179931,57.99022457275424,58.46139441002403,322423600
2020-03-17,61.097530364990234,62.245249799692694,57.60361793460999,59.80483021639644,324056000
2020-03-18,59.60185623168945,60.406470866055514,57.29432830722245,57.934639110553675,300233600
2020-03-19,59.14518737792969,61.09269153777121,58.62085961850456,59.77583112302971,271857200
2020-03-20,55.390316009521484,60.84864355194953,55.090698602114166,59.72508103936076,401693200
2020-03-23,54.21360778808594,55.211524041383235,51.37208822817037,55.11004159498472,336752800
2020-03-24,59.65260696411133,59.84832336499044,56.61295251663222,57.11070131069981,287531200
2020-03-25,59.3239860534668,62.39988241978959,59.02920219006361,60.58768835145107,303602000
2020-03-26,62.44579315185547,62.50378100355287,59.52695207272685,59.56561309847068,252087200
2020-03-27,59.860408782958984,61.8248250722316,59.69368630258447,61.07095335601888,204216800
2020-03-30,61.568702697753906,61.74025873047765,60.26150553022684,60.585287078823825,167976400
2020-03-31,61.44305419921875,63.424386025978244,60.88973245903772,61.75958725464871,197002000
2020-04-01,58.210113525390625,60.09721176792105,57.78001959220862,59.56080181765231,176218400
2020-04-02,59.181434631347656,59.23459262853542,57.241178794751,58.07237254686632,165934000
2020-04-03,58.33091735839844,59.36749098851091,57.74134949209258,58.66677725772262,129880000
2020-04-06,63.41956329345703,63.5742000668219,60.256680497705005,60.62394928655553,201820400
2020-04-07,62.68501663208008,65.64977167238716,62.581119246295906,65.43230242458398,202887200
2020-04-08,64.28942108154297,64.60353188066507,63.119952317554805,63.4848025037082,168895200
2020-04-09,64.75334167480469,65.25592782434815,63.958397538567084,64.92490142355433,161834800
2020-04-13,66.02427673339844,66.13301133720609,64.23140932290158,64.83064420547504,131022800
2020-04-14,69.35871124267578,69.64866527052683,67.1840781553046,67.65525160710325,194994800
2020-04-15,68.72565460205078,69.18474234820361,67.80747910974512,68.23515430833677,131154400
2020-04-16,69.271728515625,69.63658597716727,68.22307301485074,69.43845097329417,157125200
2020-04-17,68.33179473876953,69.3345480225858,66.89653644635722,68.7884711835537,215250000
2020-04-20,66.91345977783203,68.06118282102301,66.89413295001411,67.15992291899424,130015200
2020-04-21,64.84513092041016,66.99076973874533,64.13475030153334,66.75639235940385,180991600
2020-04-22,66.71290588378906,67.14782951135057,65.77056644151477,66.11125243793057,116862400
2020-04-23,66.45437622070312,68.0781026916564,66.41571518879498,66.65734110784256,124814400
2020-04-24,68.37287902832031,68.38254612868516,66.93037215656294,66.97870028455014,126161200
2020-04-27,68.42121887207031,68.7522452213369,67.64318307081028,68.09018514896542,117087600
2020-04-28,67.31214904785156,69.06393705890572,67.22033738750322,68.88271760948632,112004800
2020-04-29,69.52302551269531,69.99178036647727,68.59518290617446,68.79814778505363,137280800
2020-04-30,70.98967742919922,71.16606696831562,69.67282086621682,70.06183497622997,183064000
2020-05-01,69.8468017578125,72.24614521202258,69.06876605288338,69.16541493960355,240616800
2020-05-04,70.83504486083984,70.96310628408554,69.18232470328076,69.8709599457229,133568000
2020-05-05,71.89820098876953,72.72939466051092,71.1491592367676,71.2941362490643,147751200
2020-05-06,72.6399917602539,73.27063178737225,72.21472783850132,72.59891211487862,142333600
2020-05-07,73.39146423339844,73.7369949485584,72.9637889533335,73.2658213930559,115215200
2020-05-08,75.13829803466797,75.19159993074032,73.72338371341871,74.05046319414457,133838400
2020-05-11,76.32061767578125,76.81486350373997,74.4380975285037,74.64646215282984,145946400
2020-05-12,75.44842529296875,77.45450365262057,75.32728527754581,77.00385895047138,162301200
2020-05-13,74.53743743896484,76.54836579208815,73.46171369194431,75.62769739388037,200622400
2020-05-14,74.9953384399414,75.0559084279637,73.05467365769209,73.77667057668484,158929200
2020-05-15,74.5519790649414,74.59801285788724,72.73487900802405,72.76880175811006,166348400
2020-05-18,76.30850219726562,76.68161544536761,75.18432690881329,75.87482634655969,135178400
2020-05-19,75.8675537109375,77.17101374486556,75.83605613168199,76.32545901161194,101729600
2020-05-20,77.34304809570312,77.41330397310716,76.68646396339064,76.72522965116472,111504800
2020-05-21,76.76643371582031,77.7452471676142,76.52899661001778,77.20496000564525,102688800
2020-05-22,77.26066589355469,77.34304019898961,76.4029926993938,76.5047461498377,81803200
2020-05-26,76.73735046386719,78.5568683167511,76.68162339962899,78.37758347481825,125522000
2020-05-27,77.0716781616211,77.21704762323688,75.85543536682479,76.59439371595593,112945200
2020-05-28,77.10560607910156,78.36303980666368,76.47083369438819,76.74702903556799,133560800
2020-05-29,77.03050231933594,77.80821903420895,76.67435043039059,77.34788852176631,153532400
2020-06-01,77.97781372070312,78.09895371175787,76.85363105469186,76.9844643152945,80791200
2020-06-02,78.33881378173828,78.36304326033381,77.27035810172477,77.71130947324757,87642800
2020-06-03,78.77005004882812,79.03171651505059,78.08681886833212,78.65860335073907,104491200
2020-06-04,78.0916976928711,78.8912188000404,77.71858439241902,78.59321910796065,87560400
2020-06-05,80.3158187866211,80.37638878570603,78.31216587865904,78.34123829521202,137250400
2020-06-08,80.79067993164062,80.82460267780965,79.30308470158906,80.01296326734492,95654400
2020-06-09,83.34188842773438,83.73438081455681,80.43937898287314,80.47087656345983,147712400
2020-06-10,85.486083984375,85.95368266276594,83.85069379935202,84.2892200574616,166651600
2020-06-11,81.3818588256836,85.05482488773967,81.28010535582771,84.63083484447448,201662400
2020-06-12,82.08445739746094,84.26497730063338,80.97481830000675,83.51875818704126,200146000
2020-06-15,83.09960174560547,83.75133543445982,80.57746645559173,80.73979728329574,138808800
2020-06-16,85.30194854736328,85.5733083880593,83.51877109987304,85.15173611381705,165428800
2020-06-17,85.1832275390625,86.10631378252053,85.06208753447432,86.04574378022643,114406400
2020-06-18,85.2171401977539,85.63386205994001,84.60901508072114,85.13960882948713,96820400
2020-06-19,84.73016357421875,86.38735791979117,83.62294217777347,85.92218445110363,264476000
2020-06-22,86.94700622558594,87.08995051171077,85.07660467814306,85.12263846107449,135445200
2020-06-23,88.80287170410156,90.22021092110661,87.77075672869731,88.18990371305667,212155600
2020-06-24,87.2353286743164,89.35043555341034,86.86221543627708,88.4321923624518,192623200
2020-06-25,88.39344024658203,88.43220593644023,86.63206719010891,87.39040482402382,137522400
2020-06-26,85.67748260498047,88.50973656249651,85.52968795154212,88.2892608623175,205256800
2020-06-29,87.65206146240234,87.74655421504602,85.10812136493809,85.5854132789762,130646000
2020-06-30,88.38373565673828,88.66963165860406,87.22079468512266,87.24017383067029,140223200
2020-07-01,88.21656036376953,89.00397030229519,88.16810880383152,88.46126551068063,110737200
2020-07-02,88.21656036376953,89.75746488824406,88.10269587070599,89.12269252080957,114041600
2020-07-06,90.57637023925781,91.04396881704737,89.61209327585406,89.64359085564888,118655600
2020-07-07,90.29533386230469,91.7320524889195,90.18388713248098,90.95433575857336,112424400
2020-07-08,92.3983383178711,92.42983590629935,91.18451294296761,91.27173760275355,117092000
2020-07-09,92.79568481445312,93.343232702607,91.74903321832477,93.28993079556898,125642800
2020-07-10,92.95800018310547,93.01615241811884,91.78052278573126,92.39106579987347,90257200
2020-07-13,92.5291519165039,96.86838742692706,92.31594434218474,94.26145236714936,191649200
2020-07-14,94.06037139892578,94.25176728421596,90.97856936107081,91.91134148904221,170989200
2020-07-15,94.70726013183594,96.18274459430761,93.51039621887803,95.9331964647362,153198000
2020-07-16,93.54187774658203,94.39712579079603,92.94344589283693,93.58064343111674,110577600
2020-07-17,93.35289764404297,94.14757567538506,92.88044872986721,93.99252033438566,92186800
2020-07-20,95.3202133178711,95.45831468469305,93.09608481622666,93.44012565034129,90318000
2020-07-21,94.004638671875,96.18515864106797,93.75509057115264,96.110052433633,103433200
2020-07-22,94.26873016357422,94.94953641432485,93.6194214977863,93.70663875417605,89001600
2020-07-23,89.97793579101562,94.07973387894577,89.16872158432245,94.00220251459487,197004400
2020-07-24,89.75505065917969,90.09909152751315,86.39220292894763,88.177812817912,185438800
2020-07-27,91.88226318359375,91.97433076494785,90.59333922603253,90.81623268150157,121214000
2020-07-28,90.37286376953125,91.63029754160469,90.36801343757494,91.45343048257014,103625600
2020-07-29,92.10517883300781,92.28931402530422,90.81867244089453,90.85501296732149,90329200
2020-07-30,93.21965026855469,93.32382888856975,90.87195660039106,91.27898520449537,158130000
2020-07-31,102.97869873046875,103.12891115542561,97.71152622340603,99.70791855704327,374336800
2020-08-03,105.57349395751953,108.19011460238991,104.56076548592098,104.85876510860703,308151200
2020-08-04,106.27854919433594,107.36880923031337,105.04049450870605,105.76249159429877,173071600
2020-08-05,106.66378021240234,106.98359161753405,105.5347544170492,105.9999353148589,121776800
2020-08-06,110.38516235351562,110.8794155123001,106.40692979133648,106.99566828403432,202428800
2020-08-07,107.87549591064453,110.36334336865978,107.07938502036484,109.90703455219526,198045600
2020-08-10,109.44344329833984,110.46042737696229,106.79540187658976,109.31965534861051,212403600
2020-08-11,106.1885986328125,109.20556664025784,105.92888988244533,108.70800016951561,187902400
2020-08-12,109.71772766113281,109.97500693123462,107.0842483400898,107.27841885849969,165598000
2020-08-13,111.65945434570312,112.66187605488997,110.60848630688241,111.096349513322,210082000
2020-08-14,111.5599365234375,111.64974056440289,109.75169319709691,111.48469489954057,165565200
2020-08-17,111.2686996459961,112.7055868621794,110.64249334277292,112.6813136922895,119561600
2020-08-18,112.19584655761719,112.62060097941455,110.68614768785797,111.02109807418744,105633600
2020-08-19,112.33662414550781,113.74923783578949,112.24196843606359,112.60361413274605,145538000
2020-08-20,114.82933807373047,114.94341528440668,112.36090456064325,112.37789651709356,126907200
2020-08-21,120.74676513671875,121.22976923366335,115.77592204362502,115.78805492165831,338054800
2020-08-24,122.19091033935547,125.03312924913389,120.32684719233184,124.9481694851035,345937600
2020-08-25,121.18851470947266,121.53317587987507,119.46765321039159,121.06473415847236,211495600
2020-08-26,122.83655548095703,123.29286429117482,121.43850421682247,122.50403462016395,163022400
2020-08-27,121.36812591552734,123.77102105443406,120.22492431150832,123.43850018201364,155552400
2020-08-28,121.17152404785156,122.75888676117691,120.94822130817289,122.3414135230096,187630000
2020-08-31,125.28069305419922,127.18359922499916,122.32926337671675,123.86323528248487,225702700
2020-09-01,130.27096557617188,130.87291336835037,126.72730590113318,128.89233580510103,151948100
2020-09-02,127.57194519042969,133.96025319602614,123.30013540143739,133.58161557752118,200119000
2020-09-03,117.35844421386719,125.08654753719104,116.98951728236517,123.21278063679146,257599600
2020-09-04,117.43611907958984,120.09629366493147,107.65948471911047,116.57204769157234,332607200
2020-09-08,109.53324890136719,115.52349838716887,109.39732807142673,110.63032628792358,231366600
2020-09-09,113.90213775634766,115.66911573534202,111.90215372713668,113.8438880955757,176940500
2020-09-10,110.18370819091797,116.98948882652327,109.22255180899475,116.85356802128679,182274400
2020-09-11,108.73713684082031,111.87304145706314,106.7954022543771,111.23226548811466,180860300
2020-09-14,111.99925231933594,112.55264638404466,109.51383440164483,111.37789783991316,140150100
2020-09-15,112.17398834228516,115.36814206757629,110.3002144975742,114.88270850580793,184642000
2020-09-16,108.86335754394531,112.62061700186764,108.77598303445264,111.8730523722857,154679000
2020-09-17,107.12547302246094,108.93128643390796,105.54296230474263,106.52354015673073,178011000
2020-09-18,103.72745513916016,107.64975978247199,102.99930468969426,107.18374764280628,287104900
2020-09-21,106.87306213378906,106.97985811734019,100.09640588332402,101.49445700826324,195713800
2020-09-22,108.55265045166016,109.57206389177682,105.97985850616931,109.39730751367478,183055400
2020-09-23,103.9992904663086,108.84391540986971,103.65948104238039,108.36819258635005,150718700
2020-09-24,105.06724548339844,107.03810463761715,101.94105203582586,102.1060976756968,167743300
2020-09-25,109.00897216796875,109.16431448128618,104.53327361353669,105.2711347875361,149981400
2020-09-28,111.61091613769531,111.96042899652844,109.49442489570826,111.65946247086177,137672400
2020-09-29,110.7662582397461,111.9507176542682,110.26141045029476,111.21286376254167,99382200
2020-09-30,112.4361343383789,113.84389630124348,110.30994008853341,110.47498574403602,142675200
2020-10-01,113.38761138916016,114.29051842202628,112.45557951767428,114.21284724761975,116120400
2020-10-02,109.72742462158203,112.00896881944756,108.9507351859753,109.60121453266758,144712000
2020-10-05,113.1060562133789,113.25168781010125,110.24200024207266,110.59151311135399,106243800
2020-10-06,109.86334991455078,112.73711630408881,108.97985709448719,112.32934639868184,161498200
2020-10-07,111.72740936279297,112.18371817362878,110.80508099423795,111.28081129884058,96849000
2020-10-08,111.62060546875,113.00894588963777,111.25167118458671,112.86331432521168,83477200
2020-10-09,113.56233978271484,113.59146461414193,111.57205902106843,111.9215718124515,100506900
2020-10-12,120.77591705322266,121.5331925091267,115.80507284543683,116.56234830134088,240226800
2020-10-13,117.57200622558594,121.73702704064348,116.16425187072323,121.62052032019753,262330500
2020-10-14,117.6594009399414,119.44579307201987,116.13513969852242,117.47493379758126,150712000
2020-10-15,117.19340515136719,117.6691281122452,114.70798693128388,115.26138106332213,112559200
2020-10-16,115.55262756347656,118.0089281560019,115.34874631090426,117.74678982617324,115393800
2020-10-19,112.60118103027344,116.91182635817701,112.29050382279274,116.46522833536906,120639300
2020-10-20,114.08659362792969,115.51376943296876,112.26135876123892,112.81475270532265,124423700
2020-10-21,113.46527862548828,115.25167113205254,113.05750867757199,113.27110069621133,89946000
2020-10-22,112.37791442871094,114.60120191835932,111.25170456022265,114.0283862350058,101988000
2020-10-23,111.68855285644531,113.1545642617265,110.95069178127271,112.99922196921514,82572600
2020-10-26,111.69827270507812,113.1545734839859,109.59148528217365,110.68856994284661,111850700
2020-10-27,113.20313262939453,113.86332273009963,111.20314823922772,112.12546926784462,92276800
2020-10-28,107.96043395996094,112.06720563801413,107.86334871753533,111.69827875394513,143937800
2020-10-29,111.96041870117188,113.52351567412646,108.93131000553764,109.09636307884779,146129200
2020-10-30,105.6885986328125,108.72741014836967,104.58181067342728,107.82450340180505,190272600
2020-11-02,105.60121154785156,107.45557127024327,104.1934572111705,105.93131021462096,122866900
2020-11-03,107.22257995605469,108.24198610997585,105.56239787070092,106.4653046968192,107624400
2020-11-04,111.60120391845703,112.22255845771816,109.07695017681739,110.81480370001444,138235500
2020-11-05,115.56232452392578,116.13514003797306,113.46525517113334,114.513786143965,126387100
2020-11-06,115.43102264404297,115.9270137659235,112.94130985657021,115.07117940079969,114457900
2020-11-09,113.12612915039062,118.64044265473571,112.86354597300208,117.1913565886007,154515300
2020-11-10,112.78572845458984,114.36124218625869,110.99624681601809,112.37726248118744,138023400
2020-11-11,116.20906829833984,116.34522361614252,113.24281896631516,113.97222563450443,112295000
2020-11-12,115.93677520751953,117.22053084100786,115.31434868339849,116.33552114136147,103162300
2020-11-13,115.98538208007812,116.38412051420482,114.63354904794981,116.16043996869443,81581900
2020-11-16,116.99683380126953,117.66788289766848,114.90586651270257,115.65472076865481,91183000
2020-11-17,116.1118392944336,117.35669240875295,115.69364575572538,116.26744964367843,74271000
2020-11-18,114.78916931152344,116.53002096182686,114.75999422898965,115.35324564020682,76322100
2020-11-19,115.38241577148438,115.7908817492475,113.60266161420516,114.36124340716778,74113000
2020-11-20,114.11811828613281,115.50885417388024,114.06949561951376,115.38242633677936,73604300
2020-11-23,110.72392272949219,114.39041080457727,110.6266699980908,113.96248988252185,127959300
2020-11-24,112.0077133178711,112.66904248735206,109.49855199073063,110.78231516082027,113874200
2020-11-25,112.84408569335938,113.54431736019659,112.00769869351593,112.37726952874067,76499200
2020-11-27,113.38871765136719,114.26400731693963,113.02888170323342,113.36927006764773,46691300
2020-11-30,115.78115844726562,117.64843779643516,113.60265845332594,113.75826877571102,169410200
2020-12-01,119.35037994384766,120.0797865936806,116.71479147284033,117.68733367261757,127728200
2020-12-02,119.70050811767578,119.98254627518949,117.57063810536371,118.66960823368215,89004200
2020-12-03,119.56433868408203,120.3812705585125,118.85437962376297,120.12840751265676,78967600
2020-12-04,118.89329528808594,119.48654668025314,118.18333614962214,119.23368360656494,78260400
2020-12-07,120.35210418701172,121.14958854018184,118.89329080292673,118.95164096391939,86712000
2020-12-08,120.96481323242188,121.54834457068203,119.71023272701726,120.95509315138429,82225500
2020-12-09,118.43620300292969,122.49170271232049,117.67762117756554,121.1106943933289,115089200
2020-12-10,119.85611724853516,120.4688236783502,116.85096494578069,117.19135328461722,81312200
2020-12-11,119.04889678955078,119.38928508279156,117.23996766557605,119.06834436920384,86939800
2020-12-14,118.43620300292969,119.96309415447033,118.20279492279666,119.23368741163418,79184500
2020-12-15,124.36869049072266,124.3881454893434,120.72165733966631,120.92589030573652,157243700
2020-12-16,124.3006362915039,124.84525763713049,123.08495834508075,123.91162528457596,98208600
2020-12-17,125.16619110107422,126.02203307421959,124.52430962121518,125.3606965932024,94359800
2020-12-18,123.18222045898438,125.55522622218948,122.65704668745983,125.41907088363601,192541500
2020-12-21,124.70909118652344,124.78689634893868,120.06034032088816,121.5872313887212,121251600
2020-12-22,128.25888061523438,130.71941139606707,126.09010064650239,127.99629004452623,168904800
2020-12-23,127.3641128540039,128.79373600877426,127.1890475690477,128.53116034106085,88223700
2020-12-24,128.3463897705078,129.79548292817182,127.50028284184114,127.71424330377316,54930100
2020-12-28,132.93682861328125,133.5689752639016,129.84413593469228,130.31096699096756,124486200
2020-12-29,131.16680908203125,134.9791741005159,130.6513627172758,134.25950211038574,121047300
2020-12-30,130.04833984375,132.25601471943688,129.73711922699422,131.85726886914946,96452100
2020-12-31,129.04660034179688,131.04031440956527,128.10323341470374,130.39843312807264,99116600
2021-01-04,125.85670471191406,129.94137947234472,123.27946608977872,129.85385422543547,143301900
2021-01-05,127.41275024414062,128.12271674575476,124.90358954867594,125.35096549709283,97664900
2021-01-06,123.12386322021484,127.4516812419368,122.90990271047859,124.21311335164054,155088000
2021-01-07,127.32521057128906,128.0157219951703,124.34923410516659,124.8355051575347,109578200
2021-01-08,128.42420959472656,128.98828589154797,126.65417554196101,128.79376556588605,105158200
2021-01-11,125.43851470947266,126.59584254088283,124.97169851220295,125.64275514317653,100384500
2021-01-12,125.263427734375,126.12898962558135,123.3766936515664,124.9716621310865,91951100
2021-01-13,127.29602813720703,127.84064931000806,124.96193315668431,125.22450882511869,88636800
2021-01-14,125.37044525146484,127.40305532059554,125.22455498651907,127.20854980715394,90221800
2021-01-15,123.64903259277344,126.64446478265978,123.51287725867944,125.24400143779671,111598500
2021-01-19,124.32008361816406,125.1759255883475,123.45452156734409,124.27145353534586,90757300
2021-01-20,128.4047393798828,128.85211530015263,125.02029683978466,125.127277070296,104319500
2021-01-21,133.1118621826172,135.83498363825382,129.9219245699571,130.12616498605254,120150900
2021-01-22,135.25146484375,136.01004665089906,131.31266555904966,132.53806351525557,114459400
2021-01-25,138.9957275390625,141.1061423033731,132.79090363932372,139.14161777095364,157611700
2021-01-26,139.22914123535156,140.33783872046894,137.48828243304504,139.6570621664172,98390600
2021-01-27,138.1593475341797,140.3378474829839,136.55465878230473,139.49172564743122,140843800
2021-01-28,133.3258056640625,138.09127131319642,132.94651480242143,135.68909090953088,142621100
2021-01-29,128.33668518066406,132.98543606950525,126.63473619885515,132.10041903740844,177523800
2021-02-01,130.45680236816406,131.66275996689077,127.3349355620146,130.0775115262782,106239800
2021-02-02,131.28347778320312,132.56722577893618,130.9139069960329,132.00314951845078,83305400
2021-02-03,130.26231384277344,132.0420679752551,129.9413731133275,132.0323330550851,89880900
2021-02-04,133.61753845214844,133.6272585293549,130.89441801327774,132.55747128395706,84183100
2021-02-05,133.20361328125,133.84645384942093,132.32702331519238,133.77828189570104,75693800
2021-02-08,133.3497314453125,133.39843419416206,131.411474992241,132.49261062393538,71297200
2021-02-09,132.47312927246094,134.29451105529114,132.31730127973145,133.06726715184539,76774200
2021-02-10,131.86927795410156,133.4276770274743,130.90501685547775,132.9309297060643,73046600
2021-02-11,131.6160430908203,132.84327231685143,130.29140835043972,132.3660090757308,64280000
2021-02-12,131.84976196289062,132.00560480490336,130.2134567077312,130.85629728454018,60145100
2021-02-16,129.72647094726562,132.47313069680968,129.33686380627134,131.96666370650627,80576300
2021-02-17,127.4375991821289,128.78171806051128,126.10322977283343,127.8369410028071,97918500
2021-02-18,126.33695983886719,126.61941198787154,124.09676726976038,125.84021263400942,96856700
2021-02-19,126.49280548095703,127.31097309084008,125.45063790347744,126.85319396385569,87668800
2021-02-22,122.72343444824219,126.34669893995918,122.33383475744539,124.68116007602796,103916400
2021-02-23,122.58709716796875,123.41499201171895,115.31134823227501,120.54170772135137,158273000
2021-02-24,122.09033203125,122.29487019049711,119.05147088701199,121.69099774824254,111039900
2021-02-25,117.84371948242188,123.17147632846172,117.40542445743719,121.43776543888308,148199500
2021-02-26,118.10669708251953,121.60333738053185,118.04825229910983,119.40210545733144,164560400
2021-03-01,124.46688842773438,124.60324720609326,119.59691082635653,120.53194563410155,116307900
2021-03-02,121.86631774902344,125.37270000855568,121.75917765120198,125.07076378614747,102260900
2021-03-03,118.8858871459961,122.4409721711293,118.6716069492106,121.56437474382311,112966300
2021-03-04,117.00607299804688,120.38583846392305,115.53534519039708,118.58394833274576,178155000
2021-03-05,118.26252746582031,118.76900926850234,114.51264641529035,117.83397451469976,153766600
2021-03-08,113.33415222167969,117.85349215272583,113.18805136504277,117.78531274376171,154376600
2021-03-09,117.94112396240234,118.88590088596752,115.70093853482196,115.93469539878758,129525800
2021-03-10,116.85997772216797,118.99302271119,116.34375389003466,118.52550905510117,111943300
2021-03-11,118.78850555419922,120.00600008566362,118.1067115889779,119.35342480023796,103026500
2021-03-12,117.88267517089844,118.01903394756955,116.06130832636462,117.26906067587845,88105100
2021-03-15,120.76570892333984,120.77545095974142,117.28854502762586,118.25280599447676,92403800
2021-03-16,122.30462646484375,123.91172068145192,121.47673169598399,122.43124321692929,115227900
2021-03-17,121.51567840576172,122.58707194968112,119.15860369194408,120.82414250531377,111932600
2021-03-18,117.39569091796875,119.97678079779097,117.19115272943903,119.68457913932171,121229700
2021-03-19,116.8697280883789,118.27228410779664,116.56779183514182,116.7820720526636,185549500
2021-03-22,120.18130493164062,120.6488260443175,117.13270167198472,117.20088106018801,111912300
2021-03-23,119.35342407226562,121.0092136525593,118.96382433837393,120.12288150317761,95467100
2021-03-24,116.96713256835938,119.7040653634643,116.94765592524341,119.62614392900645,88530500
2021-03-25,117.4541244506836,118.49630686413842,115.9054750318424,116.43143354135354,98844700
2021-03-26,118.0579833984375,118.32096632192953,115.82753300565001,117.22034674678821,94071200
2021-03-29,118.23332214355469,119.39237925463331,117.59048892877756,118.4865630734955,80819200
2021-03-30,116.78207397460938,117.26907177481125,115.76911765846987,116.98661215897457,85671900
2021-03-31,118.97357940673828,120.30794879540358,117.99958368082311,118.4865815437807,118323800
2021-04-01,119.80146789550781,120.95078308800542,119.3047280211155,120.44430860719166,75089100
2021-04-05,122.62603759765625,122.87927851383142,119.86962848939254,120.64882787870255,88651200
2021-04-06,122.92798614501953,123.82406033078875,122.3825509764638,123.21044576616356,80171300
2021-04-07,124.57402801513672,124.59350465582355,121.88579830959569,122.55785759372996,83466700
2021-04-08,126.97005462646484,126.99927330265552,125.17790646414029,125.59671739753477,88844600
2021-04-09,129.54141235351562,129.58036563750287,126.1032091394081,126.42462946477704,106686700
2021-04-12,127.8271713256836,129.39530463290586,127.23303349221449,129.07388434312833,91420000
2021-04-13,130.9342498779297,131.15827961533503,128.49926034784548,128.9960077236605,91266500
2021-04-14,128.5966339111328,131.4894019428346,128.2362603060902,131.43096458655666,87222800
2021-04-15,131.00244140625,131.4894393296933,130.16480438344763,130.34013136412574,89347100
2021-04-16,130.67129516601562,131.16802773098817,129.81417400731962,130.80765399926287,84922400
2021-04-19,131.3335418701172,131.94716375459052,129.87254870669761,130.03812614844625,94264200
2021-04-20,129.64857482910156,132.00564275979164,128.38237738217003,131.50891027779352,94812300
2021-04-21,130.0283966064453,130.27189547649485,127.88560952240783,128.91804235349915,68847100
2021-04-22,128.50901794433594,130.66154050233413,127.99280132027316,129.58040448812767,84566500
2021-04-23,130.8270721435547,131.6062565911259,128.72323846633472,128.72323846633472,78657500
2021-04-26,131.21669006347656,131.5478450047434,130.08685158645528,131.32383017529745,66905100
2021-04-27,130.89527893066406,131.88875868630524,130.62256132903624,131.49915149684074,66015800
2021-04-28,130.10630798339844,131.50886374451756,129.61931028089822,130.81732046769145,107760100
2021-04-29,130.0089111328125,133.5055661641117,129.0056969879915,132.92116293750138,151101000
2021-04-30,128.04147338867188,130.08685531571498,127.66161568350715,128.35314426527148,109839500
2021-05-03,129.09335327148438,130.58358001612103,128.40182480933737,128.6063555356659,75135100
2021-05-04,124.52532958984375,128.07068022860358,123.40523322106765,127.77847859118502,137564700
2021-05-05,124.76881408691406,127.05769431206177,124.64218993171366,125.84020008741192,84000900
2021-05-06,126.36617279052734,126.37590739453778,123.82403668567083,124.56427529521159,78128300
2021-05-07,127.03941345214844,128.0638342068742,126.32717811895671,127.6638289569363,78973300
2021-05-10,123.76119232177734,126.38568557584613,123.72216543128324,126.25886120807223,88071200
2021-05-11,122.84410858154297,123.19533577203656,119.7805603965293,120.492788250042,126142800
2021-05-12,119.78054809570312,121.60501628867115,119.27321336720668,120.39521236408822,112172300
2021-05-13,121.9269790649414,123.0782463378904,121.23426847309511,121.5464761686261,105861300
2021-05-14,124.34659576416016,124.7758841676664,122.7855571745272,123.17581868284023,81918000
2021-05-17,123.19530487060547,123.83923735283338,122.12209151050999,123.73191527246206,74244600
2021-05-18,121.80989837646484,123.8977887358132,121.74160317568686,123.47825894714309,63342900
2021-05-19,121.65380096435547,121.87819629608094,119.86835967667767,120.16105765432343,92612000
2021-05-20,124.21000671386719,124.61002681126666,122.05382097524402,122.18066024691666,76857100
2021-05-21,122.37578582763672,124.88320615344152,122.16114162608143,124.70758884704348,79295400
2021-05-24,124.005126953125,124.82467691264395,122.87337670112784,122.94167191078611,63092900
2021-05-25,123.80998229980469,125.19541091008112,123.24410353248182,124.7075784829674,72009500
2021-05-26,123.76119232177734,124.28804417802037,123.34166255348855,123.86851440973157,56575900
2021-05-27,122.22941589355469,124.53195020806949,122.03428889481324,123.36117332838509,94625600
2021-05-28,121.57573699951172,122.736762785055,121.51720038633076,122.51236002849775,71311100
2021-06-01,121.25377655029297,122.29772171588232,120.92205913488071,122.03429950032661,67637100
2021-06-02,122.0147705078125,122.19038778236961,121.02936949732552,121.25376479927095,59278900
2021-06-03,120.53179931640625,121.80989840712398,120.13177925202119,121.64403969713835,76229200
2021-06-04,122.8245849609375,123.08801464449839,120.83425795335646,121.04890215666704,75169300
2021-06-07,122.8343276977539,123.24409888195902,121.79038257021139,123.09774990370911,71057600
2021-06-08,123.65388488769531,125.33201160333881,123.13679155370112,123.51729447658813,74403800
2021-06-09,124.03438568115234,124.63929137968418,123.43923856713752,124.11243947005046,56877900
2021-06-10,123.03923034667969,125.06858426923962,122.87337162202547,123.92706803553762,71186400
2021-06-11,124.24903106689453,124.33684344114933,123.02946851727127,123.44899833208643,53522400
2021-06-14,127.30281066894531,127.36134728829198,123.9758479654745,124.70758548178374,96906500
2021-06-15,126.4832763671875,127.41990699875254,126.23936384604688,126.775974370004,62746300
2021-06-16,126.98082733154297,127.70281361013316,125.33199152138447,127.19547149849583,91815000
2021-06-17,128.58091735839844,129.3224209462561,126.49302678487064,126.6393832290609,96721700
2021-06-18,127.28329467773438,128.30771518043744,127.06865050509046,127.52720715689915,108953300
2021-06-21,129.07850646972656,129.18582857227696,126.06375134431808,127.12720634134745,79663300
2021-06-22,130.7175750732422,130.8151460223462,128.4150406144124,128.91263161271146,74783600
2021-06-23,130.4444122314453,131.0493254021088,129.98585550457855,130.51271488266488,60214200
2021-06-24,130.1614532470703,131.36149842351492,129.69313058879897,131.1761225655203,68711000
2021-06-25,129.86878967285156,130.62979558487248,129.57609165578822,130.2102731739654,70783700
2021-06-28,131.4981231689453,131.95667992046137,130.10295063063353,130.16148725640332,62111300
2021-06-29,133.01036071777344,133.16646828417475,131.07857796707717,131.51761747124857,64556100
2021-06-30,133.62501525878906,134.06405473109936,132.5615455661884,132.85424351014055,63261400
2021-07-01,133.92745971679688,133.98599632611845,132.45421890843855,133.27377610064684,52485800
2021-07-02,136.55201721191406,136.5910366720055,134.39582358263397,134.5421651670288,78852600
2021-07-06,138.5618133544922,139.66428770082487,136.65929888430668,136.65929888430668,108181800
2021-07-07,141.04971313476562,141.36191336128311,139.1862182535438,140.04478004189397,104911600
2021-07-08,139.75213623046875,140.55216163148216,137.24470813835896,138.1325533693018,105575500
2021-07-09,141.57656860351562,142.10341304013653,139.17646311232951,139.27403406481795,99890800
2021-07-12,140.98143005371094,142.75712026323748,140.49360503622404,142.64979816390084,76299700
2021-07-13,142.0936737060547,143.8693639556699,140.1326224508896,140.52287651879445,100827100
2021-07-14,145.5181884765625,145.9279745686904,144.0839818158266,144.4937679079545,127050800
2021-07-15,144.864501953125,146.34749406137325,143.50834910364574,145.6060054508676,106820300
2021-07-16,142.8253936767578,146.1133292004128,142.32781756831105,144.8449961921481,93251400
2021-07-19,138.9813232421875,140.56188618036083,138.22031752231123,140.2496710710599,121434600
2021-07-20,142.59124755859375,143.518127007473,139.47893643261804,139.96676145319105,96350000
2021-07-21,141.8594970703125,142.57173225410514,141.10825732605966,141.9863363279922,74993500
2021-07-22,143.22543334960938,144.59133749363102,142.25953442025497,142.3863736933565,77338200
2021-07-23,144.94256591796875,145.0986734955369,143.34250046599004,143.95716474814094,71447400
2021-07-26,145.36207580566406,146.1816181027515,144.10347916841854,144.65960672609336,72434100
2021-07-27,143.19613647460938,145.57672455410125,142.00584243486344,145.48890475095865,104818600
2021-07-28,141.44973754882812,143.391286472983,139.06914908747908,141.28387882976534,118931200
2021-07-29,142.0936737060547,142.9815188308623,141.05948702759235,141.16680912935195,56699500
2021-07-30,142.3083038330078,142.76686050541852,140.60091640214495,140.86434605990442,70440600
2021-08-02,141.97659301757812,143.37176538004852,141.71316334757606,142.79613544954273,62880000
2021-08-03,143.7717742919922,144.43520909857267,141.64484970305608,142.2595139229218,64786600
2021-08-04,143.3717498779297,144.191292221281,142.7180662311683,143.6839649919127,56368300
2021-08-05,143.4790802001953,144.24008597517638,142.61075233452527,143.40102641721816,46397700
2021-08-06,142.79507446289062,143.74287381363573,142.29675296375655,143.00027443873307,54126800
2021-08-09,142.74624633789062,143.34228507821692,142.18930041536296,142.8537292225246,48908700
2021-08-10,142.2674560546875,144.3291621434574,141.97431959044943,143.0882262269222,69023100
2021-08-11,142.5215301513672,143.36184690994065,142.19908146277635,142.7071837820295,48493500
2021-08-12,145.48216247558594,145.6385039280885,142.50196876649986,142.84396383015653,72282600
2021-08-13,145.6873779296875,146.01959236929383,144.87637333214747,145.56034862237908,59375000
2021-08-16,147.6610870361328,147.72949199860398,143.11752446564824,145.1401375440863,103296000
2021-08-17,146.75244140625,148.20832862251999,145.67761233221978,146.79151932278535,92229700
2021-08-18,143.01007080078125,147.2702784625577,142.8048707810112,146.37133747643588,86326000
2021-08-19,143.3423309326172,144.61257954567083,141.19268746182053,141.71055564175415,86960300
2021-08-20,144.79818725585938,145.10108950161558,143.42045616108942,144.06535347049768,60549600
2021-08-23,146.2834014892578,146.75241093803115,144.50505101044897,144.91543614181833,60131800
2021-08-24,146.19544982910156,147.40707372149436,145.73620613091066,146.02934262692168,48606400
2021-08-25,144.9643096923828,146.8794554129226,144.41712946066949,146.3811188443998,58991300
2021-08-26,144.1630859375,145.7069245583274,144.13377377269998,144.95455911573424,48597200
2021-08-27,145.1988067626953,145.34536755607812,143.4693148530707,144.10443150378484,55802400
2021-08-30,149.61537170410156,149.97691325126357,145.20860233340446,145.5896753840009,90956700
2021-08-31,148.3549041748047,149.30270392723426,147.8272553901817,149.16590885521063,86453100
2021-09-01,149.01931762695312,151.43278500420377,148.85321040744938,149.33200056452,80313700
2021-09-02,150.13320922851562,151.17872592141705,148.91181958328025,150.34817499884036,71115500
2021-09-03,150.7683563232422,151.0908050119508,149.58604446464392,150.24070759279422,57808700
2021-09-07,153.1036376953125,153.66058362239795,150.8562777588282,151.4230043452141,82278300
2021-09-08,151.55979919433594,153.44561765373206,150.4556581818044,153.38699333617137,74420200
2021-09-09,150.5436248779297,152.53692642541913,150.42636132134103,151.93112186962642,57305700
2021-09-10,145.56033325195312,151.9213251437336,145.2965089144569,151.45231569560596,140893200
2021-09-13,146.12709045410156,147.954284971399,145.3453979370689,147.18237311566395,102404300
2021-09-14,144.72979736328125,147.61228914708835,143.54750041568678,146.90876744705565,109296300
2021-09-15,145.6189727783203,146.01959220126037,143.01985176888803,145.15972903193406,83281300
2021-09-16,145.3844451904297,145.56033305169905,143.8503875542624,145.04246503666727,68034100
2021-09-17,142.7169189453125,145.4137565229727,142.423782481279,145.4137565229727,129868800
2021-09-20,139.66836547851562,141.52487196661303,138.0365905336095,140.50868223734292,123478900
2021-09-21,140.14715576171875,141.2903898304163,139.51203897648207,140.63571172252995,75834000
2021-09-22,142.51174926757812,143.0784609405733,140.4109501394529,141.14378392401113,76404300
2021-09-23,143.4693145751953,143.71359250338787,142.30654925147212,143.29342671393508,64838200
2021-09-24,143.55728149414062,144.0946960320379,142.22840868658764,142.3261258424034,53477900
2021-09-27,142.04270935058594,142.61921652920344,140.52819828937186,142.1404264749726,74150700
2021-09-28,138.66192626953125,141.43691994614318,138.44696050068399,139.97125238193445,108972300
2021-09-29,139.56088256835938,141.14379894035906,138.77919013309102,139.2091217179658,74602000
2021-09-30,138.26132202148438,141.07540882378817,138.04635622911155,140.37188712321222,89056700
2021-10-01,139.38494873046875,139.64877300866175,135.9259806000398,138.65211510957346,94639600
2021-10-04,135.95530700683594,138.95504676613083,135.10522468851968,138.5153346198599,98322000
2021-10-05,137.88023376464844,138.9843747661612,136.17028827499877,136.29731756814027,80861100
2021-10-06,138.7498779296875,138.8964387383312,135.20295726507902,136.27778622694314,83221100
2021-10-07,140.0102996826172,140.91902112673358,139.45335388293273,139.78556821323843,61732700
2021-10-08,139.6292266845703,140.87992820552267,139.29701235452882,140.73336744507444,58773200
2021-10-11,139.54135131835938,141.49557516408288,138.56423939549762,139.0137174402137,64452200
2021-10-12,138.2710723876953,139.97125212650982,137.81182869231796,139.95170571768443,73035900
2021-10-13,137.68479919433594,138.16357433643927,136.01393179740973,138.00724781162134,78762700
2021-10-14,140.4695587158203,140.58682224669744,138.27105760850728,138.85733053427336,69907100
2021-10-15,141.52484130859375,141.58346561937512,140.22528108462743,140.47933964406647,67940300
2021-10-18,143.1957244873047,143.47908032380766,139.88331637742027,140.16667221392322,85589200
2021-10-19,145.3551483154297,145.75576773810008,143.19573955238386,143.64520263819782,76378900
2021-10-20,145.84365844726562,146.32244845404824,144.72975192352953,145.2964783878217,58418800
2021-10-21,146.05865478515625,146.21499623763387,144.4855043297612,145.40399172614036,61421000
2021-10-22,145.2867431640625,146.74263007605518,145.23788459644618,146.26385487822307,58883400
2021-10-25,145.2378692626953,145.95115656405432,144.24121124480388,145.27694716693773,50720600
2021-10-26,145.90234375,147.38754297777294,145.5994265625498,145.91210950073977,60893400
2021-10-27,145.44308471679688,146.30293288736218,145.09132390307514,145.94140632392705,56094900
2021-10-28,149.07789611816406,149.66415402291673,146.2931226145936,146.39083972015422,100077900
2021-10-29,146.371337890625,146.50813293434493,143.05892977311782,143.85038787675046,124953200
2021-11-01,145.55055236816406,146.27360541935798,144.41709931929685,145.57986452377787,74588300
2021-11-02,146.58628845214844,148.10081443519022,145.2476354029817,145.25741606122364,69122000
2021-11-03,148.02267456054688,148.49168405814817,146.3908996149076,146.9478455977698,54511500
2021-11-04,147.5048065185547,148.94114717338857,147.19212358039826,148.11061107430388,60394600
2021-11-05,148.03318786621094,148.93344079375584,146.83937063089465,148.6300964838691,65463900
2021-11-08,147.2112579345703,148.3170106437663,146.93726849126057,148.1604409815022,55020900
2021-11-09,147.5732879638672,148.17997664131613,146.83938459031998,146.97637928946335,56787900
2021-11-10,144.74530029296875,146.9078752619248,144.67681041564214,146.80023551358215,65187100
2021-11-11,144.69639587402344,146.22291262356347,144.51047128224292,145.7630135429795,41000000
2021-11-12,146.77085876464844,147.1720478294866,144.31471985327795,145.24432757919843,63804000
2021-11-15,146.78067016601562,148.62032601011296,146.22289645235986,147.14272437440852,59222800
2021-11-16,147.75918579101562,148.23867461686362,146.1348097014568,146.72193826652372,59256200
2021-11-17,150.19578552246094,151.67337235529826,147.7494408070529,147.7592208106454,88807000
2021-11-18,154.4817657470703,155.2645990140686,149.7652210699027,150.411059635024,137827700
2021-11-19,157.104248046875,157.5641620110988,153.1705218782956,154.2664794451428,117305600
2021-11-22,157.56417846679688,162.14372871908944,157.54460352782965,158.21000213967926,117467900
2021-11-23,157.94581604003906,158.3274452479913,155.6462458566702,157.66203166951047,96041900
2021-11-24,158.4644012451172,158.660105803449,156.21376149604953,157.29993896578694,69463600
2021-11-26,153.4445343017578,157.00641185994465,153.00419520836275,156.14530861301552,76959800
2021-11-29,156.8009033203125,157.73051124922804,155.38201155737082,155.9495652762871,88748200
2021-11-30,161.75225830078125,161.9675377540219,156.4877215591112,156.5562263539141,174048100
2021-12-01,161.23365783691406,166.64497001692308,160.99880341826756,163.88548659020162,152052500
2021-12-02,160.245361328125,160.6759203936693,154.41328379839803,155.3331118145511,136739200
2021-12-03,158.3665313720703,161.41957902573364,156.29203631008477,160.4997512359703,118023100
2021-12-06,161.7718963623047,164.27695105253582,160.75420856233345,160.7639885662799,107497000
2021-12-07,167.506103515625,167.89752761795768,164.72705957992557,165.4511829707639,120405400
2021-12-08,171.32240295410156,172.18352101189242,167.03640253357247,168.43571937748263,116998900
2021-12-09,170.81356811523438,172.95656843850207,170.18730447599066,171.15606234208923,108923700
2021-12-10,175.59857177734375,175.77471631207035,170.94073811179362,171.44958185163827,115402700
2021-12-13,171.96827697753906,178.221134326904,171.76277742360364,177.2328013708556,153237000
2021-12-14,170.5885009765625,173.92531854630914,168.51400556372403,171.48875398461132,139380400
2021-12-15,175.4518585205078,175.6475631254731,168.6118728318842,171.3517820953112,131063300
2021-12-16,168.5629119873047,177.2523322197485,167.08532532021002,175.43225135839342,150185800
2021-12-17,167.4669647216797,169.74695967221308,166.0480878451819,166.28292736988075,195432700
2021-12-20,166.10682678222656,166.91901512025265,163.865981314703,164.66837471661833,107499100
2021-12-21,169.2772674560547,169.48275204230814,165.49031583648394,167.8779505711604,91185900
2021-12-22,171.87037658691406,172.08565609490324,168.45527432954148,169.32617236411534,92135300
2021-12-23,172.49664306640625,173.05441678226669,171.50832525865067,172.07587897729215,68356600
2021-12-27,176.45974731445312,176.54781214494253,173.26971902697096,173.28927903509933,74919600
2021-12-28,175.44204711914062,177.43827272382592,174.69836371754772,176.29338521436063,79144300
2021-12-29,175.53012084960938,176.75329313798875,174.3167285642682,175.48119097181373,62348900
2021-12-30,174.37538146972656,176.6945255240228,174.26774174626726,175.61812828942982,59773000
2021-12-31,173.75894165039062,175.3833028387427,173.45558242966288,174.2677704894889,64062300
2022-01-03,178.10366821289062,178.9550062933326,173.89596741451703,174.0133871781769,104487900
2022-01-04,175.84324645996094,179.01371442958575,175.27569272230144,178.71037008888723,99310400
2022-01-05,171.1658172607422,176.3031403228598,170.8918278919333,175.75516158524204,94537600
2022-01-06,168.30848693847656,171.53766438344002,167.95621276391145,168.99346035254746,96904000
2022-01-07,168.474853515625,170.40257420223315,167.35932100577125,169.17940193566972,86709100
2022-01-10,168.4944305419922,168.79777487885306,164.56070430318124,165.4511773077938,106765600
2022-01-11,171.32240295410156,171.4202477771128,167.15383722500894,168.62164395189677,76138300
2022-01-12,171.76272583007812,173.37730710526796,171.06797240622825,172.34005950483805,74805200
2022-01-13,168.4944305419922,172.82934594142114,168.10300645305696,172.00737775161056,84505800
2022-01-14,169.35556030273438,170.05031384521072,167.41804452412237,167.66267899736397,80440800
2022-01-18,166.1557159423828,168.83689986985863,165.77408681023036,167.82900716362772,90956700
2022-01-19,162.662353515625,167.40826837840387,162.37858408989868,166.3514456378891,94815000
2022-01-20,160.97926330566406,166.0383024176851,160.65634400941124,163.39625309442948,91420500
2022-01-21,158.92433166503906,162.76019814543096,158.81669190708894,160.89118731707072,122848900
2022-01-24,158.1512908935547,158.8167044309835,151.3798104055977,156.58563920962845,162294600
2022-01-25,156.3507537841797,159.26679197315192,153.64999508546384,155.5679206315474,115798400
2022-01-26,156.26271057128906,160.8618354481178,154.43284958250229,159.99093736491258,108275300
2022-01-27,155.80276489257812,160.32360403043404,154.8829371180898,158.96343730234798,121954600
2022-01-28,166.67437744140625,166.69395238194963,159.30598757947982,162.1535367106973,179935700
2022-01-31,171.0288543701172,171.24413390438698,165.8719554140601,166.5080140130585,115541600
2022-02-01,170.86248779296875,171.08754730875657,168.61184784118433,170.2753591337895,86213900
2022-02-02,172.06607055664062,172.10522042730014,169.60994623393472,170.99946801633135,84914300
2022-02-03,169.1891632080078,172.45749049022623,168.42590499267487,170.7352545735362,89418100
2022-02-04,168.90504455566406,170.5804825811808,167.22960653014735,168.20939100229583,82465400
2022-02-07,168.1898193359375,170.43351937589156,167.49416572772904,169.36555780513737,77251200
2022-02-08,171.29571533203125,171.80520742660315,167.96443926792173,168.25837758980256,74829200
2022-02-09,172.7164306640625,173.07894618735656,171.36432311182244,172.49108438879807,71285000
2022-02-10,168.6405029296875,171.93257943938036,168.08203354026793,170.6196718007765,90865900
2022-02-11,165.23085021972656,169.58109560057568,164.64297356543503,168.84625725787345,98670700
2022-02-14,165.46603393554688,166.15188018995096,163.19292640629095,163.98654956855333,86185500
2022-02-15,169.29696655273438,169.45373566949445,166.80832036305304,167.5137664381475,62527400
2022-02-16,169.06182861328125,169.83585183660028,166.6123672162483,168.3759824121772,61177400
2022-02-17,165.46603393554688,168.4347801834387,165.06431864713625,167.57256492057238,69589300
2022-02-18,163.91799926757812,167.0924924366006,162.8304375466239,166.38706113818523,82772700
2022-02-22,160.9981689453125,163.32025303287986,158.8720237841658,161.64481524353263,91162800
2022-02-23,156.83412170410156,162.7911986729469,156.52058346872764,162.19352949330056,90009200
2022-02-24,159.45010375976562,159.55788063172187,148.92721490354398,149.4954915965567,141147500
2022-02-25,161.51747131347656,161.78200234869726,157.61791846840168,160.5278794584224,91974200
2022-02-28,161.7820281982422,162.07596656799925,159.1464052349538,159.76367431641097,95056600
2022-03-01,159.90081787109375,163.23209394256236,158.69568719407653,161.37049453342058,83474400
2022-03-02,163.19290161132812,163.97673219026618,159.65587901852524,161.0667710705488,79724800
2022-03-03,162.8695831298828,165.49541352335572,162.203336805619,165.06430592514928,76678400
2022-03-04,159.87142944335938,162.2033212553789,158.82306783943153,161.16475211398938,83737200
2022-03-07,156.07969665527344,161.68406601052743,155.8249430798264,160.05761991470098,96418800
2022-03-08,154.2572784423828,159.58730866544224,152.65043241487155,155.60938587479396,131148300
2022-03-09,159.6558837890625,160.10659124427465,156.1874531828048,158.21559935544633,91454900
2022-03-10,155.31546020507812,157.1476526374479,152.82679892923494,156.96149116992498,105342000
2022-03-11,151.60205078125,156.06007322521145,151.37670453340775,155.71714267170483,96970100
2022-03-14,147.5751495361328,151.00439558659642,147.06567231572745,148.38837253642478,108732100
2022-03-15,151.95477294921875,152.42508026860065,147.33999637401098,147.84947354452075,92964300
2022-03-16,156.3638153076172,156.76553056777536,151.3375306500096,153.8751690879972,102300200
2022-03-17,157.3729705810547,157.74529344907543,154.44342469949348,155.40360925613626,75615400
2022-03-18,160.66506958007812,161.15496186500974,156.53037749922927,157.2652159266267,123511700
2022-03-21,162.03677368164062,162.9871658912754,159.71467413165345,160.2045664067095,95811400
2022-03-22,165.40724182128906,165.99510360566663,161.57628048257416,162.1641422669517,81532000
2022-03-23,166.76913452148438,169.15000379737148,164.2608735199057,164.5940116285297,98062700
2022-03-24,170.55113220214844,170.61970935790146,166.76916261119956,167.60197064721902,90131400
2022-03-25,171.18792724609375,171.73660410420254,169.2577508307534,170.36491195893058,80546200
2022-03-28,172.05018615722656,172.17754799227433,168.5229555265403,168.6895171187773,90371900
2022-03-29,175.34225463867188,175.39123190730578,172.77520887835874,173.11813946075333,100589400
2022-03-30,174.17628479003906,175.97908457885987,173.12790825883917,174.9405154603071,92633200
2022-03-31,171.08018493652344,174.43104638306448,170.87442359799343,174.2448849220912,103049300
2022-04-01,170.78627014160156,171.3447546015878,168.4641851666293,170.51193161925582,78751300
2022-04-04,174.83274841308594,174.8817406281064,170.9136104166494,171.0409871856376,76468400
2022-04-05,171.52105712890625,174.695564012496,170.89399570193683,173.9117334912033,73401800
2022-04-06,168.35638427734375,170.11999949152553,166.69075350018778,168.87566890286308,89058800
2022-04-07,168.66009521484375,169.85543344405016,166.41639539463952,167.69991063657648,77594700
2022-04-08,166.65151977539062,168.30735775145232,165.7795122847829,168.30735775145232,76575500
2022-04-11,162.39927673339844,165.61296861541499,162.1543306146452,165.29944535757966,72246700
2022-04-12,164.2706756591797,166.4359910689201,163.27129126604743,164.62339868320723,79265200
2022-04-13,166.95529174804688,167.58235330112555,163.39868377604554,164.00614545081112,70618900
2022-04-14,161.9485321044922,167.80765268372826,161.70358604199197,167.17078395103502,75329400
2022-04-18,161.73306274414062,163.23213209405864,160.26338573831293,160.6063014028095,69023900
2022-04-19,164.01593017578125,164.42745284930518,160.59649161266293,161.68405307765963,67723800
2022-04-20,163.849365234375,165.4660187034269,162.74221886501599,165.34843439183405,67929800
2022-04-21,163.0557403564453,168.06243992326603,162.55605562621574,165.49540922825548,87227800
2022-04-22,158.51934814453125,164.4764404677371,158.2352171809879,163.09495550660975,84882400
2022-04-25,159.5873260498047,159.87145701566283,155.25667975939896,157.8628955248933,96046400
2022-04-26,153.63021850585938,159.0582182667308,153.55183394880203,158.9700412464134,95623200
2022-04-27,153.40487670898438,156.55976925790796,152.23893068313222,152.75821530720194,88063200
2022-04-28,160.33193969726562,161.19415486672693,155.717147988404,156.030686213781,130216800
2022-04-29,154.46298217773438,162.8401405674163,154.0710744549568,158.56828060772708,131747600
2022-05-02,154.7667236328125,155.03125461082482,150.17153319957092,153.54199334464877,123055300
2022-05-03,156.25601196289062,157.46115753940876,153.15990462040372,154.9528969165434,88966500
2022-05-04,162.6638641357422,163.11455673679546,156.0405098303941,156.44222515548867,108256500
2022-05-05,153.60086059570312,160.76308477987206,151.81764516116996,160.5377384717739,130525300
2022-05-06,154.32691955566406,156.44636712680793,151.2851189689877,153.0807608024048,116124600
2022-05-09,149.20494079589844,152.90416000742098,148.6456508199546,152.0210492953049,131577900
2022-05-10,151.60894775390625,153.79708852885074,150.05861170075954,152.59999379126018,115366700
2022-05-11,143.7493438720703,152.53129738037643,143.07229678522884,150.6179132038416,142689800
2022-05-12,139.88328552246094,143.45494014257622,136.1938888181264,140.08934914213407,182602000
2022-05-13,144.347900390625,145.31931779066926,140.4230033804494,141.87521108197208,113990900
2022-05-16,142.80734252929688,144.7501769403197,141.4728772141811,142.8171643521235,86643800
2022-05-17,146.43792724609375,146.95797495332027,143.92598033573168,146.06505720231044,78336300
2022-05-18,138.1759796142578,144.59317839270622,137.27324030149254,144.09275951105042,109742900
2022-05-19,134.77114868164062,139.00022255113117,134.03523053806913,137.25364468817165,136095600
2022-05-20,135.006591796875,138.0581987019196,130.12010100370028,136.47842763585558,137426100
2022-05-23,140.42298889160156,140.5701665253798,135.06549843768857,135.20286921997902,117726300
2022-05-24,137.72459411621094,139.30436527340177,134.75148674775386,138.1661418989175,104132700
2022-05-25,137.88160705566406,139.12775081330722,135.7425308510417,135.83083742178036,92482700
2022-05-26,141.0803985595703,141.62988165478208,134.56507119637524,134.81037721904417,90601500
2022-05-27,146.8303680419922,146.869610416665,142.5326018592053,142.6601657784012,90978500
2022-05-31,146.04539489746094,147.8312299883083,144.08294665114528,146.27108722583742,103718400
2022-06-01,145.91786193847656,148.8909701597807,144.90718720632282,147.08550619630913,74286600
2022-06-02,148.3708953857422,148.429766433254,144.1025647736461,145.05435330119587,72348100
2022-06-03,142.65037536621094,145.19174238635256,141.74765092180013,144.14182533230215,88570300
2022-06-06,143.39605712890625,145.78043894130977,142.179334128492,144.26934578263374,71598400
2022-06-07,145.91786193847656,146.20241037757677,141.39441763595644,141.63972369363694,67808200
2022-06-08,145.1819610595703,147.056088184553,144.69134888576738,145.79031536395144,53950200
2022-06-09,139.9617919921875,145.17208908244996,139.85385675234653,144.3184289860741,69473000
2022-06-10,134.55526733398438,138.11710068108783,134.48657445941151,137.6461172993445,91437900
2022-06-13,129.40383911132812,132.6614953380435,128.97209811172078,130.37524138815306,122207100
2022-06-14,130.26730346679688,131.3760914682962,129.01133784221852,130.63036655754385,84784300
2022-06-15,132.8871612548828,134.76130271815364,129.67856950370555,131.76856647591572,91533000
2022-06-16,127.61798858642578,129.90424225906582,126.61713593346167,129.60006522049088,108123900
2022-06-17,129.08982849121094,130.58129318016776,127.37268647196602,127.62781429709099,134520300
2022-06-21,133.31890869140625,134.48656772231706,130.8167993077871,130.91491273074396,81000500
2022-06-22,132.8086700439453,135.17340842764006,131.3957051346055,132.25917204519908,73409200
2022-06-23,135.67385864257812,135.9878425646897,133.0834276529192,134.25108671150673,72433800
2022-06-24,139.00021362304688,139.24551965514786,137.1457006192552,137.27324957478913,89116800
2022-06-27,139.00021362304688,140.79585557470105,138.32316657888146,140.02068012877845,70207900
2022-06-28,134.8594512939453,140.7271675936439,134.7417091855751,139.46139501178652,67083400
2022-06-29,136.6158447265625,138.0288100068747,134.1039131048046,134.8790886274478,66242400
2022-06-30,134.15298461914062,135.77199869053038,131.2583759906255,134.6730322892134,98964500
2022-07-01,136.3214569091797,136.4293921589786,133.11286488498627,133.48571986150768,71051600
2022-07-05,138.90208435058594,138.951148551157,134.35901187342057,135.18325151505502,73353800
2022-07-06,140.23655700683594,141.41402301996357,138.4311081218874,138.69604284083624,74064300
2022-07-07,143.6021728515625,143.79841470419998,140.58980726193488,140.59961411426397,66253700
2022-07-08,144.2792205810547,144.77965457747027,142.27752951227805,142.53264245103242,64547800
2022-07-11,142.14991760253906,143.88668829327412,141.08038702449986,142.93489980535588,63141600
2022-07-12,143.121337890625,145.66270453987497,142.32654882035914,143.0232094985196,77588800
2022-07-13,142.75828552246094,143.700252180436,139.4515504526769,140.30522551606126,71185600
2022-07-14,145.68235778808594,146.1533412106034,140.5603662797928,141.37478416032295,78140700
2022-07-15,147.35043334960938,148.0274804295402,145.41742051675783,146.96775651820843,76259900
2022-07-18,144.3086395263672,148.7241480973096,143.9455764182645,147.9097302753274,81420900
2022-07-19,148.16482543945312,148.39050276940443,144.1516228338136,145.1426536934173,82982400
2022-07-20,150.1665496826172,150.83378994510406,147.54668278325192,148.28260095629702,64823400
2022-07-21,152.43316650390625,152.64903699884627,149.08718880462706,151.5991200487024,65086600
2022-07-22,151.19683837890625,153.34572184345396,150.5296130875675,152.47243287549966,66675400
2022-07-25,150.07821655273438,152.12897123891142,149.42079823109208,151.1183116577891,53623900
2022-07-26,148.75357055664062,150.21558479499407,147.96858832963514,149.4011670445513,55138700
2022-07-27,153.84609985351562,154.37596918243503,149.30304304810883,149.7151553193297,78620700
2022-07-28,154.39559936523438,154.68014773185416,151.5107984661639,154.03253631118739,81378700
2022-07-29,159.45872497558594,160.55770616166393,156.50524578988953,158.21258113398608,101786900
2022-08-01,158.4774932861328,160.51844113720935,157.8691391572039,157.98688125382472,67829400
2022-08-02,157.00567626953125,159.36062329417274,156.6328212608233,157.0939978250213,59907000
2022-08-03,163.01080322265625,163.46215803132395,157.73181152029815,157.82011811691203,82507500
2022-08-04,162.69677734375,164.05087149041262,161.3426831970874,162.8930191834261,55474100
2022-08-05,162.4707794189453,162.96207295817032,160.1616937873522,160.36804367078585,56697000
2022-08-08,161.99913024902344,164.88793871959618,161.3407986917232,163.47301089783898,60276900
2022-08-09,162.04823303222656,162.93257025599664,160.40731467514888,161.16391080154307,63135500
2022-08-10,166.29302978515625,166.3912794896035,163.99376480339055,164.76018146628317,70170500
2022-08-11,165.5561065673828,168.01257432763373,165.26132743753485,167.09876052441393,57149200
2022-08-12,169.103271484375,169.17204479537065,166.45027391863346,166.86297375697356,68039400
2022-08-15,170.17422485351562,170.37073923171536,168.3662685851405,168.53330655626456,54091700
2022-08-16,170.0170440673828,170.6852110892498,168.67090454328755,169.77139729331643,56377100
2022-08-17,171.5105743408203,173.08270464114312,169.5650561598673,169.76157057327157,79542000
2022-08-18,171.11752319335938,171.85446345688476,170.10545976423154,170.72449438338106,62290100
2022-08-19,168.5333251953125,170.71466951867444,168.3269753298755,170.0170261568602,70346300
2022-08-22,164.652099609375,166.9022170896685,164.22957943165187,166.73517911017834,69026800
2022-08-23,164.31800842285156,165.77224787707962,163.74810620318166,164.1706263803019,54147100
2022-08-24,164.61279296875,165.18269520734955,163.35508285359487,164.40645810232692,53841500
2022-08-25,167.06927490234375,167.17736007756102,165.41853585512217,165.84104108991514,51218200
2022-08-26,160.7708740234375,168.07150295198872,160.71192120457525,167.59986540800332,78961000
2022-08-29,158.56988525390625,160.06340660842702,157.03705202563728,158.34387946257124,73314000
2022-08-30,156.1429443359375,159.72938182049697,154.97366310325177,159.30687649740773,77906200
2022-08-31,154.48231506347656,157.78380767810359,154.4037063115704,157.51850501455607,87991100
2022-09-01,155.2094268798828,155.66140843899763,151.97670771690994,153.91240502902684,74229900
2022-09-02,153.0968780517578,157.56765189981036,152.2715085702032,156.9682732301626,76957800
2022-09-06,151.83917236328125,154.35459275815265,151.0138028574181,153.7453935980758,73714800
2022-09-07,153.2443084716797,153.94193699739438,150.93522252185548,152.12415964759478,87449600
2022-09-08,151.77041625976562,153.63732582875608,150.0213973567108,151.94727474830393,84923800
2022-09-09,154.6297149658203,155.07189112050955,152.0553417641127,152.76280561990976,68028800
2022-09-12,160.58416748046875,161.39971639450192,156.52609383916058,156.81103743896202,104956000
2022-09-13,151.1611785888672,157.7445084078153,150.6993615052029,157.11565333541313,122656600
2022-09-14,152.6055908203125,154.3644300184662,150.9351958505273,152.0946413613245,87965400
2022-09-15,149.71676635742188,152.5368010537083,148.7440148881969,151.9570633678186,90481100
2022-09-16,148.0758514404297,148.71454195841454,145.7864220311532,148.57698038414023,162278800
2022-09-19,151.79002380371094,151.86863255679214,146.50371634850782,146.7100512063952,81474200
2022-09-20,154.16790771484375,155.3273682721185,150.41443284470995,150.7288529156578,107689800
2022-09-21,151.0432891845703,155.97588059110078,150.92538353116046,154.60024966459952,101696800
2022-09-22,150.0803680419922,151.78023962875704,148.28223174210513,149.7266360650785,86652500
2022-09-23,147.81057739257812,148.83247642204518,145.97314422465584,148.55735322020942,96029900
2022-09-26,148.14463806152344,151.09239889982268,147.0343100146429,147.05396595162924,93339400
2022-09-27,149.11740112304688,152.02586530633175,147.33892101138343,150.08034720002962,84442700
2022-09-28,147.23085021972656,148.01692291304855,142.31791462782627,145.06916155790836,146691400
2022-09-29,139.99899291992188,144.16516723784525,138.2303333041484,143.55596808972413,128138200
2022-09-30,135.79351806640625,140.60820327947016,135.59700366840286,138.8198877735382,124925300
2022-10-03,139.9695281982422,140.57874239032802,135.29241903979042,135.8033685254817,114311700
2022-10-04,143.5559539794922,143.67385961125873,141.74798266491518,142.50457878595228,87830100
2022-10-05,143.8507537841797,144.81369999304195,140.51978392175167,141.5613389023429,79471000
2022-10-06,142.8976287841797,144.97088807825529,142.69129389793306,143.27101666436323,68402200
2022-10-07,137.65060424804688,140.60820060654387,137.02174919053795,140.05793931227225,85925600
2022-10-10,137.974853515625,139.4192574875598,136.15707670936632,137.974853515625,74899000
2022-10-11,136.5599365234375,138.88867789955424,135.8131758038938,137.4639147607023,77033700
2022-10-12,135.9311065673828,137.91593686444165,135.7542480720767,136.70735883391194,70433700
2022-10-13,140.50013732910156,141.08968060374895,132.03022618093473,132.6394403890868,113224000
2022-10-14,135.97039794921875,142.00348171103434,135.78370401470698,141.79713183786654,88598000
2022-10-17,139.93023681640625,140.41169491464842,137.82750095740744,138.61357366022068,85250900
2022-10-18,141.24688720703125,144.1455159806622,138.1615644966325,142.95659405664904,99136600
2022-10-19,141.35496520996094,142.42598143245377,139.03605931008337,139.22275323737964,61758300
2022-10-20,140.89317321777344,143.3496411342512,140.16605331698352,140.52962076392365,64522000
2022-10-21,144.7056121826172,145.2755145225026,140.16604940438248,140.38221977444553,86548600
2022-10-24,146.84764099121094,147.61405773965313,143.45771845108737,144.62699951406933,75981900
2022-10-25,149.6873321533203,149.83472923085242,146.7592264620596,147.47651092815792,74732300
2022-10-26,146.7493896484375,149.3434189974195,145.46218795090752,148.33135548203074,88194300
2022-10-27,142.27859497070312,146.45458955551916,141.62026350591435,145.49165853167307,109180200
2022-10-28,153.0281219482422,154.75746986477446,145.24603383421282,145.619406740808,164762400
2022-10-31,150.6698760986328,151.55421333060897,149.27460445858512,150.4930176480896,97943200
2022-11-01,148.02671813964844,152.74313850206963,146.53319676946654,152.37958612806426,80379300
2022-11-02,142.5045928955078,149.5202635488904,142.47511648464766,146.35633217647393,93604600
2022-11-03,136.46168518066406,140.3134243600425,136.33394407491397,139.58630459413143,97918500
2022-11-04,136.1959686279297,140.4182534262788,132.25910018387182,139.84740569973505,140814800
2022-11-07,136.72743225097656,136.95379796987663,133.52872680415337,134.94600177423487,83374600
2022-11-08,137.29827880859375,139.19781051108808,135.32000793975288,138.19391993058036,89908500
2022-11-09,132.7413787841797,136.36330615762654,132.46579914921745,136.31409229039105,74917800
2022-11-10,144.55194091796875,144.55194091796875,137.298266687944,139.0108096143879,118854000
2022-11-11,147.33729553222656,147.64240042758996,142.09141663457416,143.51854343102002,93979700
2022-11-14,145.93972778320312,147.90816221784894,145.1031371412935,146.61884006603,73374100
2022-11-15,147.67190551757812,151.16587871608763,146.21526862726066,149.81750629168315,89868300
2022-11-16,146.441650390625,147.50460662223392,144.96532479416157,146.77629560614008,64218300
2022-11-17,148.34115600585938,149.08915536088233,143.84327806040238,144.11885756056643,80389400
2022-11-18,148.90219116210938,150.2899408094876,147.60303246304494,149.9060967599958,74829600
2022-11-21,145.6739501953125,147.99670287508093,145.3885338782466,147.790025718782,58724100
2022-11-22,147.80970764160156,148.04592513732047,144.6110022662971,145.7920747269315,51804100
2022-11-23,148.6856689453125,149.43366845656658,146.98296272757275,147.09122719796105,58301400
2022-11-25,145.77235412597656,146.53020528404244,144.79797406560616,145.96919448681064,35195900
2022-11-28,141.9437713623047,144.32557460653223,141.11703271911014,142.84924916455952,69246000
2022-11-29,138.94192504882812,142.52447466230237,138.13487484288268,142.01267756953146,83763800
2022-11-30,145.69361877441406,146.37273080225066,138.33168095809938,139.16825626793215,111380900
2022-12-01,145.96925354003906,146.7763188693085,144.29608726911914,145.8708408287867,71250400
2022-12-02,145.47711181640625,145.66411544857186,143.35119950014382,143.65631938407483,65447400
2022-12-05,144.3157501220703,148.53803463745106,143.46932286260514,145.4377569527139,68826400
2022-12-06,140.65447998046875,144.9751927748334,139.68009957146649,144.74882702977874,64727200
2022-12-07,138.71556091308594,141.10720126498546,137.79039443330282,139.9458322919547,69721100
2022-12-08,140.3985595703125,141.25483863673134,138.87303512029186,140.11314322681335,62128300
2022-12-09,139.91632080078125,143.272505058159,138.676197516891,140.09347268821548,76097000
2022-12-12,142.2095184326172,142.21935519606154,138.8336463442299,140.44776160871248,70462700
2022-12-13,143.174072265625,147.60304951034107,141.96348935709867,147.14046624112265,93886200
2022-12-14,140.94972229003906,144.3452679150581,138.9320744491566,143.05594605605327,82291200
2022-12-15,134.3456268310547,139.5619801804679,133.88304361781863,138.88286801559113,98931900
2022-12-16,132.3870391845703,135.47748033551235,131.6193510336839,134.53264031194206,160156900
2022-12-19,130.28082275390625,133.06615916355452,129.24740673369394,132.97758322204413,79592600
2022-12-20,130.2119140625,131.14691722297425,127.83994745250583,129.31627297471567,77432800
2022-12-21,133.3121795654297,134.65071518492888,130.6547968699711,130.8811625578248,85928000
2022-12-22,130.1430206298828,132.43624823454394,128.24348886904642,132.22957105725172,77852100
2022-12-23,129.7788543701172,130.33001348787815,127.59389142616514,128.8536879861786,63814900
2022-12-27,127.97772979736328,129.33595400462013,126.68840798575984,129.30642869732836,69007800
2022-12-28,124.05072021484375,128.9619612841453,123.883405115354,127.62342547026658,85438400
2022-12-29,127.5643539428711,128.4206178463882,125.71402886056813,125.96991984997511,75703700
2022-12-30,127.87930297851562,127.89899152283257,125.41876807644428,126.38330400552722,77034200
2023-01-03,123.09600830078125,128.83398716375524,122.21021158237852,128.22377748695044,112117500
2023-01-04,124.36566925048828,126.62937150933897,123.10587260552037,124.8873030948284,89113600
2023-01-05,123.04681396484375,125.75341088924934,122.79092293482029,125.12351256937882,80962700
2023-01-06,127.57421875,128.2336424206293,122.91887596059405,124.02120184221346,87754700
2023-01-09,128.0958251953125,131.30438194257326,127.83993420444634,128.41078181603234,70790800
2023-01-10,128.66665649414062,129.18829019036005,126.09785007666395,128.20407340232998,63896200
2023-01-11,131.38314819335938,131.402821722743,128.40097153395064,129.17849644752224,69458900
2023-01-12,131.30441284179688,132.14098840377943,129.36550386584642,131.76699610111268,71379600
2023-01-13,132.63308715820312,132.79056549396478,129.58202324711493,129.94617875784812,57809700
2023-01-17,133.7944793701172,135.12316348796887,132.01304876349633,132.70199775252627,63646600
2023-01-18,133.07598876953125,136.42232060237055,132.8988218980733,134.6605787592018,69672800
2023-01-19,133.135009765625,134.09953801753062,131.65868457644117,131.9637893793328,58280400
2023-01-20,135.69398498535156,135.84162653742413,132.1015991542997,133.14486670992753,80223600
2023-01-23,138.88287353515625,141.0579999020067,135.72353008280908,135.94005904305521,81760300
2023-01-24,140.2804412841797,140.90050277108796,138.08564168128757,138.0954784443646,66435100
2023-01-25,139.6210479736328,140.1820439497328,136.61918260935104,138.6663561197799,65799300
2023-01-26,141.68789672851562,141.9733130723702,139.66039693887691,140.91035682918778,54105100
2023-01-27,143.6267852783203,144.9062704324847,140.82177572822627,140.90051489349364,70555800
2023-01-30,140.74301147460938,143.25276748002082,140.59538495227355,142.67208313488993,64015300
2023-01-31,142.01268005371094,142.06189391275458,140.0344090710312,140.4477784546675,65874500
2023-02-01,143.13467407226562,144.29605796571016,139.08955653554688,141.69772563249788,77663600
2023-02-02,148.4396209716797,148.79392468833726,145.83143680858885,146.54991104174482,118339000
2023-02-03,152.06155395507812,154.89610423261004,145.49682718195612,145.6936676139042,154357300
2023-02-06,149.3352508544922,150.6836384438328,148.40024764766747,150.1620046015634,69858300
2023-02-07,152.20916748046875,152.7800151967711,148.26246234257331,148.26246234257331,83322600
2023-02-08,149.52224731445312,152.14026818212696,148.78408455222657,151.45131927430748,64120100
2023-02-09,148.4888458251953,151.89424398332804,148.04595108381588,151.3529215136586,56007100
2023-02-10,148.85354614257812,149.1788354914484,147.08911426452642,147.32569243849323,57450700
2023-02-13,151.65296936035156,152.05710297296255,148.7648030561656,148.79437344145694,62199000
2023-02-14,151.01226806640625,151.5741355635304,148.7056873791277,149.9476888936107,61707600
2023-02-15,153.11183166503906,153.27940219693946,150.6968215839401,150.92353288699502,65573800
2023-02-16,151.51498413085938,154.09756497312395,151.16012443154224,151.3178281549916,68167900
2023-02-17,150.37155151367188,150.81512239489066,148.69583093968438,150.17441057100683,59144100
2023-02-21,146.3596954345703,149.13943294111823,146.29070285864162,148.05513496887053,58867200
2023-02-22,146.78350830078125,147.80865006019064,145.05849901188733,146.74407109413818,51011300
2023-02-23,147.2665557861328,148.19313495368198,145.13741210681397,147.94670496405263,48394200
2023-02-24,144.61495971679688,145.0881010134071,143.6390916917033,145.00924162382364,55469600
2023-02-27,145.8076629638672,147.039812645864,145.34437348016522,145.60067024018994,44998500
2023-02-28,145.30494689941406,146.95109701970668,144.7332276594082,144.95008720013072,50547000
2023-03-01,143.2349090576172,145.12748883698703,142.9391901768966,144.73320702328428,55479000
2023-03-02,143.82635498046875,144.61493369350907,141.8450488958328,142.31820514818978,52238100
2023-03-03,148.87327575683594,148.9521351539883,145.22611512366896,145.92596783194648,70732300
2023-03-06,151.63328552246094,154.0680147422593,151.26857399298945,151.59384830577196,87558000
2023-03-07,149.4351348876953,151.83042689733767,148.97184535612897,151.50513754277677,56182000
2023-03-08,150.68699645996094,151.2784344169459,149.6618543808646,150.62785567244086,47204800
2023-03-09,148.43954467773438,152.33313497413033,148.08468493947933,151.3671337581158,53833600
2023-03-10,146.37939453125,148.78455331931613,145.50210448552664,148.0649820559655,68572400
2023-03-13,148.32127380371094,150.95314411845015,145.59082548311505,145.69925527320058,84457100
2023-03-14,150.41099548339844,151.20942619347872,147.95656256587642,149.11970482478546,73695900
2023-03-15,150.80526733398438,151.06154904978908,147.7791005346977,149.03096880678774,77167900
2023-03-16,153.62445068359375,154.22574041738864,149.47456333381393,149.98714188743216,76161100
2023-03-17,152.78656005859375,154.50171782493953,152.07684064085686,153.8511391851991,98944600
2023-03-20,155.1522979736328,155.56631354554972,151.94870846939224,152.85558396503848,73641400
2023-03-21,157.0054473876953,157.1237289497417,154.3045697408097,155.07344501678244,73938300
2023-03-22,155.576171875,159.824622189753,155.55645326577164,157.02518131500096,75701800
2023-03-23,156.6604461669922,159.24304236266408,155.428296373163,156.56188320802048,67622100
2023-03-24,157.9615936279297,158.0503047976887,155.59587218901564,156.5914437450547,59196500
2023-03-27,156.01974487304688,158.47419284355544,155.6155961034445,157.65604352005258,52390300
2023-03-28,155.398681640625,156.2266974968931,153.75253179068108,155.71411911746748,45992200
2023-03-29,158.4741973876953,158.75019776487642,157.07447689173614,157.09418046089732,51305700
2023-03-30,160.04144287109375,160.14987263415844,158.96701206310877,159.2232937572216,49501700
2023-03-31,162.545166015625,162.64374399803975,159.59787385661696,160.1203040734608,68749800
2023-04-03,163.7970428466797,163.91532439911353,161.87489241518372,161.92418140899423,56976200
2023-04-04,163.26473999023438,164.45745226747852,162.7521615936014,164.22088919279193,46278300
2023-04-05,161.4214630126953,162.69304993016723,159.48946069965245,162.38747921010668,51511700
2023-04-06,162.30860900878906,162.60432792623257,159.68659100348637,160.1104432538072,45390100
2023-04-10,159.71617126464844,159.71617126464844,157.7940207437735,159.11488161033475,47716900
2023-04-11,158.50375366210938,160.0414742096721,158.21788648492154,160.03162242596915,47644200
2023-04-12,157.813720703125,159.74572277857914,157.49828319805357,158.9177218890988,50133100
2023-04-13,163.19577026367188,163.43234843413578,159.11489082873655,159.3218986080038,68445600
2023-04-14,162.8507537841797,163.9449032227771,161.48060404043056,162.23959735915352,49386500
2023-04-17,162.87049865722656,163.0282174547124,161.6876377578676,162.73249846964956,41516200
2023-04-18,164.09275817871094,165.019337094876,163.28446081239204,163.72804670609275,49923000
2023-04-19,165.23622131347656,165.75865162452376,163.1760554202755,163.43235220441335,47720200
2023-04-20,164.27017211914062,165.47275128415967,163.19574132050678,163.71817152684758,52456400
2023-04-21,162.66348266601562,164.07305473489896,162.14105238473394,162.69305305620966,58337300
2023-04-24,162.96905517578125,163.23520373133107,161.54961626736943,162.643765839196,41949600
2023-04-25,161.43130493164062,163.93502612600452,161.39186772429704,162.8310249745858,48714100
2023-04-26,161.4214630126953,162.91976126426218,160.47518046288778,160.73146218660858,45498800
2023-04-27,166.00506591796875,166.1529178634098,162.83104713478986,162.83104713478986,64902300
2023-04-28,167.25694274902344,167.42452836533985,165.48265898999023,166.08394872105114,55275900
2023-05-01,167.16824340820312,168.01596317037598,166.23181245997438,166.86267262897096,52472900
2023-05-02,166.13320922851562,167.91737470896658,165.1474894240389,167.66107793363267,48425700
2023-05-03,165.05877685546875,168.47922575134587,164.77292473257992,167.07950544573387,65136000
2023-05-04,163.42245483398438,164.65460440159984,161.96359395737636,162.53531316165655,81235400
2023-05-05,171.09136962890625,171.81094077356033,168.32148473339686,168.5383442631647,113453200
2023-05-08,171.0223846435547,171.36739258858663,169.65223472844943,170.0169462399646,55962800
2023-05-09,169.3170623779297,171.0617752659888,169.14949184838724,170.57878228109809,45326900
2023-05-10,171.08151245117188,171.54480192353225,169.44521410372417,170.5492304195713,53724500
2023-05-11,171.26878356933594,172.0967844383617,169.71134476851833,171.36736154745756,49514700
2023-05-12,170.34095764160156,171.8117019924622,168.79122976444327,171.3773829679925,45533100
2023-05-15,169.84742736816406,170.97270170588305,169.25517137496644,170.92334452950067,37266700
2023-05-16,169.84742736816406,170.9035986466086,169.58091066505557,169.76845889829133,42110300
2023-05-17,170.4593963623047,170.69628668546216,168.21871333171157,169.492059065459,57951600
2023-05-18,172.78892517089844,172.97647339745131,170.35082834910114,170.76540150488879,65496700
2023-05-19,172.89752197265625,174.11163026725697,172.68036243226308,174.11163026725697,55809500
2023-05-22,171.94989013671875,172.45331220735133,171.2095777379714,171.73273062815065,43570900
2023-05-23,169.343994140625,171.140492823502,169.06761204505847,170.89372201948225,50747300
2023-05-24,169.62039184570312,170.19290197111815,168.31744971265542,168.88007936551583,45143500
2023-05-25,170.75555419921875,171.6537886011476,169.47234283142473,170.1830440486123,56058300
2023-05-26,173.1639862060547,173.49960591702484,170.87396117733175,171.08125526170468,54835000
2023-05-30,175.0098419189453,176.67801481811213,174.28927545149398,174.67423726963298,55964400
2023-05-31,174.9604949951172,177.03337571367211,174.4768188110026,175.03946345752533,99625300
2023-06-01,177.76380920410156,177.79342049505456,174.64462268903534,175.40468096744894,68901800
2023-06-02,178.61268615722656,179.4319669478336,176.94451328757913,178.69165461361322,61996900
2023-06-05,177.26040649414062,182.56103856696868,175.74028990045602,180.27101332814428,121946500
2023-06-06,176.8952178955078,177.79345231801273,175.1381956348758,177.64539583674735,64848400
2023-06-07,175.52313232421875,178.8693435880805,175.0295907510138,176.13511905525095,61944600
2023-06-08,178.23764038085938,178.5041420299357,175.1678106866245,175.6021146908698,50214900
2023-06-09,178.62258911132812,179.87617397731293,178.2968498358667,179.1556074319137,48900000
2023-06-12,181.41600036621094,181.51471470308874,178.6324337942364,178.92856174317663,54274900
2023-06-13,180.94224548339844,181.77139187803073,180.08348779336475,180.43883839987808,54929100
2023-06-14,181.57395935058594,182.00827838693002,179.66889592317074,181.00144926283193,57462900
2023-06-15,183.60733032226562,184.11075236554325,181.40613912687283,181.58382192499832,65433200
2023-06-16,182.53140258789062,184.57467180700263,181.88980460620309,184.31802056497352,101256200
2023-06-20,182.62026977539062,183.69620198313194,182.02802885230534,182.02802885230534,49799100
2023-06-21,181.58383178710938,183.015099412311,180.23151756348105,182.51167734169172,49515700
2023-06-22,184.5845489501953,184.63390612000734,181.29756025506936,181.3666633051449,51245300
2023-06-23,184.26870727539062,185.13734541827677,182.62027993546528,183.1533133637622,53117000
2023-06-26,182.8768768310547,185.62096644420274,182.83738507538382,184.4167239450006,48088700
2023-06-27,185.63087463378906,185.95661391553264,183.27174625542975,183.48890577659213,50730800
2023-06-28,186.8054962158203,187.44709427325768,185.17681495512898,185.50253915791174,51216800
2023-06-29,187.14109802246094,187.61490879718235,186.49949997485513,186.63769101872532,46347300
2023-06-30,191.46453857421875,191.96794560784363,188.78953634841974,189.1547673916645,85213200
2023-07-03,189.97406005859375,191.37571654835668,189.28308969373236,191.27700219289193,31458200
2023-07-05,188.85861206054688,190.4872931571664,188.15777642969255,189.09551742767218,46920300
2023-07-06,189.33242797851562,189.53972207962792,186.756140199604,187.3878728511301,45094300
2023-07-07,188.21701049804688,190.1813114167851,187.7827065576724,188.9375920522482,46815000
2023-07-10,186.1737518310547,187.53593138541007,184.62402407003376,186.8153498480431,59922200
2023-07-11,185.65060424804688,186.85484691926047,184.18972537508213,186.71665587805697,46638100
2023-07-12,187.31881713867188,189.223880831428,186.03560573302573,187.22996818763008,60750200
2023-07-13,188.07884216308594,188.72045533421505,187.32866429002723,188.03936545890204,41342300
2023-07-14,188.22689819335938,188.71055932283986,187.18059240914323,187.77283329330808,41616200
2023-07-17,191.48428344726562,191.81002272437502,189.33243414864154,189.42126802557274,50520200
2023-07-18,191.22763061523438,191.8198865800326,189.93455398917624,190.85254922844402,48288200
2023-07-19,192.57994079589844,195.66950100927124,190.16157487576123,190.6057743707706,80507300
2023-07-20,190.6353759765625,193.93223012421538,190.01350876450033,192.57005054034346,59581200
2023-07-21,189.4607696533203,192.4516308259383,188.75993388819955,191.5928731808388,71951700
2023-07-24,190.26028442382812,192.3923877240068,189.76674282999198,190.9117629424984,45377800
2023-07-25,191.11903381347656,191.92844922240585,190.4280786239598,190.83278632842445,37283200
2023-07-26,191.98768615722656,193.11296042478057,190.8229351880455,191.1684052777898,47471900
2023-07-27,190.72421264648438,194.65279947329122,190.06286872536143,193.48804855415668,47460200
2023-07-28,193.30052185058594,194.09019149232068,191.63234868611636,192.15550162315532,48291400
2023-07-31,193.91249084472656,193.95198260711592,192.7378594315981,193.52752900074864,38824100
2023-08-01,193.08334350585938,194.1888718595327,192.75760424557473,193.7052107356477,35175100
2023-08-02,190.09251403808594,192.65892172035225,189.37194740725425,192.5207306533202,50389300
2023-08-03,188.70068359375,189.8851803589987,188.22688789998924,189.09552588996192,61235200
2023-08-04,179.63929748535156,184.95967593788856,179.57019442385428,183.12370037395337,115956800
2023-08-07,176.53982543945312,180.76454006954836,175.05920073091434,179.7774569305225,97576100
2023-08-08,177.47755432128906,177.94148460917899,175.2862285117603,177.36897457174686,67823000
2023-08-09,175.8883514404297,178.59294967088076,174.72358547458126,178.53372709089916,60378500
2023-08-10,175.6712188720703,178.41530928434332,175.30600286506225,177.1617092563292,54686900
2023-08-11,175.73052978515625,176.5509171354114,174.50490320861184,175.26598799316784,52036700
2023-08-14,177.38116455078125,177.60849603671858,175.2560608313475,175.90841909398483,43675600
2023-08-15,175.39443969726562,177.40092323969566,174.99907927707545,176.8078826094104,43622600
2023-08-16,174.52462768554688,176.471793411816,174.45543132326716,175.07813825565708,46964900
2023-08-17,171.98440551757812,175.4537406821077,171.47042491030345,175.08803154260252,66062900
2023-08-18,172.46871948242188,173.0716538674228,169.96802811890126,170.30408595131965,61172200
2023-08-21,173.80308532714844,174.08973444525807,171.7274205434044,173.0420157807921,46311900
2023-08-22,175.17697143554688,175.62175563939851,174.2083279343983,175.00894251773767,42038900
2023-08-23,179.0219268798828,179.44695366375947,176.264252478764,176.45205395893973,52722800
2023-08-24,174.3368377685547,179.0021629998802,173.97111355320405,178.57713623123834,54945800
2023-08-25,176.54100036621094,177.07473842454561,173.78332608108835,175.3252527852027,51449600
2023-08-28,178.10272216796875,178.49808262553688,176.48172016068384,178.00387451255935,43820700
2023-08-29,181.98719787597656,182.75816135607317,177.42071955816803,177.6183997947506,53003900
2023-08-30,185.47628784179688,185.67398314097,182.6000082560471,182.7976884731864,60813900
2023-08-31,185.6937255859375,186.9292456956689,185.30824391498263,185.66407430986655,60794500
2023-09-01,187.26531982421875,187.7199827815663,186.09898099052413,187.29497110047913,45766500
2023-09-05,187.50254821777344,187.7793035443977,185.43676200045883,186.09899903788357,45280000
2023-09-06,180.79119873046875,186.66239298088038,179.3678770840619,186.21759365485326,81755800
2023-09-07,175.503173828125,176.1456533918577,171.52973657694065,173.15073850258275,112488800
2023-09-08,176.11598205566406,178.15213198996554,175.7305003611282,176.2840260730559,65551300
2023-09-11,177.2823028564453,178.21141635408188,175.2856982178241,177.98408488615974,58953100
2023-09-12,174.25778198242188,178.04341790139725,172.79493020499618,177.4108321261293,90370200
2023-09-13,172.19195556640625,175.2461573436229,171.96460903055169,174.46530026870357,84267900
2023-09-14,173.70428466796875,174.06011513653888,171.56930185654795,171.9844348895405,60895800
2023-09-15,172.98269653320312,174.45544195430384,171.806494041059,174.43566940930017,109259500
2023-09-18,175.90843200683594,177.3021024660386,174.12927983360214,174.4356864419302,67257600
2023-09-19,176.99569702148438,177.54920768301113,175.07816717117066,175.4636488877364,51826900
2023-09-20,173.45716857910156,177.61839243619755,173.3681996565953,177.1834868845125,58436200
2023-09-21,171.91517639160156,174.257732414101,171.8459951187846,172.5280045272833,63149100
2023-09-22,172.76522827148438,175.02870938713053,172.03381007438438,172.64662317617766,56725400
2023-09-25,174.04031372070312,174.92000347180993,172.13266274999066,172.1820865728236,46172700
2023-09-26,169.96804809570312,173.1705067749598,169.67152023376326,172.7949188930673,64588900
2023-09-27,168.45574951171875,171.0355161486817,167.09174554279588,170.6203831944849,66921800
2023-09-28,168.71275329589844,170.03722730338785,165.67830850769053,167.37838547451082,56294400
2023-09-29,169.2267303466797,171.06518493104676,168.36679806748614,170.02734498983367,51861100
2023-10-02,171.7373046875,172.28093658205415,168.9499639274405,169.23661305458424,52164500
2023-10-03,170.40292358398438,171.61868620307462,168.84123947337378,170.26454593815689,49594600
2023-10-04,171.64833068847656,172.19196251916273,168.9894891655102,169.10809426237566,53020300
2023-10-05,172.88385009765625,173.4175881136583,170.6796715086417,171.77681389678688,48527900
2023-10-06,175.43397521972656,175.9281832590251,171.17388925206592,171.78671747657816,57266700
2023-10-09,176.91661071777344,176.9759132731787,173.76356081110382,174.76185568517045,42390800
2023-10-10,176.3235321044922,177.63812721273464,175.88862664528037,176.0368980965743,43698000
2023-10-11,177.71722412109375,177.76664794425923,175.54271164011269,176.13575227199846,47551100
2023-10-12,178.61669921875,180.2278073787141,176.96603088257305,177.98411345020415,56743100
2023-10-13,176.77822875976562,179.82253713140665,176.07644667980117,179.31845034069394,51427100
2023-10-16,176.6497344970703,177.0055649122618,174.46532818230494,174.70255348644375,52517000
2023-10-17,175.097900390625,176.35319301979084,172.7751316803463,174.60369235668924,57549400
2023-10-18,173.80308532714844,175.52293478970745,173.08154578913502,173.54610256783715,54764400
2023-10-19,173.42752075195312,175.77994115612455,173.1606441431901,174.00078890109597,59302900
2023-10-20,170.87742614746094,173.38799708052179,170.64020079013332,173.27927067700122,64244000
2023-10-23,170.99598693847656,171.99428177951037,167.96154224302492,168.93020088937016,55980100
2023-10-24,171.4308624267578,171.6581938691672,169.46390928374024,171.0453808148331,43816600
2023-10-25,169.11801147460938,171.0552987076063,168.67321213575732,169.88897487497013,57157000
2023-10-26,164.95677185058594,169.39476582537458,163.75090293239452,168.3964558542296,70625300
2023-10-27,166.27137756347656,167.00281099505466,164.89747962237493,164.97655472973753,58499100
2023-10-30,168.3173828125,169.18719386762373,166.91383366211736,167.06210513671374,51131000
2023-10-31,168.7918243408203,168.92030818010912,165.9550598323106,167.38827526603964,44846000
2023-11-01,171.95474243164062,172.2117251766134,168.14933458405196,169.01914553939386,56934900
2023-11-02,175.51304626464844,175.72060519042475,173.42748778366638,173.48679033388817,77334800
2023-11-03,174.60369873046875,174.77174274032964,171.34193765305042,172.22162738228718,79829200
2023-11-06,177.15380859375,177.35148879200258,174.16880291146146,174.33683183407777,63841300
2023-11-07,179.71380615234375,180.32661925220768,176.89681449142668,177.10437340755996,70530000
2023-11-08,180.7714385986328,181.32494925868284,179.48649451949703,180.23770048559436,49340300
2023-11-09,180.2969970703125,181.98718027395728,179.70394133589065,180.8406289798602,53763500
2023-11-10,184.48348999023438,184.65175539538808,181.6430032262288,182.07848170612579,66133400
2023-11-13,182.89993286132812,184.1172820619318,182.31600272709323,183.9094496896321,43627500
2023-11-14,185.51280212402344,186.17591157835597,184.38452385663774,185.77012344749633,60108400
2023-11-15,186.07691955566406,187.55160515956638,185.84928859059917,185.91857611582427,53790500
2023-11-16,187.75946044921875,188.99660829200764,186.7103463929358,187.62090049490251,54412900
2023-11-17,187.7396697998047,188.42257785422723,186.63119011836693,188.29390964052354,50922700
2023-11-20,189.4815673828125,189.93684445013852,187.92771748948175,187.93760923589429,46505100
2023-11-21,188.679931640625,189.55088874125482,187.7891910436395,189.4420191036761,38134500
2023-11-22,189.343017578125,190.94635649331246,188.8679569924961,189.52117473642568,39617700
2023-11-24,188.01678466796875,188.93721542830764,187.30418629136327,188.9075250877743,24048300
2023-11-27,187.838623046875,188.7095799535061,186.95777439426936,187.9672912540552,40552600
2023-11-28,188.44235229492188,189.1153685705385,187.45263402635211,187.82873180101734,38415400
2023-11-29,187.4229736328125,190.11500896160672,187.02709230289176,188.93724161752115,43014200
2023-11-30,187.9969940185547,188.36320007044645,186.2550951920731,187.88812439803064,48794400
2023-12-01,189.2737579345703,189.59045997908729,187.28441422563267,188.3731105390764,45704800
2023-12-04,187.48231506347656,188.09595062883508,185.52267721747734,188.0266631045601,43389500
2023-12-05,191.43128967285156,192.4012092663407,188.22459731438218,188.2543027537032,66628400
2023-12-06,190.34262084960938,192.7575206909756,190.1347733725338,192.45071045016567,41089700
2023-12-07,192.2725830078125,192.99507315570867,191.59956669458757,191.63916388460834,47477700
2023-12-08,193.6977996826172,193.97491963358075,191.67876563770596,192.203315195023,53406400
2023-12-11,191.1937713623047,191.5005967167582,189.4518726145205,191.12449893522992,60943700
2023-12-12,192.7080535888672,192.71794533501543,189.748790485074,191.09480795445688,52696900
2023-12-13,195.9246368408203,195.96421892707963,192.8466123940007,193.08413511536142,70404200
2023-12-14,196.07310485839844,197.567574144968,194.14315707722483,195.98403383047588,66831600
2023-12-15,195.53863525390625,196.36008808380646,194.97448862167192,195.49903806818725,128538400
2023-12-18,193.8759307861328,194.6083278162061,192.39135323196817,194.07387143964067,55751900
2023-12-19,194.91514587402344,194.9250376214273,193.87593852424982,194.14316672319833,40714100
2023-12-20,192.8268280029297,195.6475162401682,192.8268280029297,194.87553713507947,52242800
2023-12-21,192.6783447265625,195.0536776254948,191.51048442189503,194.08375795359612,46482500
2023-12-22,191.60946655273438,193.40085423729087,190.98593919883143,193.17320815773428,37149600
2023-12-26,191.06512451171875,191.89648427525853,190.84738527337694,191.6193643540786,28919300
2023-12-27,191.16409301757812,191.5105004803971,189.12527563548673,190.5108903848591,48087700
2023-12-28,191.58969116210938,192.65858885458314,191.18390299052217,192.14393105407996,34049900
2023-12-29,190.55044555664062,192.40121377472641,189.75866796911842,191.90635467026271,42672100
2024-01-02,183.73130798339844,186.5025222946912,181.99930092657837,185.22577720716953,82488700
2024-01-03,182.35557556152344,183.968821035463,181.543999401021,182.32588522412956,58414500
2024-01-04,180.03964233398438,181.20750256721809,179.02023379077144,180.2771650380176,71983600
2024-01-05,179.31715393066406,180.88091065327836,178.31754388665928,180.1188384374096,62379700
2024-01-08,183.65213012695312,183.6917273170526,179.63387614033877,180.21780632812883,59144500
2024-01-09,183.2364501953125,183.24634194188326,180.85122540618832,182.0289926299427,42841800
2024-01-10,184.27565002441406,184.48348240733844,182.02898528742006,182.45457200324566,46792900
2024-01-11,183.6818084716797,185.12680377786887,181.73206228896322,184.6220377994394,49128400
2024-01-12,184.0084228515625,184.8199990991005,183.28593272766105,184.14698280822722,40477800
2024-01-16,181.7419891357422,182.3655014396163,179.06973745492456,180.28710192352952,65603000
2024-01-17,180.80172729492188,181.04915686376333,178.44620806884475,179.40623600410183,47317400
2024-01-18,186.69056701660156,187.1953179109023,183.91935276727983,184.17667408756796,78005800
2024-01-19,189.59042358398438,189.97641309339812,186.87860527237555,187.3833561379468,68903000
2024-01-22,191.89646911621094,193.3216657993532,190.28322355100102,190.32282073770045,60133900
2024-01-23,193.17323303222656,193.73737977781175,191.83712223283266,193.01488956324005,42355600
2024-01-24,192.50021362304688,194.36088890095834,192.34185506707502,193.41075266703035,53631300
2024-01-25,192.17359924316406,194.2520137003454,191.124500268323,193.21280647175473,54822100
2024-01-26,190.44158935546875,192.7575265029299,189.96652881027472,192.27257421163478,44594000
2024-01-29,189.75869750976562,190.22386634852867,187.63080907007364,190.03581744325376,47145600
2024-01-30,186.10662841796875,189.82797900977772,185.54249682198056,188.97682064057707,55859400
2024-01-31,182.50404357910156,185.17629499887522,182.45456974695213,185.11689921687164,55467800
2024-02-01,184.93878173828125,185.0278527702626,181.93004443231115,182.09829474891072,64885400
2024-02-02,183.93914794921875,185.40392677166545,177.4070012757119,178.01073002917815,102551700
2024-02-05,185.75033569335938,187.3042007769885,183.92925752426459,186.21550453356022,69668800
2024-02-06,187.3536834716797,187.36357521832525,184.8496972971495,184.93876832266957,43490800
2024-02-07,187.46253967285156,189.08567701882757,186.6707620426896,188.67988890685803,53439000
2024-02-08,186.38375854492188,187.59120098390878,185.42373058041275,187.44274927884152,40962000
2024-02-09,187.14682006835938,188.27653811843788,186.30447993507684,186.9486117161699,45155200
2024-02-12,185.46212768554688,186.96842336096995,185.1053738445565,186.72067805809255,41781900
2024-02-13,183.37115478515625,184.53061609699293,181.85495475727518,184.0945819491523,56529500
2024-02-14,182.48916625976562,183.8567250370981,180.7945970211484,183.648627470826,54630500
2024-02-15,182.2017822265625,182.82610514660394,179.71442515593142,181.89458051072347,65434500
2024-02-16,180.665771484375,183.18287207946292,180.0315441516518,181.76576116844507,49752500
2024-02-20,179.92254638671875,180.78469520216953,178.3766181157698,180.15046783149373,53665600
2024-02-21,180.6757354736328,181.24058700664372,179.03070272630967,180.2991577041748,41371400
2024-02-22,182.70721435546875,183.29190480468338,180.81445159653885,181.82524161821627,52292200
2024-02-23,180.8739013671875,183.3711632214272,180.58650833781007,183.34143499372246,45119700
2024-02-26,179.52615356445312,181.11171437415507,179.0207434868858,180.59641504961763,40867400
2024-02-27,180.98289489746094,182.2612539462515,177.94057546451762,179.4666949255866,54318900
2024-02-28,179.7838134765625,181.46847854843006,178.50545433930714,180.8639793914523,48953900
2024-02-29,179.11984252929688,180.9234354771045,177.9108443188521,179.63515696026653,136682600
2024-03-01,178.03968811035156,178.90183692569335,175.78025215753124,177.93067957222544,73563100
2024-03-04,173.52081298828125,175.30456703921072,172.22261492332544,174.56133114426578,81510100
2024-03-05,168.58572387695312,170.48840604509627,168.0902332564625,169.21995126633416,95132400
2024-03-06,167.59474182128906,169.69563232435493,167.15870765798908,169.5172478388351,68587700
2024-03-07,167.47579956054688,169.19019256472401,166.97040466229933,167.62444067145174,71765100
2024-03-08,169.1902313232422,172.13344696276567,167.41638146834518,167.47583792632756,76267000
2024-03-11,171.19200134277344,172.8073055285168,170.49831753088682,171.3802901891083,60139500
2024-03-12,171.66766357421875,172.46045153320196,169.4676841705973,171.58838326620315,59825400
2024-03-13,169.58663940429688,171.62805851944387,169.2199660307435,171.21184817645832,52488700
2024-03-14,171.4397430419922,172.73792596009017,170.49831395125625,171.35055836544484,72913500
2024-03-15,171.06317138671875,171.06317138671875,168.75418335618096,169.62625165850892,121752700
2024-03-18,172.1532440185547,176.10726419166866,171.9550508157469,173.98656516716395,75604200
2024-03-19,174.49197387695312,175.01719271038215,171.46947815172825,172.76766112194616,55215200
2024-03-20,177.05862426757812,177.05862426757812,173.51090945491785,174.1352325028599,53423100
2024-03-21,169.82444763183594,175.8892630091755,169.29922879245808,175.45322885093574,106181300
2024-03-22,170.7262725830078,171.48933248689517,168.5262926884995,170.21095802650942,71160100
2024-03-25,169.30914306640625,170.3893089389317,167.92176032191367,169.03166954174233,54288300
2024-03-26,168.179443359375,169.8740129173693,168.05061095138228,168.46682128354186,57388400
2024-03-27,171.74696350097656,172.0343565405087,168.57582642397568,168.87312383270142,60273300
2024-03-28,169.93345642089844,170.67669234048742,168.97220342186947,170.20102558587905,65672700
2024-04-01,168.4965362548828,169.70553455748254,167.9514935576168,169.6460781034487,46240500
2024-04-02,167.3172607421875,167.81275133793278,166.71276161053132,167.55510167176752,49329500
2024-04-03,168.11996459960938,169.14067408704202,167.05962251511946,167.2677201117247,47691700
2024-04-04,167.29745483398438,170.3694875068381,167.29745483398438,168.7541832986243,53704400
2024-04-05,168.05059814453125,168.85329051832247,167.42627513328318,168.06050251317026,42104800
2024-04-08,166.93080139160156,167.67403738632925,166.72270378093583,167.50557237539863,37425500
2024-04-09,168.13978576660156,168.5460917055098,166.83169838821917,167.17853275073267,42373800
2024-04-10,166.26683044433594,167.5650134431552,165.60287483124418,167.27763553824258,49709300
2024-04-11,173.46136474609375,173.877590209879,166.64342350182488,166.82179288243998,91070300
2024-04-12,174.957763671875,176.75143752987137,172.6388708981507,172.68840786964623,101670900
2024-04-15,171.13255310058594,175.0370216134587,170.94426424521788,173.77847120218846,73531800
2024-04-16,167.85240173339844,172.19288913903023,166.7524119884344,170.20102235595408,73711200
2024-04-17,166.48483276367188,169.1109267558204,166.48483276367188,168.08031301583728,50901200
2024-04-18,165.53350830078125,167.11908441586118,165.04793714543356,166.5145852231191,43122900
2024-04-19,163.5119171142578,164.89928490796945,162.60021611822233,164.71101115974596,68149400
2024-04-22,164.34432983398438,165.75152141981465,163.28398774037723,164.0272236912775,48116400
2024-04-23,165.39476013183594,165.54341638804536,163.43262154349364,163.85875133255257,49537800
2024-04-24,167.4956512451172,167.77312477902248,164.71099641624178,165.03800691456527,48251800
2024-04-25,168.3577880859375,169.07129572836638,166.63347542987228,168.00103426472305,50558300
2024-04-26,167.7731170654297,169.79471202253325,167.6541890412428,168.3478879652858,44838400
2024-04-29,171.9352569580078,174.44243845784558,171.5388704832316,171.8064245491769,68169400
2024-04-30,168.79383850097656,173.41181476528868,168.46681287321124,171.76678225756265,65934800
2024-05-01,167.7731170654297,171.15236652369296,167.58482822154218,168.05059058657778,50383100
2024-05-02,171.469482421875,171.8559644998941,169.34878317714927,170.95416794412498,94214900
2024-05-03,181.7261505126953,185.313497878847,181.01264278710423,184.9666483851495,163224100
2024-05-06,180.0712127685547,182.53874644704828,178.79283846563771,180.70544017490002,78569700
2024-05-07,180.7549591064453,183.2324120279765,179.68471275097576,181.79549235772294,77305800
2024-05-08,181.09190368652344,181.41892928578648,179.81352951475225,181.20091221961113,45057100
2024-05-09,182.90541076660156,182.99459544718977,180.4675903156434,180.91352883975787,48983000
2024-05-10,181.64515686035156,183.66949389545601,180.7322193628195,183.48094965782863,50759500
2024-05-13,184.85037231445312,185.6640864017181,183.20310853414878,184.01682262141375,72044800
2024-05-14,185.9915313720703,186.8548647149755,184.8602810891409,186.07091921634225,52393600
2024-05-15,188.26397705078125,189.18683240943687,185.9320062923224,186.46787049037354,70400000
2024-05-16,188.383056640625,189.6333963773736,188.20444533062346,189.0082265089993,52845200
2024-05-17,188.41281127929688,189.34559954047234,187.72810435814964,188.0555735439889,41282900
2024-05-20,189.57383728027344,190.44708847543168,187.55941793463836,187.8769693298537,44361300
2024-05-21,190.873779296875,191.25085261805762,189.4547462309282,189.62343971650407,42309400
2024-05-22,189.43492126464844,191.3401994424317,188.8097665310703,190.79441741971692,34648500
2024-05-23,185.4457550048828,189.5341303535584,185.1976736824305,189.5142796080912,51005900
2024-05-24,188.52195739746094,189.11735863774422,186.59684388111853,187.37087155015982,36327000
2024-05-28,188.5319061279297,191.51880009814326,187.64873713728954,190.04022981736387,52280100
2024-05-29,188.82957458496094,190.7745388343773,188.05556206266323,188.15480064928906,53068000
2024-05-30,189.82191467285156,190.70508365256933,189.16699143181853,189.29598343446253,49889100
2024-05-31,190.77456665039062,191.09211806054816,188.45252874493116,189.9707854632458,75158300
2024-06-03,192.54087829589844,193.49351725389894,191.04247253185534,191.41954585254337,50080500
2024-06-04,192.85842895507812,193.82098571162214,191.54855228534223,193.14619663099631,47471400
2024-06-05,194.3667449951172,195.38883880770499,193.37441972917316,193.90035090878894,54156800
2024-06-06,192.9874267578125,194.9919281725913,192.67980832687616,194.1881470745491,41181800
2024-06-07,195.3789520263672,195.4285713258788,192.65005711175448,193.15613762673084,53103900
2024-06-10,191.6378631591797,195.7857909182053,190.6753063763642,195.3888517006261,97010200
2024-06-11,205.56019592285156,205.57012886730556,192.14396771907968,192.1638033246204,172373300
2024-06-12,211.4347686767578,218.51003809526938,205.3121079690946,205.77850209290926,198134300
2024-06-13,212.59579467773438,215.08652592836702,209.9760562824749,213.09195736730385,97862700
2024-06-14,210.85923767089844,213.51866257545944,209.678367977573,212.2088008716011,70122700
2024-06-17,215.00714111328125,217.26964179829142,211.08745883873982,211.7324642876032,93728300
2024-06-18,212.6453857421875,216.95208913019513,211.36529274424583,215.9200623200828,79943300
2024-06-20,208.07077026367188,212.59578653831548,207.24715355520107,212.28815296354617,86172500
2024-06-21,205.89759826660156,210.26382387597764,205.5205097773767,208.77533580800622,241805100
2024-06-24,206.54261779785156,211.06761941054305,205.0045103276704,206.12584292738626,80727000
2024-06-25,207.46548461914062,209.75775393646785,207.0090082596573,207.54485732874397,55549700
2024-06-26,211.61337280273438,213.21101716086312,209.02340313251779,209.87680350658064,66213200
2024-06-27,212.4568634033203,214.0842763709762,210.7202940415425,213.04233172557286,49772700
2024-06-28,209.0035400390625,214.41172478378184,208.6860038316288,214.11402417940656,82542700
2024-07-01,215.08651733398438,215.84067914098924,210.29358412725625,210.46227761796723,60402900
2024-07-02,218.57949829101562,218.68865467979296,213.4491783018458,214.49110775455017,58046200
2024-07-03,219.8496856689453,219.8496856689453,217.34902153194005,218.31157833867707,37369800
2024-07-05,224.60292053222656,224.71207692855523,219.94891212590596,219.94891212590596,60412400
2024-07-08,226.07154846191406,226.1013170084402,221.53661474646515,225.3471401186269,59085900
2024-07-09,226.9249267578125,227.63940213609902,224.63265789484376,226.18068283390414,48076100
2024-07-10,231.19195556640625,231.29119415797783,227.49058625437067,227.54020555015646,62627700
2024-07-11,225.82350158691406,230.6065022056456,224.0373128145247,229.61417679228308,64710600
2024-07-12,228.77069091796875,230.8545803134063,226.92496506939614,227.1631286162611,53046500
2024-07-15,232.60105895996094,235.409341553401,231.30111515749465,234.66509753137677,62631300
2024-07-16,233.01785278320312,234.4567215545301,230.54695713829173,233.19646408342908,43234300
2024-07-17,227.12344360351562,229.6836449661141,224.9006292447048,227.6890612108438,57345900
2024-07-18,222.45947265625,228.6714385621368,220.5641428905974,228.5126628842939,66034600
2024-07-19,222.5885009765625,225.0593965950336,221.56640705838353,223.09459660515446,49151500
2024-07-22,222.24119567871094,226.03187070395737,221.3778623137636,225.26777593230437,48201800
2024-07-23,223.28314208984375,225.19833806517673,220.9710219946754,222.6480544130964,39960300
2024-07-24,216.86276245117188,223.07472846403482,215.4635952984219,222.2808652028311,61777600
2024-07-25,215.82086181640625,219.15507584516317,212.97287755450526,217.24979770728694,51391200
2024-07-26,216.2872314453125,217.80548795978973,214.35218497553956,217.02154248476683,41601300
2024-07-29,216.56507873535156,217.61694112977094,214.09418328948692,215.29490356378676,36311800
2024-07-30,217.1208038330078,218.63906050664175,214.4613638470993,217.50781013919521,41643800
2024-07-31,220.3756103515625,222.10226187087767,218.93674165630796,219.7405227481965,50036300
2024-08-01,216.6841583251953,222.7571844619209,215.35444602521784,222.64802807062824,62501000
2024-08-02,218.1726531982422,223.86860618805187,216.0391597412521,217.46809553371503,105568600
2024-08-05,207.66392517089844,211.8614570593827,194.49576385779395,197.56204548052773,119548600
2024-08-06,205.6395721435547,208.3783997216886,199.52685967053256,203.72439154098564,69660500
2024-08-07,208.209716796875,212.00039184379946,204.80603289763474,205.31211338628992,63516400
2024-08-08,211.67294311523438,212.5561121759152,207.22732925913098,211.47448105000998,47161100
2024-08-09,214.5804443359375,215.11629337558463,210.3432107490655,210.47221789303094,42201600
2024-08-12,216.11038208007812,218.07745621052726,214.19298467780987,214.65991863613397,38028100
2024-08-13,219.82598876953125,220.44193777769505,217.58072790378117,217.58072790378117,44155300
2024-08-14,220.27304077148438,221.5744891931242,218.2662191901357,219.13055181670978,41960600
2024-08-15,223.25344848632812,223.87934187315213,221.30623303799138,223.1342364732981,46414000
2024-08-16,224.57479858398438,225.34970708383625,222.19045191126241,222.45869413327577,44340200
2024-08-19,224.41583251953125,224.51518597934856,221.58442566604344,224.2469437652095,40687800
2024-08-20,225.0317840576172,225.68748051768907,223.97870407222223,224.29662301984854,30299000
2024-08-21,224.92251586914062,226.49220666639903,223.58133501497932,225.04174306182065,34765500
2024-08-22,223.064697265625,226.84983046212884,222.43880384726458,226.30341677619586,43695300
2024-08-23,225.359619140625,226.7306179936649,222.8660050723941,224.18732719786422,38677300
2024-08-26,225.6973876953125,225.7967411465175,222.4288653159012,225.2801304868265,30602200
2024-08-27,226.54188537597656,227.35654136968387,223.4223774795666,224.52513427640764,35934600
2024-08-28,225.01193237304688,228.35993491185639,224.20720569696516,226.43259292076607,38052200
2024-08-29,228.29039001464844,231.3999685703833,227.38634017099784,228.59837969678284,51906300
2024-08-30,227.50552368164062,228.89638108151303,225.9954391052015,228.68776005113654,52990800
2024-09-03,221.3162078857422,227.50554667965343,219.72664341730942,227.05848641015993,50190600
2024-09-04,219.40872192382812,220.33264539565292,216.06070449558098,220.2134333758585,43840200
2024-09-05,220.92874145507812,224.00850159902006,220.07435325324454,220.1836359939166,36615400
2024-09-06,219.37892150878906,223.7700744804958,218.33577084564575,222.4884846157397,48423000
2024-09-09,219.4683380126953,219.82598924771256,215.2957503769675,219.37892899374344,67180000
2024-09-10,218.67355346679688,220.03460793809228,215.31560663834654,217.49131703149231,51591000
2024-09-11,221.20692443847656,221.63411098197892,216.4680492147489,220.01475867053273,44587100
2024-09-12,221.3162078857422,222.09111639532034,218.38546260882887,221.04796566036197,37455600
2024-09-13,221.04795837402344,222.57790161811045,220.46181236980377,222.12091208096655,36766600
2024-09-16,214.90830993652344,215.80243050187988,212.52396316355507,215.12686027714844,59357400
2024-09-17,215.37521362304688,215.48449636527135,213.10016491936787,214.34200737227792,45519300
2024-09-18,219.249755859375,221.2565773677011,216.12030400107497,216.1302484418979,59894900
2024-09-19,227.37637329101562,228.32018565098164,223.16405353373213,223.52170475455895,66781300
2024-09-20,226.71075439453125,231.56884144729943,226.1345376792504,228.46920754640476,318679900
2024-09-23,224.99203491210938,227.95258288382507,224.336338501163,225.8563523524968,54146000
2024-09-24,225.88616943359375,227.85325878901892,224.25687274556688,227.15781488965328,43556100
2024-09-25,224.89271545410156,225.80670975939722,222.55806053621265,223.46211039913067,42308700
2024-09-26,226.0352020263672,227.00880227293717,223.9389713421174,225.81663654010723,36636700
2024-09-27,226.30340576171875,228.0221264682928,225.81661326820586,226.96904659349977,34026000
2024-09-30,231.47943115234375,231.47943115234375,228.1512873446241,228.5387415800987,54541900
