Date,Open,High,Low,Close,Volume
2010-01-04 00:00:00-05:00,6.389119670152611,6.421150518497731,6.357687544194546,6.406482219696045,493729600
2010-01-05 00:00:00-05:00,6.424142707083974,6.453778657470843,6.383729357107334,6.4175567626953125,601904800
2010-01-06 00:00:00-05:00,6.417558570419472,6.443003872134875,6.308892855483477,6.315478801727295,552160000
2010-01-07 00:00:00-05:00,6.338827345537177,6.346311374379893,6.258001432760286,6.303802490234375,477131200
2010-01-08 00:00:00-05:00,6.295421183719223,6.346311783770343,6.2583019969892995,6.345712661743164,447610800
2010-01-11 00:00:00-05:00,6.3702596411774906,6.376246864415073,6.240040733209064,6.28973388671875,462229600
2010-01-12 00:00:00-05:00,6.262190783014803,6.279554125989238,6.179270158820404,6.218185901641846,594459600
2010-01-13 00:00:00-05:00,6.222676231600221,6.314277914721165,6.109819514343955,6.305895805358887,605892000
2010-01-14 00:00:00-05:00,6.289732355137283,6.300209593570668,6.257102396119142,6.269375801086426,432894000
2010-01-15 00:00:00-05:00,6.314280215063555,6.334337412630288,6.162807066391127,6.164603233337402,594067600
2010-01-19 00:00:00-05:00,6.23644798038945,6.441804927472043,6.2038188149795666,6.437314510345459,730007600
2010-01-20 00:00:00-05:00,6.433423714842731,6.4525824309132895,6.27147331131557,6.338229656219482,612152800
2010-01-21 00:00:00-05:00,6.348704763550262,6.385524977713283,6.202918713907965,6.228662967681885,608154400
2010-01-22 00:00:00-05:00,6.190047261160149,6.21160046072804,5.902068681145756,5.919730186462402,881767600
2010-01-25 00:00:00-05:00,6.062223298689935,6.127781384990366,5.992773118182527,6.078987121582031,1065699600
2010-01-26 00:00:00-05:00,6.1652001407937105,6.397499134941822,6.064317858428197,6.164900779724121,1867110000
2010-01-27 00:00:00-05:00,6.192141939900389,6.303800822933116,5.973014429516342,6.222975730895996,1722568400
2010-01-28 00:00:00-05:00,6.134666779271022,6.151729561622486,5.948168821563473,5.965830326080322,1173502400
2010-01-29 00:00:00-05:00,6.019415969153658,6.052943615557257,5.69521506730314,5.749398231506348,1245952400
2010-02-01 00:00:00-05:00,5.758678991519351,5.867344699255939,5.72664814536343,5.829326629638672,749876400
2010-02-02 00:00:00-05:00,5.86465114009971,5.876924549124834,5.788914358270936,5.86315393447876,698342400
2010-02-03 00:00:00-05:00,5.842498148790464,5.993073622095666,5.820046460386964,5.964035987854004,615328000
2010-02-04 00:00:00-05:00,5.889196751398896,5.938291180133693,5.734730396392531,5.7490997314453125,757652000
2010-02-05 00:00:00-05:00,5.766461840157096,5.867344147914242,5.713176355720521,5.8511786460876465,850306800
2010-02-08 00:00:00-05:00,5.858064576017482,5.923623070540138,5.80747333995157,5.811065673828125,478270800
2010-02-09 00:00:00-05:00,5.879916522402139,5.912246724527202,5.829924413590137,5.8730316162109375,632886800
2010-02-10 00:00:00-05:00,5.864050564915447,5.885305605123277,5.8152562987685394,5.841000556945801,370361600
2010-02-11 00:00:00-05:00,5.833815339753855,5.97960099091897,5.809268130428122,5.947270393371582,550345600
2010-02-12 00:00:00-05:00,5.930507468863294,6.036179949597363,5.852376212154247,5.9984612464904785,655468800
2010-02-16 00:00:00-05:00,6.0451584149906035,6.097545396759127,6.032585651276825,6.088864326477051,543737600
2010-02-17 00:00:00-05:00,6.112514874778056,6.116107208249717,6.012829619344833,6.063421249389648,436396800
2010-02-18 00:00:00-05:00,6.035880600927846,6.10353542620495,6.014626757151199,6.0747971534729,422825200
2010-02-19 00:00:00-05:00,6.0427637787346615,6.082876957161388,6.020311701792747,6.037075519561768,415469600
2010-02-22 00:00:00-05:00,6.057134643732459,6.061924021996141,5.962837888850493,5.999658107757568,390563600
2010-02-23 00:00:00-05:00,5.987085200555253,6.0268994294293385,5.858662479858376,5.899075031280518,575094800
2010-02-24 00:00:00-05:00,5.9341009507733355,6.030193893920279,5.92242586441646,6.006844520568848,460566400
2010-02-25 00:00:00-05:00,5.9086548944784765,6.072700796983845,5.893986598782746,6.046956539154053,665126000
2010-02-26 00:00:00-05:00,6.058331425346124,6.141851176224056,6.046956102902583,6.125386714935303,507460800
2010-03-01 00:00:00-05:00,6.159215090440178,6.2714731330194855,6.150234654868027,6.256206512451172,550093600
2010-03-02 00:00:00-05:00,6.2843449199296035,6.311287024533814,6.2187864248931115,6.252015113830566,566546400
2010-03-03 00:00:00-05:00,6.254707933503636,6.282547717313579,6.224772621928054,6.266382217407227,372052800
2010-03-04 00:00:00-05:00,6.264885966364551,6.313979587659363,6.2454270953345326,6.307693004608154,366041200
2010-03-05 00:00:00-05:00,6.43432080926729,6.576813504465278,6.425040614578126,6.554361820220947,899620400
2010-03-08 00:00:00-05:00,6.586093550874246,6.588488040236623,6.533407190961398,6.558253765106201,429889600
2010-03-09 00:00:00-05:00,6.535202137028026,6.7354698997061,6.522629371579427,6.6761980056762695,920259200
2010-03-10 00:00:00-05:00,6.700447618759324,6.749841010027526,6.68158826577603,6.730681896209717,596218000
2010-03-11 00:00:00-05:00,6.702841793436801,6.750438213348389,6.68517948726888,6.750438213348389,405700400
2010-03-12 00:00:00-05:00,6.806416761644465,6.8171937607793245,6.757921864261695,6.783367156982422,416323600
2010-03-15 00:00:00-04:00,6.7468464716655845,6.750438005650822,6.593277418514697,6.700746059417725,493502800
2010-03-16 00:00:00-04:00,6.710923711475747,6.73487180028922,6.660931606452395,6.719006061553955,446908000
2010-03-17 00:00:00-04:00,6.7324767923433875,6.778876563319382,6.683682532273251,6.709127426147461,450956800
2010-03-18 00:00:00-04:00,6.708529395753557,6.735471900463067,6.663926181125648,6.724994659423828,342109600
2010-03-19 00:00:00-04:00,6.729183330448397,6.742654178347074,6.622612792445322,6.653147220611572,559445600
2010-03-22 00:00:00-04:00,6.599863927619329,6.765407029717831,6.590284371786961,6.727987289428711,456419600
2010-03-23 00:00:00-04:00,6.754629693664131,6.848627492996732,6.7085288774187575,6.83605432510376,602431200
2010-03-24 00:00:00-04:00,6.814499916057071,6.891134755685815,6.810607822240941,6.866288185119629,597780400
2010-03-25 00:00:00-04:00,6.912688828332072,6.914186033638913,6.772889980653051,6.78486442565918,542284400
2010-03-26 00:00:00-04:00,6.853717504682825,6.943523454881764,6.8417430582447345,6.9120917320251465,640875200
2010-03-29 00:00:00-04:00,6.974954599346888,7.000997816162083,6.933643566657838,6.956693172454834,540744400
2010-03-30 00:00:00-04:00,7.082720080878123,7.1090638529372505,7.012371434081317,7.060268402099609,527310000
2010-03-31 00:00:00-04:00,7.049493464903248,7.083021108705319,7.018659671317256,7.034824371337891,430659600
2010-04-01 00:00:00-04:00,7.106967126003504,7.146481180920784,6.967468091657752,7.063859939575195,603145200
2010-04-05 00:00:00-04:00,7.034227384177575,7.139899068653512,7.027940400566975,7.139300346374512,684507600
2010-04-06 00:00:00-04:00,7.130617958558283,7.19168602103473,7.094695427802367,7.170731544494629,447017200
2010-04-07 00:00:00-04:00,7.171032059553614,7.241979452864783,7.144389316958141,7.202464580535889,628502000
2010-04-08 00:00:00-04:00,7.197673627180755,7.230602548852389,7.125828561831358,7.183005332946777,572989200
2010-04-09 00:00:00-04:00,7.227312403919654,7.241083019158989,7.198274767117882,7.238088607788086,334182800
2010-04-12 00:00:00-04:00,7.250358062467803,7.27640207305472,7.238683381683851,7.253052711486816,333026400
2010-04-13 00:00:00-04:00,7.2401817273209135,7.2683208699234285,7.2177292462851925,7.257244110107422,306210800
2010-04-14 00:00:00-04:00,7.342560199150523,7.358425935618173,7.306338710005089,7.354833602905273,404076400
2010-04-15 00:00:00-04:00,7.357527908419752,7.454818260347803,7.349445558996167,7.451525688171387,376784800
2010-04-16 00:00:00-04:00,7.4410509025927905,7.517985534203778,7.320710894115715,7.406026840209961,750545600
2010-04-19 00:00:00-04:00,7.394947899427281,7.420692153659817,7.237487164424869,7.396145343780518,566924400
2010-04-20 00:00:00-04:00,7.4401494795432495,7.461403715003435,7.273110005807002,7.32190465927124,738326400
2010-04-21 00:00:00-04:00,7.747286874075626,7.790693828652875,7.655385025878659,7.759860038757324,982391200
2010-04-22 00:00:00-04:00,7.730524746617514,7.985275059340152,7.669455878741725,7.976892948150635,793424800
2010-04-23 00:00:00-04:00,8.022395368656035,8.147824895283595,7.992759813247972,8.107412338256836,796955600
2010-04-26 00:00:00-04:00,8.138842773705406,8.156204916945018,8.028380533834532,8.067596435546875,479068800
2010-04-27 00:00:00-04:00,8.000841565006192,8.017904749942222,7.7987779956576455,7.8442792892456055,709343600
2010-04-28 00:00:00-04:00,7.880500041068609,7.902950922644397,7.675741861997134,7.831106662750244,758402400
2010-04-29 00:00:00-04:00,7.8736133383763045,8.082562546004146,7.8433790726860355,8.041851043701172,558840800
2010-04-30 00:00:00-04:00,8.061910147313506,8.099628853174194,7.813147824112734,7.8158416748046875,542463600
2010-05-03 00:00:00-04:00,7.898165651362835,8.019105184299553,7.869426974683892,7.973303318023682,454342000
2010-05-04 00:00:00-04:00,7.869726703240614,7.88170035122903,7.685922933218561,7.743697643280029,723819600
2010-05-05 00:00:00-04:00,7.574561367291216,7.727531302680197,7.44583848361051,7.663169860839844,883103200
2010-05-06 00:00:00-04:00,7.598512767819913,7.730827243225384,5.964636231286703,7.371602535247803,1285860800
2010-05-07 00:00:00-04:00,7.295564360478605,7.381179256465426,6.7417581899468795,7.060570240020752,1676018400
2010-05-10 00:00:00-04:00,7.491338919896291,7.62305458632602,7.439849617924293,7.603296756744385,984306400
2010-05-11 00:00:00-04:00,7.53894081588328,7.779921418547405,7.498828008394912,7.679039478302002,848906800
2010-05-12 00:00:00-04:00,7.760458889887564,7.876908359250789,7.744294989229992,7.845775604248047,654379600
2010-05-13 00:00:00-04:00,7.8796054495694,7.932890947858172,7.67544589182192,7.734119892120361,599712400
2010-05-14 00:00:00-04:00,7.638322970207004,7.677837837094588,7.468888579916591,7.598209381103516,759362800
2010-05-17 00:00:00-04:00,7.624558781645174,7.6688634589342835,7.415309609358836,7.610189437866211,762834800
2010-05-18 00:00:00-04:00,7.69280748815512,7.739805992809013,7.491640778695234,7.554505825042725,782678400
2010-05-19 00:00:00-04:00,7.468888180871965,7.571267276235431,7.329688870240753,7.4341630935668945,1025726800
2010-05-20 00:00:00-04:00,7.240782095347743,7.299755849273897,7.071048699478305,7.1174492835998535,1282915200
2010-05-21 00:00:00-04:00,6.969565978024395,7.319212584698431,6.9255610908200165,7.253953456878662,1223891200
2010-05-24 00:00:00-04:00,7.402435739154863,7.510802116700241,7.37190169013462,7.386868953704834,754238800
2010-05-25 00:00:00-04:00,7.165045027776035,7.386866449379877,7.099486932762753,7.340766429901123,1048006400
2010-05-26 00:00:00-04:00,7.486251587858458,7.547619416467514,7.296759602042313,7.307536602020264,850654000
2010-05-27 00:00:00-04:00,7.501817517466966,7.600305323775396,7.457213911335838,7.584139823913574,666282400
2010-05-28 00:00:00-04:00,7.764954473446385,7.7652534350177795,7.584143474301575,7.689815998077393,815614800
2010-06-01 00:00:00-04:00,7.773929990929524,7.961026268534908,7.752077031876063,7.808056354522705,876472800
2010-06-02 00:00:00-04:00,7.919120330167505,7.9269037219578316,7.79309205317719,7.901459217071533,688548000
2010-06-03 00:00:00-04:00,7.938275313286013,7.949352073552692,7.795483667189645,7.8766093254089355,650106800
2010-06-04 00:00:00-04:00,7.72962622838892,7.840087681151664,7.6224581475452595,7.662271976470947,758304400
2010-06-07 00:00:00-04:00,7.732020520436397,7.757764774766136,7.5003198333825924,7.511995315551758,886942000
2010-06-08 00:00:00-04:00,7.580847350669966,7.597611572968416,7.353637462157226,7.463799953460693,1000770400
2010-06-09 00:00:00-04:00,7.5278623154574555,7.5407352441421835,7.259042406976741,7.2802958488464355,854630000
2010-06-10 00:00:00-04:00,7.329387559830196,7.513190435258995,7.250357846986488,7.49912166595459,776356000
2010-06-11 00:00:00-04:00,7.4308683332533185,7.599404981271622,7.405124086287256,7.588927745819092,545759200
2010-06-14 00:00:00-04:00,7.662273747916827,7.757767167129364,7.603899516517599,7.6119818687438965,602960400
2010-06-15 00:00:00-04:00,7.652691632460397,7.778719850091728,7.648500577316505,7.773930072784424,585074000
2010-06-16 00:00:00-04:00,7.816140629097973,8.01521139887717,7.802071054621555,8.000244140625,783678000
2010-06-17 00:00:00-04:00,8.100526573203085,8.169378832444076,8.06759764888547,8.138545036315918,872855200
2010-06-18 00:00:00-04:00,8.149919844768355,8.23224295376381,8.125073271477756,8.204401969909668,784621600
2010-06-21 00:00:00-04:00,8.312767094328514,8.352281957106525,8.044545964395384,8.087653160095215,776490400
2010-06-22 00:00:00-04:00,8.147225070556493,8.261278846630049,8.127468038229596,8.197815895080566,717262000
2010-06-23 00:00:00-04:00,8.219672086756717,8.222066976387984,8.019702799357841,8.111604690551758,768457200
2010-06-24 00:00:00-04:00,8.11249832999735,8.178356962660983,8.025686022231318,8.052628517150879,714277200
2010-06-25 00:00:00-04:00,8.084363668643002,8.090649853970659,7.957137160917972,7.9837799072265625,549942400
2010-06-28 00:00:00-04:00,7.990663263237606,8.075082303314737,7.918519228647031,8.031675338745117,584948000
2010-06-29 00:00:00-04:00,7.906540767316373,7.914623913476348,7.6125754785178446,7.668554782867432,1133344800
2010-06-30 00:00:00-04:00,7.684721927714114,7.722440623952848,7.484155602196619,7.529656887054443,739452000
2010-07-01 00:00:00-04:00,7.612578658938462,7.627546714227247,7.280894547359976,7.4383544921875,1022896000
2010-07-02 00:00:00-04:00,7.498523462457573,7.511696149395914,7.2802944300578725,7.392253875732422,693842800
2010-07-06 00:00:00-04:00,7.513791447168592,7.5676748442931645,7.368903878001473,7.442844867706299,615235600
2010-07-07 00:00:00-04:00,7.49852401825615,7.746390215755665,7.476372895323651,7.743395805358887,654556000
2010-07-08 00:00:00-04:00,7.857452839443892,7.870026009713275,7.630242886859544,7.726036071777344,738144400
2010-07-09 00:00:00-04:00,7.690111890512018,7.780217593189198,7.6383236135177635,7.771836280822754,433322400
2010-07-12 00:00:00-04:00,7.739204034687179,7.838589503502473,7.629341328981953,7.702084064483643,562878400
2010-07-13 00:00:00-04:00,7.673048571363725,7.675442660775577,7.376986441902716,7.5377397537231445,1190924000
2010-07-14 00:00:00-04:00,7.465294217308201,7.657478380258259,7.453917700154591,7.565576553344727,812047600
2010-07-15 00:00:00-04:00,7.430874105524192,7.692509431199028,7.403033910224385,7.527266025543213,824866000
2010-07-16 00:00:00-04:00,7.579052106763362,7.632636553376772,7.436260435858348,7.48086404800415,1039858400
2010-07-19 00:00:00-04:00,7.480264884356381,7.480264884356381,7.172528835683268,7.351541996002197,1024478000
2010-07-20 00:00:00-04:00,7.27131596192785,7.570669913376793,7.184802589223522,7.540434837341309,1074950800
2010-07-21 00:00:00-04:00,7.935583326268,7.937379493271171,7.603600185152063,7.61078405380249,1185671200
2010-07-22 00:00:00-04:00,7.713757864815157,7.783208020574454,7.642810504321424,7.753871440887451,645318800
2010-07-23 00:00:00-04:00,7.696100476508297,7.794588308360812,7.671852620107624,7.781416416168213,533388800
2010-07-26 00:00:00-04:00,7.783210438109949,7.786204049146816,7.714658743770904,7.761657238006592,420551600
2010-07-27 00:00:00-04:00,7.809251134374724,7.92689720033951,7.792187958399971,7.905344009399414,584771600
2010-07-28 00:00:00-04:00,7.893076368354092,7.962526566834188,7.790697237803037,7.81195068359375,519985200
2010-07-29 00:00:00-04:00,7.80446536701728,7.862539827544436,7.666463483142204,7.726633071899414,643806800
2010-07-30 00:00:00-04:00,7.660179965601534,7.774232998765533,7.630542803717679,7.700891494750977,448210000
2010-08-02 00:00:00-04:00,7.796382381909653,7.860743021253078,7.771835570595513,7.8385910987854,428055600
2010-08-03 00:00:00-04:00,7.813447254017866,7.8808015189769725,7.765850026950159,7.840987682342529,417653600
2010-08-04 00:00:00-04:00,7.868227824780951,7.91133422735411,7.792491459795667,7.8724188804626465,420375200
2010-08-05 00:00:00-04:00,7.835000314429073,7.878407283671342,7.799676496322634,7.834102630615234,289097200
2010-08-06 00:00:00-04:00,7.7766261957605956,7.827816556013114,7.712264743425429,7.785906791687012,444897600
2010-08-09 00:00:00-04:00,7.827513889194842,7.847571481814486,7.770337919670479,7.835597038269043,303128000
2010-08-10 00:00:00-04:00,7.778720117265027,7.796681782784343,7.709867865469711,7.765548229217529,451920000
2010-08-11 00:00:00-04:00,7.645505329881246,7.654186398803791,7.478166135653389,7.489541053771973,620054400
2010-08-12 00:00:00-04:00,7.384772618321974,7.576658757282339,7.367709429047085,7.5374436378479,534920400
2010-08-13 00:00:00-04:00,7.5332480586419885,7.54013296265212,7.45661323367377,7.456912994384766,354869200
2010-08-16 00:00:00-04:00,7.411415178459598,7.484158751542925,7.3826765030514565,7.413211345672607,318430000
2010-08-17 00:00:00-04:00,7.486254776470598,7.622461341994405,7.459910987526136,7.542832851409912,422640400
2010-08-18 00:00:00-04:00,7.5545054909310725,7.623655919747832,7.53115532070015,7.575758934020996,339696000
2010-08-19 00:00:00-04:00,7.568872675362525,7.588031785976507,7.444341653820006,7.480264186859131,426706000
2010-08-20 00:00:00-04:00,7.4655951006134025,7.601202068914984,7.453919619140359,7.473078727722168,384230000
2010-08-23 00:00:00-04:00,7.53743935220419,7.54372553435367,7.341662028513427,7.358125686645508,414041600
2010-08-24 00:00:00-04:00,7.264430248402758,7.27430796607073,7.1440894792806,7.182406902313232,602565600
2010-08-25 00:00:00-04:00,7.125828629341544,7.303944888582023,7.10068309603965,7.271015167236328,596867600
2010-08-26 00:00:00-04:00,7.3476510368321515,7.35663187118038,7.192884922027588,7.192884922027588,466505200
2010-08-27 00:00:00-04:00,7.236890465611596,7.262634724198351,7.051589517736843,7.232998371124268,548391200
2010-08-30 00:00:00-04:00,7.20725272850398,7.356631126950009,7.20485783958673,7.259340763092041,383289200
2010-08-31 00:00:00-04:00,7.239882526363689,7.321008187555144,7.194979958906377,7.277302265167236,420786800
2010-09-01 00:00:00-04:00,7.40811963342348,7.527561920298712,7.372496859853939,7.493735313415527,697037600
2010-09-02 00:00:00-04:00,7.521576167531576,7.5488176345825195,7.4410500104325425,7.5488176345825195,415427600
2010-09-03 00:00:00-04:00,7.636226442748762,7.746687873573041,7.618564540297283,7.746388912200928,520788800
2010-09-07 00:00:00-04:00,7.6826269968924255,7.769140351726898,7.670952314302361,7.717651844024658,342557600
2010-09-08 00:00:00-04:00,7.77662531397806,7.914627999564577,7.756268756780487,7.8706231117248535,526551200
2010-09-09 00:00:00-04:00,7.93408835616032,7.978392218199585,7.870625375952804,7.875115394592285,438575200
2010-09-10 00:00:00-04:00,7.878704678391109,7.917920583525034,7.825120239557308,7.885290622711182,387542400
2010-09-13 00:00:00-04:00,7.957434358022226,8.0310755885319,7.955638990817616,7.993955612182617,388780000
2010-09-14 00:00:00-04:00,7.969111642287227,8.05772015708058,7.948456119709124,8.024492263793945,408150400
2010-09-15 00:00:00-04:00,8.02778245344302,8.093940051635057,8.017903138337774,8.089149475097656,429368800
2010-09-16 00:00:00-04:00,8.089750216004512,8.282234219401188,8.067597493229178,8.279240608215332,652103200
2010-09-17 00:00:00-04:00,8.312767936511117,8.320851086085144,8.192727729674523,8.243318557739258,634477200
2010-09-20 00:00:00-04:00,8.26457126266453,8.495074498505844,8.257686357493194,8.478610038757324,658677600
2010-09-21 00:00:00-04:00,8.497468513875017,8.601942722478631,8.465437281230384,8.494773864746094,668074400
2010-09-22 00:00:00-04:00,8.463042575868661,8.62080225538173,8.454061744181265,8.613917350769043,585289600
2010-09-23 00:00:00-04:00,8.571411363436503,8.763896181878527,8.561532845399366,8.648943901062012,786116800
2010-09-24 00:00:00-04:00,8.744134881536981,8.786942305063405,8.697735126046716,8.750720024108887,649488000
2010-09-27 00:00:00-04:00,8.800416887877194,8.822867773143633,8.71150863241631,8.715998649597168,482834800
2010-09-28 00:00:00-04:00,8.734257231766335,8.734257231766335,8.23224113435439,8.587274551391602,1035042400
2010-09-29 00:00:00-04:00,8.5983527750122,8.675586348553608,8.56153255471946,8.602543830871582,469644000
2010-09-30 00:00:00-04:00,8.651341720973546,8.68127704328411,8.419341973863682,8.494180679321289,673391600
2010-10-01 00:00:00-04:00,8.566021735777015,8.578893863550254,8.422331603503144,8.457356452941895,448142800
2010-10-04 00:00:00-04:00,8.429821775276432,8.46873714653757,8.315168392876904,8.34121322631836,435302000
2010-10-05 00:00:00-04:00,8.441790986231787,8.66480902669723,8.436401686678684,8.649542808532715,501967200
2010-10-06 00:00:00-04:00,8.66899978167265,8.740844849668886,8.539379218231877,8.657025337219238,670868800
2010-10-07 00:00:00-04:00,8.691451343061026,8.695642398560755,8.588773281085015,8.657923698425293,408399600
2010-10-08 00:00:00-04:00,8.732463447071993,8.815983205505738,8.681274691285674,8.80311107635498,658403200
2010-10-11 00:00:00-04:00,8.82316846552511,8.898006349592304,8.818977409724505,8.841727256774902,427753200
2010-10-12 00:00:00-04:00,8.843222155603014,8.965658826866996,8.755810327570664,8.936920166015625,558544000
2010-10-13 00:00:00-04:00,8.986617486719886,9.039303457429593,8.974643039121169,8.984821319580078,630092400
2010-10-14 00:00:00-04:00,9.031220453203572,9.054569824973635,8.992603262165852,9.04978084564209,435296400
2010-10-15 00:00:00-04:00,9.203348066340217,9.429660297166063,9.127611694599215,9.421876907348633,922194000
2010-10-18 00:00:00-04:00,9.533536928500576,9.549401870757807,9.408406363122321,9.5194673538208,1093010800
2010-10-19 00:00:00-04:00,9.082406796887247,9.392836624581562,8.98122515590665,9.264713287353516,1232784000
2010-10-20 00:00:00-04:00,9.250049687058572,9.407210727371126,9.186287746844688,9.29585075378418,721624400
2010-10-21 00:00:00-04:00,9.350627791058201,9.421874124232577,9.184187039399722,9.26561164855957,551460000
2010-10-22 00:00:00-04:00,9.252139829704554,9.281177452149615,9.169219615833125,9.204243659973145,372778000
2010-10-25 00:00:00-04:00,9.252739896719287,9.327876727646839,9.233281027456028,9.245255470275879,392462000
2010-10-26 00:00:00-04:00,9.18628435107337,9.272198989377484,9.14976229644431,9.22160816192627,392929600
2010-10-27 00:00:00-04:00,9.209633587310204,9.276987836242046,9.148265761001797,9.215022087097168,399002800
2010-10-28 00:00:00-04:00,9.218612414694915,9.220109619676428,9.007568862535615,9.13748836517334,551051200
2010-10-29 00:00:00-04:00,9.107258202479862,9.156651604954964,9.006674430839293,9.009967803955078,430511200
2010-11-01 00:00:00-04:00,9.047085481348676,9.148267150182251,9.046486759059206,9.105758666992188,423889200
2010-11-02 00:00:00-04:00,9.19017263591308,9.285665998893117,9.19017263591308,9.260819435119629,433930000
2010-11-03 00:00:00-04:00,9.320991815461433,9.366194937390233,9.235975669592584,9.363800048828125,508348400
2010-11-04 00:00:00-04:00,9.443128660199207,9.584723647559622,9.430555495346455,9.527546882629395,642488000
2010-11-05 00:00:00-04:00,9.519168523900642,9.56646599254671,9.482048536212538,9.493423461914062,361253200
2010-11-08 00:00:00-05:00,9.495514527727403,9.5724483147016,9.482342642292874,9.538022994995117,281758400
2010-11-09 00:00:00-05:00,9.610770215673401,9.6182546446646,9.414693843604594,9.461991310119629,383544000
2010-11-10 00:00:00-05:00,9.478754910977727,9.542517642830322,9.38625430540752,9.520365715026855,384227200
2010-11-11 00:00:00-05:00,9.429660261630024,9.53144145244227,9.407208575383924,9.47905445098877,361284000
2010-11-12 00:00:00-05:00,9.459592917294561,9.47456017100915,9.089292476843033,9.221007347106934,795846800
2010-11-15 00:00:00-05:00,9.233883263894318,9.29614878614077,9.168324369223093,9.191374778747559,403606000
2010-11-16 00:00:00-05:00,9.151860217332288,9.208138518327965,8.960273066159926,9.028226852416992,657650000
2010-11-17 00:00:00-05:00,9.016550410374006,9.100070161775427,8.91357258647645,8.995595932006836,479449600
2010-11-18 00:00:00-05:00,9.13629194585648,9.27010356867534,9.121025727785804,9.232983589172363,494491200
2010-11-19 00:00:00-05:00,9.219210726497787,9.232082850712331,9.137487166217209,9.182090759277344,384843200
2010-11-22 00:00:00-05:00,9.180598282571639,9.38056755065918,9.15635122644019,9.38056755065918,393075200
2010-11-23 00:00:00-05:00,9.293453657460669,9.332370606063447,9.177004970563127,9.241964340209961,519447600
2010-11-24 00:00:00-05:00,9.339851266857792,9.441632433152941,9.332368439061165,9.423670768737793,413725200
2010-11-26 00:00:00-05:00,9.391940190262458,9.510484788625197,9.36799210145303,9.429658889770508,237585600
2010-11-29 00:00:00-05:00,9.444624646318001,9.503896536409771,9.321291089260466,9.485636711120605,445785200
2010-11-30 00:00:00-05:00,9.385955534222543,9.410503151309358,9.306028096504166,9.314410209655762,501858000
2010-12-01 00:00:00-05:00,9.437742605198604,9.511982570546369,9.429660253952495,9.471570014953613,461750800
2010-12-02 00:00:00-05:00,9.50539686102421,9.549401751453454,9.426367115389738,9.523957252502441,462837200
2010-12-03 00:00:00-05:00,9.48982582161047,9.538919425786705,9.469769034740828,9.502697944641113,342092800
2010-12-06 00:00:00-05:00,9.538621993835443,9.649084219666369,9.53203605092708,9.58382511138916,448481600
2010-12-07 00:00:00-05:00,9.693091331144796,9.698777993199053,9.523058217253457,9.525752067565918,391454000
2010-12-08 00:00:00-05:00,9.568254722681928,9.609865495497337,9.492818160557963,9.609565734863281,321935600
2010-12-09 00:00:00-05:00,9.643097602592379,9.654172762770607,9.549997511965334,9.572150230407715,294151200
2010-12-10 00:00:00-05:00,9.568854588500464,9.610764327598353,9.537422084336601,9.59609603881836,262511200
2010-12-13 00:00:00-05:00,9.71015351247397,9.73080902727781,9.609270827090707,9.629326820373535,439815600
2010-12-14 00:00:00-05:00,9.631123705734177,9.655371553289285,9.54939933075918,9.588016510009766,351008000
2010-12-15 00:00:00-05:00,9.57933679294891,9.66914353751408,9.555089739304028,9.59011459350586,417312000
2010-12-16 00:00:00-05:00,9.611965707749244,9.65746779734866,9.582330156745103,9.616755485534668,322030800
2010-12-17 00:00:00-05:00,9.628130199339946,9.632919976623697,9.58622044746916,9.597596168518066,386929200
2010-12-20 00:00:00-05:00,9.627232878966886,9.676627063489205,9.526350980512875,9.645493507385254,385610400
2010-12-21 00:00:00-05:00,9.669145090857953,9.710755097556781,9.640706976624319,9.70506763458252,256354000
2010-12-22 00:00:00-05:00,9.709851852075197,9.750564151558924,9.685604009061326,9.733799934387207,265921600
2010-12-23 00:00:00-05:00,9.729013023953847,9.733503040540489,9.674231144531431,9.687103271484375,223157200
2010-12-27 00:00:00-05:00,9.664652698142348,9.742185229516757,9.624838069017601,9.719433784484863,249816000
2010-12-28 00:00:00-05:00,9.756256953977546,9.778708643160824,9.730812452307987,9.743085861206055,175924000
2010-12-29 00:00:00-05:00,9.765533167553835,9.772418871960031,9.732005526514929,9.737693786621094,163139200
2010-12-30 00:00:00-05:00,9.74338595182718,9.744283635804631,9.670643173882358,9.68890380859375,157494400
2010-12-31 00:00:00-05:00,9.667645256107138,9.683510993996164,9.618550837327895,9.655970573425293,193508000
2011-01-03 00:00:00-05:00,9.748173792909252,9.886475451390709,9.72422569946969,9.865819931030273,445138400
2011-01-04 00:00:00-05:00,9.951731269237438,9.953527435599021,9.823308172151304,9.917305946350098,309080800
2011-01-05 00:00:00-05:00,9.865218173973915,10.008608528384924,9.86372096895325,9.998430252075195,255519600
2011-01-06 00:00:00-05:00,10.019984362937445,10.035850100037367,9.965502246677898,9.990348815917969,300428800
2011-01-07 00:00:00-05:00,9.99813454862787,10.068782184956975,9.935569264085636,10.061897277832031,311931200
2011-01-10 00:00:00-05:00,10.143019374671693,10.274735053926054,10.093327033548913,10.251385688781738,448560000
2011-01-11 00:00:00-05:00,10.324130073800575,10.326524163300828,10.162179311613148,10.227139472961426,444108000
2011-01-12 00:00:00-05:00,10.27533479837111,10.310657808256288,10.237915061813483,10.310358047485352,302590400
2011-01-13 00:00:00-05:00,10.332508938468086,10.376813572567176,10.293293841677231,10.348074913024902,296780400
2011-01-14 00:00:00-05:00,10.354367472494438,10.431900024414062,10.310961297803608,10.431900024414062,308840000
2011-01-18 00:00:00-05:00,9.86432082331721,10.320536751505948,9.758948113396027,10.197502136230469,1880998000
2011-01-19 00:00:00-05:00,10.428004906618181,10.435489334084203,10.08464690450826,10.143320083618164,1135612800
2011-01-20 00:00:00-05:00,10.071174272177736,10.12715359550425,9.882281825806913,9.958916664123535,764789200
2011-01-21 00:00:00-05:00,9.99154670505704,10.024775388432442,9.777807669677333,9.780502319335938,754401200
2011-01-24 00:00:00-05:00,9.784991603117176,10.10170841217041,9.780500787510226,10.10170841217041,574683200
2011-01-25 00:00:00-05:00,10.068181858807115,10.22115178072548,10.015495105620477,10.219953536987305,546868000
2011-01-26 00:00:00-05:00,10.266654073668473,10.345683811506486,10.222948948384824,10.293296813964844,506875600
2011-01-27 00:00:00-05:00,10.291200680957001,10.318442142956181,10.26276257385049,10.274137496948242,285026000
2011-01-28 00:00:00-05:00,10.302878449160424,10.309763356705679,9.984365343903889,10.061298370361328,592057200
2011-01-31 00:00:00-05:00,10.052314488907461,10.179241184180286,10.007411927245085,10.157687187194824,377246800
2011-02-01 00:00:00-05:00,10.216962006340774,10.347180501438995,10.2073824501309,10.328620910644531,426633200
2011-02-02 00:00:00-05:00,10.311256557364437,10.335203844039132,10.284314061290914,10.307364463806152,258955200
2011-02-03 00:00:00-05:00,10.291800026390426,10.304971916352097,10.134639027386651,10.281023025512695,393797600
2011-02-04 00:00:00-05:00,10.287009669740177,10.378612573325313,10.283118374878688,10.372625350952148,321840400
2011-02-07 00:00:00-05:00,10.414234971185207,10.574688528178893,10.406751343170168,10.53367805480957,485021600
2011-02-08 00:00:00-05:00,10.587562973826305,10.642643826844303,10.541761916801194,10.633064270019531,381040800
2011-02-09 00:00:00-05:00,10.632761915752116,10.746816479397943,10.62318316134604,10.721670150756836,482745200
2011-02-10 00:00:00-05:00,10.698624687591563,10.776755954834385,10.417529743814361,10.61330795288086,928550000
2011-02-11 00:00:00-05:00,10.619592736045094,10.710895076528477,10.583370441534864,10.682456970214844,367572800
2011-02-14 00:00:00-05:00,10.680662438440853,10.761187791325506,10.67826754920212,10.75220775604248,310416400
2011-02-15 00:00:00-05:00,10.75251036077632,10.775860538765697,10.703416713472375,10.773764610290527,284174800
2011-02-16 00:00:00-05:00,10.800698344661885,10.923433970972223,10.791718312970424,10.87044906616211,481157600
2011-02-17 00:00:00-05:00,10.69442888573176,10.784833521191729,10.672575130259949,10.725860595703125,530583200
2011-02-18 00:00:00-05:00,10.738134876730323,10.761784001003575,10.463028055312918,10.494161605834961,816057200
2011-02-22 00:00:00-05:00,10.242407919538598,10.339698302340542,10.109794517053516,10.136436462402344,872555600
2011-02-23 00:00:00-05:00,10.141225169727248,10.316944949976143,10.136434592481569,10.256476402282715,671854400
2011-02-24 00:00:00-05:00,10.29838842064121,10.332215035327971,10.129252949120493,10.264261245727539,499900800
2011-02-25 00:00:00-05:00,10.335507224654425,10.43040271787755,10.32173741008949,10.422320365905762,380018800
2011-02-28 00:00:00-05:00,10.514519110037078,10.628572896160202,10.510926776686196,10.573492050170898,403074000
2011-03-01 00:00:00-05:00,10.641146652787985,10.648630281336125,10.407949529019476,10.456744194030762,456136800
2011-03-02 00:00:00-05:00,10.476196942753823,10.607613613893044,10.429497429702739,10.540857315063477,602590800
2011-03-03 00:00:00-05:00,10.692636589951878,10.770468089979078,10.654618124015846,10.763583183288574,500788400
2011-03-04 00:00:00-05:00,10.77884664590332,10.785432588955487,10.709396481531625,10.776751518249512,453266800
2011-03-07 00:00:00-05:00,10.818663910387345,10.826747060932918,10.516616110911437,10.63785457611084,546123200
2011-03-08 00:00:00-05:00,10.624381708906675,10.698921425970482,10.544753252673246,10.649827003479004,356316800
2011-03-09 00:00:00-05:00,10.617795716618781,10.619891644052423,10.495360620775422,10.551339149475098,453306000
2011-03-10 00:00:00-05:00,10.451054672828484,10.470513543559417,10.32472748899893,10.377713203430176,507539200
2011-03-11 00:00:00-05:00,10.337599495391876,10.546848500512441,10.327721778479034,10.536969184875488,471080400
2011-03-14 00:00:00-04:00,10.572593394119318,10.671380960927591,10.516614865389505,10.583969116210938,435957200
2011-03-15 00:00:00-04:00,10.240910932504145,10.412740239218161,10.181040300035168,10.340596199035645,721081200
2011-03-16 00:00:00-04:00,10.23791559108257,10.267850902259003,9.766731602913381,9.878989219665527,1162011200
2011-03-17 00:00:00-04:00,10.083149560529389,10.166370349628888,9.89844815382949,10.01759147644043,659422400
2011-03-18 00:00:00-04:00,10.092128957402787,10.124160194178934,9.87868969723776,9.898746490478516,753214000
2011-03-21 00:00:00-04:00,10.058002565379828,10.170259367168464,10.036148808042881,10.157088279724121,409402000
2011-03-22 00:00:00-04:00,10.254678521158185,10.256474687564227,10.152298634737843,10.21396541595459,325922800
2011-03-23 00:00:00-04:00,10.156491953861119,10.184631101133462,10.05680669450811,10.15379810333252,372996400
2011-03-24 00:00:00-04:00,10.233425918297838,10.357657983442893,10.143918943183067,10.326824188232422,404712000
2011-03-25 00:00:00-04:00,10.41962507418138,10.539067376819785,10.388192552702966,10.5235013961792,448910000
2011-03-28 00:00:00-04:00,10.571688041248843,10.60671286575692,10.490562438964844,10.490562438964844,309355200
2011-03-29 00:00:00-04:00,10.407347292025815,10.506134033203125,10.359451126258454,10.506134033203125,352900800
2011-03-30 00:00:00-04:00,10.496558405848992,10.503743872571803,10.400765239127274,10.43638801574707,329406000
2011-03-31 00:00:00-04:00,10.368432188855799,10.471409994666994,10.359452156482556,10.432793617248535,274019200
2011-04-01 00:00:00-04:00,10.510630284805043,10.524998822222452,10.276833597444464,10.314552307128906,418661600
2011-04-04 00:00:00-04:00,10.307068861687917,10.315749935793269,10.130150010272905,10.213669776916504,460084800
2011-04-05 00:00:00-04:00,10.08793749003351,10.245397406803773,10.058301145523568,10.144814491271973,482731200
2011-04-06 00:00:00-04:00,10.21456568830404,10.294792062251826,10.092428761801205,10.119370460510254,402539200
2011-04-07 00:00:00-04:00,10.121170966896928,10.190920132294666,10.059204393805878,10.120573043823242,373447200
2011-04-08 00:00:00-04:00,10.175650064502523,10.182534970234927,9.996935881349227,10.030163764953613,377535200
2011-04-11 00:00:00-04:00,10.000229840478942,10.048425789865446,9.879291924459965,9.902641296386719,398946800
2011-04-12 00:00:00-04:00,9.893361997571565,9.990353430764417,9.88468092217371,9.950539588928223,425639200
2011-04-13 00:00:00-04:00,10.028962339744437,10.062489970826704,9.954123691941108,10.062191009521484,346220000
2011-04-14 00:00:00-04:00,10.022378149096456,10.058300674343737,9.940355622657869,9.951131820678711,301800800
2011-04-15 00:00:00-04:00,9.977475216048504,9.987653491786316,9.782895328997341,9.802652359008789,453605600
2011-04-18 00:00:00-04:00,9.761943289994695,9.945447263612566,9.584126778085773,9.93407154083252,609898800
2011-04-19 00:00:00-04:00,9.971490467506442,10.117574688150892,9.92987967410095,10.113983154296875,419378400
2011-04-20 00:00:00-04:00,10.28311774920135,10.35017303697653,10.222948166417416,10.250188827514648,700666400
2011-04-21 00:00:00-04:00,10.627076043357045,10.630968137630639,10.433094832148797,10.498353958129883,753810400
2011-04-25 00:00:00-04:00,10.487576517284271,10.589656649584507,10.486378273573774,10.567503929138184,266546000
2011-04-26 00:00:00-04:00,10.585767195589831,10.62677847570833,10.457942777283838,10.489974021911621,338800000
2011-04-27 00:00:00-04:00,10.54445596102262,10.547749333422695,10.390588323511553,10.481890678405762,356213200
2011-04-28 00:00:00-04:00,10.363341755792499,10.469911077508078,10.343284967878146,10.380105972290039,360959200
2011-04-29 00:00:00-04:00,10.381008735959997,10.59564548851864,10.377715363569614,10.481292724609375,1006345200
2011-05-02 00:00:00-04:00,10.469615823791242,10.491468785497704,10.342689908523157,10.366039276123047,442713600
2011-05-03 00:00:00-04:00,10.417227229708109,10.474104234089381,10.346279855404006,10.423513412475586,313348000
2011-05-04 00:00:00-04:00,10.425309323384688,10.532179223984624,10.383998296240577,10.46452522277832,389250400
2011-05-05 00:00:00-04:00,10.429498540351409,10.505834398574237,10.359150701668113,10.380105972290039,335969200
2011-05-06 00:00:00-04:00,10.468119120198288,10.477398914815145,10.363943853262905,10.37741470336914,280134400
2011-05-09 00:00:00-04:00,10.413337361517875,10.453451753333207,10.37352352987875,10.40555477142334,204747200
2011-05-10 00:00:00-04:00,10.444168512430531,10.46811739699894,10.377412995101013,10.460932731628418,282091600
2011-05-11 00:00:00-04:00,10.448063086501671,10.477399677701289,10.33490697813558,10.394477844238281,336000000
2011-05-12 00:00:00-04:00,10.361249569570298,10.391184879594404,10.245998346200768,10.374719619750977,322000000
2011-05-13 00:00:00-04:00,10.347482275054437,10.365143386208599,10.188525080406079,10.193015098571777,326116000
2011-05-16 00:00:00-04:00,10.154098870373351,10.214568226792013,9.95652369953281,9.977478981018066,449775200
2011-05-17 00:00:00-04:00,9.938567625676678,10.0625,9.900549142229343,10.0625,452334400
2011-05-18 00:00:00-04:00,10.072373889796754,10.209478097574348,10.058304315579077,10.174154281616211,334776400
2011-05-19 00:00:00-04:00,10.240308454520532,10.25018696936335,10.138228336179562,10.19390869140625,261170000
2011-05-20 00:00:00-04:00,10.164873599978527,10.206484396074233,10.028966848630997,10.034954071044922,337968400
2011-05-23 00:00:00-04:00,9.877790291216854,10.057701877472805,9.861325833907701,10.010403633117676,383600000
2011-05-24 00:00:00-04:00,10.043338570263435,10.055313017938252,9.918806712532337,9.944252014160156,321927200
2011-05-25 00:00:00-04:00,9.981364889166468,10.134934285682144,9.96400275038334,10.081648826599121,294224000
2011-05-26 00:00:00-04:00,10.057407537736815,10.084947966359298,10.01130671634199,10.028369903564453,222560800
2011-05-27 00:00:00-04:00,10.022380301503631,10.107097495162739,10.007712007152335,10.10051155090332,203599200
2011-05-31 00:00:00-04:00,10.210972635661497,10.412437438964844,10.207978225613669,10.412437438964844,417754400
2011-06-01 00:00:00-04:00,10.443571741780653,10.541160259714708,10.317244559194151,10.342988014221191,554682800
2011-06-02 00:00:00-04:00,10.372620687226163,10.416925313505242,10.306762869456549,10.36064624786377,338783200
2011-06-03 00:00:00-04:00,10.273240435352067,10.337601081077514,10.238215582180532,10.281023025512695,313250000
2011-06-06 00:00:00-04:00,10.348676259031976,10.389088807095547,10.112485555128666,10.119370460510254,461941200
2011-06-07 00:00:00-04:00,10.123260146963316,10.124756552374825,9.935564385499463,9.9397554397583,529785200
2011-06-08 00:00:00-04:00,9.931976609117337,10.02238127280815,9.898150000277022,9.945746421813965,333723600
2011-06-09 00:00:00-04:00,9.975980020042712,9.988553185713894,9.90114134691454,9.923294067382812,275088800
2011-06-10 00:00:00-04:00,9.895155017170154,9.928383701186954,9.744280212963485,9.755955696105957,433955200
2011-06-13 00:00:00-04:00,9.79487165047724,9.828100336557416,9.731109727557005,9.776910781860352,329473200
2011-06-14 00:00:00-04:00,9.878691072164441,9.975981441025349,9.858035553872059,9.951733589172363,334569200
2011-06-15 00:00:00-04:00,9.871208538782968,9.887673003081343,9.725422450041448,9.781402587890625,399196000
2011-06-16 00:00:00-04:00,9.785887952666029,9.839172615666673,9.529341552948603,9.733799934387207,510591200
2011-06-17 00:00:00-04:00,9.84845517647968,9.856238564580206,9.560176450894694,9.587118148803711,615020000
2011-06-20 00:00:00-04:00,9.500305655215712,9.510483931771589,9.294948753819266,9.439237594604492,640645600
2011-06-21 00:00:00-04:00,9.479953160759084,9.752963360921896,9.435648505763186,9.737996101379395,493382400
2011-06-22 00:00:00-04:00,9.73380484993051,9.845764329571377,9.650584042811245,9.657469749450684,390583200
2011-06-23 00:00:00-04:00,9.547602095444702,9.929279032575938,9.523056088603559,9.915509223937988,559759200
2011-06-24 00:00:00-04:00,9.919701456371115,9.972986129712728,9.73170669555631,9.769425392150879,439807200
2011-06-27 00:00:00-04:00,9.806543383659342,9.995435789835284,9.796365109030734,9.9397554397583,339813600
2011-06-28 00:00:00-04:00,9.987954040790594,10.079257177487989,9.981667857398996,10.036149978637695,294299600
2011-06-29 00:00:00-04:00,10.059501557465246,10.069380075428915,9.934969720999655,9.99963092803955,352545200
2011-06-30 00:00:00-04:00,10.019385987533855,10.062194222535677,9.963706425062066,10.048422813415527,322954800
2011-07-01 00:00:00-04:00,10.056807117337303,10.282819587465015,10.004420115656297,10.275635719299316,435313200
2011-07-05 00:00:00-04:00,10.26785280884228,10.472312085293863,10.252885550155922,10.46033763885498,355054000
2011-07-06 00:00:00-04:00,10.445966139580262,10.600134307782017,10.378910852135366,10.530084609985352,444626000
2011-07-07 00:00:00-04:00,10.617197675304377,10.71688212522662,10.597140081643746,10.692934036254883,399663600
2011-07-08 00:00:00-04:00,10.577382556615971,10.776753045920211,10.543256191688155,10.768071174621582,489633200
2011-07-11 00:00:00-04:00,10.667189052754848,10.769867906074357,10.561815550000613,10.597139358520508,442674400
2011-07-12 00:00:00-04:00,10.583069133362214,10.70730197703532,10.436086447454212,10.589655876159668,451609200
2011-07-13 00:00:00-04:00,10.726760608316276,10.776753512875194,10.668386392228916,10.71748161315918,391638800
2011-07-14 00:00:00-04:00,10.806986814095024,10.824948478674909,10.667188788577345,10.709996223449707,430533600
2011-07-15 00:00:00-04:00,10.811778401350363,10.926430915012563,10.75190777478499,10.924036026000977,484467200
2011-07-18 00:00:00-04:00,10.939302203543429,11.215306746032283,10.934812186672648,11.189862251281738,572653200
2011-07-19 00:00:00-04:00,11.315594276365063,11.335052354528724,11.17549643333164,11.281168937683105,819145600
2011-07-20 00:00:00-04:00,11.85802133989524,11.862511356877183,11.555074290595048,11.582015991210938,941340400
2011-07-21 00:00:00-04:00,11.583513547788511,11.676612058324451,11.492210404610116,11.5936918258667,526534400
2011-07-22 00:00:00-04:00,11.624522916141474,11.825988520340157,11.60745973478338,11.773601531982422,516728800
2011-07-25 00:00:00-04:00,11.685292036221872,11.974169494686869,11.663439875556493,11.929266929626465,589806000
2011-07-26 00:00:00-04:00,11.97416804735221,12.10887812433701,11.96458929293137,12.076248168945312,476582400
2011-07-27 00:00:00-04:00,11.99183316679392,12.053201000634123,11.73917796353088,11.752349853515625,659324400
2011-07-28 00:00:00-04:00,11.72331312187911,11.884065656792774,11.618838082927805,11.729299545288086,594034000
2011-07-29 00:00:00-04:00,11.60416708966481,11.82898205661401,11.495202058642953,11.689183235168457,632584400
2011-08-01 00:00:00-04:00,11.907710772562355,11.959199272311444,11.745760048331386,11.876877784729004,612836000
2011-08-02 00:00:00-04:00,11.903820225273243,11.911303852002435,11.6254208377105,11.642184257507324,639539600
2011-08-03 00:00:00-04:00,11.704152925849428,11.78108753755008,11.442518491353397,11.751750946044922,732508000
2011-08-04 00:00:00-04:00,11.65715474234129,11.714330717638635,11.296133226614815,11.296731948852539,871407600
2011-08-05 00:00:00-04:00,11.388632343946712,11.480235235770607,10.853686483701336,11.18447208404541,1204590800
2011-08-08 00:00:00-04:00,10.827343878736356,11.009351438370505,10.567803789350942,10.573492050170898,1143833600
2011-08-09 00:00:00-04:00,10.815668367049438,11.214109584080557,10.627074877376169,11.196147918701172,1082583600
2011-08-10 00:00:00-04:00,11.110534388408473,11.21530839190733,10.851593790497413,10.887216567993164,878656800
2011-08-11 00:00:00-04:00,11.091675326313174,11.239257578072701,10.918049853092171,11.186870574951172,741969200
2011-08-12 00:00:00-04:00,11.317684965868887,11.364683456416104,11.202733508522988,11.285355567932129,528976000
2011-08-15 00:00:00-04:00,11.364384875830075,11.524240500561545,11.318284067297611,11.477540969848633,460544000
2011-08-16 00:00:00-04:00,11.420965102293255,11.476345715509877,11.257517113288442,11.38983154296875,498750000
2011-08-17 00:00:00-04:00,11.44461401615107,11.510770830055138,11.315592161858033,11.38863468170166,442061200
2011-08-18 00:00:00-04:00,11.101252106373227,11.155436062234584,10.817763158502125,10.957860946655273,851435200
2011-08-19 00:00:00-04:00,10.841710207661107,10.986298787198026,10.657008848879704,10.657906532287598,775888400
2011-08-22 00:00:00-04:00,10.911760459789406,10.922837218956708,10.629768729385404,10.670181274414062,535315200
2011-08-23 00:00:00-04:00,10.78573544681119,11.185074435895867,10.686948663426488,11.183876991271973,656835200
2011-08-24 00:00:00-04:00,11.17997895264568,11.344324542769792,11.09406434496387,11.261104583740234,626267600
2011-08-25 00:00:00-04:00,10.928825172307162,11.239255847912077,10.926430283434005,11.187467575073242,871346000
2011-08-26 00:00:00-04:00,11.11113212629674,11.489216828646496,11.100056164505812,11.48263168334961,641477200
2011-08-29 00:00:00-04:00,11.620339026747986,11.719725364835826,11.614951323512198,11.67392349243164,405269200
2011-08-30 00:00:00-04:00,11.622428643473587,11.729897284806492,11.561360575048537,11.674516677856445,417922400
2011-08-31 00:00:00-04:00,11.691882230505584,11.737084569680544,11.431144637721276,11.520052909851074,522586400
2011-09-01 00:00:00-04:00,11.549686955239927,11.595188246806496,11.397015981317887,11.406295776367188,343725200
2011-09-02 00:00:00-04:00,11.218000450469368,11.315590570203055,11.130889168263543,11.197345733642578,438939200
2011-09-06 00:00:00-04:00,10.997376554745598,11.385339748166412,10.970733816471446,11.36767864227295,509698000
2011-09-07 00:00:00-04:00,11.541904370033953,11.543101814598694,11.435333402496212,11.493109703063965,350576800
2011-09-08 00:00:00-04:00,11.447306384265955,11.633206032039652,11.44461253402087,11.499394416809082,416158400
2011-09-09 00:00:00-04:00,11.493108505724607,11.55507425708905,11.226382952569535,11.30002498626709,564813200
2011-09-12 00:00:00-04:00,11.165914939226234,11.40180511026396,11.132985215555117,11.373666763305664,467832400
2011-09-13 00:00:00-04:00,11.439521728127708,11.561358885742964,11.38294368499074,11.513762474060059,440560400
2011-09-14 00:00:00-04:00,11.585609259450633,11.74097409139822,11.547890555799803,11.653861999511719,534724400
2011-09-15 00:00:00-04:00,11.717621922332079,11.784378240447877,11.671820878660737,11.763422966003418,417818800
2011-09-16 00:00:00-04:00,11.840659475487895,11.98913860321045,11.825392457122199,11.98913860321045,698513200
2011-09-19 00:00:00-04:00,11.884362790750178,12.370215052529224,11.830480192181998,12.322318077087402,823860800
2011-09-20 00:00:00-04:00,12.430686806517986,12.65849624564125,12.309149376818528,12.376803398132324,775754000
2011-09-21 00:00:00-04:00,12.562105520155864,12.620479754618852,12.333399160825762,12.337590217590332,605976000
2011-09-22 00:00:00-04:00,12.005006718210181,12.268139197968914,11.875386126143647,12.028655052185059,968480800
2011-09-23 00:00:00-04:00,11.98255305394026,12.175936345875188,11.969680925113497,12.102893829345703,546277200
2011-09-26 00:00:00-04:00,11.969978569901162,12.093312943021113,11.713731867340261,12.06906509399414,812876400
2011-09-27 00:00:00-04:00,12.235508877452178,12.2510748588695,11.916098104243275,11.952020645141602,632497600
2011-09-28 00:00:00-04:00,11.979860097611706,12.086131314700815,11.86969758498843,11.884666442871094,429637600
2011-09-29 00:00:00-04:00,12.031648494923092,12.04032956868919,11.561362115034719,11.69188117980957,651086800
2011-09-30 00:00:00-04:00,11.588599625527346,11.641586131907129,11.410783157929815,11.414974212646484,547640800
2011-10-03 00:00:00-04:00,11.386536595804325,11.45448955890804,11.171001425957519,11.213808059692383,669099200
2011-10-04 00:00:00-04:00,11.212910296852518,11.429343148678857,10.60432404641591,11.150943756103516,1233677200
2011-10-05 00:00:00-04:00,11.012044970985668,11.370072032321554,10.785732789010208,11.323074340820312,786469600
2011-10-06 00:00:00-04:00,11.175792454918613,11.51855334207556,11.129991402775897,11.296731948852539,812582400
2011-10-07 00:00:00-04:00,11.24913379518075,11.307806970877666,11.03090475351916,11.070119857788086,535458000
2011-10-10 00:00:00-04:00,11.348222639918614,11.63919448852539,11.321878858259886,11.63919448852539,442514800
2011-10-11 00:00:00-04:00,11.751752657972004,12.069368069970443,11.719722211300226,11.982853889465332,605687600
2011-10-12 00:00:00-04:00,12.193895527180192,12.251071496329601,11.978360340947974,12.039728164672852,622286000
2011-10-13 00:00:00-04:00,12.123249769212343,12.22652816772461,12.05948784217053,12.22652816772461,426185200
2011-10-14 00:00:00-04:00,12.477984411502229,12.632750511169434,12.431284077459106,12.632750511169434,573367200
2011-10-17 00:00:00-04:00,12.624968292251486,12.773448221932073,12.451342026524792,12.57258129119873,686044800
2011-10-18 00:00:00-04:00,12.625566158650082,12.71687010793684,12.452839176170222,12.639935493469238,881602400
2011-10-19 00:00:00-04:00,12.014585882158457,12.226229031822838,11.908314666053114,11.932862281799316,1104059600
2011-10-20 00:00:00-04:00,11.97416829218617,11.984645529669356,11.800842633875387,11.833770751953125,549270400
2011-10-21 00:00:00-04:00,11.917291881412304,11.948424634028218,11.697265886520897,11.76072883605957,621244400
2011-10-24 00:00:00-04:00,11.859818684081192,12.168751387547363,11.836469314477423,12.146899223327637,502138000
2011-10-25 00:00:00-04:00,12.124747758154822,12.17024985688787,11.895742457036866,11.907416343688965,430427200
2011-10-26 00:00:00-04:00,12.026858390669961,12.050508322397118,11.76911442270169,11.992134094238281,456304800
2011-10-27 00:00:00-04:00,12.200484323184709,12.243592332567324,12.030750932733241,12.114569664001465,494664800
2011-10-28 00:00:00-04:00,12.063976473793394,12.164260449898869,12.049308178695266,12.122350692749023,322842800
2011-10-31 00:00:00-04:00,12.046612365647935,12.253466467953384,12.005600298852649,12.117259979248047,385501200
2011-11-01 00:00:00-04:00,11.896633385232144,11.959197836179593,11.771203923292834,11.869690895080566,531790000
2011-11-02 00:00:00-04:00,11.976863176639357,11.987340414328308,11.827783763004351,11.896636009216309,327350800
2011-11-03 00:00:00-04:00,11.946330414276453,12.075950981251625,11.835270236710157,12.066072463989258,441386400
2011-11-04 00:00:00-04:00,12.034935320559745,12.07714402398199,11.949020708982385,11.981350898742676,302229200
2011-11-07 00:00:00-05:00,11.97147664077328,11.974170491143497,11.858320536705925,11.966087341308594,270275600
2011-11-08 00:00:00-05:00,12.040327454367045,12.213653934591196,12.020869382497173,12.160667419433594,400442000
2011-11-09 00:00:00-05:00,11.883467039263307,12.000814208525881,11.801444484661959,11.832876205444336,558684000
2011-11-10 00:00:00-05:00,11.885259059904667,11.890647558566418,11.439820228904894,11.531722068786621,744752400
2011-11-11 00:00:00-05:00,11.573333328532376,11.635898593064049,11.383243445741478,11.513762474060059,653786000
2011-11-14 00:00:00-05:00,11.480832337606575,11.532621401100686,11.321576251126544,11.353307723999023,432905200
2011-11-15 00:00:00-05:00,11.399411596899034,11.659849393293703,11.358999042121116,11.639793395996094,430810800
2011-11-16 00:00:00-05:00,11.652364862721358,11.70894291464922,11.504782630178067,11.518254280090332,349210400
2011-11-17 00:00:00-05:00,11.494600948377883,11.512562610033909,11.240749191867833,11.29792594909668,479900400
2011-11-18 00:00:00-05:00,11.343133789290375,11.37516423579951,11.222194273328322,11.223990440368652,371938000
2011-11-21 00:00:00-05:00,11.088081746935647,11.12639997050056,10.953672200466487,11.046472549438477,447980400
2011-11-22 00:00:00-05:00,11.106642795967668,11.31349694678473,11.104247906852656,11.270988464355469,409021200
2011-11-23 00:00:00-05:00,11.211117873834656,11.25093250866663,10.982710503272019,10.986003875732422,428271200
2011-11-25 00:00:00-05:00,11.028809667700365,11.110533254188761,10.876138695567212,10.883623123168945,254760800
2011-11-28 00:00:00-05:00,11.1464581696666,11.27727620789446,11.085988809875928,11.25931453704834,346413200
2011-11-29 00:00:00-05:00,11.250932403796735,11.340439391920855,11.082096706953214,11.171902656555176,375855200
2011-11-30 00:00:00-05:00,11.414077852189974,11.44371340065001,11.324570086551947,11.44131851196289,405938400
2011-12-01 00:00:00-05:00,11.451501903673185,11.644884455359742,11.397917444408563,11.61285400390625,387181200
2011-12-02 00:00:00-05:00,11.669729537250673,11.783484387992678,11.632310588653034,11.665838241577148,379055600
2011-12-05 00:00:00-05:00,11.779290521621004,11.866702366934732,11.686490975694442,11.764921188354492,357210000
2011-12-06 00:00:00-05:00,11.749954234663086,11.8134179921949,11.656257002676746,11.703254699707031,283598000
2011-12-07 00:00:00-05:00,11.672720913454503,11.702955987276606,11.577825435617228,11.647575378417969,304746400
2011-12-08 00:00:00-05:00,11.718221574943223,11.839460017517572,11.681700321659184,11.694572448730469,376356400
2011-12-09 00:00:00-05:00,11.760132537118619,11.795755311123013,11.705649612996199,11.783182144165039,296993200
2011-12-12 00:00:00-05:00,11.725109627751133,11.79156620823899,11.658354085776782,11.729899406433105,301067200
2011-12-13 00:00:00-05:00,11.764624014791751,11.836469892680595,11.588004930027346,11.63919448852539,338928800
2011-12-14 00:00:00-05:00,11.57602898226516,11.596385538179135,11.306011650185626,11.381149291992188,406887600
2011-12-15 00:00:00-05:00,11.475142841886571,11.487416243440157,11.324866814462673,11.34372615814209,256200000
2011-12-16 00:00:00-05:00,11.386237383475214,11.499692434396545,11.362588257967873,11.405994415283203,421478400
2011-12-19 00:00:00-05:00,11.449401353722516,11.520647691528364,11.389828898910045,11.441617965698242,235530400
2011-12-20 00:00:00-05:00,11.607758550856571,11.85742088465743,11.592791296862883,11.852930068969727,337215200
2011-12-21 00:00:00-05:00,11.87508376203595,11.893345189538103,11.734985959152079,11.867899894714355,262948000
2011-12-22 00:00:00-05:00,11.884360775488306,11.948124277702401,11.857419880453685,11.930761337280273,202358800
2011-12-23 00:00:00-05:00,11.964889409695415,12.081637834611264,11.958902188003005,12.073854446411133,269399200
2011-12-27 00:00:00-05:00,12.0669710569895,12.246283972711069,12.06457536864955,12.169649124145508,265076000
2011-12-28 00:00:00-05:00,12.180428331317831,12.221139852592131,12.014286475511541,12.053202629089355,228662000
2011-12-29 00:00:00-05:00,12.075949085805004,12.143304128076778,11.989436533616598,12.127437591552734,215978000
2011-12-30 00:00:00-05:00,12.07923975363736,12.162161558607094,12.07864183094861,12.123844146728516,179662000
2012-01-03 00:00:00-05:00,12.25556551220739,12.348365069166784,12.243591066395002,12.310346603393555,302220800
2012-01-04 00:00:00-05:00,12.273521375421367,12.413619945320555,12.251968179708685,12.37649917602539,260022000
2012-01-05 00:00:00-05:00,12.421703757601282,12.529470548226165,12.353450231183752,12.513904571533203,271269600
2012-01-06 00:00:00-05:00,12.565995814316384,12.655203040289093,12.549531350496604,12.644725799560547,318292800
2012-01-09 00:00:00-05:00,12.737527194729719,12.80488146157865,12.613294303887958,12.624670028686523,394024400
2012-01-10 00:00:00-05:00,12.749794921317838,12.752489570577218,12.617779489743787,12.669867515563965,258196400
2012-01-11 00:00:00-05:00,12.653107947501477,12.658197487145998,12.552226029524803,12.649216651916504,215084800
2012-01-12 00:00:00-05:00,12.641131340279852,12.659690929379922,12.535458868892453,12.61448860168457,212587200
2012-01-13 00:00:00-05:00,12.563900304079926,12.586351190946395,12.5327667449517,12.567192077636719,226021600
2012-01-17 00:00:00-05:00,12.698608260223343,12.752193503206602,12.661488279192335,12.713576316833496,242897200
2012-01-18 00:00:00-05:00,12.781230101893318,12.856367746306438,12.761473066888852,12.84559154510498,276791200
2012-01-19 00:00:00-05:00,12.87672521902299,12.913245680362445,12.767760159214117,12.804880142211914,261738400
2012-01-20 00:00:00-05:00,12.79709196232775,12.797390923682807,12.565391316626087,12.581855773925781,413974400
2012-01-23 00:00:00-05:00,12.65280476338734,12.825832266948675,12.641728803315152,12.794698715209961,306062400
2012-01-24 00:00:00-05:00,12.725549228680876,12.725549228680876,12.559407417458196,12.585151672363281,547638000
2012-01-25 00:00:00-05:00,13.603855696230426,13.604154657684965,13.283247513913505,13.37095832824707,958314000
2012-01-26 00:00:00-05:00,13.421846223152606,13.43471755035325,13.265583738586047,13.310187339782715,323985200
2012-01-27 00:00:00-05:00,13.301509109922621,13.425442230990411,13.28444672299543,13.389519691467285,299709200
2012-01-30 00:00:00-05:00,13.342519670748894,13.58769124958085,13.33294091359099,13.56104850769043,379341200
2012-01-31 00:00:00-05:00,13.63828092671535,13.717609628663451,13.562843519820488,13.664923667907715,391683600
2012-02-01 00:00:00-05:00,13.722698783454254,13.74006092833243,13.637083904769533,13.656241416931152,270046000
2012-02-02 00:00:00-05:00,13.64756163425127,13.685579299465024,13.590085894886272,13.624212265014648,186796400
2012-02-03 00:00:00-05:00,13.689471841544924,13.770296948069868,13.637383804601946,13.760717391967773,286599600
2012-02-06 00:00:00-05:00,13.721801649979923,13.919375204248595,13.716413948875513,13.889140129089355,249412800
2012-02-07 00:00:00-05:00,13.92745902033499,14.062169140352163,13.907401423513974,14.034627914428711,316223600
2012-02-08 00:00:00-05:00,14.084619704906926,14.272912668931742,14.060670813348374,14.269620895385742,407890000
2012-02-09 00:00:00-05:00,14.391750772197685,14.87041824220589,14.385763551917595,14.763249397277832,884214800
2012-02-10 00:00:00-05:00,14.697093417913306,14.896462268645307,14.624947809261023,14.770733833312988,631302000
2012-02-13 00:00:00-05:00,14.953638177549674,15.082361015241037,14.880595688995314,15.045540809631348,517216000
2012-02-14 00:00:00-05:00,15.107209202837625,15.253892126132781,15.02758155858082,15.250899314880371,460398400
2012-02-15 00:00:00-05:00,15.394590206144445,15.754712388620806,14.874611606854272,14.89796257019043,1506120000
2012-02-16 00:00:00-05:00,14.713260664450958,15.114095961009667,14.567474615129829,15.033868789672852,944552000
2012-02-17 00:00:00-05:00,15.060806385065144,15.200306213338047,14.976687942253598,15.031170845031738,535805200
2012-02-21 00:00:00-05:00,15.173669668170753,15.41225528717041,15.091047597008476,15.41225528717041,605595200
2012-02-22 00:00:00-05:00,15.3592744941929,15.431418553272836,15.239232637611856,15.358077049255371,483302400
2012-02-23 00:00:00-05:00,15.419140792029166,15.501463909214106,15.252101267184353,15.458355903625488,568027600
2012-02-24 00:00:00-05:00,15.55654536433239,15.6532362217324,15.525712363740183,15.638567924499512,415072000
2012-02-27 00:00:00-05:00,15.605636893052475,15.820873142680513,15.45506264559673,15.738850593566895,547582000
2012-02-28 00:00:00-05:00,15.804706408990846,16.027725219726562,15.741542419590587,16.027725219726562,600387200
2012-02-29 00:00:00-05:00,16.21183035057744,16.392940235962026,16.036408726308263,16.23817253112793,952011200
2012-03-01 00:00:00-05:00,16.409709552452355,16.410908596178146,16.128316372159297,16.298948287963867,683270000
2012-03-02 00:00:00-05:00,16.29205700596435,16.36869025483053,16.240566893596654,16.3201961517334,431712400
2012-03-05 00:00:00-05:00,16.327374034793774,16.38904000147995,15.746026974801335,15.960366249084473,809124400
2012-03-06 00:00:00-05:00,15.675987339202454,15.976238983919984,15.453267435912142,15.873560905456543,810238800
2012-03-07 00:00:00-05:00,16.069332115442787,16.098668696530737,15.665203524675789,15.88642692565918,798520800
2012-03-08 00:00:00-05:00,16.006175095998774,16.25463925922006,15.92924127753625,16.22470474243164,516457200
2012-03-09 00:00:00-05:00,16.291159935486817,16.396832421045183,16.25823100896793,16.31989860534668,418919200
2012-03-12 00:00:00-04:00,16.43395437525569,16.52436065673828,16.37468165803758,16.52436065673828,407282400
2012-03-13 00:00:00-04:00,16.690197895357496,17.008710120183746,16.636611857422626,17.006315231323242,690855200
2012-03-14 00:00:00-04:00,17.30416953327813,17.80319199398033,17.224839257815024,17.649324417114258,1418844000
2012-03-15 00:00:00-04:00,17.949580252216442,17.96155469662132,17.319140942179715,17.528987884521484,1159718000
2012-03-16 00:00:00-04:00,17.50384013828295,17.637950707343137,17.30267428469267,17.529285430908203,825487600
2012-03-19 00:00:00-04:00,17.91245901141894,18.014238579696322,17.63346088379707,17.994182586669922,901236000
2012-03-20 00:00:00-04:00,17.946583237308356,18.167805050661524,17.70620231739453,18.139667510986328,816662000
2012-03-21 00:00:00-04:00,18.04327933258889,18.250133475244112,18.0034663010282,18.036094665527344,644042000
2012-03-22 00:00:00-04:00,17.894801276662115,18.095968777912645,17.82744701434244,17.94150161743164,623870800
2012-03-23 00:00:00-04:00,17.975924998687926,18.015140107184166,17.793617669928025,17.8430118560791,430488800
2012-03-26 00:00:00-04:00,17.95496415177971,18.17529068473801,17.81935879345577,18.17020034790039,595742000
2012-03-27 00:00:00-04:00,18.146257846103254,18.44860538875719,18.14266551259537,18.39472198486328,607129600
2012-03-28 00:00:00-04:00,18.511473607583493,18.60337629785044,18.269895112007823,18.488723754882812,655460400
2012-03-29 00:00:00-04:00,18.34383198830289,18.45698809938772,18.177690954662314,18.256420135498047,608238400
2012-03-30 00:00:00-04:00,18.223799786091632,18.27738425855086,17.89959909937774,17.947795867919922,731038000
2012-04-02 00:00:00-04:00,18.016039698730552,18.52314548737613,17.972632732433848,18.51895523071289,598351600
2012-04-03 00:00:00-04:00,18.77849050616414,18.925475603771726,18.635100939120505,18.838960647583008,834559600
2012-04-04 00:00:00-04:00,18.690183269052167,18.735385598645927,18.47015724469512,18.68898582458496,572980800
2012-04-05 00:00:00-04:00,18.76892201464485,18.998826653812777,18.661753087403216,18.96949005126953,641298000
2012-04-09 00:00:00-04:00,18.74347076265722,19.15388570523021,18.718624986335996,19.045818328857422,597536800
2012-04-10 00:00:00-04:00,19.15657769644112,19.27841487447811,18.739577648429442,18.812620162963867,889725200
2012-04-11 00:00:00-04:00,19.044925961548596,19.0649819642432,18.659954626924673,18.74557113647461,696614800
2012-04-12 00:00:00-04:00,18.70964345301422,18.899135464200498,18.5749333333405,18.642887115478516,614336800
2012-04-13 00:00:00-04:00,18.68299593576236,18.700658638813817,18.066326511683254,18.117815017700195,859644800
2012-04-16 00:00:00-04:00,18.26240446512742,18.26898960970027,17.310159626176798,17.366437911987305,1050786800
2012-04-17 00:00:00-04:00,17.330818291332246,18.260610817989573,17.120371804747315,18.251630783081055,1025528000
2012-04-18 00:00:00-04:00,18.37196494421259,18.56744410260444,18.042375239817904,18.210912704467773,954531200
2012-04-19 00:00:00-04:00,17.967842766545832,18.102851843616914,17.497856166021858,17.585268020629883,834719200
2012-04-20 00:00:00-04:00,17.703212641577455,17.800204045753016,17.075766122447586,17.152400970458984,1030985200
2012-04-23 00:00:00-04:00,17.081457780951855,17.262866658980926,16.662660683351046,17.114086151123047,966529200
2012-04-24 00:00:00-04:00,16.84197358250076,16.994045863830884,16.61416492136542,16.77222442626953,1076149200
2012-04-25 00:00:00-04:00,18.42944514010474,18.50009276267833,18.14086742766649,18.260608673095703,905777600
2012-04-26 00:00:00-04:00,18.38843224491684,18.4010062102182,18.02501667003518,18.191757202148438,536068400
2012-04-27 00:00:00-04:00,18.11302978233253,18.14625766791091,17.97622374765619,18.051061630249023,406722400
2012-04-30 00:00:00-04:00,17.8953977101804,17.913359376607545,17.452352863989436,17.481689453125,506144800
2012-05-01 00:00:00-04:00,17.509234446396125,17.86426800292894,17.39937169418681,17.426313400268555,610999200
2012-05-02 00:00:00-04:00,17.369739392399563,17.584077254987246,17.328428338536852,17.541568756103516,427389200
2012-05-03 00:00:00-04:00,17.67686712679382,17.703808823154336,17.371525236834692,17.41702651977539,390549600
2012-05-04 00:00:00-04:00,17.27513612774071,17.31345275126671,16.9186046380869,16.92099952697754,529992400
2012-05-07 00:00:00-04:00,16.80874192382985,17.14611430267635,16.80065877413527,17.047626495361328,460118400
2012-05-08 00:00:00-04:00,17.050621731414843,17.108097474292137,16.72582327243751,17.008712768554688,497252000
2012-05-09 00:00:00-04:00,16.874601587337022,17.18233844832552,16.78928565974297,17.038646697998047,480704000
2012-05-10 00:00:00-04:00,17.20029068869605,17.23920682032086,17.01648862556891,17.078752517700195,333200000
2012-05-11 00:00:00-04:00,16.91351496538083,17.19700392694799,16.89405689389938,16.964704513549805,399546000
2012-05-14 00:00:00-04:00,16.8407695724279,16.98864994024292,16.691990721745906,16.71055030822754,352626400
2012-05-15 00:00:00-04:00,16.80723997813384,16.86022487901955,16.516865391115225,16.55937385559082,476336000
2012-05-16 00:00:00-04:00,16.585719190458583,16.670736127435564,16.196258869157454,16.34713363647461,560896000
2012-05-17 00:00:00-04:00,16.324089258467705,16.389648151634436,15.869370460510254,15.869370460510254,717220000
2012-05-18 00:00:00-04:00,15.984312692025524,16.267202021986623,15.631674252514427,15.877143859863281,732292400
2012-05-21 00:00:00-04:00,16.00048731500455,16.809940637215888,15.987014864921845,16.802156448364258,631106000
2012-05-22 00:00:00-04:00,17.049715811382203,17.17933713619542,16.541713343807462,16.67313003540039,694870400
2012-05-23 00:00:00-04:00,16.689001397538778,17.147015168981714,16.56117858160585,17.079959869384766,584897600
2012-05-24 00:00:00-04:00,17.238904371561315,17.257764510904966,16.800649537451243,16.923086166381836,496230000
2012-05-25 00:00:00-04:00,16.90124400127982,16.938962705311337,16.718038182244875,16.8323917388916,328507200
2012-05-29 00:00:00-04:00,17.090135003338613,17.182934550012085,16.922796538150447,17.131145477294922,380508800
2012-05-30 00:00:00-04:00,17.039243668966186,17.362246700896357,16.960213937542374,17.33769989013672,529429600
2012-05-31 00:00:00-04:00,17.384697906387906,17.407449350336897,17.106898794947522,17.294593811035156,491674400
2012-06-01 00:00:00-04:00,17.03804316077772,17.14251816715258,16.779401612608275,16.79347038269043,520987600
2012-06-04 00:00:00-04:00,16.80874444756339,16.988356345325496,16.419584536383265,16.892263412475586,556995600
2012-06-05 00:00:00-04:00,16.80185968159108,16.957524294264626,16.713849894723946,16.84855842590332,388214400
2012-06-06 00:00:00-04:00,16.99644269437061,17.178449515632515,16.928488898088496,17.106904983520508,401455600
2012-06-07 00:00:00-04:00,17.281419854725783,17.282316738889104,17.078158085519465,17.11467933654785,379766800
2012-06-08 00:00:00-04:00,17.11108725731838,17.3799079055272,17.03325497700771,17.37212371826172,347516400
2012-06-11 00:00:00-04:00,17.593659003542484,17.6170083849942,17.082062145432722,17.098228454589844,591264800
2012-06-12 00:00:00-04:00,17.19670394102608,17.261362736204116,16.964404541467328,17.24759292602539,435380400
2012-06-13 00:00:00-04:00,17.198499100795924,17.3170428884,17.074566014509283,17.127851486206055,293580000
2012-06-14 00:00:00-04:00,17.100312457714992,17.16796726959866,16.981170732066175,17.108993530273438,345573200
2012-06-15 00:00:00-04:00,17.093126774596698,17.201493092504325,17.049719815661422,17.186824798583984,335255200
2012-06-18 00:00:00-04:00,17.091930901965164,17.598736043673227,17.07426819777158,17.535572052001953,440412000
2012-06-19 00:00:00-04:00,17.464333533133406,17.661907138081055,17.45535349608116,17.584375381469727,361404400
2012-06-20 00:00:00-04:00,17.608313621067122,17.639447171287536,17.386492271599494,17.534374237060547,358943200
2012-06-21 00:00:00-04:00,17.525395474313644,17.608615464476117,17.285911383439398,17.292797088623047,326351200
2012-06-22 00:00:00-04:00,17.333812917998383,17.428108889944625,17.225446571207296,17.4254150390625,284471600
2012-06-25 00:00:00-04:00,17.2817202743317,17.356559748478013,17.07426823201991,17.08624267578125,304382400
2012-06-26 00:00:00-04:00,17.103004420126748,17.197600922259912,16.98326318611002,17.123960494995117,276536400
2012-06-27 00:00:00-04:00,17.212864209421827,17.264952228884113,17.120664210330045,17.19789695739746,202997200
2012-06-28 00:00:00-04:00,17.113189444645798,17.182938601813554,16.931780564729642,17.034757614135742,282836400
2012-06-29 00:00:00-04:00,17.30267490008202,17.482288360595703,17.190417286623042,17.482288360595703,421500800
2012-07-02 00:00:00-04:00,17.504138937789236,17.7657733063405,17.470311538159677,17.737335205078125,400092000
2012-07-03 00:00:00-04:00,17.80798698595511,17.961256684994098,17.781644805595608,17.943593978881836,241712800
2012-07-05 00:00:00-04:00,17.97801684851032,18.390527630624906,17.950776188820555,18.258811950683594,484383200
2012-07-06 00:00:00-04:00,18.17350563592266,18.213918204690184,18.008561987497814,18.137283325195312,418930400
2012-07-09 00:00:00-04:00,18.119907192958173,18.37735126846007,18.084284431562335,18.377052307128906,379405600
2012-07-10 00:00:00-04:00,18.499195908020496,18.55607372403179,18.120213505936984,18.207027435302734,511957600
2012-07-11 00:00:00-04:00,18.144465930923296,18.190566757745522,17.87804164918274,18.093875885009766,469322000
2012-07-12 00:00:00-04:00,17.96843923987639,18.06513007442572,17.74212705143171,17.928325653076172,428041600
2012-07-13 00:00:00-04:00,18.049564494377247,18.176488797861293,17.96125417361228,18.11003303527832,311427200
2012-07-16 00:00:00-04:00,18.11452355232441,18.30910265824126,18.11152914217083,18.168107986450195,301260400
2012-07-17 00:00:00-04:00,18.28426060412474,18.305515644746034,18.05555348933574,18.169010162353516,293624800
2012-07-18 00:00:00-04:00,18.158533456408655,18.210920460713375,18.067828223369332,18.14865493774414,252700000
2012-07-19 00:00:00-04:00,18.298926548954906,18.420763719512724,18.14086708479228,18.389930725097656,436861600
2012-07-20 00:00:00-04:00,18.351314634362367,18.393524152508846,18.07201750459227,18.08997917175293,397471200
2012-07-23 00:00:00-04:00,17.793619000288672,18.137877126961964,17.59335158770452,18.075910568237305,487975600
2012-07-24 00:00:00-04:00,18.182181763666172,18.251034031464865,17.916654408571045,17.988800048828125,565132400
2012-07-25 00:00:00-04:00,17.19670887739146,17.38649825913765,17.063196196822457,17.21197509765625,877312800
2012-07-26 00:00:00-04:00,17.355359607818407,17.374518716624923,17.07396819084287,17.20927619934082,406632800
2012-07-27 00:00:00-04:00,17.213169615068345,17.53707114398951,17.110790512851892,17.517013549804688,403936400
2012-07-30 00:00:00-04:00,17.689451962459227,17.944501373536,17.59665076668924,17.81248664855957,379142400
2012-07-31 00:00:00-04:00,18.057945816994227,18.31150027011867,18.04267960006283,18.28335952758789,462327600
2012-08-01 00:00:00-04:00,18.437524497734223,18.452192789288933,18.051056981769353,18.165111541748047,384501600
2012-08-02 00:00:00-04:00,18.046265363525873,18.281256944968423,17.96873206653213,18.19444465637207,332158400
2012-08-03 00:00:00-04:00,18.369275439383,18.499494722418614,18.307308889630256,18.431241989135742,344920800
2012-08-06 00:00:00-04:00,18.478837590146895,18.705749310941076,18.418070083595307,18.63629913330078,302103200
2012-08-07 00:00:00-04:00,18.642890394601103,18.709646743878668,18.5012961426022,18.58721160888672,290446800
2012-08-08 00:00:00-04:00,18.54170050401435,18.67611162640317,18.4731488172038,18.555770874023438,244706000
2012-08-09 00:00:00-04:00,18.575013640038193,18.69166284831523,18.57351080929785,18.661598205566406,221642400
2012-08-10 00:00:00-04:00,18.600874885383032,18.69256845710022,18.60057464027436,18.690765380859375,194938800
2012-08-13 00:00:00-04:00,18.74156272882893,18.940284729003906,18.737352877537745,18.940284729003906,278832400
2012-08-14 00:00:00-04:00,18.996512750238285,19.199144445990264,18.94660624173571,18.991100311279297,340169200
2012-08-15 00:00:00-04:00,18.979365533166764,19.060537621190317,18.87263891248669,18.965234756469727,257342400
2012-08-16 00:00:00-04:00,18.976667623031613,19.14352196070898,18.955321327100854,19.130895614624023,254534000
2012-08-17 00:00:00-04:00,19.240932502330768,19.487155919234862,19.205156779653453,19.484750747680664,442761200
2012-08-20 00:00:00-04:00,19.54187713497602,19.997045516967773,19.538569621952977,19.997045516967773,613384800
2012-08-21 00:00:00-04:00,20.16750321679882,20.289563265086084,19.55149189709887,19.723758697509766,812719600
2012-08-22 00:00:00-04:00,19.67445126330681,20.112783276445647,19.48474780102648,20.108875274658203,565322800
2012-08-23 00:00:00-04:00,20.025895907379677,20.139838068144176,19.87677852386022,19.921274185180664,420128800
2012-08-24 00:00:00-04:00,19.827479323047477,20.127216999050503,19.708426544352204,19.939016342163086,437340400
2012-08-27 00:00:00-04:00,20.443184248051256,20.469641128824467,20.249272555999863,20.313610076904297,427008400
2012-08-28 00:00:00-04:00,20.292567891655576,20.32624029177801,20.16299209024986,20.28715705871582,267416800
2012-08-29 00:00:00-04:00,20.300685663444284,20.37343969074229,20.22101636689523,20.24717140197754,202806800
2012-08-30 00:00:00-04:00,20.162093073914598,20.18945069715493,19.92789390060918,19.958559036254883,302699600
2012-08-31 00:00:00-04:00,20.06016851117694,20.100754565059376,19.759528577429393,19.999740600585938,338321200
2012-09-04 00:00:00-04:00,20.015383962629787,20.297383156895602,19.977503306099727,20.292272567749023,367892000
2012-09-05 00:00:00-04:00,20.310304269674557,20.333753885897174,20.130821982850765,20.149763107299805,336375200
2012-09-06 00:00:00-04:00,20.23816183728745,20.392089666113307,20.16691060895945,20.33135986328125,391196400
2012-09-07 00:00:00-04:00,20.38486544734781,20.518050623987186,20.31632126613346,20.45672035217285,329666400
2012-09-10 00:00:00-04:00,20.457015742252565,20.54239610484395,19.905342066322202,19.924583435058594,487998000
2012-09-11 00:00:00-04:00,19.995841931839028,20.145860118182373,19.736990516586847,19.859952926635742,503983200
2012-09-12 00:00:00-04:00,20.048149899637217,20.139845064388872,19.72195691476396,20.136537551879883,712233200
2012-09-13 00:00:00-04:00,20.364425796715416,20.608846181231836,20.286259312886255,20.533084869384766,598360000
2012-09-14 00:00:00-04:00,20.742928122438425,20.953976303726193,20.68069390797092,20.782611846923828,600474000
2012-09-17 00:00:00-04:00,21.02522259205809,21.038751277298932,20.882720226776154,21.038150787353516,398031200
2012-09-18 00:00:00-04:00,21.0411599985384,21.11481636456527,20.937138745442315,21.102190017700195,373503200
2012-09-19 00:00:00-04:00,21.052588996236192,21.16472651783367,21.03184479104391,21.107906341552734,326874800
2012-09-20 00:00:00-04:00,21.019507105248397,21.046566077708004,20.852953052609408,21.005678176879883,336568400
2012-09-21 00:00:00-04:00,21.11722036019673,21.197189895203717,21.02552521404761,21.04747200012207,571589200
2012-09-24 00:00:00-04:00,20.649729044804157,20.898057390850937,20.533681924465213,20.767879486083984,639766400
2012-09-25 00:00:00-04:00,20.69182133365624,20.8277119445973,20.233045215946685,20.24928092956543,518789600
2012-09-26 00:00:00-04:00,20.104968886212916,20.223721413492157,19.878287102880062,19.997941970825195,576503200
2012-09-27 00:00:00-04:00,19.971181233197687,20.50872409560045,19.852728972340255,20.483169555664062,594090000
2012-09-28 00:00:00-04:00,20.405902886641638,20.476853815151305,20.04513531747487,20.0556583404541,535110800
2012-10-01 00:00:00-04:00,20.177720160042146,20.34577867776022,19.736983000459773,19.823867797851562,543594800
2012-10-02 00:00:00-04:00,19.89662522310151,20.033116295501447,19.56111183132259,19.881593704223633,627992400
2012-10-03 00:00:00-04:00,19.988321448137647,20.198769129140793,19.921278499468464,20.18644142150879,424281200
2012-10-04 00:00:00-04:00,20.180434016198486,20.270626362909894,20.00907112638893,20.046649932861328,370725600
2012-10-05 00:00:00-04:00,19.99854298393423,20.022593092809593,19.58005278579496,19.619436264038086,594006000
2012-10-08 00:00:00-04:00,19.447768152881196,19.468212106585966,19.12397882751261,19.185911178588867,637994000
2012-10-09 00:00:00-04:00,19.20033880443413,19.255656122603607,18.746373290355336,19.116159439086914,838597200
2012-10-10 00:00:00-04:00,19.23311433447665,19.390649855533113,19.15073961951592,19.26828956604004,510356000
2012-10-11 00:00:00-04:00,19.43634342846028,19.457387871082325,18.88316535949707,18.88316535949707,546081200
2012-10-12 00:00:00-04:00,18.927059956011764,19.102032134882748,18.79898861233536,18.931570053100586,460014800
2012-10-15 00:00:00-04:00,19.010927924927497,19.09450516094094,18.755384272054254,19.08338165283203,432502000
2012-10-16 00:00:00-04:00,19.101726287045906,19.550581164985957,18.970345864746417,19.535247802734375,549771600
2012-10-17 00:00:00-04:00,19.50759719019271,19.625447368937035,19.36118520177968,19.37952423095703,389037600
2012-10-18 00:00:00-04:00,19.228603878365245,19.30286073058508,18.94028999706481,19.0196590423584,476624400
2012-10-19 00:00:00-04:00,18.97185208269584,18.993497012112883,18.327581068875066,18.334196090698242,744086000
2012-10-22 00:00:00-04:00,18.411770659943308,19.1020389370882,18.361864145976636,19.061452865600586,546730800
2012-10-23 00:00:00-04:00,18.970354696942973,19.0575413592091,18.39012233773484,18.440027236938477,707145600
2012-10-24 00:00:00-04:00,18.68294183198268,18.83656771909527,18.35825015907418,18.54434585571289,558527200
2012-10-25 00:00:00-04:00,18.639648950083814,18.699778227621042,18.20522495480349,18.325180053710938,656325600
2012-10-26 00:00:00-04:00,18.321873134824134,18.459266531456613,17.767795873288907,18.158626556396484,1018432800
2012-10-31 00:00:00-04:00,17.88444611709853,18.097298981274626,17.668587591296596,17.897674560546875,510003200
2012-11-01 00:00:00-04:00,17.984856046691508,18.12856100344536,17.863097874446204,17.934349060058594,361298000
2012-11-02 00:00:00-04:00,17.91480580749044,17.946673518301058,17.279254666612605,17.340885162353516,599373600
2012-11-05 00:00:00-05:00,17.54292227371402,17.67069341710544,17.3649427659929,17.575992584228516,529135600
2012-11-06 00:00:00-05:00,17.744654499386105,17.759986268372835,17.439806140164844,17.522781372070312,374917200
2012-11-07 00:00:00-05:00,17.33069995456532,17.351840524992213,16.784358065531926,16.852312088012695,793648800
2012-11-08 00:00:00-05:00,16.93173891344499,16.98006205626478,16.166439687639343,16.240734100341797,1056146000
2012-11-09 00:00:00-05:00,16.32136784053083,16.75807764485879,16.119018765522743,16.52190399169922,929913600
2012-11-12 00:00:00-05:00,16.73603364499384,16.74660473484527,16.26791372148602,16.394155502319336,515802000
2012-11-13 00:00:00-05:00,16.275763955214583,16.625192118916956,16.198750176968986,16.39626693725586,532949200
2012-11-14 00:00:00-05:00,16.474789858113688,16.533682460754008,16.193314088810418,16.214454650878906,477170400
2012-11-15 00:00:00-05:00,16.23408731133316,16.29358315318434,15.783786999148957,15.8743896484375,789910800
2012-11-16 00:00:00-05:00,15.86170430853975,16.00667047080835,15.274289573731588,15.936603546142578,1266893600
2012-11-19 00:00:00-05:00,16.33012783523724,17.139219383792753,16.305061418376834,17.085763931274414,823317600
2012-11-20 00:00:00-05:00,17.27241412087514,17.273622199690593,16.749025667767864,16.94019889831543,642754000
2012-11-21 00:00:00-05:00,17.041069816900567,17.135296722868887,16.81002841124281,16.96405601501465,373002000
2012-11-23 00:00:00-05:00,17.12924848150445,17.27512108457208,16.991229192283974,17.260019302368164,272826400
2012-11-26 00:00:00-05:00,17.39291614949833,17.818753423206697,17.32677504788722,17.8045597076416,630579600
2012-11-27 00:00:00-05:00,17.805162049005254,17.83143816362942,17.519760314648682,17.661102294921875,533330000
2012-11-28 00:00:00-05:00,17.434287478552157,17.691904979452723,17.282979273873487,17.60552978515625,520864400
2012-11-29 00:00:00-05:00,17.825390075349766,17.947099514764453,17.675289992637694,17.799415588378906,514698800
2012-11-30 00:00:00-05:00,17.72180462321583,17.77042938263106,17.597677372243016,17.67620086669922,391319600
2012-12-03 00:00:00-05:00,17.92898261704626,17.957371651636947,17.682841090272404,17.70368003845215,364280000
2012-12-04 00:00:00-05:00,17.57109467791608,17.57109467791608,17.279049426310802,17.39139747619629,557068400
2012-12-05 00:00:00-05:00,17.181798467075346,17.192066323759427,16.271531842763284,16.272136688232422,1044638000
2012-12-06 00:00:00-05:00,15.974663646539204,16.710667462222773,15.663287404537417,16.527347564697266,1177212400
2012-12-07 00:00:00-05:00,16.713387253144177,16.767749184002724,16.006677313216358,16.10483169555664,787040800
2012-12-10 00:00:00-05:00,15.855655494653426,16.26367442723267,15.752367279874107,16.0012264251709,630484400
2012-12-11 00:00:00-05:00,16.3017358719774,16.597406955893184,16.229252794634196,16.350662231445312,592345600
2012-12-12 00:00:00-05:00,16.543348686728027,16.550295540967323,16.1960350073558,16.278484344482422,487144000
2012-12-13 00:00:00-05:00,16.04139800215417,16.237405023723984,15.879820396270519,15.99730396270752,625259600
2012-12-14 00:00:00-05:00,15.546107438826613,15.648187674326147,15.269162238930708,15.396308898925781,1009579200
2012-12-17 00:00:00-05:00,15.370331769765928,15.7046598118333,15.137782318647728,15.669323921203613,757607200
2012-12-18 00:00:00-05:00,15.855660880525843,16.154652928093157,15.71220444029597,16.124452590942383,625685200
2012-12-19 00:00:00-05:00,16.05107015231721,16.11841932103751,15.87076805981392,15.895231246948242,449369200
2012-12-20 00:00:00-05:00,16.006672576076433,16.012712968042212,15.670834847387887,15.756908416748047,481689600
2012-12-21 00:00:00-05:00,15.477245823666973,15.69469512250042,15.409896654629764,15.684427261352539,596268400
2012-12-24 00:00:00-05:00,15.715235019979346,15.83301866474457,15.665703791672666,15.709797859191895,175753200
2012-12-26 00:00:00-05:00,15.674460665034628,15.688354375849162,15.436475624754415,15.493253707885742,302436400
2012-12-27 00:00:00-05:00,15.509560621263915,15.591406732313192,15.241373638199759,15.55546760559082,455120400
2012-12-28 00:00:00-05:00,15.411408600281773,15.537952010202577,15.34587073988471,15.390266418457031,354278400
2012-12-31 00:00:00-05:00,15.418656186316383,16.169763360470142,15.372449194136852,16.07221221923828,659492400
2013-01-02 00:00:00-05:00,16.726066390497785,16.761703896777707,16.357913773009457,16.581401824951172,560518000
2013-01-03 00:00:00-05:00,16.546669838388492,16.600730133928707,16.338885204532,16.372106552124023,352965200
2013-01-04 00:00:00-05:00,16.217173785550624,16.26730822866959,15.880731236277022,15.916067123413086,594333600
2013-01-07 00:00:00-05:00,15.765066748684244,15.985535480306668,15.559698195316468,15.822449684143066,484156400
2013-01-08 00:00:00-05:00,15.982804005032854,16.063743600801704,15.742402986130463,15.865018844604492,458707200
2013-01-09 00:00:00-05:00,15.78016262548801,15.85596833840594,15.583552293618034,15.617076873779297,407604400
2013-01-10 00:00:00-05:00,15.962872373306203,15.968006300749563,15.569350302442638,15.810659408569336,601146000
2013-01-11 00:00:00-05:00,15.734858976484249,15.865328197095122,15.675059911653639,15.71371841430664,350506800
2013-01-14 00:00:00-05:00,15.181574923315777,15.327145970901286,15.05563636208763,15.153489112854004,734207600
2013-01-15 00:00:00-05:00,15.049289189138813,15.070128133987978,14.598685716889886,14.675397872924805,876772400
2013-01-16 00:00:00-05:00,14.93875062154544,15.385729804402427,14.874120867871707,15.284554481506348,690804800
2013-01-17 00:00:00-05:00,15.412004593435164,15.42529345170716,15.161938894001716,15.181568145751953,453678400
2013-01-18 00:00:00-05:00,15.055934724007942,15.167679547645188,14.991908186875047,15.10063362121582,472922800
2013-01-22 00:00:00-05:00,15.238346028400807,15.338613266868656,14.998849830039399,15.244688034057617,461546400
2013-01-23 00:00:00-05:00,15.366699602453266,15.553343590093004,15.244686970598385,15.523746490478516,861509600
2013-01-24 00:00:00-05:00,13.892586152974596,14.06563978333277,13.598123042711576,13.605674743652344,1460852400
2013-01-25 00:00:00-05:00,13.641609569261771,13.778722414792789,13.137549819683992,13.284932136535645,1208026400
2013-01-28 00:00:00-05:00,13.223018457923311,13.687513183377584,13.16352182292445,13.585433006286621,785517600
2013-01-29 00:00:00-05:00,13.847280792163161,13.898623314258836,13.654596332590543,13.840333938598633,571158000
2013-01-30 00:00:00-05:00,13.801977457925041,13.971105181987994,13.726474988956426,13.796843528747559,417155200
2013-01-31 00:00:00-05:00,13.801379655434658,13.870841760665082,13.740977333910157,13.756379127502441,319334400
2013-02-01 00:00:00-05:00,13.865705773532719,13.876880096517942,13.540740719004626,13.69990062713623,539484400
2013-02-04 00:00:00-05:00,13.708658642184217,13.769967416190463,13.348961737689574,13.358626365661621,477117200
2013-02-05 00:00:00-05:00,13.410870195958461,13.884728751572306,13.355601832382343,13.827345848083496,573347600
2013-02-06 00:00:00-05:00,13.785975675710276,14.08889373298492,13.668492044249106,13.812553405761719,593706400
2013-02-07 00:00:00-05:00,14.072275501342816,14.27732075191523,13.794929858041463,14.223250389099121,704580800
2013-02-08 00:00:00-05:00,14.398833562290712,14.544947999657946,14.224163011821405,14.428603172302246,633158400
2013-02-11 00:00:00-05:00,14.474776318691402,14.73116161379279,14.376051529731292,14.578969955444336,517490400
2013-02-12 00:00:00-05:00,14.566213277631784,14.653396874746209,14.208672924061739,14.213533401489258,609053200
2013-02-13 00:00:00-05:00,14.192569468869758,14.387895395529906,14.071364182225299,14.186493873596191,475207600
2013-02-14 00:00:00-05:00,14.110857273983727,14.327143637592002,14.09566909423365,14.173738479614258,355275200
2013-02-15 00:00:00-05:00,14.242385539002514,14.282181087509008,13.971117146594413,13.978407859802246,391745200
2013-02-19 00:00:00-05:00,14.006967494647043,14.056482389990297,13.78673239135643,13.973247528076172,435783600
2013-02-20 00:00:00-05:00,13.90337964074137,13.90337964074137,13.6333246641879,13.634844779968262,476302400
2013-02-21 00:00:00-05:00,13.548268111034515,13.64456508880122,13.451668570215904,13.550090789794922,447182400
2013-02-22 00:00:00-05:00,13.646993694089243,13.71837909793276,13.566493275212437,13.694381713867188,330654800
2013-02-25 00:00:00-05:00,13.786731177631932,13.825309995744174,13.444074861427145,13.451062202453613,372579200
2013-02-26 00:00:00-05:00,13.482045023291054,13.716558144391987,13.294921547447114,13.63848876953125,501499600
2013-02-27 00:00:00-05:00,13.622084205510212,13.743897871476038,13.385750021906471,13.504828453063965,587350400
2013-02-28 00:00:00-05:00,13.489031752067824,13.60507237708614,13.40853214263916,13.40853214263916,322515200
2013-03-01 00:00:00-05:00,13.305248599462976,13.31071744634826,13.061623719253364,13.076508522033691,552448400
2013-03-04 00:00:00-05:00,12.995402516007726,13.007553708351914,12.728082773723902,12.759979248046875,582755600
2013-03-05 00:00:00-05:00,12.803417860300023,13.219889816146647,12.781242341036457,13.096861839294434,638433600
2013-03-06 00:00:00-05:00,13.19923319698364,13.22171290093128,12.893029664930566,12.930394172668457,460250000
2013-03-07 00:00:00-05:00,12.895155209753693,13.123289342119337,12.790657408549029,13.079849243164062,468473600
2013-03-08 00:00:00-05:00,13.056156874896544,13.227180435385119,13.020007485445054,13.114480972290039,391482000
2013-03-11 00:00:00-04:00,13.054640300438372,13.335934766848696,12.914600626940636,13.30130386352539,474236000
2013-03-12 00:00:00-04:00,13.232344401679025,13.331981734138003,12.988414515532254,13.014538764953613,465911600
2013-03-13 00:00:00-04:00,13.015150273454005,13.198931808614077,12.921284328494686,13.01211166381836,405549200
2013-03-14 00:00:00-04:00,13.148200435220488,13.203183365198425,13.075902461303672,13.138176918029785,303875600
2013-03-15 00:00:00-04:00,13.303123088570368,13.494500290913939,13.282466063881344,13.477185249328613,643960800
2013-03-18 00:00:00-04:00,13.41005286440687,13.896392584779635,13.40245877463749,13.843537330627441,606197200
2013-03-19 00:00:00-04:00,13.958359807107122,14.00301583818712,13.624210176883079,13.806171417236328,526775200
2013-03-20 00:00:00-04:00,13.895180519591461,13.90155949076214,13.657325362109813,13.732964515686035,308660800
2013-03-21 00:00:00-04:00,13.676461592133423,13.912188223052343,13.67281623460445,13.752707481384277,383255600
2013-03-22 00:00:00-04:00,13.808906075950487,14.037341987481286,13.764251663808526,14.031571388244629,395105200
2013-03-25 00:00:00-04:00,14.116019478980157,14.275805211246576,14.02762240125067,14.082301139831543,501135600
2013-03-26 00:00:00-04:00,14.138800907663644,14.15095209825494,13.98964950454055,14.008179664611816,294294000
2013-03-27 00:00:00-04:00,13.866017654442906,13.876345358021885,13.691955453312584,13.732964515686035,331237200
2013-03-28 00:00:00-04:00,13.664311247761145,13.725065588023035,13.415217479294132,13.446809768676758,442839600
2013-04-01 00:00:00-04:00,13.423720068651642,13.478399613900653,12.993578476652058,13.029119491577148,389732000
2013-04-02 00:00:00-04:00,12.989324296400392,13.309500018399499,12.952870729006767,13.0558500289917,529519200
2013-04-03 00:00:00-04:00,13.10384251065759,13.283372637470515,13.07164267822128,13.122676849365234,363216000
2013-04-04 00:00:00-04:00,13.17645020079394,13.214117269488913,12.917938892248705,12.99297046661377,358447600
2013-04-05 00:00:00-04:00,12.895156864764038,12.908827360938913,12.748738250152647,12.855667114257812,383695200
2013-04-08 00:00:00-04:00,12.905786452616038,12.986286054983367,12.834096868198243,12.947099685668945,300829200
2013-04-09 00:00:00-04:00,12.951656922905421,13.016663353792781,12.841994464650815,12.970490455627441,306614000
2013-04-10 00:00:00-04:00,13.004514284609066,13.276695280967042,12.941025529288789,13.235077857971191,375928000
2013-04-11 00:00:00-04:00,13.175237525381233,13.304948678556887,13.098686627693233,13.193768501281738,328364400
2013-04-12 00:00:00-04:00,13.188297673028437,13.188297673028437,13.034589152207078,13.056157112121582,238613200
2013-04-15 00:00:00-04:00,12.971100675105545,12.998136671933546,12.744789994906766,12.75390338897705,317520000
2013-04-16 00:00:00-04:00,12.806150987065386,12.959251940814472,12.775773820140259,12.948013305664062,305771200
2013-04-17 00:00:00-04:00,12.766663076274058,12.77668821670354,12.093502354238568,12.235971450805664,945056000
2013-04-18 00:00:00-04:00,12.302497394396001,12.32679896790954,11.839243326049873,11.909415245056152,666299200
2013-04-19 00:00:00-04:00,11.785470452089195,12.13875851144632,11.698286901276392,11.863236427307129,609274400
2013-04-22 00:00:00-04:00,11.927336077743949,12.217743873121522,11.885720275238324,12.11051082611084,429920400
2013-04-23 00:00:00-04:00,12.272118667978575,12.405475156714802,12.114763981414695,12.337126731872559,664238400
2013-04-24 00:00:00-04:00,11.95467681790424,12.614166942200978,11.923083718889322,12.316773414611816,969651200
2013-04-25 00:00:00-04:00,12.492047950914914,12.574370230161252,12.363551963690815,12.405472755432129,384837600
2013-04-26 00:00:00-04:00,12.448915724695649,12.721095955097661,12.401526883767735,12.6734037399292,764097600
2013-04-29 00:00:00-04:00,12.772126142387464,13.172195523908368,12.75845646031265,13.065875053405762,640326400
2013-04-30 00:00:00-04:00,13.217157486839136,13.525487111176362,13.125114228712732,13.450454711914062,691538400
2013-05-01 00:00:00-04:00,13.501486177728015,13.515763420885618,13.195587665049803,13.344435691833496,506909200
2013-05-02 00:00:00-04:00,13.420075577117375,13.626944332998175,13.385142119454835,13.533687591552734,421828400
2013-05-03 00:00:00-04:00,13.709570106385726,13.767895820657468,13.643955300151843,13.669169425964355,361300800
2013-05-06 00:00:00-04:00,13.843232713359681,14.04038216782018,13.800705160557106,13.995121002197266,496641600
2013-05-07 00:00:00-04:00,14.12452763609511,14.148221651889207,13.782175470606209,13.932847023010254,483753200
2013-05-08 00:00:00-04:00,13.944385579029928,14.136674504108134,13.846267562133104,14.09019660949707,472598000
2013-05-09 00:00:00-04:00,14.060234321335212,14.157778656997612,13.930887765842414,13.967275619506836,398487600
2013-05-10 00:00:00-04:00,14.003966193381647,14.057172920633217,13.774934430180673,13.85107421875,334852000
2013-05-13 00:00:00-04:00,13.806431569323443,14.001827223606384,13.80612618706393,13.90519905090332,316948800
2013-05-14 00:00:00-04:00,13.877983699651216,13.919264189616825,13.520216187162648,13.572505950927734,447118000
2013-05-15 00:00:00-04:00,13.428792218529885,13.485056052703152,12.915075470862423,13.11352825164795,741613600
2013-05-16 00:00:00-04:00,12.94198186572642,13.388731619095662,12.80927204311442,13.288740158081055,603204000
2013-05-17 00:00:00-04:00,13.425427822875386,13.457229226266273,13.179577915350656,13.24837875366211,427904400
2013-05-20 00:00:00-04:00,13.207097354221105,13.631831045586583,13.15175048848742,13.544071197509766,451578400
2013-05-21 00:00:00-04:00,13.397906251164333,13.622045415362464,13.277121842581355,13.444079399108887,456022000
2013-05-22 00:00:00-04:00,13.578319879354495,13.70980737784885,13.400047647383369,13.495758056640625,443038400
2013-05-23 00:00:00-04:00,13.33063569786354,13.642840947424595,13.325743048459922,13.519915580749512,353021200
2013-05-24 00:00:00-04:00,13.480467075517085,13.627548643885811,13.46548374803379,13.611953735351562,276166800
2013-05-28 00:00:00-04:00,13.75720041326893,13.7941990229342,13.480466131076465,13.498506546020508,386145200
2013-05-29 00:00:00-04:00,13.454476130444444,13.68381413971203,13.436128697768561,13.605838775634766,330576400
2013-05-30 00:00:00-04:00,13.627240776793471,13.897860051264194,13.592381477686871,13.808570861816406,353519600
2013-05-31 00:00:00-04:00,13.836705891997816,13.97736792347303,13.744971985595498,13.752005577087402,384302800
2013-06-03 00:00:00-04:00,13.78258344323283,13.832426083772454,13.530312334685942,13.782278060913086,372352400
2013-06-04 00:00:00-04:00,13.858722747827812,13.895722998972007,13.680451334317425,13.739161491394043,292728800
2013-06-05 00:00:00-04:00,13.627242042561496,13.782274976543217,13.567920315431564,13.610730171203613,290589600
2013-06-06 00:00:00-04:00,13.621740516918674,13.668525247620897,13.272535864062707,13.40738582611084,416934000
2013-06-07 00:00:00-04:00,13.347453626875769,13.55355158158186,13.233395780219078,13.509824752807617,404535600
2013-06-10 00:00:00-04:00,13.59911173390495,13.732126949845256,13.356625949769553,13.420534133911133,450153200
2013-06-11 00:00:00-04:00,13.32421081184585,13.538870029238803,13.250210326650832,13.381085395812988,286112400
2013-06-12 00:00:00-04:00,13.439187540738267,13.49269966172946,13.194560002038385,13.215659141540527,265227200
2013-06-13 00:00:00-04:00,13.225137137649138,13.367019848380352,13.110467740357782,13.330937385559082,285832400
2013-06-14 00:00:00-04:00,13.313815130380853,13.341030079326503,13.10282374701584,13.15022087097168,271866000
2013-06-17 00:00:00-04:00,13.192725902647746,13.322989416056382,13.159701338452173,13.20984935760498,259414400
2013-06-18 00:00:00-04:00,13.19639767588917,13.298529291794635,13.155117167624724,13.202818870544434,195025600
2013-06-19 00:00:00-04:00,13.191500283988164,13.199450837126847,12.934642791748047,12.934642791748047,310940000
2013-06-20 00:00:00-04:00,12.821505424431791,13.025767808821977,12.695216777284546,12.746282577514648,357310800
2013-06-21 00:00:00-04:00,12.79673463005399,12.84290859283885,12.479026019402388,12.644148826599121,481118400
2013-06-24 00:00:00-04:00,12.457620474530499,12.496149262464938,12.171712470138427,12.309009552001953,480746000
2013-06-25 00:00:00-04:00,12.405637500153953,12.46954567462229,12.195563913317491,12.311761856079102,314162800
2013-06-26 00:00:00-04:00,12.350595547901058,12.377810493634282,12.09862989625677,12.172324180603027,367724000
2013-06-27 00:00:00-04:00,12.208409912064887,12.273846645793595,12.033807167407058,12.041145324707031,337246000
2013-06-28 00:00:00-04:00,11.967144575173073,12.239596995318939,11.891003958439278,12.125234603881836,578516400
2013-07-01 00:00:00-04:00,12.313596395664591,12.606537163512984,12.268645600262552,12.513272285461426,391053600
2013-07-02 00:00:00-04:00,12.535903353100661,12.892752367535296,12.520920023737581,12.796735763549805,469865200
2013-07-03 00:00:00-04:00,12.869202487199377,12.934029247962487,12.764930798559195,12.8673677444458,240928800
2013-07-05 00:00:00-04:00,12.854836636143625,12.943513454657321,12.700721450110688,12.764018058776855,274024800
2013-07-08 00:00:00-04:00,12.846271122140347,12.873485251780016,12.556999025544412,12.691543579101562,298138400
2013-07-09 00:00:00-04:00,12.647206687843411,12.949931949858396,12.548744591299311,12.914767265319824,352584400
2013-07-10 00:00:00-04:00,12.83067650203429,12.989684309209713,12.789396005877643,12.865229606628418,281405600
2013-07-11 00:00:00-04:00,12.933113738640719,13.09517944420313,12.878684660456486,13.065823554992676,326292400
2013-07-12 00:00:00-04:00,13.076834329443464,13.142271877671055,12.94718239525535,13.041975021362305,279563200
2013-07-15 00:00:00-04:00,12.996108384135301,13.193337997029582,12.989686373812575,13.070412635803223,241917200
2013-07-16 00:00:00-04:00,13.042276872046266,13.17040022697212,12.970418149639759,13.154806137084961,216538000
2013-07-17 00:00:00-04:00,13.139519654702799,13.216577241440621,13.094263469129283,13.158171653747559,198990400
2013-07-18 00:00:00-04:00,13.252046313139315,13.297607877565817,13.16734519371685,13.202509880065918,218878800
2013-07-19 00:00:00-04:00,13.243487342942235,13.270396097971862,12.975926704249822,12.994274139404297,268721600
2013-07-22 00:00:00-04:00,13.132178212259944,13.141045728415456,13.010170661708466,13.035856246948242,207796400
2013-07-23 00:00:00-04:00,13.026378930628434,13.055734005848445,12.803462935096634,12.81202507019043,369395600
2013-07-24 00:00:00-04:00,13.421757700386625,13.594831075648912,13.309535422104206,13.470071792602539,591936800
2013-07-25 00:00:00-04:00,13.475878664846455,13.49728318198485,13.326349977503709,13.408605575561523,229493600
2013-07-26 00:00:00-04:00,13.310755813983723,13.486275477208583,13.281400742701907,13.484746932983398,200152400
2013-07-29 00:00:00-04:00,13.478941034545631,13.759956472698061,13.460594415028297,13.692684173583984,248057600
2013-07-30 00:00:00-04:00,13.759035230002242,13.978894125726315,13.736712930027107,13.86177921295166,309422400
2013-07-31 00:00:00-04:00,13.912843425283606,13.984701332367905,13.74282717946207,13.83761978149414,322957600
2013-08-01 00:00:00-04:00,13.936081124075251,13.968187078626784,13.85993971354803,13.964517593383789,206250800
2013-08-02 00:00:00-04:00,14.005194486623164,14.153193867775748,13.963913981290592,14.14371395111084,274783600
2013-08-05 00:00:00-04:00,14.209453207609823,14.39231184203356,14.13178487101803,14.355006217956543,318855600
2013-08-06 00:00:00-04:00,14.311284483520273,14.429622589939465,14.132400653769615,14.226582527160645,334857600
2013-08-07 00:00:00-04:00,14.1822393354102,14.280090668727848,14.120165084659401,14.218321800231934,298858000
2013-08-08 00:00:00-04:00,14.27772897856147,14.285116408535018,14.095816392187901,14.1900053024292,255777200
2013-08-09 00:00:00-04:00,14.117053162297365,14.17307367767486,13.96346071961136,13.988083839416504,266865200
2013-08-12 00:00:00-04:00,14.062267235103933,14.425165281298527,14.05518720373549,14.385459899902344,364434000
2013-08-13 00:00:00-04:00,14.495655206809268,15.225763196936303,14.406698636381629,15.069091796875,881941200
2013-08-14 00:00:00-04:00,15.324871669882842,15.520941009886561,15.186976279771319,15.343955039978027,756372400
2013-08-15 00:00:00-04:00,15.279936454246371,15.464002504805444,15.054008293682767,15.325798034667969,490294000
2013-08-16 00:00:00-04:00,15.394742779278252,15.48062041726833,15.3550373991624,15.461844444274902,362306000
2013-08-19 00:00:00-04:00,15.523715696224302,15.81305018626334,15.513250990248038,15.628369331359863,510518400
2013-08-20 00:00:00-04:00,15.689000031845925,15.715470826847154,15.415362729635499,15.423057556152344,358688400
2013-08-21 00:00:00-04:00,15.500628855958842,15.610205784944563,15.427063595064304,15.462769508361816,335879600
2013-08-22 00:00:00-04:00,15.543415089655651,15.562191066470291,15.334724266284168,15.48123836517334,244207600
2013-08-23 00:00:00-04:00,15.490778195418446,15.493240672077818,15.370120126795038,15.421523094177246,222731600
2013-08-26 00:00:00-04:00,15.413211590291098,15.704086298770166,15.405516761808208,15.481544494628906,330965600
2013-08-27 00:00:00-04:00,15.328562171835515,15.467383031188895,14.968434077902366,15.038920402526855,424188800
2013-08-28 00:00:00-04:00,14.95920943883501,15.260856368216515,14.95920943883501,15.110032081604004,307608000
2013-08-29 00:00:00-04:00,15.133115407858126,15.28239938535365,15.117109306498492,15.13465404510498,239657600
2013-08-30 00:00:00-04:00,15.143881580364262,15.17312225197337,14.974590453443643,14.996752738952637,272297200
2013-09-03 00:00:00-04:00,15.177745711364645,15.408597188457978,15.000759688515968,15.038619041442871,331928800
2013-09-04 00:00:00-04:00,15.376585679959142,15.459077014735598,15.275625767879799,15.34980583190918,345032800
2013-09-05 00:00:00-04:00,15.397822152299272,15.41105837529123,15.194363717163322,15.244535446166992,236367600
2013-09-06 00:00:00-04:00,15.342111225501434,15.371042861498914,15.080786223354187,15.335338592529297,359525600
2013-09-09 00:00:00-04:00,15.544029523480765,15.633908291149172,15.497244103797348,15.580042839050293,340687200
2013-09-10 00:00:00-04:00,15.580968917064641,15.619444715188838,15.066939092513847,15.225149154663086,743195600
2013-09-11 00:00:00-04:00,14.374683209317643,14.58029503708231,14.306966758782485,14.396230697631836,898696400
2013-09-12 00:00:00-04:00,14.420547357331964,14.632930186464758,14.343903192839077,14.549516677856445,404051200
2013-09-13 00:00:00-04:00,14.446402312900489,14.523044836723559,14.303583611968088,14.309738159179688,298835600
2013-09-16 00:00:00-04:00,14.189695178450746,14.208469504557321,13.765542696737324,13.854804992675781,543706800
2013-09-17 00:00:00-04:00,13.78832576051677,14.149994298802207,13.774167338233404,14.01486873626709,399380800
2013-09-18 00:00:00-04:00,14.256798362059566,14.354371947800994,14.179231988813026,14.302968978881836,456862000
2013-09-19 00:00:00-04:00,14.488268694783534,14.646171343356933,14.44363670740712,14.537516593933105,404541200
2013-09-20 00:00:00-04:00,14.712961683777552,14.72988997865552,14.343598388224542,14.386999130249023,699302800
2013-09-23 00:00:00-04:00,15.27008207144925,15.295014233405926,14.854548230628227,15.102022171020508,762106800
2013-09-24 00:00:00-04:00,15.232529588587933,15.25068911805058,15.015221812964286,15.054619789123535,364344400
2013-09-25 00:00:00-04:00,15.057701608200459,15.07124358634322,14.818538898806157,14.821616172790527,316957200
2013-09-26 00:00:00-04:00,14.959199052618487,15.03799499309812,14.894559882686076,14.965970039367676,237221600
2013-09-27 00:00:00-04:00,14.890873118893794,14.918267764885647,14.796685838282016,14.859169960021973,228040400
2013-09-30 00:00:00-04:00,14.689874862018314,14.82561517347278,14.60245859459445,14.674485206604004,260156400
2013-10-01 00:00:00-04:00,14.726817077754262,15.055858646869687,14.72466199898409,15.019537925720215,353883600
2013-10-02 00:00:00-04:00,14.947816376303921,15.137729560570165,14.889949814263408,15.068781852722168,289184000
2013-10-03 00:00:00-04:00,15.0980184153123,15.154655367328463,14.797297142660863,14.87947940826416,322753200
2013-10-04 00:00:00-04:00,14.89333719120259,14.916114284243175,14.731433418781963,14.867790222167969,258868400
2013-10-07 00:00:00-04:00,14.976443899638074,15.163894627597061,14.939199344220588,15.01307201385498,312292400
2013-10-08 00:00:00-04:00,15.080472826447528,15.102020313672075,14.791140111586934,14.803452491760254,290917200
2013-10-09 00:00:00-04:00,14.917341949663426,15.014299093133346,14.721579983274596,14.977363586425781,301725200
2013-10-10 00:00:00-04:00,15.122946683802049,15.155572015409549,14.99120590052557,15.071234703063965,278602800
2013-10-11 00:00:00-04:00,14.989677386326198,15.200521631485211,14.933349459296432,15.168818473815918,267738800
2013-10-14 00:00:00-04:00,15.077090813198405,15.315637056708011,15.062315954385294,15.268235206604004,261898000
2013-10-15 00:00:00-04:00,15.313483530385566,15.451687981399148,15.252232298741811,15.349496841430664,320073600
2013-10-16 00:00:00-04:00,15.414438845752066,15.467996876519587,15.366422207873569,15.424288749694824,251101200
2013-10-17 00:00:00-04:00,15.38951218451883,15.537257508750196,15.380278718195509,15.52863883972168,253593200
2013-10-18 00:00:00-04:00,15.574507370946106,15.675158270409321,15.56588869897881,15.663769721984863,290542000
2013-10-21 00:00:00-04:00,15.752403351494827,16.138079950941325,15.74470852642947,16.04758644104004,398106800
2013-10-22 00:00:00-04:00,16.203031383236,16.265822884249904,15.63728978927969,16.001728057861328,534063600
2013-10-23 00:00:00-04:00,15.974957814101197,16.180264019628225,15.974957814101197,16.158409118652344,313723200
2013-10-24 00:00:00-04:00,16.15963586871888,16.389565144014423,16.081147289024898,16.37232780456543,384764800
2013-10-25 00:00:00-04:00,16.354170986654516,16.412961409357003,16.163026496065587,16.189189910888672,337792000
2013-10-28 00:00:00-04:00,16.28398515083674,16.34431582956468,16.10453668314767,16.30984115600586,550440800
2013-10-29 00:00:00-04:00,16.506530804291103,16.59825561631966,15.837675625125913,15.903544425964355,635807200
2013-10-30 00:00:00-04:00,15.993725724888145,16.23719689993499,15.914004289098454,16.156553268432617,354163600
2013-10-31 00:00:00-04:00,16.15962821536776,16.236270722886612,16.04481733143161,16.08883285522461,275696400
2013-11-01 00:00:00-04:00,16.129467879831687,16.153476204125276,15.877685407590901,16.006654739379883,274890000
2013-11-04 00:00:00-05:00,16.03958280180524,16.215646516897777,15.969096493608113,16.213491439819336,244627600
2013-11-05 00:00:00-05:00,16.146700887942657,16.279363898977653,16.098067811334968,16.173479080200195,265213200
2013-11-06 00:00:00-05:00,16.227656966533576,16.249639446648686,16.043445601952566,16.127656936645508,223375600
2013-11-07 00:00:00-05:00,16.086175151955104,16.197939437379013,15.863263314274866,15.866667747497559,262620400
2013-11-08 00:00:00-05:00,15.931377343465021,16.134165189566865,15.869766848859028,16.116518020629883,279316800
2013-11-11 00:00:00-05:00,16.098871109840946,16.150883384004928,15.926114698184554,16.06976890563965,227452400
2013-11-12 00:00:00-05:00,16.027045874416498,16.220546371689064,16.006303462379442,16.0994930267334,204276800
2013-11-13 00:00:00-05:00,16.03725944943332,16.168840225646466,16.0050603537312,16.118684768676758,197220800
2013-11-14 00:00:00-05:00,16.186181350230598,16.38649239078416,16.157079139506664,16.351818084716797,282419200
2013-11-15 00:00:00-05:00,16.302897874710386,16.380606268213587,16.238192136777833,16.253671646118164,317920400
2013-11-18 00:00:00-05:00,16.253675026114998,16.321786865505025,16.043456565658417,16.0567684173584,244944000
2013-11-19 00:00:00-05:00,16.069149397590056,16.203825428218753,16.03633191175891,16.085248947143555,208938800
2013-11-20 00:00:00-05:00,16.07534439449792,16.11218801435835,15.9236412072164,15.94438362121582,193916800
2013-11-21 00:00:00-05:00,16.024873616116448,16.136639553284922,15.903201919293911,16.134471893310547,262026800
2013-11-22 00:00:00-05:00,16.084318073209893,16.166052586089744,16.05366825092005,16.092987060546875,223725600
2013-11-25 00:00:00-05:00,16.13076396083769,16.280919538700665,16.130145573957687,16.214975357055664,229311600
2013-11-26 00:00:00-05:00,16.226733511402074,16.59887330540199,16.223019884631185,16.514041900634766,401382800
2013-11-27 00:00:00-05:00,16.60413725375212,16.904139122615994,16.514042943025643,16.90290069580078,363448400
2013-11-29 00:00:00-05:00,17.01188365048062,17.28587860532253,16.960180561760996,17.215909957885742,318127600
2013-12-02 00:00:00-05:00,17.27565745987027,17.471633113359967,17.053365652111115,17.066059112548828,472544800
2013-12-03 00:00:00-05:00,17.284953818286894,17.53511118381856,17.26575902099381,17.533252716064453,450968000
2013-12-04 00:00:00-05:00,17.50786537912755,17.622108233262338,17.362972688724835,17.492385864257812,377809600
2013-12-05 00:00:00-05:00,17.729227000809075,17.806317023317153,17.536037327682216,17.58216667175293,447580000
2013-12-06 00:00:00-05:00,17.51683320954667,17.5465554478309,17.324263661036944,17.338193893432617,344352400
2013-12-09 00:00:00-05:00,17.365437153688358,17.63416907819931,17.365437153688358,17.536645889282227,320493600
2013-12-10 00:00:00-05:00,17.44841278373132,17.58154116695333,17.37472722560264,17.509403228759766,278269600
2013-12-11 00:00:00-05:00,17.554295479356593,17.677207254078933,17.327979215895663,17.379680633544922,359718800
2013-12-12 00:00:00-05:00,17.403842364904,17.50291325316169,17.33851655756442,17.354305267333984,262290000
2013-12-13 00:00:00-05:00,17.42581947022491,17.426748703965117,17.141607874427685,17.165136337280273,332822000
2013-12-16 00:00:00-05:00,17.1834022549298,17.419316826607528,17.183093061519997,17.260181427001953,282592800
2013-12-17 00:00:00-05:00,17.207859156250873,17.320243515048347,17.132625954696604,17.182472229003906,229902400
2013-12-18 00:00:00-05:00,17.018692168394445,17.072872104808262,16.681228280998607,17.05181884765625,565863200
2013-12-19 00:00:00-05:00,17.01249711862345,17.027976625391798,16.833857790407365,16.85645866394043,320308800
2013-12-20 00:00:00-05:00,16.886494678661958,17.077827518884938,16.86760908004267,16.99764060974121,436413600
2013-12-23 00:00:00-05:00,17.585257896459936,17.6694692691352,17.42302893882302,17.649965286254883,501306400
2013-12-24 00:00:00-05:00,17.643782508070636,17.705393036679414,17.524276733387133,17.57505226135254,167554800
2013-12-26 00:00:00-05:00,17.58835787538636,17.631702822901712,17.44222678778741,17.45832633972168,204008000
2013-12-27 00:00:00-05:00,17.455847608759832,17.474113166025482,17.32210080625974,17.34036636352539,225884400
2013-12-30 00:00:00-05:00,17.258938877428033,17.340362537160456,17.099803531079232,17.16791534423828,253629600
2013-12-31 00:00:00-05:00,17.157082570921535,17.377206738784423,17.151818016832138,17.369157791137695,223084400
2014-01-02 00:00:00-05:00,17.203835954895617,17.24563162992739,17.090522354085525,17.124887466430664,234684800
2014-01-03 00:00:00-05:00,17.11653050222712,17.142535819980477,16.731697103756858,16.74872589111328,392467600
2014-01-06 00:00:00-05:00,16.63943335336072,16.92890779823009,16.52023682657414,16.84005355834961,412610800
2014-01-07 00:00:00-05:00,16.852133890732308,16.9029077579293,16.653990477833855,16.71962547302246,317209200
2014-01-08 00:00:00-05:00,16.68153922852724,16.890519241447546,16.677825600903287,16.825504302978516,258529600
2014-01-09 00:00:00-05:00,16.928905071544726,16.930763538385186,16.574414095808415,16.610637664794922,279148800
2014-01-10 00:00:00-05:00,16.71312107408648,16.743152520999384,16.443150552198833,16.499807357788086,304976000
2014-01-13 00:00:00-05:00,16.40599655110358,16.79578194633505,16.405067317483265,16.586183547973633,378492800
2014-01-14 00:00:00-05:00,16.66327256787294,16.92674169887287,16.645934590718415,16.916215896606445,332561600
2014-01-15 00:00:00-05:00,17.136967919558177,17.343780352218776,17.079381867393934,17.2558536529541,391638800
2014-01-16 00:00:00-05:00,17.179681362644736,17.240053422991053,17.07998884199398,17.159557342529297,229278000
2014-01-17 00:00:00-05:00,17.07380409982511,17.09206965934562,16.715286897291293,16.739126205444336,426739600
2014-01-21 00:00:00-05:00,16.749033966851517,17.030150308665974,16.731386793793295,16.999191284179688,328526800
2014-01-22 00:00:00-05:00,17.05615732732106,17.25368066602264,16.960181705631555,17.07473373413086,379985200
2014-01-23 00:00:00-05:00,17.026124915671655,17.22922199159765,16.86730036671312,17.219314575195312,403239200
2014-01-24 00:00:00-05:00,17.15181444571384,17.201969894990924,16.86543532902335,16.90630340576172,429354800
2014-01-27 00:00:00-05:00,17.03014899554562,17.17658927060743,16.89640218409497,17.043460845947266,554878800
2014-01-28 00:00:00-05:00,15.751198262024698,15.944387983602525,15.544074991575018,15.681229591369629,1065523200
2014-01-29 00:00:00-05:00,15.602272062466625,15.708155067908642,15.43725542064264,15.503199577331543,502810000
2014-01-30 00:00:00-05:00,15.55861816546276,15.681220760337222,15.377812820188087,15.47316837310791,678501600
2014-01-31 00:00:00-05:00,15.33075626689904,15.527352013580545,15.28029160483172,15.49855899810791,464797200
2014-02-03 00:00:00-05:00,15.560787952558263,15.71930329142805,15.458311018455086,15.527350425720215,401464000
2014-02-04 00:00:00-05:00,15.661098114389223,15.772864083450752,15.565431696199816,15.752120018005371,376681200
2014-02-05 00:00:00-05:00,15.683086427328718,15.95305699761691,15.673488201232592,15.86977481842041,328344800
2014-02-06 00:00:00-05:00,15.88595562569175,15.993096136967436,15.81587758429396,15.962261199951172,257765200
2014-02-07 00:00:00-05:00,16.23853048543786,16.286805540198163,16.11394980627178,16.185583114624023,370280400
2014-02-10 00:00:00-05:00,16.15380728209308,16.568974550042554,16.133251762650616,16.47553825378418,345559200
2014-02-11 00:00:00-05:00,16.525998786950225,16.748375374594136,16.49142631588459,16.692626953125,282256800
2014-02-12 00:00:00-05:00,16.723456516686113,16.804745468196323,16.607907809200867,16.691375732421875,308100800
2014-02-13 00:00:00-05:00,16.652145026086156,16.969516650586616,16.637818692247127,16.956436157226562,307398000
2014-02-14 00:00:00-05:00,16.89538777390372,17.004709014196088,16.856146298932973,16.94272804260254,272924400
2014-02-18 00:00:00-05:00,17.00532546369716,17.166968617016114,16.99317810880224,17.005014419555664,260251600
2014-02-19 00:00:00-05:00,16.966395322213216,17.033046933009114,16.642485226923885,16.736543655395508,313768000
2014-02-20 00:00:00-05:00,16.6001212147255,16.725014559163256,16.475851621774897,16.542814254760742,305858000
2014-02-21 00:00:00-05:00,16.593901087791025,16.649340150275346,16.33882152018765,16.359066009521484,278784800
2014-02-24 00:00:00-05:00,16.293660957627477,16.50451401357144,16.27092478895554,16.43069839477539,288909600
2014-02-25 00:00:00-05:00,16.487701796583906,16.493618292332616,16.2267039948067,16.25971794128418,231952000
2014-02-26 00:00:00-05:00,16.307985952867543,16.35127765039836,16.058511869705377,16.11301612854004,276217200
2014-02-27 00:00:00-05:00,16.106472699286652,16.469003793080333,16.072523977885215,16.434432983398438,301882000
2014-02-28 00:00:00-05:00,16.47834386872462,16.59264841185428,16.261572754430574,16.389892578125,371968800
2014-03-03 00:00:00-05:00,16.302061859704363,16.527242809707495,16.283063220248202,16.437232971191406,238781200
2014-03-04 00:00:00-05:00,16.538150401740186,16.589228184515797,16.437550057202877,16.545623779296875,259140000
2014-03-05 00:00:00-05:00,16.535656794290585,16.654941400486564,16.479905038280926,16.58050537109375,200062800
2014-03-06 00:00:00-05:00,16.593899268803614,16.645289760455494,16.447828250034686,16.530363082885742,185488800
2014-03-07 00:00:00-05:00,16.54095257001425,16.56867209656537,16.383980043180657,16.520708084106445,220729600
2014-03-10 00:00:00-04:00,16.45592198422611,16.610713836681434,16.455298232658095,16.535654067993164,178584000
2014-03-11 00:00:00-04:00,16.676738762278333,16.77920532525261,16.58766206395258,16.696670532226562,279224400
2014-03-12 00:00:00-04:00,16.647461748921472,16.7359130291842,16.569286565645466,16.712865829467773,199326400
2014-03-13 00:00:00-04:00,16.73872709903123,16.807868738179106,16.480843156251055,16.527250289916992,257742800
2014-03-14 00:00:00-04:00,16.46931583794348,16.534721604923472,16.28898507584756,16.34162139892578,237199200
2014-03-17 00:00:00-04:00,16.435373877766903,16.506072407403316,16.377754176912045,16.405473709106445,199544800
2014-03-18 00:00:00-04:00,16.37930503829804,16.568356669356415,16.357503671669363,16.55060386657715,209647200
2014-03-19 00:00:00-04:00,16.577387753119005,16.701344646378598,16.475852648047482,16.546241760253906,224756000
2014-03-20 00:00:00-04:00,16.503573259166753,16.590158293398986,16.424464927054856,16.466510772705078,208398400
2014-03-21 00:00:00-04:00,16.567103840070903,16.623788700061194,16.392691317285546,16.59638023376465,374046400
2014-03-24 00:00:00-04:00,16.76924424030296,16.834026250473787,16.664595354126934,16.79322624206543,355700800
2014-03-25 00:00:00-04:00,16.86516784346925,16.997534553131626,16.805678589129858,16.97386360168457,282293200
2014-03-26 00:00:00-04:00,17.02151957456896,17.098759977053295,16.78294708004244,16.811599731445312,299768000
2014-03-27 00:00:00-04:00,16.819079562632197,16.865175647305996,16.666468305503017,16.739347457885742,222031600
2014-03-28 00:00:00-04:00,16.76612967475564,16.78543936214901,16.639368371752692,16.720657348632812,200564000
2014-03-31 00:00:00-04:00,16.79447613915012,16.843685994438346,16.6916951562882,16.7169246673584,168669200
2014-04-01 00:00:00-04:00,16.748686683267227,16.87669548012874,16.71785339453658,16.869842529296875,200760000
2014-04-02 00:00:00-04:00,16.892578521338873,16.926838285142,16.8265506734033,16.897872924804688,180420800
2014-04-03 00:00:00-04:00,16.861737701190197,16.89630849367584,16.74494317963687,16.780759811401367,162344000
2014-04-04 00:00:00-04:00,16.812534475531947,16.818450966924456,16.52506318669739,16.563682556152344,275251200
2014-04-07 00:00:00-04:00,16.445330744371056,16.535029542326875,16.254411210034508,16.303619384765625,289850400
2014-04-08 00:00:00-04:00,16.35719667505748,16.386162044128557,16.155062843334484,16.302692413330078,243888400
2014-04-09 00:00:00-04:00,16.27777150327485,16.52226217716427,16.25846181654408,16.5169677734375,206169600
2014-04-10 00:00:00-04:00,16.528180558333748,16.576768319860474,16.294280328500825,16.303936004638672,239652000
2014-04-11 00:00:00-04:00,16.16440651828406,16.283694476186042,16.106477440953306,16.183406829833984,271717600
2014-04-14 00:00:00-04:00,16.25472459416302,16.262821721971157,16.108653606107303,16.247873306274414,205674000
2014-04-15 00:00:00-04:00,16.203959335301164,16.246627277244855,15.925519909701203,16.13201332092285,266490000
2014-04-16 00:00:00-04:00,16.134816558847124,16.229498741000025,16.013038602626253,16.164716720581055,214765600
2014-04-17 00:00:00-04:00,16.195544436416252,16.43723233717074,16.170627643553736,16.349401473999023,284334400
2014-04-21 00:00:00-04:00,16.361865401284774,16.573653222195567,16.318884750736697,16.54344367980957,182548800
2014-04-22 00:00:00-04:00,16.454366181844268,16.563998439064076,16.397994000729792,16.55994987487793,202563200
2014-04-23 00:00:00-04:00,16.477732726474176,16.542203725234184,16.334151687156247,16.343496322631836,394940000
2014-04-24 00:00:00-04:00,17.6970595679477,17.752809646315082,17.464092537004134,17.6833553314209,759911600
2014-04-25 00:00:00-04:00,17.58244812319373,17.81479145737233,17.56469698268219,17.813236236572266,390275200
2014-04-28 00:00:00-04:00,17.84002033722479,18.55480478181797,17.832232590133984,18.503103256225586,669485600
2014-04-29 00:00:00-04:00,18.492201497780304,18.561966869829444,18.360456837332734,18.448286056518555,337377600
2014-04-30 00:00:00-04:00,18.457938182853958,18.669414894031558,18.36948522904711,18.378517150878906,456640800
2014-05-01 00:00:00-04:00,18.438006311345994,18.525213432868963,18.26234789185383,18.421812057495117,244048000
2014-05-02 00:00:00-04:00,18.448598477585662,18.506529201186858,18.366685751776988,18.456071853637695,191514400
2014-05-05 00:00:00-04:00,18.38008095230032,18.71831903657519,18.37571968051158,18.717071533203125,287067200
2014-05-06 00:00:00-04:00,18.74323569501625,18.82452468467482,18.513072967529297,18.513072967529297,374564400
2014-05-07 00:00:00-04:00,18.539230707167267,18.6027668796283,18.305017792667403,18.448286056518555,282864400
2014-05-08 00:00:00-04:00,18.423551444467968,18.616479125013782,18.365611587569415,18.415409088134766,230297200
2014-05-09 00:00:00-04:00,18.30734886590959,18.360904738477412,18.17549393632422,18.338668823242188,291597600
2014-05-12 00:00:00-04:00,18.399741691525996,18.592980394390477,18.396921640863575,18.566986083984375,213208800
2014-05-13 00:00:00-04:00,18.540982238692518,18.620532388532872,18.500268819910687,18.59610366821289,159737200
2014-05-14 00:00:00-04:00,18.55445690570752,18.710113321953344,18.532846554455162,18.59955596923828,166404000
2014-05-15 00:00:00-04:00,18.625554734844286,18.685060150562535,18.41696798049978,18.441396713256836,230846000
2014-05-16 00:00:00-04:00,18.435443898566966,18.71418566720861,18.33428336254547,18.713560104370117,276256400
2014-05-19 00:00:00-04:00,18.724214147565686,19.021120751944558,18.70792776430153,18.935306549072266,317755200
2014-05-20 00:00:00-04:00,18.932803846055407,18.991996503490736,18.81441685855604,18.939067840576172,234836000
2014-05-21 00:00:00-04:00,18.91150204705372,19.001387421280256,18.85606779869376,18.989173889160156,196859600
2014-05-22 00:00:00-04:00,18.998254397874977,19.100042185368526,18.919957000448953,19.019237518310547,200760000
2014-05-23 00:00:00-04:00,19.01860502241828,19.252873238988595,18.9941762968506,19.234081268310547,232209600
2014-05-27 00:00:00-04:00,19.288890283255103,19.60145587446084,19.2810607134854,19.594253540039062,348866000
2014-05-28 00:00:00-04:00,19.6064729120165,19.72579987280838,19.53631787190641,19.543521881103516,315481600
2014-05-29 00:00:00-04:00,19.663786197393325,19.94628637760385,19.661280600635823,19.899620056152344,376474000
2014-05-30 00:00:00-04:00,19.981046241963515,20.174912152187357,19.69666775794344,19.825077056884766,564020800
2014-06-02 00:00:00-04:00,19.855148836257367,19.882395947366266,19.49622961647885,19.6888427734375,369350800
2014-06-03 00:00:00-04:00,19.68288570972708,20.004848116762822,19.67630893814811,19.96726417541504,292709200
2014-06-04 00:00:00-04:00,19.96413889982196,20.29142537683936,19.922483770709768,20.195274353027344,335482000
2014-06-05 00:00:00-04:00,20.238490830179348,20.33777299295295,20.12605512312198,20.274507522583008,303805600
2014-06-06 00:00:00-04:00,20.35437093045316,20.396966065073638,20.184308191216434,20.21875762939453,349938400
2014-06-09 00:00:00-04:00,20.323051270435553,20.58174822287026,20.1147790231704,20.542285919189453,301660000
2014-06-10 00:00:00-04:00,20.76810188165252,20.838256912041007,20.513788851101843,20.66286849975586,251108000
2014-06-11 00:00:00-04:00,20.63656615042226,20.774685111631275,20.49187208704661,20.577373504638672,182724000
2014-06-12 00:00:00-04:00,20.616834146684663,20.63437332646165,20.147671959733817,20.233173370361328,218996000
2014-06-13 00:00:00-04:00,20.213444851821937,20.26606240020352,19.92405502623735,20.011749267578125,218100000
2014-06-16 00:00:00-04:00,20.062165340136303,20.334015865582973,20.04901012240508,20.213436126708984,142244000
2014-06-17 00:00:00-04:00,20.23755683891498,20.323058247471973,20.125748333957805,20.1871337890625,118904000
2014-06-18 00:00:00-04:00,20.228785267266414,20.233170897988884,20.02708974236177,20.209054946899414,134056000
2014-06-19 00:00:00-04:00,20.233167917247368,20.23536073228556,20.024893976941843,20.138896942138672,142112000
2014-06-20 00:00:00-04:00,20.13670730806962,20.290172605057634,19.92843500749139,19.930627822875977,403592000
2014-06-23 00:00:00-04:00,20.0205142952219,20.086285379391843,19.862665031316556,19.913089752197266,174776000
2014-06-24 00:00:00-04:00,19.89554774160454,20.112589612268046,19.77277685276505,19.79250717163086,156144000
2014-06-25 00:00:00-04:00,19.777165419287734,19.884589972055917,19.654394501838382,19.81005096435547,147476000
2014-06-26 00:00:00-04:00,19.81224404214697,19.961323732148266,19.68728030733914,19.928438186645508,130516000
2014-06-27 00:00:00-04:00,19.910891990354664,20.169588959126838,19.89992958817361,20.165205001831055,256116000
2014-06-30 00:00:00-04:00,20.191518429326894,20.54887211202483,20.189325613676775,20.373483657836914,197929200
2014-07-01 00:00:00-04:00,20.502830505371094,20.623410271756953,20.41732909743501,20.502830505371094,152892000
2014-07-02 00:00:00-04:00,20.579560000342873,20.621213452128796,20.408555545046838,20.49405860900879,113860000
2014-07-03 00:00:00-04:00,20.535708953563812,20.629979918543516,20.432668402001394,20.614633560180664,91567200
2014-07-07 00:00:00-04:00,20.638755223142383,21.044339097352292,20.62998563413003,21.039955139160156,225872000
2014-07-08 00:00:00-04:00,21.10573116083415,21.221926997184223,20.590529771484746,20.904035568237305,260888000
2014-07-09 00:00:00-04:00,20.92375460687731,21.03556306914597,20.7746749845582,20.912792205810547,145744000
2014-07-10 00:00:00-04:00,20.55544703636468,20.947877371004665,20.502829501266906,20.83606719970703,158744000
2014-07-11 00:00:00-04:00,20.90622296981689,21.022417103445164,20.796605610148234,20.875530242919922,136072000
2014-07-14 00:00:00-04:00,21.01583590889266,21.241647354691104,20.96979682823133,21.145183563232422,171240000
2014-07-15 00:00:00-04:00,21.22191755363286,21.23287828398413,20.83387123591054,20.897449493408203,181911600
2014-07-16 00:00:00-04:00,21.25919064842534,21.28769055931937,20.77029649647231,20.77906608581543,213585200
2014-07-17 00:00:00-04:00,20.833869860721244,20.888678526743398,20.294552787778564,20.408554077148438,229192000
2014-07-18 00:00:00-04:00,20.52476143682778,20.770303328691533,20.39321922603941,20.702341079711914,199952000
2014-07-21 00:00:00-04:00,20.82510511520477,20.82729793069125,20.546677763035067,20.59490966796875,156316000
2014-07-22 00:00:00-04:00,20.757139607015013,20.80317868918331,20.63436872123289,20.76590919494629,220788000
2014-07-23 00:00:00-04:00,20.919381870789444,21.458699217649592,20.864573176930136,21.30742835998535,371672000
2014-07-24 00:00:00-04:00,21.274537404766736,21.335922858674817,21.138611276378715,21.2723445892334,182916000
2014-07-25 00:00:00-04:00,21.232874906397594,21.449916735310335,21.18683583193899,21.412647247314453,173876000
2014-07-28 00:00:00-04:00,21.445535322137392,21.756848151666038,21.38634269727741,21.708616256713867,221272000
2014-07-29 00:00:00-04:00,21.77657990677322,21.800695853989136,21.539806064632096,21.56830596923828,172572000
2014-07-30 00:00:00-04:00,21.58145964312484,21.638459448260498,21.412648024687094,21.517881393432617,132040000
2014-07-31 00:00:00-04:00,21.300844787087776,21.36442137976365,20.899644874632607,20.958837509155273,227372000
2014-08-01 00:00:00-04:00,20.805379182824396,21.182463239897785,20.785647184539698,21.075037002563477,194044000
2014-08-04 00:00:00-04:00,21.127644682497014,21.17368376015539,20.864562088213518,20.956640243530273,159832000
2014-08-05 00:00:00-04:00,20.906224954382743,20.976380004325172,20.686990214234125,20.853609085083008,223732000
2014-08-06 00:00:00-04:00,20.77249003783926,20.932532121844456,20.763720448189694,20.81852912902832,154232000
2014-08-07 00:00:00-04:00,20.91546222922152,21.140193096106657,20.732591989130913,20.816316604614258,186844000
2014-08-08 00:00:00-04:00,20.767850589942068,20.891232144833175,20.55193118793501,20.873605728149414,167460000
2014-08-11 00:00:00-04:00,20.99038480014837,21.168849386955173,20.895644880049108,21.149019241333008,146340000
2014-08-12 00:00:00-04:00,21.16003214786518,21.345104506719988,21.06529224579964,21.144609451293945,135180000
2014-08-13 00:00:00-04:00,21.184267656755402,21.424421310424805,21.160031751034,21.424421310424805,127664000
2014-08-14 00:00:00-04:00,21.44425173935403,21.497129315751433,21.32747965437533,21.481706619262695,112464000
2014-08-15 00:00:00-04:00,21.56984077143419,21.633735291086893,21.340702326077366,21.587467193603516,195804000
2014-08-18 00:00:00-04:00,21.699825393758264,21.893712618013254,21.587460768007908,21.847444534301758,190288000
2014-08-19 00:00:00-04:00,21.902534503348107,22.182346838819335,21.88270435621722,22.1492977142334,277596000
2014-08-20 00:00:00-04:00,22.129462273762375,22.272672300253742,22.021501722076444,22.158103942871094,210796000
2014-08-21 00:00:00-04:00,22.15810702240223,22.239627957892193,22.056757624223035,22.160310745239258,133912000
2014-08-22 00:00:00-04:00,22.09641053806745,22.356394294575445,22.074378358217125,22.323345184326172,176736000
2014-08-25 00:00:00-04:00,22.426901748450618,22.510624717214103,22.31453542859733,22.3718204498291,161080000
2014-08-26 00:00:00-04:00,22.34538308840474,22.3630095091794,22.222001504878147,22.22861099243164,132608000
2014-08-27 00:00:00-04:00,22.257250875699786,22.598755606718225,22.18674687921862,22.501811981201172,209476000
2014-08-28 00:00:00-04:00,22.38283241935607,22.645019900257537,22.376222933442182,22.528247833251953,273840000
2014-08-29 00:00:00-04:00,22.662649264948147,22.671462474295744,22.5172338321345,22.583332061767578,178380000
2014-09-02 00:00:00-04:00,22.706712802118513,22.856533993664737,22.631803046819275,22.759592056274414,214256000
2014-09-03 00:00:00-04:00,22.715522938552592,22.737555117663515,21.719653986590117,21.79897117614746,501684000
2014-09-04 00:00:00-04:00,21.779143552577743,22.05234630317765,21.5455994013349,21.61830711364746,342872000
2014-09-05 00:00:00-04:00,21.76812907561939,21.898120128662356,21.660168524065867,21.805583953857422,233828000
2014-09-08 00:00:00-04:00,21.878294595189523,21.880496637064347,21.60288807551668,21.671188354492188,185426800
2014-09-09 00:00:00-04:00,21.82981978554693,22.71112052765914,21.18206320219117,21.589664459228516,759385200
2014-09-10 00:00:00-04:00,21.5940738701242,22.27708167125042,21.53899256872776,22.252845764160156,403478400
2014-09-11 00:00:00-04:00,22.12285093160069,22.349785585749242,21.948793847120825,22.34758186340332,249412400
2014-09-12 00:00:00-04:00,22.299118467037214,22.51503795278009,22.27047678952927,22.398265838623047,250504400
2014-09-15 00:00:00-04:00,22.651636905834216,22.704516172594822,22.34979240924612,22.391653060913086,245266000
2014-09-16 00:00:00-04:00,21.98846160656639,22.310136284250515,21.78796481323714,22.22200584411621,267632400
2014-09-17 00:00:00-04:00,22.31232284490827,22.429096563606745,22.16250170491955,22.380624771118164,243706000
2014-09-18 00:00:00-04:00,22.457751985098604,22.550288183314333,22.376231040414346,22.42690658569336,149197600
2014-09-19 00:00:00-04:00,22.537060959496376,22.55027993127608,22.142678718908574,22.244028091430664,283609600
2014-09-22 00:00:00-04:00,22.429103623609535,22.504013376709633,22.160306639525277,22.266061782836914,211153600
2014-09-23 00:00:00-04:00,22.164710368972003,22.68027210837365,22.15149139750832,22.614173889160156,253608800
2014-09-24 00:00:00-04:00,22.50841539092785,22.660438582877923,22.296901793441396,22.418081283569336,240687200
2014-09-25 00:00:00-04:00,22.144883101394623,22.188947462605718,21.53017568109833,21.56322479248047,400368000
2014-09-26 00:00:00-04:00,21.708643105432216,22.197765350341797,21.68000143270208,22.197765350341797,249482000
2014-09-29 00:00:00-04:00,21.73507484929449,22.129457041666644,21.73066740527504,22.05674934387207,199065200
2014-09-30 00:00:00-04:00,22.210984325302167,22.37182247142796,22.14929353422312,22.197765350341797,221056400
2014-10-01 00:00:00-04:00,22.16250812641377,22.184541988254374,21.746093688030673,21.851850509643555,205965200
2014-10-02 00:00:00-04:00,21.871682553948947,22.080992509116758,21.600683490735754,22.010488510131836,191031200
2014-10-03 00:00:00-04:00,21.90914243016323,22.078792125552464,21.821011997866353,21.948801040649414,173878400
2014-10-06 00:00:00-04:00,22.02150709241727,22.175735769173848,21.904734984026884,21.948801040649414,148204800
2014-10-07 00:00:00-04:00,21.906929858459037,22.058954750741627,21.752702924945904,21.757108688354492,168376800
2014-10-08 00:00:00-04:00,21.75931855873317,22.277082474335383,21.660171204076587,22.208782196044922,229618800
2014-10-09 00:00:00-04:00,22.371819871655937,22.5568922233863,22.166917378841443,22.25724983215332,309506000
2014-10-10 00:00:00-04:00,22.184553791158905,22.479788870283958,22.098627063297222,22.19336700439453,265326400
2014-10-13 00:00:00-04:00,22.325553053742084,22.424698721959412,21.990657806396484,21.990657806396484,214333600
2014-10-14 00:00:00-04:00,22.118441801968835,22.147083466493413,21.717450093887187,21.757108688354492,254754400
2014-10-15 00:00:00-04:00,21.585256550198284,21.84524031052459,20.97054914194504,21.490516662597656,403734400
2014-10-16 00:00:00-04:00,21.05207682310331,21.530182178410147,21.021231424757584,21.208507537841797,288618000
2014-10-17 00:00:00-04:00,21.481698728819584,21.812186401570653,21.329673861450978,21.519153594970703,272718800
2014-10-20 00:00:00-04:00,21.66237403570981,22.023707236555726,21.640341851452945,21.979642868041992,310069200
2014-10-21 00:00:00-04:00,22.69789903037691,22.69789903037691,22.312329970024653,22.57672119140625,378495600
2014-10-22 00:00:00-04:00,22.658236979279934,22.93805085320863,22.60535941543849,22.691286087036133,273052400
2014-10-23 00:00:00-04:00,22.931435869289047,23.145151476460075,22.832288569794244,23.0966796875,284298800
2014-10-24 00:00:00-04:00,23.17380779127108,23.24210807476387,23.030596055379792,23.182621002197266,188215600
2014-10-27 00:00:00-04:00,23.101095489215695,23.239901432642732,23.068046375021268,23.15838050842285,136750800
2014-10-28 00:00:00-04:00,23.222270756560278,23.517505645751953,23.211253826866123,23.517505645751953,192243600
2014-10-29 00:00:00-04:00,23.497684538736596,23.656318962642178,23.433790024610847,23.649707794189453,210751600
2014-10-30 00:00:00-04:00,23.565981348958875,23.651908035769168,23.332437193110163,23.570388793945312,162619200
2014-10-31 00:00:00-04:00,23.797320146746642,23.803929632357416,23.621059352704226,23.795116424560547,178557200
2014-11-03 00:00:00-05:00,23.84359286291577,24.301869671771502,23.797324773696854,24.10357666015625,209130400
2014-11-04 00:00:00-05:00,24.094760448893982,24.123402115523817,23.733427308720508,23.92731285095215,166297600
2014-11-05 00:00:00-05:00,24.037475729966836,24.081541772570542,23.823760045944894,23.98459815979004,149743600
2014-11-06 00:00:00-05:00,24.031068235240337,24.073112081450738,23.854044801973224,24.05319595336914,139874000
2014-11-07 00:00:00-05:00,24.06425271880723,24.19038252759705,24.019997297147547,24.12178611755371,134766000
2014-11-10 00:00:00-05:00,24.124012384529127,24.192610524545426,24.046564505385383,24.08197021484375,108782000
2014-11-11 00:00:00-05:00,24.05319644274144,24.28554170841274,23.986813287004434,24.274477005004883,109769200
2014-11-12 00:00:00-05:00,24.203665030333397,24.657290815868482,24.201453440447906,24.617460250854492,187769600
2014-11-13 00:00:00-05:00,24.73917071523988,25.10428233930069,24.694913584158286,24.964876174926758,238091600
2014-11-14 00:00:00-05:00,25.037897016214714,25.268029013285762,24.60861216704018,25.26581573486328,176254400
2014-11-17 00:00:00-05:00,25.2857284272518,25.951783374465187,25.07108770574538,25.223770141601562,186986800
2014-11-18 00:00:00-05:00,25.21271050484472,25.599951530279732,25.201645800251818,25.55126953125,176896000
2014-11-19 00:00:00-05:00,25.544624007952873,25.611007151631917,25.181724086817603,25.374237060546875,167476800
2014-11-20 00:00:00-05:00,25.42735111537857,25.85884755169119,25.414073133174263,25.73714256286621,173582000
2014-11-21 00:00:00-05:00,26.002682599033704,26.015958894195553,25.67518658306705,25.772550582885742,228717200
2014-11-24 00:00:00-05:00,25.856635816049526,26.281494130728028,25.805742227312834,26.25051498413086,189803200
2014-11-25 00:00:00-05:00,26.34788101927259,26.498351895057933,25.98940583889772,26.022598266601562,275361600
2014-11-26 00:00:00-05:00,26.097831059391062,26.354515643626133,26.073490061545048,26.332387924194336,163073200
2014-11-28 00:00:00-05:00,26.392136755248796,26.420904314086798,26.12217583793024,26.31690216064453,99257600
2014-12-01 00:00:00-05:00,26.290344064969418,26.38770805631444,24.621888359281545,25.46275520324707,335256000
2014-12-02 00:00:00-05:00,25.115340567647465,25.6132217683277,24.94938016742072,25.365386962890625,237395600
2014-12-03 00:00:00-05:00,25.613224623016894,25.74599262034848,25.47160520076498,25.65305519104004,172253600
2014-12-04 00:00:00-05:00,25.617649050520285,25.93408031097091,25.511435329777456,25.55569076538086,168178000
2014-12-05 00:00:00-05:00,25.666332917239355,25.686249046481173,25.367604484506273,25.447265625,153275600
2014-12-08 00:00:00-05:00,25.24810922534383,25.369814197392564,24.699334432664987,24.871932983398438,230659600
2014-12-09 00:00:00-05:00,24.382909676535846,25.292373070966736,24.197033096007257,25.25254249572754,240832000
2014-12-10 00:00:00-05:00,25.3167115515124,25.414073857109038,24.681635689598682,24.77235984802246,178261200
2014-12-11 00:00:00-05:00,24.840960267192532,25.181732588821667,24.637380835095133,24.6993408203125,165606800
2014-12-12 00:00:00-05:00,24.442652268315346,24.754658691415482,24.247925968834583,24.281118392944336,224112400
2014-12-15 00:00:00-05:00,24.495753527657183,24.694906338499198,23.53318357819661,23.94919204711914,268872400
2014-12-16 00:00:00-05:00,23.537608578348987,24.376261918180113,23.51326758706404,23.621694564819336,243162800
2014-12-17 00:00:00-05:00,23.70357536495093,24.30545709974041,23.63719051837956,24.210308074951172,213647200
2014-12-18 00:00:00-05:00,24.75465516822299,24.92725372314453,24.486905911455395,24.92725372314453,236024800
2014-12-19 00:00:00-05:00,24.840954709101993,25.057808700012927,24.70818671838803,24.734739303588867,353719200
2014-12-22 00:00:00-05:00,24.81883358732363,25.113135510338456,24.776789731934205,24.991432189941406,180670000
2014-12-23 00:00:00-05:00,25.05560009060384,25.077727810315643,24.885213103525682,24.902915954589844,104113600
2014-12-24 00:00:00-05:00,24.91176867517881,24.940534543475888,24.7856388092041,24.7856388092041,57918400
2014-12-26 00:00:00-05:00,24.80555002522579,25.341048566330464,24.785635585511073,25.223770141601562,134884000
2014-12-29 00:00:00-05:00,25.179519481426826,25.396373522333313,25.159603349697953,25.206073760986328,110395600
2014-12-30 00:00:00-05:00,25.146323844626473,25.208282134120626,24.807764842578578,24.898488998413086,119526000
2014-12-31 00:00:00-05:00,24.964866999702323,25.033463417371703,24.387324735185214,24.424942016601562,165613600
2015-01-02 00:00:00-05:00,24.648443422251393,24.659508126434403,23.754469685489944,24.19260597229004,212818400
2015-01-05 00:00:00-05:00,23.962471339063004,24.042132473375155,23.325183952802462,23.511058807373047,257142000
2015-01-06 00:00:00-05:00,23.575223877533926,23.77216338083341,23.152577326433928,23.51326560974121,263188400
2015-01-07 00:00:00-05:00,23.721278247722207,23.942558834690647,23.610637954237987,23.84298324584961,160423600
2015-01-08 00:00:00-05:00,24.170477357014917,24.816616214984087,24.053197237023646,24.759082794189453,237458000
2015-01-09 00:00:00-05:00,24.931683117483658,25.060026262015647,24.387333080738237,24.7856388092041,214798000
2015-01-12 00:00:00-05:00,24.916193490455274,24.922831637875944,24.075328281845096,24.174903869628906,198603200
2015-01-13 00:00:00-05:00,24.65729087939062,24.960445829902344,24.099664655994744,24.389541625976562,268367600
2015-01-14 00:00:00-05:00,24.12843615451797,24.449292340286082,24.008944431257838,24.29660987854004,195826400
2015-01-15 00:00:00-05:00,24.340862128726783,24.354138422379428,23.601785852626346,23.637189865112305,240056000
2015-01-16 00:00:00-05:00,23.683659448981608,23.80536443937961,23.278715595370205,23.453527450561523,314053200
2015-01-20 00:00:00-05:00,23.86289682691998,24.112944961639695,23.566381661439586,24.05762481689453,199599600
2015-01-21 00:00:00-05:00,24.108513744434763,24.575415810890004,23.95804291228469,24.241283416748047,194303600
2015-01-22 00:00:00-05:00,24.398392763814055,24.88742255363768,24.278901069867082,24.871932983398438,215185600
2015-01-23 00:00:00-05:00,24.849801936595878,25.1706580006503,24.679414998563754,25.000272750854492,185859200
2015-01-26 00:00:00-05:00,25.168453931002503,25.305648505097142,24.960451323601063,25.02683448791504,222460000
2015-01-27 00:00:00-05:00,24.876362316261897,24.8896402990191,24.1262212875984,24.150562286376953,382274800
2015-01-28 00:00:00-05:00,26.02923041081558,26.13765909552136,25.515859603881836,25.515859603881836,585908400
2015-01-29 00:00:00-05:00,25.739349018717416,26.3744246942054,25.571175357345947,26.310253143310547,337745600
2015-01-30 00:00:00-05:00,26.199615507769245,26.553664023772246,25.856630005500925,25.925228118896484,334982000
2015-02-02 00:00:00-05:00,26.122173528901243,26.3700067016786,25.68625050976509,26.25051498413086,250956400
2015-02-03 00:00:00-05:00,26.221745704792397,26.35230042157659,26.0248061463723,26.25493812561035,207662800
2015-02-04 00:00:00-05:00,26.221749575393172,26.666524028239085,26.17970572360188,26.45630645751953,280598800
2015-02-05 00:00:00-05:00,26.66290308386443,26.70955688169325,26.4918453731228,26.645132064819336,168984800
2015-02-06 00:00:00-05:00,26.66291187455073,26.714008020262256,26.314130299171573,26.420764923095703,174826400
2015-02-09 00:00:00-05:00,26.336340464499866,26.62291744894482,26.309681391456404,26.59626007080078,155559200
2015-02-10 00:00:00-05:00,26.696229661023946,27.136095061304506,26.69400934269236,27.107213973999023,248034000
2015-02-11 00:00:00-05:00,27.273824264839558,27.75145532608688,27.213843478031368,27.742568969726562,294247200
2015-02-12 00:00:00-05:00,28.004716451194586,28.3201762363106,27.895861528916974,28.093578338623047,297898000
2015-02-13 00:00:00-05:00,28.27574953174735,28.27574953174735,27.913639266842324,28.231319427490234,217088800
2015-02-17 00:00:00-05:00,28.322396946689228,28.6311923911294,28.195769306193434,28.397930145263672,252609600
2015-02-18 00:00:00-05:00,28.3534935268434,28.608970777658705,28.313505768499276,28.59564208984375,179566800
2015-02-19 00:00:00-05:00,28.542324133989784,28.66450942275058,28.509002414236182,28.535659790039062,149449600
2015-02-20 00:00:00-05:00,28.57343012705251,28.7689266204834,28.446804181843213,28.7689266204834,195793600
2015-02-23 00:00:00-05:00,28.884445467268826,29.546463012695312,28.80446994307108,29.546463012695312,283896400
2015-02-24 00:00:00-05:00,29.533133311671225,29.679755665976195,29.139920048689255,29.36207389831543,276912400
2015-02-25 00:00:00-05:00,29.22656565884979,29.23545371286905,28.469020069179415,28.61119842529297,298846800
2015-02-26 00:00:00-05:00,28.611202305372544,29.073282872856034,28.12690837942726,28.97331428527832,365150000
2015-02-27 00:00:00-05:00,28.880006901257964,29.00663625092877,28.489017258922594,28.537891387939453,248059200
2015-03-02 00:00:00-05:00,28.71338852765152,28.942206749183107,28.502343023009654,28.67784309387207,192386800
2015-03-03 00:00:00-05:00,28.64896710108417,28.773372736921615,28.455690912023037,28.73782730102539,151265200
2015-03-04 00:00:00-05:00,28.680073108082258,28.782262015417828,28.506793317556824,28.5556640625,126665200
2015-03-05 00:00:00-05:00,28.56454922445823,28.602314981152542,27.93807528645344,28.082475662231445,226068400
2015-03-06 00:00:00-05:00,28.52454971055372,28.740039191507673,28.04914235660361,28.12467384338379,291368400
2015-03-09 00:00:00-04:00,28.42681219847674,28.784481799889047,27.782565564049722,28.244646072387695,354114000
2015-03-10 00:00:00-04:00,28.082474047098263,28.262418155621695,27.502652258634235,27.660381317138672,275426400
2015-03-11 00:00:00-04:00,27.71369844190335,27.718140774053996,27.127212293835008,27.156091690063477,275756000
2015-03-12 00:00:00-04:00,27.17164166982553,27.747021124712568,27.020576957239324,27.647050857543945,193450800
2015-03-13 00:00:00-04:00,27.635937504472345,27.858091340207817,27.23161759122976,27.455991744995117,207309200
2015-03-16 00:00:00-04:00,27.520422623715213,27.758127212524414,27.296048420518424,27.758127212524414,143497200
2015-03-17 00:00:00-04:00,27.96916831579764,28.28462635641722,27.913629856749154,28.222423553466797,204092400
2015-03-18 00:00:00-04:00,28.213546926091023,28.6934001912993,28.073590571188532,28.54011344909668,261083600
2015-03-19 00:00:00-04:00,28.602309713176652,28.71338664410161,28.30240233865916,28.324617385864258,183238000
2015-03-20 00:00:00-04:00,28.491228874106813,28.524550592893988,27.80477434870335,27.969167709350586,274780400
2015-03-23 00:00:00-04:00,28.240199836860707,28.402371208638087,28.106906162375846,28.26019287109375,150838800
2015-03-24 00:00:00-04:00,28.26463184776562,28.444574208412945,28.11578749716998,28.144668579101562,131369200
2015-03-25 00:00:00-04:00,28.11135075836797,28.17355357044147,27.409343719482422,27.409343719482422,206620800
2015-03-26 00:00:00-04:00,27.27160843766041,27.74257353801557,27.23606300636597,27.60039520263672,190291600
2015-03-27 00:00:00-04:00,27.673707595254548,27.702586988271232,27.304933051374206,27.380464553833008,158184800
2015-03-30 00:00:00-04:00,27.558182976261453,28.080244131848396,27.547074606928014,28.073579788208008,188398800
2015-03-31 00:00:00-04:00,28.011387084780093,28.100248992158306,27.627061750601698,27.64261245727539,168362400
2015-04-01 00:00:00-04:00,27.729246813025078,27.79589365397358,27.347141874039412,27.602619171142578,162485600
2015-04-02 00:00:00-04:00,27.77589957273979,27.89364085892032,27.589291125563008,27.84032440185547,128880400
2015-04-06 00:00:00-04:00,27.651495311418447,28.3268433490019,27.620393902014577,28.291297912597656,148776000
2015-04-07 00:00:00-04:00,28.355722521723493,28.46235544029756,27.986947943880292,27.99361228942871,140049200
2015-04-08 00:00:00-04:00,27.95806150291271,28.080246797583147,27.76256672633937,27.902523040771484,149316800
2015-04-09 00:00:00-04:00,27.958064183930947,28.12023725469051,27.693702231319484,28.115793228149414,129936000
2015-04-10 00:00:00-04:00,27.980272966245597,28.26018725416947,27.826987982893712,28.235750198364258,160752000
2015-04-13 00:00:00-04:00,28.51789280584231,28.56232629417243,28.126903193051565,28.180219650268555,145460400
2015-04-14 00:00:00-04:00,28.213541930317717,28.27796675701111,27.971395021790396,28.058034896850586,102098400
2015-04-15 00:00:00-04:00,28.082475086611023,28.24242446960834,27.99361318834602,28.164670944213867,115881600
2015-04-16 00:00:00-04:00,28.053592794550752,28.235758915493303,28.01582704024673,28.029155731201172,113476000
2015-04-17 00:00:00-04:00,27.891425060385696,28.022495058348138,27.64927640861287,27.713701248168945,207828000
2015-04-20 00:00:00-04:00,27.895858332523268,28.462349622032768,27.806996455276874,28.346830368041992,188217200
2015-04-21 00:00:00-04:00,28.457917623512692,28.48013098094247,28.140235765089624,28.193553924560547,129740400
2015-04-22 00:00:00-04:00,28.211320800092256,28.6289694851199,28.062478106986084,28.57343101501465,150618000
2015-04-23 00:00:00-04:00,28.50234240405872,28.973307527112027,28.46679697105117,28.806692123413086,183083600
2015-04-24 00:00:00-04:00,28.98885732208639,29.019958725725385,28.70894129953666,28.942203521728516,178103600
2015-04-27 00:00:00-04:00,29.393178442287084,29.575346245548285,29.135479135634252,29.46870994567871,387816800
2015-04-28 00:00:00-04:00,29.870815877385294,29.888585206951774,28.784483405905128,29.004413604736328,475696000
2015-04-29 00:00:00-04:00,28.915551915727747,29.233230359891007,28.502345533592692,28.577877044677734,253544400
2015-04-30 00:00:00-04:00,28.577879399958032,28.577879399958032,27.675935050268052,27.802562713623047,332781600
2015-05-01 00:00:00-04:00,28.013601789062115,28.908883280787258,27.835879715578056,28.646739959716797,234050400
2015-05-04 00:00:00-04:00,28.768929390811504,29.006635685468652,28.493457340795633,28.591205596923828,203953200
2015-05-05 00:00:00-04:00,28.46902006448425,28.535666910420105,27.942516422209852,27.94696044921875,197085600
2015-05-06 00:00:00-04:00,28.115791315351583,28.15800109012273,27.4048996580972,27.771453857421875,288564000
2015-05-07 00:00:00-04:00,27.833920256290526,28.126158622234403,27.666608877322254,27.9432315826416,175763600
2015-05-08 00:00:00-04:00,28.26000621009435,28.469703674316406,28.132849635444217,28.469703674316406,222201600
2015-05-11 00:00:00-04:00,28.418386835617703,28.456310328431748,28.025762439836637,28.179689407348633,168143200
2015-05-12 00:00:00-04:00,28.01908022514789,28.30462472292589,27.845076653188137,28.079313278198242,192640000
2015-05-13 00:00:00-04:00,28.14177934627755,28.373784704428044,28.07931669254081,28.11054801940918,138776800
2015-05-14 00:00:00-04:00,28.422858655086724,28.766403198242188,28.367088193902088,28.766403198242188,180814000
2015-05-15 00:00:00-04:00,28.79317492809337,28.88686889308668,28.601324408166477,28.72624969482422,152832000
2015-05-18 00:00:00-04:00,28.63924649445973,29.161257160981794,28.634783904740452,29.04302406311035,203531600
2015-05-19 00:00:00-04:00,29.1545774814744,29.196963592088572,28.920340778158227,29.016267776489258,178532800
2015-05-20 00:00:00-04:00,29.000625116441245,29.219244260364896,28.85339035659269,29.014009475708008,145819600
2015-05-21 00:00:00-04:00,29.016257985244955,29.36426512807288,28.962717115594927,29.31072425842285,158921600
2015-05-22 00:00:00-04:00,29.35757238765829,29.663193428374157,29.312953295150677,29.5672664642334,182384000
2015-05-26 00:00:00-04:00,29.580655133384035,29.649809963330227,28.804327832413943,28.915868759155273,282790400
2015-05-27 00:00:00-04:00,29.076482502617996,29.504799172350534,29.011790275005385,29.455720901489258,183332800
2015-05-28 00:00:00-04:00,29.415567289999302,29.43564383573585,29.246026341626916,29.397720336914062,122933200
2015-05-29 00:00:00-04:00,29.275024032017086,29.32410230095591,28.978324825780795,29.06309700012207,203538000
2015-06-01 00:00:00-04:00,29.063093713249128,29.310714622542058,29.011785857509594,29.12109375,128451200
2015-06-02 00:00:00-04:00,28.969408745984822,29.147874904120354,28.84894604651967,28.991718292236328,134670400
2015-06-03 00:00:00-04:00,29.147868956651138,29.210331588659578,28.978324609235536,29.027402877807617,123934000
2015-06-04 00:00:00-04:00,28.906942652613985,29.13002447267988,28.757478241644847,28.857864379882812,153800400
2015-06-05 00:00:00-04:00,28.88909716029949,28.93148325289006,28.634784008714654,28.69947624206543,142507200
2015-06-08 00:00:00-04:00,28.75524321274129,28.824401431399306,28.293465647897676,28.509855270385742,210699200
2015-06-09 00:00:00-04:00,28.264469678333445,28.572323720209546,28.02354257414362,28.42508888244629,224301600
2015-06-10 00:00:00-04:00,28.53662199807562,28.85339772951078,28.521006340947945,28.750782012939453,156349200
2015-06-11 00:00:00-04:00,28.81770601035133,29.040787815926894,28.66154942724008,28.68608856201172,141563600
2015-06-12 00:00:00-04:00,28.596858599647057,28.6280899177964,28.35592982936992,28.369314193725586,147544800
2015-06-15 00:00:00-04:00,28.130614405952066,28.384927519681423,28.043612640833025,28.313541412353516,175955600
2015-06-16 00:00:00-04:00,28.33808200774466,28.52100902357993,28.19084889840366,28.465238571166992,125976400
2015-06-17 00:00:00-04:00,28.492011296162225,28.527703503552477,28.273390356222063,28.398317337036133,131672400
2015-06-18 00:00:00-04:00,28.382702408783295,28.62362949532071,28.380471113895364,28.5277042388916,141628800
2015-06-19 00:00:00-04:00,28.489779853302345,28.514318990371574,28.197543205269692,28.242158889770508,218867600
2015-06-22 00:00:00-04:00,28.440699738911512,28.567856303688377,28.349237081009143,28.467470169067383,136157200
2015-06-23 00:00:00-04:00,28.438476849520637,28.467476879207467,28.304626369170204,28.338088989257812,121075600
2015-06-24 00:00:00-04:00,28.378237939977645,28.956020735183053,28.358161393253585,28.579011917114258,221123600
2015-06-25 00:00:00-04:00,28.74632161341256,28.822168610386743,28.442930221557617,28.442930221557617,127752400
2015-06-26 00:00:00-04:00,28.480854364209378,28.552240475555756,28.222080348820942,28.275619506835938,176267200
2015-06-29 00:00:00-04:00,27.987842577545283,28.213155673337432,27.76922336545233,27.780376434326172,196645600
2015-06-30 00:00:00-04:00,28.012386717101517,28.135082410490618,27.853998814167916,27.981155395507812,177482800
2015-07-01 00:00:00-04:00,28.309084118500998,28.318007595797013,28.106078839469976,28.242158889770508,120955200
2015-07-02 00:00:00-04:00,28.20422965839323,28.26223139804534,28.056994865886857,28.20646095275879,108844000
2015-07-06 00:00:00-04:00,27.87184072068582,28.159616447791148,27.851762473596157,28.108306884765625,112241600
2015-07-07 00:00:00-04:00,28.08376400407954,28.141765741070998,27.610830037031594,28.039148330688477,187787200
2015-07-08 00:00:00-04:00,27.769226757780043,27.804918965307255,27.336447465899855,27.3431396484375,243046400
2015-07-09 00:00:00-04:00,27.62868375107428,27.675530730197355,26.595815511598627,26.78543472290039,314380000
2015-07-10 00:00:00-04:00,27.20259329054447,27.62867861303297,27.039742839324095,27.501522064208984,245418000
2015-07-13 00:00:00-04:00,27.89191663850359,28.054767098202955,27.733528767825597,28.032459259033203,165762000
2015-07-14 00:00:00-04:00,28.11723415423519,28.19085156686366,27.8941523234672,28.02130889892578,127072400
2015-07-15 00:00:00-04:00,28.045849102017986,28.364856200215463,28.014617780682237,28.29123878479004,134596800
2015-07-16 00:00:00-04:00,28.496465468239993,28.681625451984694,28.409463712129085,28.668237686157227,144889600
2015-07-17 00:00:00-04:00,28.795406056016574,28.915868759155273,28.623632075726423,28.915868759155273,184658800
2015-07-20 00:00:00-04:00,29.217030021870166,29.663193719656736,29.156796969560496,29.462421417236328,235600800
2015-07-21 00:00:00-04:00,29.63642676355207,29.652040723851933,29.072029924337144,29.167953491210938,307025600
2015-07-22 00:00:00-04:00,27.21374832042403,27.996765915409135,27.21374832042403,27.934303283691406,461802400
2015-07-23 00:00:00-04:00,28.15292299685926,28.35146566635156,27.898609876341503,27.92091941833496,203998000
2015-07-24 00:00:00-04:00,27.95661247216972,28.050306424266896,27.639836709186422,27.773685455322266,168649200
2015-07-27 00:00:00-04:00,27.459140555013633,27.575144055147923,27.24275261810859,27.387754440307617,177822000
2015-07-28 00:00:00-04:00,27.523836135864258,27.642070937846118,27.338679506679952,27.523836135864258,134472400
2015-07-29 00:00:00-04:00,27.47252633594996,27.55060463216349,27.276213246065424,27.436832427978516,148046800
2015-07-30 00:00:00-04:00,27.287373897125367,27.343144363862624,27.151293822128096,27.29852867126465,134513200
2015-07-31 00:00:00-04:00,27.34982739127645,27.358750867204524,26.972820319694556,27.05982208251953,171540000
2015-08-03 00:00:00-04:00,27.104439944865323,27.34313741374917,26.216573591216193,26.421810150146484,279904000
2015-08-04 00:00:00-04:00,26.19426574712073,26.25672838166463,25.264015006993834,25.574098587036133,496554400
2015-08-05 00:00:00-04:00,25.19708945065277,26.19872799073188,25.007470254866853,25.743640899658203,397250400
2015-08-06 00:00:00-04:00,25.987901363976874,26.10666963037693,25.573332274014806,25.799663543701172,211612000
2015-08-07 00:00:00-04:00,25.676417121630855,26.05064970055352,25.658489382480674,25.887062072753906,154681600
2015-08-10 00:00:00-04:00,26.113390594310268,26.888747227754624,26.113390594310268,26.828243255615234,219806400
2015-08-11 00:00:00-04:00,26.400235228019607,26.483149749258953,25.396305650916187,25.432159423828125,388331200
2015-08-12 00:00:00-04:00,25.21702239424032,25.86464685099552,24.567156543225366,25.824310302734375,404870000
2015-08-13 00:00:00-04:00,26.00358526058621,26.08425836030425,25.66744791498869,25.80414390563965,194143200
2015-08-14 00:00:00-04:00,25.61814672166465,26.064088441275725,25.54867888610996,25.98565673828125,171718000
2015-08-17 00:00:00-04:00,26.003586825355924,26.364374401449012,25.88257716849709,26.25457000732422,163538800
2015-08-18 00:00:00-04:00,26.0909821304365,26.317315099765885,25.996864079315262,26.10666847229004,138242800
2015-08-19 00:00:00-04:00,26.01703275037082,26.111150806013878,25.698823109092043,25.77277374267578,193146000
2015-08-20 00:00:00-04:00,25.564366569513382,25.62487054080635,25.015341200347923,25.243915557861328,274006400
2015-08-21 00:00:00-04:00,24.746429679000364,25.075844527643355,23.675272354625772,23.699922561645508,513102000
2015-08-24 00:00:00-04:00,21.259577313205806,24.38117433952754,20.616433605883927,23.108333587646484,648825200
2015-08-25 00:00:00-04:00,24.898820765395907,24.898820765395907,23.19348335039418,23.247264862060547,414406400
2015-08-26 00:00:00-04:00,23.99796883503398,24.62542600444196,23.540823471522817,24.580608367919922,387098400
2015-08-27 00:00:00-04:00,25.149802236992745,25.37613353297059,24.654558272511903,25.304424285888672,338464400
2015-08-28 00:00:00-04:00,25.13635164326541,25.391815902863165,24.99517456601919,25.3873348236084,212657600
2015-08-31 00:00:00-04:00,25.104982321810155,25.665211336256274,25.098259847186128,25.268569946289062,224917200
2015-09-01 00:00:00-04:00,24.68368944719395,25.07136694780219,24.058473694109427,24.13914680480957,307383600
2015-09-02 00:00:00-04:00,24.701616338576237,25.174448013305664,24.455114225615663,25.174448013305664,247555200
2015-09-03 00:00:00-04:00,25.208063358035563,25.273050126560126,24.65903962729395,24.732990264892578,212935600
2015-09-04 00:00:00-04:00,24.419254279749516,24.7509087864841,24.316172381187002,24.486480712890625,199985200
2015-09-08 00:00:00-04:00,25.042233872637542,25.223747503944658,24.721782847311772,25.167724609375,219374400
2015-09-09 00:00:00-04:00,25.492653989018752,25.55091655826411,24.59852751625631,24.683683395385742,340043200
2015-09-10 00:00:00-04:00,24.71057708457534,25.385093200258346,24.627664296486913,25.225988388061523,251571200
2015-09-11 00:00:00-04:00,25.051198903061266,25.5935001373291,25.04447642895034,25.5935001373291,199662000
2015-09-14 00:00:00-04:00,26.124597423327597,26.19406526766862,25.73915962308104,25.84000015258789,233453600
2015-09-15 00:00:00-04:00,25.978937519358556,26.113392128431876,25.64055874727226,26.057369232177734,173364800
2015-09-16 00:00:00-04:00,26.050648505887892,26.11563527506457,25.8691348569455,26.086503982543945,148694000
2015-09-17 00:00:00-04:00,25.918433543611794,26.104428259816004,25.483695321581934,25.528512954711914,256450400
2015-09-18 00:00:00-04:00,25.14531230866613,25.61366453139606,25.06912200325826,25.423185348510742,297141200
2015-09-21 00:00:00-04:00,25.47248947531461,25.853446186930608,25.470249790487564,25.817590713500977,200888000
2015-09-22 00:00:00-04:00,25.407502608336912,25.58677655538758,25.21478371364652,25.411985397338867,201384800
2015-09-23 00:00:00-04:00,25.46352127808027,25.707781947666117,25.38957236864858,25.618144989013672,143026800
2015-09-24 00:00:00-04:00,25.378379842509396,25.882586064546008,25.181179802265632,25.770540237426758,200878000
2015-09-25 00:00:00-04:00,26.09322655456149,26.149249454783625,25.550923581051936,25.705547332763672,224607600
2015-09-28 00:00:00-04:00,25.512831480569837,25.67417772611923,25.196863174438477,25.196863174438477,208436000
2015-09-29 00:00:00-04:00,25.28425853021479,25.436640904030874,24.170522877281794,24.43943214416504,293461600
2015-09-30 00:00:00-04:00,24.688165512159813,24.99517154939205,24.365474844587325,24.71729850769043,265892000
2015-10-01 00:00:00-04:00,24.441670600148974,24.564921663298826,24.047268907752663,24.555957794189453,255716400
2015-10-02 00:00:00-04:00,24.204131643026145,24.876406372152566,24.101049723055393,24.735227584838867,232079200
2015-10-05 00:00:00-04:00,24.62318446599663,24.957082181965,24.441670816553575,24.824867248535156,208258800
2015-10-06 00:00:00-04:00,24.791255476857412,25.03999731355526,24.598536545547667,24.94363784790039,192787200
2015-10-07 00:00:00-04:00,25.03999498001517,25.046717454485915,24.517862849816233,24.824867248535156,187062400
2015-10-08 00:00:00-04:00,24.692652458794942,24.692652458794942,24.24895036534952,24.538028717041016,247918400
2015-10-09 00:00:00-04:00,24.65007587545633,25.161004447325563,24.535788681322458,25.125150680541992,211064400
2015-10-12 00:00:00-04:00,25.261841954546423,25.266323033422697,24.972763641064162,25.008617401123047,121868800
2015-10-13 00:00:00-04:00,24.833831735097373,25.199100437782125,24.802459046998475,25.05120086669922,132197200
2015-10-14 00:00:00-04:00,24.939157198421825,24.990697314846262,24.55147793418035,24.6971378326416,177849600
2015-10-15 00:00:00-04:00,24.858479750742337,25.12066649653806,24.759878905615825,25.066884994506836,150694000
2015-10-16 00:00:00-04:00,25.04896024962485,25.09826067807755,24.76884573312845,24.883132934570312,156930400
2015-10-19 00:00:00-04:00,24.82935070359038,25.042237046059405,24.674726947885187,25.037755966186523,119036800
2015-10-20 00:00:00-04:00,24.95035711109605,25.58453672877438,24.83383023515019,25.49489974975586,195871200
2015-10-21 00:00:00-04:00,25.546443938336843,25.90050909798165,25.479215770415255,25.49266242980957,167180800
2015-10-22 00:00:00-04:00,25.620394929783124,25.88258171081543,25.56885310571736,25.88258171081543,166616400
2015-10-23 00:00:00-04:00,26.151483101357233,26.718436156827863,26.068570322370572,26.68482208251953,237467600
2015-10-26 00:00:00-04:00,26.46073580242905,26.47193935630753,25.752605545474786,25.83327865600586,265335200
2015-10-27 00:00:00-04:00,25.860172429236382,26.11563673075913,25.544202434904744,25.669694900512695,279537600
2015-10-28 00:00:00-04:00,26.203035741676793,26.734133548180537,26.008075397842457,26.72740936279297,342205600
2015-10-29 00:00:00-04:00,26.599666235102223,27.045609649466968,26.503306800454087,27.009754180908203,204909200
2015-10-30 00:00:00-04:00,27.112836131292795,27.16437794000668,26.767734939442647,26.778940200805664,197461200
2015-11-02 00:00:00-05:00,27.070264209002307,27.195754949768546,26.803594675190933,27.155418395996094,128813200
2015-11-03 00:00:00-05:00,27.06802472448119,27.67307136407972,27.04785559133018,27.466907501220703,182076000
2015-11-04 00:00:00-05:00,27.592395229520825,27.747018964575663,27.254018179602827,27.33917236328125,179544400
2015-11-05 00:00:00-05:00,27.422447396318912,27.611491014653208,27.046612866049482,27.213150024414062,158210800
2015-11-06 00:00:00-05:00,27.255906930401487,27.4134418290614,27.145632501339545,27.244653701782227,132169200
2015-11-09 00:00:00-05:00,27.22214237878253,27.413435200040848,27.01734706004752,27.13437271118164,135485600
2015-11-10 00:00:00-05:00,26.308442047852964,26.57175110364436,26.119398460129865,26.279184341430664,236511600
2015-11-11 00:00:00-05:00,26.189159434503082,26.425461719222053,25.92809971005032,26.130645751953125,180872000
2015-11-12 00:00:00-05:00,26.164404827590033,26.29043271814813,26.02712371094586,26.042877197265625,130102400
2015-11-13 00:00:00-05:00,25.925852951063824,26.009122369930957,25.266454000795722,25.282207489013672,183249600
2015-11-16 00:00:00-05:00,25.066163159214113,25.709808730253343,24.980644453978773,25.696306228637695,152426800
2015-11-17 00:00:00-05:00,25.862844464193056,25.8921021749252,25.50276343096587,25.58603286743164,110467600
2015-11-18 00:00:00-05:00,26.05187848720456,26.4412153708044,25.993364804287395,26.39620590209961,186698800
2015-11-19 00:00:00-05:00,26.47497150451801,26.949828749701645,26.276927452076905,26.731529235839844,173183200
2015-11-20 00:00:00-05:00,26.82605388031609,26.988090726247066,26.747286446044445,26.848560333251953,137148400
2015-11-23 00:00:00-05:00,26.841811380090192,26.945336271468783,26.40746321531177,26.49973487854004,129930000
2015-11-24 00:00:00-05:00,26.4052139204153,26.85981583506874,26.35795345282768,26.75404167175293,171212800
2015-11-25 00:00:00-05:00,26.828304138222336,26.832806115487394,26.537988416670917,26.562744140625,85553200
2015-11-27 00:00:00-05:00,26.621260235284563,26.648266950315282,26.465974628610375,26.513235092163086,52185600
2015-11-30 00:00:00-05:00,26.55373964036713,26.873313035905824,26.499727936797658,26.623506546020508,156721200
2015-12-01 00:00:00-05:00,26.72479135305567,26.73829385608818,26.299445337512452,26.407468795776367,139409600
2015-12-02 00:00:00-05:00,26.407458543145545,26.58074861079225,26.123895787543884,26.16890525817871,133546400
2015-12-03 00:00:00-05:00,26.229667920185882,26.28367962420474,25.70529921420782,25.92584800720215,166278000
2015-12-04 00:00:00-05:00,25.946106522740475,26.837307470435537,25.905597310708824,26.787796020507812,231108000
2015-12-07 00:00:00-05:00,26.776549449375835,26.97459356861134,26.513238664106158,26.6190128326416,128336800
2015-12-08 00:00:00-05:00,26.447966193232194,26.69102144112433,26.299433575298877,26.60775375366211,137238000
2015-12-09 00:00:00-05:00,26.474974221157428,26.486227447212645,25.898844760755892,26.02037239074707,185445600
2015-12-10 00:00:00-05:00,26.114891890571336,26.31743792955996,25.995615255667236,26.144147872924805,116850800
2015-12-11 00:00:00-05:00,25.92360313918105,25.968612614008652,25.39698335529081,25.471250534057617,187544800
2015-12-14 00:00:00-05:00,25.24619715137277,25.358722543968117,24.708325912127094,25.31371307373047,257274800
2015-12-15 00:00:00-05:00,25.192190440855068,25.38573429187087,24.83435872858108,24.86586570739746,213292400
2015-12-16 00:00:00-05:00,24.99639455045869,25.203440893124053,24.48552994368631,25.057157516479492,224954000
2015-12-17 00:00:00-05:00,25.2101921054981,25.261954549588157,24.526039123535156,24.526039123535156,179091200
2015-12-18 00:00:00-05:00,24.51028230604477,24.647561707984263,23.81262348506665,23.86213493347168,385813200
2015-12-21 00:00:00-05:00,24.143451819748623,24.163707286494162,23.758615121598442,24.154705047607422,190362400
2015-12-22 00:00:00-05:00,24.170464199616287,24.242480410582292,23.95666483921584,24.132205963134766,131157600
2015-12-23 00:00:00-05:00,24.141206660296216,24.49678745567982,24.12545316769071,24.44277572631836,130629600
2015-12-24 00:00:00-05:00,24.53054017780593,24.53054017780593,24.294236122320022,24.312240600585938,54281600
2015-12-28 00:00:00-05:00,24.213216811568333,24.235723267087668,23.895896049363305,24.039928436279297,106816800
2015-12-29 00:00:00-05:00,24.07143286917491,24.627308608515364,24.04892813303589,24.472023010253906,123724800
2015-12-30 00:00:00-05:00,24.436015035892215,24.463020031640784,24.1209435884826,24.152450561523438,100855200
2015-12-31 00:00:00-05:00,24.082687408895573,24.087187669568237,23.58982559067075,23.6888484954834,163649200
2016-01-04 00:00:00-05:00,23.092462030579718,23.7136027006519,22.955180909349973,23.7091007232666,270597600
2016-01-05 00:00:00-05:00,23.79912787221154,23.821632614269546,23.047458842063293,23.114973068237305,223164000
2016-01-06 00:00:00-05:00,22.631107847818445,23.038450962466055,22.475823963727517,22.662614822387695,273829600
2016-01-07 00:00:00-05:00,22.20801021652656,22.534333148639544,21.70164598028158,21.706146240234375,324377600
2016-01-08 00:00:00-05:00,22.178756413862704,22.304784308939336,21.775915286955563,21.820924758911133,283192000
2016-01-11 00:00:00-05:00,22.27328402156996,22.293537774929717,21.90645001870411,22.17426109313965,198957600
2016-01-12 00:00:00-05:00,22.628859360355968,22.660366336017216,22.244020968919553,22.496078491210938,196616800
2016-01-13 00:00:00-05:00,22.577098802915323,22.772893639718973,21.897446063656986,21.917699813842773,249758400
2016-01-14 00:00:00-05:00,22.045974099182413,22.61310302363857,21.54636109520953,22.397052764892578,252680400
2016-01-15 00:00:00-05:00,21.649888835039064,21.989716064011326,21.460846964830314,21.85918617248535,319335600
2016-01-19 00:00:00-05:00,22.147251166520476,22.201262880477753,21.492352481407988,21.7534122467041,212350800
2016-01-20 00:00:00-05:00,21.40233263225508,22.09774055868971,21.024247186087106,21.782669067382812,289337600
2016-01-21 00:00:00-05:00,21.843431179047542,22.02797277549586,21.366324558328266,21.672393798828125,208646000
2016-01-22 00:00:00-05:00,22.196759780258493,22.83365395617753,22.138247808514276,22.82465171813965,263202000
2016-01-25 00:00:00-05:00,22.847165285121246,22.849416274751054,22.327298285765682,22.379060745239258,207178000
2016-01-26 00:00:00-05:00,22.48932800591499,22.703125593310077,22.07073335276125,22.502830505371094,300308000
2016-01-27 00:00:00-05:00,21.61387995495452,21.746659108426698,21.006241738976197,21.024246215820312,533478800
2016-01-28 00:00:00-05:00,21.107517443534352,21.271803587071275,20.792445939749225,21.175031661987305,222715200
2016-01-29 00:00:00-05:00,21.33256788400009,21.90644645690918,21.233544971670028,21.90644645690918,257666000
2016-02-01 00:00:00-05:00,21.710652858337983,21.764664574323376,21.46984854985964,21.701650619506836,163774000
2016-02-02 00:00:00-05:00,21.47433909459163,21.61387115784013,21.21778141349009,21.262792587280273,149428800
2016-02-03 00:00:00-05:00,21.37982699763643,21.79391966479839,21.172780664055452,21.683645248413086,183857200
2016-02-04 00:00:00-05:00,21.690425556231386,22.02304554206714,21.538823789970284,21.857866287231445,185886800
2016-02-05 00:00:00-05:00,21.839771695058854,21.930280836238957,21.19942327595188,21.274091720581055,185672400
2016-02-08 00:00:00-05:00,21.072709743355976,21.654228686840714,21.052346092950472,21.49810218811035,216085600
2016-02-09 00:00:00-05:00,21.335193919007782,21.708543183823497,21.25373583481821,21.49358367919922,177324800
2016-02-10 00:00:00-05:00,21.70400705661494,21.8013040732542,21.292192138208378,21.330657958984375,169374400
2016-02-11 00:00:00-05:00,21.222054147101463,21.432487206495896,20.95052667215973,21.201688766479492,200298800
2016-02-12 00:00:00-05:00,21.312560811165437,21.38270458064832,21.045559774862276,21.267305374145508,161405600
2016-02-16 00:00:00-05:00,21.50035930142369,21.914437372145343,21.40758870231874,21.866920471191406,196231600
2016-02-17 00:00:00-05:00,21.873711619396975,22.22217067140794,21.756050950844866,22.201807022094727,179452800
2016-02-18 00:00:00-05:00,22.364727274129432,22.376041566489526,21.742479173334242,21.780946731567383,156084000
2016-02-19 00:00:00-05:00,21.72211193777007,21.894079140646554,21.676858228427058,21.731163024902344,141496800
2016-02-22 00:00:00-05:00,21.79225724382647,21.925758630555652,21.704011295953993,21.921232223510742,137123200
2016-02-23 00:00:00-05:00,21.812626142849286,21.835253002769754,21.394023192205015,21.425701141357422,127770400
2016-02-24 00:00:00-05:00,21.26504584763537,21.808097331140345,21.115705481248508,21.744741439819336,145022800
2016-02-25 00:00:00-05:00,21.733422508789467,21.894075393676758,21.55240424976032,21.894075393676758,110330800
2016-02-26 00:00:00-05:00,21.993635925463597,22.179178881360585,21.853348401686738,21.92801856994629,115964400
2016-02-29 00:00:00-05:00,21.916704500929125,22.226697740378793,21.86918759146339,21.878238677978516,140865200
2016-03-01 00:00:00-05:00,22.095462837185025,22.801430426399506,22.04341951361982,22.74712562561035,201628400
2016-03-02 00:00:00-05:00,22.742602620137337,22.828585371580473,22.545745329087584,22.796907424926758,132678400
2016-03-03 00:00:00-05:00,22.758440111431735,23.014126871720247,22.72902364408416,22.966609954833984,147822800
2016-03-04 00:00:00-05:00,23.16346509661175,23.475719832914706,22.93719309822221,23.308279037475586,184220400
2016-03-07 00:00:00-05:00,23.16799180560761,23.267552046038453,22.844422750525865,23.050331115722656,143315600
2016-03-08 00:00:00-05:00,22.803692009453894,23.02543933025596,22.717709270454677,22.860260009765625,126247600
2016-03-09 00:00:00-05:00,22.923613365367988,22.98470776570407,22.68829030286975,22.88062286376953,108806800
2016-03-10 00:00:00-05:00,22.946241865583367,23.134046293258795,22.661138693065695,22.891935348510742,134054400
2016-03-11 00:00:00-05:00,23.134048193599433,23.143099280521703,22.966607401333224,23.138574600219727,109632800
2016-03-14 00:00:00-04:00,23.059376736586106,23.28564870114261,23.02996027635018,23.19740104675293,100304400
2016-03-15 00:00:00-04:00,23.52323347933923,23.799285555257,23.498343424866768,23.663522720336914,160270800
2016-03-16 00:00:00-04:00,23.6703163295999,24.054978075986174,23.665789922427244,23.978046417236328,153214000
2016-03-17 00:00:00-04:00,23.87622139799819,24.091180840249617,23.749509626611857,23.939579010009766,137682800
2016-03-18 00:00:00-04:00,24.06176202972802,24.097966375920844,23.80155062831962,23.96672821044922,176820800
2016-03-21 00:00:00-04:00,23.968990774965118,24.3581788545761,23.790235704617366,23.964466094970703,142010800
2016-03-22 00:00:00-04:00,23.81513258163924,24.276727757600753,23.806081492739757,24.14775276184082,129777600
2016-03-23 00:00:00-04:00,24.09343873823675,24.226938364219116,23.962200588875145,24.01424217224121,102814000
2016-03-24 00:00:00-04:00,23.864904454818873,24.04139631153027,23.733666300637235,23.910158157348633,104532000
2016-03-28 00:00:00-04:00,23.984825817133594,24.02781803847283,23.772129639541056,23.801546096801758,77645600
2016-03-29 00:00:00-04:00,23.733666444707314,24.38985549328066,23.73140324167166,24.364965438842773,124760400
2016-03-30 00:00:00-04:00,24.584456660015388,24.984957397693467,24.57314236787048,24.790363311767578,182404400
2016-03-31 00:00:00-04:00,24.826563900665512,24.867292929364638,24.63649452463016,24.66138458251953,103553600
2016-04-01 00:00:00-04:00,24.613866362261415,24.88991846140795,24.48262819605761,24.88765525817871,103496000
2016-04-04 00:00:00-04:00,24.984947759768183,25.385450069271393,24.951006622744835,25.143339157104492,149424800
2016-04-05 00:00:00-04:00,24.779047078954108,25.055099193778993,24.758681701370815,24.846927642822266,106314800
2016-04-06 00:00:00-04:00,24.94196389766093,25.111667901594167,24.70890228215183,25.107141494750977,105616400
2016-04-07 00:00:00-04:00,24.87860723229722,24.984955355017746,24.46453075895347,24.5595645904541,127207600
2016-04-08 00:00:00-04:00,24.64328560848277,24.837877950218115,24.475843076973312,24.58671760559082,94326800
2016-04-11 00:00:00-04:00,24.656862178497185,25.02794815142914,24.625184233953128,24.668174743652344,117630000
2016-04-12 00:00:00-04:00,24.7405860489192,25.00306246542456,24.586722706398024,24.989486694335938,108929200
2016-04-13 00:00:00-04:00,25.070938022651205,25.419395379767877,25.070938022651205,25.35151481628418,133029200
2016-04-14 00:00:00-04:00,25.256479829400487,25.430708499941424,25.19086074596297,25.365089416503906,101895600
2016-04-15 00:00:00-04:00,25.367355144707314,25.410347378970744,24.828828383114317,24.855979919433594,187756000
2016-04-18 00:00:00-04:00,24.638758124557654,24.652333892236424,24.197528411813874,24.31971549987793,243286000
2016-04-19 00:00:00-04:00,24.410224902021245,24.437378165902466,24.036877449985877,24.19074249267578,129539600
2016-04-20 00:00:00-04:00,24.12964767271117,24.45774140571795,23.998409488981064,24.240520477294922,122444000
2016-04-21 00:00:00-04:00,24.19526735092348,24.19526735092348,23.876222971673943,23.978046417236328,126210000
2016-04-22 00:00:00-04:00,23.76081658204116,24.093436605562257,23.67257066473775,23.912418365478516,134732400
2016-04-25 00:00:00-04:00,23.758562557621605,23.90563971871821,23.64768974905523,23.77666473388672,112126400
2016-04-26 00:00:00-04:00,23.511924115124508,23.82644205389541,23.511924115124508,23.611482620239258,224064800
2016-04-27 00:00:00-04:00,21.722111431433373,22.33530832822501,21.649704462381326,22.133926391601562,458408400
2016-04-28 00:00:00-04:00,22.086406541695986,22.147499212389253,21.326132604634854,21.45737075805664,328970800
2016-04-29 00:00:00-04:00,21.26730905441592,21.43248840706545,20.932427394109794,21.21074104309082,274126000
2016-05-02 00:00:00-04:00,21.262784355463488,21.287674418531395,20.907537313689094,21.188114166259766,192640400
2016-05-03 00:00:00-04:00,21.31482038221623,21.66327944767617,21.19715970912294,21.53656768798828,227325200
2016-05-04 00:00:00-04:00,21.541092593013676,21.69948402059538,21.22883787067222,21.312559127807617,164102000
2016-05-05 00:00:00-04:00,21.39906938404257,21.415004791770283,21.098571883441945,21.226055145263672,143562000
2016-05-06 00:00:00-04:00,21.2556462495966,21.27385689972502,20.909617844724483,21.10767364501953,174799600
2016-05-09 00:00:00-04:00,21.171417668769827,21.346707136876383,21.07808047762743,21.123611450195312,131745600
2016-05-10 00:00:00-04:00,21.24654308032093,21.301178512140535,20.968810218591916,21.267030715942383,134747200
2016-05-11 00:00:00-04:00,21.280692133636997,21.30117977046872,21.048488495235805,21.059871673583984,114876400
2016-05-12 00:00:00-04:00,21.107677609384716,21.121336033753508,20.367816184370167,20.56587028503418,305258800
2016-05-13 00:00:00-04:00,20.488461214616173,20.86863557809302,20.488461214616173,20.60683822631836,177571200
2016-05-16 00:00:00-04:00,21.032550487061453,21.487849775426163,20.864090236678617,21.371747970581055,245039200
2016-05-17 00:00:00-04:00,21.52427643879756,21.558422498954688,21.173695747608512,21.28296661376953,187667600
2016-05-18 00:00:00-04:00,21.435493721946084,21.67452483291446,21.3740273385334,21.526552200317383,168249600
2016-05-19 00:00:00-04:00,21.544757901520605,21.544757901520605,21.301172900164293,21.444591522216797,121768400
2016-05-20 00:00:00-04:00,21.544762561407413,21.724605991860695,21.51744397837169,21.676799774169922,128104000
2016-05-23 00:00:00-04:00,21.824764419030206,22.125261775318823,21.779233463938994,21.952247619628906,152074400
2016-05-24 00:00:00-04:00,22.132097745705188,22.330151816165124,22.045589773017973,22.28689956665039,140560800
2016-05-25 00:00:00-04:00,22.462187175661384,22.705772195110654,22.334703946589983,22.678455352783203,152675200
2016-05-26 00:00:00-04:00,22.69211994844838,22.93115280482657,22.455364075159952,22.858304977416992,225324800
2016-05-27 00:00:00-04:00,22.637480465236077,22.871959313517372,22.59422647840904,22.844640731811523,145364800
2016-05-31 00:00:00-04:00,22.67390006405315,22.856020440804034,22.49633365197679,22.733089447021484,169228800
2016-06-01 00:00:00-04:00,22.541868093041938,22.660246886366746,22.38479101200226,22.414384841918945,116693200
2016-06-02 00:00:00-04:00,22.218605412811385,22.273240842302986,21.99778497521207,22.24592399597168,160766400
2016-06-03 00:00:00-04:00,22.261860484611056,22.371131348908463,22.184458696973742,22.291454315185547,114019600
2016-06-06 00:00:00-04:00,22.30738551484315,23.19521936975564,22.207220864266038,22.453081130981445,93170000
2016-06-07 00:00:00-04:00,22.594223052512856,22.735366431348574,22.5282044593556,22.544139862060547,89638000
2016-06-08 00:00:00-04:00,22.541867497036687,22.6647985160103,22.464467449995333,22.523656845092773,83392400
2016-06-09 00:00:00-04:00,22.42349003642433,22.762687521221583,22.41438384220326,22.685287475585938,106405600
2016-06-10 00:00:00-04:00,22.430319675347505,22.61699231836452,22.418938234975986,22.498615264892578,126851600
2016-06-13 00:00:00-04:00,22.46674268329849,22.56463209429389,22.104778866146614,22.159414291381836,152082000
2016-06-14 00:00:00-04:00,22.15486243585689,22.41893684645813,22.025102213221146,22.18673324584961,127727600
2016-06-15 00:00:00-04:00,22.268691545512738,22.403005759365648,22.08884809056043,22.113889694213867,117780800
2016-06-16 00:00:00-04:00,21.956804117871677,22.252749304634087,21.870297891613266,22.20722007751465,125307200
2016-06-17 00:00:00-04:00,21.995507675465443,22.00233688641061,21.695010236076318,21.701839447021484,244032800
2016-06-20 00:00:00-04:00,21.85436392148318,21.984124137793835,21.63354350813392,21.649478912353516,137647600
2016-06-21 00:00:00-04:00,21.613055249179165,21.934040306821196,21.55386586229536,21.83387565612793,142185600
2016-06-22 00:00:00-04:00,21.911272809333813,22.056968406470375,21.706387833101612,21.75191879272461,116876400
2016-06-23 00:00:00-04:00,21.840709372594816,21.920386407821066,21.68363054827085,21.877132415771484,128960800
2016-06-24 00:00:00-04:00,21.150931928769744,21.549318856080156,21.091742527542884,21.262479782104492,301245600
2016-06-27 00:00:00-04:00,21.171418604830443,21.182801782682954,20.829944111204142,20.9528751373291,181958400
2016-06-28 00:00:00-04:00,21.148649948964444,21.32166414568785,20.975635752241036,21.305727005004883,161779600
2016-06-29 00:00:00-04:00,21.392236244676305,21.524273448369915,21.31483446647255,21.49012565612793,146124000
2016-06-30 00:00:00-04:00,21.49923674803749,21.802009508264273,21.46736593117151,21.763309478759766,143345600
2016-07-01 00:00:00-04:00,21.738268314030943,21.96136577343257,21.701845266945973,21.829328536987305,104106000
2016-07-05 00:00:00-04:00,21.71550710616748,21.717784089727385,21.503792792664985,21.624446868896484,110820800
2016-07-06 00:00:00-04:00,21.535651754635122,21.77696151102869,21.483293319400158,21.747365951538086,123796400
2016-07-07 00:00:00-04:00,21.786072515485913,21.968192944472257,21.767861862050584,21.840709686279297,100558400
2016-07-08 00:00:00-04:00,21.96591273121933,22.056972932321376,21.86574807315307,22.009166717529297,115648400
2016-07-11 00:00:00-04:00,22.025099162261355,22.22998415299696,22.020546934391074,22.07745933532715,95179600
2016-07-12 00:00:00-04:00,22.120713250890383,22.241367272101378,22.109331811940137,22.17762565612793,96670000
2016-07-13 00:00:00-04:00,22.17535258561507,22.234540242351116,22.045590621589493,22.05242156982422,103568800
2016-07-14 00:00:00-04:00,22.17080159908672,22.53504072991015,22.154866191389104,22.489511489868164,155676000
2016-07-15 00:00:00-04:00,22.519104930441348,22.605612916576966,22.423492485919063,22.487234115600586,120548000
2016-07-18 00:00:00-04:00,22.469015966282367,22.79455498028692,22.446251352492066,22.726261138916016,145975600
2016-07-19 00:00:00-04:00,22.664796163674534,22.764962554700436,22.614712968161584,22.735368728637695,95119600
2016-07-20 00:00:00-04:00,22.764971293983027,22.869689953515813,22.705781882306418,22.7558650970459,105104000
2016-07-21 00:00:00-04:00,22.72626835076937,22.992618063978416,22.566912530010583,22.635208129882812,130808000
2016-07-22 00:00:00-04:00,22.59649500816557,22.605601198661063,22.380226891761136,22.45990562438965,113254800
2016-07-25 00:00:00-04:00,22.366576289676537,22.500888738552472,22.063801863012984,22.159414291381836,161531600
2016-07-26 00:00:00-04:00,22.041039045479174,22.30283649036816,21.94997883810531,22.00689125061035,224959200
2016-07-27 00:00:00-04:00,23.737028539192586,23.755240928260108,23.391001831054744,23.43653106689453,369379200
2016-07-28 00:00:00-04:00,23.409214293402172,23.77800562061437,23.40693731055435,23.75296401977539,159479200
2016-07-29 00:00:00-04:00,23.71881546265295,23.800769468251264,23.602713665250537,23.72336769104004,110934800
2016-08-01 00:00:00-04:00,23.768895323111177,24.16500513669012,23.768895323111177,24.142240524291992,152671600
2016-08-02 00:00:00-04:00,24.142243754724728,24.14679598308204,23.675561322388425,23.784833908081055,135266400
2016-08-03 00:00:00-04:00,23.85995808599503,24.09443693605807,23.850851892023883,24.08305549621582,120810400
2016-08-04 00:00:00-04:00,24.16545435364713,24.261584742018446,24.09678879267462,24.231830596923828,109634800
2016-08-05 00:00:00-04:00,24.323382443715563,24.639241929922044,24.302783823087015,24.600332260131836,162213600
2016-08-08 00:00:00-04:00,24.609485258853,24.80403709411621,24.52708903271134,24.80403709411621,112148800
2016-08-09 00:00:00-04:00,24.77199056703533,24.934497174054055,24.721636062785517,24.904741287231445,105260800
2016-08-10 00:00:00-04:00,24.88185552870278,24.925343830947153,24.6644175099562,24.719348907470703,96034000
2016-08-11 00:00:00-04:00,24.83836914609631,24.932211964247323,24.685018036971154,24.70332908630371,109938000
2016-08-12 00:00:00-04:00,24.6689960458263,24.820059581873906,24.6689960458263,24.760549545288086,74641600
2016-08-15 00:00:00-04:00,24.75139387983984,25.07183025301336,24.73766146618195,25.05809783935547,103472800
2016-08-16 00:00:00-04:00,25.092426554334043,25.22975766317112,24.996296175138156,25.035205841064453,135177600
2016-08-17 00:00:00-04:00,24.97112198762436,25.032921343436463,24.797170508980045,24.99858856201172,101424000
2016-08-18 00:00:00-04:00,25.000877886414337,25.085563434881703,24.95281094466424,24.96654510498047,87938800
2016-08-19 00:00:00-04:00,24.895588314079816,25.10616187580563,24.801747248014788,25.030630111694336,101472400
2016-08-22 00:00:00-04:00,24.91619111937978,24.971122523094618,24.685018915482996,24.836082458496094,103280800
2016-08-23 00:00:00-04:00,24.854388436650385,25.021473689483713,24.840656024118577,24.913898468017578,85030800
2016-08-24 00:00:00-04:00,24.8498123178777,24.891011302987323,24.64610670990169,24.726215362548828,94700400
2016-08-25 00:00:00-04:00,24.579730732468377,24.691882847370994,24.417224107868105,24.620929718017578,100344800
2016-08-26 00:00:00-04:00,24.584309387410602,24.707904597919814,24.332536838720074,24.476734161376953,111065200
2016-08-29 00:00:00-04:00,24.40349627266993,24.59118018732707,24.327964493954276,24.44927215576172,99881200
2016-08-30 00:00:00-04:00,24.215807454424684,24.37602475904069,24.14714189745345,24.26158332824707,99455600
2016-08-31 00:00:00-04:00,24.183764239161054,24.3920467372776,24.179185603989712,24.28447151184082,118649600
2016-09-01 00:00:00-04:00,24.293627177292564,24.444690706547647,24.174608855710293,24.428668975830078,106806000
2016-09-02 00:00:00-04:00,24.650684766074676,24.719350326588074,24.44926846613325,24.65755271911621,107210000
2016-09-06 00:00:00-04:00,24.696465800132074,24.788019311384804,24.60720160687611,24.65068817138672,107521600
2016-09-07 00:00:00-04:00,24.68044442841715,24.893305603048898,24.506492929110838,24.8017520904541,169457200
2016-09-08 00:00:00-04:00,24.54768237069705,24.552259258738772,24.087627414943128,24.151714324951172,212008000
2016-09-09 00:00:00-04:00,23.95030225080275,24.197496157875143,23.60468864440918,23.60468864440918,186228000
2016-09-12 00:00:00-04:00,23.494822392574967,24.197492597182514,23.467355824862786,24.133405685424805,181171200
2016-09-13 00:00:00-04:00,24.60719754154775,24.900167332164877,24.54539818951082,24.707904815673828,248704800
2016-09-14 00:00:00-04:00,24.886433010076683,25.870628215800973,24.856677122030995,25.58223533630371,443554800
2016-09-15 00:00:00-04:00,26.06059691685577,26.488608400703036,25.975909648411054,26.45198631286621,359934400
2016-09-16 00:00:00-04:00,26.349000284353632,26.580170757884616,26.101806331307905,26.30322265625,319547600
2016-09-19 00:00:00-04:00,26.365016812905786,26.5916103520135,25.920983512266076,25.99651527404785,188092000
2016-09-20 00:00:00-04:00,25.875206237689383,26.12011081115645,25.75160929226149,25.994224548339844,138057200
2016-09-21 00:00:00-04:00,26.058316452331603,26.090359916955993,25.735592488260867,25.989652633666992,144012800
2016-09-22 00:00:00-04:00,26.1727606486588,26.30780247483782,26.092651978673636,26.234560012817383,124296000
2016-09-23 00:00:00-04:00,26.188777575064645,26.273464865638555,25.531884855537015,25.797388076782227,209924800
2016-09-26 00:00:00-04:00,25.552483716270608,25.953028742676437,25.53188509596385,25.8362979888916,119477600
2016-09-27 00:00:00-04:00,25.86376645996892,25.904965449843164,25.712702915017406,25.88436508178711,98429600
2016-09-28 00:00:00-04:00,26.021693266226208,26.23913128768944,25.96218323287002,26.081201553344727,118564400
2016-09-29 00:00:00-04:00,25.900386687102312,26.046871585785244,25.589105840841654,25.67608070373535,143548000
2016-09-30 00:00:00-04:00,25.74016420879201,25.94844843326282,25.58910244107431,25.875205993652344,145516400
2016-10-03 00:00:00-04:00,25.797388833340097,25.875209919491997,25.698969126471315,25.7539005279541,86807200
2016-10-04 00:00:00-04:00,25.877496222342135,26.163599804302354,25.77907652029831,25.8637638092041,118947200
2016-10-05 00:00:00-04:00,25.95531463912669,26.014824667009425,25.79280803081087,25.875205993652344,85812400
2016-10-06 00:00:00-04:00,26.023982245396795,26.170467146015195,25.8935190762136,26.06747055053711,115117200
2016-10-07 00:00:00-04:00,26.16360691663936,26.220827648586337,25.98050162215193,26.106386184692383,97433600
2016-10-10 00:00:00-04:00,26.326108295770283,26.72207644962108,26.257444478974328,26.561859130859375,144944000
2016-10-11 00:00:00-04:00,26.93951422421971,27.166109532262723,26.59618990489879,26.61907958984375,256164000
2016-10-12 00:00:00-04:00,26.85940029446563,27.003597597873863,26.722070942935716,26.85711097717285,150347200
2016-10-13 00:00:00-04:00,26.731236646389245,26.88001089480586,26.486331989914433,26.77472496032715,140769600
2016-10-14 00:00:00-04:00,26.9807131513981,27.0470893958653,26.809050992125677,26.923492431640625,142608800
2016-10-17 00:00:00-04:00,26.854831181866494,26.97156020403492,26.728944887875503,26.90518569946289,94499600
2016-10-18 00:00:00-04:00,27.049383724604194,27.05624993284904,26.882298423614554,26.886877059936523,98214000
2016-10-19 00:00:00-04:00,26.836516840135722,26.953247594229147,26.046871627343243,26.8067626953125,80138400
2016-10-20 00:00:00-04:00,26.747253906948913,26.866272238030678,26.625946258085435,26.79302978515625,96503200
2016-10-21 00:00:00-04:00,26.735809337104534,26.7586990226796,26.614501687003166,26.687744140625,92770800
2016-10-24 00:00:00-04:00,26.80218568949886,26.948670597321588,26.779297750071155,26.928071975708008,94154800
2016-10-25 00:00:00-04:00,26.996731708443775,27.090574516004875,26.85024682278932,27.065397262573242,192516000
2016-10-26 00:00:00-04:00,26.16359610977424,26.481743108289862,25.934713276526317,26.456565856933594,264536800
2016-10-27 00:00:00-04:00,26.410793330304532,26.518368554939595,26.11553422850968,26.202510833740234,138248000
2016-10-28 00:00:00-04:00,26.062887689086462,26.36958983377644,25.96675557626604,26.028554916381836,151446800
2016-10-31 00:00:00-04:00,26.012533436387134,26.145285894116228,25.909535117292197,25.987356185913086,105677600
2016-11-01 00:00:00-04:00,25.96904791551526,26.040001040121055,25.29842109609378,25.51814842224121,175303200
2016-11-02 00:00:00-04:00,25.497557667819258,25.714995743584726,25.45864799046975,25.541044235229492,113326800
2016-11-03 00:00:00-04:00,25.53183617062324,25.642263021474122,25.202853178991276,25.267269134521484,107730400
2016-11-04 00:00:00-04:00,24.968195213786938,25.36389526657879,24.871571272115432,25.039512634277344,123348000
2016-11-07 00:00:00-05:00,25.32478577413851,25.423710787131366,25.182149178250135,25.400705337524414,130240000
2016-11-08 00:00:00-05:00,25.377701755545395,25.702084433482014,25.2373662111449,25.55024528503418,97016800
2016-11-09 00:00:00-05:00,25.278771128467262,25.610055193362072,24.857766343733797,25.50882911682129,236705600
2016-11-10 00:00:00-05:00,25.557144983620535,25.557144983620535,24.34704104396992,24.797954559326172,228538000
2016-11-11 00:00:00-05:00,24.6438131098981,25.04641460202416,24.512680122670883,24.945188522338867,136575600
2016-11-14 00:00:00-05:00,24.779549254715324,24.802554705796396,23.94443926956893,24.319433212280273,204702000
2016-11-15 00:00:00-05:00,24.517276594066185,24.772641068697908,24.422953743683106,24.641508102416992,129058000
2016-11-16 00:00:00-05:00,24.547191721948405,25.35929806283131,24.5241862694052,25.3040828704834,235362000
2016-11-17 00:00:00-05:00,25.262675739110172,25.386907305735157,25.037219816689973,25.294883728027344,110528000
2016-11-18 00:00:00-05:00,25.241960120242243,25.430607580733323,25.228157204051158,25.320178985595703,113715600
2016-11-21 00:00:00-05:00,25.333990290230282,25.76419767272217,25.30868376711859,25.704383850097656,117058400
2016-11-22 00:00:00-05:00,25.754991073970764,25.863118609244935,25.628460233597092,25.720483779907227,103862000
2016-11-23 00:00:00-05:00,25.619258561644013,25.653767612066698,25.38229910671984,25.589351654052734,109705600
2016-11-25 00:00:00-05:00,25.566350086251393,25.736594304478434,25.524939567656112,25.718189239501953,45903600
2016-11-28 00:00:00-05:00,25.635360230695518,25.8746207353781,25.626157701068912,25.66756820678711,108776000
2016-11-29 00:00:00-05:00,25.485829595852017,25.77340214817063,25.322488596759477,25.642269134521484,114115200
2016-11-30 00:00:00-05:00,25.674473200356314,25.812507653355425,25.3684956301527,25.426010131835938,144649200
2016-12-01 00:00:00-05:00,25.391502843763547,25.52263583743851,25.083224201929145,25.189050674438477,148347600
2016-12-02 00:00:00-05:00,25.11542977784512,25.32708270259954,25.041811292921707,25.28337287902832,106112000
2016-12-05 00:00:00-05:00,25.306376896982407,25.313278355303645,24.903775446348597,25.101625442504883,137298000
2016-12-06 00:00:00-05:00,25.1913583001084,25.389208377858886,25.12004086110663,25.294883728027344,104782000
2016-12-07 00:00:00-05:00,25.136135021878374,25.58014698705001,25.113129575252483,25.543336868286133,119994800
2016-12-08 00:00:00-05:00,25.504231936550035,25.865422953478195,25.444416360599178,25.794105529785156,108273200
2016-12-09 00:00:00-05:00,25.837813885060886,26.38765237457673,25.837813885060886,26.21510887145996,137610400
2016-12-12 00:00:00-05:00,26.063269759954103,26.45666871015022,25.879222666845706,26.065570831298828,105497600
2016-12-13 00:00:00-05:00,26.18979988188101,26.668320906667244,26.16909550595621,26.50037956237793,174935200
2016-12-14 00:00:00-05:00,26.465870513966813,26.73273686092633,26.452067596683612,26.50037956237793,136127200
2016-12-15 00:00:00-05:00,26.544090997537463,26.85467069689595,26.509583702233826,26.64531707763672,186098000
2016-12-16 00:00:00-05:00,26.79485573729359,26.801757196511677,26.606208246118552,26.679826736450195,177404400
2016-12-19 00:00:00-05:00,26.640717421692816,27.00420773209918,26.629213819473506,26.833965301513672,111117600
2016-12-20 00:00:00-05:00,26.856972907756425,27.03181749535354,26.843169988147295,26.905284881591797,85700000
2016-12-21 00:00:00-05:00,26.870777761079413,27.008812223697966,26.86617561771019,26.930591583251953,95132800
2016-12-22 00:00:00-05:00,26.76725331477868,26.804063444655274,26.603912312659393,26.753450393676758,104343600
2016-12-23 00:00:00-05:00,26.592402427489088,26.80635643005371,26.592402427489088,26.80635643005371,56998000
2016-12-27 00:00:00-05:00,26.80635457374884,27.10083025720737,26.79945311530583,26.976598739624023,73187600
2016-12-28 00:00:00-05:00,27.03641507988799,27.151444078578333,26.732738593553627,26.861572265625,83623600
2016-12-29 00:00:00-05:00,26.79025566579623,26.942094801147437,26.778753817944512,26.854673385620117,60158000
2016-12-30 00:00:00-05:00,26.836265635931866,26.962796480852713,26.555594599440823,26.64531707763672,122345200
2017-01-03 00:00:00-05:00,26.640717233261352,26.762647693029223,26.401456701458834,26.721237182617188,115127600
2017-01-04 00:00:00-05:00,26.65221670589767,26.804055815616383,26.629211258874466,26.691326141357422,84472400
2017-01-05 00:00:00-05:00,26.668323926614956,26.884579016290644,26.64301740526128,26.827064514160156,88774400
2017-01-06 00:00:00-05:00,26.86617958904518,27.183660830721415,26.794862153110923,27.12614631652832,127007600
2017-01-09 00:00:00-05:00,27.13533137631441,27.47581787540329,27.133032060825197,27.374591827392578,134247600
2017-01-10 00:00:00-05:00,27.323987696089937,27.464323215522036,27.21586191121894,27.40220832824707,97848400
2017-01-11 00:00:00-05:00,27.31708513812776,27.590854706860362,27.284877160065474,27.5494441986084,110354400
2017-01-12 00:00:00-05:00,27.35389206680409,27.44591560275894,27.195151511162045,27.434412002563477,108344800
2017-01-13 00:00:00-05:00,27.40220857356334,27.51953864524781,27.33319047134818,27.386104583740234,104447600
2017-01-17 00:00:00-05:00,27.22506128906631,27.66217181460391,27.19745545400704,27.606958389282227,137759200
2017-01-18 00:00:00-05:00,27.60696110572876,27.721990110335962,27.540244072432184,27.604660034179688,94852000
2017-01-19 00:00:00-05:00,27.468925485392642,27.627664311475066,27.462024026241657,27.556346893310547,102389200
2017-01-20 00:00:00-05:00,27.710483781160775,27.710483781160775,27.544843505195725,27.606958389282227,130391600
2017-01-23 00:00:00-05:00,27.606955430689098,27.793301818181305,27.554041327157645,27.6253604888916,88200800
2017-01-24 00:00:00-05:00,27.503435567135732,27.629966418453563,27.49193196465079,27.600059509277344,92844000
2017-01-25 00:00:00-05:00,27.703582407104573,28.090079895944434,27.671374429301515,28.039466857910156,129510400
2017-01-26 00:00:00-05:00,27.991153703122777,28.16829932872382,27.97504971490478,28.05327033996582,105350400
2017-01-27 00:00:00-05:00,28.09928791224563,28.147599888382786,27.975056364234295,28.05557632446289,82251600
2017-01-30 00:00:00-05:00,27.82091277645912,27.981952667236328,27.7587978915031,27.981952667236328,121510000
2017-01-31 00:00:00-05:00,27.87152869592351,27.92674212772511,27.749598229560107,27.917539596557617,196804000
2017-02-01 00:00:00-05:00,29.22426459752385,30.02026674415808,29.21966421026375,29.619964599609375,447940000
2017-02-02 00:00:00-05:00,29.44282226256012,29.76720311498404,29.396809611547503,29.569353103637695,134841600
2017-02-03 00:00:00-05:00,29.518742867675616,29.721195040945894,29.48423557014394,29.69588851928711,98029200
2017-02-06 00:00:00-05:00,29.707390002003997,30.022568331657627,29.6544741356893,29.974254608154297,107383600
2017-02-07 00:00:00-05:00,30.03177610407307,30.388366781299386,30.011071722207557,30.25953483581543,152735200
2017-02-08 00:00:00-05:00,30.2181168864143,30.418266204420902,30.188208225873115,30.376853942871094,92016400
2017-02-09 00:00:00-05:00,30.41844179425914,30.603286818135548,30.295982715136457,30.596355438232422,113399600
2017-02-10 00:00:00-05:00,30.605600090348965,30.716505696098103,30.510866529409288,30.52703857421875,80262000
2017-02-13 00:00:00-05:00,30.748862679899332,30.919844998644407,30.672613950957338,30.797382354736328,92141600
2017-02-14 00:00:00-05:00,30.838974439440555,31.213283179637184,30.78814195304018,31.197111129760742,132904800
2017-02-15 00:00:00-05:00,31.312634618691856,31.485926200920584,31.10468260464162,31.310321807861328,142492400
2017-02-16 00:00:00-05:00,31.347287568405008,31.40042932640587,31.15551115186836,31.273351669311523,90338400
2017-02-17 00:00:00-05:00,31.215589613122148,31.38425908773884,31.215589613122148,31.358842849731445,88792800
2017-02-21 00:00:00-05:00,31.476681219848377,31.59683103435728,31.418917360553394,31.585277557373047,98028800
2017-02-22 00:00:00-05:00,31.52289790926898,31.682326756921896,31.448961987903893,31.680017471313477,83347600
2017-02-23 00:00:00-05:00,31.742394226428523,31.765497652688055,31.492853953694905,31.545995712280273,83152800
2017-02-24 00:00:00-05:00,31.40275246528928,31.5760440826416,31.257186378512696,31.5760440826416,87106400
2017-02-27 00:00:00-05:00,31.68694520954043,31.75626255171669,31.488237375635933,31.6384220123291,81029600
2017-02-28 00:00:00-05:00,31.673080673342007,31.756260774172254,31.58527847645834,31.652286529541016,93931600
2017-03-01 00:00:00-05:00,31.860239926216643,32.38242404064438,31.793235388439577,32.29924392700195,145658400
2017-03-02 00:00:00-05:00,32.34775608734624,32.41245131747088,32.06124612134738,32.107460021972656,104844000
2017-03-03 00:00:00-05:00,32.06587297087968,32.30848188263105,32.02197187415191,32.29692840576172,84432400
2017-03-06 00:00:00-05:00,32.20219428981536,32.29461857758971,32.02428414639865,32.19526290893555,87000000
2017-03-07 00:00:00-05:00,32.13055989999812,32.3431304220329,32.06817396154083,32.236846923828125,69785200
2017-03-08 00:00:00-05:00,32.105157184096726,32.30155574588277,32.0751223701116,32.1167106628418,74828800
2017-03-09 00:00:00-05:00,32.056632858903505,32.06818281034635,31.666148603102606,32.04276657104492,88623600
2017-03-10 00:00:00-05:00,32.17446790401329,32.199884141766816,32.03352395385757,32.149051666259766,78451200
2017-03-13 00:00:00-04:00,32.082043188092115,32.21605221540226,32.075111808252814,32.16291046142578,69686800
2017-03-14 00:00:00-04:00,32.18602176003566,32.26688904429549,32.07973471209646,32.11439514160156,61236400
2017-03-15 00:00:00-04:00,32.21143545714722,32.52104885946369,32.123633273411656,32.454044342041016,102767200
2017-03-16 00:00:00-04:00,32.51411063902475,32.5834279523582,32.40782362183013,32.507179260253906,76928000
2017-03-17 00:00:00-04:00,32.57882375766877,32.57882375766877,32.32235202535992,32.345458984375,175540000
2017-03-20 00:00:00-04:00,32.44018264011968,32.694345036519806,32.400903638062616,32.68510437011719,86168000
2017-03-21 00:00:00-04:00,32.83528783751306,32.99471665093121,32.2853747768826,32.310791015625,158119600
2017-03-22 00:00:00-04:00,32.31309859029822,32.71744553391698,32.292300925150975,32.67585372924805,103440800
2017-03-23 00:00:00-04:00,32.63888743408401,32.71282686095234,32.488702820993375,32.56032943725586,81385200
2017-03-24 00:00:00-04:00,32.694336123870464,32.74979068404772,32.428623848308206,32.495628356933594,89582400
2017-03-27 00:00:00-04:00,32.2068088304343,32.629640593044236,32.02889520312705,32.551082611083984,94300400
2017-03-28 00:00:00-04:00,32.55801904145993,33.28122008560219,32.49101099744345,33.22576904296875,133499200
2017-03-29 00:00:00-04:00,33.19804055798778,33.38519840692117,33.084825660277524,33.299705505371094,116760000
2017-03-30 00:00:00-04:00,33.31587117198989,33.38749776572642,33.15644241786673,33.255794525146484,84829200
2017-03-31 00:00:00-04:00,33.207294619261525,33.33437584126324,33.0432436734726,33.19343185424805,78646800
2017-04-03 00:00:00-04:00,33.20497241728746,33.2997024499063,33.052475010205114,33.202659606933594,79942800
2017-04-04 00:00:00-04:00,33.09868495318175,33.47761565559979,33.080200098719224,33.44989013671875,79565600
2017-04-05 00:00:00-04:00,33.322810259170346,33.60932022602162,33.228076698482546,33.2765998840332,110871600
2017-04-06 00:00:00-04:00,33.338994412516456,33.39213971257066,33.14490865107397,33.19343185424805,84596000
2017-04-07 00:00:00-04:00,33.20960307310597,33.31357733372976,33.1033195269134,33.11949157714844,66688800
2017-04-10 00:00:00-04:00,33.17956732609938,33.244262576475684,33.017825674531885,33.0802116394043,75733600
2017-04-11 00:00:00-04:00,33.02705868141359,33.121792239387545,32.361618016499676,32.7243766784668,121517600
2017-04-12 00:00:00-04:00,32.71744624106655,32.84452389130721,32.581120874796,32.76365661621094,81400000
2017-04-13 00:00:00-04:00,32.78907799558137,32.89767433330219,32.590370178222656,32.590370178222656,71291600
2017-04-17 00:00:00-04:00,32.689717120605906,32.782141396308624,32.548773185081686,32.77058792114258,66328400
2017-04-18 00:00:00-04:00,32.673546075114686,32.819108584656504,32.604228747624155,32.625022888183594,58790000
2017-04-19 00:00:00-04:00,32.782148358168236,32.80987388395424,32.45173723150411,32.504878997802734,69313600
2017-04-20 00:00:00-04:00,32.629653035873716,33.02244662108617,32.6157902720797,32.91154098510742,93278400
2017-04-21 00:00:00-04:00,32.91155914848568,32.96701023426434,32.775237195108396,32.87228012084961,69283600
2017-04-24 00:00:00-04:00,33.156449382600115,33.260423605852495,33.08250996345363,33.18879699707031,68537200
2017-04-25 00:00:00-04:00,33.25119026285557,33.47993289925257,33.241946070614006,33.39444351196289,75486000
2017-04-26 00:00:00-04:00,33.380583430294884,33.4106217690531,33.12873381869219,33.19804763793945,80164800
2017-04-27 00:00:00-04:00,33.253491851121325,33.30894641485601,33.11254791988466,33.223453521728516,56985200
2017-04-28 00:00:00-04:00,33.2927698231632,33.34129300564496,33.103306239396055,33.191104888916016,83441600
2017-05-01 00:00:00-04:00,33.52615333013811,34.01136774840602,33.493805702253574,33.86811447143555,134411600
2017-05-02 00:00:00-04:00,34.089916305108204,34.21699749566795,33.928178210589465,34.082984924316406,181408800
2017-05-03 00:00:00-04:00,33.63936354242312,34.07837103137064,33.334372168846535,33.9790153503418,182788000
2017-05-04 00:00:00-04:00,33.854239024494824,33.99749224780387,33.690188135200835,33.85654830932617,93487600
2017-05-05 00:00:00-04:00,33.90969357549422,34.42263691120523,33.90969357549422,34.41801834106445,109310800
2017-05-08 00:00:00-04:00,34.434186938092864,35.51321526304212,34.434186938092864,35.35378646850586,195009600
2017-05-09 00:00:00-04:00,35.55249022574761,35.785858416166704,35.45544738913163,35.58021926879883,156521600
2017-05-10 00:00:00-04:00,35.497060627723236,35.56868727474601,35.145855250524285,35.41156768798828,103222800
2017-05-11 00:00:00-04:00,35.369801601438134,35.745658910310475,35.337320455257014,35.71781539916992,109020400
2017-05-12 00:00:00-04:00,35.891814100515845,36.29087011398681,35.88485410936519,36.21662902832031,130108000
2017-05-15 00:00:00-04:00,36.19573970097141,36.344225388633426,35.973012939567404,36.123817443847656,104038800
2017-05-16 00:00:00-04:00,36.179509678419514,36.20734964530216,35.896458214516294,36.070465087890625,80194000
2017-05-17 00:00:00-04:00,35.63659927380828,35.86164838463973,34.73408401394015,34.85936737060547,203070800
2017-05-18 00:00:00-04:00,35.09602551609839,35.57628262123861,35.063544376331315,35.39067459106445,134272800
2017-05-19 00:00:00-04:00,35.58557812115582,35.7247815400976,35.411571192343565,35.51133346557617,107843200
2017-05-22 00:00:00-04:00,35.72940393022555,35.86396964257635,35.476514842959574,35.72708511352539,91865600
2017-05-23 00:00:00-04:00,35.93821421541674,35.93821421541674,35.5693205340456,35.683006286621094,79675600
2017-05-24 00:00:00-04:00,35.69229090430183,35.76885435745666,35.4208405923051,35.57628631591797,76712000
2017-05-25 00:00:00-04:00,35.666768125919795,35.81061621627435,35.50436241762813,35.699249267578125,76942400
2017-05-26 00:00:00-04:00,35.72941089114566,35.785094364401445,35.56932400319178,35.6389274597168,87710400
2017-05-30 00:00:00-04:00,35.59485261686273,35.829180644784344,35.573972637580326,35.652854919433594,80507600
2017-05-31 00:00:00-04:00,35.722459394582664,35.76886052990759,35.35356558950685,35.44172668457031,97804800
2017-06-01 00:00:00-04:00,35.53685049387354,35.573972817349585,35.31644245102639,35.53916931152344,65616400
2017-06-02 00:00:00-04:00,35.631959074729174,36.06581497192383,35.471872224484855,36.06581497192383,111082800
2017-06-05 00:00:00-04:00,35.80829370526987,35.83381485504756,35.60412804722725,35.71316909790039,101326800
2017-06-06 00:00:00-04:00,35.706203171247324,36.149341452740536,35.6783632089096,35.83380889892578,106499600
2017-06-07 00:00:00-04:00,35.96606301262677,36.18878983634843,35.84077607662668,36.047264099121094,84278400
2017-06-08 00:00:00-04:00,36.01942756161133,36.08670867055313,35.82221832958229,35.9591064453125,85003200
2017-06-09 00:00:00-04:00,36.00549447499846,36.00549447499846,33.87797135357596,34.56471633911133,259530800
2017-06-12 00:00:00-04:00,33.81301415713416,33.89421523399402,33.06362206785271,33.73876953125,289229200
2017-06-13 00:00:00-04:00,34.14246648535844,34.20974757944908,33.67612584014028,34.01021957397461,136661600
2017-06-14 00:00:00-04:00,34.22135989171264,34.22135989171264,33.37220529831581,33.67845916748047,126124800
2017-06-15 00:00:00-04:00,33.25155501532048,33.52068295447054,32.994024702203426,33.476600646972656,128661600
2017-06-16 00:00:00-04:00,33.358278590962286,33.52532547863764,32.99170367301799,33.0079460144043,201444400
2017-06-19 00:00:00-04:00,33.330438043573054,34.04502670838691,33.330438043573054,33.95222091674805,130165600
2017-06-20 00:00:00-04:00,34.07517568222191,34.07517568222191,33.62739981459031,33.643638610839844,99600400
2017-06-21 00:00:00-04:00,33.76196529026394,33.8895710035528,33.55083615920216,33.84316635131836,85063200
2017-06-22 00:00:00-04:00,33.81997198142515,34.03573877374179,33.66916392232728,33.78749084472656,76425200
2017-06-23 00:00:00-04:00,33.67149195713857,34.14247028877501,33.66685078249091,33.93830108642578,141757600
2017-06-26 00:00:00-04:00,34.14477984187781,34.40231009217581,33.729485098153745,33.83156967163086,102769600
2017-06-27 00:00:00-04:00,33.64365501437434,33.91046773590415,33.32116234692363,33.346683502197266,99047600
2017-06-28 00:00:00-04:00,33.52300142879953,33.89885509731291,33.21442885223566,33.833892822265625,88329600
2017-06-29 00:00:00-04:00,33.57405191917247,33.6714953555342,33.010267738576154,33.335079193115234,125997600
2017-06-30 00:00:00-04:00,33.51372174056437,33.63204867536002,33.35827603149477,33.41395950317383,92096400
2017-07-03 00:00:00-04:00,33.61349352621814,33.71093696393949,33.200517439607935,33.29331970214844,57111200
2017-07-05 00:00:00-04:00,33.33739642246375,33.59260437172023,33.11234725637412,33.430198669433594,86278400
2017-07-06 00:00:00-04:00,33.181946800684734,33.29331019195842,33.040421089620494,33.114662170410156,96515200
2017-07-07 00:00:00-04:00,33.15409752635443,33.58331575868507,33.15409752635443,33.45106887817383,76806800
2017-07-10 00:00:00-04:00,33.43483496042663,33.86173089842264,33.263146934412056,33.655242919921875,84362400
2017-07-11 00:00:00-04:00,33.578689423403425,33.83854212620255,33.497488330174406,33.76429748535156,79127200
2017-07-12 00:00:00-04:00,33.84318522077674,33.915107515591714,33.599578361611165,33.813026428222656,99538000
2017-07-13 00:00:00-04:00,33.757308473909454,34.45101663728693,33.743388500760794,34.28396987915039,100797600
2017-07-14 00:00:00-04:00,34.33039962475415,34.64593226014043,34.18191388693586,34.57864761352539,80528400
2017-07-17 00:00:00-04:00,34.5276029117045,35.01017882149063,34.46960062502861,34.69928741455078,95174000
2017-07-18 00:00:00-04:00,34.615746691499155,34.831516931061145,34.49278218837448,34.819915771484375,71475200
2017-07-19 00:00:00-04:00,34.912730369299176,35.13081950217448,34.78976582249554,35.03801727294922,83692000
2017-07-20 00:00:00-04:00,35.14937659867638,35.20506005389073,34.845445261842336,34.880245208740234,68974800
2017-07-21 00:00:00-04:00,34.799051397356024,34.90345479996306,34.541521116163516,34.864013671875,105010400
2017-07-24 00:00:00-04:00,34.93594138266693,35.36747858219408,34.77817330554504,35.28627395629883,85972800
2017-07-25 00:00:00-04:00,35.21899499762855,35.69229217743829,35.21899499762855,35.43708419799805,75415600
2017-07-26 00:00:00-04:00,35.578612452194825,35.713174673654315,35.51132780128562,35.60413360595703,63124000
2017-07-27 00:00:00-04:00,35.671407062358746,35.72709053321311,34.17494874241261,34.931297302246094,129905200
2017-07-28 00:00:00-04:00,34.77585483488103,34.854737104138636,34.613449121650966,34.68537139892578,68854800
2017-07-31 00:00:00-04:00,34.778167945206754,34.877933714220624,34.36751432489266,34.506717681884766,79383600
2017-08-01 00:00:00-04:00,34.59256883261376,34.85241797143003,34.432481938100516,34.8129768371582,141474400
2017-08-02 00:00:00-04:00,36.954411813041766,37.06345638107044,36.23054450202435,36.45791244506836,279747200
2017-08-03 00:00:00-04:00,36.43703478509722,36.47415709575455,35.96605653168981,36.09366226196289,108389200
2017-08-04 00:00:00-04:00,36.2096753747282,36.51824447689042,36.121510751150865,36.28391647338867,82239600
2017-08-07 00:00:00-04:00,36.439355248149226,36.87089239354546,36.34887182444575,36.84537124633789,87481200
2017-08-08 00:00:00-04:00,36.796661091986486,37.54604982805782,36.72009763000825,37.14003372192383,144823600
2017-08-09 00:00:00-04:00,36.949776311581175,37.416116973301776,36.914976354816375,37.367393493652344,104526000
2017-08-10 00:00:00-04:00,37.24394126576149,37.26723470908686,36.016454281468874,36.17716979980469,163217200
2017-08-11 00:00:00-04:00,36.47530758815783,36.93416070229305,36.351860156850435,36.680274963378906,105028400
2017-08-14 00:00:00-04:00,37.10885617043124,37.31615505207782,36.97608992113349,37.232303619384766,88490800
2017-08-15 00:00:00-04:00,37.420962268073296,37.779657832245334,37.29984276218854,37.63990783691406,117862000
2017-08-16 00:00:00-04:00,37.71910627608485,37.851868971949614,37.302177033630144,37.4885139465332,110686400
2017-08-17 00:00:00-04:00,37.38835604433153,37.43261145636436,36.76412798432432,36.7687873840332,111762400
2017-08-18 00:00:00-04:00,36.76878794908287,37.15077698722718,36.50325902688598,36.6849365234375,109712400
2017-08-21 00:00:00-04:00,36.684931157832516,36.775769892822034,36.128252027187976,36.61738586425781,105474000
2017-08-22 00:00:00-04:00,36.85496114915579,37.26723088597431,36.806049898902806,37.21598815917969,86418400
2017-08-23 00:00:00-04:00,37.05061476464174,37.376701595239346,37.0063593617578,37.262569427490234,77596400
2017-08-24 00:00:00-04:00,37.367394724546074,37.43960298887121,36.929507062848636,37.09720993041992,79275600
2017-08-25 00:00:00-04:00,37.185723388742105,37.397681708539366,37.09721609409924,37.23463821411133,101920400
2017-08-28 00:00:00-04:00,37.29985381260072,37.733085679229205,37.25093898959107,37.60963821411133,103864000
2017-08-29 00:00:00-04:00,37.29052877524253,37.99394528318715,37.26723533152812,37.94503402709961,118067600
2017-08-30 00:00:00-04:00,38.15234072332967,38.17330269453287,37.87516503492764,38.04752731323242,109078400
2017-08-31 00:00:00-04:00,38.11505835203251,38.32002924902332,38.07779027001965,38.198909759521484,107140400
2017-09-01 00:00:00-04:00,38.385261492864295,38.41787018874405,38.11274520142325,38.2105712890625,66364400
2017-09-05 00:00:00-04:00,38.140685318075796,38.25714542591725,37.397669261394455,37.751708984375,117874000
2017-09-06 00:00:00-04:00,37.89845697450694,37.96367436281888,37.38836103771766,37.712120056152344,86606800
2017-09-07 00:00:00-04:00,37.75403126892082,37.788971428503594,37.35108035110812,37.560707092285156,87714000
2017-09-08 00:00:00-04:00,37.46755807275102,37.53510339320149,36.924853369385254,36.94814682006836,114446000
2017-09-11 00:00:00-04:00,37.38370645009327,37.74473360949304,37.24162493139071,37.61662673950195,126323200
2017-09-12 00:00:00-04:00,37.87515877319203,38.18960250557941,36.98074594224573,37.46754837036133,286856000
2017-09-13 00:00:00-04:00,37.23695363861418,37.257919159067484,36.78043200745177,37.18571090698242,179629600
2017-09-14 00:00:00-04:00,37.03199406138133,37.12748866854169,36.82236369128421,36.86661911010742,95042800
2017-09-15 00:00:00-04:00,36.910877507673646,37.493178214800345,36.80140469040731,37.239295959472656,196458400
2017-09-18 00:00:00-04:00,37.292856552023125,37.383695295624975,36.80139474584889,36.95745086669922,113077600
2017-09-19 00:00:00-04:00,37.153105416508424,37.213666952238235,36.903882613105765,36.97142791748047,83242400
2017-09-20 00:00:00-04:00,36.77810091676466,36.86195233721681,35.830117479786594,36.35186004638672,211805600
2017-09-21 00:00:00-04:00,36.28897304494731,36.28897304494731,35.578565622840415,35.72763442993164,150046800
2017-09-22 00:00:00-04:00,35.296719016121365,35.46675328961148,35.06845825748036,35.37824249267578,186581600
2017-09-25 00:00:00-04:00,34.935708269423436,35.364280660403736,34.7423840426693,35.06614303588867,177549200
2017-09-26 00:00:00-04:00,35.35263898998724,35.8510882354049,35.33167701825542,35.669410705566406,146640000
2017-09-27 00:00:00-04:00,35.82314005216649,36.03742628493576,35.76257850428549,35.92329406738281,102016800
2017-09-28 00:00:00-04:00,35.84409641492313,35.93493516844684,35.56692075430234,35.7020149230957,88022000
2017-09-29 00:00:00-04:00,35.68571600201449,35.90000222315323,35.40388091253344,35.89767074584961,105199200
2017-10-02 00:00:00-04:00,35.93027191496218,35.974527325485546,35.571576339386255,35.82545852661133,74795200
2017-10-03 00:00:00-04:00,35.872044994281765,36.123599280752316,35.84875510265796,35.98151779174805,64921200
2017-10-04 00:00:00-04:00,35.783532540208626,35.83710319267838,35.51101632449689,35.748592376708984,80655200
2017-10-05 00:00:00-04:00,35.91164256334408,36.20512435397174,35.88136534751433,36.193477630615234,85135200
2017-10-06 00:00:00-04:00,36.09563653307743,36.21675600824389,36.00013841700235,36.17250061035156,69630400
2017-10-09 00:00:00-04:00,36.29130674360093,36.505592965768344,36.21677410523374,36.29829406738281,65051600
2017-10-10 00:00:00-04:00,36.349535398242395,36.80140127367339,36.12593393775108,36.3122673034668,62468000
2017-10-11 00:00:00-04:00,36.32857084016647,36.56381900777948,36.277328102020135,36.46366500854492,67622400
2017-10-12 00:00:00-04:00,36.41707570948683,36.65465176118932,36.272662764675964,36.33555221557617,64500400
2017-10-13 00:00:00-04:00,36.505581510008696,36.63368832927769,36.43104889503047,36.56614303588867,65576800
2017-10-16 00:00:00-04:00,36.77811124048966,37.267245256108666,36.71988116977698,37.239295959472656,96486000
2017-10-17 00:00:00-04:00,37.21598586304763,37.46986800481522,37.08787905396494,37.37670135498047,75989200
2017-10-18 00:00:00-04:00,37.3650624314904,37.43261128768263,37.17406969325437,37.211334228515625,65496800
2017-10-19 00:00:00-04:00,36.51025169959222,36.587115813870575,36.10730063450979,36.330902099609375,170336800
2017-10-20 00:00:00-04:00,36.47763498884291,36.74316389160156,36.326238270826636,36.39378356933594,95896400
2017-10-23 00:00:00-04:00,36.542851608738154,36.729188487574625,36.21909265896591,36.37514877319336,87937200
2017-10-24 00:00:00-04:00,36.403105592236166,36.66630662132224,36.3821436219765,36.591773986816406,71028800
2017-10-25 00:00:00-04:00,36.547505620070204,36.69657439034687,36.16551667410626,36.43104553222656,84828400
2017-10-26 00:00:00-04:00,36.62205489253367,36.761808483170924,36.517241476596446,36.66398239135742,68002000
2017-10-27 00:00:00-04:00,37.10185976956351,38.1057488893798,36.96443769463346,37.97764205932617,177816800
2017-10-30 00:00:00-04:00,38.1732976116592,39.14690605329501,38.13370159774283,38.832462310791016,178803200
2017-10-31 00:00:00-04:00,39.10730812671052,39.51491855976353,38.883706679435335,39.37283706665039,144187200
2017-11-01 00:00:00-04:00,39.566152425643104,39.58245854526735,38.57391367345149,38.87205123901367,134551200
2017-11-02 00:00:00-04:00,38.80451499973989,39.2470620522876,38.497058564350645,39.15622329711914,165573600
2017-11-03 00:00:00-04:00,40.528121815557064,40.588679798570986,39.85731038613164,40.178741455078125,237594400
2017-11-06 00:00:00-05:00,40.14846209750659,40.75871556536482,39.997065357610694,40.58635330200195,140105200
2017-11-07 00:00:00-05:00,40.50715864248612,40.81927090225437,40.43495393878697,40.7167854309082,97446000
2017-11-08 00:00:00-05:00,40.681858865899855,41.04987335205078,40.60499474340489,41.04987335205078,97638000
2017-11-09 00:00:00-05:00,40.786669071736846,41.01726142104952,40.327815850449234,40.96601867675781,117930400
2017-11-10 00:00:00-05:00,40.933294438348895,40.99640999054884,40.73693890579127,40.830440521240234,100582000
2017-11-13 00:00:00-05:00,40.55694272704739,40.790700322015965,40.5335655408074,40.66680908203125,67928400
2017-11-14 00:00:00-05:00,40.449415885732684,40.552269806408404,40.01462658178594,40.05202865600586,99130000
2017-11-15 00:00:00-05:00,39.73177533088447,39.8135919089244,39.36010164246712,39.52373123168945,116632400
2017-11-16 00:00:00-05:00,40.01461955559179,40.175912851342744,39.808915317218215,39.99592208862305,94550000
2017-11-17 00:00:00-05:00,39.98188974925974,40.063706318434406,39.654630606275354,39.77384567260742,87598000
2017-11-20 00:00:00-05:00,39.806568420472395,39.86968395261924,39.63592642140843,39.73410415649414,65049600
2017-11-21 00:00:00-05:00,39.921117936072704,40.60368961957662,39.921117936072704,40.47278594970703,100525200
2017-11-22 00:00:00-05:00,40.524210357777335,40.907572609846746,40.451746085565624,40.898223876953125,102355600
2017-11-24 00:00:00-05:00,40.93095191185509,41.024453513062106,40.82575815192538,40.90056228637695,56106800
2017-11-27 00:00:00-05:00,40.91925973848651,40.92627217962039,40.51953275956953,40.69485092163086,82867200
2017-11-28 00:00:00-05:00,40.74393784446522,40.87717778066195,40.17356890543842,40.456417083740234,105715200
2017-11-29 00:00:00-05:00,40.353575671955824,40.42136380660984,39.074921313258585,39.61723709106445,166665600
2017-11-30 00:00:00-05:00,39.839310422431836,40.23903753166076,39.3741350302361,40.17124938964844,166108800
2017-12-01 00:00:00-05:00,39.72708772685399,40.12915092551341,39.38814005400389,39.984222412109375,159037200
2017-12-04 00:00:00-05:00,40.31849649404904,40.35122240453448,39.652289694840306,39.6920280456543,130169600
2017-12-05 00:00:00-05:00,39.519056556395874,40.094101782104794,39.36477569500352,39.65463638305664,109400800
2017-12-06 00:00:00-05:00,39.15439352879619,39.785538263351555,38.911287221974995,39.50736618041992,114240000
2017-12-07 00:00:00-05:00,39.51203848258087,39.84163748488926,39.48398871791025,39.579830169677734,102693200
2017-12-08 00:00:00-05:00,39.85331394569226,39.97252897611423,39.46293938312954,39.59150314331055,93420800
2017-12-11 00:00:00-05:00,39.551787283218374,40.414353443203005,39.455945806140505,40.3629264831543,141095200
2017-12-12 00:00:00-05:00,40.241363439303626,40.297466539043796,40.080073715408226,40.136173248291016,77636800
2017-12-13 00:00:00-05:00,40.323172410848755,40.566278663503006,40.2062936502376,40.2694091796875,95273600
2017-12-14 00:00:00-05:00,40.299787951999285,40.47043347980202,40.12446984275302,40.257713317871094,81906000
2017-12-15 00:00:00-05:00,40.587332355787815,40.713559887653396,40.31383639769752,40.66680908203125,160677200
2017-12-18 00:00:00-05:00,40.87952449840411,41.42184019960957,40.874848348339455,41.23950958251953,117684400
2017-12-19 00:00:00-05:00,40.91459515849426,40.9987480427545,40.6948624292115,40.800052642822266,109745600
2017-12-20 00:00:00-05:00,40.87718185169475,41.005749218272555,40.498495760008446,40.75563049316406,93902400
2017-12-21 00:00:00-05:00,40.713541415944555,41.14599419717599,40.697180246485885,40.90989685058594,83799600
2017-12-22 00:00:00-05:00,40.83275645122192,41.00573827708574,40.790681815308574,40.90989685058594,65397600
2017-12-26 00:00:00-05:00,39.92578013088755,40.08239722165717,39.66396931580225,39.87201690673828,132742000
2017-12-27 00:00:00-05:00,39.76216479201962,39.921118230359454,39.67099948077001,39.87904357910156,85992800
2017-12-28 00:00:00-05:00,39.97254423626185,40.171239596342964,39.85098930185255,39.99124526977539,65920800
2017-12-29 00:00:00-05:00,39.8603452172818,39.87670639380417,39.55645963712553,39.55879592895508,103999600
2018-01-02 00:00:00-05:00,39.77619340273042,40.27643451563853,39.56580942615581,40.26708221435547,102223600
2018-01-03 00:00:00-05:00,40.33019115208112,40.80238241744237,40.19695119893329,40.26006317138672,118071600
2018-01-04 00:00:00-05:00,40.3325285848356,40.54992497445396,40.22500210267125,40.44707107543945,89738400
2018-01-05 00:00:00-05:00,40.54291247080879,40.99406285723671,40.45174716352319,40.90757369995117,94640000
2018-01-08 00:00:00-05:00,40.75563049316406,41.05016372371372,40.657449182790344,40.75563049316406,82271200
2018-01-09 00:00:00-05:00,40.802376800591794,40.921591854561065,40.53589336412295,40.75094985961914,86336000
2018-01-10 00:00:00-05:00,40.477456442146824,40.74393989480724,40.440054379738385,40.741600036621094,95839600
2018-01-11 00:00:00-05:00,40.81172918317203,41.02211311511454,40.7883555686387,40.9730224609375,74670800
2018-01-12 00:00:00-05:00,41.18340935111223,41.459245154422774,41.0595181171993,41.3961296081543,101672400
2018-01-16 00:00:00-05:00,41.58546096764788,41.933760953052094,41.174049020608194,41.18573760986328,118263600
2018-01-17 00:00:00-05:00,41.17640187701026,41.901051900072744,40.923946795192215,41.865989685058594,137547200
2018-01-18 00:00:00-05:00,41.92908337230499,42.09972892251785,41.66727610284251,41.90336990356445,124773600
2018-01-19 00:00:00-05:00,41.75143183103793,41.97817691644085,41.47092351341417,41.71636962890625,129700400
2018-01-22 00:00:00-05:00,41.44520425527241,41.55740685328199,41.28157472341337,41.37507629394531,108434400
2018-01-23 00:00:00-05:00,41.44521299016399,41.945453988337626,41.333010368506855,41.38443374633789,130756400
2018-01-24 00:00:00-05:00,41.43352385908979,41.44521244943131,40.486805111138345,40.72523880004883,204420400
2018-01-25 00:00:00-05:00,40.793038750522214,40.89589266839285,39.862684472538135,39.99826431274414,166116000
2018-01-26 00:00:00-05:00,40.206305044653156,40.206305044653156,39.75281475426623,40.09176254272461,156572000
2018-01-29 00:00:00-05:00,39.776194571434615,39.776194571434615,39.053884434411934,39.26192855834961,202561600
2018-01-30 00:00:00-05:00,38.693887061115404,39.124000098125286,38.499867866116375,39.03049850463867,184192800
2018-01-31 00:00:00-05:00,39.00713493195905,39.3741361264935,38.92064574946603,39.138038635253906,129915600
2018-02-01 00:00:00-05:00,39.07726776102113,39.41621565609654,38.98142626396581,39.2198600769043,188923200
2018-02-02 00:00:00-05:00,38.80375196035035,38.99075870726561,37.424583889707215,37.51808547973633,346375200
2018-02-05 00:00:00-05:00,37.19083019912959,38.30819107991556,36.46618031736213,36.58072280883789,290954000
2018-02-06 00:00:00-05:00,36.19268205071455,38.27078653650845,35.99866285535439,38.109493255615234,272975200
2018-02-07 00:00:00-05:00,38.123518306819236,38.19598257725575,37.183815515739305,37.293678283691406,206434400
2018-02-08 00:00:00-05:00,37.468984608667135,37.63495398759431,36.23942155748844,36.26747131347656,217562000
2018-02-09 00:00:00-05:00,36.865999961496776,37.058460813619604,35.26292594672998,36.711090087890625,282690400
2018-02-12 00:00:00-05:00,37.20162894435836,38.466718895803275,36.96926416827277,38.189762115478516,243278000
2018-02-13 00:00:00-05:00,38.01138368785197,38.66857413140311,37.94096978650724,38.57234191894531,130196800
2018-02-14 00:00:00-05:00,38.267211068093054,39.323408669280425,38.22966009746978,39.28350830078125,162579600
2018-02-15 00:00:00-05:00,39.851515600178224,40.62606138201437,39.66609578151257,40.60259246826172,204588800
2018-02-16 00:00:00-05:00,40.45471775078253,41.032107382495894,40.31623936113969,40.47114562988281,160704400
2018-02-20 00:00:00-05:00,40.381959561813375,40.900667983713674,40.23409073734247,40.335018157958984,135722000
2018-02-21 00:00:00-05:00,40.56504412652464,40.86781930456375,40.1378690027883,40.151954650878906,149886400
2018-02-22 00:00:00-05:00,40.32328263855121,40.82790900653201,40.30215954364588,40.487579345703125,123967600
2018-02-23 00:00:00-05:00,40.7622019110345,41.22692803805628,40.73168837767528,41.19172286987305,135249600
2018-02-26 00:00:00-05:00,41.39122756389921,42.104746415864476,41.358368213770554,42.006168365478516,152648800
2018-02-27 00:00:00-05:00,42.03667174392078,42.360569950834076,41.81604319718002,41.870025634765625,155712400
2018-02-28 00:00:00-05:00,42.07422201715211,42.39342858513631,41.790224188970356,41.8066520690918,151128400
2018-03-01 00:00:00-05:00,41.9052378328404,42.19628032785042,40.525141647587134,41.074363708496094,195208000
2018-03-02 00:00:00-05:00,40.55798498711084,41.379471937040876,40.47583485955829,41.35834884643555,153816000
2018-03-05 00:00:00-05:00,41.12364926720145,41.71746684872899,40.961698366530335,41.50153350830078,113605600
2018-03-06 00:00:00-05:00,41.757377828368675,41.83717859982234,41.33959310558097,41.46633529663086,95154000
2018-03-07 00:00:00-05:00,41.06028254024403,41.273870095734,40.90302683123286,41.08140563964844,126814000
2018-03-08 00:00:00-05:00,41.18702590576379,41.571951247634466,41.090797256346484,41.52970504760742,95096400
2018-03-09 00:00:00-05:00,41.76910458230956,42.2479126835741,41.63531780640628,42.24321746826172,128740800
2018-03-12 00:00:00-04:00,42.315984655461044,42.80887848962803,42.297210953699,42.6516227722168,128828400
2018-03-13 00:00:00-04:00,42.855804379874634,43.06939186938944,42.06952607769264,42.24086380004883,126774000
2018-03-14 00:00:00-04:00,42.3230244232332,42.369965835063375,41.73389842335402,41.88176727294922,117473600
2018-03-15 00:00:00-04:00,41.89584799922378,42.30424579003283,41.79492414608478,41.931053161621094,90975200
2018-03-16 00:00:00-04:00,41.931060785960625,42.041375090064086,41.689309076474494,41.78319549560547,157618800
2018-03-19 00:00:00-04:00,41.618891880252036,41.65409704324905,40.75985008912387,41.144775390625,133787200
2018-03-20 00:00:00-04:00,41.13068771362305,41.49683568443578,41.06027381583607,41.13068771362305,78597600
2018-03-21 00:00:00-04:00,41.08374718435731,41.09548343216158,40.196541287634304,40.198890686035156,148219600
2018-03-22 00:00:00-04:00,39.90080951555583,40.52983232296425,39.572216046223105,39.63089370727539,165963200
2018-03-23 00:00:00-04:00,39.522916102330775,39.88202301847782,38.713165283203125,38.713165283203125,164115200
2018-03-26 00:00:00-04:00,39.44780263281464,40.628396376148224,39.06522330214518,40.550941467285156,150164800
2018-03-27 00:00:00-04:00,40.76453066529328,41.1095554946715,39.17788847855881,39.51117706298828,163690400
2018-03-28 00:00:00-04:00,39.25535512087376,39.90550460608626,38.77185176834323,39.07462692260742,166674000
2018-03-29 00:00:00-04:00,39.38679414587791,40.31155469263699,39.17320659190049,39.37975311279297,153594000
2018-04-02 00:00:00-04:00,39.11217229534909,39.65200736477822,38.60285074845011,39.121559143066406,150347200
2018-04-03 00:00:00-04:00,39.34688194941007,39.60741083952156,38.6990820303163,39.52291488647461,121112000
2018-04-04 00:00:00-04:00,38.6990998362963,40.37258462596471,38.67328151705817,40.27870178222656,138422000
2018-04-05 00:00:00-04:00,40.506362030743446,40.89363314796675,40.38900671262728,40.55799865722656,107732800
2018-04-06 00:00:00-04:00,40.12848388752817,40.48289571302498,39.47833432314732,39.52058410644531,140021200
2018-04-09 00:00:00-04:00,39.872632439602654,40.6260513573316,39.86559140907428,39.912532806396484,116070800
2018-04-10 00:00:00-04:00,40.60494233278657,40.83965298210904,40.25991739177053,40.66361999511719,113634400
2018-04-11 00:00:00-04:00,40.42420849279554,40.82087000785947,40.29981215251393,40.4734992980957,89726400
2018-04-12 00:00:00-04:00,40.70117124541933,41.07436028792793,40.61432587688714,40.87250900268555,91557200
2018-04-13 00:00:00-04:00,41.02272639139374,41.27151910294791,40.80444720984534,41.010990142822266,100497200
2018-04-16 00:00:00-04:00,41.08140701517665,41.35367224350645,41.03446559890611,41.26683044433594,86313600
2018-04-17 00:00:00-04:00,41.42408000955185,41.999120331657075,41.40530272955087,41.83482360839844,106421600
2018-04-18 00:00:00-04:00,41.73389143307444,41.970951432420364,41.515612292995044,41.74093246459961,83018000
2018-04-19 00:00:00-04:00,40.78331886242555,41.16589834553228,40.525139311410044,40.55799865722656,139235200
2018-04-20 00:00:00-04:00,40.04163301530664,40.1871524529709,38.82817596401007,38.896244049072266,261964400
2018-04-23 00:00:00-04:00,39.156765922577186,39.17788901493464,38.51365765341196,38.78357696533203,146062000
2018-04-24 00:00:00-04:00,38.88451055807703,39.03942043706122,37.84004894625956,38.243751525878906,134768000
2018-04-25 00:00:00-04:00,38.16864110139597,38.825831574734394,38.11935387520056,38.41039276123047,113528400
2018-04-26 00:00:00-04:00,38.520701702278025,38.89858590345385,38.344668756042076,38.54417419433594,111852000
2018-04-27 00:00:00-04:00,38.49254056570322,38.56999549782901,37.70156694524858,38.098228454589844,142623200
2018-04-30 00:00:00-04:00,38.05363485006051,39.257697923260864,37.98556676309641,38.78827667236328,169709600
2018-05-01 00:00:00-04:00,39.05819542045914,39.71303647925035,38.79062545495093,39.68956756591797,214277600
2018-05-02 00:00:00-04:00,41.128337096986456,41.71980880691432,40.79270266081835,41.44285202026367,266157600
2018-05-03 00:00:00-04:00,41.28089937538475,41.661129382006536,40.94291555554344,41.5179557800293,136272800
2018-05-04 00:00:00-04:00,41.8371649912268,43.245428609444815,41.81838771321594,43.1468505859375,224805200
2018-05-07 00:00:00-04:00,43.46371415611706,44.04814493310454,43.36279030101084,43.459022521972656,169805600
2018-05-08 00:00:00-04:00,43.41911505261652,43.70780808695571,43.10929534247727,43.66790771484375,113611200
2018-05-09 00:00:00-04:00,43.78527631777293,43.984778238947406,43.47311069609928,43.97539138793945,92844800
2018-05-10 00:00:00-04:00,44.0645728909975,44.68185938348441,44.043446213428126,44.60440444946289,111957200
2018-05-11 00:00:00-04:00,44.646817320397844,44.78111639096404,44.16615931102086,44.43476104736328,104848800
2018-05-14 00:00:00-04:00,44.53372631386614,44.656247495945635,44.26276967169345,44.33109664916992,83115200
2018-05-15 00:00:00-04:00,44.00829297134428,44.0766235265029,43.61246038568903,43.928184509277344,94780800
2018-05-16 00:00:00-04:00,43.84101578429413,44.404137173242404,43.82452095930741,44.33816146850586,76732400
2018-05-17 00:00:00-04:00,44.295744112587485,44.510155226195536,43.9093345737116,44.05777359008789,69176000
2018-05-18 00:00:00-04:00,44.104899251623095,44.25097982122303,43.85514720867744,43.89755630493164,73190800
2018-05-21 00:00:00-04:00,44.29574904119214,44.594981969565396,44.0389288058782,44.20857238769531,73603200
2018-05-22 00:00:00-04:00,44.385279304995024,44.50308713532342,44.00829280986027,44.09782791137695,60962800
2018-05-23 00:00:00-04:00,43.90697946331335,44.41355169174006,43.76796349223717,44.38056564331055,80233600
2018-05-24 00:00:00-04:00,44.477180841529915,44.49367207255778,43.874005168539476,44.33109664916992,92936000
2018-05-25 00:00:00-04:00,44.34992902647819,44.68450278963979,44.21327152965852,44.432395935058594,69844000
2018-05-29 00:00:00-04:00,44.20150444915725,44.472461051919346,44.02950240859062,44.272186279296875,90056400
2018-05-30 00:00:00-04:00,44.22976464878209,44.29573673502604,44.008285389873514,44.17792892456055,74762000
2018-05-31 00:00:00-04:00,44.111981263816865,44.349951878449986,43.85751582088478,44.02951431274414,109931200
2018-06-01 00:00:00-04:00,44.293393009412675,44.82823801484715,44.23684395189632,44.82352828979492,93770000
2018-06-04 00:00:00-04:00,45.15340214056343,45.57279788752274,45.08507515502532,45.19816970825195,105064800
2018-06-05 00:00:00-04:00,45.49031809732934,45.69530257509716,45.323029393544196,45.5468635559082,86264000
2018-06-06 00:00:00-04:00,45.62226384455202,45.72829017819991,45.219359462438206,45.70472717285156,83734400
2018-06-07 00:00:00-04:00,45.74242747573462,45.756563841147845,45.3183185372882,45.582210540771484,85388800
2018-06-08 00:00:00-04:00,45.04264641511956,45.238207849226285,44.71278592096952,45.16752243041992,106627200
2018-06-11 00:00:00-04:00,45.0850695440865,45.23115014029129,44.816467766594464,45.056793212890625,73234000
2018-06-12 00:00:00-04:00,45.09449373664577,45.38194521050095,45.03794466802796,45.30419158935547,67644400
2018-06-13 00:00:00-04:00,45.33717844207278,45.44556326002106,44.87066030223181,44.93191909790039,86553600
2018-06-14 00:00:00-04:00,45.132186622912144,45.13689994342156,44.81881732042377,44.955474853515625,86440400
2018-06-15 00:00:00-04:00,44.77405085873973,44.80468204998491,44.35701006610469,44.49366760253906,246876800
2018-06-18 00:00:00-04:00,44.26747838860552,44.58320256034685,44.10725784482574,44.47010803222656,73939600
2018-06-19 00:00:00-04:00,43.62188694452313,43.90227017955534,43.223695869239414,43.7514762878418,134314000
2018-06-20 00:00:00-04:00,43.90698467710195,44.10725585377342,43.76090050653034,43.942325592041016,82514800
2018-06-21 00:00:00-04:00,44.11903902665944,44.37821773005367,43.57476734474176,43.697288513183594,102847600
2018-06-22 00:00:00-04:00,43.85279121043432,43.859859393539764,43.51821736100589,43.57005310058594,108801600
2018-06-25 00:00:00-04:00,43.21191397426476,43.570050812040066,42.58282054445238,42.9221076965332,126652400
2018-06-26 00:00:00-04:00,43.11530634927581,43.94938411540659,43.00927643734278,43.45458984375,98276800
2018-06-27 00:00:00-04:00,43.643090484345954,44.12610333725696,43.36035239331826,43.39098358154297,101141200
2018-06-28 00:00:00-04:00,43.37684649918818,43.87399570915046,43.306161078797324,43.70670700073242,69460800
2018-06-29 00:00:00-04:00,43.89285102711627,44.10490733287168,43.09647233589699,43.61482620239258,90950800
2018-07-02 00:00:00-04:00,43.31086637604602,44.13080775314985,43.21661796791336,44.10253143310547,70925200
2018-07-03 00:00:00-04:00,44.246258231018516,44.28395759522698,43.244891788690005,43.33442687988281,55819200
2018-07-05 00:00:00-04:00,43.65016518948845,43.92112541341989,43.419262800087296,43.68315124511719,66416800
2018-07-06 00:00:00-04:00,43.6878565456575,44.39705840908352,43.636020811298415,44.28867721557617,69940800
2018-07-09 00:00:00-04:00,44.64916397921801,44.927188709958024,44.60204157004962,44.903629302978516,79026400
2018-07-10 00:00:00-04:00,44.934270952056835,45.0685700292257,44.80939132562234,44.849449157714844,63756400
2018-07-11 00:00:00-04:00,44.41356335394152,44.7151511888342,44.20386550631754,44.26748275756836,75326000
2018-07-12 00:00:00-04:00,44.65623532684284,45.09919391389085,44.60439959451979,45.00965881347656,72164400
2018-07-13 00:00:00-04:00,45.021433618736715,45.20050019772059,44.9790209371403,45.08033752441406,50055600
2018-07-16 00:00:00-04:00,45.125113793493355,45.39135705389442,44.8659351203138,44.981388092041016,60172400
2018-07-17 00:00:00-04:00,44.708069985718346,45.20757401770042,44.57848065802218,45.10861587524414,62138000
2018-07-18 00:00:00-04:00,45.1863682402803,45.191081559852485,44.75047785769445,44.8612174987793,65573600
2018-07-19 00:00:00-04:00,44.693935361208126,45.36779629624371,44.693935361208126,45.20993423461914,81147200
2018-07-20 00:00:00-04:00,45.1863706680151,45.33951940784949,44.80702931428614,45.10626220703125,82704800
2018-07-23 00:00:00-04:00,44.92719968848247,45.22879109031837,44.66331125648758,45.146324157714844,63957600
2018-07-24 00:00:00-04:00,45.34423040816834,45.62932692206322,45.24998558773883,45.473819732666016,74791600
2018-07-25 00:00:00-04:00,45.487963024230176,45.90971710862951,45.33952399399678,45.90264892578125,66839600
2018-07-26 00:00:00-04:00,45.85316358781776,46.171246165870855,45.61754792858129,45.75891876220703,76304000
2018-07-27 00:00:00-04:00,45.94270404769693,45.9898264659988,44.79054348344733,44.99788284301758,96096000
2018-07-30 00:00:00-04:00,45.214642349023656,45.285327763928684,44.547853215165986,44.74576950073242,84118000
2018-07-31 00:00:00-04:00,44.837670347683925,45.27120239138466,44.61147768411243,44.83531188964844,157492000
2018-08-01 00:00:00-04:00,46.918146914157724,47.53781364713079,46.489324692851646,47.47655487060547,271742800
2018-08-02 00:00:00-04:00,47.25979195423673,49.097594916163985,47.20560135629759,48.86433410644531,249616000
2018-08-03 00:00:00-04:00,48.7795141514494,49.182418547865296,48.41430912684515,49.005706787109375,133789600
2018-08-06 00:00:00-04:00,49.008059489642534,49.302579077921635,48.78893864166359,49.260169982910156,101701600
2018-08-07 00:00:00-04:00,49.31907110165512,49.36148019425983,48.71589199911434,48.79835891723633,102349600
2018-08-08 00:00:00-04:00,48.548617914751276,48.963300271358555,48.188126164952756,48.831356048583984,90102000
2018-08-09 00:00:00-04:00,49.3685494382247,49.427453353804616,48.81956451359469,49.21540069580078,93970400
2018-08-10 00:00:00-04:00,49.02860717781089,49.44001750555235,48.8654616408131,49.06880187988281,98444800
2018-08-13 00:00:00-04:00,49.48967042478114,49.877435128986555,49.10899869137438,49.38563537597656,103563600
2018-08-14 00:00:00-04:00,49.690653943503335,49.78522930486312,49.2414119574974,49.593711853027344,82992000
2018-08-15 00:00:00-04:00,49.46840376274341,49.82779667275431,49.257970492029095,49.70957565307617,115230400
2018-08-16 00:00:00-04:00,50.06659332005974,50.553663261058226,50.00038984892316,50.437808990478516,114001600
2018-08-17 00:00:00-04:00,50.46618706310315,51.53253931119231,50.39998358384993,51.4450569152832,141708000
2018-08-20 00:00:00-04:00,51.56800870100237,51.823362921071144,50.861045725428916,50.94380187988281,121150800
2018-08-21 00:00:00-04:00,51.26063031267377,51.3528425555406,50.60568491149106,50.84449005126953,104639200
2018-08-22 00:00:00-04:00,50.622239772637556,51.15659745852468,50.560762536189785,50.846858978271484,76072400
2018-08-23 00:00:00-04:00,50.75226415931883,51.3197270155813,50.74044494783208,50.95087814331055,75532800
2018-08-24 00:00:00-04:00,51.2133452207593,51.284274943614335,50.861045296696645,51.109310150146484,73905600
2018-08-27 00:00:00-04:00,51.34338303977495,51.71932859234506,51.14950246004533,51.530174255371094,82100400
2018-08-28 00:00:00-04:00,51.7831663768743,52.14492238496493,51.761887460591076,51.946311950683594,91107200
2018-08-29 00:00:00-04:00,52.05271233047196,52.84243146580002,51.87774753435485,52.72184371948242,109019200
2018-08-30 00:00:00-04:00,52.78568785096469,53.970261226879096,52.58471066461939,53.2065544128418,195175200
2018-08-31 00:00:00-04:00,53.55647918343615,54.11448247965439,53.43589505535609,53.82129669189453,173360400
2018-09-04 00:00:00-04:00,54.005719306205876,54.18777705269031,53.584852825321335,53.993896484375,109560400
2018-09-05 00:00:00-04:00,54.14285341285009,54.30363223674393,53.22309420206611,53.64159393310547,133332000
2018-09-06 00:00:00-04:00,53.49027465750758,53.75509216076385,52.32461728550888,52.750213623046875,137160000
2018-09-07 00:00:00-04:00,52.45465930046942,53.2869325453365,52.18511556397365,52.324615478515625,150479200
2018-09-10 00:00:00-04:00,52.24186001307081,52.45465998116174,51.18260084633692,51.62238311767578,158066000
2018-09-11 00:00:00-04:00,51.54672332040395,53.03394564193792,51.203883114038426,52.927547454833984,142996000
2018-09-12 00:00:00-04:00,53.18527027618349,53.19945622059127,51.97941449205581,52.270240783691406,197114800
2018-09-13 00:00:00-04:00,52.849519642275006,53.99153499554689,52.6249004519719,53.5328369140625,166825600
2018-09-14 00:00:00-04:00,53.37678363174455,53.63450455616086,52.613076951433094,52.92517852783203,127997200
2018-09-17 00:00:00-04:00,52.52557664509682,52.714730922683685,51.371742406670684,51.51597213745117,148780400
2018-09-18 00:00:00-04:00,51.494699140442705,52.454656645298286,51.33628344092451,51.60110092163086,126286800
2018-09-19 00:00:00-04:00,51.66257073357624,51.92738458695363,50.905957146913586,51.631832122802734,108495200
2018-09-20 00:00:00-04:00,52.073992180573526,52.55633231761007,51.81626763486653,52.02433776855469,106435200
2018-09-21 00:00:00-04:00,52.20166425202721,52.3388010443892,51.376480376679865,51.463966369628906,384986800
2018-09-24 00:00:00-04:00,51.26537262006466,52.315172406321544,51.220448048399795,52.204044342041016,110773600
2018-09-25 00:00:00-04:00,51.95814546277141,52.684024357531506,51.946322637575435,52.535064697265625,98217600
2018-09-26 00:00:00-04:00,52.25367577807399,52.903891200651834,51.9604864341698,52.116539001464844,95938800
2018-09-27 00:00:00-04:00,52.92045647589352,53.53993343518666,52.8542493888135,53.1876335144043,120724800
2018-09-28 00:00:00-04:00,53.149793573596064,53.39805838572912,52.96773583814115,53.37441635131836,91717600
2018-10-01 00:00:00-04:00,53.89695216428858,54.24452218637405,53.51864713609809,53.73380661010742,94403200
2018-10-02 00:00:00-04:00,53.73146011448484,54.381675803439,53.58486718638655,54.2114372253418,99152800
2018-10-03 00:00:00-04:00,54.39348370673561,55.20211492695663,54.3296433555075,54.871097564697266,114619200
2018-10-04 00:00:00-04:00,54.56608563865395,54.937301318347934,53.60849479660541,53.90641403198242,128168000
2018-10-05 00:00:00-04:00,53.899327312763546,54.00572550581806,52.15438395852076,53.03158187866211,134322000
2018-10-08 00:00:00-04:00,52.53978898349141,53.15217302088543,52.0645381588214,52.90863800048828,118655600
2018-10-09 00:00:00-04:00,52.87788730397269,53.736172895235825,52.549233077184034,53.64159393310547,107564000
2018-10-10 00:00:00-04:00,53.308221027600226,53.5186542874467,51.0833006862872,51.15659713745117,167962400
2018-10-11 00:00:00-04:00,50.721539244147124,51.89901940310349,50.20136756167063,50.704986572265625,212497600
2018-10-12 00:00:00-04:00,52.11654858627355,52.698197531427574,51.27008573845108,52.516136169433594,161351600
2018-10-15 00:00:00-04:00,52.291520137503866,52.44993586441361,51.371760786579564,51.39303970336914,123164000
2018-10-16 00:00:00-04:00,51.764252977522055,52.72421066994395,51.251174194641926,52.525596618652344,116736000
2018-10-17 00:00:00-04:00,52.561061472294256,52.64145089276612,51.86119150958556,52.29861068725586,91541600
2018-10-18 00:00:00-04:00,51.51125096413181,51.95576305015513,50.362142773439196,51.07619857788086,130325200
2018-10-19 00:00:00-04:00,51.55853916023749,52.31515279784084,51.409579553774584,51.85409164428711,132314800
2018-10-22 00:00:00-04:00,51.96758107903151,52.811680677472054,51.76660756117778,52.170921325683594,115168400
2018-10-23 00:00:00-04:00,51.0312678566663,52.78566673931941,50.764087291569126,52.662715911865234,155071200
2018-10-24 00:00:00-04:00,52.63199757568536,53.017395633132395,50.72627177410019,50.85631561279297,163702000
2018-10-25 00:00:00-04:00,51.47579250051913,52.343534259721785,51.2488065794398,51.96995544433594,119423200
2018-10-26 00:00:00-04:00,51.04783130446249,52.062169603151254,50.284124580632735,51.14241027832031,189033600
2018-10-29 00:00:00-04:00,51.82572439213365,51.94394539631925,48.72833263934348,50.18245315551758,183742000
2018-10-30 00:00:00-04:00,49.92471875428704,50.877579571015985,49.48021031974566,50.43307113647461,146640000
2018-10-31 00:00:00-04:00,51.27954555631616,52.12364167690508,51.21806832318598,51.74769973754883,153435600
2018-11-01 00:00:00-04:00,51.792616501453125,52.57523887892228,51.26298516681588,52.542137145996094,233292800
2018-11-02 00:00:00-04:00,49.546428313026276,50.51583847534508,48.572284692079506,49.05699157714844,365314800
2018-11-05 00:00:00-05:00,48.30510036768756,48.326379281390906,46.85570978180658,47.66434097290039,264654800
2018-11-06 00:00:00-05:00,47.74236376500268,48.40440202496884,47.68798312025159,48.17978286743164,127531600
2018-11-07 00:00:00-05:00,48.69996814378195,49.66701523890736,48.26491564822979,49.64100646972656,133697600
2018-11-08 00:00:00-05:00,49.82132950962304,49.854546748716004,49.05495802314485,49.467803955078125,101450400
2018-11-09 00:00:00-05:00,48.770244983920264,48.87938580426373,47.98726296060506,48.51399612426758,137463200
2018-11-12 00:00:00-05:00,47.21613716957594,47.41781558554865,45.9799743974334,46.07013702392578,204542000
2018-11-13 00:00:00-05:00,45.46747474101187,46.784303647550004,45.42476479992899,45.609832763671875,187531600
2018-11-14 00:00:00-05:00,46.006077416821554,46.14369273389911,44.11505882624037,44.32148361206055,243204000
2018-11-15 00:00:00-05:00,44.69871698433604,45.54813303172794,44.345187953815184,45.41526412963867,185915200
2018-11-16 00:00:00-05:00,45.19936660019544,46.25995045257277,44.95261049624972,45.91828536987305,147713200
2018-11-19 00:00:00-05:00,45.080719453626,45.24680559068968,43.892013365063484,44.09843444824219,167701200
2018-11-20 00:00:00-05:00,42.32132481501045,43.056854157539185,41.64274087087626,41.99152374267578,271300800
2018-11-21 00:00:00-05:00,42.64399822705807,42.772124438484425,41.889490881307914,41.944061279296875,124496800
2018-11-23 00:00:00-05:00,41.507486637209176,41.901350698379524,40.83364927354388,40.878726959228516,94496000
2018-11-26 00:00:00-05:00,41.34140913508516,41.50986670109431,40.39708373701015,41.43156814575195,179994000
2018-11-27 00:00:00-05:00,40.693662435434945,41.467155183306716,40.54418668522253,41.34140396118164,165549600
2018-11-28 00:00:00-05:00,41.932195651447095,43.014132585864616,41.505114329859374,42.93109130859375,184250000
2018-11-29 00:00:00-05:00,43.33918830928703,43.37240554234032,42.16234247178632,42.601287841796875,167080000
2018-11-30 00:00:00-05:00,42.77686790323383,42.78636061112032,42.00337874921922,42.37114334106445,158126000
2018-12-03 00:00:00-05:00,43.76627973529744,43.88016690063734,42.99516185628555,43.8516960144043,163210000
2018-12-04 00:00:00-05:00,42.933454902369334,43.27511989778296,41.82304728768147,41.922698974609375,165377200
2018-12-06 00:00:00-05:00,40.75298356449691,41.46953100520734,40.4350466147937,41.45529556274414,172393600
2018-12-07 00:00:00-05:00,41.16345841264806,41.400725443078066,39.93204194545113,39.97712326049805,169126400
2018-12-10 00:00:00-05:00,39.149041611328066,40.356729359410416,38.752806291286355,40.24047088623047,248104000
2018-12-11 00:00:00-05:00,40.729248827696416,40.76009107183554,39.623583881623,40.01033020019531,189126800
2018-12-12 00:00:00-05:00,40.43029709170368,40.79094396093765,40.10287107949015,40.12185287475586,142510800
2018-12-13 00:00:00-05:00,40.45165022819319,40.9451659993989,40.22861867943218,40.560791015625,127594400
2018-12-14 00:00:00-05:00,40.09811245786843,40.11709424732682,39.21547916028759,39.26293182373047,162814800
2018-12-17 00:00:00-05:00,39.25582820608512,39.943904744588174,38.61046161430654,38.89755630493164,177151600
2018-12-18 00:00:00-05:00,39.239208811464295,39.74933129880673,39.004313230839,39.402923583984375,135366000
2018-12-19 00:00:00-05:00,39.38632372817106,39.730360169185076,37.74680781733559,38.17388916015625,196189200
2018-12-20 00:00:00-05:00,38.057631813758896,38.46336004562786,36.847572080543415,37.21059036254883,259092000
2018-12-21 00:00:00-05:00,37.217700060216195,37.52614787017046,35.50226074249866,35.76325225830078,382978400
2018-12-24 00:00:00-05:00,35.151100216804714,35.95781008841347,34.7809643222436,34.83790969848633,148676800
2018-12-26 00:00:00-05:00,35.186695107435334,37.30548757627083,34.81181283127579,37.29125213623047,234330000
2018-12-27 00:00:00-05:00,36.97568411541755,37.196344282393845,35.60665629115876,37.04923629760742,212468400
2018-12-28 00:00:00-05:00,37.3695483010569,37.61156162757762,36.66961145378511,37.06821823120117,169165600
2018-12-31 00:00:00-05:00,37.61394158656188,37.81087365387044,37.12754345601977,37.4265022277832,140014000
2019-01-02 00:00:00-05:00,36.75027775052016,37.68985646575044,36.593680694580726,37.46919631958008,148158800
2019-01-03 00:00:00-05:00,34.16170203892372,34.574547927015324,33.69191438723821,33.736995697021484,365248800
2019-01-04 00:00:00-05:00,34.29219923540596,35.24601358953824,34.11899533904399,35.17720413208008,234428400
2019-01-07 00:00:00-05:00,35.28160791885267,35.31245379240385,34.61725948663249,35.09891128540039,219111200
2019-01-08 00:00:00-05:00,35.485645667649806,36.0218713099174,35.23888962424999,35.76799392700195,164101200
2019-01-09 00:00:00-05:00,35.89612775325254,36.66487424188444,35.502267230819925,36.37540817260742,180396400
2019-01-10 00:00:00-05:00,36.18322463099874,36.53200747936951,35.794106819127585,36.49167251586914,143122800
2019-01-11 00:00:00-05:00,36.27338262516767,36.467939696000656,35.948324350827995,36.133392333984375,108092800
2019-01-14 00:00:00-05:00,35.7917243040485,35.89137599820077,35.40497797975705,35.59004592895508,129756800
2019-01-15 00:00:00-05:00,35.65411028555859,36.3943821085161,35.601911260051914,36.318458557128906,114843600
2019-01-16 00:00:00-05:00,36.320844349664725,36.985192885103864,36.301862549176946,36.76216125488281,122278800
2019-01-17 00:00:00-05:00,36.58657033252364,37.40751573779752,36.363538775351834,36.98043441772461,119284800
2019-01-18 00:00:00-05:00,37.36955746448795,37.459720094996186,37.008910562862575,37.20821762084961,135004000
2019-01-22 00:00:00-05:00,37.11093212681015,37.186855683764556,36.21168817452131,36.37303161621094,121576000
2019-01-23 00:00:00-05:00,36.57470436511674,36.80959998409829,35.99340097474768,36.52013397216797,92522400
2019-01-24 00:00:00-05:00,36.56522597464914,36.65301362642966,36.00290421307908,36.23067855834961,101766000
2019-01-25 00:00:00-05:00,36.890271619149736,37.51903133240946,36.61504465459194,37.43124008178711,134142000
2019-01-28 00:00:00-05:00,36.96382275590851,37.09194895785594,36.4584465294026,37.08483123779297,104768400
2019-01-29 00:00:00-05:00,37.07296560813992,37.51902868886723,36.56521441598711,36.70045471191406,166348800
2019-01-30 00:00:00-05:00,38.73383622739391,39.421909052183295,38.017288901847,39.208370208740234,244439200
2019-01-31 00:00:00-05:00,39.41241649238441,40.098117890187325,39.04465196516823,39.49071502685547,162958400
2019-02-01 00:00:00-05:00,39.61410648111566,40.09338329388807,39.36971809982081,39.509708404541016,130672400
2019-02-04 00:00:00-05:00,39.7208725954977,40.72925742817227,39.69002672443846,40.63197708129883,125982000
2019-02-05 00:00:00-05:00,41.01397692943241,41.54070999970741,40.89297205344229,41.32716751098633,144406400
2019-02-06 00:00:00-05:00,41.43868068103189,41.6569695100412,41.01160297138825,41.34140396118164,112958400
2019-02-07 00:00:00-05:00,40.904829885716296,41.27022309791329,40.41606043860214,40.55842208862305,126966800
2019-02-08 00:00:00-05:00,40.26772297550331,40.665657891479206,40.13189898426392,40.60608673095703,95280000
2019-02-11 00:00:00-05:00,40.7585744212062,40.79670082315533,40.329661489113064,40.37255096435547,83973600
2019-02-12 00:00:00-05:00,40.532200544203434,40.74665516967043,40.436884549380984,40.72044372558594,89134000
2019-02-13 00:00:00-05:00,40.8395916413653,41.099320945808756,40.48931303829851,40.551265716552734,89960800
2019-02-14 00:00:00-05:00,40.43927960962729,40.80861781758018,40.36064525814671,40.69900894165039,87342800
2019-02-15 00:00:00-05:00,40.80623995233979,40.91346730094003,40.44881303304922,40.608463287353516,98507200
2019-02-19 00:00:00-05:00,40.43928420861173,40.851515580587275,40.38686130166285,40.72998809814453,75891200
2019-02-20 00:00:00-05:00,40.79194536512053,41.29949277774976,40.74428916750655,40.992103576660156,104457600
2019-02-21 00:00:00-05:00,40.937283860774336,41.073104155107245,40.57985705809458,40.76095199584961,68998800
2019-02-22 00:00:00-05:00,40.884871894446135,41.223235588397145,40.837215701877646,41.216087341308594,75652800
2019-02-25 00:00:00-05:00,41.49963743265904,41.907101970477754,41.44959607815367,41.51631546020508,87493600
2019-02-26 00:00:00-05:00,41.392422020496234,41.77129368525542,41.26374629243125,41.540157318115234,68280800
2019-02-27 00:00:00-05:00,41.27326982515091,41.699797583479636,41.15889061962103,41.668819427490234,111341600
2019-02-28 00:00:00-05:00,41.53777599764727,41.678363048433425,41.2041753537565,41.25897979736328,112861600
2019-03-01 00:00:00-05:00,41.528236712468996,41.735543135571554,41.197021288508566,41.69265365600586,103544800
2019-03-04 00:00:00-05:00,41.86421353434797,42.35507912985598,41.45436381391855,41.902339935302734,109744800
2019-03-05 00:00:00-05:00,41.923789316150554,41.93808580910875,41.590188724744905,41.82609176635742,78949600
2019-03-06 00:00:00-05:00,41.62115992759418,41.816554994525454,41.44721323244979,41.585418701171875,83241600
2019-03-07 00:00:00-05:00,41.43054421304361,41.566368186765395,40.989719863594985,41.104095458984375,99185600
2019-03-08 00:00:00-05:00,40.584637390153304,41.23992008169563,40.3892422605175,41.2017936706543,95997600
2019-03-11 00:00:00-04:00,41.816560802649775,42.681531325611424,41.78320110804429,42.62910842895508,128044000
2019-03-12 00:00:00-04:00,42.89123809327808,43.52745768868281,42.74111759645231,43.10807800292969,129870400
2019-03-13 00:00:00-04:00,43.42737051589921,43.67757008556457,43.110451545781046,43.29869842529297,124130000
2019-03-14 00:00:00-04:00,43.820525788582664,43.86818560569597,43.50122537515146,43.7800178527832,94318000
2019-03-15 00:00:00-04:00,44.04690664893718,44.63785139707803,43.7824106162076,44.349525451660156,156171600
2019-03-18 00:00:00-04:00,44.273273139252964,44.89042929325558,44.270887966592596,44.80226516723633,104879200
2019-03-19 00:00:00-04:00,44.88090335634377,45.03340534638429,44.30186992001534,44.44722366333008,126585600
2019-03-20 00:00:00-04:00,44.375737368520994,45.152547444755115,44.018310490038075,44.835628509521484,124140800
2019-03-21 00:00:00-04:00,45.27884124565531,46.782416507691266,45.22879987925223,46.486942291259766,204136800
2019-03-22 00:00:00-04:00,46.54651613890854,47.106486442351226,45.45993886884796,45.52427673339844,169630800
2019-03-25 00:00:00-04:00,45.63388069031745,45.74587473890536,44.46390611241121,44.97383499145508,175381200
2019-03-26 00:00:00-04:00,45.66962270436676,45.96033017793337,43.98256747013785,44.50917434692383,199202000
2019-03-27 00:00:00-04:00,44.97620805998751,45.21687414252472,44.45198278594525,44.909488677978516,119393600
2019-03-28 00:00:00-04:00,45.023874875034785,45.16922862786753,44.68551117609868,44.96907043457031,83121600
2019-03-29 00:00:00-04:00,45.23356826498443,45.29313941789581,44.92617907983829,45.26216125488281,94256000
2019-04-01 00:00:00-04:00,45.66485812631572,45.67438790998863,44.8880516813076,45.56954574584961,111448000
2019-04-02 00:00:00-04:00,45.533803597504026,46.33682517645646,45.52427381326158,46.23197937011719,91062800
2019-04-03 00:00:00-04:00,46.04849391519191,46.822918780518556,46.024664003423624,46.548892974853516,93087200
2019-04-04 00:00:00-04:00,46.41545501139502,46.791945110655476,46.02228688104425,46.629913330078125,76457200
2019-04-05 00:00:00-04:00,46.81101273950768,46.965899923630765,46.68710371939616,46.94207000732422,74106400
2019-04-08 00:00:00-04:00,46.803847568996,47.71171105862545,46.784784370030366,47.68073654174805,103526800
2019-04-09 00:00:00-04:00,47.73317589155191,48.336035677504945,47.47344289751336,47.53778076171875,143072800
2019-04-10 00:00:00-04:00,47.34237292686506,47.833242156932975,47.22323065116516,47.80464553833008,86781200
2019-04-11 00:00:00-04:00,47.85945826640106,47.89519949822014,47.28519156894748,47.406715393066406,83603200
2019-04-12 00:00:00-04:00,47.466280056636435,47.69026810794802,46.753811602792396,47.38764572143555,111042800
2019-04-15 00:00:00-04:00,47.31856233696164,47.621184835604666,47.18273835239689,47.473445892333984,70146400
2019-04-16 00:00:00-04:00,47.528255637857534,47.983376534492095,47.313797281453226,47.478214263916016,102785600
2019-04-17 00:00:00-04:00,47.547307445984586,48.462323072559556,47.32570451341118,48.40275192260742,115627200
2019-04-18 00:00:00-04:00,48.400358790031696,48.6457915965976,48.257390235218836,48.576690673828125,96783200
2019-04-22 00:00:00-04:00,48.331267903197975,48.83404857594951,48.214507135311784,48.736351013183594,77758000
2019-04-23 00:00:00-04:00,48.71250152357338,49.50360785646736,48.58621102184188,49.43927001953125,93292000
2019-04-24 00:00:00-04:00,49.4106933007407,49.6775708811361,49.33682565873371,49.363037109375,70162400
2019-04-25 00:00:00-04:00,49.28440764800036,49.506010596011244,48.87693935413123,48.91506576538086,74172800
2019-04-26 00:00:00-04:00,48.8245100123111,48.84833992518488,48.16207915688333,48.681541442871094,74596400
2019-04-29 00:00:00-04:00,48.70537549946289,49.07948410291866,48.57670340282082,48.75541687011719,88818800
2019-04-30 00:00:00-04:00,48.38606647084663,48.467082355820594,47.444843102407766,47.816566467285156,186139600
2019-05-01 00:00:00-04:00,50.011167604108095,51.30505109696013,49.85628044929439,50.16366958618164,259309200
2019-05-02 00:00:00-04:00,50.00164383738716,50.6712230384966,49.59417917290959,49.83722686767578,127985200
2019-05-03 00:00:00-04:00,50.25184311826302,50.47821277895846,50.09457439721513,50.45676803588867,83569600
2019-05-06 00:00:00-04:00,48.67916480446681,49.76336058348923,48.490921549124295,49.67757797241211,129772400
2019-05-07 00:00:00-04:00,49.05802212127921,49.42497871204055,47.85468447046325,48.338401794433594,155054800
2019-05-08 00:00:00-04:00,48.109665351644786,48.92936506074803,48.07392411151205,48.34794998168945,105358000
2019-05-09 00:00:00-04:00,47.752234575494825,48.05723858660724,46.86105245762417,47.828487396240234,139634400
2019-05-10 00:00:00-04:00,47.22330722271242,47.56536833430933,46.11101823277178,47.165897369384766,164834800
2019-05-13 00:00:00-04:00,44.90064671970861,45.32403198718554,43.738123877782556,44.42463302612305,229722400
2019-05-14 00:00:00-04:00,44.589690316645736,45.37666407819567,44.35048807727735,45.12789535522461,146118800
2019-05-15 00:00:00-04:00,44.55619496049758,45.86702199876712,44.49639441030362,45.66848373413086,106178800
2019-05-16 00:00:00-04:00,45.42689206250881,46.03924912918253,45.17094394873877,45.46755599975586,132125600
2019-05-17 00:00:00-04:00,44.714074297471804,45.663707510433305,44.673410353458074,45.209224700927734,131516400
2019-05-20 00:00:00-04:00,43.89839107594167,44.09692935038118,43.12337459318291,43.7955322265625,154449200
2019-05-21 00:00:00-04:00,44.30503541950881,44.97001729820006,44.18064924329761,44.635135650634766,113459200
2019-05-22 00:00:00-04:00,44.17108734343066,44.422250430132046,43.666370461560184,43.72138595581055,118994400
2019-05-23 00:00:00-04:00,43.008562935243226,43.18557025463366,42.53254916971738,42.975074768066406,146118800
2019-05-24 00:00:00-04:00,43.10424582926103,43.56829879019288,42.72630582654269,42.810028076171875,94858800
2019-05-28 00:00:00-04:00,42.79806098088244,43.19752825231062,42.55646805143749,42.63301086425781,111792800
2019-05-29 00:00:00-04:00,42.20005178150852,42.900916127061286,42.09958729527348,42.4296875,113924800
2019-05-30 00:00:00-04:00,42.56603133944261,42.87220986761559,42.25985281126963,42.64975357055664,84873600
2019-05-31 00:00:00-04:00,42.154600363851024,42.57559854863849,41.857991988135176,41.87712860107422,108174400
2019-06-03 00:00:00-04:00,42.0039165147465,42.558863836181885,40.72896808562691,41.45375061035156,161584400
2019-06-04 00:00:00-04:00,41.965649889890884,43.01574778569062,41.74558422345204,42.970298767089844,123872000
2019-06-05 00:00:00-04:00,44.08017256432873,44.250007699321216,43.32907794817692,43.66395950317383,119093600
2019-06-06 00:00:00-04:00,43.79314581301077,44.36483901115955,43.57068583552247,44.30503845214844,90105200
2019-06-07 00:00:00-04:00,44.61360655057878,45.90769148933359,44.43659923654732,45.48430252075195,122737600
2019-06-10 00:00:00-04:00,45.88138027302039,46.732939648630975,45.83593126422042,46.06556701660156,104883600
2019-06-11 00:00:00-04:00,46.61095605263165,46.88364650364516,46.30956249622843,46.598995208740234,107731600
2019-06-12 00:00:00-04:00,46.393277552125554,46.87646713884036,46.259324870645045,46.450687408447266,73012800
2019-06-13 00:00:00-04:00,46.57267065219424,47.072602406865755,46.30955040496847,46.44110870361328,86698400
2019-06-14 00:00:00-04:00,45.8191886319466,46.30715958311369,45.52018583958195,46.10383987426758,75046000
2019-06-17 00:00:00-04:00,46.14210618535647,46.63486581817367,45.96748958898146,46.3789176940918,58676400
2019-06-18 00:00:00-04:00,46.89560067509566,47.90981585388891,46.69467166608227,47.46968460083008,106204000
2019-06-19 00:00:00-04:00,47.76390721258255,47.81175058622258,47.196999004330465,47.33095169067383,84496800
2019-06-20 00:00:00-04:00,47.9289405928447,47.986350431164496,47.36920835648545,47.71126937866211,86056000
2019-06-21 00:00:00-04:00,47.55339956808391,48.04376482331306,47.39791594328948,47.548614501953125,191202400
2019-06-24 00:00:00-04:00,47.49120806529403,47.87871815109603,47.40270441017317,47.50077819824219,72881600
2019-06-25 00:00:00-04:00,47.464891779808674,47.66343004792434,46.713797002206945,46.78077697753906,84281200
2019-06-26 00:00:00-04:00,47.30702234220642,48.07725375444767,47.20655785147097,47.7926025390625,104270000
2019-06-27 00:00:00-04:00,47.90980994600214,48.21599213856582,47.737587709468265,47.77825164794922,83598800
2019-06-28 00:00:00-04:00,47.52469551117032,47.720843084338505,47.13479837293914,47.34290313720703,124442400
2019-07-01 00:00:00-04:00,48.59872246403011,48.914471197496404,47.9959317500997,48.21121597290039,109012000
2019-07-02 00:00:00-04:00,48.17772796836317,48.58915614675348,48.1657671253992,48.493473052978516,67740800
2019-07-03 00:00:00-04:00,48.62502124767299,48.90249666609173,48.48389283052297,48.895320892333984,45448000
2019-07-05 00:00:00-04:00,48.64176894973504,49.05558773477184,48.53412503952128,48.852264404296875,69062000
2019-07-08 00:00:00-04:00,48.0341982544595,48.17532669133114,47.46011437400138,47.84523010253906,101354400
2019-07-09 00:00:00-04:00,47.64908366307894,48.20164023244244,47.555794939029724,48.13705825805664,82312000
2019-07-10 00:00:00-04:00,48.28297482406582,48.73267256467266,48.21360412874839,48.61307144165039,71588400
2019-07-11 00:00:00-04:00,48.63220334558516,48.890542184265826,48.24948197897164,48.25904846191406,80767200
2019-07-12 00:00:00-04:00,48.426475597236745,48.79723966783726,48.36667505842812,48.629798889160156,70380800
2019-07-15 00:00:00-04:00,48.81878002796971,49.24455968604115,48.797252704231944,49.08668899536133,67789600
2019-07-16 00:00:00-04:00,48.938374549843836,49.301962895972956,48.677645042065016,48.916847229003906,67467200
2019-07-17 00:00:00-04:00,48.80921787684371,49.05798660085317,48.622640421352486,48.64177703857422,56430000
2019-07-18 00:00:00-04:00,48.797247972159944,49.246949268510306,48.725486583390186,49.1943244934082,74162400
2019-07-19 00:00:00-04:00,49.22543030950413,49.39526551603992,48.40496832917344,48.459983825683594,83717200
2019-07-22 00:00:00-04:00,48.71352460835078,49.56986888785843,48.70395812670782,49.56747817993164,89111600
2019-07-23 00:00:00-04:00,49.86409602597792,49.97173629421098,49.5842262186613,49.95499038696289,73420800
2019-07-24 00:00:00-04:00,49.67512349936027,50.02914175520972,49.55552239198474,49.91432571411133,59966400
2019-07-25 00:00:00-04:00,49.96694883497979,50.05067106733842,49.45027119228103,49.5196418762207,55638400
2019-07-26 00:00:00-04:00,49.62967672847252,50.1678817358878,49.54834884778114,49.691871643066406,70475600
2019-07-29 00:00:00-04:00,49.8641061577897,50.385565347597584,49.85932109046995,50.15592956542969,86693600
2019-07-30 00:00:00-04:00,49.9358620581026,50.27074740921103,49.58901951404553,49.94064712524414,135742800
2019-07-31 00:00:00-04:00,51.768149068134655,52.95219944273716,50.54343475015479,50.95964431762695,277125600
2019-08-01 00:00:00-04:00,51.165354806371035,52.15326117014312,49.452669637980264,49.85691833496094,216071600
2019-08-02 00:00:00-04:00,49.16322646839944,49.37850698227008,48.2303393750456,48.802032470703125,163448400
2019-08-05 00:00:00-04:00,47.35965283602837,47.517523540558116,46.065567840975476,46.24736022949219,209572000
2019-08-06 00:00:00-04:00,46.957790753154114,47.3787890279519,46.4148006509655,47.122840881347656,143299200
2019-08-07 00:00:00-04:00,46.742507730135785,47.735195505332065,46.36217706782614,47.610809326171875,133457600
2019-08-08 00:00:00-04:00,47.88829307510755,48.684837061406505,47.69453982302289,48.66091537475586,108038000
2019-08-09 00:00:00-04:00,48.33435204748465,48.6849121066314,47.85172652260763,48.259918212890625,98478800
2019-08-12 00:00:00-04:00,47.93096696496544,48.514438725738295,47.818114477569125,48.1374626159668,89927600
2019-08-13 00:00:00-04:00,48.26713888428118,50.93717339480849,48.13747682636422,50.176021575927734,188874000
2019-08-14 00:00:00-04:00,48.78095677565512,49.568520645476625,48.64409173261856,48.68251037597656,146189600
2019-08-15 00:00:00-04:00,48.85300141700887,49.256386268391125,47.94297838198592,48.44001007080078,108909600
2019-08-16 00:00:00-04:00,49.049880924057916,49.741401862998586,48.94423148463047,49.58292770385742,110481600
2019-08-19 00:00:00-04:00,50.57219353284465,51.07882804853604,50.43052887765902,50.50736618041992,97654400
2019-08-20 00:00:00-04:00,50.634624409226056,51.22769905454453,50.50016279412302,50.509765625,107537200
2019-08-21 00:00:00-04:00,51.141249340489736,51.29971983499902,50.80749515702679,51.05720901489258,86141600
2019-08-22 00:00:00-04:00,51.18927233994728,51.48941113488219,50.603400826025755,51.01399230957031,89014800
2019-08-23 00:00:00-04:00,50.28646541152127,50.91555897861763,48.26233061738834,48.65611267089844,187272000
2019-08-26 00:00:00-04:00,49.429264742992345,49.74861290398016,49.23717515529538,49.580535888671875,104174400
2019-08-27 00:00:00-04:00,49.909486415436,50.075163637483826,48.869805058122104,49.02107620239258,103493200
2019-08-28 00:00:00-04:00,49.0066681246404,49.39564686397116,48.81938179356974,49.35002517700195,63755200
2019-08-29 00:00:00-04:00,50.063148791485034,50.26004159092135,49.621345384100835,50.185604095458984,83962000
2019-08-30 00:00:00-04:00,50.46174203034494,50.53137262674945,49.75101166966507,50.120784759521484,84573600
2019-09-03 00:00:00-04:00,49.56611482256738,49.69817661292459,49.035471533772906,49.39083480834961,80092000
2019-09-04 00:00:00-04:00,50.03675026808803,50.29847047880786,49.77983330506893,50.22883987426758,76752400
2019-09-05 00:00:00-04:00,50.90354224548307,51.376561303793046,50.78588651283309,51.21088409423828,95654800
2019-09-06 00:00:00-04:00,51.395778829958495,51.484618759601176,51.02600570478871,51.20608901977539,77449200
2019-09-09 00:00:00-04:00,51.58546887972169,51.96964811295189,50.68025265249834,51.42459487915039,109237600
2019-09-10 00:00:00-04:00,51.35015557390354,52.051279485915714,50.83391821884729,52.03207015991211,127111600
2019-09-11 00:00:00-04:00,52.36102145030546,53.71524770381324,52.27938090410862,53.686431884765625,177158400
2019-09-12 00:00:00-04:00,53.976967258907166,54.36594600540606,53.51115121424335,53.566375732421875,128906800
2019-09-13 00:00:00-04:00,52.8244384765625,53.01412462083623,52.10890847215429,52.52429962158203,159053200
2019-09-16 00:00:00-04:00,52.27937831072937,52.855647033642335,52.23855987155783,52.800418853759766,84632400
2019-09-17 00:00:00-04:00,52.81482810263167,53.02132375192014,52.61313203639829,52.99250793457031,73274800
2019-09-18 00:00:00-04:00,53.07893723270324,53.50873797571975,52.68995858395568,53.48952865600586,101360000
2019-09-19 00:00:00-04:00,53.307056774538246,53.72725114264616,52.91327477040642,53.0549430847168,88242400
2019-09-20 00:00:00-04:00,53.15578062057358,53.439109875358426,52.21694562055294,52.27937316894531,221652400
2019-09-23 00:00:00-04:00,52.57230672269813,52.786005382427604,52.26016166615533,52.51708221435547,76662000
2019-09-24 00:00:00-04:00,53.071745622463716,53.42230937106519,52.14972006049818,52.267372131347656,124763200
2019-09-25 00:00:00-04:00,52.47628374422586,53.184610784898084,52.13772620032262,53.07175827026367,87613600
2019-09-26 00:00:00-04:00,52.824439404828816,53.05014441394907,52.54350987128694,52.79802703857422,75334000
2019-09-27 00:00:00-04:00,52.95409101125522,53.054940879557066,52.17133028274097,52.54110336303711,101408000
2019-09-30 00:00:00-04:00,53.04053666142086,53.924147350243985,53.01412429579234,53.777679443359375,103909600
2019-10-01 00:00:00-04:00,54.04180014068749,54.79814854366671,53.832901018952796,53.926544189453125,139223200
2019-10-02 00:00:00-04:00,53.559175493563515,53.68403427770665,52.32740451351937,52.57472229003906,138449200
2019-10-03 00:00:00-04:00,52.447459000713295,53.05494337549281,51.65509540469614,53.02132797241211,114426000
2019-10-04 00:00:00-04:00,54.178663133484626,54.62287009035569,53.75846874977578,54.50761413574219,138478800
2019-10-07 00:00:00-04:00,54.329921450465996,55.20872499803021,54.22667180682277,54.51960754394531,122306000
2019-10-08 00:00:00-04:00,54.22188901725137,54.75973552309099,53.86412216814556,53.88092803955078,111820000
2019-10-09 00:00:00-04:00,54.51240539550781,54.694888454476924,54.17865121925164,54.51240539550781,74770400
2019-10-10 00:00:00-04:00,54.728517233423744,55.33119839486909,54.577249742952276,55.24715805053711,113013600
2019-10-11 00:00:00-04:00,55.933864711609424,57.05998604876927,55.78019379619807,56.71662902832031,166795600
2019-10-14 00:00:00-04:00,56.40208648570823,57.17764784685901,56.34686196781524,56.63499450683594,96427600
2019-10-15 00:00:00-04:00,56.759854250095415,57.06239287164702,56.39728786256741,56.50293731689453,87360000
2019-10-16 00:00:00-04:00,56.03472639321673,56.48373664287502,55.993907945757734,56.274837493896484,73903200
2019-10-17 00:00:00-04:00,56.44771784318485,56.70223502398383,56.070745319870674,56.49333953857422,67585200
2019-10-18 00:00:00-04:00,56.32765975363138,57.04559323208137,56.255625693832314,56.76466369628906,97433600
2019-10-21 00:00:00-04:00,57.03117389835004,57.8643594805564,56.98315242424609,57.74910354614258,87247200
2019-10-22 00:00:00-04:00,57.90518270314261,58.15489658740651,57.53540962798938,57.61705017089844,82293600
2019-10-23 00:00:00-04:00,58.130888664552984,58.40461512439032,57.91958976088768,58.39020538330078,75828800
2019-10-24 00:00:00-04:00,58.70953803887758,58.77917227912216,58.061239085465076,58.486236572265625,69275200
2019-10-25 00:00:00-04:00,58.385401792575365,59.242596306464485,58.318170993988126,59.206581115722656,73477200
2019-10-28 00:00:00-04:00,59.408273742307344,59.84767739008357,59.24019674518622,59.79965591430664,96572800
2019-10-29 00:00:00-04:00,59.78045498091568,59.96774132739238,58.24374555756727,58.416622161865234,142839600
2019-10-30 00:00:00-04:00,58.76958279527963,58.89924482176762,57.91719144782321,58.40941619873047,124522000
2019-10-31 00:00:00-04:00,59.365063861542914,59.82847648047376,56.96875268058943,59.73003005981445,139162000
2019-11-01 00:00:00-04:00,59.91731576023175,61.45162537567779,59.826076043549875,61.42521667480469,151125200
2019-11-04 00:00:00-05:00,61.78778735460144,61.91264981872818,61.319575096954345,61.828609466552734,103272000
2019-11-05 00:00:00-05:00,61.720552176754836,61.994282334049466,61.5452757723623,61.73976516723633,79897600
2019-11-06 00:00:00-05:00,61.65332181124007,61.82620208877956,61.317167751471324,61.76617431640625,75864400
2019-11-07 00:00:00-05:00,62.31285978131859,62.70060306371024,62.16113446862657,62.479034423828125,94940400
2019-11-08 00:00:00-05:00,62.300830334874874,62.72228633262154,61.857700339197216,62.65003967285156,69986400
2019-11-11 00:00:00-05:00,62.20689431328376,63.21116685235938,62.202080319789076,63.14614486694336,81821200
2019-11-12 00:00:00-05:00,62.98958734351304,63.2882239296663,62.83786940371136,63.08832931518555,87388800
2019-11-13 00:00:00-05:00,62.888432430266306,63.76746735630996,62.87398310487646,63.69281005859375,102734400
2019-11-14 00:00:00-05:00,63.51942181384487,63.791563071866,63.12205059753754,63.25210189819336,89182800
2019-11-15 00:00:00-05:00,63.50255217696832,64.0083006253325,63.34119892343502,64.00348663330078,100206400
2019-11-18 00:00:00-05:00,64.01312410296957,64.40568132510607,63.635023558282754,64.32621002197266,86703200
2019-11-19 00:00:00-05:00,64.51888524762629,64.5429699152776,63.9144019823477,64.13114929199219,76167200
2019-11-20 00:00:00-05:00,63.95051231825009,64.08055626785473,62.71263267859767,63.38455581665039,106234400
2019-11-21 00:00:00-05:00,63.50496048887865,63.582028456160344,62.900470104272074,63.100364685058594,121395200
2019-11-22 00:00:00-05:00,63.2400638402488,63.38215381547278,62.81860790794425,63.04499053955078,65325200
2019-11-25 00:00:00-05:00,63.26896005744073,64.1672658843364,63.22320139858819,64.15040588378906,84020400
2019-11-26 00:00:00-05:00,64.28765514721636,64.34063844862932,63.21836113659471,63.649452209472656,105207600
2019-11-27 00:00:00-05:00,63.9601500849875,64.53815268116317,63.89512810024147,64.50443267822266,65235600
2019-11-29 00:00:00-05:00,64.20579591584789,64.54295915794552,64.03721061999535,64.36233520507812,46617600
2019-12-02 00:00:00-05:00,64.36715942230869,64.60317740407082,63.44718686194022,63.6181755065918,94487200
2019-12-03 00:00:00-05:00,62.20928904177194,62.50310426103313,61.722811237581595,62.48384094238281,114430400
2019-12-04 00:00:00-05:00,62.87398990266559,63.41345104116114,62.780061927870314,63.035343170166016,67181600
2019-12-05 00:00:00-05:00,63.52904500174789,64.03479343016674,63.27376379161753,63.96012878417969,74424400
2019-12-06 00:00:00-05:00,64.41771253552191,65.2654380891989,64.37435721234547,65.19559478759766,106075600
2019-12-09 00:00:00-05:00,65.02461888758106,65.21728148518294,63.79878528754208,64.2828598022461,128042400
2019-12-10 00:00:00-05:00,64.68746036332061,65.04148360806178,64.02757585193183,64.65856170654297,90420400
2019-12-11 00:00:00-05:00,64.73802401273718,65.28953113493121,64.6633667099047,65.21005249023438,78756800
2019-12-12 00:00:00-05:00,64.48999124414951,65.64116788478415,64.3792105844826,65.37625122070312,137310400
2019-12-13 00:00:00-05:00,65.37623737672222,66.30103115854632,65.2485967405498,66.26490783691406,133587600
2019-12-16 00:00:00-05:00,66.71043240289573,67.623187308464,66.70561841103523,67.39920806884766,128186000
2019-12-17 00:00:00-05:00,67.32939453528536,67.85922045100963,67.14394921761478,67.53169250488281,114158400
2019-12-18 00:00:00-05:00,67.38476487826064,67.89051335467951,67.22100094482415,67.37031555175781,116028400
2019-12-19 00:00:00-05:00,67.31250658669452,67.71710235790785,67.18005200015853,67.43773651123047,98369200
2019-12-20 00:00:00-05:00,67.97000364021376,68.07114894305518,67.08614715319112,67.29808044433594,275978000
2019-12-23 00:00:00-05:00,67.5605836287108,68.45647873677,67.52204963647512,68.39627075195312,98572000
2019-12-24 00:00:00-05:00,68.56244109414793,68.61061041883474,68.13617123413715,68.46128845214844,48478800
2019-12-26 00:00:00-05:00,68.59377651700305,69.83647060071867,68.56487785103917,69.81961059570312,93121200
2019-12-27 00:00:00-05:00,70.11099839799601,70.79737094783557,69.38850252439819,69.79309844970703,146266000
2019-12-30 00:00:00-05:00,69.71120798213394,70.4890977572307,68.69008295692782,70.20732116699219,144114400
2019-12-31 00:00:00-05:00,69.82441117567208,70.72753106158736,69.72566918619233,70.72030639648438,100805600
2020-01-02 00:00:00-05:00,71.34403937841115,72.39407027941263,71.09116882440814,72.3338623046875,135480400
2020-01-03 00:00:00-05:00,71.56322072155912,72.38927264137095,71.40668140593664,71.63065338134766,146322800
2020-01-06 00:00:00-05:00,70.7539985575802,72.23992710936326,70.50353134989086,72.2013931274414,118387200
2020-01-07 00:00:00-05:00,72.21105649751387,72.46633779595872,71.6426965801033,71.86185455322266,108872000
2020-01-08 00:00:00-05:00,71.56562119935828,73.31887745373415,71.56562119935828,73.01783752441406,132079200
2020-01-09 00:00:00-05:00,73.99319481949146,74.76144921222713,73.7427349209394,74.56878662109375,170108400
2020-01-10 00:00:00-05:00,74.80241031619431,75.3009342510977,74.23645372460896,74.73738098144531,140644800
2020-01-13 00:00:00-05:00,75.05285582286368,76.36057125816924,74.9348431957367,76.33407592773438,121532000
2020-01-14 00:00:00-05:00,76.27147857331117,76.48100118582082,75.18051017572739,75.30332946777344,161954400
2020-01-15 00:00:00-05:00,75.10343270524221,75.98246770801262,74.54951490172726,74.98060607910156,121923600
2020-01-16 00:00:00-05:00,75.52249718552835,76.03065646802948,75.16124922768141,75.91986846923828,108829200
2020-01-17 00:00:00-05:00,76.16791647174253,76.76277166888072,75.86206254796348,76.76036834716797,137816400
2020-01-21 00:00:00-05:00,76.3894803308505,76.83019952815127,76.10288974668396,76.24016571044922,110843200
2020-01-22 00:00:00-05:00,76.72422448512405,77.06379835057774,76.41837061392836,76.51229858398438,101832400
2020-01-23 00:00:00-05:00,76.56530902285643,76.96026966222608,76.01861570517516,76.88079833984375,104472000
2020-01-24 00:00:00-05:00,77.1264093803084,77.86816833505755,76.4689357036674,76.65919494628906,146537600
2020-01-27 00:00:00-05:00,74.67237218746828,75.08419286532549,73.4248641436704,74.4050521850586,161940000
2020-01-28 00:00:00-05:00,75.2840767149778,76.68089922753784,75.18533472345831,76.5099105834961,162234000
2020-01-29 00:00:00-05:00,78.1379073772642,78.95673430952284,77.39855173256706,78.11141204833984,216229200
2020-01-30 00:00:00-05:00,77.19626294921763,78.05121329496869,76.76517176985938,77.99822998046875,126743200
2020-01-31 00:00:00-05:00,77.29020649112265,77.71166246110458,74.24609404973549,74.53990936279297,199588400
2020-02-03 00:00:00-05:00,73.28515870612867,75.4984048922783,72.78423148900761,74.33518981933594,173788400
2020-02-04 00:00:00-05:00,75.93672133535755,76.97952779146334,75.53212542449515,76.78926849365234,136616400
2020-02-05 00:00:00-05:00,77.91394467954083,78.21258127557842,76.81334832632962,77.4154281616211,118826800
2020-02-06 00:00:00-05:00,77.6851684350144,78.32337167005116,77.12884718583062,78.32096099853516,105425600
2020-02-07 00:00:00-05:00,77.82123854389138,78.06988383321008,76.76630651671353,77.25635528564453,117684000
2020-02-10 00:00:00-05:00,75.84414097834794,77.62328338623047,75.76448107418051,77.62328338623047,109348800
2020-02-11 00:00:00-05:00,78.11818095050265,78.19059906005786,76.9377141953968,77.15497589111328,94323200
2020-02-12 00:00:00-05:00,77.60401366524216,78.99208433087418,77.60401366524216,78.98725891113281,113730400
2020-02-13 00:00:00-05:00,78.26059867524006,78.75064746940821,78.05782062596876,78.42475128173828,94747600
2020-02-14 00:00:00-05:00,78.39334599690582,78.69269125395607,77.93709735382313,78.44404602050781,80113600
2020-02-18 00:00:00-05:00,76.12901616267288,77.18878123005356,75.94796350927948,77.00772857666016,152531200
2020-02-19 00:00:00-05:00,77.24911404532844,78.3523297233802,77.24911404532844,78.12299346923828,93984000
2020-02-20 00:00:00-05:00,77.88403050271104,78.37166303401608,76.81702354297988,77.3215560913086,100566000
2020-02-21 00:00:00-05:00,76.91597690115918,77.35774940247184,74.95578178960817,75.57135772705078,129554000
2020-02-24 00:00:00-05:00,71.75961758398634,73.43012593023869,69.82114748147725,71.98170471191406,222195200
2020-02-25 00:00:00-05:00,72.65038734565039,73.03180163978591,69.07278565467855,69.54351806640625,230673600
2020-02-26 00:00:00-05:00,69.16936277352076,71.9092946933909,69.16212096129591,70.6467514038086,198054800
2020-02-27 00:00:00-05:00,67.85851360418104,69.0413890764873,65.89348591735909,66.02867126464844,320605600
2020-02-28 00:00:00-05:00,62.103468343907636,67.20915102510166,61.88861568726967,65.99005889892578,426510000
2020-03-02 00:00:00-05:00,68.14339616645945,72.76868922917748,67.0425965295844,72.13379669189453,341397200
2020-03-03 00:00:00-05:00,73.30703084112471,73.38669078369585,68.99314253337712,69.84288787841797,319475600
2020-03-04 00:00:00-05:00,71.561635057031,73.24180090646557,70.76259027435336,73.08247375488281,219178400
2020-03-05 00:00:00-05:00,71.33956494467967,72.31242082695749,70.34740002247567,70.71192169189453,187572800
2020-03-06 00:00:00-05:00,68.07579869358199,70.20497969740977,67.88992061879122,69.77286529541016,226176800
2020-03-09 00:00:00-04:00,63.67019462249963,67.13192109726523,63.4891419363693,64.25439453125,286744800
2020-03-10 00:00:00-04:00,66.90257561810807,69.14762542571471,65.0268655374001,68.882080078125,285290000
2020-03-11 00:00:00-04:00,66.96292517997638,67.88749740945617,65.62795665733853,66.4897689819336,255598800
2020-03-12 00:00:00-04:00,61.7848064103127,65.1789387030404,59.868062216126,59.923583984375,418474000
2020-03-13 00:00:00-04:00,63.94539557678096,67.57369096094727,61.06303266081341,67.10295104980469,370732000
2020-03-16 00:00:00-04:00,58.40758489593045,62.54282496971143,57.9368487366503,58.47035217285156,322423600
2020-03-17 00:00:00-04:00,59.74978379495811,62.187957132183904,57.55059758461941,61.04129409790039,324056000
2020-03-18 00:00:00-04:00,57.88131079294163,60.350867249400196,57.241589389983226,59.546993255615234,300233600
2020-03-19 00:00:00-04:00,59.72080339842934,61.036451553451855,58.56689512385312,59.09074020385742,271857200
2020-03-20 00:00:00-04:00,59.67011594836406,60.79264444451166,55.03999854094989,55.33934020996094,401693200
2020-03-23 00:00:00-04:00,55.059300920685246,55.16068993061355,51.324789145799386,54.163692474365234,336752800
2020-03-24 00:00:00-04:00,57.05812866753022,59.79323063321941,56.56083807077307,59.597694396972656,287531200
2020-03-25 00:00:00-04:00,60.53192941719469,62.34245572079971,58.974877532799404,59.26939010620117,303602000
2020-03-26 00:00:00-04:00,59.510798931904375,62.44626304168301,59.47217348326275,62.388328552246094,252087200
2020-03-27 00:00:00-04:00,61.014739603264104,61.76791740598874,59.638740277699725,59.8053092956543,204216800
2020-03-30 00:00:00-04:00,60.529517371062305,61.68342585318123,60.206033868463194,61.512027740478516,167976400
2020-03-31 00:00:00-04:00,61.70274686140532,63.36601343634172,60.83369263605144,61.386505126953125,197002000
2020-04-01 00:00:00-04:00,59.50596949204973,60.04188561745125,57.726826674200176,58.156524658203125,176218400
2020-04-02 00:00:00-04:00,58.01891951220774,59.18006982201146,57.188490836952404,59.12696075439453,165934000
2020-04-03 00:00:00-04:00,58.61278008138311,59.31284887197434,57.68820408379941,58.27722930908203,129880000
2020-04-06 00:00:00-04:00,60.568124396222636,63.51565847082729,60.20119380275697,63.36116409301758,201820400
2020-04-07 00:00:00-04:00,65.37207245676143,65.58934152567265,62.52351377225885,62.627315521240234,202887200
2020-04-08 00:00:00-04:00,63.42635444288139,64.54405384793799,63.06184016051964,64.23023223876953,168895200
2020-04-09 00:00:00-04:00,64.86512738575412,65.19584902236409,63.89951332637289,64.6937255859375,161834800
2020-04-13 00:00:00-04:00,64.7709597033301,66.07212784753266,64.17227648943236,65.96349334716797,131022800
2020-04-14 00:00:00-04:00,67.59298426311395,69.58456326372355,67.12224446160415,69.29487609863281,194994800
2020-04-15 00:00:00-04:00,68.17235803124424,69.12107217268907,67.74507641878203,68.66240692138672,131154400
2020-04-16 00:00:00-04:00,69.37453102131897,69.57248363661981,68.16027185080422,69.20796203613281,157125200
2020-04-17 00:00:00-04:00,68.72516946310567,69.27074378183441,66.83497575491855,68.26891326904297,215250000
2020-04-20 00:00:00-04:00,67.09811161151838,67.99854202997274,66.83256626499734,66.85187530517578,130015200
2020-04-21 00:00:00-04:00,66.69494844279068,66.92911009651182,64.07571939662287,64.78544616699219,180991600
2020-04-22 00:00:00-04:00,66.05039726124157,67.08602016909022,65.71002486509416,66.65149688720703,116862400
2020-04-23 00:00:00-04:00,66.59599709494192,68.01545116760279,66.35459354155203,66.39321899414062,124814400
2020-04-24 00:00:00-04:00,66.91706365013007,68.3196176159111,66.8687799957314,68.3099594116211,126161200
2020-04-27 00:00:00-04:00,68.02749402346188,68.68894453234053,67.58090350335026,68.35822296142578,117087600
2020-04-28 00:00:00-04:00,68.81930583953189,69.00035846269303,67.15845596472252,67.25018310546875,112004800
2020-04-29 00:00:00-04:00,68.73481211774124,69.92734583940624,68.53203408860236,69.45902252197266,137280800
2020-04-30 00:00:00-04:00,69.99736587702316,71.10058178322025,69.60870972779222,70.92435455322266,183064000
2020-05-01 00:00:00-04:00,69.1017567929507,72.17965163700352,69.00519685948858,69.78251647949219,240616800
2020-05-04 00:00:00-04:00,69.80665406694762,70.89779524622708,69.11865261133845,70.76985168457031,133568000
2020-05-05 00:00:00-04:00,71.22853757699251,72.66247538830531,71.08369395995085,71.83204650878906,147751200
2020-05-06 00:00:00-04:00,72.53210878963873,73.20321036598678,72.14827802802382,72.57315063476562,142333600
2020-05-07 00:00:00-04:00,73.19837114485792,73.66911092684012,72.89661676334377,73.32389831542969,115215200
2020-05-08 00:00:00-04:00,73.98229650289032,75.1223827731926,73.65551811313698,75.06912994384766,133838400
2020-05-11 00:00:00-04:00,74.57775171164975,76.74415709638575,74.36957888241814,76.2503662109375,145946400
2020-05-12 00:00:00-04:00,76.93296900656856,77.38319884408511,75.25793879153254,75.37896728515625,162301200
2020-05-13 00:00:00-04:00,75.55809041384309,76.47791143801962,73.39410026175051,74.46883392333984,200622400
2020-05-14 00:00:00-04:00,73.7087840752181,74.98684482021679,72.98745151047878,74.92633056640625,158929200
2020-05-15 00:00:00-04:00,72.70181680027588,74.52934407916516,72.66792527667609,74.48335266113281,166348400
2020-05-18 00:00:00-04:00,75.80498172029709,76.611028150083,75.11511790410643,76.2382583618164,135178400
2020-05-19 00:00:00-04:00,76.25522103808397,77.0999976554672,75.76626852775506,75.79773712158203,101729600
2020-05-20 00:00:00-04:00,76.65460843756124,77.34204942619355,76.6158784313997,77.27185821533203,111504800
2020-05-21 00:00:00-04:00,77.13387754437865,77.67366726497515,76.4585365069764,76.69575500488281,102688800
2020-05-22 00:00:00-04:00,76.43434344951643,77.27186606725144,76.3326836366315,77.18956756591797,81803200
2020-05-26 00:00:00-04:00,78.30543299444078,78.48455279572174,76.61103413521022,76.66670989990234,125522000
2020-05-27 00:00:00-04:00,76.52389490649263,77.1459757123096,75.7856167074525,77.00074005126953,112945200
2020-05-28 00:00:00-04:00,76.67638285095582,78.29090607267398,76.4004417495467,77.03462982177734,133560800
2020-05-29 00:00:00-04:00,77.27667344915052,77.73658013010277,76.6037554918858,76.95957946777344,153532400
2020-06-01 00:00:00-04:00,76.91362393056917,78.02708778430363,76.78291106151043,77.90605926513672,80791200
2020-06-02 00:00:00-04:00,77.63975893458408,78.29089265581315,77.19921355683967,78.26668548583984,87642800
2020-06-03 00:00:00-04:00,78.58621903033732,78.95898884323296,78.01496072344597,78.69756317138672,104491200
2020-06-04 00:00:00-04:00,78.5208656190316,78.81859097042819,77.6470360985682,78.01980590820312,87560400
2020-06-05 00:00:00-04:00,78.26912701737099,80.30240419943048,78.2400813612976,80.24188995361328,137250400
2020-06-08 00:00:00-04:00,79.93931540745123,80.75020774515244,79.23009024878114,80.71631622314453,95654400
2020-06-09 00:00:00-04:00,80.39682040985336,83.6573213064147,80.3653518160227,83.26519012451172,147712400
2020-06-10 00:00:00-04:00,84.21164723555474,85.87457800723712,83.77352456071829,85.40740966796875,166651600
2020-06-11 00:00:00-04:00,84.55293109627195,84.97653085136815,81.20528599627451,81.30694580078125,201662400
2020-06-12 00:00:00-04:00,83.44188410385023,84.18741636682982,80.90028576320306,82.00890350341797,200146000
2020-06-15 00:00:00-04:00,80.66547714891838,83.67424321088224,80.5032957450343,83.02310943603516,138808800
2020-06-16 00:00:00-04:00,85.07334504214955,85.49452921505798,83.44188334314991,85.22341918945312,165428800
2020-06-17 00:00:00-04:00,85.96652717235735,86.02704141186865,84.98377651365317,85.10480499267578,114406400
2020-06-18 00:00:00-04:00,85.06125763268233,85.55505601805591,84.53115217198582,85.13871765136719,96820400
2020-06-19 00:00:00-04:00,85.8430918789263,86.30783714893171,83.54596609025744,84.65216827392578,264476000
2020-06-22 00:00:00-04:00,85.0443003318489,87.00980187063504,84.99830891368086,86.86698913574219,135445200
2020-06-23 00:00:00-04:00,88.1087417587427,90.13718045697547,87.68998051908838,88.72114562988281,212155600
2020-06-24 00:00:00-04:00,88.35079901624333,89.26819705246864,86.78226710315806,87.15503692626953,192623200
2020-06-25 00:00:00-04:00,87.30994555491553,88.35078749388231,86.55230611311778,88.31205749511719,137522400
2020-06-26 00:00:00-04:00,88.20797597788908,88.42824869367755,85.4509437109353,85.59860229492188,205256800
2020-06-29 00:00:00-04:00,85.50662726415537,87.6657787527797,85.02977472321102,87.57137298583984,130646000
2020-06-30 00:00:00-04:00,87.15987418081895,88.58801627360432,87.14051287267962,88.30238342285156,140223200
2020-07-01 00:00:00-04:00,88.37985592496987,88.92206127344404,88.08696900587378,88.1353759765625,110737200
2020-07-02 00:00:00-04:00,89.04067423366814,89.67486242954287,88.02161627129679,88.1353759765625,114041600
2020-07-06 00:00:00-04:00,89.56109809240039,90.96018738333704,89.52962949763806,90.4930191040039,118655600
2020-07-07 00:00:00-04:00,90.87059148435713,91.64759214853022,90.10085223248505,90.21219635009766,112424400
2020-07-08 00:00:00-04:00,91.18769953716944,92.34473152661032,91.10055518911935,92.31326293945312,117092000
2020-07-09 00:00:00-04:00,93.20403412942578,93.2572869587544,91.66455533300416,92.71024322509766,125642800
2020-07-10 00:00:00-04:00,92.30600881208682,92.93051996359854,91.69602787555728,92.87242126464844,90257200
2020-07-13 00:00:00-04:00,94.17468319640058,96.77921853086478,92.23096604261153,92.44397735595703,191649200
2020-07-14 00:00:00-04:00,91.82674866099546,94.1650203886337,90.89483503243176,93.97380065917969,170989200
2020-07-15 00:00:00-04:00,95.84489458759741,96.09421302015997,93.42432441242931,94.62008666992188,153198000
2020-07-16 00:00:00-04:00,93.49450240060445,94.31023318785083,92.85789140298706,93.45577239990234,110577600
2020-07-17 00:00:00-04:00,93.90601706451432,94.06092970486094,92.79496892260524,93.26698303222656,92186800
2020-07-20 00:00:00-04:00,93.35411815070974,95.37044953138843,93.01039399095433,95.23247528076172,90318000
2020-07-21 00:00:00-04:00,96.02159737840238,96.09663446170768,93.66880290920021,93.91812133789062,103433200
2020-07-22 00:00:00-04:00,93.62037944003524,94.86213298167614,93.53324246932021,94.18195343017578,89001600
2020-07-23 00:00:00-04:00,93.91567346927818,93.99313346599342,89.08664175912257,89.89511108398438,197004400
2020-07-24 00:00:00-04:00,88.09664593771886,90.01615612762265,86.31267968652797,89.67243194580078,185438800
2020-07-27 00:00:00-04:00,90.73264205708286,91.88967418415685,90.50995376100627,91.79769134521484,121214000
2020-07-28 00:00:00-04:00,91.36925259131361,91.54595685387366,90.28483461346657,90.28968048095703,103625600
2020-07-29 00:00:00-04:00,90.77137079362801,92.20435141750036,90.73506372270917,92.0203857421875,90329200
2020-07-30 00:00:00-04:00,91.1949712384762,93.23793283077006,90.7883172670131,93.13385009765625,158130000
2020-07-31 00:00:00-04:00,99.61613418906329,103.03397765297315,97.62157959922047,102.88390350341797,374336800
2020-08-03 00:00:00-04:00,104.7622398081077,108.09052270549662,104.4645145020522,105.47631072998047,308151200
2020-08-04 00:00:00-04:00,105.66514250286653,107.26998160372126,104.9438099795325,106.18072509765625,173071600
2020-08-05 00:00:00-04:00,105.90234853375506,106.8850992523654,105.43759589570149,106.56558227539062,121776800
2020-08-06 00:00:00-04:00,106.89719478834881,110.77736760867772,106.30899814130089,110.2835693359375,202428800
2020-08-07 00:00:00-04:00,109.80586800423681,110.26175680038186,106.98082124977309,107.77619934082031,198045600
2020-08-10 00:00:00-04:00,109.21902314455248,110.35874505613272,106.69709332777636,109.34269714355469,212403600
2020-08-11 00:00:00-04:00,108.60796447088038,109.10507306907006,105.83141158748525,106.09088134765625,187902400
2020-08-12 00:00:00-04:00,107.17966637873178,109.87377217439806,106.98567459916234,109.61672973632812,165598000
2020-08-13 00:00:00-04:00,110.99408465160128,112.55817011651827,110.50667052619417,111.55667114257812,210082000
2020-08-14 00:00:00-04:00,111.38209538230294,111.5469891554141,109.65068856369695,111.45726776123047,165565200
2020-08-17 00:00:00-04:00,112.57757328432733,112.60182410704658,110.54062998121614,111.166259765625,119561600
2020-08-18 00:00:00-04:00,110.91890789561272,112.51693852673742,110.58426581680665,112.09257507324219,105633600
2020-08-19 00:00:00-04:00,112.49995954797271,113.64452867430332,112.13864675565405,112.23321533203125,145538000
2020-08-20 00:00:00-04:00,112.27444044495672,114.8375973733061,112.2574641314498,114.72362518310547,126907200
2020-08-21 00:00:00-04:00,115.6814742972318,121.11817961837231,115.6693525872738,120.6356201171875,338054800
2020-08-24 00:00:00-04:00,124.83319799639226,124.91807958440302,120.21612802925294,122.07847595214844,345937600
2020-08-25 00:00:00-04:00,120.95329109467639,121.42130160395935,119.35768029886763,121.07695770263672,211495600
2020-08-26 00:00:00-04:00,122.39127306939878,123.17937664467517,121.32672345710665,122.7234878540039,163022400
2020-08-27 00:00:00-04:00,123.32486169573068,123.657076446734,120.11424426928406,121.25639343261719,155552400
2020-08-28 00:00:00-04:00,122.22880256231407,122.64589153107447,120.83689273182479,121.05998992919922,187630000
2020-08-31 00:00:00-04:00,123.74924435405829,127.06655257654671,122.21668415759454,125.16539764404297,225702700
2020-09-01 00:00:00-04:00,128.7737011544299,130.75245576113278,126.61066398001222,130.15106201171875,151948100
2020-09-02 00:00:00-04:00,133.45865994566697,133.8369490459464,123.18664339139957,127.45452117919922,200119000
2020-09-03 00:00:00-04:00,123.09935930505591,124.97140134269283,116.8818246649217,117.25041198730469,257599600
2020-09-04 00:00:00-04:00,116.46471946533688,119.98572065509111,107.56036231574582,117.32799530029297,332607200
2020-09-08 00:00:00-04:00,110.52849400857393,115.41716207276087,109.29663073421304,109.43242645263672,231366600
2020-09-09 00:00:00-04:00,113.7391214492864,115.56266939432574,111.799173992742,113.79731750488281,176940500
2020-09-10 00:00:00-04:00,116.74601936225844,116.88181506989982,109.12202651754133,110.0822982788086,182274400
2020-09-11 00:00:00-04:00,111.1298709484181,111.77005705290503,106.69709205627441,108.63703918457031,180860300
2020-09-14 00:00:00-04:00,111.27538896641066,112.4490563072492,109.41304115616997,111.89617156982422,140150100
2020-09-15 00:00:00-04:00,114.77697452888815,115.26196131479541,110.19869808587379,112.07074737548828,184642000
2020-09-16 00:00:00-04:00,111.77007759799923,112.51695412354394,108.67585899150183,108.76315307617188,154679000
2020-09-17 00:00:00-04:00,106.42550707639862,108.83103751673956,105.44583164529507,107.02688598632812,178011000
2020-09-18 00:00:00-04:00,107.08509999522968,107.5506832359034,102.90450823656477,103.63198852539062,287104900
2020-09-21 00:00:00-04:00,101.40103443810513,106.88138640178967,100.00427017683465,106.77468872070312,195713800
2020-09-22 00:00:00-04:00,109.29662320835186,109.47121874863322,105.88231946545223,108.45274353027344,183055400
2020-09-23 00:00:00-04:00,108.26849292221257,108.74377807666536,103.56411343314068,103.90361022949219,150718700
2020-09-24 00:00:00-04:00,102.01212050333626,106.93958810787352,101.84722676940335,104.97054290771484,167743300
2020-09-25 00:00:00-04:00,105.17425574034796,109.06385261398287,104.43707360612179,108.90865325927734,149981400
2020-09-28 00:00:00-04:00,111.55667272467461,111.85736219121794,109.39362820642745,111.50817108154297,137672400
2020-09-29 00:00:00-04:00,111.11047045765872,111.84764500982021,110.15989314523581,110.66427612304688,99382200
2020-09-30 00:00:00-04:00,110.37330565840851,113.73911550361659,110.20841190929694,112.33264923095703,142675200
2020-10-01 00:00:00-04:00,114.1077098390407,114.18530951408272,112.35205974301084,113.28323364257812,116120400
2020-10-02 00:00:00-04:00,109.50032515653433,111.90586307346008,108.85044458473479,109.62641906738281,144712000
2020-10-05 00:00:00-04:00,110.4897020352033,113.14742776439395,110.14051092914185,113.0019302368164,106243800
2020-10-06 00:00:00-04:00,112.2259566607193,112.63335124814374,108.87955028037823,109.7622299194336,161498200
2020-10-07 00:00:00-04:00,111.17837055181317,112.0804462459722,110.70307818585619,111.62455749511719,96849000
2020-10-08 00:00:00-04:00,112.75944851761336,112.90494606027923,111.14928853931941,111.51788330078125,83477200
2020-10-09 00:00:00-04:00,111.81856678833006,113.48692273393875,111.46937566481606,113.45782470703125,100506900
2020-10-12 00:00:00-04:00,116.45501458369142,121.42128150561734,115.69843644721472,120.66470336914062,240226800
2020-10-13 00:00:00-04:00,121.50861023337559,121.62500974923826,116.05736241261016,117.46382141113281,262330500
2020-10-14 00:00:00-04:00,117.36681195189107,119.33585728240598,116.02825097556021,117.55110931396484,150712000
2020-10-15 00:00:00-04:00,115.15526489684527,117.56079523723751,114.60238025084043,117.08551025390625,112559200
2020-10-16 00:00:00-04:00,117.63841657614508,117.90031363584822,115.24258020189322,115.44627380371094,115393800
2020-10-19 00:00:00-04:00,116.35804996814461,116.8042370043639,112.18716729027952,112.49755859375,120639300
2020-10-20 00:00:00-04:00,112.71093501778782,115.40746797741103,112.15805033404632,113.98160552978516,124423700
2020-10-21 00:00:00-04:00,113.16683302863848,115.14558032107824,112.95343762450592,113.36083221435547,89946000
2020-10-22 00:00:00-04:00,113.92340448698165,114.49569279996962,111.14927920105526,112.27445220947266,101988000
2020-10-23 00:00:00-04:00,112.89522488264528,113.05042420827988,110.84858002778377,111.58576202392578,82572600
2020-10-26 00:00:00-04:00,110.58670829378724,113.05044248419397,109.49063323015535,111.5954818725586,111850700
2020-10-27 00:00:00-04:00,112.02225897491293,113.75851276167866,111.10078693291935,113.09893035888672,92276800
2020-10-28 00:00:00-04:00,111.59548115439539,111.96406850952522,107.76408046155812,107.86107635498047,143937800
2020-10-29 00:00:00-04:00,108.99592666867332,113.41900353400632,108.83102554669962,111.85734558105469,146129200
2020-10-30 00:00:00-04:00,107.72526275511105,108.62733847489969,104.48555457025763,105.59132385253906,190272600
2020-11-02 00:00:00-05:00,105.83383085542181,107.356689266343,104.09757704674024,105.50403594970703,122866900
2020-11-03 00:00:00-05:00,106.36731546450528,108.14236164402186,105.46523966166725,107.12389373779297,107624400
2020-11-04 00:00:00-05:00,110.71277506341616,112.1192336829344,108.97652160464787,111.49845123291016,138235500
2020-11-05 00:00:00-05:00,114.40838980980128,116.02825144019144,113.36082388514865,115.45596313476562,126387100
2020-11-06 00:00:00-05:00,114.96527127109147,115.8203179514325,112.837361996159,115.32478332519531,114457900
2020-11-09 00:00:00-05:00,117.08348090470506,118.53123307425452,112.75965407719045,113.0219955444336,154515300
2020-11-10 00:00:00-05:00,112.27382528066764,114.25597883957684,110.8940807658282,112.68191528320312,138023400
2020-11-11 00:00:00-05:00,113.86732789743012,116.23814181960135,113.13859256042241,116.10211181640625,112295000
2020-11-12 00:00:00-05:00,116.22840350190613,117.11259831587537,115.20817130347953,115.83002471923828,103162300
2020-11-13 00:00:00-05:00,116.0535360017511,116.27701069114,114.52805029862242,115.8786392211914,81581900
2020-11-16 00:00:00-05:00,115.54825966136949,117.55956865833653,114.80009473182567,116.8891372680664,91183000
2020-11-17 00:00:00-05:00,116.16042621738232,117.2486663416219,115.58715051215194,116.00495910644531,74271000
2020-11-18 00:00:00-05:00,115.24705927558566,116.42275133775613,114.65435397133162,114.68350219726562,76322100
2020-11-19 00:00:00-05:00,114.25597458875419,115.68429695756758,113.49809106564801,115.27620697021484,74113000
2020-11-20 00:00:00-05:00,115.27622108410968,115.40253254906611,113.9644988709724,114.01307678222656,73604300
2020-11-23 00:00:00-05:00,113.85758770837712,114.28511473034199,110.52483843743296,110.62200164794922,127959300
2020-11-24 00:00:00-05:00,110.68031687022992,112.56530706965945,109.39773567263003,111.90458679199219,113874200
2020-11-25 00:00:00-05:00,112.27382503154757,113.43979858279869,111.90459439029078,112.7402114868164,76499200
2020-11-27 00:00:00-05:00,113.26490259506915,114.158816151439,112.92482759135008,113.28433227539062,46691300
2020-11-30 00:00:00-05:00,113.65354831037159,117.54013622605181,113.49808123546687,115.67457580566406,169410200
2020-12-01 00:00:00-05:00,117.57901628913943,119.96926723797301,116.60736920035771,119.24053192138672,127728200
2020-12-02 00:00:00-05:00,118.56036589233359,119.87209529729249,117.46240743053765,119.59031677246094,89004200
2020-12-03 00:00:00-05:00,120.0178419599632,120.27047227200518,118.74498667961886,119.45429229736328,78967600
2020-12-04 00:00:00-05:00,119.12394956144712,119.37657991827966,118.07456876821664,118.78387451171875,78260400
2020-12-07 00:00:00-05:00,118.8421361387792,121.03806032248434,118.78383969393643,120.2413101196289,86712000
2020-12-08 00:00:00-05:00,120.84376634333147,121.43647173529656,119.60005168582639,120.85347747802734,82225500
2020-12-09 00:00:00-05:00,120.99921619827668,122.37895334699282,117.56930300737729,118.32718658447266,115089200
2020-12-10 00:00:00-05:00,117.08347009062476,120.35792333365181,116.7433951040976,119.74578094482422,81312200
2020-12-11 00:00:00-05:00,118.95875310526962,119.27939842297663,117.13205925122674,118.93932342529297,86939800
2020-12-14 00:00:00-05:00,119.12393693642923,119.85267228564851,118.09399334838469,118.32718658447266,79184500
2020-12-15 00:00:00-05:00,120.81460252887871,124.27367140820184,120.61055751786674,124.25423431396484,157243700
2020-12-16 00:00:00-05:00,123.79756533721344,124.73033828648967,122.97165933994127,124.18621826171875,98208600
2020-12-17 00:00:00-05:00,125.24529078778322,125.90601844904018,124.40967378529018,125.05096435546875,94359800
2020-12-18 00:00:00-05:00,125.30360051877908,125.43963050234059,122.54411925279229,123.06880950927734,192541500
2020-12-21 00:00:00-05:00,121.47530568083864,124.67202522679207,119.94982017477122,124.59429168701172,121251600
2020-12-22 00:00:00-05:00,127.87844404273568,130.59905822032985,125.97400967057341,128.1407928466797,168904800
2020-12-23 00:00:00-05:00,128.4128836440795,128.67521768491736,127.07200590849821,127.24691009521484,88223700
2020-12-24 00:00:00-05:00,127.59673715473882,129.67606189128196,127.38297355158525,128.22830200195312,54930100
2020-12-28 00:00:00-05:00,130.1910087492954,133.44601785068772,129.72460743607215,132.814453125,124486200
2020-12-29 00:00:00-05:00,134.13588116304936,134.85489050709643,130.53106400488656,131.04603576660156,121047300
2020-12-30 00:00:00-05:00,131.73588313851724,132.13426190963798,129.6176852728213,129.92861938476562,96452100
2020-12-31 00:00:00-05:00,130.27846074381847,130.91975146585497,127.9853727167279,128.92787170410156,99116600
2021-01-04 00:00:00-05:00,129.7343224533574,129.82176713240116,123.16598610776015,125.74085235595703,143301900
2021-01-05 00:00:00-05:00,125.23560676408721,128.00480720900393,124.7886425294723,127.29549407958984,97664900
2021-01-06 00:00:00-05:00,124.0987683518539,127.33435496235823,122.7967573877346,123.0105209350586,155088000
2021-01-07 00:00:00-05:00,124.72063157172194,127.89792197499627,124.2348079857969,127.20804595947266,109578200
2021-01-08 00:00:00-05:00,128.67524616951312,128.8695874924766,126.5376250523671,128.3060302734375,105158200
2021-01-11 00:00:00-05:00,125.52709624591981,126.47930629071162,124.85665734789745,125.32304382324219,100384500
2021-01-12 00:00:00-05:00,124.85666571536174,126.01292826031991,123.26316489383075,125.14816284179688,91951100
2021-01-13 00:00:00-05:00,125.1092883878033,127.72302173327904,124.8469543181073,127.17890167236328,88636800
2021-01-14 00:00:00-05:00,127.09144014639318,127.28576659581172,125.10927181431389,125.2550277709961,90221800
2021-01-15 00:00:00-05:00,125.12871028033413,126.52788445335536,123.39917965706009,123.53520965576172,111598500
2021-01-19 00:00:00-05:00,124.15704975663279,125.06068915645737,123.34086985277312,124.20563507080078,90757300
2021-01-20 00:00:00-05:00,125.01212908230433,128.7335395413519,124.90524730001776,128.2865753173828,104319500
2021-01-21 00:00:00-05:00,130.00641504597513,135.70998009916667,129.80236258422073,132.98936462402344,120150900
2021-01-22 00:00:00-05:00,132.41604973812463,135.88483658611096,131.19177987621222,135.126953125,114459400
2021-01-25 00:00:00-05:00,139.013584357772,140.97630120112478,132.66871393860882,138.86782836914062,157611700
2021-01-26 00:00:00-05:00,139.52854031294,140.20869037046396,137.3617564370404,139.10101318359375,98390600
2021-01-27 00:00:00-05:00,139.363363343346,140.20870656534407,136.42899920964183,138.03221130371094,140843800
2021-01-28 00:00:00-05:00,135.564189064389,137.96415826033868,132.8241374993332,133.2030792236328,142621100
2021-01-29 00:00:00-05:00,131.97885239900157,132.86305498594893,126.51819940588042,128.2185821533203,177523800
2021-02-01 00:00:00-05:00,129.957834854719,131.54162480143253,127.21778217337383,130.33677673339844,106239800
2021-02-02 00:00:00-05:00,131.8816527763116,132.4452098565485,130.79341280132044,131.1626434326172,83305400
2021-02-03 00:00:00-05:00,131.91086209179952,131.92058805575326,129.82182585245965,130.14247131347656,89880900
2021-02-04 00:00:00-05:00,132.43549143917588,133.5042942626405,130.7739685158837,133.4945831298828,84183100
2021-02-05 00:00:00-05:00,133.6551945582066,133.72330378796144,132.20527125837398,133.0810546875,75693800
2021-02-08 00:00:00-05:00,132.3706427004726,133.2756324021585,131.29050232328603,133.2269744873047,71297200
2021-02-09 00:00:00-05:00,132.94478730279516,134.17090160726997,132.19551172596402,132.3511962890625,76774200
2021-02-10 00:00:00-05:00,132.80853804149436,133.3048279995829,130.7844904817518,131.74786376953125,73046600
2021-02-11 00:00:00-05:00,132.24414858851415,132.72097244544923,130.17145780866096,131.494873046875,64280000
2021-02-12 00:00:00-05:00,130.73587365349886,131.88412349618312,130.09362466607496,131.72842407226562,60145100
2021-02-16 00:00:00-05:00,131.84520181246612,132.35120265140839,129.21782237561078,129.60707092285156,80576300
2021-02-17 00:00:00-05:00,127.7192638281322,128.66317119438432,125.98714852369966,127.3202896118164,97918500
2021-02-18 00:00:00-05:00,125.72436743621753,126.50284947960014,123.98252704202405,126.22065734863281,96856700
2021-02-19 00:00:00-05:00,126.73642239782728,127.19378012757379,125.33515742569439,126.3763656616211,87668800
2021-02-22 00:00:00-05:00,124.56639727156255,126.23040308983671,122.22123254914695,122.6104736328125,103916400
2021-02-23 00:00:00-05:00,120.43074421044315,123.30138352656303,115.20519947854247,122.47425079345703,158273000
2021-02-24 00:00:00-05:00,121.57899955251936,122.1823162213377,118.94190197736167,121.97796630859375,111039900
2021-02-25 00:00:00-05:00,121.32598240071049,123.05809741548158,117.29735317502876,117.73524475097656,148199500
2021-02-26 00:00:00-05:00,119.29221728289741,121.49142336780443,117.93961010314024,117.99800109863281,164560400
2021-03-01 00:00:00-05:00,120.42101925940007,124.48857398468387,119.48684497058966,124.35234069824219,116307900
2021-03-02 00:00:00-05:00,124.95565484356455,125.25731317881322,121.6471165286429,121.75415802001953,102260900
2021-03-03 00:00:00-05:00,121.4525043304613,122.32829506323422,118.5623986243893,118.77648162841797,112966300
2021-03-04 00:00:00-05:00,118.47481493176636,120.27504677444026,115.4290174341431,116.89839172363281,178155000
2021-03-05 00:00:00-05:00,117.72552798386944,118.65970219404976,114.40725661331615,118.1536865234375,153766600
2021-03-08 00:00:00-05:00,117.67685938357114,117.74497601487798,113.08383103215061,113.22979736328125,154376600
2021-03-09 00:00:00-05:00,115.82796105806665,118.7764495417566,115.59441940046939,117.8325424194336,129525800
2021-03-10 00:00:00-05:00,118.41640913957764,118.88349246045178,116.2366622283132,116.75241088867188,111943300
2021-03-11 00:00:00-05:00,119.24356031125248,119.89553490297892,117.99799469596714,118.67916107177734,103026500
2021-03-12 00:00:00-05:00,117.16112022904915,117.91040318694742,115.95447955662657,117.774169921875,88105100
2021-03-15 00:00:00-04:00,118.14395127784391,120.66427408423421,117.18057793774676,120.654541015625,92403800
2021-03-16 00:00:00-04:00,122.3185625972274,123.79767749192085,121.36492956895167,122.19206237792969,115227900
2021-03-17 00:00:00-04:00,120.71294726523811,122.4742542742317,119.04894125801434,121.40384674072266,111932600
2021-03-18 00:00:00-04:00,119.57440169521924,119.86633436304555,117.08327064661763,117.2876205444336,121229700
2021-03-19 00:00:00-04:00,116.67459352140682,118.16343408346621,116.46051051329101,116.76216888427734,185549500
2021-03-22 00:00:00-04:00,117.09299830303091,120.53776947303844,117.02488167357409,120.0706787109375,111912300
2021-03-23 00:00:00-04:00,120.01230226774646,120.89781850320577,118.85431207414345,119.2435531616211,95467100
2021-03-24 00:00:00-04:00,119.51603034411634,119.5938800533793,116.8400078374971,116.85946655273438,88530500
2021-03-25 00:00:00-04:00,116.32426633816141,118.38723908571315,115.79879193762964,117.34601593017578,98844700
2021-03-26 00:00:00-04:00,117.1124522760085,118.21205879522662,115.72092053842741,117.9493179321289,94071200
2021-03-29 00:00:00-04:00,118.37748900748083,119.28247132989765,117.48223975334861,118.12448120117188,80819200
2021-03-30 00:00:00-04:00,116.87891806940085,117.16111766205535,115.66254435493632,116.67456817626953,85671900
2021-03-31 00:00:00-04:00,118.37750228821312,120.19719278132602,117.89095275757859,118.86405181884766,118323800
2021-04-01 00:00:00-04:00,120.33341860340158,120.83942678607517,119.19488720011346,119.69116973876953,75089100
2021-04-05 00:00:00-04:00,120.53779352124103,122.76619144970482,119.75931123714496,122.51318359375,88651200
2021-04-06 00:00:00-04:00,123.09702657327624,123.71007628588559,122.26989388745704,122.81482696533203,80171300
2021-04-07 00:00:00-04:00,122.44504366920103,124.4788169278638,121.77360301243874,124.45935821533203,83466700
2021-04-08 00:00:00-04:00,125.48109929933943,126.88236408117511,125.06267390248307,126.8531723022461,88844600
2021-04-09 00:00:00-04:00,126.30823624511144,129.46106707973098,125.98711183634272,129.42214965820312,106686700
2021-04-12 00:00:00-04:00,128.9551224869681,129.27624703550862,127.11596541683014,127.70955657958984,91420000
2021-04-13 00:00:00-04:00,128.87723269707828,131.0375136441806,128.38094270892825,130.81369018554688,91266500
2021-04-14 00:00:00-04:00,131.31004018119287,131.3684237715825,128.1182752211266,128.4783172607422,87222800
2021-04-15 00:00:00-04:00,130.2201811862992,131.3684314600154,130.0450155565595,130.8818817138672,89347100
2021-04-16 00:00:00-04:00,130.68718234573052,131.0472241792983,129.6946173321828,130.5509490966797,84922400
2021-04-19 00:00:00-04:00,129.91843832937323,131.82571884662076,129.75301328602865,131.21266174316406,94264200
2021-04-20 00:00:00-04:00,131.38784340823202,131.88411859918818,128.2641887932471,129.5292205810547,94812300
2021-04-21 00:00:00-04:00,128.79940473993418,130.15201197134868,127.76792201144299,129.9087371826172,68847100
2021-04-22 00:00:00-04:00,129.46107065350094,130.5412110225183,127.87492954910141,128.3906707763672,84566500
2021-04-23 00:00:00-04:00,128.6047976585629,131.48516306112936,128.6047976585629,130.70669555664062,78657500
2021-04-26 00:00:00-04:00,131.20291243316117,131.42672099869188,129.96707280484003,131.0958709716797,66905100
2021-04-27 00:00:00-04:00,131.37812758921328,131.76737620766062,130.50234418226077,130.77481079101562,66015800
2021-04-28 00:00:00-04:00,130.69689972688315,131.3878064201636,129.4999923395791,129.98654174804688,107760100
2021-04-29 00:00:00-04:00,132.79882309453924,133.38268843991688,128.886960916459,129.88925170898438,151101000
2021-04-30 00:00:00-04:00,128.2350137894491,129.96712921001927,127.54412165956818,127.92362976074219,109839500
2021-05-03 00:00:00-04:00,128.48801399046965,130.4634190600625,128.2836714700979,128.9745635986328,75135100
2021-05-04 00:00:00-04:00,127.66086791309522,127.95280060042849,123.29164779323206,124.41071319580078,137564700
2021-05-05 00:00:00-04:00,125.72440711319194,126.94078104975206,124.52749931714487,124.65400695800781,84000900
2021-05-06 00:00:00-04:00,124.44966128347697,126.25962646488308,123.71010378187411,126.2499008178711,78128300
2021-05-07 00:00:00-04:00,127.54629547170842,127.94593245749884,126.2108752190309,126.92245483398438,78973300
2021-05-10 00:00:00-04:00,126.14264776926625,126.26935540308767,123.60828686336556,123.64727783203125,88071200
2021-05-11 00:00:00-04:00,120.38186236478138,123.08192191649415,119.67029018955704,122.73101806640625,126142800
2021-05-12 00:00:00-04:00,120.28438654552215,121.4930768252382,119.16342036759427,119.6702880859375,112172300
2021-05-13 00:00:00-04:00,121.43458279999426,122.96494285084451,121.12266251691543,121.81473541259766,105861300
2021-05-14 00:00:00-04:00,123.06241748790161,124.66100988052594,122.67251527187383,124.23211669921875,81918000
2021-05-17 00:00:00-04:00,123.61802565600583,123.72524895126948,122.00968366381709,123.0819091796875,74244600
2021-05-18 00:00:00-04:00,123.36460169987382,123.78374532662899,121.62954445690447,121.6977767944336,63342900
2021-05-19 00:00:00-04:00,120.0504625668393,121.76602077062454,119.75803398561095,121.54183197021484,92612000
2021-05-20 00:00:00-04:00,122.06817912472063,124.49530918227134,121.94145662294912,124.09565734863281,76857100
2021-05-21 00:00:00-04:00,124.59278661639331,124.76824225453443,122.04868358173061,122.26313018798828,79295400
2021-05-24 00:00:00-04:00,122.8284771649978,124.70974844818083,122.76024483604364,123.89095306396484,63092900
2021-05-25 00:00:00-04:00,124.59279202902988,125.08017543327662,123.1306641265909,123.6960220336914,72009500
2021-05-26 00:00:00-04:00,123.75450113667013,124.17364475386753,123.22813421483384,123.64727783203125,56575900
2021-05-27 00:00:00-04:00,123.24762087836753,124.41732007226534,121.92195782567474,122.11690521240234,94625600
2021-05-28 00:00:00-04:00,122.39960530367183,122.62380153028337,121.405361560534,121.4638442993164,71311100
2021-06-01 00:00:00-04:00,121.9219706400981,122.18515038351808,120.8107540580726,121.14216613769531,67637100
2021-06-02 00:00:00-04:00,121.14215297391479,122.07791381305455,120.91796422365286,121.90245819091797,59278900
2021-06-03 00:00:00-04:00,121.53206925104124,121.6977752920281,120.02120080570538,120.42085266113281,76229200
2021-06-04 00:00:00-04:00,120.93746915555829,122.97470451422886,120.72302254551224,122.71151733398438,75169300
2021-06-07 00:00:00-04:00,122.9844550910691,123.13066937489863,121.67829101219802,122.72127532958984,71057600
2021-06-08 00:00:00-04:00,123.40360489150423,125.21665168991701,123.02345219665295,123.54006958007812,74403800
2021-06-09 00:00:00-04:00,123.99817846383709,124.52454534046706,123.32559732645998,123.92019653320312,56877900
2021-06-10 00:00:00-04:00,123.81299241371467,124.95345787476269,122.7602659341765,122.92597198486328,71186400
2021-06-11 00:00:00-04:00,123.33534735483208,124.22237508614661,122.91620377217826,124.1346435546875,53522400
2021-06-14 00:00:00-04:00,124.592772046137,127.24409063710856,123.86170821216966,127.18560791015625,96906500
2021-06-15 00:00:00-04:00,126.6592574474217,127.30259723643738,126.12314095657528,126.36682891845703,62746300
2021-06-16 00:00:00-04:00,127.07840688486591,127.58528206314801,125.21664196538165,126.86396026611328,91815000
2021-06-17 00:00:00-04:00,126.52279301183641,129.20336059736883,126.37657131032402,128.46253967285156,96721700
2021-06-18 00:00:00-04:00,127.40983331102534,128.1896229684165,126.95169870686416,127.16614532470703,108953300
2021-06-21 00:00:00-04:00,127.01013729010695,129.06686377457612,125.94766160876556,128.9596405029297,79663300
2021-06-22 00:00:00-04:00,128.7939773736595,130.69474066397615,128.29684436989922,130.59725952148438,74783600
2021-06-23 00:00:00-04:00,130.39256533356104,130.92868185123652,129.8661909803765,130.32432556152344,60214200
2021-06-24 00:00:00-04:00,131.0553765632134,131.24058178501798,129.57374966230876,130.04164123535156,68711000
2021-06-25 00:00:00-04:00,130.09040620403312,130.50954241745376,129.4568084909208,129.74923706054688,70783700
2021-06-28 00:00:00-04:00,130.04163948891443,131.83517920756188,129.9831567614525,131.37704467773438,62111300
2021-06-29 00:00:00-04:00,131.39653993588485,133.043872786454,130.95790461954863,132.88790893554688,64556100
2021-06-30 00:00:00-04:00,132.7319215611561,133.940618881177,132.4394931109139,133.50198364257812,63261400
2021-07-01 00:00:00-04:00,133.15111722207564,133.86268195374564,132.3323143115352,133.80419921875,52485800
2021-07-02 00:00:00-04:00,134.41831341650158,136.46529884864614,134.27210654572147,136.4263153076172,78852600
2021-07-06 00:00:00-04:00,136.53350195950557,139.53572463895688,136.53350195950557,138.43426513671875,108181800
2021-07-07 00:00:00-04:00,139.91588320227135,141.23180423568894,139.0581116318865,140.91989135742188,104911600
2021-07-08 00:00:00-04:00,138.00536723887996,140.42274763655988,137.11833949517367,139.6234588623047,105575500
2021-07-09 00:00:00-04:00,139.14587332881246,141.97264869395812,139.04839216165382,141.4462890625,99890800
2021-07-12 00:00:00-04:00,142.51847096001342,142.62569425576672,140.36426288116348,140.8516387939453,76299700
2021-07-13 00:00:00-04:00,140.39352411006757,143.7369310790402,140.00362927408963,141.96287536621094,100827100
2021-07-14 00:00:00-04:00,144.36081463560055,145.79370163756127,143.95140560057834,145.38429260253906,127050800
2021-07-15 00:00:00-04:00,145.47196100861444,146.21276700697837,143.37623575739534,144.73114013671875,106820300
2021-07-16 00:00:00-04:00,144.7116829108476,145.97884856339024,142.1968210625346,142.69393920898438,93251400
2021-07-19 00:00:00-04:00,140.12063548546357,140.43256334375596,138.09314902717966,138.85345458984375,121434600
2021-07-20 00:00:00-04:00,139.8379511608488,143.38604842178373,139.3505750817449,142.46002197265625,96350000
2021-07-21 00:00:00-04:00,141.8556195804996,142.4404765741107,140.97834896361408,141.72889709472656,74993500
2021-07-22 00:00:00-04:00,142.25529492286392,144.4582288663732,142.12857241610413,143.0935821533203,77338200
2021-07-23 00:00:00-04:00,143.82461867014172,144.96507639303513,143.2105203295334,144.80911254882812,71447400
2021-07-26 00:00:00-04:00,144.52644902049065,146.04705940106285,143.97083337261068,145.228271484375,72434100
2021-07-27 00:00:00-04:00,145.35500444699645,145.4427434254304,141.87514775749966,143.06434631347656,104818600
2021-07-28 00:00:00-04:00,141.15381301329907,143.25928057886588,138.94112214929507,141.31951904296875,118931200
2021-07-29 00:00:00-04:00,141.03686397561236,142.84990322262558,140.92964066468824,141.96287536621094,56699500
2021-07-30 00:00:00-04:00,140.73467853831747,142.63544169374407,140.47149137109437,142.17730712890625,70440600
2021-08-02 00:00:00-04:00,142.66470486730785,143.2398049839172,141.58272954059322,141.84591674804688,62880000
2021-08-03 00:00:00-04:00,142.12855135709023,144.30224361135603,141.51445299043982,143.63941955566406,64786600
2021-08-04 00:00:00-04:00,143.55170433223327,144.05856456840556,142.5866946784069,143.23977661132812,56368300
2021-08-05 00:00:00-04:00,143.26906394319104,144.10735137016883,142.47951709743447,143.3470458984375,46397700
2021-08-06 00:00:00-04:00,142.8687074712915,143.6106236198985,142.16583326910765,142.6636962890625,54126800
2021-08-09 00:00:00-04:00,142.72225212556916,143.21035833317768,142.05843483321482,142.6148681640625,48908700
2021-08-10 00:00:00-04:00,142.9565505100319,144.196344465899,141.84366893661831,142.13653564453125,69023100
2021-08-11 00:00:00-04:00,142.57581781429272,143.2298783064216,142.06818321748432,142.3903350830078,48493500
2021-08-12 00:00:00-04:00,142.71251102910742,145.50447943892834,142.3708306879483,145.34828186035156,72282600
2021-08-13 00:00:00-04:00,145.4263255685366,145.88514647193662,144.74298004086066,145.55323791503906,59375000
2021-08-16 00:00:00-04:00,145.0065628373872,147.59353426907154,142.9858112009547,147.5251922607422,103296000
2021-08-17 00:00:00-04:00,146.6563820290242,148.07188700426227,145.5435005089824,146.61734008789062,92229700
2021-08-18 00:00:00-04:00,146.2366215497856,147.13473517673972,142.67343732669485,142.87844848632812,86326000
2021-08-19 00:00:00-04:00,141.5800696426097,144.4794213850425,141.0626783117476,143.21034240722656,86960300
2021-08-20 00:00:00-04:00,143.93272733385453,144.9675098694575,143.28842371499448,144.66488647460938,60549600
2021-08-23 00:00:00-04:00,144.78206681885666,146.61735100093347,144.37205937525184,146.14877319335938,60131800
2021-08-24 00:00:00-04:00,145.8949130199866,147.27137582254224,145.6020463753851,146.0608673095703,48606400
2021-08-25 00:00:00-04:00,146.24634576040117,146.7442235104866,144.28416462153382,144.83084106445312,58991300
2021-08-26 00:00:00-04:00,144.82109417148567,145.57276688380205,144.00106455542348,144.0303497314453,48597200
2021-08-27 00:00:00-04:00,143.97180225819312,145.2115961914639,143.33727014912955,145.06517028808594,55802400
2021-08-30 00:00:00-04:00,145.45565533870288,149.83885461039787,145.07493307828,149.47764587402344,90956700
2021-08-31 00:00:00-04:00,149.02859613337498,149.16526528048843,147.69117494824357,148.2183380126953,86453100
2021-09-01 00:00:00-04:00,149.19450563571235,151.29335581344367,148.71615631662897,148.88211059570312,80313700
2021-09-02 00:00:00-04:00,150.20974770726943,151.03953393207226,148.77471476063792,149.99497985839844,71115500
2021-09-03 00:00:00-04:00,150.10241459437898,150.95172951907767,149.44835406806936,150.62957763671875,57808700
2021-09-07 00:00:00-04:00,151.2836060822293,153.5191254698615,150.71740121777114,152.9626922607422,82278300
2021-09-08 00:00:00-04:00,153.24581573453693,153.3043860941943,150.31717858511598,151.42030334472656,74420200
2021-09-09 00:00:00-04:00,151.7912489116524,152.39649574316758,150.2878736971047,150.405029296875,57305700
2021-09-10 00:00:00-04:00,151.31293648668662,151.78151431271888,145.1627947987088,145.42637634277344,140893200
2021-09-13 00:00:00-04:00,147.04692626751628,147.81812775946457,145.2116415936522,145.99261474609375,102404300
2021-09-14 00:00:00-04:00,146.77353720711707,147.4764113119793,143.41536423851278,144.59657287597656,109296300
2021-09-15 00:00:00-04:00,145.02608811276684,145.88515965134906,142.88818092204215,145.4849090576172,83281300
2021-09-16 00:00:00-04:00,144.90896023332135,145.42635157507343,143.71798000246844,145.25062561035156,68034100
2021-09-17 00:00:00-04:00,145.27986467890568,145.27986467890568,142.2926436995613,142.58551025390625,129868800
2021-09-20 00:00:00-04:00,140.37932278347847,141.39457695669392,137.90950701335717,139.53977966308594,123478900
2021-09-21 00:00:00-04:00,140.50624891873463,141.16032435989862,139.38361057442205,140.0181427001953,75834000
2021-09-22 00:00:00-04:00,141.01387841720836,142.94677480134484,140.28171911608493,142.38058471679688,76404300
2021-09-23 00:00:00-04:00,143.16149332082315,143.58127225444073,142.1755244980319,143.33721923828125,64838200
2021-09-24 00:00:00-04:00,142.19511797904687,143.96206024126909,142.097490769583,143.42514038085938,53477900
2021-09-27 00:00:00-04:00,142.00959923062172,142.48794860245857,140.39885495340664,141.91197204589844,74150700
2021-09-28 00:00:00-04:00,139.8424381686271,141.3067568929059,138.31954907870838,138.53431701660156,108972300
2021-09-29 00:00:00-04:00,139.08095132289213,141.01384728022984,138.65141557774692,139.43238830566406,74602000
2021-09-30 00:00:00-04:00,140.2426707272125,140.9455448156453,137.9192805517919,138.13404846191406,89056700
2021-10-01 00:00:00-04:00,138.5245544569587,139.52029542569983,135.80092800506898,139.2567138671875,94639600
2021-10-04 00:00:00-04:00,138.3878720570302,138.82717957779718,134.98090012736012,135.8302001953125,98322000
2021-10-05 00:00:00-04:00,136.17189733013998,138.85648190904183,136.044984928838,137.75335693359375,80861100
2021-10-06 00:00:00-04:00,136.15231569207103,138.76855721821823,135.0784763218966,138.62213134765625,83221100
2021-10-07 00:00:00-04:00,139.65691457441454,140.78932429837576,139.32500600229986,139.88143920898438,61732700
2021-10-08 00:00:00-04:00,140.60387247260306,140.75029837603776,139.16883903566588,139.50074768066406,58773200
2021-10-11 00:00:00-04:00,138.88569383904297,141.36526591535699,138.436629737634,139.412841796875,64452200
2021-10-12 00:00:00-04:00,139.82290063970592,139.84242905892054,137.68499305819657,138.14381408691406,73035900
2021-10-13 00:00:00-04:00,137.88022678873125,138.0364094315763,135.88874541033104,137.55807495117188,78762700
2021-10-14 00:00:00-04:00,138.7295267040612,140.45742659800283,138.14379338196727,140.34027099609375,69907100
2021-10-15 00:00:00-04:00,140.35005282323274,141.45316264244676,140.0962280805495,141.39459228515625,67940300
2021-10-18 00:00:00-04:00,140.03766984054468,143.347029376178,139.75457479053856,143.06393432617188,85589200
2021-10-19 00:00:00-04:00,143.51298745891924,145.62160993395176,143.06393807186709,145.2213592529297,76378900
2021-10-20 00:00:00-04:00,145.16276563549152,146.18779152686344,144.59656071553547,145.70944213867188,58418800
2021-10-21 00:00:00-04:00,145.27017952577518,146.0804376870695,144.35253739380764,145.9242401123047,61421000
2021-10-22 00:00:00-04:00,146.129212114762,146.60754657748723,145.10418628692474,145.1529998779297,58883400
2021-10-25 00:00:00-04:00,145.14325947301697,145.8168484447923,144.1084766625064,145.10421752929688,50720600
2021-10-26 00:00:00-04:00,145.77779264971988,147.2518679421637,145.46539754636262,145.76803588867188,60893400
2021-10-27 00:00:00-04:00,145.80702106956946,146.16821473338132,144.95772141863338,145.3091583251953,56094900
2021-10-28 00:00:00-04:00,146.25615073002083,149.5264533730465,146.15852353048365,148.94073486328125,100077900
2021-10-29 00:00:00-04:00,143.7179733088264,146.37327190681347,142.92724374395107,146.23660278320312,124953200
2021-11-01 00:00:00-04:00,145.44589589912687,146.13899838558393,144.2842007193759,145.41661071777344,74588300
2021-11-02 00:00:00-04:00,145.12372094423125,147.96450225059075,145.11394928812004,146.4513702392578,69122000
2021-11-03 00:00:00-04:00,146.81260433188254,148.35502194347706,146.25617092597884,147.88644409179688,54511500
2021-11-04 00:00:00-04:00,147.97425010568048,148.80402155525002,147.05660823548425,147.36900329589844,60394600
2021-11-05 00:00:00-04:00,148.49328605752575,148.79635114627666,146.7042085245969,147.8969268798828,65463900
2021-11-08 00:00:00-05:00,148.02405391839477,148.18047945260236,146.80200740282297,147.07574462890625,55020900
2021-11-09 00:00:00-05:00,146.8410949734435,148.0435844748696,146.70422637098488,147.4374542236328,56787900
2021-11-10 00:00:00-05:00,146.66510417552323,146.7726448402154,144.54363371528353,144.612060546875,65187100
2021-11-11 00:00:00-05:00,145.6288070022433,146.0882826457482,144.37741797894228,144.56317138671875,41000000
2021-11-12 00:00:00-05:00,145.11066161989166,147.03660782102534,144.18190939663026,146.6357879638672,63804000
2021-11-15 00:00:00-05:00,147.00728981052836,148.483531417499,146.08830852560698,146.64556884765625,59222800
2021-11-16 00:00:00-05:00,146.5868762388628,148.10221638704422,146.00028814358132,147.6231689453125,59256200
2021-11-17 00:00:00-05:00,147.62321886773208,151.53376771191043,147.61344786594324,150.0575408935547,88807000
2021-11-18 00:00:00-05:00,150.27259510761894,155.12166644396783,149.62735108476016,154.3395538330078,137827700
2021-11-19 00:00:00-05:00,154.12448394226502,157.41913113659675,153.02953515610952,156.9596405029297,117305600
2021-11-22 00:00:00-05:00,158.06437288139423,161.99447854129045,157.3995867561447,157.4191436767578,117467900
2021-11-23 00:00:00-05:00,157.51689191338718,158.18169292863084,155.502961782972,157.8004150390625,96041900
2021-11-24 00:00:00-05:00,157.15516717862224,158.51408217991857,156.06998937776268,158.3185577392578,69463600
2021-11-26 00:00:00-05:00,156.0015407986573,156.8618512011978,152.86331951425362,153.30325317382812,76959800
2021-11-29 00:00:00-05:00,155.80603121042097,157.5853380225465,155.23899986098183,156.65658569335938,88748200
2021-11-30 00:00:00-05:00,156.41212888047625,161.8184596016363,156.3436871388529,161.60337829589844,174048100
2021-12-01 00:00:00-05:00,163.7346542506034,166.49159798116264,160.85062784337472,161.08526611328125,152052500
2021-12-02 00:00:00-05:00,155.190082479573,160.52797144851237,154.27110143280012,160.09780883789062,136739200
2021-12-03 00:00:00-05:00,160.35202051883033,161.27100166043388,156.14817855062066,158.22076416015625,118023100
2021-12-06 00:00:00-05:00,160.61600581977925,164.12573463510114,160.60623481829575,161.62298583984375,107497000
2021-12-07 00:00:00-05:00,165.29886939857903,167.74296195252498,164.5754126322905,167.35189819335938,120405400
2021-12-08 00:00:00-05:00,168.28063193441844,172.02498277481175,166.88260351360617,171.16465759277344,116998900
2021-12-09 00:00:00-05:00,170.9985205283445,172.7973693361273,170.03065436230736,170.65634155273438,108923700
2021-12-10 00:00:00-05:00,171.29179439045112,175.61294836881706,170.78341894665584,175.4369659423828,115402700
2021-12-13 00:00:00-05:00,177.06958213379667,178.0570049030749,171.60459570289865,171.80990600585938,153237000
2021-12-14 00:00:00-05:00,171.3308817563336,173.76520322122326,168.35887188331523,170.43145751953125,139380400
2021-12-15 00:00:00-05:00,171.1940123824784,175.48583813344078,168.45662585148168,175.29031372070312,131063300
2021-12-16 00:00:00-05:00,175.27077720416733,177.08918279763162,166.93153397693786,168.4077606201172,150185800
2021-12-17 00:00:00-05:00,166.12990322695052,169.59074770607975,165.8952798165429,167.31285095214844,195432700
2021-12-20 00:00:00-05:00,164.51679054709132,166.76535914150864,163.71513578207376,165.95391845703125,107499100
2021-12-21 00:00:00-05:00,167.72340078083394,169.3267248588515,165.33796412188073,169.12142944335938,91185900
2021-12-22 00:00:00-05:00,169.1703411922784,171.92728536537462,168.30024464668514,171.7122039794922,92135300
2021-12-23 00:00:00-05:00,171.9174985527305,172.8951357013555,171.35046721642092,172.33787536621094,68356600
2021-12-27 00:00:00-05:00,173.12975263201184,176.3852860059842,173.1102106304085,176.29730224609375,74919600
2021-12-28 00:00:00-05:00,176.1311025117923,177.2749361221624,174.5375492742612,175.28054809570312,79144300
2021-12-29 00:00:00-05:00,175.31963018526795,176.59056116138325,174.15623986676752,175.36851501464844,62348900
2021-12-30 00:00:00-05:00,175.45653864701075,176.53194546765312,174.10739462067014,174.21493530273438,59773000
2021-12-31 00:00:00-05:00,174.1073900997929,175.2218958133562,173.29594950484335,173.59902954101562,64062300
2022-01-03 00:00:00-05:00,173.8532266687499,178.79029755777358,173.73591497728762,177.9397430419922,104487900
2022-01-04 00:00:00-05:00,178.54586564233023,178.84893075193062,175.1143499260673,175.68138122558594,99310400
2022-01-05 00:00:00-05:00,175.5934060632604,176.14088047095728,170.7345483186125,171.00828552246094,94537600
2022-01-06 00:00:00-05:00,168.83792269234627,171.3797850968752,167.80162976232634,168.15357971191406,96904000
2022-01-07 00:00:00-05:00,169.0236630282213,170.2457092977057,167.2052575825263,168.31976318359375,86709100
2022-01-10 00:00:00-05:00,165.2988731483881,168.64239004792708,164.40921985835627,168.33932495117188,106765600
2022-01-11 00:00:00-05:00,168.46638531849982,171.26241232501607,166.9999300768731,171.16465759277344,76138300
2022-01-12 00:00:00-05:00,172.18144710369126,173.21774007794218,170.91053076473975,171.60464477539062,74805200
2022-01-13 00:00:00-05:00,171.8490383580425,172.6702498945838,167.94826118313497,168.33932495117188,84505800
2022-01-14 00:00:00-05:00,167.5083685317949,169.89380588973404,167.26395921098248,169.19969177246094,80440800
2022-01-18 00:00:00-05:00,167.67452813175186,168.6814931182034,165.6214992398613,166.00277709960938,90956700
2022-01-19 00:00:00-05:00,166.19833085017333,167.25418085979933,162.22912604138475,162.51263427734375,94815000
2022-01-20 00:00:00-05:00,163.24583471657064,165.8854518373375,160.50844792121475,160.83106994628906,91420500
2022-01-21 00:00:00-05:00,160.74312175844747,162.61041256635795,158.67053547305395,158.778076171875,122848900
2022-01-24 00:00:00-05:00,156.44148123567246,158.67049246380245,151.2404450916643,158.0056915283203,162294600
2022-01-25 00:00:00-05:00,155.424720331175,159.1201868610098,153.50856023591945,156.2068328857422,115798400
2022-01-26 00:00:00-05:00,159.84366081362626,160.7137572085088,154.29068942101793,156.11886596679688,108275300
2022-01-27 00:00:00-05:00,158.81715723147198,160.17607231774176,154.74041197266266,155.65939331054688,121954600
2022-01-28 00:00:00-05:00,162.00425626677838,166.54049197821774,159.15932862262193,166.52093505859375,179935700
2022-01-31 00:00:00-05:00,166.35473547583268,171.0864955438015,165.71926239899202,170.8714141845703,115541600
2022-02-01 00:00:00-05:00,170.11864243059435,170.93008309016165,168.45666218750117,170.70523071289062,86213900
2022-02-02 00:00:00-05:00,170.84209391826516,171.94682868403083,169.45385093947993,171.90771484375,84914300
2022-02-03 00:00:00-05:00,170.57808486487306,172.29873538364427,168.27086114724798,169.03341674804688,89418100
2022-02-04 00:00:00-05:00,168.05455952783922,170.42346859121156,167.0756769166009,168.74957275390625,82465400
2022-02-07 00:00:00-05:00,169.20967525085985,170.27665387927516,167.3400055860888,168.03501892089844,77251200
2022-02-08 00:00:00-05:00,168.1035042386361,171.64706939744136,167.80983647215697,171.13804626464844,74829200
2022-02-09 00:00:00-05:00,172.33231049138615,172.91963117728815,171.20658637108463,172.5574493408203,71285000
2022-02-10 00:00:00-05:00,170.46260694632986,171.77430598076174,167.92730472233933,168.48526000976562,90865900
2022-02-11 00:00:00-05:00,168.690860750742,169.4250227899619,164.4914455219278,165.0787811279297,98670700
2022-02-14 00:00:00-05:00,163.83556797241158,165.99890498473425,163.04267549502603,165.31369018554688,86185500
2022-02-15 00:00:00-05:00,167.35953966665278,169.29772280484622,166.6547430824804,169.14109802246094,62527400
2022-02-16 00:00:00-05:00,168.22094376536884,169.6794689590006,166.45895248580587,168.90615844726562,61177400
2022-02-17 00:00:00-05:00,167.41828169802858,168.27970312361404,164.91234475439344,165.31369018554688,69589300
2022-02-18 00:00:00-05:00,166.23387859788448,166.93866044821442,162.68052937533312,163.76708984375,82772700
2022-02-22 00:00:00-05:00,161.4960419882263,163.16993775264925,158.72580252665216,160.84999084472656,91162800
2022-02-23 00:00:00-05:00,162.0442012768804,162.64132019491717,156.37647821597528,156.68972778320312,90009200
2022-02-24 00:00:00-05:00,149.35790916683425,159.4110376690062,148.79015546543386,159.30335998535156,141147500
2022-02-25 00:00:00-05:00,160.3801542624622,161.63312305071847,157.472871153436,161.36883544921875,91974200
2022-02-28 00:00:00-05:00,159.6166064975814,161.9267702066246,158.99990563300975,161.6331024169922,95056600
2022-03-01 00:00:00-05:00,161.22194003999604,163.08182569745117,158.5495950755146,159.7536163330078,83474400
2022-03-02 00:00:00-05:00,160.91850544375748,163.82578787806702,159.50891214996344,163.0426788330078,79724800
2022-03-03 00:00:00-05:00,164.91235266773373,165.3430634011942,162.05401727070716,162.7196502685547,76678400
2022-03-04 00:00:00-05:00,161.01642127862274,162.0540345545001,158.67689221468046,159.7242889404297,83737200
2022-03-07 00:00:00-05:00,159.91026569329455,161.53521443024337,155.68148559760553,155.93600463867188,96418800
2022-03-08 00:00:00-05:00,155.46617371481233,159.44043549933374,152.50994347183405,154.1153106689453,131148300
2022-03-09 00:00:00-05:00,158.0699374448171,159.9591883833685,156.04365849416726,159.50889587402344,91454900
2022-03-10 00:00:00-05:00,156.81700107101284,157.0029911685478,152.6861150001443,155.1724853515625,105342000
2022-03-11 00:00:00-05:00,155.57379764949783,155.91641251914996,151.23735509056115,151.46249389648438,96970100
2022-03-14 00:00:00-04:00,148.2518056179064,150.865421052167,146.93032272367594,147.4393310546875,108732100
2022-03-15 00:00:00-04:00,147.71340492610565,152.28480063427574,147.204396636905,151.81492614746094,92964300
2022-03-16 00:00:00-04:00,153.73350876565036,156.62120932527256,151.19820652447248,156.21986389160156,102300200
2022-03-17 00:00:00-04:00,155.26058530967927,157.60011436017203,154.30128444798586,157.22813415527344,75615400
2022-03-18 00:00:00-04:00,157.1204422875064,161.0066074424884,156.3862803303168,160.5171661376953,123511700
2022-03-21 00:00:00-04:00,160.05708320205216,162.83712104497158,159.56764191840216,161.88760375976562,95811400
2022-03-22 00:00:00-04:00,162.01487524148183,165.84231029999864,161.42755456550663,165.25498962402344,81532000
2022-03-23 00:00:00-04:00,164.44252537221885,168.99432437394225,164.1096938716203,166.6156463623047,98062700
2022-03-24 00:00:00-04:00,167.4476727675763,170.46263328488442,166.61563143205333,170.3941192626953,90131400
2022-03-25 00:00:00-04:00,170.2080920251791,171.5785215356228,169.10195003253148,171.0303497314453,80546200
2022-03-28 00:00:00-04:00,168.53420969754978,172.019029244763,168.36780145361686,171.89178466796875,90371900
2022-03-29 00:00:00-04:00,172.95876428530602,175.22976408859992,172.61614940998814,175.1808319091797,100589400
2022-03-30 00:00:00-04:00,174.77950323773482,175.81711647524634,172.96856432856262,174.01597595214844,92633200
2022-03-31 00:00:00-04:00,174.0845168128981,174.27050693821633,170.71715752826566,170.9227294921875,103049300
2022-04-01 00:00:00-04:00,170.35492714540266,171.18698327855927,168.30906622272897,170.62901306152344,78751300
2022-04-04 00:00:00-04:00,170.8835430731966,174.72076108227714,170.75628355518236,174.67181396484375,76468400
2022-04-05 00:00:00-04:00,173.75165021722813,174.53475923368862,170.7366902126206,171.36317443847656,73401800
2022-04-06 00:00:00-04:00,168.72020734548278,169.963392443072,166.5373033062765,168.20140075683594,89058800
2022-04-07 00:00:00-04:00,167.54556668896316,169.69910564386342,166.26323274049562,168.50486755371094,77594700
2022-04-08 00:00:00-04:00,168.15243700693318,168.15243700693318,165.6269183292227,166.4981231689453,76575500
2022-04-11 00:00:00-04:00,165.14726983208973,165.46050445879015,162.00505049807634,162.24977111816406,72246700
2022-04-12 00:00:00-04:00,164.47185939466212,166.28278325109693,163.1209966207163,164.1194610595703,79265200
2022-04-13 00:00:00-04:00,163.85517369033073,167.42808955183875,163.24827119923606,166.80160522460938,70618900
2022-04-14 00:00:00-04:00,167.0169298477089,167.653212444084,161.55476362429968,161.7994842529297,75329400
2022-04-18 00:00:00-04:00,160.45845861462905,163.08187215208477,160.1158586140106,161.5841827392578,69023900
2022-04-19 00:00:00-04:00,161.5352440651779,164.27611889634176,160.44868355818875,163.86497497558594,67723800
2022-04-20 00:00:00-04:00,165.1962520760154,165.3137281661249,162.59243524088046,163.6985626220703,67929800
2022-04-21 00:00:00-04:00,165.34306268686478,167.90773030576432,162.40641490220864,162.9056396484375,87227800
2022-04-22 00:00:00-04:00,162.9447923826861,164.32500539707067,158.08952846576778,158.37339782714844,84882400
2022-04-25 00:00:00-04:00,157.71757136622622,159.7242838315626,155.11375480994548,159.44041442871094,96046400
2022-04-26 00:00:00-04:00,158.82372320771267,158.91181906878418,153.4105028966986,153.4888153076172,95623200
2022-04-27 00:00:00-04:00,152.61759051221244,156.41564486229873,152.0987839265491,153.26365661621094,88063200
2022-04-28 00:00:00-04:00,155.88707729102597,161.04579354437072,155.57382764277364,160.1843719482422,130216800
2022-04-29 00:00:00-04:00,158.42236732431553,162.69029635210208,153.92929946524063,154.3208465576172,131747600
2022-05-02 00:00:00-04:00,153.40067973909794,154.88857035171824,150.0333216240582,154.62428283691406,123055300
2022-05-03 00:00:00-04:00,154.81029731534235,157.31624964341847,153.01895506893698,156.11221313476562,88966500
2022-05-04 00:00:00-04:00,156.29817374379095,162.9643614673084,155.89682831665468,162.5140838623047,108256500
2022-05-05 00:00:00-04:00,160.38993331507154,160.61507214954577,151.67786848905013,153.45944213867188,130525300
2022-05-06 00:00:00-04:00,152.93984857664353,156.30235682996496,151.1458596477854,154.1848602294922,116124600
2022-05-09 00:00:00-04:00,151.88112823098254,152.76342612282588,148.5088364921623,149.06761169433594,131577900
2022-05-10 00:00:00-04:00,152.45950928453797,153.65550196924158,149.92046680625165,151.46937561035156,115366700
2022-05-11 00:00:00-04:00,150.4792343504193,152.39085681137783,142.94056542836282,143.6169891357422,142689800
2022-05-12 00:00:00-04:00,139.96040581157675,143.3228989996902,136.06853101088905,139.75453186035156,182602000
2022-05-13 00:00:00-04:00,141.74458368466105,145.18551933414366,140.29371306035543,144.21499633789062,113990900
2022-05-16 00:00:00-04:00,142.68573136301794,144.61696502202452,141.3426813570236,142.67591857910156,86643800
2022-05-17 00:00:00-04:00,145.93055862687706,146.82265416778552,143.79345144967377,146.30308532714844,78336300
2022-05-18 00:00:00-04:00,143.9601314929513,144.46008977155722,137.14688920750964,138.04879760742188,109742900
2022-05-19 00:00:00-04:00,137.12732118856076,138.87229156176298,133.9118691553446,134.64710998535156,136095600
2022-05-20 00:00:00-04:00,136.3528669986982,137.9311846697821,130.00039004958086,134.88238525390625,137426100
2022-05-23 00:00:00-04:00,135.0784317492794,140.4407891232643,134.9411873997547,140.2937469482422,117726300
2022-05-24 00:00:00-04:00,138.03898075989613,139.17615657107172,134.62746828487894,137.59783935546875,104132700
2022-05-25 00:00:00-04:00,135.70580258630076,138.99968110716551,135.61757730341805,137.7546844482422,92482700
2022-05-26 00:00:00-04:00,134.68626677474316,141.49949297179577,134.4411865880973,140.9505157470703,90601500
2022-05-27 00:00:00-04:00,142.52887188890233,146.7344424649416,142.40142537012454,146.6952362060547,90978500
2022-05-31 00:00:00-04:00,146.13644955191023,147.69515625482543,143.95032308788612,145.9109649658203,103718400
2022-06-01 00:00:00-04:00,146.95010821381516,148.75391017683245,144.773794451972,145.78353881835938,74286600
2022-06-02 00:00:00-04:00,144.920824891666,148.29313081917098,143.96991252402043,148.23431396484375,72348100
2022-06-03 00:00:00-04:00,144.0091352358549,145.05808578629097,141.6171647882395,142.51905822753906,88570300
2022-06-06 00:00:00-04:00,144.13658414441952,145.64628674294468,142.04849579123675,143.26409912109375,71598400
2022-06-07 00:00:00-04:00,141.50933876771822,146.06782531945106,141.26425852389363,145.78353881835938,67808200
2022-06-08 00:00:00-04:00,145.65608826850138,146.92069570984725,144.5581335933167,145.0482940673828,53950200
2022-06-09 00:00:00-04:00,144.18560463111925,145.0384790561678,139.72514139394366,139.83297729492188,69473000
2022-06-10 00:00:00-04:00,137.51941663931075,137.9899664897166,134.36278209908923,134.43141174316406,91437900
2022-06-13 00:00:00-04:00,130.2552525242583,132.53940235521404,128.85340060932865,129.2847442626953,122207100
2022-06-14 00:00:00-04:00,130.51011351307002,131.25515193955982,128.8925752102517,130.1473846435547,84784300
2022-06-15 00:00:00-04:00,131.64729675078482,134.63727870714717,129.55922325217023,132.76486206054688,91533000
2022-06-16 00:00:00-04:00,129.48077097128098,129.78466802101963,126.50058741056863,127.50051879882812,108123900
2022-06-17 00:00:00-04:00,127.51032472551074,130.46108474224513,127.25543176187765,128.9709930419922,134520300
2022-06-21 00:00:00-04:00,130.79442925101708,134.36279718069025,130.69640612370614,133.1962127685547,81000500
2022-06-22 00:00:00-04:00,132.13743964836019,135.04899374439105,131.27476747959807,132.68643188476562,73409200
2022-06-23 00:00:00-04:00,134.1275183400123,135.86267563561398,132.96093402675356,135.54898071289062,72433800
2022-06-24 00:00:00-04:00,137.14690930909833,139.1173641987572,137.01947774401722,138.87228393554688,89116800
2022-06-27 00:00:00-04:00,139.8918112487565,140.666273257268,138.1958600157244,138.87228393554688,70207900
2022-06-28 00:00:00-04:00,139.3330131628478,140.59762053174873,134.61767206581916,134.7353057861328,67083400
2022-06-29 00:00:00-04:00,134.75492447437682,137.90174634957765,133.98046254650382,136.49008178710938,66242400
2022-06-30 00:00:00-04:00,134.5490335635321,135.64698810352084,131.1375212724895,134.0294647216797,98964500
2022-07-01 00:00:00-04:00,133.36288679146008,136.30385033247464,132.99037491472117,136.19601440429688,71051600
2022-07-05 00:00:00-04:00,135.05879144662464,138.82321946775843,134.23531066321448,138.77420043945312,73353800
2022-07-06 00:00:00-04:00,138.56834136394644,141.28381901974345,138.30365057809186,140.10743713378906,74064300
2022-07-07 00:00:00-04:00,140.47019110271424,143.66604717243726,140.4603932776671,143.46998596191406,66253700
2022-07-08 00:00:00-04:00,142.40140757015126,144.64635079248632,142.1465295229667,144.14637756347656,64547800
2022-07-11 00:00:00-04:00,142.80336382609462,143.75427642973983,140.95055766241197,142.01910400390625,63141600
2022-07-12 00:00:00-04:00,142.89155544175705,145.5286208059207,142.19553604555907,142.98959350585938,77588800
2022-07-13 00:00:00-04:00,140.1760748610569,143.5679764107693,139.32318560371215,142.6268768310547,71185600
2022-07-14 00:00:00-04:00,141.24465485515523,146.01881345268225,140.43098661066193,145.5482635498047,78140700
2022-07-15 00:00:00-04:00,146.83247339444262,147.89122183493336,145.28356446993823,147.2147979736328,76259900
2022-07-18 00:00:00-04:00,147.77358792071823,148.58725611818477,143.8130828380742,144.17581176757812,81420900
2022-07-19 00:00:00-04:00,145.0090524915063,148.25391198084102,144.01893385798232,148.0284423828125,82982400
2022-07-20 00:00:00-04:00,148.14612084165154,150.69496170219924,147.41088001170658,150.02833557128906,64823400
2022-07-21 00:00:00-04:00,151.45956799212024,152.50851845862235,148.94994906470606,152.2928466796875,65086600
2022-07-22 00:00:00-04:00,152.3320525114364,153.2045374479934,150.3910214648786,151.05763244628906,66675400
2022-07-25 00:00:00-04:00,150.97920113195147,151.9889303599999,149.28325033510924,149.9400634765625,53623900
2022-07-26 00:00:00-04:00,149.26362321320852,150.07729118277658,147.83236337932289,148.6166229248047,55138700
2022-07-27 00:00:00-04:00,149.57738561961435,154.23391054533735,149.16565257909815,153.70452880859375,78620700
2022-07-28 00:00:00-04:00,153.8907653704556,154.53778073211737,151.37134852302864,154.2534942626953,81378700
2022-07-29 00:00:00-04:00,158.06695385906744,160.40992030893383,156.36119003723385,159.31195068359375,101786900
2022-08-01 00:00:00-04:00,157.84145882480365,160.3706884793457,157.72382510643268,158.3316192626953,67829400
2022-08-02 00:00:00-04:00,156.94940053816907,159.21393969022574,156.48864846428177,156.8611602783203,59907000
2022-08-03 00:00:00-04:00,157.67482654904526,163.31167231688755,157.58660124880873,162.86073303222656,82507500
2022-08-04 00:00:00-04:00,162.74307352499065,163.89986001020398,161.19416464799912,162.54701232910156,55474100
2022-08-05 00:00:00-04:00,160.22044287042655,162.81208464474912,160.0142829089203,162.3212432861328,56697000
2022-08-08 00:00:00-04:00,163.32253000929188,164.73615535552312,161.1922805564501,161.85000610351562,60276900
2022-08-09 00:00:00-04:00,161.0155852740051,162.78261696114208,160.25968547297944,161.8990936279297,63135500
2022-08-10 00:00:00-04:00,164.60854654925055,166.23814341245296,163.8428352480907,166.13998413085938,70170500
2022-08-11 00:00:00-04:00,166.94496643142614,167.8579391801427,165.10922447830612,165.4037322998047,57149200
2022-08-12 00:00:00-04:00,166.70936592550703,169.01631131920942,166.2970460032489,168.94760131835938,68039400
2022-08-15 00:00:00-04:00,168.37818541775778,170.21392688656005,168.21130119143814,170.01759338378906,54091700
2022-08-16 00:00:00-04:00,169.61512926108554,170.52810192661653,168.51564947224608,169.8605499267578,56377100
2022-08-17 00:00:00-04:00,169.60528281111644,172.92335934005538,169.4089493149704,171.35267639160156,79542000
2022-08-18 00:00:00-04:00,170.56732446959606,171.69625328732099,169.94885973714076,170.95999145507812,62290100
2022-08-19 00:00:00-04:00,169.86055507755876,170.55755638009072,168.17205964818893,168.3782196044922,70346300
2022-08-22 00:00:00-04:00,166.58169604206546,166.74858025975374,164.0784028181707,164.5005340576172,69026800
2022-08-23 00:00:00-04:00,164.0195474098714,165.61969500518398,163.597416059393,164.1667938232422,54147100
2022-08-24 00:00:00-04:00,164.2551282502834,165.03065085876125,163.20472075222654,164.46127319335938,53841500
2022-08-25 00:00:00-04:00,165.688378388784,167.02346724627097,165.2662620854037,166.9154815673828,51218200
2022-08-26 00:00:00-04:00,167.44560000363606,167.91680343416758,160.56399573070382,160.62289428710938,78961000
2022-08-29 00:00:00-04:00,158.19813716461735,159.91608162954805,156.89251255304256,158.42393493652344,73314000
2022-08-30 00:00:00-04:00,159.16022613846985,159.58234252318653,154.83100169515882,155.99920654296875,77906200
2022-08-31 00:00:00-04:00,157.37356030730842,157.63861884578063,154.26162776653078,154.3401641845703,87991100
2022-09-01 00:00:00-04:00,153.77071574569004,155.51810905126626,151.83680040536973,155.06654357910156,74229900
2022-09-02 00:00:00-04:00,156.82381061062185,157.4226376540656,152.13136852434044,152.9559783935547,76957800
2022-09-06 00:00:00-04:00,153.60388383195894,154.21252227519972,150.87480729194033,151.6994171142578,73714800
2022-09-07 00:00:00-04:00,151.9841081371773,153.80021196934476,150.79626559392008,153.1032257080078,87449600
2022-09-08 00:00:00-04:00,151.80741774838046,153.4959132532277,149.88331299426738,151.63072204589844,84923800
2022-09-09 00:00:00-04:00,152.62219009337275,154.92915012061422,151.91537744584716,154.4873809814453,68028800
2022-09-12 00:00:00-04:00,156.66672837890903,161.25118449428555,156.38204700518378,160.43638610839844,104956000
2022-09-13 00:00:00-04:00,156.97102730327344,157.5993035102858,150.5606417135221,151.02203369140625,122656600
2022-09-14 00:00:00-04:00,151.95463927472932,154.22233860679495,150.79626102566698,152.46511840820312,87965400
2022-09-15 00:00:00-04:00,151.81719923234522,152.39640331677907,148.6071081028978,149.57896423339844,90481100
2022-09-16 00:00:00-04:00,148.44022763272653,148.57766259301448,145.65223775657734,147.93955993652344,162278800
2022-09-19 00:00:00-04:00,146.57506164963263,151.72889653171137,146.36891664275262,151.65036010742188,81474200
2022-09-20 00:00:00-04:00,150.5900968013731,155.1843789131033,150.2759661753886,154.02598571777344,107689800
2022-09-21 00:00:00-04:00,154.45790609581144,155.83227045116655,150.78642348575858,150.9042205810547,101696800
2022-09-22 00:00:00-04:00,149.58880860884872,151.64052177438083,148.14573389948876,149.9422149658203,86652500
2022-09-23 00:00:00-04:00,148.42057250414538,148.69544239271363,145.83874285871622,147.6744842529297,96029900
2022-09-26 00:00:00-04:00,146.91860212230296,150.95331767501642,146.898964278694,148.00827026367188,93339400
2022-09-27 00:00:00-04:00,149.9421927062511,151.88591989139582,147.20329010150107,148.98013305664062,84442700
2022-09-28 00:00:00-04:00,144.9355927960457,147.88064007446383,142.18687900699845,147.0952911376953,146691400
2022-09-29 00:00:00-04:00,143.4238179924611,144.03245634378814,138.103085707034,139.8701171875,128138200
2022-09-30 00:00:00-04:00,138.69213315187477,140.4788028880648,135.47221503631138,135.66854858398438,124925300
2022-10-03 00:00:00-04:00,135.67834355315813,140.44932105441077,135.16786446408517,139.84066772460938,114311700
2022-10-04 00:00:00-04:00,142.3734205948832,143.54162523892447,141.61752082886468,143.423828125,87830100
2022-10-05 00:00:00-04:00,141.43103055560152,144.68039782185656,140.39043433471556,143.7183380126953,79471000
2022-10-06 00:00:00-04:00,143.13914221609966,144.83744897574383,142.55995305808347,142.76609802246094,68402200
2022-10-07 00:00:00-04:00,139.9290453992253,140.47880029356153,136.8956494527264,137.52392578125,85925600
2022-10-10 00:00:00-04:00,137.84786987304688,139.29094450363405,136.03176603772727,137.84786987304688,74899000
2022-10-11 00:00:00-04:00,137.33739611427865,138.76084793369003,135.68817645989057,136.4342498779297,77033700
2022-10-12 00:00:00-04:00,136.58152223774053,137.78898779453903,135.62928879673916,135.8059844970703,70433700
2022-10-13 00:00:00-04:00,132.5173428390662,140.9598044199806,131.90868942611982,140.3708038330078,113224000
2022-10-14 00:00:00-04:00,141.66663200393148,141.8727919675868,135.65873850521228,135.8452606201172,88598000
2022-10-17 00:00:00-04:00,138.48595592005591,140.28242169324201,137.70060693296034,139.80140686035156,85250900
2022-10-18 00:00:00-04:00,142.82496921408597,144.01279645854203,138.03435459564724,141.11683654785156,99136600
2022-10-19 00:00:00-04:00,139.09463421767856,142.2949146585481,138.9081120945048,141.22488403320312,61758300
2022-10-20 00:00:00-04:00,140.40024050696854,143.21766459219867,140.0370077826972,140.76345825195312,64522000
2022-10-21 00:00:00-04:00,140.25299045906925,145.1417806685085,140.03701908535325,144.57240295410156,86548600
2022-10-24 00:00:00-04:00,144.49391115229145,147.47822063326248,143.32570608273846,146.71250915527344,75981900
2022-10-25 00:00:00-04:00,147.34074408565283,149.69679141311283,146.62411995147127,149.54953002929688,74732300
2022-10-26 00:00:00-04:00,148.1947823413551,149.20591401942318,145.32825653907994,146.61427307128906,88194300
2022-10-27 00:00:00-04:00,145.35773474859954,146.3197794029668,141.48990330767347,142.1476287841797,109180200
2022-10-28 00:00:00-04:00,145.48537216958695,154.6150242142885,145.11234293200243,152.88726806640625,164762400
2022-10-31 00:00:00-04:00,150.35449330723716,151.4147121907347,149.1372016307876,150.53118896484375,97943200
2022-11-01 00:00:00-04:00,152.23931825640548,152.60253597457515,146.3983105936967,147.8904571533203,80379300
2022-11-02 00:00:00-04:00,146.2216537374626,149.38267363121568,142.34400957590813,142.3734588623047,93604600
2022-11-03 00:00:00-04:00,139.45781809061094,140.18426855678922,136.20845130657773,136.33607482910156,97918500
2022-11-04 00:00:00-04:00,139.71866273149064,140.28898493787645,132.1373429796548,136.07058715820312,140814800
2022-11-07 00:00:00-05:00,134.82178704829124,136.8277351131925,133.40581664759068,136.60157775878906,83374600
2022-11-08 00:00:00-05:00,138.06673762400212,139.0697043062685,135.19547054516553,137.1719207763672,89908500
2022-11-09 00:00:00-05:00,136.18857977969958,136.23774833279379,132.3438299914245,132.61915588378906,74917800
2022-11-10 00:00:00-05:00,138.88285345399055,144.41888427734375,137.17188688278108,144.41888427734375,118854000
2022-11-11 00:00:00-05:00,143.38640864839942,147.5064688885728,141.96059578034578,147.20164489746094,93979700
2022-11-14 00:00:00-05:00,146.4838305708861,147.77196548965426,144.9695233350431,145.8053436279297,73374100
2022-11-15 00:00:00-05:00,149.67960607049233,151.02673737922098,146.08068410249945,147.53598022460938,89868300
2022-11-16 00:00:00-05:00,146.64119143040293,147.36883205309908,144.83188757505272,146.30685424804688,64218300
2022-11-17 00:00:00-05:00,143.98620818910433,148.95193124541828,143.71088233685353,148.20462036132812,80389400
2022-11-18 00:00:00-05:00,149.76814901244225,150.15163983799465,147.46720405912788,148.76516723632812,74829600
2022-11-21 00:00:00-05:00,147.65396813268248,147.86045501907074,145.25468713947097,145.5398406982422,58724100
2022-11-22 00:00:00-05:00,145.65786938764137,147.9096450709946,144.47788413446048,147.67364501953125,51804100
2022-11-23 00:00:00-05:00,146.95582360996656,149.29610855403772,146.8476588015229,148.54879760742188,58301400
2022-11-25 00:00:00-05:00,145.8348580598712,146.3953525551104,144.66471552066162,145.63819885253906,35195900
2022-11-28 00:00:00-05:00,142.7177546502144,144.19272111621666,140.9871327315936,141.8131103515625,69246000
2022-11-29 00:00:00-05:00,141.88196729880755,142.393293327039,138.00773375100172,138.8140411376953,83763800
2022-11-30 00:00:00-05:00,139.04019702693043,146.23804217919428,138.20439151332914,145.55955505371094,111380900
2022-12-01 00:00:00-05:00,145.73656252403373,146.64120704597443,144.16325857031342,145.8348846435547,71250400
2022-12-02 00:00:00-05:00,143.52411441944975,145.53006273642814,143.21927533321448,145.34323120117188,65447400
2022-12-05 00:00:00-05:00,145.30386574755366,148.40128929094377,143.3372438141924,144.18289184570312,68826400
2022-12-06 00:00:00-05:00,144.61555599946504,144.84171332835018,139.55149534602168,140.5249786376953,64727200
2022-12-07 00:00:00-05:00,139.81699890501977,140.97729872796708,137.6635453309665,138.58786010742188,69721100
2022-12-08 00:00:00-05:00,139.9841640195035,141.12480845757423,138.7451974772698,140.26931762695312,62128300
2022-12-09 00:00:00-05:00,139.9645101732408,143.14061609699272,138.5485396692002,139.7875213623047,76097000
2022-12-12 00:00:00-05:00,140.31847817047847,142.0884409898644,138.7058487137347,142.07861328125,70462700
2022-12-13 00:00:00-05:00,147.00497801337218,147.467135331872,141.83276813492486,143.042236328125,93886200
2022-12-14 00:00:00-05:00,142.92427726159215,144.21241242784126,138.80420126905452,140.8199920654297,82291200
2022-12-15 00:00:00-05:00,138.75506607434394,139.43355331078834,133.75984258432243,134.2220001220703,98931900
2022-12-16 00:00:00-05:00,134.40882419317708,135.35279464023196,131.49821613912175,132.26519775390625,160156900
2022-12-19 00:00:00-05:00,132.85519770218292,132.9436921230912,129.12845427057536,130.16091918945312,79592600
2022-12-20 00:00:00-05:00,129.1972093009086,131.02616804412892,127.72224305650941,130.09202575683594,77432800
2022-12-21 00:00:00-05:00,130.7607190395491,134.52680273214906,130.53456166494178,133.1894989013672,85928000
2022-12-22 00:00:00-05:00,132.10782262615243,132.314309508476,128.12541056444581,130.023193359375,77852100
2022-12-23 00:00:00-05:00,128.7350936895975,130.21006041152802,127.47645662054781,129.65940856933594,63814900
2022-12-27 00:00:00-05:00,129.1874232542848,129.2169213883547,126.57181200307966,127.85994720458984,69007800
2022-12-28 00:00:00-05:00,127.505939784758,128.8432433891337,123.76936236246999,123.9365234375,85438400
2022-12-29 00:00:00-05:00,125.8539861302219,128.30242867918332,125.5983306446105,127.44695281982422,75703700
2022-12-30 00:00:00-05:00,126.2669671564067,127.78125947114631,125.30331909041402,127.76158905029297,77034200
2023-01-03 00:00:00-05:00,128.10575347623433,128.71540148347327,122.09772277878758,122.98270416259766,112117500
2023-01-04 00:00:00-05:00,124.77232854118719,126.51279316144961,122.99253808389423,124.25117492675781,89113600
2023-01-05 00:00:00-05:00,125.00834271164995,125.63766124201173,122.67790010774006,122.93355560302734,80962700
2023-01-06 00:00:00-05:00,123.90699624027094,128.11555776974387,122.80568544146784,127.45674133300781,87754700
2023-01-09 00:00:00-05:00,128.29257960577254,131.18351617146814,127.72225745979352,127.97791290283203,70790800
2023-01-10 00:00:00-05:00,128.08610610497774,129.06941726347972,125.98182082594903,128.5482635498047,63896200
2023-01-11 00:00:00-05:00,129.05959971999454,131.2818777117784,128.2827904454057,131.26222229003906,69458900
2023-01-12 00:00:00-05:00,131.64572074057682,132.0193688291939,129.24643878440378,131.18356323242188,71379600
2023-01-13 00:00:00-05:00,129.82658137088367,132.66835024455597,129.46276101465787,132.51101684570312,57809700
2023-01-17 00:00:00-05:00,132.57984966159466,134.99878678874634,131.89153482883353,133.67132568359375,63646600
2023-01-18 00:00:00-05:00,134.5366071318126,136.29672707490226,132.776472184589,132.95347595214844,69672800
2023-01-19 00:00:00-05:00,131.8423392118264,133.97612225756075,131.53751520588366,133.01248168945312,58280400
2023-01-20 00:00:00-05:00,133.02230476612493,135.71658218378784,131.97999755468973,135.56907653808594,80223600
2023-01-23 00:00:00-05:00,135.81494462926892,140.92817511679004,135.59861495460586,138.7550506591797,81760300
2023-01-24 00:00:00-05:00,137.9683697007518,140.77081216801105,137.95854199183503,140.1513214111328,66435100
2023-01-25 00:00:00-05:00,138.53871015801215,140.05300275817604,136.49342112366645,139.49252319335938,65799300
2023-01-26 00:00:00-05:00,140.78067082207204,141.842648779811,139.53186132489677,141.5574951171875,54105100
2023-01-27 00:00:00-05:00,140.77085209552519,144.77292136359273,140.69218538947123,143.49461364746094,70555800
2023-01-30 00:00:00-05:00,142.54079133466578,143.12094131391822,140.46600420175812,140.61349487304688,64015300
2023-01-31 00:00:00-05:00,140.31848180314623,141.93111130163894,139.9054929686203,141.88194274902344,65874500
2023-02-01 00:00:00-05:00,141.56730384751015,144.16324461699494,138.961535368266,143.0029296875,77663600
2023-02-02 00:00:00-05:00,146.41500811186492,148.65695608667727,145.69719525256042,148.302978515625,118339000
2023-02-03 00:00:00-05:00,145.55954560277002,154.75351068440185,145.36288637728777,151.92156982421875,154357300
2023-02-06 00:00:00-05:00,150.02377712562708,150.54493079230497,148.26364190831887,149.19778442382812,69858300
2023-02-07 00:00:00-05:00,148.12598902287087,152.63938353904294,148.12598902287087,152.06906127929688,83322600
2023-02-08 00:00:00-05:00,151.3119247541495,152.00023955919008,148.64714493246836,149.38462829589844,64120100
2023-02-09 00:00:00-05:00,151.21361237069686,151.7544365931666,147.90968576195635,148.3521728515625,56007100
2023-02-10 00:00:00-05:00,147.19009004770194,149.04152741969745,146.95372962642622,148.71653747558594,57450700
2023-02-13 00:00:00-05:00,148.65744714640496,151.91717418893083,148.62790397291747,151.51341247558594,62199000
2023-02-14 00:00:00-05:00,149.80967642706798,151.4346261088162,148.568818055862,150.87327575683594,61707600
2023-02-15 00:00:00-05:00,150.78461690781828,153.1383177826238,150.55811427879883,152.9709014892578,65573800
2023-02-16 00:00:00-05:00,151.17854429955682,153.95572244720177,151.02098573800205,151.37551879882812,68167900
2023-02-17 00:00:00-05:00,150.03617955770974,150.67630162569367,148.55896091432058,150.23313903808594,59144100
2023-02-21 00:00:00-05:00,147.91880821074704,149.0021077790729,146.15600076088242,146.2249298095703,58867200
2023-02-22 00:00:00-05:00,146.60900607426132,147.67260518894304,144.92498541296462,146.64840698242188,51011300
2023-02-23 00:00:00-05:00,147.8105044744373,148.05670759936388,145.00379786650186,147.1309814453125,48394200
2023-02-24 00:00:00-05:00,144.87576101262292,144.9545478123535,143.50687229977612,144.48184204101562,55469600
2023-02-27 00:00:00-05:00,145.46662923177482,146.90444675275575,145.2105684203629,145.67343139648438,44998500
2023-02-28 00:00:00-05:00,144.8166705381309,146.8158385647427,144.6000106018143,145.17120361328125,50547000
2023-03-01 00:00:00-05:00,144.600022862706,144.99394185647634,142.80765687884437,143.1031036376953,55479000
2023-03-02 00:00:00-05:00,142.1872231725768,144.481837933212,141.71450238763347,143.69398498535156,52238100
2023-03-03 00:00:00-05:00,145.79162671403117,148.81500811176437,145.09241829817535,148.73622131347656,70732300
2023-03-06 00:00:00-05:00,151.4542972077173,153.92618602775224,151.1293223291666,151.4936981201172,87558000
2023-03-07 00:00:00-05:00,151.3656431408717,151.69063299374776,148.83468341689917,149.29754638671875,56182000
2023-03-08 00:00:00-05:00,150.48919246419973,151.13917230662574,149.52408044265695,150.54827880859375,47204800
2023-03-09 00:00:00-05:00,151.2277963802791,152.1929083670859,147.9483691410299,148.3029022216797,53833600
2023-03-10 00:00:00-05:00,147.92868001277867,148.64758887079853,145.36816171354923,146.24464416503906,68572400
2023-03-13 00:00:00-04:00,145.56513330123872,150.81418573238946,145.45680332509693,148.1847381591797,84457100
2023-03-14 00:00:00-04:00,148.98245037600438,151.07024829967136,147.8203787096759,150.27255249023438,73695900
2023-03-15 00:00:00-04:00,148.89377768233683,150.92248866561948,147.64306182318006,150.66644287109375,77167900
2023-03-16 00:00:00-04:00,149.84905684492745,154.08375312665916,149.33695019463687,153.48301696777344,76161100
2023-03-17 00:00:00-04:00,153.70953434482817,154.35951419092353,151.93686886777078,152.64593505859375,98944600
2023-03-20 00:00:00-04:00,152.71489092530072,155.42312546588803,151.80885014610277,155.00949096679688,73641400
2023-03-21 00:00:00-04:00,154.93070734117964,156.9791040860205,154.16253977805687,156.86093139648438,73938300
2023-03-22 00:00:00-04:00,156.88061300312046,159.6774765177441,155.41323716716616,155.4329376220703,75701800
2023-03-23 00:00:00-04:00,156.41774787367245,159.09643867673987,155.28520465118157,156.51622009277344,67622100
2023-03-24 00:00:00-04:00,156.44728881765926,157.90480687220796,155.45263376473136,157.81617736816406,59196500
2023-03-27 00:00:00-04:00,157.5109061704178,158.32830230982592,155.47233717929535,155.87611389160156,52390300
2023-03-28 00:00:00-04:00,155.57082346557496,156.0829301456233,153.6110412861723,155.25567626953125,45992200
2023-03-29 00:00:00-04:00,156.94953135245441,158.60402382956926,156.92984592593675,158.32827758789062,51305700
2023-03-30 00:00:00-04:00,159.07673846378026,160.0024644815908,158.82069266127598,159.89413452148438,49501700
2023-03-31 00:00:00-04:00,159.97296867046583,162.49408664068446,159.4510191700869,162.39559936523438,68749800
2023-04-03 00:00:00-04:00,161.77514833228696,163.76445869825218,161.7259047034759,163.6462860107422,56976200
2023-04-04 00:00:00-04:00,164.06975594835677,164.30610131295074,162.60238002597387,163.11448669433594,46278300
2023-04-05 00:00:00-04:00,162.2379998945446,162.54328933366952,159.34264903941414,161.2728729248047,51511700
2023-04-06 00:00:00-04:00,159.96309788102116,162.45468749786315,159.53963569062748,162.15924072265625,45390100
2023-04-10 00:00:00-04:00,158.96840146235982,159.5691375732422,157.6487565719111,159.5691375732422,47716900
2023-04-11 00:00:00-04:00,159.88429605818737,159.8941387722609,158.0722298566841,158.3578338623047,47644200
2023-04-12 00:00:00-04:00,158.77147274218814,159.59871163720814,157.35334033527027,157.66848754882812,50133100
2023-04-13 00:00:00-04:00,159.1752417539843,163.28190788405584,158.96842452673738,163.04554748535156,68445600
2023-04-14 00:00:00-04:00,162.09025757823102,163.79399372639534,161.33196290458474,162.7008514404297,49386500
2023-04-17 00:00:00-04:00,162.58269264644778,162.87813940299813,161.53879379674336,162.72056579589844,41516200
2023-04-18 00:00:00-04:00,163.5773508935462,164.8674527745674,163.13417327770642,163.9417266845703,49923000
2023-04-19 00:00:00-04:00,163.2819130529251,165.60607111909823,163.02585218946155,165.08412170410156,47720200
2023-04-20 00:00:00-04:00,163.56751067945328,165.3204757933169,163.04556123695718,164.11900329589844,52456400
2023-04-21 00:00:00-04:00,162.54326081596733,163.92199192078084,161.99176837404192,162.5137176513672,58337300
2023-04-24 00:00:00-04:00,162.49405610505224,163.0849495926161,161.40091367199096,162.8190460205078,41949600
2023-04-25 00:00:00-04:00,162.68117729099055,163.78416246885476,161.24334444666383,161.28274536132812,48714100
2023-04-26 00:00:00-04:00,160.58350725145092,162.76979197769046,160.32746143764658,161.2728729248047,45498800
2023-04-27 00:00:00-04:00,162.68115222078845,165.99996498511996,162.68115222078845,165.8522491455078,64902300
2023-04-28 00:00:00-04:00,165.93103698503495,167.2703823718156,165.33030085507355,167.1029510498047,55275900
2023-05-01 00:00:00-04:00,166.70906903109534,167.86129792357815,166.07878959348815,167.0143585205078,52472900
2023-05-02 00:00:00-04:00,167.50673256610264,167.76279339985444,164.99545801480568,165.9802703857422,48425700
2023-05-03 00:00:00-04:00,166.925713661642,168.32414556576836,164.6212560883793,164.90684509277344,65136000
2023-05-04 00:00:00-04:00,162.38569340694187,164.50303376107877,161.8145004912906,163.2720184326172,81235400
2023-05-05 00:00:00-04:00,168.3832383689214,171.65282310766082,168.1665784150509,170.9339141845703,113453200
2023-05-08 00:00:00-04:00,169.86041647416434,171.2096195052504,169.49604074216262,170.86492919921875,55962800
2023-05-09 00:00:00-04:00,170.42181373691182,170.90436226614003,168.9938385535857,169.1612548828125,45326900
2023-05-10 00:00:00-04:00,170.39224965147537,171.38690478906514,169.28924951921832,170.92404174804688,53724500
2023-05-11 00:00:00-04:00,171.2096322648924,171.9383837832071,169.55513971049686,171.11114501953125,49514700
2023-05-12 00:00:00-04:00,171.21964497087455,171.65356424240227,168.63587209674515,170.18417358398438,45533100
2023-05-15 00:00:00-04:00,170.76601261404946,170.815324358024,169.09937498339835,169.6910858154297,37266700
2023-05-16 00:00:00-04:00,169.61219003463674,170.74628490689332,169.42481443623242,169.6910858154297,42110300
2023-05-17 00:00:00-04:00,169.3360433616003,170.53916250241704,168.06386972955488,170.302490234375,57951600
2023-05-18 00:00:00-04:00,170.60820660461047,172.81724313624747,170.19401507639674,172.62986755371094,65496700
2023-05-19 00:00:00-04:00,173.95134816577144,173.95134816577144,172.5213979143073,172.7383575439453,55809500
2023-05-22 00:00:00-04:00,171.57463586444004,172.2945540862593,171.05196458153654,171.79159545898438,43570900
2023-05-23 00:00:00-04:00,170.7364116817252,170.9829553293692,168.9119826700276,169.1881103515625,50747300
2023-05-24 00:00:00-04:00,168.7246024757336,170.03621645106807,168.16249079935005,169.4642333984375,45143500
2023-05-25 00:00:00-04:00,170.02634463618594,171.49573497151061,169.31629781123684,170.59832763671875,56058300
2023-05-26 00:00:00-04:00,170.92379413047703,173.33991896491864,170.71669083708804,173.00460815429688,54835000
2023-05-30 00:00:00-04:00,174.51345913931758,176.51539231960112,174.12885165758402,174.8487548828125,55964400
2023-05-31 00:00:00-04:00,174.87834951174753,176.87042648421155,174.3162227478627,174.79945373535156,99625300
2023-06-01 00:00:00-04:00,175.24326250861952,177.6298037673365,174.483903683808,177.6002197265625,68901800
2023-06-02 00:00:00-04:00,178.52718373632618,179.2668146743205,176.78165050926717,178.4482879638672,61996900
2023-06-05 00:00:00-04:00,180.10507993454968,182.3929972823034,175.57852688511534,177.0972442626953,121946500
2023-06-06 00:00:00-04:00,177.48186345973468,177.62978364684957,174.97697127382227,176.7323760986328,64848400
2023-06-07 00:00:00-04:00,175.97302631817985,178.70473461267676,174.86851540394252,175.36160278320312,61944600
2023-06-08 00:00:00-04:00,175.44046308150416,178.33981894141047,175.0065588784877,178.0735626220703,50214900
2023-06-09 00:00:00-04:00,178.99068805786467,179.71059129506313,178.13272098000036,178.45816040039062,48900000
2023-06-12 00:00:00-04:00,178.76390437463206,181.34767745099242,178.468048934722,181.24905395507812,54274900
2023-06-13 00:00:00-04:00,180.2727216495119,181.60404834381112,179.91769818813273,180.77566528320312,54929100
2023-06-14 00:00:00-04:00,180.8348771337569,181.84077969250703,179.50355011713233,181.4068603515625,57462900
2023-06-15 00:00:00-04:00,181.4166932611595,183.94129793003785,181.23917400121888,183.43833923339844,65433200
2023-06-16 00:00:00-04:00,184.14840773628853,184.40482280312972,181.72242626645283,182.36343383789062,101256200
2023-06-20 00:00:00-04:00,181.86048315364175,183.52712083284334,181.86048315364175,182.45217895507812,49799100
2023-06-21 00:00:00-04:00,182.34369383727915,182.84665255889604,180.06563271508736,181.4167022705078,49515700
2023-06-22 00:00:00-04:00,181.19973368511316,184.46396933431626,181.13069423738702,184.41465759277344,51245300
2023-06-23 00:00:00-04:00,182.9847233686237,184.96692915011988,182.45218058994394,184.09909057617188,53117000
2023-06-26 00:00:00-04:00,184.2470177435845,185.45015206010262,182.66913223239737,182.70858764648438,48088700
2023-06-27 00:00:00-04:00,183.3199642296852,185.78540030520836,183.10300465121298,185.4599609375,50730800
2023-06-28 00:00:00-04:00,185.33180236622022,187.2745677103686,185.00637796044083,186.63356018066406,51216800
2023-06-29 00:00:00-04:00,186.46591313429835,187.44223149955704,186.3278492789131,186.96885681152344,46347300
2023-06-30 00:00:00-04:00,188.98063939826477,191.79122791985353,188.6157445714927,191.2882843017578,85213200
2023-07-03 00:00:00-04:00,191.10092178559267,191.19954526937022,189.10884478636748,189.79917907714844,31458200
2023-07-05 00:00:00-04:00,188.92147125163748,190.311965971159,187.98459336367247,188.68478393554688,46920300
2023-07-06 00:00:00-04:00,187.21539208287066,189.36526064633148,186.5842409083175,189.1581573486328,45094300
2023-07-07 00:00:00-04:00,188.76369580404943,190.0062704618662,187.60987325439862,188.0437774658203,46815000
2023-07-10 00:00:00-04:00,186.6434031135775,187.36332142042107,184.4540942539423,186.0023956298828,59922200
2023-07-11 00:00:00-04:00,186.544822138739,186.68288600391077,184.0202171482648,185.47975158691406,46638100
2023-07-12 00:00:00-04:00,187.0575799007695,189.04965668897157,185.864317131752,187.14634704589844,60750200
2023-07-13 00:00:00-04:00,187.8662603208446,188.54672319895087,187.15621340871894,187.90570068359375,41342300
2023-07-14 00:00:00-04:00,187.59997248992855,188.53683526319492,187.00827681367923,188.05361938476562,41616200
2023-07-17 00:00:00-04:00,189.2469126832782,191.6334686208352,189.1581605746784,191.3080291748047,50520200
2023-07-18 00:00:00-04:00,190.6768538720752,191.64330071063998,189.75970372238763,191.0515899658203,48288200
2023-07-19 00:00:00-04:00,190.4303452538346,195.4894113562338,189.9865545896983,192.40269470214844,80507300
2023-07-20 00:00:00-04:00,192.39280905028917,193.7537348839622,189.8386203157028,190.4599151611328,59581200
2023-07-21 00:00:00-04:00,191.4164870851642,192.2744541324422,188.58615588066942,189.28634643554688,71951700
2023-07-24 00:00:00-04:00,190.73603816687742,192.21530010696893,189.59207198839397,190.0851593017578,45377800
2023-07-25 00:00:00-04:00,190.65713123041024,191.75178560391285,190.2527960456413,190.943115234375,37283200
2023-07-26 00:00:00-04:00,190.99243214213982,192.9351972994816,190.64728006234532,191.8109588623047,47471900
2023-07-27 00:00:00-04:00,193.30993672945922,194.47361545879667,189.88790988625553,190.54864501953125,47460200
2023-07-28 00:00:00-04:00,191.9785925358936,193.91150122150714,191.45592124266818,193.12255859375,48291400
2023-07-31 00:00:00-04:00,193.34938604539337,193.77344894031904,192.56044337061044,193.73399353027344,38824100
2023-08-01 00:00:00-04:00,193.52691923606866,194.01013518521242,192.5801849485631,192.90562438964844,35175100
2023-08-02 00:00:00-04:00,192.34352304314683,192.4815869108448,189.19763812575488,189.91754150390625,50389300
2023-08-03 00:00:00-04:00,188.92151753100373,189.71044534890663,188.05367887391031,188.52703857421875,61235200
2023-08-04 00:00:00-04:00,182.95508679019278,184.789371855198,179.40485277798012,179.47389221191406,115956800
2023-08-07 00:00:00-04:00,179.61197056531847,180.59814508763776,174.89805755245857,176.3773193359375,97576100
2023-08-08 00:00:00-04:00,177.205713919119,177.77769698523286,175.12488493894773,177.31419372558594,67823000
2023-08-09 00:00:00-04:00,178.3693964131728,178.42856448196,174.56276182695083,175.72645568847656,60378500
2023-08-10 00:00:00-04:00,176.99863993985085,178.2510860859084,175.14464164213348,175.509521484375,54686900
2023-08-11 00:00:00-04:00,175.10462674008653,176.3883728930982,174.34424265962002,175.56874084472656,52036700
2023-08-14 00:00:00-04:00,175.74650562753334,177.44501774834183,175.09474782272636,177.2178955078125,43675600
2023-08-15 00:00:00-04:00,176.64514364841483,177.23763842738072,174.8380051896738,175.23300170898438,43622600
2023-08-16 00:00:00-04:00,174.91703015656563,176.30940286172734,174.2948962433497,174.36402893066406,46964900
2023-08-17 00:00:00-04:00,174.92688028330798,175.29225282363015,171.31260330101006,171.82611083984375,66062900
2023-08-18 00:00:00-04:00,170.14735612669347,172.9123770667114,169.8116075662743,172.30999755859375,61172200
2023-08-21 00:00:00-04:00,172.88274314562352,173.92949746098708,171.56935789788312,173.6431121826172,46311900
2023-08-22 00:00:00-04:00,174.8478727981476,175.46012191641384,174.04799506153495,175.0157470703125,42038900
2023-08-23 00:00:00-04:00,176.28963972003098,179.2817827873095,176.10201110060572,178.85714721679688,52722800
2023-08-24 00:00:00-04:00,178.41277199096436,178.8374075605793,173.8109887437673,174.17637634277344,54945800
2023-08-25 00:00:00-04:00,175.1638506244018,176.91172570988553,173.62334339807447,176.37847900390625,51449600
2023-08-28 00:00:00-04:00,177.84004032072406,178.3337935661488,176.31928695480332,177.9387969970703,43820700
2023-08-29 00:00:00-04:00,177.45489519701718,182.5899254092932,177.25739693272806,181.81967163085938,53003900
2023-08-30 00:00:00-04:00,182.62943856671393,185.5030858470339,182.43194029759772,185.30557250976562,60813900
2023-08-31 00:00:00-04:00,185.4931879048022,186.75719481874472,185.13768501849643,185.52281188964844,60794500
2023-09-01 00:00:00-04:00,187.12253474390127,187.54715513062877,185.92764574293952,187.09291076660156,45766500
2023-09-05 00:00:00-04:00,185.92769881238064,187.60645663383806,185.26607135025952,187.3299560546875,45280000
2023-09-06 00:00:00-04:00,186.0461707664675,186.49056063180015,179.2027597126584,180.62477111816406,81755800
2023-09-07 00:00:00-04:00,172.99134398653018,175.98350189646143,171.37183427986267,175.34161376953125,112488800
2023-09-08 00:00:00-04:00,176.12176201867752,177.98814840122637,175.56874581023814,175.95387268066406,65551300
2023-09-11 00:00:00-04:00,177.82029208697838,178.0474143493556,175.12438865362392,177.11915588378906,58953100
2023-09-12 00:00:00-04:00,177.2475449582567,177.87954850785982,172.6358914674074,174.09739685058594,90370200
2023-09-13 00:00:00-04:00,174.30476112108144,175.0848996684252,171.80637096422893,172.03350830078125,84267900
2023-09-14 00:00:00-04:00,171.82609096561458,173.89986015970092,171.4113401404273,173.5443572998047,60895800
2023-09-15 00:00:00-04:00,174.27510652680778,174.29486087176767,171.6483512368518,172.82347106933594,109259500
2023-09-18 00:00:00-04:00,174.27511585610648,177.13889330258442,173.96899129951683,175.7465057373047,67257600
2023-09-19 00:00:00-04:00,175.30211073798526,177.38574949277796,174.91698390976052,176.83274841308594,51826900
2023-09-20 00:00:00-04:00,177.0203732393163,177.45487842056565,173.20859833310675,173.2974853515625,58436200
2023-09-21 00:00:00-04:00,172.36920682730067,174.09734264324985,171.6878251518227,171.75694274902344,63149100
2023-09-22 00:00:00-04:00,172.48772049861157,174.86761425499944,171.87547142547365,172.60621643066406,56725400
2023-09-25 00:00:00-04:00,172.02359502231215,174.75899170155245,171.97421669351675,173.88011169433594,46172700
2023-09-26 00:00:00-04:00,172.63588402695854,173.01112622988728,169.5153600429677,169.81161499023438,64588900
2023-09-27 00:00:00-04:00,170.4633463371719,170.87809720821267,166.93795639924983,168.3007049560547,66921800
2023-09-28 00:00:00-04:00,167.2243249736919,169.8807195182162,165.5258128129139,168.55746459960938,56294400
2023-09-29 00:00:00-04:00,169.87087702160497,170.9077618887565,168.2118582205317,169.0709991455078,51861100
2023-10-02 00:00:00-04:00,169.08084887750982,172.12237043121976,168.79446358018748,171.57923889160156,52164500
2023-10-03 00:00:00-04:00,170.1078434596355,171.46073744550782,168.6858469308082,170.24609375,49594600
2023-10-04 00:00:00-04:00,168.95242782585208,172.03345733749015,168.83393190668662,171.49032592773438,53020300
2023-10-05 00:00:00-04:00,171.6187292983148,173.25799352598938,170.52259660006877,172.72474670410156,48527900
2023-10-06 00:00:00-04:00,171.6285909459562,175.76624458491796,171.016326818613,175.27249145507812,57266700
2023-10-09 00:00:00-04:00,174.6010122921434,176.81303215553828,173.6036362062995,176.7537841796875,42390800
2023-10-10 00:00:00-04:00,175.87486944103904,177.4746247468579,175.72673446240606,176.16123962402344,43698000
2023-10-11 00:00:00-04:00,175.9736034231689,177.60299770884345,175.38110873868183,177.55361938476562,47551100
2023-10-12 00:00:00-04:00,177.82026707710477,180.06189553412176,176.80312172309905,178.4522705078125,56743100
2023-10-13 00:00:00-04:00,179.1533924067404,179.6570151987734,175.91437292525092,176.61550903320312,51427100
2023-10-16 00:00:00-04:00,174.54174811745375,176.84263973108403,174.3047411678942,176.4871368408203,52517000
2023-10-17 00:00:00-04:00,174.44298390478113,176.19087429527403,172.61610626933813,174.93673706054688,57549400
2023-10-18 00:00:00-04:00,173.3863659573123,175.36137864838344,172.9222367694585,173.6431121826172,54764400
2023-10-19 00:00:00-04:00,173.84060845589931,175.61812287122567,173.00123711265553,173.2678680419922,59302900
2023-10-20 00:00:00-04:00,173.11974130623128,173.2283676109075,170.48310107616433,170.72010803222656,64244000
2023-10-23 00:00:00-04:00,168.77470794688867,171.8359684831129,167.80694090892598,170.83859252929688,55980100
2023-10-24 00:00:00-04:00,170.88794448829165,171.50019348742782,169.30792860053273,171.2730712890625,43816600
2023-10-25 00:00:00-04:00,169.73259505065448,170.89784530264086,168.51795139973865,168.96234130859375,57157000
2023-10-26 00:00:00-04:00,168.24143389027685,169.23882483986895,163.60015755926395,164.80491638183594,70625300
2023-10-27 00:00:00-04:00,164.8247009041889,166.8490920877316,164.74569858206283,166.1183319091797,58499100
2023-10-30 00:00:00-04:00,166.90832288755587,169.03145545417337,166.7601878982554,168.16244506835938,51131000
2023-10-31 00:00:00-04:00,167.23420217717043,168.76482492650203,165.80230595130433,168.63645935058594,44846000
2023-11-01 00:00:00-04:00,168.86358325166134,172.05322449399938,167.99457285522465,171.79647827148438,56934900
2023-11-02 00:00:00-04:00,173.32709544733643,175.55885407348563,173.2678474852133,175.3514862060547,77334800
2023-11-03 00:00:00-04:00,172.06309922812656,174.61086723243213,171.1842192438163,174.44297790527344,79829200
2023-11-06 00:00:00-05:00,174.17635419198152,177.18823614800198,174.00847994055556,176.99073791503906,63841300
2023-11-07 00:00:00-05:00,176.94138484513783,180.1606652677133,176.7340169447808,179.5484161376953,70530000
2023-11-08 00:00:00-05:00,180.07179468790036,181.15804266662394,179.3212801943679,180.60504150390625,49340300
2023-11-09 00:00:00-05:00,180.67417400336535,181.81966995293175,179.53853262491765,180.13104248046875,53763500
2023-11-10 00:00:00-05:00,181.91089548671326,184.48180071812672,181.47581782404296,184.31369018554688,66133400
2023-11-13 00:00:00-05:00,183.7401702602705,183.9478113332898,182.14818998578377,182.73158264160156,43627500
2023-11-14 00:00:00-05:00,185.5991101996175,186.0045247766197,184.214786141562,185.34202575683594,60108400
2023-11-15 00:00:00-05:00,185.7474724520267,187.3789985945617,185.6782486931539,185.90567016601562,53790500
2023-11-16 00:00:00-05:00,187.44823748096084,188.82267924718175,186.53852134009114,187.586669921875,54412900
2023-11-17 00:00:00-05:00,188.12059370194675,188.24914348244,186.4594046371221,187.56686401367188,50922700
2023-11-20 00:00:00-05:00,187.76460727588125,189.76200213676566,187.75472463510502,189.30714416503906,46505100
2023-11-21 00:00:00-05:00,189.2676114417462,189.37638084971888,187.61630503925363,188.5062255859375,38134500
2023-11-22 00:00:00-05:00,189.3467095850447,190.77057938008178,188.6940931656517,189.16871643066406,39617700
2023-11-24 00:00:00-05:00,188.73363999587542,188.76330300712377,187.13177703645835,187.84371948242188,24048300
2023-11-27 00:00:00-05:00,187.79427548166112,188.53588093642713,186.78568783853885,187.6657257080078,40552600
2023-11-28 00:00:00-05:00,187.65586514519703,188.94131776896225,187.28011350908017,188.2689208984375,38415400
2023-11-29 00:00:00-05:00,188.76331653900834,189.93999969621768,186.85492560121705,187.2504425048828,43014200
2023-11-30 00:00:00-05:00,187.71515943504943,188.18979776505014,186.08363355367433,187.8239288330078,48794400
2023-12-01 00:00:00-05:00,188.19969953750024,189.4159283197641,187.11200544734405,189.09951782226562,45704800
2023-12-04 00:00:00-05:00,187.85361573572166,187.9228394923183,185.35193435249073,187.3097686767578,43389500
2023-12-05 00:00:00-05:00,188.081033613139,192.2241233156588,188.05135551468544,191.25509643554688,66628400
2023-12-06 00:00:00-05:00,192.2735994925461,192.5801273781731,189.95979375458376,190.16744995117188,41089700
2023-12-07 00:00:00-05:00,191.46279066889767,192.81745204226402,191.42322992176048,192.0956268310547,47477700
2023-12-08 00:00:00-05:00,192.0263616366492,193.79633503305183,191.50229501018384,193.51947021484375,53406400
2023-12-11 00:00:00-05:00,190.94855257455626,191.32430412608116,189.27746604866925,191.01776123046875,60943700
2023-12-12 00:00:00-05:00,190.9189246189266,192.54056806660662,189.57414602172835,192.5306854248047,52696900
2023-12-13 00:00:00-05:00,192.90642113434447,195.78385412672148,192.66911702808835,195.7443084716797,70404200
2023-12-14 00:00:00-05:00,195.8036348613561,197.3857175620074,193.964452594447,195.8926239013672,66831600
2023-12-15 00:00:00-05:00,195.3190970971854,196.17935458626624,194.79503045579114,195.35865783691406,128538400
2023-12-18 00:00:00-05:00,193.8952224343076,194.4291868327445,192.21425301938103,193.6974639892578,55751900
2023-12-19 00:00:00-05:00,193.96443406555753,194.74558515548247,193.69745188302565,194.73570251464844,40714100
2023-12-20 00:00:00-05:00,194.69616113684165,195.46742966263125,192.6493377685547,192.6493377685547,52242800
2023-12-21 00:00:00-05:00,193.9050960501454,194.8741228719849,191.33419132020353,192.5009765625,46482500
2023-12-22 00:00:00-05:00,192.9954077755279,193.2228443252002,190.81015202156473,191.43310546875,37149600
2023-12-26 00:00:00-05:00,191.4429660781885,191.71983089218512,190.67169765519787,190.8892364501953,28919300
2023-12-27 00:00:00-05:00,190.33552729492325,191.33421726083122,188.95118798803827,190.98812866210938,48087700
2023-12-28 00:00:00-05:00,191.96704448132198,192.48122849088116,191.00790021395272,191.41331481933594,34049900
2023-12-29 00:00:00-05:00,191.72972215657148,192.2241257878035,189.58401220758475,190.37506103515625,42672100
2024-01-02 00:00:00-05:00,185.05528848269014,186.33085840634024,181.83178197139316,183.56219482421875,82488700
2024-01-03 00:00:00-05:00,182.15809638511382,183.79952025374087,181.37693010719954,182.18775939941406,58414500
2024-01-04 00:00:00-05:00,180.1112512492328,181.04073256447913,178.85547678867908,179.8739471435547,71983600
2024-01-05 00:00:00-05:00,179.95303087035154,180.71440156415224,178.15339449300276,179.15208435058594,62379700
2024-01-08 00:00:00-05:00,180.0519155054874,183.52263874374273,179.46852282651062,183.4830780029297,59144500
2024-01-09 00:00:00-05:00,181.86143345023166,183.07766218215258,180.68475037086026,183.06777954101562,42841800
2024-01-10 00:00:00-05:00,182.28664662503843,184.31368968460146,181.86145160567418,184.10604858398438,46792900
2024-01-11 00:00:00-05:00,184.45212033242825,184.9564217479187,181.56480461990643,183.51275634765625,49128400
2024-01-12 00:00:00-05:00,183.97748271061099,184.64987951630312,183.11722519297732,183.83905029296875,40477800
2024-01-16 00:00:00-05:00,180.12114381484557,182.1976301200088,178.90489995610474,181.57469177246094,65603000
2024-01-17 00:00:00-05:00,179.24110807963172,180.8825167727283,178.281963767062,180.63531494140625,47317400
2024-01-18 00:00:00-05:00,184.00715864056133,187.0230241166397,183.7500741577492,186.51873779296875,78005800
2024-01-19 00:00:00-05:00,187.21088801676132,189.80155831594578,186.70660172518024,189.41592407226562,68903000
2024-01-22 00:00:00-05:00,190.14763349819026,193.14371820043874,190.1080727596782,191.71983337402344,60133900
2024-01-23 00:00:00-05:00,192.83720939883855,193.55903452389106,191.66052626402544,192.9954071044922,42355600
2024-01-24 00:00:00-05:00,193.23271418014866,194.18197579456825,192.16480052192722,192.32301330566406,53631300
2024-01-25 00:00:00-05:00,193.03497008475262,194.07322080915367,190.94858599423335,191.99671936035156,54822100
2024-01-26 00:00:00-05:00,192.0956267141711,192.58013270627515,189.79170355496896,190.26632690429688,44594000
2024-01-29 00:00:00-05:00,189.86091028509443,190.04878611194624,187.45811545873704,189.58404541015625,47145600
2024-01-30 00:00:00-05:00,188.80288370915284,189.65325866018404,185.37172089064353,185.93533325195312,55859400
2024-01-31 00:00:00-05:00,184.94652570867123,185.00586682539145,182.28664653050623,182.33607482910156,55467800
2024-02-01 00:00:00-05:00,181.93069725109765,184.8575590001162,181.7626017867558,184.76856994628906,64885400
2024-02-02 00:00:00-05:00,177.84687547061628,185.2332669548565,177.24370243482153,183.76983642578125,102551700
2024-02-05 00:00:00-05:00,186.04410163536497,187.13179578344227,183.75995901240586,185.57936096191406,69668800
2024-02-06 00:00:00-05:00,184.76855142564483,187.1911265388062,184.67956238073768,187.18124389648438,43490800
2024-02-07 00:00:00-05:00,188.50622203381667,188.91163664571195,186.49894443287428,187.2899932861328,53439000
2024-02-08 00:00:00-05:00,187.27023532431497,187.41855040104747,185.25307484073457,186.21221923828125,40962000
2024-02-09 00:00:00-05:00,186.77653768433356,188.10324181676,186.1329987846296,186.9745635986328,45155200
2024-02-12 00:00:00-05:00,186.54881961012742,186.79633688725167,184.93500212895557,185.2914276123047,41781900
2024-02-13 00:00:00-05:00,183.92512331150874,184.360756090923,181.68755769129083,183.20236206054688,56529500
2024-02-14 00:00:00-05:00,183.4796068721132,183.6875129162611,180.62820312290157,182.3212127685547,54630500
2024-02-15 00:00:00-05:00,181.72716915991907,182.65783644316613,179.5490203671251,182.03408813476562,65434500
2024-02-16 00:00:00-05:00,181.59845842120637,183.0142649801448,179.86583763061847,180.49948120117188,49752500
2024-02-20 00:00:00-05:00,179.98465441119404,180.6182980286837,178.2124373755958,179.75694274902344,53665600
2024-02-21 00:00:00-05:00,180.13316833455778,181.0737309260645,178.86588113831095,180.5093994140625,41371400
2024-02-22 00:00:00-05:00,181.65785591778803,183.12316891523534,180.6479964148563,182.5390167236328,52292200
2024-02-23 00:00:00-05:00,183.1726595934398,183.20236045475278,180.4202689919066,180.7073974609375,45119700
2024-02-26 00:00:00-05:00,180.43019254491847,180.9450175834942,178.85597124394113,179.3609161376953,40867400
2024-02-27 00:00:00-05:00,179.30148000361888,182.09346638622006,177.7767654701203,180.8162841796875,54318900
2024-02-28 00:00:00-05:00,180.69750358801915,181.30144633523983,178.34114943443706,179.6183319091797,48953900
2024-02-29 00:00:00-05:00,179.46981142225187,180.75690414056305,177.74708592784262,178.95497131347656,136682600
2024-03-01 00:00:00-05:00,177.76691576574171,178.7371792855814,175.61846756104012,177.87582397460938,73563100
2024-03-04 00:00:00-05:00,174.40064432483445,175.14319605787904,172.06408093389737,173.361083984375,81510100
2024-03-05 00:00:00-05:00,169.0641855800497,170.33147275577412,167.93550746706842,168.4305419921875,95132400
2024-03-06 00:00:00-05:00,169.36121186741923,169.53943215491887,167.00484265804033,167.4404754638672,68587700
2024-03-07 00:00:00-05:00,167.47015957545335,169.0344703547855,166.81672553933012,167.3216552734375,71765100
2024-03-08 00:00:00-05:00,167.32165453074688,171.97497562938204,167.26225281020422,169.0344696044922,76267000
2024-03-11 00:00:00-04:00,171.22256991091453,172.64827197645664,170.34140892696936,171.03445434570312,60139500
2024-03-12 00:00:00-04:00,171.43043622416553,172.30170175265368,169.3116892312768,171.5096435546875,59825400
2024-03-13 00:00:00-04:00,171.05423942259554,171.4700666239107,169.06419090034882,169.43052673339844,52488700
2024-03-14 00:00:00-04:00,171.19284931228447,172.57893998999515,170.34138929390355,171.28195190429688,72913500
2024-03-15 00:00:00-04:00,169.47013396047814,170.90573120117188,168.5988682774061,170.90573120117188,121752700
2024-03-18 00:00:00-04:00,173.82641511894556,175.94516209588443,171.79677072295308,171.99478149414062,75604200
2024-03-19 00:00:00-04:00,172.6086342803731,174.85609525037736,171.31164624406932,174.33135986328125,55215200
2024-03-20 00:00:00-04:00,173.97492929704185,176.8956298828125,173.3511809805003,176.8956298828125,53423100
2024-03-21 00:00:00-04:00,175.29173693263047,175.72736975318543,169.14340118299,169.6681365966797,106181300
2024-03-22 00:00:00-04:00,170.05425166968308,171.33144918231721,168.37113733503185,170.569091796875,71160100
2024-03-25 00:00:00-04:00,168.87610215909345,170.23249206020807,167.76721443821097,169.1533203125,54288300
2024-03-26 00:00:00-04:00,168.31177163695932,169.71766815187948,167.89594436696248,168.024658203125,57388400
2024-03-27 00:00:00-04:00,168.7176579392829,171.87598039200594,168.42063422483255,171.58885192871094,60273300
2024-03-28 00:00:00-04:00,170.0443614510728,170.51959037094832,168.81667037520143,169.77703857421875,65672700
2024-04-01 00:00:00-04:00,169.48994505423667,169.54934678777494,167.79692011211174,168.34146118164062,46240500
2024-04-02 00:00:00-04:00,167.40087579338118,167.65828830624176,166.55931106297376,167.1632537841797,49329500
2024-04-03 00:00:00-04:00,167.11373478373662,168.98496453257434,166.90582876011774,167.96519470214844,47691700
2024-04-04 00:00:00-04:00,168.59885072968464,170.21266810452119,167.14346313476562,167.14346313476562,53704400
2024-04-05 00:00:00-04:00,167.90578453281648,168.6978426903414,167.27214102824712,167.89588928222656,42104800
2024-04-08 00:00:00-04:00,167.3513719945941,167.51968192191484,166.5692240844266,166.77713012695312,37425500
2024-04-09 00:00:00-04:00,167.02464767080627,168.39094781013864,166.67813256359855,167.98501586914062,42373800
2024-04-10 00:00:00-04:00,167.1236748074244,167.41078821247058,165.45045553411236,166.11380004882812,49709300
2024-04-11 00:00:00-04:00,166.66822184170525,173.7175238179071,166.49001666248702,173.3016815185547,91070300
2024-04-12 00:00:00-04:00,172.52942533467058,176.5887144383463,172.47993396851362,174.79669189453125,101670900
2024-04-15 00:00:00-04:00,173.6185038309996,174.8758957155582,170.78690583147454,170.9750213623047,73531800
2024-04-16 00:00:00-04:00,170.04433444727835,172.03436750787574,166.59889888763496,167.6978759765625,73711200
2024-04-17 00:00:00-04:00,167.9256158132339,168.95528100035153,166.33160400390625,166.33160400390625,50901200
2024-04-18 00:00:00-04:00,166.36129252101995,166.96523521407434,164.8959946340493,165.38111877441406,43122900
2024-04-19 00:00:00-04:00,164.559379327856,164.74747975255278,162.45052746983075,163.36138916015625,68149400
2024-04-22 00:00:00-04:00,163.8762247169617,165.59893510418706,163.13367296874276,164.1930389404297,48116400
2024-04-23 00:00:00-04:00,163.7079130900853,165.391027347015,163.28217556978177,165.2425079345703,49537800
2024-04-24 00:00:00-04:00,164.8860792640679,167.61867928406764,164.55936979904956,167.34146118164062,48251800
2024-04-25 00:00:00-04:00,167.84640961058278,168.9156860278579,166.4801094484109,168.2028350830078,50558300
2024-04-26 00:00:00-04:00,168.19292468782604,169.63841695172266,167.49986430971396,167.61868286132812,44838400
2024-04-29 00:00:00-04:00,171.64826373021612,174.28185098854456,171.38095596804143,171.7769775390625,68169400
2024-04-30 00:00:00-04:00,171.6086653165762,173.25218351807536,168.31173366197407,168.63845825195312,65934800
2024-05-01 00:00:00-04:00,167.8959009696714,170.9948217396029,167.43056733625505,167.61868286132812,50383100
2024-05-02 00:00:00-04:00,170.79680537480178,171.69777183075684,169.19289835753364,171.3116455078125,94214900
2024-05-03 00:00:00-04:00,184.7963833456082,185.14291355827163,180.84601747897057,181.55886840820312,163224100
2024-05-06 00:00:00-04:00,180.53910014061182,182.3707188474722,178.62825898838415,179.90545654296875,78569700
2024-05-07 00:00:00-04:00,181.62815272879564,183.0637497391675,179.5193160584302,180.5885772705078,77305800
2024-05-08 00:00:00-04:00,181.0341248704048,181.25194126160505,179.64801918938014,180.9252166748047,45057100
2024-05-09 00:00:00-04:00,180.74701199258516,182.82616313989396,180.30148392023486,182.737060546875,48983000
2024-05-10 00:00:00-04:00,183.3120385724197,183.50040923773955,180.5658387363955,181.47793579101562,50759500
2024-05-13 00:00:00-04:00,183.84742393900163,185.4931713127623,183.03445892506747,184.68020629882812,72044800
2024-05-14 00:00:00-04:00,185.89964252722956,186.68286641073877,184.69011878206607,185.82032775878906,52393600
2024-05-15 00:00:00-04:00,186.2962297111884,189.01268886802714,185.76085876781028,188.09068298339844,70400000
2024-05-16 00:00:00-04:00,188.83423487080034,189.458829238671,188.03119361367854,188.2096405029297,52845200
2024-05-17 00:00:00-04:00,187.88248620977504,189.17132485957902,187.55531842828847,188.23939514160156,41282900
2024-05-20 00:00:00-04:00,187.70403175639103,190.2717851507536,187.38677266186554,189.3993377685547,44361300
2024-05-21 00:00:00-04:00,189.44891605266244,191.07483113273048,189.2803778274553,190.69810485839844,42309400
2024-05-22 00:00:00-04:00,190.61877317517173,191.16405275409193,188.63594934473116,189.26052856445312,34648500
2024-05-23 00:00:00-04:00,189.3398501117122,189.35968258649532,185.02721720275102,185.2750701904297,51005900
2024-05-24 00:00:00-04:00,187.1984232707908,188.94330296502375,186.4251079843019,188.34844970703125,36327000
2024-05-28 00:00:00-04:00,189.86528785982966,191.34249703943843,187.47599667367734,188.3583526611328,52280100
2024-05-29 00:00:00-04:00,187.98163930401122,190.59896650948673,187.88249204796585,188.65579223632812,53068000
2024-05-30 00:00:00-04:00,189.12173915319045,190.52954231443272,188.99286588586446,189.64718627929688,49889100
2024-05-31 00:00:00-04:00,189.7959119633218,190.9162123421418,188.27905284340878,190.5989532470703,75158300
2024-06-03 00:00:00-04:00,191.24333201644762,193.31539419555028,190.86660581567378,192.36363220214844,50080500
2024-06-04 00:00:00-04:00,192.96841099700254,193.64257895328527,191.37223723797064,192.680908203125,47471400
2024-06-05 00:00:00-04:00,193.72190135445058,195.20901937445223,193.19645419760306,194.1878662109375,54156800
2024-06-06 00:00:00-04:00,194.0093836485974,194.8124248113502,192.50243342955554,192.8097686767578,41181800
2024-06-07 00:00:00-04:00,192.97832848334124,195.24867030234284,192.47271383884646,195.1990966796875,53103900
2024-06-10 00:00:00-04:00,195.20900753042525,195.60558138834554,190.49980075281104,191.4614715576172,97010200
2024-06-11 00:00:00-04:00,191.98691085726122,205.38089548057218,191.96709351098235,205.3709716796875,172373300
2024-06-12 00:00:00-04:00,205.58911253699537,218.30893098905233,205.12314766198512,211.24017333984375,198134300
2024-06-13 00:00:00-04:00,212.8958066808934,214.888539245905,209.7827737762817,212.4001007080078,97862700
2024-06-14 00:00:00-04:00,212.01345147179217,213.32210737882852,209.4853479747781,210.66513061523438,70122700
2024-06-17 00:00:00-04:00,211.53757201804441,217.06965275202606,210.89316027395952,214.80923461914062,93728300
2024-06-18 00:00:00-04:00,215.72132373307375,216.75240063817128,211.1707464886947,212.4496612548828,79943300
2024-06-20 00:00:00-04:00,212.0927425591543,212.4000929584359,207.05638337080816,207.87924194335938,86172500
2024-06-21 00:00:00-04:00,208.58315742215362,210.07027533194446,205.33132746963062,205.70806884765625,241805100
2024-06-24 00:00:00-04:00,205.93607160503834,210.87329840415435,204.81577136869439,206.3524627685547,80727000
2024-06-25 00:00:00-04:00,207.35378999494392,209.56464939365068,206.8184342324815,207.2744903564453,55549700
2024-06-26 00:00:00-04:00,209.68362348048936,213.01476817493463,208.8310086144187,211.41859436035156,66213200
2024-06-27 00:00:00-04:00,212.84625148948237,213.88723714823547,210.52635096614495,212.26132202148438,49772700
2024-06-28 00:00:00-04:00,213.91695291908772,214.21437951883613,208.4939285392998,208.81117248535156,82542700
2024-07-01 00:00:00-04:00,210.26856627972688,215.64201747450758,210.10002805599396,214.8885498046875,60402900
2024-07-02 00:00:00-04:00,214.293668724795,218.48735180877674,213.2526983679821,218.3782958984375,58046200
2024-07-03 00:00:00-04:00,218.11063203893852,219.64732360839844,217.1489612238199,219.64732360839844,37369800
2024-07-05 00:00:00-04:00,219.74642480522968,224.5052045874235,219.74642480522968,224.39614868164062,60412400
2024-07-08 00:00:00-04:00,225.13973799267995,225.89322076278884,221.3327197032473,225.8634796142578,59085900
2024-07-09 00:00:00-04:00,225.9725055332989,227.42988222637766,224.4259054004998,226.716064453125,48076100
2024-07-10 00:00:00-04:00,227.3307677065015,231.0783037422216,227.28119408246098,230.97915649414062,62627700
2024-07-11 00:00:00-04:00,229.40278596334778,230.39419780728426,223.83105624130303,225.6156005859375,64710600
2024-07-12 00:00:00-04:00,226.95403700304678,230.64209091466597,226.71609267309665,228.56011962890625,53046500
2024-07-15 00:00:00-04:00,234.44910163171727,235.1926606193721,231.0882156126273,232.386962890625,62631300
2024-07-16 00:00:00-04:00,232.98182214446476,234.2409196318231,230.3347538954296,232.80337524414062,43234300
2024-07-17 00:00:00-04:00,227.47946461019197,229.47221227385296,224.69359950369105,226.91436767578125,57345900
2024-07-18 00:00:00-04:00,228.3023336745397,228.46096321097224,220.36112971273346,222.2547149658203,66034600
2024-07-19 00:00:00-04:00,222.88923571935766,224.8522270905052,221.36245288688534,222.38360595703125,49151500
2024-07-22 00:00:00-04:00,225.06041535891617,225.82380677595344,221.174082433242,222.03662109375,48201800
2024-07-23 00:00:00-04:00,222.44310313331528,224.9910392063895,220.7676144514488,223.07760620117188,39960300
2024-07-24 00:00:00-04:00,222.07627816799848,222.86941075843336,215.26528287042115,216.6631622314453,61777600
2024-07-25 00:00:00-04:00,217.04981289629316,218.95333716975932,212.77682977395946,215.6221923828125,51391200
2024-07-26 00:00:00-04:00,216.8217851678197,217.6050090608147,214.15488466672127,216.08815002441406,41601300
2024-07-29 00:00:00-04:00,215.09676223529075,217.41666277155184,213.89714701413598,216.3657684326172,36311800
2024-07-30 00:00:00-04:00,217.30756370891964,218.43777260182014,214.26392209769764,216.92091369628906,41643800
2024-07-31 00:00:00-04:00,219.53827220377053,221.89783756706774,218.73523091700034,220.1727752685547,50036300
2024-08-01 00:00:00-04:00,222.44309097566543,222.55214689360594,215.15622233135366,216.48471069335938,62501000
2024-08-02 00:00:00-04:00,217.26789271454797,223.6625110090241,215.84027241148294,217.9718017578125,105568600
2024-08-05 00:00:00-04:00,197.3802115476467,211.6664621054212,194.3167520967801,207.47279357910156,119548600
2024-08-06 00:00:00-04:00,203.53686913101606,208.18659343179937,199.34320096724198,205.45028686523438,69660500
2024-08-07 00:00:00-04:00,205.12311510057037,211.80523672133984,204.61750047992084,208.01805114746094,63516400
2024-08-08 00:00:00-04:00,211.27980900719393,212.36044444161047,207.0365669160157,211.47808837890625,47161100
2024-08-09 00:00:00-04:00,210.27850449568905,214.91830568661297,210.149616086692,214.38294982910156,42201600
2024-08-12 00:00:00-04:00,214.46235526228747,217.87674748817912,213.99585104906322,215.91148376464844,38028100
2024-08-13 00:00:00-04:00,217.38044783379533,220.23902400333975,217.38044783379533,219.62364196777344,44155300
2024-08-14 00:00:00-04:00,218.9288446755302,221.37053243582614,218.06530765715263,220.07028198242188,41960600
2024-08-15 00:00:00-04:00,222.9288713384501,223.67329096872731,221.10255033510867,223.0479736328125,46414000
2024-08-16 00:00:00-04:00,222.25391598005478,225.14226768918678,221.98592068094572,224.36807250976562,44340200
2024-08-19 00:00:00-04:00,224.0405257400108,224.30852103873067,221.38045847347976,224.20925903320312,40687800
2024-08-20 00:00:00-04:00,224.09014645304697,225.4797235950926,223.77252016614798,224.8246307373047,30299000
2024-08-21 00:00:00-04:00,224.8345868015738,226.28371522001356,223.37552309496598,224.71546936035156,34765500
2024-08-22 00:00:00-04:00,226.09512887719345,226.64103964823346,222.23407290784718,222.85939025878906,43695300
2024-08-23 00:00:00-04:00,223.98097823318813,226.52192810531062,222.66087229355688,225.15219116210938,38677300
2024-08-26 00:00:00-04:00,225.0727813784282,225.58891654674125,222.22414052811973,225.48965454101562,30602200
2024-08-27 00:00:00-04:00,224.31843379232603,227.14723425887112,223.21669220638537,226.3333282470703,35934600
2024-08-28 00:00:00-04:00,226.22414704916858,228.14971479709,224.0008084384826,224.80479431152344,38052200
2024-08-29 00:00:00-04:00,228.3879521456165,231.18696212304621,227.1770283167567,228.0802459716797,51906300
2024-08-30 00:00:00-04:00,228.4772755570311,228.68570457235603,225.78743262658827,227.29612731933594,52990800
2024-09-03 00:00:00-04:00,226.84946493362216,227.29611365629745,219.52437135882835,221.1124725341797,50190600
2024-09-04 00:00:00-04:00,220.01072730838987,220.1298295937355,215.86182100754215,219.20675659179688,43840200
2024-09-05 00:00:00-04:00,219.98098315180297,223.80232842315377,219.87180099289256,220.72540283203125,36615400
2024-09-06 00:00:00-04:00,222.28367202274,223.5640821152314,218.13478104858405,219.17697143554688,48423000
2024-09-09 00:00:00-04:00,219.17701543505086,219.6236642204836,215.09759492361837,219.26634216308594,67180000
2024-09-10 00:00:00-04:00,217.29112653781655,219.83207646515766,215.1174187834135,218.47227478027344,51591000
2024-09-11 00:00:00-04:00,219.81224273641337,221.4301044903715,216.26879790334314,221.00331115722656,44587100
2024-09-12 00:00:00-04:00,220.8444772424724,221.88666769221828,218.18442519080247,221.1124725341797,37455600
2024-09-13 00:00:00-04:00,221.91644846858938,222.37301734416337,220.25887596851652,220.844482421875,36766600
2024-09-16 00:00:00-04:00,214.92882889414335,215.60377723416104,212.32832783334672,214.71047973632812,59357400
2024-09-17 00:00:00-04:00,214.14471619981742,215.28615358843467,212.904016801209,215.17697143554688,45519300
2024-09-18 00:00:00-04:00,215.9313221513165,221.05293280374121,215.92138686335736,219.04795837402344,59894900
2024-09-19 00:00:00-04:00,223.31596324984213,228.11002736409566,222.95864123060412,227.16708374023438,66781300
2024-09-20 00:00:00-04:00,228.2589097535001,231.3556905514529,225.92638886705737,226.5020751953125,318679900
2024-09-23 00:00:00-04:00,225.64846451262724,227.742765583781,224.12984974700805,224.78494262695312,54146000
2024-09-24 00:00:00-04:00,226.94872814757065,227.64353192764617,224.05045616714196,225.67825317382812,43556100
2024-09-25 00:00:00-04:00,223.2564112941643,225.59885242729763,222.3531936181764,224.68569946289062,42308700
2024-09-26 00:00:00-04:00,225.608784129346,226.79985253593196,223.73284722402752,225.8271484375,36636700
2024-09-27 00:00:00-04:00,226.76016679177644,227.81227751628776,225.60879405182706,226.0951385498047,34026000
2024-09-30 00:00:00-04:00,228.32838978012126,231.26637268066406,227.94129216556473,231.26637268066406,54541900
2024-10-01 00:00:00-04:00,227.81227091446172,227.94129335648356,222.0752779583648,224.5269012451172,63285000
2024-10-02 00:00:00-04:00,224.20925878310885,225.67824256269316,221.360617941662,225.09263610839844,32880600
2024-10-03 00:00:00-04:00,223.4648047572347,225.12237700463635,221.65835466989557,223.99085998535156,34044200
2024-10-04 00:00:00-04:00,226.20430944090455,226.30357145139808,222.46237094034984,225.1125030517578,37245100
2024-10-07 00:00:00-04:00,222.8296017820206,224.01074997862722,219.68319006872073,220.04051208496094,39505400
2024-10-08 00:00:00-04:00,222.63108533790577,224.29857792676054,221.58889489724396,224.09014892578125,31855700
2024-10-09 00:00:00-04:00,223.554178398676,228.04055170887608,223.1571606453159,227.8321075439453,33591100
2024-10-10 00:00:00-04:00,226.08521111865923,227.7924147414137,225.47974919262126,227.33583068847656,28183500
2024-10-11 00:00:00-04:00,227.59388209213523,227.7030642360917,225.64845893034402,225.85690307617188,31759200
2024-10-14 00:00:00-04:00,226.99834931201846,230.0058033150611,226.89910245149323,229.57901000976562,39882100
2024-10-15 00:00:00-04:00,231.87181141001133,235.72294688412148,230.64103225198252,232.1100311279297,64751400
2024-10-16 00:00:00-04:00,229.87676649695567,230.39288648800354,228.1298522341637,230.055419921875,34082200
2024-10-17 00:00:00-04:00,231.69315867439417,232.11004699556463,228.8048220166126,230.4226837158203,32993800
2024-10-18 00:00:00-04:00,234.42266235996354,234.42266235996354,232.26881036633287,233.25144958496094,46431500
2024-10-21 00:00:00-04:00,232.7055644739604,235.08771628667242,232.7055644739604,234.720458984375,36254500
2024-10-22 00:00:00-04:00,232.1497589598997,234.46242459274853,230.86936376892484,234.1051025390625,38846600
2024-10-23 00:00:00-04:00,232.33833466706656,233.39044533687328,226.0653512199268,229.04302978515625,52287000
2024-10-24 00:00:00-04:00,228.26885524743938,229.10261683162435,226.71054453267715,228.85447692871094,31109500
2024-10-25 00:00:00-04:00,228.03061417648678,231.48471683213373,227.86188088691335,229.6881866455078,38802300
2024-10-28 00:00:00-04:00,231.58399967772363,232.98349712196287,230.81972458948547,231.66339111328125,36087100
2024-10-29 00:00:00-04:00,231.36563017470797,232.5864741436605,230.59143496071306,231.93138122558594,35417200
2024-10-30 00:00:00-04:00,230.87925826342104,231.7328600109945,227.8420287171323,228.387939453125,47070900
2024-10-31 00:00:00-04:00,227.63359787833264,228.11995749798112,223.69313535160188,224.2291259765625,64370100
2024-11-01 00:00:00-04:00,219.32586653780092,223.67328184782377,218.6310779402587,221.25143432617188,65276700
2024-11-04 00:00:00-05:00,219.34570882983752,221.13230364643434,218.07523400035532,220.3581085205078,44944500
2024-11-05 00:00:00-05:00,220.14969745378525,222.28369429475046,219.49460455688452,221.78741455078125,28111300
2024-11-06 00:00:00-05:00,220.95366880237512,224.387931303672,219.54423614319148,221.06285095214844,54561100
2024-11-07 00:00:00-05:00,222.95864433437472,226.18446269494834,222.89909318788202,225.7874298095703,42137700
2024-11-08 00:00:00-05:00,225.72782337627459,227.20836966100222,224.97265364792685,225.5191650390625,38328800
2024-11-11 00:00:00-05:00,223.57158868270503,224.26714170400084,220.0938084143074,222.8064727783203,42005600
2024-11-12 00:00:00-05:00,223.12444853772337,224.15783943194586,221.9420008205612,222.8064727783203,40398300
2024-11-13 00:00:00-05:00,222.58787261698694,225.2111120360391,221.34580821096,223.69082641601562,48566200
2024-11-14 00:00:00-05:00,223.59148192887395,227.41703140021204,223.57160465201176,226.7711639404297,44923900
2024-11-15 00:00:00-05:00,224.96270031544069,225.47940335635096,222.8462328667566,223.57159423828125,47923700
2024-11-18 00:00:00-05:00,223.8199993254601,228.28149999782985,223.74050538640262,226.57241821289062,44633700
2024-11-19 00:00:00-05:00,225.53899960732684,228.69881907074455,225.22103903072198,226.83074951171875,36211800
2024-11-20 00:00:00-05:00,226.61216873586113,228.4702922716314,224.45594670445817,227.54620361328125,35169600
2024-11-21 00:00:00-05:00,227.42697481306035,228.6988476019872,224.27710117470866,227.0692596435547,42108300
2024-11-22 00:00:00-05:00,226.61216818417898,229.25528492407807,226.61216818417898,228.41067504882812,38168300
2024-11-25 00:00:00-05:00,229.99059491471002,231.76922452168117,228.2815130321861,231.39163208007812,90152800
2024-11-26 00:00:00-05:00,231.8487208075284,234.07450576495518,231.8487208075284,233.56773376464844,45986200
2024-11-27 00:00:00-05:00,232.9814664022851,234.1937224347506,232.32565277909848,233.43853759765625,33498400
2024-11-29 00:00:00-05:00,233.31931239062584,236.3002669685808,232.48464874765904,235.8233184814453,28481400
2024-12-02 00:00:00-05:00,235.76369091824088,239.26133321145704,235.654388648958,238.06895446777344,48137100
2024-12-03 00:00:00-05:00,238.2875760799829,241.21884512379424,237.38334952948236,241.1095428466797,38861000
2024-12-04 00:00:00-05:00,241.32814402991647,242.56027739454964,239.7184333911867,241.46725463867188,44383900
2024-12-05 00:00:00-05:00,242.4410361127995,242.98753231090083,240.59284370740727,241.49705505371094,40033900
2024-12-06 00:00:00-05:00,241.36788746709487,243.0769692456264,240.5431549096241,241.29832458496094,36870600
2024-12-09 00:00:00-05:00,240.29475369946152,245.67041216886827,240.21525975684386,245.1835174560547,44649200
2024-12-10 00:00:00-05:00,245.3226337747269,246.63426111556626,243.78247081974237,246.19705200195312,36914800
2024-12-11 00:00:00-05:00,246.3858091597837,249.2077755123232,244.69658964103184,244.92514038085938,45205800
2024-12-12 00:00:00-05:00,245.32261935264157,247.1608807008323,244.12029436088807,246.38583374023438,32777500
2024-12-13 00:00:00-05:00,246.24671899982582,247.70737273801882,244.67674782957272,246.55474853515625,33155300
2024-12-16 00:00:00-05:00,246.41563368868003,249.78411156803347,246.07778066556844,249.44625854492188,51694800
2024-12-17 00:00:00-05:00,248.49237939681157,252.2185726786221,248.19428090188288,251.87078857421875,51356400
2024-12-18 00:00:00-05:00,250.55917390522964,252.6657103008961,246.1672359539693,246.4752655029297,56774100
2024-12-19 00:00:00-05:00,245.92873792847348,250.400169527173,245.5213371883983,248.20419311523438,60882300
2024-12-20 00:00:00-05:00,246.46531011815415,253.38113119374523,244.13023820234332,252.87437438964844,147495300
2024-12-23 00:00:00-05:00,253.15258832932108,254.02699130961165,251.84096111600803,253.6494140625,40858800
2024-12-24 00:00:00-05:00,253.86804957710976,256.5707679464462,253.6693071300515,256.56085205078125,23234700
2024-12-26 00:00:00-05:00,256.5508929178466,258.44877099351584,255.99445048269988,257.3756103515625,27237100
2024-12-27 00:00:00-05:00,256.19314630806485,257.05764856283577,251.45343969164696,253.96737670898438,42355300
2024-12-30 00:00:00-05:00,250.6287005424076,251.8906421270002,249.15810064436016,250.59889221191406,35557500
2024-12-31 00:00:00-05:00,250.83739579916153,251.6720594492945,247.84649497663966,248.83021545410156,39480700
2025-01-02 00:00:00-05:00,247.34967754084445,247.51861164989126,240.2848294479123,242.30194091796875,55740700
2025-01-03 00:00:00-05:00,241.81503295898438,242.62981931594805,240.3543640210219,241.81503295898438,40244100
2025-01-06 00:00:00-05:00,242.75900387005615,245.7598357483754,241.6560500607284,243.4446258544922,45045600
2025-01-07 00:00:00-05:00,241.43743349025635,243.99112508347835,239.81779188041267,240.67233276367188,40856000
2025-01-08 00:00:00-05:00,240.38417847646193,242.1628232218062,238.52605495049286,241.1592254638672,37628900
2025-01-10 00:00:00-05:00,238.48627094630749,238.63532775588945,231.5207799769646,235.34634399414062,61710900
2025-01-13 00:00:00-05:00,232.04743903723335,233.18020116738663,228.26162915914,232.9119110107422,49630700
2025-01-14 00:00:00-05:00,233.25969544364762,234.62099318079112,230.99417118008773,231.7990264892578,39435300
2025-01-15 00:00:00-05:00,233.1504034772107,237.4429855317883,232.94172997653553,236.35989379882812,39832000
2025-01-16 00:00:00-05:00,235.84318609247865,236.49898454969573,226.58234697208553,226.81088256835938,71759100
2025-01-17 00:00:00-05:00,230.6463874145182,230.8153063545454,227.02949646555186,228.5199737548828,68488300
2025-01-21 00:00:00-05:00,222.57794445660952,222.99527628303537,217.9872792040061,221.22657775878906,98070400
2025-01-22 00:00:00-05:00,218.39465138442915,222.6971640978084,218.39465138442915,222.4090118408203,64126500
2025-01-23 00:00:00-05:00,223.3132424800993,225.58869773276695,220.88873040600683,222.24009704589844,60234800
2025-01-24 00:00:00-05:00,223.35299524803202,224.19760513427786,220.00439436057442,221.36569213867188,54697900
2025-01-27 00:00:00-05:00,222.5978054024586,230.67618150163648,222.5580508531902,228.40072631835938,94863400
2025-01-28 00:00:00-05:00,229.38444497187513,238.66514594376807,229.3446904229109,236.7473907470703,75707600
2025-01-29 00:00:00-05:00,232.6336544175663,238.33721875252743,232.524352160143,237.84039306640625,45486100
2025-01-30 00:00:00-05:00,237.1547951903121,239.26133146080375,235.7040725307193,236.08164978027344,55658300
2025-01-31 00:00:00-05:00,245.62070152543137,245.62070152543137,231.9579942451269,234.50173950195312,100959800
2025-02-03 00:00:00-05:00,228.52992572925916,230.35824094469035,224.2671520837408,226.56248474121094,73063300
2025-02-04 00:00:00-05:00,225.80729852188347,231.64997406812495,225.21110156992967,231.3220672607422,45067300
2025-02-05 00:00:00-05:00,227.0791817096477,231.19289841511937,226.82083777153602,230.99417114257812,39620300
2025-02-06 00:00:00-05:00,229.8216550685821,232.31573010563136,228.96711414866223,231.73941040039062,29925300
2025-02-07 00:00:00-05:00,231.1233398047693,232.51444580894437,225.81722939017394,226.1848907470703,39707200
2025-02-10 00:00:00-05:00,228.36338248973718,229.378010419489,226.00582893863492,226.45346069335938,33115600
2025-02-11 00:00:00-05:00,227.000572314181,233.99362125199642,226.93094812871882,231.3973388671875,53718400
2025-02-12 00:00:00-05:00,229.98481838871234,235.71455375787428,229.4675472393098,235.62501525878906,45243300
2025-02-13 00:00:00-05:00,235.66481592241834,241.06626881430705,234.33186254170715,240.26052856445312,53614100
2025-02-14 00:00:00-05:00,239.9819785190441,244.25938055012708,239.7233505557091,243.3143768310547,40896200
2025-02-18 00:00:00-05:00,242.86674847770814,243.8913336127375,240.56889220053384,243.18507385253906,48822500
2025-02-19 00:00:00-05:00,243.37407429304395,244.716969605811,241.88195827091008,243.5829620361328,32204200
2025-02-20 00:00:00-05:00,243.65259654249155,245.4829218502696,243.00600383864503,244.5379180908203,32316900
2025-02-21 00:00:00-05:00,244.65729095432025,247.38289505871285,243.93113206298463,244.2593994140625,53197400
2025-02-24 00:00:00-05:00,243.64264638435856,247.55199828948733,243.1353323966777,245.80125427246094,51326400
2025-02-25 00:00:00-05:00,246.69650753214344,248.68599549611233,243.62275227067275,245.74154663085938,48013300
2025-02-26 00:00:00-05:00,243.04579925662603,243.6923767743236,237.87313357927937,239.09666442871094,44433600
2025-02-27 00:00:00-05:00,238.1516754344793,241.18564780716906,235.81402085750776,236.05276489257812,41153600
2025-02-28 00:00:00-05:00,235.70459571566596,240.8175794410065,228.9900734891547,240.5688934326172,56833400
2025-03-03 00:00:00-05:00,240.51914741730602,242.74737946323825,234.8690087281554,236.77891540527344,47184000
2025-03-04 00:00:00-05:00,236.46059966619734,238.80819608105105,233.44651142335266,234.68994140625,53798100
2025-03-05 00:00:00-05:00,234.18262069274581,235.30668622205877,228.02515316620742,234.50094604492188,47227600
2025-03-06 00:00:00-05:00,233.20778757123546,236.60981025581015,231.93451645578955,234.09310913085938,45170400
2025-03-07 00:00:00-05:00,233.87426828677374,240.10136041796665,233.5261018066448,237.81346130371094,46273600
2025-03-10 00:00:00-04:00,234.3019970725287,234.91874867921032,223.04150278970278,226.28436279296875,72071200
2025-03-11 00:00:00-04:00,222.63366659789358,224.65299583409444,216.3070937419303,219.6792755126953,76137400
2025-03-12 00:00:00-04:00,218.98294858814833,220.58448707211764,213.7804415985268,215.8395538330078,62547500
2025-03-13 00:00:00-04:00,214.81496040955514,215.70028194858565,207.3245394208188,208.57791137695312,61368300
2025-03-14 00:00:00-04:00,210.13965751241793,212.82546311709572,208.47843695256688,212.36788940429688,60107600
2025-03-17 00:00:00-04:00,212.18883784213668,214.0888025037831,208.8663965620962,212.87521362304688,48073400
2025-03-18 00:00:00-04:00,213.03435726681795,214.01914401352187,210.37839287524898,211.57208251953125,42432400
2025-03-19 00:00:00-04:00,213.0940604852241,217.6101915579757,212.6265295918345,214.10870361328125,54385400
2025-03-20 00:00:00-04:00,212.86527847830126,216.3468825511506,211.10457731145533,212.97470092773438,48862900
2025-03-21 00:00:00-04:00,210.44804823896536,217.68978368973626,210.16952111998106,217.12278747558594,94127800
2025-03-24 00:00:00-04:00,219.8384246082871,220.3158974796034,217.4311459430569,219.56983947753906,44299500
2025-03-25 00:00:00-04:00,219.60962662242414,222.9221258053629,218.9232508666907,222.57395935058594,34493600
2025-03-26 00:00:00-04:00,222.33523531503357,223.83730853242594,219.3112201065871,220.3656463623047,34466100
2025-03-27 00:00:00-04:00,220.2263848697343,223.80746952519274,219.40074548587612,222.6734619140625,37094800
2025-03-28 00:00:00-04:00,220.504904155295,222.6336557419088,216.5358700680628,216.7547149658203,39818600
2025-03-31 00:00:00-04:00,215.86937928840504,224.4341253115235,215.09348022110552,220.9624786376953,65299300
2025-04-01 00:00:00-04:00,218.65468232589998,222.50433685640354,217.749461617725,222.0169219970703,36412700
2025-04-02 00:00:00-04:00,220.15674221426906,224.0063965120705,219.85831598824518,222.71322631835938,35905900
2025-04-03 00:00:00-04:00,204.4596791341039,206.39944211542388,200.19223396809613,202.12203979492188,103419000
2025-04-04 00:00:00-04:00,192.87091122900438,198.82943318150367,186.3553350717911,187.38987731933594,125910900
2025-04-07 00:00:00-04:00,176.26863687444822,193.12954493623218,173.70219548773406,180.50625610351562,160466300
2025-04-08 00:00:00-04:00,185.71872345097177,189.3395914266431,168.32065857366717,171.51377868652344,120859500
2025-04-09 00:00:00-04:00,171.04623198001363,199.55559936553783,170.98654976711688,197.8048553466797,184395900
2025-04-10 00:00:00-04:00,188.07627873463142,193.75625918037224,182.0381746186605,189.41917419433594,121880000
2025-04-11 00:00:00-04:00,185.12186726950821,198.49121408156802,185.0820690088969,197.1085205078125,87435900
2025-04-14 00:00:00-04:00,210.3286495235762,211.82076535143517,200.10268359760292,201.45553588867188,101352900
2025-04-15 00:00:00-04:00,200.7990333068026,202.4403549077855,198.7498630049633,201.0775604248047,51343900
2025-04-16 00:00:00-04:00,197.31741584829123,199.64511311117855,191.35889396287376,193.24891662597656,59732400
2025-04-17 00:00:00-04:00,196.16353180406117,197.7849695303218,193.39814444403507,195.94468688964844,52164700
2025-04-21 00:00:00-04:00,192.25418258208256,192.78139570274652,188.8123615658979,192.14476013183594,46742500
2025-04-22 00:00:00-04:00,195.08918671811182,200.53043756485187,194.93998119085117,198.69017028808594,52976400
2025-04-23 00:00:00-04:00,204.91724784553512,206.90673568869565,201.7340703321958,203.5246124267578,52929200
2025-04-24 00:00:00-04:00,203.81309077731203,207.73238443559362,201.87334307751462,207.27479553222656,47311000
2025-04-25 00:00:00-04:00,205.28531450927932,208.6475540878433,205.1162098506388,208.18002319335938,38222300
2025-04-28 00:00:00-04:00,208.8962283982374,210.38834431536768,206.36958545714222,209.03549194335938,38743100
2025-04-29 00:00:00-04:00,207.59312493762445,211.12446912484504,207.27479957627347,210.09988403320312,36827600
2025-04-30 00:00:00-04:00,208.19990958730307,212.45741243436711,205.58372816909105,211.38308715820312,52286500
2025-05-01 00:00:00-04:00,207.98108655162656,213.43227966302132,207.80202473083082,212.1988067626953,57365700
2025-05-02 00:00:00-04:00,205.0067917796952,205.9020705063368,201.09745506032002,204.27069091796875,101010600
2025-05-05 00:00:00-04:00,202.03251395918386,203.02725796650907,197.1682163705072,197.84463500976562,69018500
2025-05-06 00:00:00-04:00,197.1682179665783,199.59538061408486,195.98447015970467,197.4666290283203,51216500
2025-05-07 00:00:00-04:00,198.12317194216024,198.3917570874617,192.23428894820486,195.21852111816406,68536700
2025-05-08 00:00:00-04:00,196.68078271707188,198.99853803284546,193.65675249053749,196.45199584960938,50478900
2025-05-09 00:00:00-04:00,197.95405738682032,199.48595647897335,196.50172445806652,197.4865264892578,36453900
2025-05-12 00:00:00-04:00,210.1363584051843,210.4351760021984,205.93303241640405,209.95706176757812,63775800
2025-05-13 00:00:00-04:00,209.59847136477597,212.55673652410627,208.17412935394688,212.08859252929688,51909300
2025-05-14 00:00:00-04:00,211.59054725566685,213.0945900165101,209.74786689625498,211.49095153808594,49325800
2025-05-15 00:00:00-04:00,210.11641669484823,212.11848379882832,208.71198473801002,210.61444091796875,45029500
2025-05-16 00:00:00-04:00,211.52086084946143,211.73003772257164,208.94109887256835,210.42520141601562,54737900
2025-05-19 00:00:00-04:00,207.0884445111699,208.65223273202483,203.45285841572866,207.9550018310547,46140500
2025-05-20 00:00:00-04:00,206.84938410987283,207.64622592622177,204.2198167548668,206.04258728027344,42496600
2025-05-21 00:00:00-04:00,204.35927415345975,206.2218800326306,199.91690624087693,201.29144287109375,59211800
2025-05-22 00:00:00-04:00,199.91690559460176,201.94883789272,198.91088686006037,200.5643310546875,46742400
2025-05-23 00:00:00-04:00,192.9046989896,196.91877297523902,192.6955373289648,194.49838256835938,78432900
2025-05-27 00:00:00-04:00,197.51641281084125,199.94677348688452,196.64984031499387,199.4188690185547,56288500
2025-05-28 00:00:00-04:00,199.79736291846774,201.9289060786693,199.11008702875665,199.62803649902344,45339700
2025-05-29 00:00:00-04:00,202.77554227533128,203.0046291598645,197.72556941325453,199.15988159179688,51396800
2025-05-30 00:00:00-04:00,198.58218796001185,201.16196516975768,196.00242594876025,200.0563507080078,70819900
2025-06-02 00:00:00-04:00,199.4885975362889,201.3312933884623,199.3292261245183,200.90298461914062,35423300
2025-06-03 00:00:00-04:00,200.55437033168948,202.96480586317466,200.16591202699755,202.46678161621094,46381600
2025-06-04 00:00:00-04:00,202.10819540070028,205.42503857555045,201.30139858491114,202.0185546875,43604000
2025-06-05 00:00:00-04:00,202.69585814733983,203.94091870107042,199.35908978394463,199.8372039794922,55126100
2025-06-06 00:00:00-04:00,202.19784922307906,204.887177182899,201.25160617035465,203.1142120361328,46607700
2025-06-09 00:00:00-04:00,203.58234611432158,205.18598475848052,199.22961916524454,200.65396118164062,72862600
2025-06-10 00:00:00-04:00,199.8073282051838,203.54250994980842,199.77744796710627,201.869140625,54672600
2025-06-11 00:00:00-04:00,202.69585666840098,203.69190510411792,197.62597377823997,197.9945068359375,60989900
2025-06-12 00:00:00-04:00,198.29333609984755,198.890956077424,196.58013147350607,198.41285705566406,43904600
2025-06-13 00:00:00-04:00,198.94074360607502,199.57821397711425,194.92666975119658,195.6737060546875,51447300
2025-06-16 00:00:00-04:00,196.52037110088898,197.90487790098294,195.78328974313985,197.6359405517578,43020700
2025-06-17 00:00:00-04:00,196.4207613301707,197.6060614779548,194.43863454049264,194.86692810058594,38856200
2025-06-18 00:00:00-04:00,195.16572178414586,196.78928550519313,194.29916455806153,195.80319213867188,45394700
2025-06-20 00:00:00-04:00,197.45667615855015,200.90299573747222,196.0821242533237,200.2057647705078,96813500
2025-06-23 00:00:00-04:00,200.83325703321927,201.50060768152076,198.17380945321412,200.70376586914062,55814300
2025-06-24 00:00:00-04:00,201.78944331230142,202.63609053842802,199.40888822531906,199.5084991455078,54064000
2025-06-25 00:00:00-04:00,200.65395335177794,202.8651820841085,199.82723133036671,200.76351928710938,39525700
2025-06-26 00:00:00-04:00,200.63405836503767,201.8392838353224,198.6718566431861,200.2057647705078,50799100
2025-06-27 00:00:00-04:00,201.09224306842364,202.41698947637084,199.20971189891864,200.2854461669922,73188600
2025-06-30 00:00:00-04:00,201.211736268348,206.57048164253425,198.4726031076903,204.3592529296875,91912800
2025-07-01 00:00:00-04:00,205.85332972802502,209.35942450018746,205.3254252695324,206.99879455566406,78788900
2025-07-02 00:00:00-04:00,208.08449026524102,212.49697770796604,207.31752868499885,211.6005401611328,67941800
2025-07-03 00:00:00-04:00,211.31168447150716,213.80180573654258,210.97303162710094,212.70616149902344,34955800
2025-07-07 00:00:00-04:00,211.8395692407974,215.37554414763466,207.97491173225177,209.120361328125,50229000
2025-07-08 00:00:00-04:00,209.26978591644843,210.59451698338924,207.6262968509882,209.1801300048828,42848900
2025-07-09 00:00:00-04:00,208.7020406311003,210.49493096772343,206.40117103180637,210.30567932128906,48749400
2025-07-10 00:00:00-04:00,209.678147079363,212.6364120977978,209.2000480941239,211.57064819335938,44443600
2025-07-11 00:00:00-04:00,209.73792710960444,211.29176024279,209.03072603053,210.32559204101562,39765800
2025-07-14 00:00:00-04:00,209.10044482334126,210.07658325197187,206.71988962428105,207.79562377929688,38840100
2025-07-15 00:00:00-04:00,208.39325734338402,211.05270487364396,208.09443976951917,208.28369140625,42296300
2025-07-16 00:00:00-04:00,209.4689902412225,211.5606828488181,207.8155461810567,209.3295440673828,47490500
2025-07-17 00:00:00-04:00,209.7379389650813,210.9630743588066,208.7618004967043,209.1901092529297,48068100
2025-07-18 00:00:00-04:00,210.0367321724359,210.95309492429405,208.87135730762196,210.3455047607422,48974600
2025-07-21 00:00:00-04:00,211.2618775331451,214.92732845073886,210.7937335563828,211.64036560058594,51377400
2025-07-22 00:00:00-04:00,212.29777975345726,214.1006251327807,211.39137195770533,213.55279541015625,46404100
2025-07-23 00:00:00-04:00,214.15041924441525,214.29982043425818,211.57065737650467,213.30377197265625,46989300
2025-07-24 00:00:00-04:00,213.05475989741393,214.83769515517375,212.68622683006964,212.91531372070312,46022600
2025-07-25 00:00:00-04:00,213.85160291428238,214.38947759784276,212.5567368669443,213.03485107421875,40268800
2025-07-28 00:00:00-04:00,213.18425263148458,214.00101967144602,212.2180844005514,213.2041778564453,37858000
2025-07-29 00:00:00-04:00,213.33363944545516,213.96115480223384,209.9869314052821,210.43515014648438,51411700
2025-07-30 00:00:00-04:00,211.06265157316113,211.55072076453234,206.89917652304968,208.2239227294922,45512500
2025-07-31 00:00:00-04:00,207.6661338109758,209.0107900151974,206.34138763159262,206.74977111816406,80698400
2025-08-01 00:00:00-04:00,210.03673342752194,212.73603143542957,200.7037642416869,201.58029174804688,104434500
2025-08-04 00:00:00-04:00,203.70186769022786,207.0585613783641,200.88304868853191,202.5464630126953,75109300
2025-08-05 00:00:00-04:00,202.59624780213056,204.52858421879685,201.36115745633876,202.11814880371094,44155100
2025-08-06 00:00:00-04:00,204.81744899810374,214.52892145014,204.77759854868273,212.40733337402344,108483100
2025-08-07 00:00:00-04:00,218.01508808955717,219.97730473834642,215.7241736307253,219.16053771972656,90224800
2025-08-08 00:00:00-04:00,219.95738825778145,230.08719950298993,218.38362983130105,228.4437255859375,113854000
2025-08-11 00:00:00-04:00,227.2770261826339,228.91239906441297,224.1259370249458,226.5391082763672,61806100
2025-08-12 00:00:00-04:00,227.36674823663387,230.14888579943394,226.429412881848,229.0021209716797,55626200
2025-08-13 00:00:00-04:00,230.4181341091737,234.33703985510917,229.77992501054072,232.6717529296875,69878500
2025-08-14 00:00:00-04:00,233.39969406647393,234.4567012802976,230.19875827485632,232.12330627441406,51916300
2025-08-15 00:00:00-04:00,233.33985018068216,233.6190590405621,228.69299310222902,230.9366455078125,56038700
2025-08-18 00:00:00-04:00,231.04632935234682,232.4623214496413,229.46081868168693,230.23861694335938,37476200
2025-08-19 00:00:00-04:00,230.62753117126795,232.2130419457167,228.70298322789472,229.90956115722656,39402600
2025-08-20 00:00:00-04:00,229.33119207499826,229.81981519856654,225.13307755654054,225.3723907470703,42263900
2025-08-21 00:00:00-04:00,225.63166356522294,225.88095827873425,223.14868274098328,224.26551818847656,30621200
2025-08-22 00:00:00-04:00,225.53195134940427,228.44371192910324,224.77410085849388,227.11746215820312,42477800
2025-08-25 00:00:00-04:00,225.84107546750252,228.65312729963858,225.59178073979155,226.5191650390625,30983100
2025-08-26 00:00:00-04:00,226.22996704217394,228.84258604761433,224.05612439304167,228.6630859375,54575100
2025-08-27 00:00:00-04:00,227.96506627689797,230.24859923631865,227.6160475796746,229.8397674560547,31259500
2025-08-28 00:00:00-04:00,230.16884905542523,232.75153884501827,228.69301327644948,231.9039306640625,38074700
2025-08-29 00:00:00-04:00,231.85405874294378,232.7216147258446,230.71727541448905,231.485107421875,39418400
2025-09-02 00:00:00-04:00,228.6032698757151,230.19876225122124,226.32970313085187,229.0719451904297,44075600
2025-09-03 00:00:00-04:00,236.5408165177042,238.17618932549604,233.69885053091846,237.79725646972656,66427800
2025-09-04 00:00:00-04:00,237.77731160532718,239.2232180033205,236.07214416452067,239.1035614013672,47549400
2025-09-05 00:00:00-04:00,239.32291694518142,240.63920029193574,237.81718240373485,239.0137939453125,54870400
2025-09-08 00:00:00-04:00,238.62490021245955,239.47249309970456,235.67324414176576,237.2089080810547,48999500
2025-09-09 00:00:00-04:00,236.33139119913957,238.1063683630383,232.70166073618753,233.68887329101562,66313900
2025-09-10 00:00:00-04:00,231.53496736029473,231.76431424305812,225.31256565050364,226.1501922607422,83440800
2025-09-11 00:00:00-04:00,226.23995033725743,229.7998710451417,226.010588238333,229.3810577392578,50208600
2025-09-12 00:00:00-04:00,228.57335925244223,233.84842918261825,228.373926506362,233.40968322753906,55824200
2025-09-15 00:00:00-04:00,236.33138325533858,237.5180285002954,234.3669397384463,236.0322265625,42699500
2025-09-16 00:00:00-04:00,236.51088466190768,240.53949594661788,235.65332541334,237.4781494140625,63421100
2025-09-17 00:00:00-04:00,238.2958480596019,239.42266510979977,237.05934071942244,238.3157958984375,46508000
2025-09-18 00:00:00-04:00,239.2930082114909,240.51953392817583,235.98236714862816,237.2089080810547,44249600
2025-09-19 00:00:00-04:00,240.5494606794321,245.60516498271895,239.53234916144805,244.8074188232422,163741300
2025-09-22 00:00:00-04:00,247.5995237986898,255.9160073848096,247.42002368458668,255.35755920410156,105517400
2025-09-23 00:00:00-04:00,255.15814081026073,256.6140134777918,252.86462630601793,253.71221923828125,60275200
2025-09-24 00:00:00-04:00,254.49999981420794,255.01853710208397,250.33178410429736,251.59820556640625,42303700
2025-09-25 00:00:00-04:00,252.49566170312627,256.4444966190252,250.99989343760635,256.14532470703125,55202100
2025-09-26 00:00:00-04:00,253.38315498635407,256.87328100426123,253.06405044687503,254.73931884765625,46076300
2025-09-29 00:00:00-04:00,253.84185736381545,254.28061851263055,252.29622703166862,253.71221923828125,40127700
2025-09-30 00:00:00-04:00,254.1410137555297,255.1980209495745,252.39595068950493,253.9116668701172,37704300
2025-10-01 00:00:00-04:00,254.32049261064776,258.0599285933123,254.21080232618834,254.72933959960938,48713900
2025-10-02 00:00:00-04:00,255.85613542550084,257.45162766856953,253.43299812845933,256.40460205078125,42630200
2025-10-03 00:00:00-04:00,253.9515436206674,258.5086431914624,253.23357360959045,257.2920837402344,49155600
2025-10-06 00:00:00-04:00,257.262186546101,258.339156849437,254.33049322602108,255.9658660888672,44664100
2025-10-07 00:00:00-04:00,256.0854948355218,256.67382669789566,254.70938317067183,255.75643920898438,31955800
2025-10-08 00:00:00-04:00,255.7963062732735,257.7906639625656,255.3874592951906,257.33197021484375,36496900
2025-10-09 00:00:00-04:00,257.08267167133846,257.27213808351553,252.42584836214985,253.32330322265625,38322000
2025-10-10 00:00:00-04:00,254.2207817432353,255.6567217403356,243.3116425485481,244.57806396484375,61999100
2025-10-13 00:00:00-04:00,248.67648318296307,248.98560621270488,244.86725241658198,246.96133422851562,38142900
2025-10-14 00:00:00-04:00,245.90431694508948,248.14796941642882,244.00966795095763,247.07101440429688,35478000
2025-10-15 00:00:00-04:00,248.78615211625979,251.1095806192417,246.77184661648403,248.63656616210938,33893600
2025-10-16 00:00:00-04:00,247.54965348458146,248.33741809379524,244.43846029169785,246.7519073486328,39777000
2025-10-17 00:00:00-04:00,247.3203043073955,252.66518358811555,246.57242016484557,251.5782470703125,49147000
2025-10-20 00:00:00-04:00,255.168106265739,263.63416054313814,254.90884523128253,261.50018310546875,90483000
2025-10-21 00:00:00-04:00,261.141213133835,264.5415968076956,261.0913359303388,262.0286865234375,46695900
2025-10-22 00:00:00-04:00,261.9090191460537,262.1084670888602,254.70938662410154,257.72088623046875,45015300
2025-10-23 00:00:00-04:00,259.2066564378435,259.8847307097371,257.2821086816683,258.84765625,32754900
2025-10-24 00:00:00-04:00,260.4531458541269,263.3848541030092,258.44880663072195,262.07855224609375,38253700
2025-10-27 00:00:00-04:00,264.13276036080543,268.36078929414754,263.90339825112477,268.0516662597656,44888200
2025-10-28 00:00:00-04:00,268.23113785786586,269.12862319727753,267.39351124836816,268.2411193847656,41534800
2025-10-29 00:00:00-04:00,268.5203194424725,270.6443152614699,266.35642794866993,268.93914794921875,51086700
2025-10-30 00:00:00-04:00,271.2226702585742,273.36662916750566,267.72259312931254,270.63433837890625,69886500
2025-10-31 00:00:00-04:00,276.2085891024436,276.53767519933945,268.40069127196034,269.6072692871094,86167100
2025-11-03 00:00:00-05:00,269.65711516237894,270.08589475979994,265.49886601188945,268.29095458984375,50194600
2025-11-04 00:00:00-05:00,267.5730004152706,270.72408938596277,266.86501191822913,269.2781982421875,49274800
2025-11-05 00:00:00-05:00,267.8522167164328,270.9335263776032,266.17696342424256,269.3779296875,43683100
2025-11-06 00:00:00-05:00,267.1342708755924,272.6287059365568,267.1342708755924,269.0089416503906,51204000
2025-11-07 00:00:00-05:00,269.03885049148494,271.5218466038475,266.0173996929098,267.7126159667969,48227400
2025-11-10 00:00:00-05:00,268.46122924118225,273.22240319845355,266.96401085683,268.93035888671875,41312400
2025-11-11 00:00:00-05:00,269.3096487524697,275.3983427074405,269.2996575494418,274.73956298828125,46208300
2025-11-12 00:00:00-05:00,274.49002155435767,275.2186787593472,271.19615348009904,272.9628601074219,48398000
2025-11-13 00:00:00-05:00,273.6016697208788,276.1868935731559,271.5854266195937,272.44384765625,49602800
2025-11-14 00:00:00-05:00,270.54732197227213,275.44821996704485,269.10002929321837,271.9048156738281,47431300
2025-11-17 00:00:00-05:00,268.3214829895084,269.98836893107386,265.237217022597,266.9639892578125,45018300
2025-11-18 00:00:00-05:00,269.48932037088264,270.2079864201871,264.8279974843966,266.9440612792969,45677300
2025-11-19 00:00:00-05:00,265.0375710636542,271.7051756343288,265.00762791735707,268.06195068359375,40424500
2025-11-20 00:00:00-05:00,270.327749378444,274.91922505965954,265.42688147061517,265.7562561035156,45823600
2025-11-21 00:00:00-05:00,265.4568071090486,272.8230952896135,265.17732758833057,270.98651123046875,59030800
2025-11-24 00:00:00-05:00,270.397615191446,276.4863089537433,270.397615191446,275.4083251953125,65585800
2025-11-25 00:00:00-05:00,274.75953066216096,279.8600705608694,274.73957871594786,276.4563903808594,46914200
2025-11-26 00:00:00-05:00,276.44637611579356,279.01161742605893,276.1170014953278,277.0352783203125,33431400
2025-11-28 00:00:00-05:00,276.7458380127342,278.4826014787427,275.4781737009374,278.3328857421875,20135600
2025-12-01 00:00:00-05:00,277.4944549964911,282.89442609469603,275.62792768573877,282.57501220703125,46587700
2025-12-02 00:00:00-05:00,282.47518456741903,286.86701880065203,282.10587559562896,285.6592712402344,53669500
2025-12-03 00:00:00-05:00,285.6692634925469,288.0847586222564,282.77461708045536,283.623046875,43538700
2025-12-04 00:00:00-05:00,283.5731318378766,284.20196835267484,278.07334059490756,280.179443359375,43989100
2025-12-05 00:00:00-05:00,280.01974631085085,280.6186397013617,277.53434330937836,278.26300048828125,47265800
2025-12-08 00:00:00-05:00,277.6142094762677,279.15136205700173,275.6378704438954,277.3746643066406,38211800
2025-12-09 00:00:00-05:00,277.64414811825674,279.5106752769474,276.40645748061854,276.66595458984375,32193300
2025-12-10 00:00:00-05:00,277.23491184461454,279.2312028389952,275.92734368017386,278.26300048828125,33038300
2025-12-11 00:00:00-05:00,278.5824273392719,279.07150890817053,273.3022288840155,277.514404296875,33248000
2025-12-12 00:00:00-05:00,277.38464634485007,278.70220580092337,276.30666253778065,277.7639465332031,39532900
2025-12-15 00:00:00-05:00,279.63046152672615,279.63046152672615,272.33402020742307,273.6016540527344,50409100
2025-12-16 00:00:00-05:00,272.3140798989353,274.9891026980292,271.2859911871425,274.1007385253906,37648600
2025-12-17 00:00:00-05:00,274.50001118897205,275.6478724530811,271.13626563598973,271.33587646484375,50138700
2025-12-18 00:00:00-05:00,273.1025913325419,273.12257373871984,266.4549687260805,271.68524169921875,51630700
2025-12-19 00:00:00-05:00,271.6453053723066,274.09077415448866,269.399477884542,273.1625061035156,144632000
2025-12-22 00:00:00-05:00,272.3539780142796,273.37210596231955,270.00836035897595,270.4674987792969,36571800
2025-12-23 00:00:00-05:00,270.3377490962612,271.99467443806464,269.06012395403746,271.85491943359375,29642000
2025-12-24 00:00:00-05:00,271.8349404799371,274.9192064044749,271.69521595033444,273.3022155761719,17910600
2025-12-26 00:00:00-05:00,273.65157518449314,274.859322715931,272.35396775197984,272.8929748535156,21521800
2025-12-29 00:00:00-05:00,272.1843267483383,273.8512128461511,271.8449608988494,273.2523498535156,23715200
2025-12-30 00:00:00-05:00,272.304089543875,273.5717234473003,271.77507361210075,272.5735778808594,22139600
2025-12-31 00:00:00-05:00,272.553621806917,273.17246717497864,271.24605357156486,271.3558349609375,27293600
2026-01-02 00:00:00-05:00,271.75509761912826,277.32473598417806,268.5011336129586,270.5074157714844,37838100
2026-01-05 00:00:00-05:00,270.1381104139889,271.0064921177503,265.6464557026853,266.7643737792969,45647200
2026-01-06 00:00:00-05:00,266.504853430471,267.0538212812338,261.6338984265986,261.8734436035156,52352100
2026-01-07 00:00:00-05:00,262.71190159101934,263.1909919246956,259.32817380451803,259.8471984863281,48309800
2026-01-08 00:00:00-05:00,256.5433578451618,258.80916773471864,255.22581364132833,258.55963134765625,50419300
2026-01-09 00:00:00-05:00,258.5995368285105,259.7274461787287,255.74485516422806,258.8890075683594,39997000
2026-01-12 00:00:00-05:00,258.6794199598783,260.8154357257053,256.32378048041085,259.76739501953125,45263800
2026-01-13 00:00:00-05:00,258.24022168851656,261.3244878277737,257.9108470550362,260.5658874511719,45730800
2026-01-14 00:00:00-05:00,259.0087756526009,261.33447181199796,256.23393227813756,259.4779052734375,40019400
2026-01-15 00:00:00-05:00,260.1666175851947,260.5559089501236,256.5732877053955,257.73114013671875,39388600
2026-01-16 00:00:00-05:00,257.4217372195352,258.41988279267105,254.45724364888233,255.05613708496094,72142800
2026-01-20 00:00:00-05:00,252.26132447540706,254.31750190322293,242.9685916985444,246.2425079345703,80267500
2026-01-21 00:00:00-05:00,248.23880604127606,251.09350304772093,244.72532928784554,247.1907501220703,54641700
2026-01-22 00:00:00-05:00,248.737864640942,250.53452965267718,247.68980878155546,247.8894500732422,39708300
2026-01-23 00:00:00-05:00,246.86136630134166,248.94748685874615,244.22624741136653,247.58001708984375,41689000
2026-01-26 00:00:00-05:00,251.01363570547153,256.08421686766076,249.336758511775,254.9363555908203,55969200
2026-01-27 00:00:00-05:00,258.68937090303496,261.46421404872183,257.73112933459527,257.791015625,49648300
2026-01-28 00:00:00-05:00,257.17220993748055,258.3799575946877,254.03803333601454,255.96446228027344,41288000
2026-01-29 00:00:00-05:00,257.52154586161765,259.16847988830324,253.93820707645818,257.801025390625,67253000
2026-01-30 00:00:00-05:00,254.69678984095313,261.41430490835,251.7123292610244,258.9988098144531,92443400
2026-02-02 00:00:00-05:00,259.5478036352127,269.98839826257677,258.7293169184304,269.5093078613281,73913400
2026-02-03 00:00:00-05:00,268.70080609664296,271.3758289780004,267.11372779647115,268.98028564453125,64394700
2026-02-04 00:00:00-05:00,271.7850411492978,278.432693698261,271.7850411492978,275.97723388671875,90545700
2026-02-05 00:00:00-05:00,277.6142303156022,278.98168486317746,272.72332314901723,275.3983459472656,52977400
2026-02-06 00:00:00-05:00,276.6060720438839,280.3890519626743,276.4164219647768,277.6042175292969,50453400
2026-02-09 00:00:00-05:00,277.6541982366954,277.9439398399519,271.4499228389202,274.3672180175781,44623400
2026-02-10 00:00:00-05:00,274.6369782150198,275.11651686144285,272.68876099546605,273.4280700683594,34376900
2026-02-11 00:00:00-05:00,274.44714753122867,279.92208361183503,274.1973776592452,275.24639892578125,51931300
2026-02-12 00:00:00-05:00,275.3363333447182,275.46621856633783,259.94051360693726,261.4891052246094,81077200
2026-02-13 00:00:00-05:00,261.7688319830923,261.9886306947134,255.21485759663088,255.5445556640625,56290700
2026-02-17 00:00:00-05:00,257.8124646511843,266.0449008431299,255.30478047881587,263.6371154785156,58469100
2026-02-18 00:00:00-05:00,263.35737977838915,266.57441720150126,262.20844437502524,264.106689453125,34203300
2026-02-19 00:00:00-05:00,262.35827847824623,264.2365527856389,259.81060750150084,260.3401184082031,30845300
2026-02-20 00:00:00-05:00,258.73163460792017,264.5063132392292,257.9223826043077,264.3364562988281,42070500
2026-02-23 00:00:00-05:00,263.24744081710827,269.1819753311392,263.13755670993424,265.9349670410156,37308200
2026-02-24 00:00:00-05:00,267.61343657617186,274.6369951599546,267.46358073991865,271.8895263671875,47014600
2026-02-25 00:00:00-05:00,271.5298429675081,274.6869380517792,270.8005039088116,273.97760009765625,33714300
2026-02-26 00:00:00-05:00,274.6969199809464,275.8558253670768,270.55071567552415,272.6987609863281,32345100
2026-02-27 00:00:00-05:00,272.5588900215503,272.5588900215503,262.6480379442022,263.93682861328125,72366500
2026-03-02 00:00:00-05:00,262.16844722421786,266.2846497598317,259.960490133898,264.476318359375,41827900
2026-03-03 00:00:00-05:00,263.23749216234586,265.31556422164516,259.8905695547566,263.5072326660156,38568900
2026-03-04 00:00:00-05:00,264.4063951364299,265.9050144519466,261.179387723623,262.2783508300781,39803100
2026-03-05 00:00:00-05:00,260.54995479568396,261.3192350446657,257.01320478174756,260.0504150390625,49658600
2026-03-06 00:00:00-05:00,258.39192833924307,258.53178361058343,254.13584003818684,257.2229919433594,41120000
2026-03-09 00:00:00-04:00,255.45463216869055,260.9095975388004,253.44647267699952,259.6407775878906,38218500
2026-03-10 00:00:00-04:00,257.4128391437035,262.2384104290217,256.71350175461305,260.58990478515625,30590800
2026-03-11 00:00:00-04:00,260.8496568052655,261.888707997661,259.3110658747261,260.5699157714844,26218900
2026-03-12 00:00:00-04:00,258.4219063383753,258.71164792954545,253.94601921584928,255.52456665039062,40794000
2026-03-13 00:00:00-04:00,255.24483747003174,256.0940459350445,249.29033192864068,249.8897705078125,36930000
2026-03-16 00:00:00-04:00,251.87794235419486,253.6563027081548,249.6499992581203,252.58729553222656,32074200
2026-03-17 00:00:00-04:00,252.72716690012706,254.89516767044782,251.94787083452104,253.99598693847656,32361600
2026-03-18 00:00:00-04:00,252.3974721128864,254.70534343896443,248.7708084606242,249.70994567871094,35757900
2026-03-19 00:00:00-04:00,249.17043241392184,251.5982036354298,247.0723745163624,248.73085021972656,34864100
2026-03-20 00:00:00-04:00,247.7517334570195,248.97061168291066,245.77356028907465,247.76173400878906,88331100
2026-03-23 00:00:00-04:00,253.73622734962268,254.3656523266213,250.0496214753341,251.25851440429688,40546100
2026-03-24 00:00:00-04:00,250.1195650925759,254.5954370944537,249.32029842391177,251.4083709716797,45152300
2026-03-25 00:00:00-04:00,253.86611511385965,254.76528059453105,251.3684162845015,252.38746643066406,28476700
2026-03-26 00:00:00-04:00,251.88793104116345,256.76344411909713,250.53918279672283,252.6572265625,41796700
2026-03-27 00:00:00-04:00,253.666280215245,255.2548282141602,247.8416601166152,248.57098388671875,47900000
2026-03-30 00:00:00-04:00,249.83982057534305,250.63907198816298,245.28400520065438,246.40298461914062,39446200
2026-03-31 00:00:00-04:00,247.6818040942864,255.24482803058763,246.87255213324852,253.55638122558594,49598100
2026-04-01 00:00:00-04:00,253.8461228128272,255.94418062939917,253.096813183035,255.3946990966797,40059400
2026-04-02 00:00:00-04:00,253.96601496217014,255.89424639361263,250.4192795609811,255.68443298339844,31289400
2026-04-06 00:00:00-04:00,256.27389167390277,261.9186847371787,256.2239194053331,258.6217041015625,29329900
2026-04-07 00:00:00-04:00,255.92421782448065,255.96418954301222,245.47383916108728,253.26666259765625,62148000
2026-04-08 00:00:00-04:00,258.2121146377317,259.51090582044134,256.29386854025813,258.66168212890625,41032800
2026-04-09 00:00:00-04:00,258.7615948993736,260.879638597066,255.8342992320816,260.2502136230469,28121600
2026-04-10 00:00:00-04:00,259.7406946341393,261.94865175168746,258.78155637925676,260.240234375,31291500
2026-04-13 00:00:00-04:00,259.49093671136296,259.9405042051452,256.4237552437805,258.96142578125,36234700
2026-04-14 00:00:00-04:00,259.01136264890187,261.68888841493145,256.9532612999924,258.59173583984375,48370700
2026-04-15 00:00:00-04:00,257.92237663273806,266.3146386359468,257.57269269729437,266.18475341796875,49913500
2026-04-16 00:00:00-04:00,266.55439590858066,266.91408037974617,261.0294875448873,263.15753173828125,43323100
2026-04-17 00:00:00-04:00,266.7142527536172,272.0493335842862,266.47448343207725,269.98126220703125,61436200
2026-04-20 00:00:00-04:00,270.08114756253855,274.0275237795767,270.04120633500696,272.79864501953125,36590200
2026-04-21 00:00:00-04:00,271.250098918132,272.5488901425708,265.1557075406741,265.9250183105469,50209800
2026-04-22 00:00:00-04:00,267.5734973129919,273.48803128351057,266.62435952726383,272.9185791015625,43249200
2026-04-23 00:00:00-04:00,274.79681820267325,275.5161566987003,271.39995382845746,273.1783142089844,33399600
2026-04-24 00:00:00-04:00,272.50893317942314,272.80864483253174,269.4017800912603,270.81048583984375,38157100
2026-04-27 00:00:00-04:00,265.84505761361925,268.1129570778125,264.8260075108844,267.3636474609375,41466800
2026-04-28 00:00:00-04:00,272.0893199684016,272.97851539952296,268.4127145556596,270.4608154296875,40018900
2026-04-29 00:00:00-04:00,267.3037117460274,270.7905199823619,266.7942019267937,269.92132568359375,30047900
2026-04-30 00:00:00-04:00,270.25102650288807,275.7459641951834,267.893213328058,271.1002502441406,91848200
2026-05-01 00:00:00-04:00,278.6032901046287,286.95561044034525,278.1137509144006,279.88214111328125,79915400
2026-05-04 00:00:00-04:00,279.4025768563376,280.3716851917065,274.60697695873915,276.5751647949219,46668400
2026-05-05 00:00:00-04:00,276.6750995896243,284.30808218316156,276.2455026895375,283.9184265136719,49311700
2026-05-06 00:00:00-04:00,281.66051049385584,287.76487170009636,280.8112868075762,287.245361328125,58336100
2026-05-07 00:00:00-04:00,289.00371711581823,291.8611003514943,285.5169394038565,287.1754150390625,45224300
2026-05-08 00:00:00-04:00,289.7430674686918,294.4886952888782,289.7330669166447,293.0500183105469,52692800
2026-05-11 00:00:00-04:00,291.9800109863281,293.8800048828125,290.2300109863281,292.67999267578125,42247300
2026-05-12 00:00:00-04:00,292.55999755859375,295.2699890136719,292.55999755859375,294.79998779296875,45748100
2026-05-13 00:00:00-04:00,293.5,300.9200134277344,293.5,298.8699951171875,52684300
2026-05-14 00:00:00-04:00,299.82000732421875,300.45001220703125,295.3800048828125,298.2099914550781,35324900
2026-05-15 00:00:00-04:00,297.8999938964844,303.20001220703125,296.5199890136719,300.2300109863281,54862800
2026-05-18 00:00:00-04:00,300.239990234375,300.6600036621094,294.9100036621094,297.8399963378906,34483000
2026-05-19 00:00:00-04:00,296.9700012207031,300.510009765625,296.3500061035156,298.9700012207031,42243600
2026-05-20 00:00:00-04:00,298.17999267578125,302.79998779296875,298.0799865722656,302.25,38229800
2026-05-21 00:00:00-04:00,301.05999755859375,305.5400085449219,300.3999938964844,304.989990234375,42965100
2026-05-22 00:00:00-04:00,306.1199951171875,311.3999938964844,305.8399963378906,308.82000732421875,43627900
2026-05-26 00:00:00-04:00,309.3999938964844,311.82000732421875,308.4599914550781,308.510009765625,27253751
