Date,Open,High,Low,Close,Volume
2010-01-04 00:00:00-05:00,15.560829144501684,15.624368969757269,15.493568318419097,15.555865287780762,78169752
2010-01-05 00:00:00-05:00,15.566537689423313,15.582918983435603,15.426553719798234,15.487361907958984,120067812
2010-01-06 00:00:00-05:00,15.533774571776659,15.533774571776659,15.049787227822211,15.096944808959961,158988852
2010-01-07 00:00:00-05:00,15.125239315201423,15.140131830238765,14.709506883676275,14.745494842529297,256315428
2010-01-08 00:00:00-05:00,14.693373982065,14.972597536172898,14.621643984302999,14.942070007324219,188783028
2010-01-11 00:00:00-05:00,15.002630629433716,15.002630629433716,14.744006886730208,14.91948413848877,288227484
2010-01-12 00:00:00-05:00,14.83360645975559,14.84626486135361,14.594094708320636,14.655648231506348,193937868
2010-01-13 00:00:00-05:00,14.308417395269844,14.603525659974146,14.24413413017102,14.571508407592773,259604136
2010-01-14 00:00:00-05:00,14.492334212416333,14.747979468040317,14.465280813516097,14.640012741088867,169434396
2010-01-15 00:00:00-05:00,14.726632667041752,14.732094044490792,14.346888167388919,14.395536422729492,217162620
2010-01-19 00:00:00-05:00,14.425320562231036,14.65415927752993,14.303454473577993,14.584663391113281,172495332
2010-01-20 00:00:00-05:00,14.543959529333844,14.543959529333844,14.27863625779834,14.405713081359863,129897972
2010-01-21 00:00:00-05:00,14.480917026040874,14.564807907577888,14.203182241803582,14.469499588012695,252055692
2010-01-22 00:00:00-05:00,14.010828212804944,14.162228682717405,13.275166285704259,13.651187896728516,271743984
2010-01-25 00:00:00-05:00,13.566301808870703,13.64796046243213,13.291297732927893,13.402739524841309,176619204
2010-01-26 00:00:00-05:00,13.352356139948576,13.641010832084872,13.310658987964695,13.462803840637207,174045780
2010-01-27 00:00:00-05:00,13.43425992696555,13.59261148273977,13.286333604429153,13.45486068725586,158417424
2010-01-28 00:00:00-05:00,13.514182064040149,13.576479978575424,13.169433327498774,13.261018753051758,129034836
2010-01-29 00:00:00-05:00,13.365261913381628,13.427311064471787,13.04558123647957,13.153051376342773,165454380
2010-02-01 00:00:00-05:00,13.26871313621268,13.298745984189614,13.16198831986633,13.229497909545898,89941968
2010-02-02 00:00:00-05:00,13.277648947794631,13.277648947794631,13.095222471099907,13.182340621948242,163684152
2010-02-03 00:00:00-05:00,13.121530983456614,13.454861326881579,13.110610120756004,13.423091888427734,119844036
2010-02-04 00:00:00-05:00,13.328279160910128,13.353098441703782,13.044339589290864,13.074620246887207,134972892
2010-02-05 00:00:00-05:00,13.11482967461535,13.241411809429035,12.96740085412084,13.186559677124023,126113760
2010-02-08 00:00:00-05:00,13.216589590519492,13.452379379604983,13.192514698922285,13.2406644821167,107664228
2010-02-09 00:00:00-05:00,13.39132231283546,13.440714008965985,13.28037709386677,13.314380645751953,112671216
2010-02-10 00:00:00-05:00,13.255558721942904,13.347888539613395,13.097207149386197,13.26499080657959,106873020
2010-02-11 00:00:00-05:00,13.236942776372604,13.414901954482094,13.142131034137758,13.313387870788574,96303600
2010-02-12 00:00:00-05:00,13.228257423385951,13.33200373271646,13.166951711216951,13.231979370117188,91096812
2010-02-16 00:00:00-05:00,13.325054069234307,13.50524641531156,13.261266430842522,13.435006141662598,146029824
2010-02-17 00:00:00-05:00,13.452381868227729,13.487129813704625,13.343421989220134,13.35831356048584,81106812
2010-02-18 00:00:00-05:00,13.341683171517486,13.527088134463897,13.306935229370529,13.482660293579102,93382524
2010-02-19 00:00:00-05:00,13.415894956946369,13.502763392615611,13.395294195533971,13.421603202819824,102021876
2010-02-22 00:00:00-05:00,13.585165306551271,13.588889144777673,13.427560025334461,13.472235679626465,85698216
2010-02-23 00:00:00-05:00,13.477199787581847,13.49283574665455,13.211379024777727,13.280377388000488,114789096
2010-02-24 00:00:00-05:00,13.253323645841967,13.364020104039396,13.16719865544467,13.191025733947754,92970936
2010-02-25 00:00:00-05:00,13.083059873265848,13.117063427239584,12.906342599286004,13.065935134887695,132235632
2010-02-26 00:00:00-05:00,13.090507156576994,13.197977308805253,12.992715957964688,13.075118064880371,81890028
2010-03-01 00:00:00-05:00,13.134686180384486,13.236200271274738,13.098449457010654,13.221307754516602,89426484
2010-03-02 00:00:00-05:00,13.29055146286561,13.543218149289016,13.278887158680481,13.429046630859375,174097728
2010-03-03 00:00:00-05:00,13.461314874035558,13.604277346718424,13.38412539187458,13.534782409667969,123452424
2010-03-04 00:00:00-05:00,13.564068957183492,13.803084133998919,13.556623172421936,13.764862060546875,127224648
2010-03-05 00:00:00-05:00,13.93264501391342,14.08950685499785,13.896656107723627,14.003628730773926,156331512
2010-03-08 00:00:00-05:00,14.017777698037627,14.027706357685375,13.924206914673544,13.960691452026367,95360544
2010-03-09 00:00:00-05:00,13.89541353642897,14.014798632862277,13.812267050661644,13.903853416442871,126936936
2010-03-10 00:00:00-05:00,13.992460842695504,14.358306931489457,13.953990006036879,14.307426452636719,225969804
2010-03-11 00:00:00-05:00,14.25306882907135,14.54966682104457,14.251579104611066,14.423830032348633,169162668
2010-03-12 00:00:00-05:00,14.597568636086974,14.601043713933521,14.374685996229047,14.38411808013916,110025864
2010-03-15 00:00:00-04:00,14.06493487558153,14.133686372470066,13.799858493243391,13.978065490722656,185969844
2010-03-16 00:00:00-04:00,13.944557090916936,14.108120315971309,13.9180002708329,14.028200149536133,137122740
2010-03-17 00:00:00-04:00,14.105143192969175,14.183326774052635,14.004622256596308,14.037137031555176,132731136
2010-03-18 00:00:00-04:00,14.01628625675492,14.10861701044345,13.972603753911152,14.057984352111816,71016912
2010-03-19 00:00:00-04:00,13.899137496948242,14.097696482437346,13.831626968953556,13.899137496948242,191576232
2010-03-22 00:00:00-04:00,13.802588450291147,14.069153597181192,13.757167460883549,13.837087631225586,160031808
2010-03-23 00:00:00-04:00,13.825670793420935,13.857191470501858,13.452379903816139,13.626118659973145,219831948
2010-03-24 00:00:00-04:00,13.539496892844186,13.895414304689899,13.395294398344552,13.832868576049805,262345392
2010-03-25 00:00:00-04:00,13.87481336473407,14.196975979803403,13.865878801247016,13.970619201660156,157078764
2010-03-26 00:00:00-04:00,14.029937777002962,14.08255578856422,13.899633712168995,13.965902328491211,107740152
2010-03-29 00:00:00-04:00,13.973599138890728,14.016288498963384,13.91328657280753,13.95994758605957,124055820
2010-03-30 00:00:00-04:00,13.969377138177318,14.088512524102661,13.906086080150176,14.065678596496582,79036884
2010-03-31 00:00:00-04:00,14.02447820448963,14.140883857217727,13.968881686587439,14.075855255126953,121110768
2010-04-01 00:00:00-04:00,14.180842863999487,14.232965247581214,14.036887245888856,14.117551803588867,84023892
2010-04-05 00:00:00-04:00,14.16967455433248,14.268457001165416,14.122516025897188,14.172405242919922,75983940
2010-04-06 00:00:00-04:00,14.133933331794807,14.169426607960368,14.033164586615582,14.103157043457031,82321596
2010-04-07 00:00:00-04:00,14.08032438801034,14.11631235053344,13.945304264424081,13.987001419067383,103136760
2010-04-08 00:00:00-04:00,13.981539697423333,14.143614150360428,13.900378563715098,14.085038185119629,77822100
2010-04-09 00:00:00-04:00,14.085038018818341,14.116807456356142,13.998416454875516,14.05351734161377,82181736
2010-04-12 00:00:00-04:00,14.081565130933301,14.246616207826325,14.05351858320505,14.215096473693848,94001904
2010-04-13 00:00:00-04:00,14.210129803889227,14.6159354501705,14.175382810702683,14.563565254211426,156335508
2010-04-14 00:00:00-04:00,14.64522266471449,14.701812330109563,14.495063171328429,14.618914604187012,135971892
2010-04-15 00:00:00-04:00,14.697593938041923,14.838323249607434,14.60129341447826,14.775279998779297,270201528
2010-04-16 00:00:00-04:00,13.973597478715591,14.117799969029996,13.64175591621315,13.654662132263184,488930580
2010-04-19 00:00:00-04:00,13.619913470572111,13.749970674580112,13.526840213953362,13.653420448303223,155604240
2010-04-20 00:00:00-04:00,13.754437575795567,13.89069865089442,13.677247148978163,13.776030540466309,118976904
2010-04-21 00:00:00-04:00,13.81127585796871,13.905344165259201,13.704551039362784,13.757665634155273,95564340
2010-04-22 00:00:00-04:00,13.70057907154424,13.712988713064375,13.485886598104969,13.57796859741211,131096772
2010-04-23 00:00:00-04:00,13.582684385138185,13.634061435097475,13.459080763656726,13.526590347290039,83492424
2010-04-26 00:00:00-04:00,13.526095112714945,13.52659074169546,13.134933181838747,13.195245742797852,174577248
2010-04-27 00:00:00-04:00,13.128480592136265,13.361290956260284,13.0857902896853,13.131211280822754,153634212
2010-04-28 00:00:00-04:00,13.206663188851424,13.274421534842443,12.931906912390174,13.134437561035156,136107756
2010-04-29 00:00:00-04:00,13.238184261401265,13.315870317477094,13.071890340847292,13.204179763793945,122233644
2010-04-30 00:00:00-04:00,13.182589545666152,13.345158704371963,13.041363648436393,13.04781723022461,97318584
2010-05-03 00:00:00-04:00,13.067672638316123,13.227015467273539,13.0324271743865,13.16943359375,74237688
2010-05-04 00:00:00-04:00,13.06816839373491,13.07362882540263,12.514437302383929,12.568047523498535,242808948
2010-05-05 00:00:00-04:00,12.434267606906687,12.8001127228696,12.421609205287885,12.652186393737793,183104712
2010-05-06 00:00:00-04:00,12.627116942839669,12.844787907221315,11.417148586703677,12.376933097839355,199803996
2010-05-07 00:00:00-04:00,12.409198617750087,12.541985552738453,11.946555497518169,12.239679336547852,203356440
2010-05-10 00:00:00-04:00,12.75667667172883,12.976332974078739,12.722674069079831,12.947293281555176,164954880
2010-05-11 00:00:00-04:00,12.79887200606853,12.903362693306912,12.613962685960448,12.634563446044922,132771096
2010-05-12 00:00:00-04:00,12.70877606473566,12.70877606473566,12.459584414284247,12.543723106384277,153917928
2010-05-13 00:00:00-04:00,12.819470530216623,12.95598035659848,12.667325692124361,12.679984092712402,132898968
2010-05-14 00:00:00-04:00,12.652433558035263,12.682714216228455,12.316869119065652,12.596837043762207,164475360
2010-05-17 00:00:00-04:00,12.578224148961155,12.617439374956305,12.36899209572524,12.607759475708008,111640248
2010-05-18 00:00:00-04:00,12.658144372132138,12.682219267234151,12.337222700464663,12.369488716125488,112906980
2010-05-19 00:00:00-04:00,12.317118043573231,12.396045067707897,12.1056528295306,12.271697998046875,137690172
2010-05-20 00:00:00-04:00,12.039384943547816,12.052043346430809,11.759664791011543,11.78969669342041,196335468
2010-05-21 00:00:00-04:00,11.642017502861748,12.037646720794571,11.52635718193001,11.716228485107422,387244368
2010-05-24 00:00:00-04:00,11.931665510727266,12.15653352016361,11.834124022239324,11.843058586120605,173650176
2010-05-25 00:00:00-04:00,11.619430264123011,11.850256219334764,11.516677107273372,11.840825080871582,120575304
2010-05-26 00:00:00-04:00,11.964923212493392,12.155787644545583,11.78944597792683,11.801112174987793,138884976
2010-05-27 00:00:00-04:00,12.03640481317458,12.219079077295746,11.939606777044201,12.173162460327148,112251636
2010-05-28 00:00:00-04:00,12.22975219610535,12.247375400935756,11.98800631893842,12.053282737731934,115676208
2010-06-01 00:00:00-04:00,11.924220355942873,12.188055790166063,11.916525809995726,11.972370147705078,106565328
2010-06-02 00:00:00-04:00,12.07934287549339,12.257797671793805,11.949783198925598,12.24538803100586,101530368
2010-06-03 00:00:00-04:00,12.288573679382772,12.608503102662267,12.27839815251114,12.548934936523438,145881972
2010-06-04 00:00:00-04:00,12.402995966336048,12.639529238408642,12.32803964473421,12.378175735473633,156655188
2010-06-07 00:00:00-04:00,12.38661437807123,12.432531000103506,11.991730482736777,12.050553321838379,145162692
2010-06-08 00:00:00-04:00,12.108382845329782,12.132955260767698,11.852489783818973,12.032186508178711,107296596
2010-06-09 00:00:00-04:00,12.092746417176532,12.133946994666248,11.714988226240163,11.76512336730957,109050840
2010-06-10 00:00:00-04:00,11.922728806408163,12.124515050719461,11.810295758811918,12.087532997131348,103012884
2010-06-11 00:00:00-04:00,11.975597001134568,12.129728150277327,11.953755275886923,12.124515533447266,71196732
2010-06-14 00:00:00-04:00,12.272939227628255,12.273435802480755,11.992722511291504,11.992722511291504,81534384
2010-06-15 00:00:00-04:00,11.989992278920134,12.419872854823604,11.967654924181314,12.360055923461914,170213616
2010-06-16 00:00:00-04:00,12.314884201218566,12.509223720648075,12.313394476774862,12.441465377807617,91480428
2010-06-17 00:00:00-04:00,12.495573146200195,12.555635998347787,12.327790447441046,12.411930084228516,79012908
2010-06-18 00:00:00-04:00,12.472240965436972,12.496068042486733,12.363530813138128,12.410687446594238,114801084
2010-06-21 00:00:00-04:00,12.407462855110014,12.434020624252229,12.03491631876187,12.126005172729492,119220660
2010-06-22 00:00:00-04:00,12.159263491490552,12.325556467609017,12.055764056760347,12.068670272827148,88699212
2010-06-23 00:00:00-04:00,12.084554579722143,12.084554579722143,11.867877710852564,11.964426040649414,81082836
2010-06-24 00:00:00-04:00,11.905109546758425,11.981802463914816,11.746261388696169,11.791930198669434,75668256
2010-06-25 00:00:00-04:00,11.840576035612285,11.85521979071945,11.67924691494966,11.731864929199219,89718192
2010-06-28 00:00:00-04:00,11.729631706355669,11.852737806958908,11.64077602647991,11.716973304748535,70421508
2010-06-29 00:00:00-04:00,11.502530469273735,11.530079496636787,11.196749129197364,11.274683952331543,139943916
2010-06-30 00:00:00-04:00,11.292056915677222,11.363290345433802,11.037902326362484,11.043610572814941,143983872
2010-07-01 00:00:00-04:00,11.052048139377598,11.12923857300012,10.762649040953228,10.908093452453613,140403456
2010-07-02 00:00:00-04:00,10.960959856340224,10.977340205123049,10.821471510338979,10.835123062133789,77362560
2010-07-06 00:00:00-04:00,11.020030270940637,11.111120066256126,10.762648442021032,10.823209762573242,102301596
2010-07-07 00:00:00-04:00,10.878805672437064,11.200968299186863,10.806083468476869,11.173913955688477,125062812
2010-07-08 00:00:00-04:00,11.257062372972554,11.350882875886194,11.160514018435249,11.331769943237305,106649244
2010-07-09 00:00:00-04:00,11.71399449502999,11.746259561481383,11.486148001350069,11.603049278259277,173086740
2010-07-12 00:00:00-04:00,11.724170922188627,11.899648177045028,11.692153667755786,11.81004810333252,133242624
2010-07-13 00:00:00-04:00,11.969392708079921,12.235957887965977,11.920497580592448,12.141890525817871,158892948
2010-07-14 00:00:00-04:00,12.158765846901709,12.256803895829975,12.073881827365101,12.195003509521484,124595280
2010-07-15 00:00:00-04:00,12.204684802670819,12.278399208640835,11.98006366920721,12.261521339416504,194133672
2010-07-16 00:00:00-04:00,11.643507382548263,11.67924752979079,11.405235635551703,11.407469749450684,312679008
2010-07-19 00:00:00-04:00,11.442216943389106,11.656660650368872,11.355594432135465,11.570535659790039,181829988
2010-07-20 00:00:00-04:00,11.442713221713856,11.987758502176286,11.432042064733444,11.953010559082031,162017820
2010-07-21 00:00:00-04:00,12.012826773119498,12.05502144798971,11.800120588986733,11.851496696472168,131052816
2010-07-22 00:00:00-04:00,11.993714199754447,12.136428849118301,11.975098793123326,12.032929420471191,85822092
2010-07-23 00:00:00-04:00,11.932659402275501,12.17639065018488,11.913796177782396,12.163236618041992,90485424
2010-07-26 00:00:00-04:00,12.1391584349176,12.180359957480578,12.034667741607748,12.136180877685547,79728192
2010-07-27 00:00:00-04:00,12.176142644365145,12.347896069916144,12.165966169956448,12.227023124694824,97949952
2010-07-28 00:00:00-04:00,12.284355218075975,12.29204976274074,11.97981488256913,12.021512031555176,99740160
2010-07-29 00:00:00-04:00,12.061225418862307,12.13394762471594,11.896917783491919,12.037398338317871,106912980
2010-07-30 00:00:00-04:00,11.904859090368863,12.096220107154146,11.892200688927362,12.03392219543457,85678236
2010-08-02 00:00:00-04:00,12.136677214347866,12.243154204865398,12.085796740065543,12.171921730041504,74273652
2010-08-03 00:00:00-04:00,12.174155124762954,12.222802432071505,12.081328737703124,12.157526016235352,72019908
2010-08-04 00:00:00-04:00,12.215851391148046,12.58368180634577,12.18780484930431,12.566804885864258,152347500
2010-08-05 00:00:00-04:00,12.556134570104996,12.623396343926895,12.498303935145428,12.61098575592041,96719184
2010-08-06 00:00:00-04:00,12.543973724099125,12.552411713907064,12.311907722599525,12.415406227111816,132647220
2010-08-09 00:00:00-04:00,12.465790555133678,12.546455123731377,12.443701012967328,12.542731285095215,74813112
2010-08-10 00:00:00-04:00,12.46827081863307,12.558864987797174,12.374452223464786,12.502026557922363,82877040
2010-08-11 00:00:00-04:00,12.353602929858491,12.360304325257106,12.19897520672931,12.20493221282959,88831080
2010-08-12 00:00:00-04:00,12.011337154233518,12.27963984042821,11.975844823610803,12.211633682250977,88095816
2010-08-13 00:00:00-04:00,12.13692568789628,12.191281242975212,12.062713760155264,12.07115364074707,77310612
2010-08-16 00:00:00-04:00,12.004884569612924,12.15852010264541,11.925957542254087,12.052290916442871,52147800
2010-08-17 00:00:00-04:00,12.125259451565356,12.278398390972978,12.063210301977145,12.174651145935059,75552372
2010-08-18 00:00:00-04:00,12.172666369521375,12.183338471897645,11.95201783896799,11.966909408569336,107348544
2010-08-19 00:00:00-04:00,11.93861397334592,11.975844788661297,11.597092513137127,11.61496353149414,156843000
2010-08-20 00:00:00-04:00,11.614963671747505,11.704811556009691,11.442464927692304,11.46728515625,156547296
2010-08-23 00:00:00-04:00,11.454378897049057,11.621912838077977,11.36080812073321,11.518165588378906,119328552
2010-08-24 00:00:00-04:00,11.360062321204538,11.37669237490005,11.19178305189069,11.203449249267578,110397492
2010-08-25 00:00:00-04:00,11.168949858085577,11.362793756872264,11.168949858085577,11.283617973327637,103580316
2010-08-26 00:00:00-04:00,11.319359097711486,11.34914223766676,11.179870752988917,11.193273544311523,71008920
2010-08-27 00:00:00-04:00,11.232489274947486,11.416901098263018,11.110623183385693,11.388110160827637,92403504
2010-08-30 00:00:00-04:00,11.396051838896748,11.411192168997719,11.229014470526591,11.235715866088867,49206744
2010-08-31 00:00:00-04:00,11.171680105260819,11.28982234797144,11.119309906354438,11.169445991516113,77794128
2010-09-01 00:00:00-04:00,11.292552750898395,11.539758092597035,11.23099922994719,11.425338745117188,129002868
2010-09-02 00:00:00-04:00,11.487637641922516,11.527099732318634,11.424842210811127,11.496075630187988,67300632
2010-09-03 00:00:00-04:00,11.678254773867307,11.712010514559614,11.601809674156117,11.672794342041016,101514384
2010-09-07 00:00:00-04:00,11.528838633363648,11.605532492948385,11.492105335415436,11.526357650756836,68327604
2010-09-08 00:00:00-04:00,11.545963660621762,11.727396971927917,11.52908673720106,11.679742813110352,95975928
2010-09-09 00:00:00-04:00,11.859686919626926,11.923473605160646,11.679741461931735,11.818733215332031,97126776
2010-09-10 00:00:00-04:00,11.889221672591427,11.908333654096639,11.7914323807039,11.817740440368652,78893028
2010-09-13 00:00:00-04:00,11.935885127537917,12.02151259732769,11.90188062990277,11.969887733459473,89570340
2010-09-14 00:00:00-04:00,11.963434354851374,12.031441459558089,11.915532382518037,11.924219131469727,88571340
2010-09-15 00:00:00-04:00,11.912306223818382,11.96045601127839,11.876316371682025,11.929430961608887,96015888
2010-09-16 00:00:00-04:00,11.912307508239879,11.974356668412394,11.898903769748015,11.939857482910156,78701220
2010-09-17 00:00:00-04:00,12.006621025827013,12.191528462352164,11.942834335300633,12.165468215942383,225438336
2010-09-20 00:00:00-04:00,12.22379522857334,12.66831859355988,12.21287436619277,12.615452766418457,175963860
2010-09-21 00:00:00-04:00,12.6502018653051,12.90584711332521,12.63108988146065,12.744020462036133,178473348
2010-09-22 00:00:00-04:00,12.729129231940364,12.851242194241427,12.699841719142906,12.807064056396484,101382516
2010-09-23 00:00:00-04:00,12.772561963251297,12.898646559263033,12.690407683827194,12.744515419006348,92603304
2010-09-24 00:00:00-04:00,12.94952851312138,13.100681156740492,12.863154763176073,13.087278366088867,134141724
2010-09-27 00:00:00-04:00,13.125998085536427,13.324558033320763,13.125998085536427,13.164718627929688,124171704
2010-09-28 00:00:00-04:00,13.240913098940451,13.243642841461826,12.867870042390704,13.084299087524414,146041812
2010-09-29 00:00:00-04:00,13.101176814412943,13.227510167134627,13.023242950021052,13.09720516204834,86801112
2010-09-30 00:00:00-04:00,13.133690939732567,13.200952704299313,12.879535449996053,13.050048828125,129634236
2010-10-01 00:00:00-04:00,13.154539929194845,13.169929018856791,12.9808011740956,13.045829772949219,88911000
2010-10-04 00:00:00-04:00,13.029199350290773,13.111104869187805,12.877797952979062,12.964668273925781,77542380
2010-10-05 00:00:00-04:00,13.114331974090042,13.402738825587056,13.06891098793078,13.358807563781738,140143716
2010-10-06 00:00:00-04:00,13.38437352405138,13.401499207773321,13.15305194070392,13.262507438659668,110381508
2010-10-07 00:00:00-04:00,13.30867326883489,13.333244738335377,13.133196958372192,13.154789924621582,95736168
2010-10-08 00:00:00-04:00,13.223292401535979,13.34317123485271,13.09546931717951,13.312146186828613,114253632
2010-10-11 00:00:00-04:00,13.365013533763602,13.516911517100382,13.332499705781052,13.373948097229004,104946948
2010-10-12 00:00:00-04:00,13.405718016004608,13.55141022772274,13.347887386546713,13.437238693237305,149993856
2010-10-13 00:00:00-04:00,13.57648002975244,13.588640911117059,13.460570949411307,13.48464584350586,122101776
2010-10-14 00:00:00-04:00,13.506486816344974,13.533043637301041,13.331009573854276,13.425822257995605,265098636
2010-10-15 00:00:00-04:00,14.873815454005678,14.932638291058456,14.683446630685783,14.927922248840332,592399008
2010-10-18 00:00:00-04:00,14.90558445824578,15.380637260230607,14.90558445824578,15.331493377685547,283644072
2010-10-19 00:00:00-04:00,15.111588095433609,15.259763175351441,14.962917386582012,15.086272239685059,183332484
2010-10-20 00:00:00-04:00,15.093967044818571,15.32330327268364,15.078083271249968,15.089996337890625,140862996
2010-10-21 00:00:00-04:00,15.177609684735144,15.289050532083062,15.040852034466546,15.189523696899414,116703180
2010-10-22 00:00:00-04:00,15.187784407328301,15.259763159602567,15.141372162813315,15.202925682067871,90153756
2010-10-25 00:00:00-04:00,15.278875105279552,15.505977214480557,15.263486961013403,15.301461219787598,126209664
2010-10-26 00:00:00-04:00,15.217073493829927,15.418858796309618,15.165696445136355,15.353582382202148,100415484
2010-10-27 00:00:00-04:00,15.283344808130352,15.388333031262437,15.1979641983384,15.300718307495117,89586324
2010-10-28 00:00:00-04:00,15.389571960487213,15.413151225241807,15.222038016470506,15.353087425231934,87284628
2010-10-29 00:00:00-04:00,15.315608126116915,15.36351009699909,15.21434280729164,15.231965065002441,91040868
2010-11-01 00:00:00-04:00,15.28235051506267,15.40471222840516,15.170164329386944,15.26423168182373,123360516
2010-11-02 00:00:00-04:00,15.355320586088546,15.388331935072433,15.253807448403473,15.279123306274414,79824096
2010-11-03 00:00:00-04:00,15.326281038324225,15.433750230832818,15.22700107376416,15.392797470092773,135084780
2010-11-04 00:00:00-04:00,15.503496556649756,15.634545972774063,15.440453304103636,15.494312286376953,142689168
2010-11-05 00:00:00-04:00,15.467257213912195,15.524591268145052,15.415880165644074,15.514415740966797,70557372
2010-11-08 00:00:00-05:00,15.488107229203157,15.62387268564544,15.466018633898138,15.55636215209961,83967948
2010-11-09 00:00:00-05:00,15.636530662765601,15.65762705364832,15.400989609897135,15.507963180541992,89398512
2010-11-10 00:00:00-05:00,15.439955793314027,15.46279066724837,15.326528650483844,15.45981216430664,99780120
2010-11-11 00:00:00-05:00,15.3808852170114,15.384608109470296,15.244624137102605,15.318587303161621,90373536
2010-11-12 00:00:00-05:00,15.239163802245656,15.31138942977693,14.921965039197227,14.973590850830078,135584280
2010-11-15 00:00:00-05:00,14.968377191161071,14.991212065157901,14.744253593357618,14.779499053955078,139016844
2010-11-16 00:00:00-05:00,14.712237836745443,14.839563412113474,14.481165005818422,14.487866401672363,132163704
2010-11-17 00:00:00-05:00,14.519634335266682,14.631322993433907,14.429537695261764,14.483644485473633,97602300
2010-11-18 00:00:00-05:00,14.618914762425888,14.891436913045915,14.60799389990564,14.80655288696289,103496400
2010-11-19 00:00:00-05:00,14.81747419941068,14.839562793744598,14.652173423853872,14.664335250854492,91808100
2010-11-22 00:00:00-05:00,14.580940836957797,14.729115937415866,14.46379078785476,14.674015045166016,87376536
2010-11-23 00:00:00-05:00,14.56952438308159,14.619163897867045,14.350860244295825,14.470244407653809,86417496
2010-11-24 00:00:00-05:00,14.576966950243293,14.807544120457173,14.570514315631193,14.767087936401367,95760144
2010-11-26 00:00:00-05:00,14.6551514241168,14.717698099990178,14.569275189055542,14.6437349319458,52391556
2010-11-29 00:00:00-05:00,14.623134032869535,14.638770938155703,14.394294374750123,14.447905540466309,114273612
2010-11-30 00:00:00-05:00,14.254558570291692,14.254558570291692,13.73309349328572,13.792661666870117,284411304
2010-12-01 00:00:00-05:00,13.973598846874431,14.186305036829447,13.958706330084107,14.007105827331543,150013836
2010-12-02 00:00:00-05:00,14.11407919870684,14.229988284191297,14.031924907693623,14.192509651184082,101814084
2010-12-03 00:00:00-05:00,14.133684743202586,14.308167882148007,14.097695840048516,14.221795082092285,105142752
2010-12-06 00:00:00-05:00,14.409682861656886,14.44517519225016,14.311396043915204,14.354829788208008,83668248
2010-12-07 00:00:00-05:00,14.675257340885915,14.718195460709211,14.54445668192645,14.57275104522705,121566312
2010-12-08 00:00:00-05:00,14.692629247574562,14.706280798729386,14.487121049520747,14.657136917114258,70205724
2010-12-09 00:00:00-05:00,14.74003606637691,14.782228847751876,14.61891531614848,14.680964469909668,74681244
2010-12-10 00:00:00-05:00,14.721668207681862,14.74276648970328,14.650932306087144,14.698586463928223,68119812
2010-12-13 00:00:00-05:00,14.820451970775771,14.966392951034633,14.745247839731979,14.758401870727539,95844060
2010-12-14 00:00:00-05:00,14.819706996686016,14.849491081368209,14.70528764580411,14.765600204467773,65666268
2010-12-15 00:00:00-05:00,14.747978308462768,14.803822640987851,14.622637146068941,14.651180267333984,86621292
2010-12-16 00:00:00-05:00,14.714469704168362,14.7373036311424,14.595829950459716,14.686175346374512,63812124
2010-12-17 00:00:00-05:00,14.668554287662765,14.70727293548206,14.585903429381453,14.663590431213379,123360516
2010-12-20 00:00:00-05:00,14.759145914716457,14.839313895413559,14.61047425878324,14.76932144165039,78853068
2010-12-21 00:00:00-05:00,14.856439555386602,15.009081917733264,14.83261247799241,14.96812915802002,75104820
2010-12-22 00:00:00-05:00,14.991213316643577,15.065673059036296,14.973343243309241,15.028194427490234,48251700
2010-12-23 00:00:00-05:00,15.024471501959557,15.040851849699017,14.942317219501634,14.996920585632324,44387568
2010-12-27 00:00:00-05:00,14.959940499436115,14.985752932763033,14.879524696247353,14.951005935668945,48275676
2010-12-28 00:00:00-05:00,14.94281458904023,14.98798776832275,14.84254240825549,14.865129470825195,42549408
2010-12-29 00:00:00-05:00,14.941573043400183,14.951748570799156,14.865127951383789,14.916752815246582,40727232
2010-12-30 00:00:00-05:00,14.842292774339757,14.924942685246966,14.827153390789777,14.863637924194336,39540420
2010-12-31 00:00:00-05:00,14.811020066690883,14.852718165741527,14.694119727394819,14.742269515991211,61510428
2011-01-03 00:00:00-05:00,14.804568128008343,15.030678055227613,14.804568128008343,14.999900817871094,94513392
2011-01-04 00:00:00-05:00,15.031421798546223,15.045321164953158,14.894911954564277,14.944551467895508,72907020
2011-01-05 00:00:00-05:00,14.893670003253458,15.148323026031171,14.893173428440257,15.117049217224121,101190708
2011-01-06 00:00:00-05:00,15.157009683528386,15.349363859872804,15.14137372410002,15.227002143859863,82229688
2011-01-07 00:00:00-05:00,15.286817549925697,15.344895995290171,15.14335944839271,15.299971580505371,83963952
2011-01-10 00:00:00-05:00,15.259265992779719,15.273910693068864,15.104390460257278,15.244623184204102,63104832
2011-01-11 00:00:00-05:00,15.331493692438308,15.3585470896208,15.251822279548449,15.289299964904785,57514428
2011-01-12 00:00:00-05:00,15.372198628627377,15.372198628627377,15.258523662628392,15.31064510345459,65242692
2011-01-13 00:00:00-05:00,15.31312730323761,15.380141261099824,15.243382656647828,15.306178092956543,53306640
2011-01-14 00:00:00-05:00,15.323798552826771,15.49431099535344,15.315856193294858,15.492077827453613,94529376
2011-01-18 00:00:00-05:00,15.538739139198329,15.934121476309937,15.51913152739415,15.8755464553833,144535320
2011-01-19 00:00:00-05:00,15.937346846803273,15.958195422748945,15.628091393847772,15.679965019226074,136107756
2011-01-20 00:00:00-05:00,15.691382273334408,15.737796415423759,15.469989341006023,15.55636215209961,219212568
2011-01-21 00:00:00-05:00,15.874305675768799,15.927667134543675,15.173887344793513,15.185552597045898,355819824
2011-01-24 00:00:00-05:00,15.079820627160947,15.201934532152947,14.922463149437608,15.166937828063965,183784032
2011-01-25 00:00:00-05:00,15.095456895617756,15.405457706775055,15.053759740628653,15.38609790802002,145726128
2011-01-26 00:00:00-05:00,15.396521719820582,15.450132883199117,15.271180560218077,15.301461219787598,81442476
2011-01-27 00:00:00-05:00,15.335961710684957,15.380885180429551,15.220797021650482,15.308659553527832,80687232
2011-01-28 00:00:00-05:00,15.365248677231234,15.397266877338366,14.885977338024563,14.916505813598633,169074756
2011-01-31 00:00:00-05:00,14.981284203434194,15.002877167284932,14.781484260163005,14.900867462158203,112083804
2011-02-01 00:00:00-05:00,15.003374018446852,15.223279110807962,14.969123596715926,15.165945053100586,109702188
2011-02-02 00:00:00-05:00,15.164951423887173,15.24785009741903,15.078826432804574,15.18977165222168,70357572
2011-02-03 00:00:00-05:00,15.127225993181366,15.176122063823975,15.044079499595732,15.143856048583984,59744196
2011-02-04 00:00:00-05:00,15.14385560557291,15.175872859520757,15.055993072228054,15.164456367492676,61969968
2011-02-07 00:00:00-05:00,15.14410340681004,15.348371595104847,15.120524141729765,15.246610641479492,71912016
2011-02-08 00:00:00-05:00,15.26249512450561,15.379147646357794,15.252069890613981,15.348122596740723,67728204
2011-02-09 00:00:00-05:00,15.31064454345101,15.374679994613505,15.19821054573036,15.301461219787598,73626300
2011-02-10 00:00:00-05:00,15.23692927863107,15.326281533378328,15.178850833266596,15.299971580505371,93282624
2011-02-11 00:00:00-05:00,15.234201147630143,15.512432522953649,15.214592588142278,15.500021934509277,103492404
2011-02-14 00:00:00-05:00,15.471228258034216,15.6275935103898,15.389322739739075,15.590611457824707,85034880
2011-02-15 00:00:00-05:00,15.570013162306772,15.638763711806325,15.46527276044971,15.4913330078125,83596320
2011-02-16 00:00:00-05:00,15.528068268892895,15.549661235868122,15.4404535450366,15.493072509765625,67292640
2011-02-17 00:00:00-05:00,15.419356869240334,15.568276358920105,15.39528197422484,15.518884658813477,59092848
2011-02-18 00:00:00-05:00,15.537250151297572,15.665816683193245,15.492077922067892,15.63851547241211,128587284
2011-02-22 00:00:00-05:00,15.389076944234384,15.51069522692536,15.084785314707911,15.145346641540527,145450404
2011-02-23 00:00:00-05:00,15.148323954580913,15.256786304857265,14.99121334919417,15.172894477844238,115468416
2011-02-24 00:00:00-05:00,15.174632260736082,15.216826935270937,14.925440595767355,15.110845565795898,108359532
2011-02-25 00:00:00-05:00,15.186298857989925,15.257282579643384,15.12772383281163,15.141125679016113,77218704
2011-02-28 00:00:00-05:00,15.140131328334029,15.30121262473366,15.09073868879962,15.224518775939941,91168740
2011-03-01 00:00:00-05:00,15.333230953848705,15.3689720454097,14.874558499076151,14.910796165466309,132795072
2011-03-02 00:00:00-05:00,14.88696952379919,15.040852865665347,14.772550167087076,14.911541938781738,80986932
2011-03-03 00:00:00-05:00,15.050283455493874,15.177113387277027,15.016031144958687,15.129210472106934,77734188
2011-03-04 00:00:00-05:00,15.09868297068571,15.114817397197996,14.896897649169423,14.907322883605957,120319560
2011-03-07 00:00:00-05:00,14.905583120450563,14.983516985740675,14.569273355581124,14.68493366241455,138369492
2011-03-08 00:00:00-05:00,14.71645606846465,14.841796279758533,14.648697726265956,14.701067924499512,91304604
2011-03-09 00:00:00-05:00,14.668553949595694,14.755672087502278,14.538248937375265,14.687664985656738,85953960
2011-03-10 00:00:00-05:00,14.530556088424827,14.55984265314157,14.381884421748236,14.402981758117676,124998876
2011-03-11 00:00:00-05:00,14.351356699805045,14.395536728326439,14.229988129727522,14.313879013061523,121158720
2011-03-14 00:00:00-04:00,14.216831746078986,14.353092819089381,14.098192930662643,14.147088050842285,112531356
2011-03-15 00:00:00-04:00,13.837086810899471,14.172155616687414,13.787446357248612,14.136414527893066,160063776
2011-03-16 00:00:00-04:00,14.097945459330207,14.14212548752084,13.682709567407267,13.827159881591797,151788060
2011-03-17 00:00:00-04:00,14.0103310430245,14.122516282782737,13.912540798198101,13.932892799377441,115856028
2011-03-18 00:00:00-04:00,14.014302202312503,14.097449640404301,13.892685820284143,13.925447463989258,131812056
2011-03-21 00:00:00-04:00,14.152796588381682,14.390571744782578,14.12301344960406,14.30866527557373,120715164
2011-03-22 00:00:00-04:00,14.327776675012991,14.376423982952758,14.209634428975182,14.329017639160156,75400524
2011-03-23 00:00:00-04:00,14.276150960473752,14.456343294863244,14.196975182538687,14.449146270751953,72575352
2011-03-24 00:00:00-04:00,14.530307818739816,14.603774412141375,14.365751427071912,14.566545486450195,83864052
2011-03-25 00:00:00-04:00,14.566297702924164,14.567041146411345,14.376672320850075,14.389082908630371,114221664
2011-03-28 00:00:00-04:00,14.44691149932754,14.519385883540556,14.2642372331484,14.280370712280273,88647264
2011-03-29 00:00:00-04:00,14.296256563985116,14.442446308094038,14.222045580839358,14.438474655151367,64127808
2011-03-30 00:00:00-04:00,14.504245425009518,14.532044155587457,14.409930262680549,14.441204071044922,56835108
2011-03-31 00:00:00-04:00,14.469996239703724,14.598066203639057,14.43872242867162,14.563319206237793,81094824
2011-04-01 00:00:00-04:00,14.612957862595907,14.772549442697336,14.612957862595907,14.688409805297852,104423472
2011-04-04 00:00:00-04:00,14.718193683993713,14.76137961311154,14.47247617065505,14.586152076721191,82097820
2011-04-05 00:00:00-04:00,14.422342253240453,14.432517781401971,14.04011487280107,14.124751091003418,241658100
2011-04-06 00:00:00-04:00,14.201444813999643,14.275407036768598,14.097697558812222,14.251084327697754,106625268
2011-04-07 00:00:00-04:00,14.289555054456192,14.411421142660073,14.25133203331086,14.395536422729492,101158740
2011-04-08 00:00:00-04:00,14.5169051889748,14.5169051889748,14.347385884515214,14.34986686706543,75995928
2011-04-11 00:00:00-04:00,14.301219627506349,14.348377210211568,14.22179603162699,14.330259323120117,74253672
2011-04-12 00:00:00-04:00,14.271435459435693,14.318841802204302,14.098936717421735,14.162476539611816,83340576
2011-04-13 00:00:00-04:00,14.284094452695735,14.335968079275142,14.190771487751126,14.303205490112305,82693224
2011-04-14 00:00:00-04:00,14.276151786292553,14.381884390684572,14.199458877924542,14.358553886413574,218033748
2011-04-15 00:00:00-04:00,13.534037283655417,13.545453775470936,13.156030334888827,13.171915054321289,561186252
2011-04-18 00:00:00-04:00,13.065685598378538,13.096462832788113,12.881522550168196,13.076109886169434,201390408
2011-04-19 00:00:00-04:00,13.153300152982043,13.17638284370278,12.928680904322453,12.944316864013672,107256636
2011-04-20 00:00:00-04:00,13.052779609774637,13.075614485033936,12.940842184848714,13.04856014251709,122277600
2011-04-21 00:00:00-04:00,13.092244076625285,13.111851690567125,12.96566288265544,13.032925605773926,98705196
2011-04-25 00:00:00-04:00,13.036646824976229,13.080081518153174,12.956230074167149,13.031682968139648,65166768
2011-04-26 00:00:00-04:00,13.068167814885284,13.339200249283914,13.035653040817198,13.224533081054688,139860000
2011-04-27 00:00:00-04:00,13.353100179726303,13.35583086848307,13.262507901324613,13.347143173217773,91844064
2011-04-28 00:00:00-04:00,13.354588171115164,13.384124439470215,13.255804785120203,13.352355003356934,79920000
2011-04-29 00:00:00-04:00,13.402739441978735,13.504500389099121,13.365757387887497,13.504500389099121,168970860
2011-05-02 00:00:00-04:00,13.54421347692076,13.544958812131425,13.33125853275181,13.366999626159668,85262652
2011-05-03 00:00:00-04:00,13.33150871071294,13.452629470159417,13.145358397691691,13.251091957092285,83176740
2011-05-04 00:00:00-04:00,13.28286109913414,13.377920661277086,13.229497745764712,13.298249244689941,84595320
2011-05-05 00:00:00-04:00,13.250346361131491,13.388344032674915,13.191771340374785,13.26052188873291,79832088
2011-05-06 00:00:00-04:00,13.356823886618445,13.438977229299962,13.283108532907887,13.286087036132812,82161756
2011-05-09 00:00:00-04:00,13.278639291622053,13.36526180131459,13.181842200556057,13.3451566696167,77870052
2011-05-10 00:00:00-04:00,13.402739686238029,13.512691755043825,13.341682738510348,13.46876049041748,81634284
2011-05-11 00:00:00-04:00,13.406214877683189,13.490850144273875,13.24612672232996,13.289809226989746,93458448
2011-05-12 00:00:00-04:00,13.284597527510927,13.326792202335795,13.177127378599222,13.279882431030273,57874068
2011-05-13 00:00:00-04:00,13.268961518289204,13.301475347962135,13.130961947803353,13.143372535705566,84263652
2011-05-16 00:00:00-04:00,13.062954732493735,13.086781809089514,12.816989422130929,12.867124557495117,118209672
2011-05-17 00:00:00-04:00,12.792917174774654,13.184822582650565,12.782989460605664,13.165959358215332,132011856
2011-05-18 00:00:00-04:00,13.143124653963113,13.16273226663719,13.04781633348599,13.149826049804688,78049872
2011-05-19 00:00:00-04:00,13.222299242110596,13.316862218817253,13.147590744919516,13.185565948486328,98649252
2011-05-20 00:00:00-04:00,13.199215566996566,13.203931608850711,12.984027476730017,13.006365776062012,92607300
2011-05-23 00:00:00-04:00,12.821954757825292,12.906342212274783,12.742531160007323,12.866382598876953,91908000
2011-05-24 00:00:00-04:00,12.915525565944241,13.00462906274151,12.860425622179346,12.863155364990234,75924000
2011-05-25 00:00:00-04:00,12.840072957323123,12.975093076894138,12.838087603793644,12.898152351379395,52011936
2011-05-26 00:00:00-04:00,12.849256036278966,12.958960295149264,12.782243025547299,12.859929084777832,84655260
2011-05-27 00:00:00-04:00,12.868615674227769,12.950769960115883,12.814507934791344,12.928680419921875,69762168
2011-05-31 00:00:00-04:00,13.030441010633682,13.130960995625635,12.993212087197252,13.130217552185059,107384508
2011-06-01 00:00:00-04:00,13.105896153059101,13.23396613093603,13.03813779820818,13.04533576965332,118117764
2011-06-02 00:00:00-04:00,13.09422913288631,13.161988429348511,12.967896702155729,13.106391906738281,88091820
2011-06-03 00:00:00-04:00,12.955981550128177,13.094973317367948,12.94357285457316,12.982787132263184,69870060
2011-06-06 00:00:00-04:00,12.994205053830298,13.075614952923011,12.887727110637966,12.932652473449707,77606316
2011-06-07 00:00:00-04:00,12.978070942269355,13.021257818089857,12.881273848646662,12.882266998291016,76227696
2011-06-08 00:00:00-04:00,12.820217952017073,12.93711924160266,12.801602542727435,12.8857421875,66069864
2011-06-09 00:00:00-04:00,12.906342143764798,12.906342143764798,12.798127610544347,12.825181007385254,67496436
2011-06-10 00:00:00-04:00,12.759408938601581,12.824187834696843,12.640521357208007,12.645981788635254,97498404
2011-06-13 00:00:00-04:00,12.658143442590752,12.663107299119151,12.463803919391298,12.527342796325684,96994908
2011-06-14 00:00:00-04:00,12.612226801406845,12.75940969836267,12.583435863920094,12.617688179016113,93566340
2011-06-15 00:00:00-04:00,12.53478870259479,12.617190808867685,12.425085383091016,12.483163833618164,82849068
2011-06-16 00:00:00-04:00,12.479688792561745,12.573010809817644,12.327294233490191,12.41912841796875,110169720
2011-06-17 00:00:00-04:00,12.563330116025384,12.575988517041909,12.03268082735353,12.038142204284668,209606184
2011-06-20 00:00:00-04:00,12.03764501282903,12.068173484044733,11.894433794019438,12.027220726013184,121022856
2011-06-21 00:00:00-04:00,12.092002600047117,12.259536552447555,12.03094470146022,12.236205101013184,110505384
2011-06-22 00:00:00-04:00,12.197733822766212,12.220071176088213,12.080583787491411,12.087532997131348,96187716
2011-06-23 00:00:00-04:00,11.966412698205328,11.984531531033854,11.757925996863886,11.919007301330566,191875932
2011-06-24 00:00:00-04:00,11.930424139131132,11.932161678120064,11.740303133724884,11.786469459533691,152071776
2011-06-27 00:00:00-04:00,11.764627349797802,12.122033527602591,11.754699636878534,11.983041763305664,137650212
2011-06-28 00:00:00-04:00,12.013322291673887,12.315877284784813,12.013322291673887,12.252338409423828,108495396
2011-06-29 00:00:00-04:00,12.324067645622168,12.416149642568202,12.220816971594395,12.349632263183594,93626280
2011-06-30 00:00:00-04:00,12.459336550457294,12.575493449625744,12.447174722781872,12.5682954788208,97038864
2011-07-01 00:00:00-04:00,12.577230256336573,12.935630538427173,12.568294746975898,12.931906700134277,145322532
2011-07-05 00:00:00-04:00,13.037887401537049,13.288567821286152,13.037887401537049,13.215100288391113,153814032
2011-07-06 00:00:00-04:00,13.241411286719881,13.365758356812592,13.22999384874712,13.287575721740723,107716176
2011-07-07 00:00:00-04:00,13.427559449233835,13.667815579146778,13.300480755871813,13.566551208496094,157262580
2011-07-08 00:00:00-04:00,13.227759842114805,13.344414259435005,13.086783661691992,13.203932762145996,190617192
2011-07-11 00:00:00-04:00,13.10936966553331,13.302964806858935,13.04285228295625,13.087031364440918,113458428
2011-07-12 00:00:00-04:00,13.108872739736904,13.388344108190303,13.05526157523593,13.254069328308105,113534352
2011-07-13 00:00:00-04:00,13.328280472705185,13.502020184644252,13.315373310394053,13.359553337097168,111496392
2011-07-14 00:00:00-04:00,13.380897778167496,13.452379958494461,13.073378929988717,13.1282320022583,265714020
2011-07-15 00:00:00-04:00,14.829883397100355,14.898138319306783,14.598066178636246,14.83286190032959,548734716
2011-07-18 00:00:00-04:00,14.705534931322228,14.942812558894335,14.69337310506327,14.766343116760254,178553268
2011-07-19 00:00:00-04:00,14.79612808257363,15.008089866521392,14.780988698322004,14.95522403717041,118581300
2011-07-20 00:00:00-04:00,14.946040982539659,14.962174462599112,14.776521682739258,14.776521682739258,89022888
2011-07-21 00:00:00-04:00,14.743759810086324,15.091982696490433,14.743263235223054,15.065425872802734,138641220
2011-07-22 00:00:00-04:00,15.025712864279134,15.375921076140232,14.997914132738446,15.344399452209473,140986872
2011-07-25 00:00:00-04:00,15.223526831193853,15.522606759513241,15.214591321760478,15.363015174865723,125138736
2011-07-26 00:00:00-04:00,15.339931971112522,15.57447986377892,15.319331210136475,15.45087718963623,93622284
2011-07-27 00:00:00-04:00,15.318337983879255,15.411908752705942,15.009826948075379,15.071131706237793,157218624
2011-07-28 00:00:00-04:00,15.020747981241453,15.288555038402725,14.966392428438791,15.16346263885498,124211664
2011-07-29 00:00:00-04:00,14.996921391776084,15.263238733162828,14.983518600463867,14.983518600463867,165330504
2011-08-01 00:00:00-04:00,15.17041377755513,15.276642015939688,14.871581652091093,15.059964179992676,158485356
2011-08-02 00:00:00-04:00,15.040852192388337,15.131941040078274,14.682701622255632,14.703302383422852,127895976
2011-08-03 00:00:00-04:00,14.74971598660426,14.966392869034193,14.485631814038696,14.92097282409668,152874972
2011-08-04 00:00:00-04:00,14.75542315414377,14.863389872654855,14.332741495685129,14.33398151397705,196387416
2011-08-05 00:00:00-04:00,14.458579203421948,14.643735417090024,13.948778424328383,14.371708869934082,236926836
2011-08-08 00:00:00-04:00,13.973102498856528,14.122517623056408,13.510707106898344,13.552156448364258,299564136
2011-08-09 00:00:00-04:00,13.923957259461353,14.261756779712321,13.427808066023431,14.231972694396973,258529212
2011-08-10 00:00:00-04:00,13.933390840914047,14.001397007518467,13.594599080455568,13.626368522644043,214569216
2011-08-11 00:00:00-04:00,13.745750885862574,14.110107244339584,13.611476100209558,13.952004432678223,193030776
2011-08-12 00:00:00-04:00,14.134927249147145,14.159747478606095,13.90906609322692,13.992709159851074,126045828
2011-08-15 00:00:00-04:00,13.736071005087059,14.022989097233328,13.552900161442993,13.830387115478516,285510204
2011-08-16 00:00:00-04:00,13.711251420711438,13.711499235186473,13.161986716359856,13.37791919708252,277298424
2011-08-17 00:00:00-04:00,13.40348444281679,13.494325477601128,13.173652586003795,13.232723236083984,163000836
2011-08-18 00:00:00-04:00,12.992467197222883,13.027710768454998,12.422106071953094,12.531065940856934,251376372
2011-08-19 00:00:00-04:00,12.393565050746123,12.779017823231765,12.183092024133055,12.18458080291748,216183600
2011-08-22 00:00:00-04:00,12.50922486378344,12.58368460878298,12.274180375932001,12.364524841308594,196039764
2011-08-23 00:00:00-04:00,12.496813163143486,12.941337479624206,12.386613280034913,12.877054214477539,173698128
2011-08-24 00:00:00-04:00,12.889714034303285,13.15454166903346,12.837592590051207,12.98799991607666,143636220
2011-08-25 00:00:00-04:00,13.16397369373961,13.334982728033223,12.864149355231278,12.907336235046387,131588280
2011-08-26 00:00:00-04:00,12.906095245077,13.165711206604447,12.736078415001629,13.076607704162598,143708148
2011-08-29 00:00:00-04:00,13.267720456354596,13.3890909250868,13.242901170677348,13.37990665435791,93338568
2011-08-30 00:00:00-04:00,13.357815649934272,13.476951045718112,13.174645747425288,13.420113563537598,119440440
2011-08-31 00:00:00-04:00,13.52038662964212,13.55910622698942,13.303460974609346,13.426568031311035,107624268
2011-09-01 00:00:00-04:00,13.421353729204604,13.497798818719158,13.18482049068772,13.21658992767334,96523380
2011-09-02 00:00:00-04:00,13.017287813793393,13.102916234894256,12.924461422024493,13.026471138000488,95951952
2011-09-06 00:00:00-04:00,12.677998414715397,12.974844212995519,12.670552630189427,12.96044921875,108523368
2011-09-07 00:00:00-04:00,13.165710501630624,13.301971583728394,13.090009795369994,13.254565238952637,110121768
2011-09-08 00:00:00-04:00,13.248857035688609,13.380402076011173,13.201699451109338,13.277647972106934,95124780
2011-09-09 00:00:00-04:00,13.189287256771983,13.269952756014776,12.93587710591974,13.026717185974121,130621248
2011-09-12 00:00:00-04:00,12.855709666091585,13.2039325354656,12.844292228222274,13.157519340515137,106709184
2011-09-13 00:00:00-04:00,13.204179337138857,13.250841288858059,12.990728787151623,13.142626762390137,94073832
2011-09-14 00:00:00-04:00,13.218824528091298,13.327039058576132,13.050794013655366,13.205918312072754,107668224
2011-09-15 00:00:00-04:00,13.291048657542579,13.526340914170682,13.267717210514123,13.466277122497559,118313568
2011-09-16 00:00:00-04:00,13.521876706963527,13.57250937306834,13.480675180081427,13.568538665771484,141230628
2011-09-19 00:00:00-04:00,13.411427903129239,13.64845774978897,13.288073030057724,13.568289756774902,98637264
2011-09-20 00:00:00-04:00,13.636045608457655,13.862403310268514,13.469007311068031,13.567294120788574,111052836
2011-09-21 00:00:00-04:00,13.593605796630106,13.775039110522767,13.374446036671502,13.38288402557373,100471428
2011-09-22 00:00:00-04:00,13.061466781734484,13.124261271945754,12.757422990000434,12.922723770141602,175835988
2011-09-23 00:00:00-04:00,12.820961151885308,13.065685517765067,12.769831917029313,13.043099403381348,110980908
2011-09-26 00:00:00-04:00,13.086285667110532,13.22726373414199,12.738808139540806,13.201451301574707,105262632
2011-09-27 00:00:00-04:00,13.358063907069862,13.577721189552344,13.304702446935204,13.386359214782715,120315564
2011-09-28 00:00:00-04:00,13.43996886598387,13.502514589095634,13.097454275672115,13.125748634338379,90441468
2011-09-29 00:00:00-04:00,13.304453898084843,13.335726763663388,12.89169898694863,13.09249210357666,116147736
2011-09-30 00:00:00-04:00,12.911554282376036,13.005622584363358,12.766854262839905,12.783236503601074,108835056
2011-10-03 00:00:00-04:00,12.654420464631945,12.707782867808222,12.28584466132244,12.298750877380371,178797024
2011-10-04 00:00:00-04:00,12.162490121002916,12.495325787972657,11.92843879513788,12.457101821899414,166185648
2011-10-05 00:00:00-04:00,12.319352228810862,12.603540593611683,11.932658519937835,12.52659797668457,181182636
2011-10-06 00:00:00-04:00,12.596094014404361,12.787952565403605,12.474476685417955,12.775046348571777,136835028
2011-10-07 00:00:00-04:00,12.827663586221512,12.918752433714317,12.665589131681289,12.785221099853516,114121764
2011-10-10 00:00:00-04:00,13.03490930847459,13.339945288816823,12.985765426731065,13.332499504089355,92795112
2011-10-11 00:00:00-04:00,13.240419152821161,13.571517312577924,13.240419152821161,13.481668472290039,114021864
2011-10-12 00:00:00-04:00,13.604526125395266,13.780747773409695,13.517656738532898,13.613709449768066,126984888
2011-10-13 00:00:00-04:00,13.651683153977887,13.87431702834043,13.601794884601063,13.874069213867188,227276496
2011-10-14 00:00:00-04:00,14.878778800292663,14.88200511787272,14.583421769269727,14.685431480407715,340854804
2011-10-17 00:00:00-04:00,14.487865657425145,14.689155337200416,14.345895387584962,14.455351829528809,160167672
2011-10-18 00:00:00-04:00,14.400250300869367,14.707272570674084,14.331002235061787,14.656392097473145,151879968
2011-10-19 00:00:00-04:00,14.577713708766273,14.694862805499989,14.376176212198192,14.412909507751465,117142740
2011-10-20 00:00:00-04:00,14.442693444376228,14.616184392659518,14.383373088516326,14.486623764038086,135024840
2011-10-21 00:00:00-04:00,14.631575383082287,14.711991193876855,14.561830730233405,14.655898094177246,135504360
2011-10-24 00:00:00-04:00,14.562325917347806,14.891188992178323,14.55686548577986,14.803077697753906,136938924
2011-10-25 00:00:00-04:00,14.720676327607332,14.767833911659784,14.46627299904261,14.473966598510742,101518380
2011-10-26 00:00:00-04:00,14.632565564506091,14.648201523344737,14.218321901742927,14.552148818969727,114809076
2011-10-27 00:00:00-04:00,14.852717192015044,14.95894731326841,14.72563944138837,14.858922958374023,151060788
2011-10-28 00:00:00-04:00,14.755920291081361,14.94901884771666,14.749218895681066,14.895408630371094,100219680
2011-10-31 00:00:00-04:00,14.770066254264993,14.884237781143922,14.685182234807169,14.709257125854492,102209688
2011-11-01 00:00:00-04:00,14.398018938030749,14.532293727716928,14.314871496571877,14.362030029296875,124878996
2011-11-02 00:00:00-04:00,14.5171544894875,14.593103014941017,14.407451168927636,14.515168190002441,84751164
2011-11-03 00:00:00-04:00,14.569274480185998,14.829882621765137,14.487865530984925,14.829882621765137,106685208
2011-11-04 00:00:00-04:00,14.730603091550643,14.885479570886906,14.704046271001705,14.796127319335938,113278608
2011-11-07 00:00:00-05:00,14.726135895620423,15.109851072559414,14.699082500109654,15.098681449890137,134161704
2011-11-08 00:00:00-05:00,15.115312042008574,15.248595562649324,14.981285077915313,15.198210716247559,121054824
2011-11-09 00:00:00-05:00,14.99766732880609,15.124992905524799,14.858674607594049,14.915513038635254,148291560
2011-11-10 00:00:00-05:00,15.039116082943707,15.039612657812432,14.682455203374142,14.769821166992188,114621264
2011-11-11 00:00:00-05:00,14.924200486903834,15.19200661325756,14.857186528763005,15.099180221557617,158920920
2011-11-14 00:00:00-05:00,15.090491775600023,15.340676576307898,15.085032290107497,15.214591026306152,127420452
2011-11-15 00:00:00-05:00,15.209627892728225,15.34067730548447,15.152542594115602,15.302950859069824,106932960
2011-11-16 00:00:00-05:00,15.191756043893838,15.346135943730298,15.155271511790001,15.176615715026855,104235660
2011-11-17 00:00:00-05:00,15.141373033058361,15.196969549741826,14.812012454273143,14.91352653503418,139592268
2011-11-18 00:00:00-05:00,14.941573599816143,15.00362369958246,14.736809783958225,14.76485538482666,131376492
2011-11-21 00:00:00-05:00,14.588137636133558,14.606504283456104,14.199210778961984,14.418866157531738,119931948
2011-11-22 00:00:00-05:00,14.395536422729492,14.518891289614492,14.27739322708526,14.395536422729492,96115788
2011-11-23 00:00:00-05:00,14.280121680798421,14.401739943528503,14.150066375732422,14.150066375732422,92938968
2011-11-25 00:00:00-05:00,14.027953079521069,14.253317650989601,13.932147243816926,13.973597526550293,62433504
2011-11-28 00:00:00-05:00,14.379898260419376,14.614446146317803,14.308664841452481,14.598809242248535,113042844
2011-11-29 00:00:00-05:00,14.591116189956152,14.652669713077358,14.428546106209506,14.468257904052734,73198728
2011-11-30 00:00:00-05:00,14.841052769101047,14.879772364567906,14.69560836332279,14.87679386138916,135744120
2011-12-01 00:00:00-05:00,14.89193244378629,15.289050415281631,14.867113161728323,15.233702659606934,144679176
2011-12-02 00:00:00-05:00,15.315113996886579,15.48761180687768,15.295505438012817,15.39726734161377,163264572
2011-12-05 00:00:00-05:00,15.577955196190185,15.683686853792372,15.44789893901601,15.528563499450684,127772100
2011-12-06 00:00:00-05:00,15.462542332405185,15.602278493447347,15.394288356590629,15.481903076171875,92966940
2011-12-07 00:00:00-05:00,15.43002874294493,15.52881118977733,15.341173063249716,15.4724702835083,90201708
2011-12-08 00:00:00-05:00,15.414145138008056,15.573240155321187,15.271678284476359,15.29029369354248,96427476
2011-12-09 00:00:00-05:00,15.33869005766275,15.614936047035503,15.314119535727334,15.572494506835938,110537352
2011-12-12 00:00:00-05:00,15.434993737708243,15.5417185519777,15.395529751447324,15.522110939025879,87268644
2011-12-13 00:00:00-05:00,15.605753649470314,15.799348791965517,15.459068277452738,15.528067588806152,160966872
2011-12-14 00:00:00-05:00,15.434247886581371,15.495552648062226,15.201933164737369,15.340428352355957,155991852
2011-12-15 00:00:00-05:00,15.450879096743764,15.487612395734413,15.35581858548724,15.376914978027344,96247656
2011-12-16 00:00:00-05:00,15.495553747998825,15.619653004201545,15.424816897664787,15.536258697509766,178193628
2011-12-19 00:00:00-05:00,15.587138816274296,15.599299697506263,15.388332007259503,15.433751106262207,85654260
2011-12-20 00:00:00-05:00,15.586890970165586,15.682199287344709,15.586641263963616,15.645713806152344,95432472
2011-12-21 00:00:00-05:00,15.636778576426845,15.681702047164354,15.362517926357414,15.532783508300781,99816084
2011-12-22 00:00:00-05:00,15.585648942460477,15.67946848028757,15.562318438175335,15.629083633422852,72819108
2011-12-23 00:00:00-05:00,15.686168874884633,15.75268625140111,15.650428731421403,15.714463233947754,58089852
2011-12-27 00:00:00-05:00,15.687411137412623,15.996170022100099,15.686170173243223,15.890933990478516,64191744
2011-12-28 00:00:00-05:00,15.952981884543398,16.008827156157324,15.837568449322177,15.877281188964844,85002912
2011-12-29 00:00:00-05:00,15.921709776313858,15.95918840641453,15.765593272830964,15.944296836853027,62952984
2011-12-30 00:00:00-05:00,15.934862716719557,16.052508371279725,15.934862716719557,16.031164169311523,71220708
2012-01-03 00:00:00-05:00,16.205900439214815,16.583410861640612,16.1917542028002,16.515403747558594,146912940
2012-01-04 00:00:00-05:00,16.505969138547822,16.635530710849444,16.396514590030954,16.58663558959961,114445440
2012-01-05 00:00:00-05:00,16.433993219030068,16.4796610768875,16.287555669767666,16.35655403137207,131184684
2012-01-06 00:00:00-05:00,16.360029350170276,16.38112763218778,16.12771556720228,16.133424758911133,107608284
2012-01-09 00:00:00-05:00,16.046057665797314,16.058467307004648,15.418859076298522,15.449387550354004,232671096
2012-01-10 00:00:00-05:00,15.630325488858796,15.730845476037226,15.311637006257074,15.466265678405762,175648176
2012-01-11 00:00:00-05:00,15.475200800314928,15.621390543233765,15.416130148360535,15.536258697509766,95904000
2012-01-12 00:00:00-05:00,15.666810171743416,15.708259509490487,15.549660128933837,15.627594947814941,74932992
2012-01-13 00:00:00-05:00,15.54370291395873,15.560828597386509,15.41463980618208,15.512182235717773,92199708
2012-01-17 00:00:00-05:00,15.685673388552177,15.685673388552177,15.52930812187229,15.601285934448242,76295628
2012-01-18 00:00:00-05:00,15.552886805479126,15.735809844346495,15.440950322900969,15.708756446838379,110357532
2012-01-19 00:00:00-05:00,15.909299423499922,15.909299423499922,15.67276618490707,15.874054908752441,251959788
2012-01-20 00:00:00-05:00,14.656887472297043,14.668553669489608,14.43772867917996,14.544205665588379,422628948
2012-01-23 00:00:00-05:00,14.544457196304272,14.610477064388224,14.47396815421071,14.532543182373047,136379484
2012-01-24 00:00:00-05:00,14.552398311502424,14.586153104990423,14.345896005937917,14.418619155883789,122109768
2012-01-25 00:00:00-05:00,14.333733459359472,14.363517544287152,14.057488412650828,14.134678840637207,199308492
2012-01-26 00:00:00-05:00,14.196480183328484,14.258529335604448,14.012068373738078,14.100178718566895,128918952
2012-01-27 00:00:00-05:00,14.166697416082663,14.403479447285623,14.130707561298403,14.395040512084961,144555300
2012-01-30 00:00:00-05:00,14.34713703196024,14.395535578253373,14.231723585954107,14.338201522827148,93126780
2012-01-31 00:00:00-05:00,14.469995837033148,14.49481606605735,14.275158789028287,14.398265838623047,85610304
2012-02-01 00:00:00-05:00,14.51814550013414,14.53204486610269,14.37419082142822,14.416135787963867,92735172
2012-02-02 00:00:00-05:00,14.51640856356937,14.554631585104888,14.447162382910262,14.52236557006836,96491412
2012-02-03 00:00:00-05:00,14.660114886232817,14.819210831307553,14.595335048261564,14.800843238830566,126613260
2012-02-06 00:00:00-05:00,14.768081305958903,15.160732003713319,14.743262023404226,15.117545127868652,147036816
2012-02-07 00:00:00-05:00,15.069396264626773,15.124992785155012,14.985256621555099,15.059964179992676,83600316
2012-02-08 00:00:00-05:00,15.106375961557617,15.173638674330444,15.009578871015162,15.136408805847168,73382544
2012-02-09 00:00:00-05:00,15.190269033492735,15.251822559847557,15.115312715545677,15.176369667053223,90497412
2012-02-10 00:00:00-05:00,15.087514173985422,15.093718995012942,14.991213649095949,15.038619995117188,92914992
2012-02-13 00:00:00-05:00,15.152541800918799,15.23543952869381,15.140628734486496,15.194735527038574,72579348
2012-02-14 00:00:00-05:00,15.178355326433326,15.189771818155064,15.010076049283553,15.134175300598145,72075852
2012-02-15 00:00:00-05:00,15.212855061061623,15.212855061061623,14.955472279426639,15.029932022094727,96938964
2012-02-16 00:00:00-05:00,14.961925382924138,15.110596103162319,14.835592017258996,15.05375862121582,101134764
2012-02-17 00:00:00-05:00,15.015289326623249,15.081311085025725,14.951502628106807,15.007099151611328,97866036
2012-02-21 00:00:00-05:00,14.987985595504364,15.33571185998384,14.963413182881618,15.239410400390625,99132768
2012-02-22 00:00:00-05:00,15.188779163715607,15.308411137207239,15.058475087465387,15.089003562927246,78601320
2012-02-23 00:00:00-05:00,15.065673411161224,15.089003916595354,14.900621388204291,15.043583869934082,82117800
2012-02-24 00:00:00-05:00,15.074358476931744,15.181084224382989,15.028689675015775,15.137649536132812,77346576
2012-02-27 00:00:00-05:00,15.05549628983606,15.198706579907153,15.01752203004943,15.123006820678711,72483444
2012-02-28 00:00:00-05:00,15.14013261165483,15.382622873305811,15.082549793633095,15.348371505737305,113790096
2012-02-29 00:00:00-05:00,15.353582111388175,15.52732181135542,15.276640446943414,15.344895362854004,125350524
2012-03-01 00:00:00-05:00,15.4444237868444,15.529804388921153,15.342414076278356,15.447898864746094,89418492
2012-03-02 00:00:00-05:00,15.437970799811579,15.487610309665001,15.396273649368975,15.419355392456055,62869068
2012-03-05 00:00:00-05:00,15.399004653323784,15.450134840796434,15.174385389760463,15.24561882019043,63668268
2012-03-06 00:00:00-05:00,15.091732349504072,15.110595571327039,14.739042218123368,15.015039443969727,126849024
2012-03-07 00:00:00-05:00,15.11655333274834,15.169667923050802,15.037378495058944,15.060708999633789,50529420
2012-03-08 00:00:00-05:00,15.141124931488902,15.177362598680428,15.049540451400315,15.069148063659668,53766180
2012-03-09 00:00:00-05:00,15.089253169190895,15.187291236454906,14.891934178701609,14.898138999938965,106717176
2012-03-12 00:00:00-04:00,14.891934169970817,15.065673893799396,14.873567520776255,15.019757270812988,66693240
2012-03-13 00:00:00-04:00,15.109107361555177,15.334968511265785,15.02968376449835,15.333230972290039,89742168
2012-03-14 00:00:00-04:00,15.264232584344223,15.457331157225031,15.226010507998591,15.288804054260254,117358524
2012-03-15 00:00:00-04:00,15.303943070415471,15.475199901609717,15.260011805742723,15.416377067565918,97306596
2012-03-16 00:00:00-04:00,15.410421999847166,15.53501688582782,15.389572477185363,15.513423919677734,121897980
2012-03-19 00:00:00-04:00,15.465768812724509,15.816970170887087,15.419107805194644,15.735312461853027,86825088
2012-03-20 00:00:00-04:00,15.659364513946644,15.786937899993786,15.568771292452757,15.723151206970215,61558380
2012-03-21 00:00:00-04:00,15.750949950892212,16.068147768958013,15.698828510136845,15.884233474731445,98685216
2012-03-22 00:00:00-04:00,15.847498906959807,16.10314414053493,15.661349556866933,16.034889221191406,96311592
2012-03-23 00:00:00-04:00,16.048540551815428,16.095699082931315,15.907068741895191,15.949013710021973,77530392
2012-03-26 00:00:00-04:00,16.008830414767942,16.12027127450939,15.873313713540682,16.11629867553711,72695232
2012-03-27 00:00:00-04:00,16.059213497478023,16.21979728999539,16.00386384634635,16.0589656829834,80207712
2012-03-28 00:00:00-04:00,16.18331177380023,16.346131571567504,16.159733454300156,16.275890350341797,101454444
2012-03-29 00:00:00-04:00,16.218307535789787,16.29649016657095,15.9914551343127,16.093463897705078,76895028
2012-03-30 00:00:00-04:00,16.176361326728582,16.219547252854927,15.909546496268897,15.91550350189209,92335572
2012-04-02 00:00:00-04:00,15.903841839557753,16.07088016408421,15.75665894259902,16.05648422241211,91276632
2012-04-03 00:00:00-04:00,16.019004692134157,16.082047941186534,15.850974173156388,15.949756622314453,81714204
2012-04-04 00:00:00-04:00,15.846258325308401,15.85990893116387,15.663831863228404,15.764352798461914,65038896
2012-04-05 00:00:00-04:00,15.69212647062567,15.796121533379337,15.601037623822032,15.694111824035645,92655252
2012-04-09 00:00:00-04:00,15.598803178441408,15.76881904178072,15.51962739963771,15.657378196716309,87220692
2012-04-10 00:00:00-04:00,15.723896433706086,15.748219141968315,15.5012616000271,15.558595657348633,99180720
2012-04-11 00:00:00-04:00,15.73506550792086,15.78545035641767,15.6687959394996,15.784457206726074,87872040
2012-04-12 00:00:00-04:00,15.943058716225101,16.21086487675388,15.891186027991463,16.15799903869629,230033736
2012-04-13 00:00:00-04:00,16.072118234037156,16.10786027148602,15.476193441823513,15.502503395080566,326045628
2012-04-16 00:00:00-04:00,15.462790786407448,15.482894026169712,14.933133696489628,15.04258918762207,227456316
2012-04-17 00:00:00-04:00,15.104391345614566,15.330997830890645,15.065920511165517,15.129460334777832,120835044
2012-04-18 00:00:00-04:00,15.091731969512082,15.209626393544584,14.961675719270247,15.0768404006958,106673220
2012-04-19 00:00:00-04:00,15.033155900006122,15.295502495794105,14.867111703412531,14.874556541442871,131652216
2012-04-20 00:00:00-04:00,14.997417757918912,15.11158929697405,14.788434477180626,14.794142723083496,122213664
2012-04-23 00:00:00-04:00,14.715711574539796,14.853462380527663,14.648698563653515,14.832365989685059,87824088
2012-04-24 00:00:00-04:00,14.848249207524912,15.056488081347428,14.825415279986409,14.923453330993652,77086836
2012-04-25 00:00:00-04:00,14.991213198054568,15.173639660059319,14.963414465659422,15.133182525634766,72771156
2012-04-26 00:00:00-04:00,15.16271863590016,15.33869056898942,15.132686735835566,15.275897026062012,83616300
2012-04-27 00:00:00-04:00,15.264727967146774,15.307418268039267,15.155023711846672,15.263734817504883,65390544
2012-04-30 00:00:00-04:00,15.214344108190904,15.29103702022674,14.907073993480669,15.012310028076172,96195708
2012-05-01 00:00:00-04:00,14.986000695309713,15.179842692705632,14.896648442589376,15.001885414123535,80011908
2012-05-02 00:00:00-04:00,14.921717181748729,15.093222779223192,14.907073426350355,15.072126388549805,64395540
2012-05-03 00:00:00-04:00,15.130702144366719,15.260013075055618,15.114072088824289,15.165449142456055,74645280
2012-05-04 00:00:00-04:00,15.038866845606034,15.087761967196895,14.812757885058604,14.816728591918945,88207704
2012-05-07 00:00:00-04:00,14.76783419094654,15.154280086366086,14.76783419094654,15.079323768615723,79700220
2012-05-08 00:00:00-04:00,15.029186855237919,15.311388905924952,14.909307073004022,15.209379196166992,106984908
2012-05-09 00:00:00-04:00,15.061204132412312,15.298481754129316,14.936856130273082,15.119033813476562,93058848
2012-05-10 00:00:00-04:00,15.213598800043236,15.29376678535274,15.145840456028973,15.230973243713379,61374564
2012-05-11 00:00:00-04:00,15.148817702782972,15.253061518588218,15.010322523157967,15.021739959716797,83892024
2012-05-14 00:00:00-04:00,14.911293619273431,15.10290245492268,14.906328816860903,14.991212844848633,72903024
2012-05-15 00:00:00-04:00,15.024720170504207,15.264231930006668,14.985008371281744,15.167682647705078,83999916
2012-05-16 00:00:00-04:00,15.337699540829023,15.639012660094432,15.287563450096691,15.609973907470703,193210596
2012-05-17 00:00:00-04:00,15.73159046011038,15.831365109891665,15.418858990710314,15.464031219482422,134017848
2012-05-18 00:00:00-04:00,15.51491065620559,15.696592708775,14.810026061269516,14.901860237121582,238701060
2012-05-21 00:00:00-04:00,14.904591904613564,15.281357902431685,14.891933502350133,15.242142677307129,122892984
2012-05-22 00:00:00-04:00,15.225511667615384,15.234695937082051,14.792653547981297,14.911788940429688,121953924
2012-05-23 00:00:00-04:00,14.932886064384066,15.130204097383931,14.820452061792214,15.126729965209961,126996876
2012-05-24 00:00:00-04:00,15.119281718020648,15.187784446943615,14.863886208933401,14.982773780822754,75576348
2012-05-25 00:00:00-04:00,14.916752803351923,14.934870690242786,14.601043776762577,14.681708335876465,143132724
2012-05-29 00:00:00-04:00,14.78793697094899,14.87033906597641,14.602036391731149,14.75145149230957,104123772
2012-05-30 00:00:00-04:00,14.59806447837583,14.690890859090741,14.483148559295158,14.599802017211914,76191732
2012-05-31 00:00:00-04:00,14.61196354108939,14.643732976701653,14.370713325319963,14.416878700256348,118613268
2012-06-01 00:00:00-04:00,14.191764610337145,14.213109761564878,14.10638400542621,14.171660423278809,122193684
2012-06-04 00:00:00-04:00,14.15279617727126,14.407697009407649,14.147584506479284,14.360538482666016,97210692
2012-06-05 00:00:00-04:00,14.28260602597902,14.3491234097671,14.059723369267926,14.157513618469238,93502404
2012-06-06 00:00:00-04:00,14.308169143815462,14.444431169712404,14.23693666633841,14.409683227539062,83748168
2012-06-07 00:00:00-04:00,14.584167964482795,14.591364989377062,14.327281752357777,14.351604461669922,70269660
2012-06-08 00:00:00-04:00,14.292532415366434,14.42035549979243,14.261010792519158,14.40670394897461,56359584
2012-06-11 00:00:00-04:00,14.500026444404106,14.527576413777723,14.065181102627811,14.110105514526367,106337556
2012-06-12 00:00:00-04:00,14.141628724455025,14.154783701523629,13.86389394004422,14.02571964263916,128839032
2012-06-13 00:00:00-04:00,13.94182823480861,14.07287669641771,13.866375345025276,13.926191329956055,78089832
2012-06-14 00:00:00-04:00,13.931404131915947,14.024974910218457,13.812764364276555,13.875558853149414,93702204
2012-06-15 00:00:00-04:00,13.907577478782732,14.011323788006953,13.826911968552809,14.011075973510742,119927952
2012-06-18 00:00:00-04:00,13.964167840055932,14.251830353985776,13.880523822445499,14.168435096740723,99776124
2012-06-19 00:00:00-04:00,14.236440558561501,14.50176570276624,14.224775305958316,14.433510780334473,82964952
2012-06-20 00:00:00-04:00,14.390819800649698,14.395535842711311,14.23445453601718,14.333733558654785,93774132
2012-06-21 00:00:00-04:00,14.391565386464887,14.391565386464887,13.991715762765633,14.028449058532715,80371548
2012-06-22 00:00:00-04:00,14.097696827379055,14.184069633483887,14.043590034553834,14.184069633483887,89026884
2012-06-25 00:00:00-04:00,14.08106698404062,14.099930206638458,13.833365053681874,13.916512489318848,63200736
2012-06-26 00:00:00-04:00,13.967640869981278,14.062949187391768,13.886231918657359,14.015295028686523,53953992
2012-06-27 00:00:00-04:00,14.090251122846894,14.24636762741037,14.04855397110063,14.129962921142578,67624308
2012-06-28 00:00:00-04:00,14.045575127874553,14.053765301820379,13.829889512305284,14.006111145019531,76759164
2012-06-29 00:00:00-04:00,14.270442173015793,14.398761834429584,14.201939440857666,14.397272109985352,100679220
2012-07-02 00:00:00-04:00,14.44070683648999,14.469995292066725,14.308665228270634,14.40719985961914,66153780
2012-07-03 00:00:00-04:00,14.395784447048284,14.60427116271173,14.34589617265087,14.589875221252441,47532420
2012-07-05 00:00:00-04:00,14.612959014276964,14.893423548522502,14.607497636689917,14.790669441223145,93742164
2012-07-06 00:00:00-04:00,14.704542441123147,14.731100208506264,14.465527263959105,14.543957710266113,86385528
2012-07-09 00:00:00-04:00,14.518393529888874,14.608986751586105,14.426561235739191,14.544703483581543,68535396
2012-07-10 00:00:00-04:00,14.648450657409867,14.704047175952295,14.36426229804371,14.437729835510254,76847076
2012-07-11 00:00:00-04:00,14.30370123583103,14.342172068782643,14.021747949694147,14.176871299743652,139832028
2012-07-12 00:00:00-04:00,14.075855951349672,14.19524011310249,13.951011357916752,14.159250259399414,92299608
2012-07-13 00:00:00-04:00,14.200699793686717,14.374439514267943,14.111348477877444,14.309163093566895,78960960
2012-07-16 00:00:00-04:00,14.305440049315877,14.375431565810656,14.191517264744713,14.269451141357422,58445496
2012-07-17 00:00:00-04:00,14.35656865084346,14.412165169200955,14.10762480946163,14.314374923706055,67136796
2012-07-18 00:00:00-04:00,14.320580556845279,14.487122306876834,14.299484165008256,14.414400100708008,61866072
2012-07-19 00:00:00-04:00,14.547929286370389,14.854207176926499,14.544455154342307,14.719682693481445,186801012
2012-07-20 00:00:00-04:00,15.109356979026686,15.21310424241038,14.846762502574249,15.160486221313477,258289452
2012-07-23 00:00:00-04:00,14.903846715791543,15.347377887498872,14.848498013294746,15.27688980102539,142325532
2012-07-24 00:00:00-04:00,15.264230524029347,15.33695272009907,14.999650745195986,15.079818725585938,80295624
2012-07-25 00:00:00-04:00,15.09843542168065,15.224024407559355,15.02521663997833,15.090245246887207,72847080
2012-07-26 00:00:00-04:00,15.264231903479478,15.3106450982981,15.140877038684996,15.223526954650879,67340592
2012-07-27 00:00:00-04:00,15.360782273847104,15.76063098238711,15.326283089258842,15.759637832641602,141846012
2012-07-30 00:00:00-04:00,15.786690117543735,15.949261152554609,15.624120028389694,15.693615913391113,87380532
2012-07-31 00:00:00-04:00,15.593342901398275,15.797857946718768,15.59234975177619,15.710244178771973,74549376
2012-08-01 00:00:00-04:00,15.817715881036808,15.872568013012646,15.670781744573384,15.703048706054688,73710216
2012-08-02 00:00:00-04:00,15.525088236812751,15.835833408337487,15.472966797940947,15.605504035949707,79028892
2012-08-03 00:00:00-04:00,15.884729463960882,15.977060226616972,15.7889245690802,15.917739868164062,75808116
2012-08-06 00:00:00-04:00,15.875048151662067,16.11753934343786,15.865368253480389,15.954721450805664,71224704
2012-08-07 00:00:00-04:00,15.929154518091865,15.990461168847618,15.797113862407272,15.898130416870117,79192728
2012-08-08 00:00:00-04:00,15.861149804783222,16.030421289023405,15.847499199005684,15.94007682800293,52835112
2012-08-09 00:00:00-04:00,15.996668228027227,16.04283171876365,15.922456297461727,15.9430570602417,42769188
2012-08-10 00:00:00-04:00,15.849732874511366,15.940324201659273,15.78867592607853,15.934369087219238,57326616
2012-08-13 00:00:00-04:00,16.068891665354407,16.384847545108844,16.050525019025287,16.38137435913086,130585284
2012-08-14 00:00:00-04:00,16.362508900727033,16.700058663392735,16.356304080951073,16.5960636138916,146321532
2012-08-15 00:00:00-04:00,16.63627494481658,16.7348105271543,16.482889124230475,16.568269729614258,96331572
2012-08-16 00:00:00-04:00,16.567522955513706,16.744488971792915,16.55684990783928,16.700557708740234,68639292
2012-08-17 00:00:00-04:00,16.731580362546683,16.8092673549103,16.671516571801387,16.806535720825195,87020892
2012-08-20 00:00:00-04:00,16.765835387258786,16.84947940325141,16.69534634881304,16.766828536987305,70253676
2012-08-21 00:00:00-04:00,16.706515922923654,16.827884487656338,16.434986911616097,16.617164611816406,88799112
2012-08-22 00:00:00-04:00,16.564298589057923,16.89241824803145,16.5474207180894,16.807533264160156,76291632
2012-08-23 00:00:00-04:00,16.735305981570562,16.88943711831757,16.654143907721576,16.798099517822266,71296632
2012-08-24 00:00:00-04:00,16.768317941833743,16.888695260279885,16.730593384451634,16.843523025512695,57006936
2012-08-27 00:00:00-04:00,16.455339496820446,16.678966555722766,16.362265284586254,16.609968185424805,104443452
2012-08-28 00:00:00-04:00,16.505228930913027,16.818455145696056,16.498776294580757,16.80927276611328,82261656
2012-08-29 00:00:00-04:00,16.81224696822849,17.100655729948333,16.781968200559227,17.076330184936523,119492388
2012-08-30 00:00:00-04:00,16.982762670009947,17.060945311489892,16.881994856940345,16.91922378540039,65010924
2012-08-31 00:00:00-04:00,16.97680516738375,17.090480140695117,16.878519285748137,17.00385856628418,84998916
2012-09-04 00:00:00-04:00,16.99045467643329,17.001623353923634,16.716195920696133,16.903337478637695,75508416
2012-09-05 00:00:00-04:00,16.877524245130505,17.038853362432967,16.856178149123835,16.89539337158203,68259672
2012-09-06 00:00:00-04:00,17.025450670868302,17.371191596556972,16.994922196979484,17.35902976989746,121618260
2012-09-07 00:00:00-04:00,17.37392127552509,17.677965049183864,17.31609159134134,17.52656364440918,129190680
2012-09-10 00:00:00-04:00,17.616165390959317,17.691864204781865,17.33396143885931,17.393033981323242,102297600
2012-09-11 00:00:00-04:00,17.32328876925216,17.390054905341,17.150541276325292,17.180076599121094,74877048
2012-09-12 00:00:00-04:00,17.11108035898287,17.24759020509763,16.899367325283976,17.147565841674805,105586308
2012-09-13 00:00:00-04:00,17.202415078966435,17.597298903188445,17.139124023381626,17.523832321166992,106253640
2012-09-14 00:00:00-04:00,17.612193311804358,17.696580768957038,17.547910988024285,17.614179611206055,104635260
2012-09-17 00:00:00-04:00,17.575212702921746,17.693603717503066,17.4980232142509,17.621625900268555,60271668
2012-09-18 00:00:00-04:00,17.567022829737247,17.837063097865798,17.542203543312496,17.827632904052734,82589328
2012-09-19 00:00:00-04:00,17.808268579937625,18.08277511485856,17.781215186264518,18.056467056274414,123808068
2012-09-20 00:00:00-04:00,17.981265181688492,18.15276982480702,17.90060062375049,18.071857452392578,116179704
2012-09-21 00:00:00-04:00,18.173371197727104,18.24063296735417,18.121496626720425,18.21755027770996,254109636
2012-09-24 00:00:00-04:00,18.14333873285009,18.61590961497423,18.12472427039607,18.599529266357422,142409448
2012-09-25 00:00:00-04:00,18.690615895267673,18.984484134347927,18.55683769750606,18.594066619873047,242097660
2012-09-26 00:00:00-04:00,18.611195086699492,18.893894691360906,18.39154062844737,18.700794219970703,226689084
2012-09-27 00:00:00-04:00,18.86187542574705,18.933603530939745,18.6558697046357,18.7762451171875,157086756
2012-09-28 00:00:00-04:00,18.717921511013195,18.845742720023043,18.64346176456384,18.726606369018555,111228660
2012-10-01 00:00:00-04:00,18.839537838407935,18.987216366587695,18.769048799427658,18.907297134399414,126593280
2012-10-02 00:00:00-04:00,18.992179901232472,19.01178751425998,18.621619661434444,18.788408279418945,111496392
2012-10-03 00:00:00-04:00,18.756885896100272,18.960407782957816,18.66951900056899,18.92516326904297,88243668
2012-10-04 00:00:00-04:00,18.931367923575003,19.10858364117713,18.848221441553587,19.06291389465332,98069832
2012-10-05 00:00:00-04:00,19.1289365721012,19.220026367911334,18.987462874862114,19.052988052368164,109326564
2012-10-08 00:00:00-04:00,18.88793399486709,18.951968495094267,18.71791814040868,18.80950355529785,78265656
2012-10-09 00:00:00-04:00,18.854923904718948,18.895875718121438,18.429511594039948,18.468229293823242,120007872
2012-10-10 00:00:00-04:00,18.412882591577524,18.553610948769258,18.324274727145053,18.479896545410156,81514404
2012-10-11 00:00:00-04:00,18.68689208087866,18.825883834283573,18.622112245786003,18.651647567749023,95260644
2012-10-12 00:00:00-04:00,18.660834098237174,18.7357894690167,18.46847897704558,18.48461151123047,96071832
2012-10-15 00:00:00-04:00,18.41486502473168,18.46177573324166,18.135890268485873,18.39103889465332,120643236
2012-10-16 00:00:00-04:00,18.369946467341926,18.54021016722494,18.27885666481132,18.48337173461914,82245672
2012-10-17 00:00:00-04:00,18.464756263491655,18.772275132516693,18.37317083694422,18.751178741455078,91624284
2012-10-18 00:00:00-04:00,18.752418233113566,18.848719694326096,16.778244899254155,17.249820709228516,497198304
2012-10-19 00:00:00-04:00,17.51241950730722,17.54021635000107,16.67896634609186,16.921953201293945,458828712
2012-10-22 00:00:00-04:00,16.90259234879984,16.992441182222233,16.62187906262032,16.844514846801758,162061776
2012-10-23 00:00:00-04:00,16.679212523856766,17.059454528794202,16.67896470937224,16.886211395263672,116547336
2012-10-24 00:00:00-04:00,17.046301429718785,17.05126528681042,16.760128636558978,16.81051254272461,99760140
2012-10-25 00:00:00-04:00,16.8775216631271,16.927160219802484,16.71644038494625,16.821924209594727,95947956
2012-10-26 00:00:00-04:00,16.79065477715534,16.95272924701028,16.659110676003294,16.75714874267578,77953968
2012-10-31 00:00:00-04:00,16.874048849027723,16.902343208470292,16.75342373504393,16.88496971130371,61418520
2012-11-01 00:00:00-04:00,16.86511625807526,17.148061777300455,16.84575645942612,17.065908432006836,81921996
2012-11-02 00:00:00-04:00,17.2446100891229,17.263474257699375,17.060446089581617,17.074098587036133,92883024
2012-11-05 00:00:00-05:00,16.989214661005985,17.047789686263968,16.767326094036758,16.950992584228516,65370564
2012-11-06 00:00:00-05:00,17.01353570887148,17.038852510411022,16.816714271273007,16.92021369934082,63248688
2012-11-07 00:00:00-05:00,16.753424652340772,16.833593584912148,16.542207256995802,16.557844161987305,89202708
2012-11-08 00:00:00-05:00,16.634290262720988,16.666307516283247,16.16345597670199,16.18976593017578,103776120
2012-11-09 00:00:00-05:00,16.24833735181146,16.588121207585097,16.140369710750623,16.456327438354492,124439436
2012-11-12 00:00:00-05:00,16.474199746187093,16.624362079938166,16.40271945614668,16.527563095092773,56179764
2012-11-13 00:00:00-05:00,16.45558771216979,16.56975830671141,16.337194812738325,16.357547760009766,63704232
2012-11-14 00:00:00-05:00,16.397506241485196,16.435232682232385,16.145335167377855,16.196216583251953,66669264
2012-11-15 00:00:00-05:00,16.132929462457476,16.38112989063562,15.981528033622917,16.064924240112305,73882044
2012-11-16 00:00:00-05:00,16.033399552283893,16.207883640612838,15.78544887765087,16.06293487548828,137390472
2012-11-19 00:00:00-05:00,16.274403439308795,16.602523109152983,16.270184917283828,16.58489990234375,94633272
2012-11-20 00:00:00-05:00,16.61716550820346,16.827885395410345,16.494554080984795,16.628582000732422,83464452
2012-11-21 00:00:00-05:00,16.60425842388643,16.62436355780069,16.391056607219255,16.526819229125977,84403512
2012-11-23 00:00:00-05:00,16.628577979233608,16.62932331427397,16.532524344692046,16.578937530517578,36863100
2012-11-26 00:00:00-05:00,16.540968074853332,16.554868388216036,16.356805948222156,16.409671783447266,88095816
2012-11-27 00:00:00-05:00,16.385346560961647,16.75342485624937,16.331487581112658,16.646947860717773,100247652
2012-11-28 00:00:00-05:00,16.57993175675257,16.999388940946286,16.477675187658104,16.968610763549805,121558320
2012-11-29 00:00:00-05:00,17.07062346611886,17.22252050544972,16.927163469672028,17.17263412475586,110948940
2012-11-30 00:00:00-05:00,17.158238033913108,17.354561966624864,17.018748745639083,17.333465576171875,126417456
2012-12-03 00:00:00-05:00,17.429518160196295,17.520110428894945,17.227730970866464,17.256027221679688,87612300
2012-12-04 00:00:00-05:00,17.24982268065763,17.26248202911828,17.01899955147775,17.151288986206055,79588332
2012-12-05 00:00:00-05:00,17.179087273913847,17.23741448266383,16.935355096384416,17.071617126464844,74421504
2012-12-06 00:00:00-05:00,17.065906014445403,17.264961566944404,16.989461872117207,17.15376853942871,58433508
2012-12-07 00:00:00-05:00,17.24981979065052,17.296482686072217,16.93758681225683,16.982013702392578,76695228
2012-12-10 00:00:00-05:00,17.011301478857742,17.166675472986263,16.97159062969971,17.012046813964844,54613332
2012-12-11 00:00:00-05:00,17.125722791830537,17.421575445912033,17.069134071712156,17.296483993530273,107396496
2012-12-12 00:00:00-05:00,17.354807639216755,17.46103680525677,17.212094888522692,17.313358306884766,96942960
2012-12-13 00:00:00-05:00,17.769054745523782,17.782705350653476,17.362752504704076,17.440935134887695,137658204
2012-12-14 00:00:00-05:00,17.35332500432241,17.568017525936206,17.334958352408616,17.42257308959961,85118796
2012-12-17 00:00:00-05:00,17.51043012925317,17.917973313528954,17.473696836988797,17.889678955078125,121294584
2012-12-18 00:00:00-05:00,17.785933954646396,18.096182570560913,17.747462172849286,17.89687728881836,120075804
2012-12-19 00:00:00-05:00,17.887940350726975,17.944778773427142,17.78791600138692,17.873048782348633,76667256
2012-12-20 00:00:00-05:00,17.951233305245648,17.985732487310923,17.795115851810273,17.928895950317383,66213720
2012-12-21 00:00:00-05:00,17.720654559136236,17.841029964092783,17.63502614769315,17.761856079101562,140898960
2012-12-24 00:00:00-05:00,17.734056785357048,17.750684946467207,17.55932489033293,17.609708786010742,33602364
2012-12-26 00:00:00-05:00,17.574216917167277,17.693601063570952,17.433736381964955,17.594072341918945,47248704
2012-12-27 00:00:00-05:00,17.551137133256095,17.593331809548495,17.339424091698593,17.530040740966797,65830104
2012-12-28 00:00:00-05:00,17.415869364404312,17.54542716161881,17.37417221069336,17.37417221069336,56023920
2012-12-31 00:00:00-05:00,17.373921818243264,17.636268449335628,17.27464279467598,17.557092666625977,79816104
2013-01-02 00:00:00-05:00,17.855924438859237,18.04405914025395,17.784691963081798,17.95098304748535,101550348
2013-01-03 00:00:00-05:00,17.992682425003363,18.16642118909812,17.8881898386888,17.961408615112305,92635272
2013-01-04 00:00:00-05:00,18.102136934290222,18.40320123617156,18.060935415619195,18.31633186340332,110429460
2013-01-07 00:00:00-05:00,18.253787437497383,18.35132797268966,18.132914507109778,18.236412048339844,66161772
2013-01-08 00:00:00-05:00,18.256019764820046,18.274883932667453,17.980272242713593,18.200424194335938,66976956
2013-01-09 00:00:00-05:00,18.174860324975413,18.325764215397317,18.083770528788886,18.320056915283203,80907012
2013-01-10 00:00:00-05:00,18.43695795318579,18.49081882657767,18.205389491762404,18.403451919555664,73354572
2013-01-11 00:00:00-05:00,18.416356697659126,18.4270278534424,18.27488301277913,18.36646842956543,51356592
2013-01-14 00:00:00-05:00,18.292257640305138,18.42132169268574,17.928645693243418,17.95098304748535,114441444
2013-01-15 00:00:00-05:00,17.85368974245474,18.242616588279628,17.674241795787996,17.9926815032959,156950892
2013-01-16 00:00:00-05:00,17.929886942873082,17.978038621728757,17.713210063163437,17.75093650817871,80855064
2013-01-17 00:00:00-05:00,17.81348180661975,17.861383778120796,17.64743664634391,17.654882431030273,88371540
2013-01-18 00:00:00-05:00,17.63105549543518,17.690871476395753,17.406930954756316,17.485858917236328,128942928
2013-01-22 00:00:00-05:00,17.489581064149935,17.506458931303296,17.26272679055307,17.445152282714844,151544304
2013-01-23 00:00:00-05:00,18.267188274067998,18.59009621282776,18.262224417672382,18.403945922851562,236127636
2013-01-24 00:00:00-05:00,18.39749137230993,18.7844337749696,18.37937254166707,18.719406127929688,135172692
2013-01-25 00:00:00-05:00,18.634027287716567,18.82538924662204,18.621120126190913,18.706005096435547,88946964
2013-01-28 00:00:00-05:00,18.658598368775486,18.75390667868695,18.56254472374225,18.633033752441406,65018916
2013-01-29 00:00:00-05:00,18.534250887988964,18.78741513035465,18.52903921712997,18.706253051757812,69814116
2013-01-30 00:00:00-05:00,18.70774398966495,18.886696329710347,18.687145118327773,18.709978103637695,69250680
2013-01-31 00:00:00-05:00,18.627577025828145,18.80404554646527,18.621122498386285,18.75614356994629,65302632
2013-02-01 00:00:00-05:00,18.818438325403225,19.275124440862296,18.815956397331604,19.250303268432617,149694156
2013-02-04 00:00:00-05:00,19.05397899312049,19.122979247458073,18.820176431520917,18.838790893554688,121498380
2013-02-05 00:00:00-05:00,18.891160606662545,19.138863473568794,18.849960976765484,19.00558090209961,74753172
2013-02-06 00:00:00-05:00,18.840037869936975,19.18478572739994,18.825889740668778,19.115537643432617,83040876
2013-02-07 00:00:00-05:00,19.103868652828634,19.329977609169497,18.999623884760435,19.209352493286133,113494392
2013-02-08 00:00:00-05:00,19.362740633243412,19.525061011616224,19.348592507123442,19.492795944213867,120683196
2013-02-11 00:00:00-05:00,19.319803899823814,19.433976402637665,19.204392324382745,19.419580459594727,86625288
2013-02-12 00:00:00-05:00,19.402948523787504,19.555590906398123,19.343877870182357,19.376888275146484,74285640
2013-02-13 00:00:00-05:00,19.362740724618792,19.492298515520133,19.358768126010403,19.430498123168945,47880072
2013-02-14 00:00:00-05:00,19.352811973661847,19.57643901776272,19.30416655569905,19.553606033325195,69342588
2013-02-15 00:00:00-05:00,19.54318132570989,19.68862573795381,19.534990205139998,19.679443359375,109082808
2013-02-19 00:00:00-05:00,19.75638387925871,20.029649482423125,19.738760674923213,20.02592658996582,117154728
2013-02-20 00:00:00-05:00,19.987455448647992,20.078543346756533,19.652139767162048,19.66876792907715,110457432
2013-02-21 00:00:00-05:00,19.80627316597006,19.99118061758054,19.6379938781684,19.744966506958008,140115744
2013-02-22 00:00:00-05:00,19.83754043112203,19.886931173672096,19.702023765448924,19.848709106445312,82073844
2013-02-25 00:00:00-05:00,19.913000049766204,20.06464929780583,19.619877082972863,19.626827239990234,92063844
2013-02-26 00:00:00-05:00,19.73181003919194,19.7553883552544,19.46871810364133,19.610937118530273,88011900
2013-02-27 00:00:00-05:00,19.726845946753595,19.97380345558828,19.635260534352525,19.850448608398438,80962956
2013-02-28 00:00:00-05:00,19.88321257563473,20.029400413693672,19.881474090901996,19.88569450378418,90541368
2013-03-01 00:00:00-05:00,19.801308332958858,20.033126490562406,19.760354624136237,20.009546279907227,86928984
2013-03-04 00:00:00-05:00,19.98745598179497,20.422797919423743,19.98001019714837,20.389537811279297,110912976
2013-03-05 00:00:00-05:00,20.57394985037999,20.852429009479746,20.57320451522147,20.8139591217041,161602236
2013-03-06 00:00:00-05:00,20.87427359375471,20.947988007713793,20.57097511067776,20.634761810302734,114805080
2013-03-07 00:00:00-05:00,20.701276746187773,20.76481562667219,20.590083705340042,20.665040969848633,82025892
2013-03-08 00:00:00-05:00,20.71219348583137,20.722618718076053,20.477645623316167,20.63823127746582,116359524
2013-03-11 00:00:00-04:00,20.642451551265204,20.84125929043555,20.637735509495435,20.720138549804688,63724212
2013-03-12 00:00:00-04:00,20.618130845444746,20.647416463724937,20.44339704340969,20.541187286376953,80251668
2013-03-13 00:00:00-04:00,20.548388377898714,20.617636456550226,20.409644406076115,20.48410415649414,65586348
2013-03-14 00:00:00-04:00,20.525798523218185,20.525798523218185,20.28752962433393,20.390531539916992,65981952
2013-03-15 00:00:00-04:00,20.315079293550955,20.359755895828137,20.18700838485098,20.21083641052246,123864012
2013-03-18 00:00:00-04:00,19.98000921457816,20.172610239716334,19.8923945044795,20.049257278442383,73458468
2013-03-19 00:00:00-04:00,20.13488503860803,20.333694679659786,20.015998405547098,20.136871337890625,83844072
2013-03-20 00:00:00-04:00,20.273628219985817,20.290506088106568,20.139850022523007,20.221010208129883,58493448
2013-03-21 00:00:00-04:00,20.13612894115515,20.275864157092595,20.10038879420582,20.13538360595703,59044896
2013-03-22 00:00:00-04:00,20.221757035817568,20.234166677494795,20.095174907282516,20.111804962158203,59468472
2013-03-25 00:00:00-04:00,20.163923402910555,20.33319390900418,20.025179474340764,20.095170974731445,68411520
2013-03-26 00:00:00-04:00,20.190980616105012,20.20339025770233,20.04925910397903,20.164175033569336,47628324
2013-03-27 00:00:00-04:00,20.021706867357107,20.029648280770797,19.888919927585636,19.921932220458984,86441472
2013-03-28 00:00:00-04:00,19.954942727623912,19.989194096290667,19.6896185277054,19.711708068847656,91420488
2013-04-01 00:00:00-04:00,19.73206074243596,19.911756518189073,19.68837728975422,19.885448455810547,72219708
2013-04-02 00:00:00-04:00,19.96859393086387,20.223990400605555,19.955189248292545,20.179561614990234,81578340
2013-04-03 00:00:00-04:00,20.18998945310022,20.208356102814236,19.872542844607114,20.009796142578125,69470460
2013-04-04 00:00:00-04:00,19.96139467786058,19.998625494362766,19.639977393664967,19.733549118041992,97806096
2013-04-05 00:00:00-04:00,19.509922553933816,19.53300524454927,19.270161083955582,19.43521499633789,137218644
2013-04-08 00:00:00-04:00,19.328488459827977,19.34834577875003,19.07160319517901,19.231691360473633,113170716
2013-04-09 00:00:00-04:00,19.2478222601069,19.4525870109406,19.188503798017965,19.301185607910156,86205708
2013-04-10 00:00:00-04:00,19.431983635976245,19.666035864651512,19.260229309865,19.6121768951416,79064856
2013-04-11 00:00:00-04:00,19.679193869499123,19.684653354938423,19.4602809886929,19.61739158630371,81066852
2013-04-12 00:00:00-04:00,19.657101331794504,19.659831074097823,19.432231479169563,19.608949661254883,65402532
2013-04-15 00:00:00-04:00,19.507191933124652,19.7814506818647,19.285549306977916,19.40741539001465,98025876
2013-04-16 00:00:00-04:00,19.523079251571687,19.756634029470142,19.45681062296887,19.691356658935547,69610320
2013-04-17 00:00:00-04:00,19.52704689611979,19.628560029924135,19.31235443090066,19.423051834106445,81398520
2013-04-18 00:00:00-04:00,19.492296603205574,19.503467171053742,18.89438652045631,19.00979995727539,132767100
2013-04-19 00:00:00-04:00,19.090463458930707,19.94128999059493,19.018487542892863,19.852684020996094,231895872
2013-04-22 00:00:00-04:00,19.87080251358631,19.954198710663444,19.23541372660053,19.858642578125,115220664
2013-04-23 00:00:00-04:00,19.88073176630757,20.240618935085454,19.864847046914434,20.05198860168457,91600308
2013-04-24 00:00:00-04:00,20.05719820122568,20.30266693715172,20.0544684587323,20.18973731994629,73090836
2013-04-25 00:00:00-04:00,20.259235399366442,20.264694884946817,20.045286369508776,20.081771850585938,79608312
2013-04-26 00:00:00-04:00,20.044544874394585,20.048019952698805,19.77102953868734,19.891157150268555,99408492
2013-04-29 00:00:00-04:00,19.93657377745943,20.41932014667339,19.93036895716466,20.328977584838867,91939968
2013-04-30 00:00:00-04:00,20.327488066702095,20.5419327217266,20.294725478660727,20.465736389160156,92175732
2013-05-01 00:00:00-04:00,20.43322301920643,20.469460687641774,20.26196428245971,20.36298179626465,58141800
2013-05-02 00:00:00-04:00,20.354791266577354,20.71343936022433,20.328729128024094,20.59082794189453,80651268
2013-05-03 00:00:00-04:00,20.77325654161781,21.017484373222928,20.74943040502199,20.990678787231445,100403496
2013-05-06 00:00:00-04:00,21.053717344367158,21.391019316360488,21.053717344367158,21.383573532104492,85566348
2013-05-07 00:00:00-04:00,21.419813837196873,21.44115804302039,21.113535928497374,21.27635383605957,78281640
2013-05-08 00:00:00-04:00,21.2706424446573,21.68960402077643,21.169129313888156,21.683399200439453,98633268
2013-05-09 00:00:00-04:00,21.61415068231826,21.833061657672815,21.54936895427394,21.630035400390625,87935976
2013-05-10 00:00:00-04:00,21.725097937868856,21.854905437206096,21.646915304194383,21.847211837768555,75832092
2013-05-13 00:00:00-04:00,21.81395289947339,21.90280858636375,21.677195236822715,21.78019905090332,57882060
2013-05-14 00:00:00-04:00,21.779452292772383,22.057186121607224,21.770517729280755,22.017723083496094,63108828
2013-05-15 00:00:00-04:00,22.226213303056827,22.74445209630026,22.189480003474415,22.732290267944336,159276564
2013-05-16 00:00:00-04:00,22.80947639291363,22.833801937748476,22.38778695350816,22.43395233154297,128255616
2013-05-17 00:00:00-04:00,22.586596791940604,22.672720843754963,22.35080791522356,22.56574821472168,111568320
2013-05-20 00:00:00-04:00,22.462001137037614,22.849191434970766,22.462001137037614,22.54961585998535,90817092
2013-05-21 00:00:00-04:00,22.536955022472203,22.627299482411367,22.278580990322382,22.510894775390625,79240680
2013-05-22 00:00:00-04:00,22.401439231594583,22.56897316740801,22.012262677168437,22.07530403137207,102321576
2013-05-23 00:00:00-04:00,21.76704352738382,22.088708634878326,21.69258378405381,21.910751342773438,90912996
2013-05-24 00:00:00-04:00,21.723856654566166,21.812216714104352,21.618372801777436,21.67570686340332,91780128
2013-05-28 00:00:00-04:00,21.928369832060397,22.142814470583183,21.85142817025167,21.873022079467773,90209700
2013-05-29 00:00:00-04:00,21.735023716128005,21.791612433385275,21.451580717481026,21.551355361938477,80455464
2013-05-30 00:00:00-04:00,21.59132068679911,21.81420241909641,21.504203478042065,21.61216926574707,84743172
2013-05-31 00:00:00-04:00,21.546641161843045,21.767040916301976,21.531747701592632,21.623580932617188,78697224
2013-06-03 00:00:00-04:00,21.667763608599802,21.691837556279665,21.221500795974464,21.53447914123535,98928972
2013-06-04 00:00:00-04:00,21.539941669379903,21.607948778081212,21.19792360988117,21.32276725769043,74669256
2013-06-05 00:00:00-04:00,21.407403541017107,21.57965354310941,21.27387313744027,21.33765983581543,84187728
2013-06-06 00:00:00-04:00,21.451829086545136,21.502212984866844,21.02790554166254,21.460268020629883,103060836
2013-06-07 00:00:00-04:00,21.60372600561357,21.841501153890327,21.47714577841999,21.83479881286621,106877016
2013-06-10 00:00:00-04:00,21.893623950216995,22.114519342869812,21.84373568015585,22.09516143798828,93418488
2013-06-11 00:00:00-04:00,21.940034083522402,22.015239152184893,21.829586393071907,21.83678436279297,70233696
2013-06-12 00:00:00-04:00,21.97701876987503,21.990421560779403,21.584616832983624,21.642446517944336,88103808
2013-06-13 00:00:00-04:00,21.56798470752217,21.833061051223936,21.481610964242392,21.767040252685547,82713204
2013-06-14 00:00:00-04:00,21.843984208939,21.958156693002774,21.69581006419719,21.718395233154297,89710200
2013-06-17 00:00:00-04:00,21.822391514563304,22.07555388783861,21.798813194639045,21.996627807617188,85766148
2013-06-18 00:00:00-04:00,22.05619313050197,22.362720734757772,22.048749237300132,22.353288650512695,86589324
2013-06-19 00:00:00-04:00,22.371900156482944,22.606945546091058,22.27584840873766,22.354774475097656,116519364
2013-06-20 00:00:00-04:00,22.18873245230163,22.36272092477008,21.92365607523157,21.959148406982422,134745120
2013-06-21 00:00:00-04:00,22.04849825093502,22.086722214671564,21.669499118859104,21.86458396911621,159132708
2013-06-24 00:00:00-04:00,21.63996548491381,21.750165373924776,21.42577052777895,21.588092803955078,120555324
2013-06-25 00:00:00-04:00,21.77349374380197,21.83355753912756,21.457040342735993,21.498987197875977,102025872
2013-06-26 00:00:00-04:00,21.686378946817964,21.79186279490897,21.607450975764703,21.683897018432617,73182744
2013-06-27 00:00:00-04:00,21.811719779080576,21.95790762879129,21.758356427900555,21.768781661987305,76982940
2013-06-28 00:00:00-04:00,21.71492250889383,21.887172511598546,21.697301194576173,21.85068702697754,93878028
2013-07-01 00:00:00-04:00,22.001592245537836,22.141327467284054,21.96560239088391,22.037084579467773,68923008
2013-07-02 00:00:00-04:00,22.094666361113283,22.11452178885778,21.773746578366037,21.89883804321289,75584340
2013-07-03 00:00:00-04:00,21.839020361595843,22.0691000312136,21.804271474021668,22.001094818115234,41838120
2013-07-05 00:00:00-04:00,22.089949174160715,22.22397518472814,22.023678666430218,22.176321029663086,68007924
2013-07-08 00:00:00-04:00,22.31829337201826,22.49352092662738,22.26542753905983,22.464235305786133,78701220
2013-07-09 00:00:00-04:00,22.610919017018198,22.659318510204326,22.28776325299606,22.46795654296875,79096824
2013-07-10 00:00:00-04:00,22.42352901370629,22.614393470957033,22.347332676191026,22.486572265625,68267664
2013-07-11 00:00:00-04:00,22.66055996413234,22.85440197212465,22.54936692635721,22.840255737304688,103264632
2013-07-12 00:00:00-04:00,22.834298422715058,22.90875816345215,22.716155230513298,22.90875816345215,102625272
2013-07-15 00:00:00-04:00,22.941024675259936,23.03285791988244,22.743955394004416,22.95070457458496,78341580
2013-07-16 00:00:00-04:00,23.011261411517975,23.032109986547667,22.682895881871925,22.824617385864258,79240680
2013-07-17 00:00:00-04:00,22.85911846326987,23.00456287160023,22.742464045839945,22.798309326171875,60183756
2013-07-18 00:00:00-04:00,22.809229383477675,22.8342983726315,22.417075254246104,22.602975845336914,145234620
2013-07-19 00:00:00-04:00,22.005562631304365,22.41111957569996,21.732544827501854,22.25351333618164,294077628
2013-07-22 00:00:00-04:00,22.38753833452705,22.65236687494499,22.263438145172522,22.603471755981445,116011872
2013-07-23 00:00:00-04:00,22.603475402873666,22.660561650524244,22.327230326883136,22.432218551635742,81746172
2013-07-24 00:00:00-04:00,22.5180913416837,22.59354233544363,22.355271558985518,22.409875869750977,83056860
2013-07-25 00:00:00-04:00,22.185755562413235,22.259717785445996,21.992407286498032,22.032615661621094,119923956
2013-07-26 00:00:00-04:00,22.014994852828877,22.089454598276426,21.89114246101473,21.97429084777832,71036892
2013-07-29 00:00:00-04:00,21.963121679958785,22.2093338959373,21.863592945935924,21.897844314575195,75600324
2013-07-30 00:00:00-04:00,21.97702068457432,22.228942099257218,21.863097897818694,22.112537384033203,70153776
2013-07-31 00:00:00-04:00,22.163914559807655,22.251279577401974,21.994891825099323,22.033857345581055,86853060
2013-08-01 00:00:00-04:00,22.213799701159257,22.450831424783242,22.213799701159257,22.44264030456543,85450464
2013-08-02 00:00:00-04:00,22.42328002189759,22.511640074086976,22.35825236568551,22.500967025756836,68487444
2013-08-05 00:00:00-04:00,22.471679791979305,22.474907055480802,22.318044267199703,22.461999893188477,52335612
2013-08-06 00:00:00-04:00,22.454306974365323,22.578902806549138,22.231920893351948,22.252769470214844,60183756
2013-08-07 00:00:00-04:00,22.214791989318304,22.29942914762144,22.06711347520167,22.1058349609375,55112832
2013-08-08 00:00:00-04:00,22.22596288324191,22.234649632233054,21.972798631502588,22.15572166442871,59460480
2013-08-09 00:00:00-04:00,22.103601219543723,22.226708278283443,22.089702798280285,22.09988021850586,52895052
2013-08-12 00:00:00-04:00,22.01275922181168,22.015241150098426,21.88245420333031,21.978260040283203,55024920
2013-08-13 00:00:00-04:00,22.011024224727386,22.052473565149718,21.747188796889212,21.872528076171875,56735208
2013-08-14 00:00:00-04:00,21.80104515522413,21.847210532518556,21.52281381908716,21.588586807250977,83204712
2013-08-15 00:00:00-04:00,21.455303007853765,21.467217019062236,21.29546268123264,21.3366641998291,74693232
2013-08-16 00:00:00-04:00,21.376876846869337,21.405666839385667,21.259229273140242,21.268413543701172,66936996
2013-08-19 00:00:00-04:00,21.28826514534142,21.64294061262872,21.281812510685963,21.485334396362305,72363564
2013-08-20 00:00:00-04:00,21.55234886030624,21.645672763282487,21.432964711908046,21.47962760925293,49270680
2013-08-21 00:00:00-04:00,21.609436095616918,21.76480820914347,21.50643228981997,21.57667350769043,70221708
2013-08-22 00:00:00-04:00,21.660317666656987,21.711199092289583,21.599510418802794,21.685386657714844,34761204
2013-08-23 00:00:00-04:00,21.787642402060282,21.791860923267574,21.587098065635434,21.598514556884766,43040916
2013-08-26 00:00:00-04:00,21.593307007595936,21.714923402959425,21.49526704265468,21.503705978393555,42057900
2013-08-27 00:00:00-04:00,21.335673318353287,21.43768208442205,21.0447845126565,21.100627899169922,69294636
2013-08-28 00:00:00-04:00,21.103111572977344,21.231180585198484,21.041557103425443,21.060916900634766,53142804
2013-08-29 00:00:00-04:00,21.07382207483738,21.354535349664843,21.06190995421289,21.231678009033203,59080860
2013-08-30 00:00:00-04:00,21.23986837059348,21.296457094648535,20.986705999325316,21.01996421813965,74389536
2013-09-03 00:00:00-04:00,21.20512283752374,21.498741418567313,21.194945417036962,21.354537963867188,81822096
2013-09-04 00:00:00-04:00,21.35379249571063,21.680175558520446,21.22522784016832,21.63376235961914,81566352
2013-09-05 00:00:00-04:00,21.68017151059725,21.838521170880096,21.633260799716513,21.83057975769043,51600348
2013-09-06 00:00:00-04:00,21.902062255116334,21.93532236488322,21.68612881469087,21.831079483032227,62401536
2013-09-09 00:00:00-04:00,21.934079396959508,22.083496400515305,21.901566514258825,22.041301727294922,49334616
2013-09-10 00:00:00-04:00,22.090196228990536,22.13933916089911,21.94077924243273,22.05668830871582,51452496
2013-09-11 00:00:00-04:00,22.05346632346459,22.262697429607833,21.99240747918242,22.243337631225586,64359576
2013-09-12 00:00:00-04:00,22.273369288404176,22.285780822622176,22.08995250213549,22.165651321411133,43776180
2013-09-13 00:00:00-04:00,22.20139121034615,22.230676828789726,21.96162975188776,22.066617965698242,52962984
2013-09-16 00:00:00-04:00,22.243586119606146,22.26344154758896,21.962377188972646,22.03410530090332,53406540
2013-09-17 00:00:00-04:00,22.025417687615267,22.049741342626078,21.866322672055745,21.993152618408203,50325624
2013-09-18 00:00:00-04:00,21.9991095038749,22.436435879241333,21.917699604385785,22.420303344726562,77310612
2013-09-19 00:00:00-04:00,22.486573452889232,22.486573452889232,22.223731165873588,22.297941207885742,63852084
2013-09-20 00:00:00-04:00,22.29793861285771,22.44040545686471,22.229188064972988,22.415088653564453,173638188
2013-09-23 00:00:00-04:00,22.24234224926152,22.37736141196014,21.9705635474011,22.002830505371094,71024904
2013-09-24 00:00:00-04:00,22.002831588523,22.092182898883745,21.876249462012325,22.01127052307129,59412528
2013-09-25 00:00:00-04:00,22.004069551209945,22.004069551209945,21.732292764755744,21.772748947143555,65894040
2013-09-26 00:00:00-04:00,21.79930691459506,21.909756502732105,21.717401392422452,21.79608154296875,50345604
2013-09-27 00:00:00-04:00,21.712934232604795,21.779950080611748,21.625818926993997,21.751903533935547,50301648
2013-09-30 00:00:00-04:00,21.57046998459882,21.86235195285325,21.551358000896986,21.739990234375,68827104
2013-10-01 00:00:00-04:00,21.847707676544097,22.031871677831344,21.842743819863998,22.015241622924805,67324608
2013-10-02 00:00:00-04:00,21.909261154238052,22.073817550042197,21.78739506266107,22.039813995361328,59752188
2013-10-03 00:00:00-04:00,22.040062114894457,22.191463535366957,21.645426028618264,21.744457244873047,84595320
2013-10-04 00:00:00-04:00,21.71739958597869,21.779697491880416,21.593301294801144,21.651628494262695,54265680
2013-10-07 00:00:00-04:00,21.53001229499974,21.692334562766508,21.44711362218662,21.48756980895996,51692256
2013-10-08 00:00:00-04:00,21.47714620497967,21.493526552730305,21.137360398042006,21.1879940032959,77670252
2013-10-09 00:00:00-04:00,21.25277485858335,21.41087671896596,20.922670825885383,21.24234962463379,105945948
2013-10-10 00:00:00-04:00,21.440416737553434,21.5642672466923,21.35032007956112,21.549623489379883,90121788
2013-10-11 00:00:00-04:00,21.494768143390896,21.679675582807125,21.476649310346794,21.6426944732666,56299644
2013-10-14 00:00:00-04:00,21.510405256747212,21.74842823346963,21.478883632405864,21.744953155517578,49694256
2013-10-15 00:00:00-04:00,21.73626555120494,21.98123678247858,21.692582101607105,21.891389846801758,63612324
2013-10-16 00:00:00-04:00,21.987195597717545,22.29645106473784,21.94103021612625,22.289005279541016,80223696
2013-10-17 00:00:00-04:00,22.16391237229782,22.260957279736626,21.983719085491273,22.059669494628906,170093736
2013-10-18 00:00:00-04:00,24.23860917872558,25.203608362810225,24.1745746644627,25.103086471557617,462193344
2013-10-21 00:00:00-04:00,25.10432317712421,25.291466614416798,24.808718343895485,24.90179443359375,144986868
2013-10-22 00:00:00-04:00,24.943988981353,25.142547032239452,24.715398084142418,24.993627548217773,88255656
2013-10-23 00:00:00-04:00,24.844712375849095,25.682384082134,24.835528105056333,25.599485397338867,106421472
2013-10-24 00:00:00-04:00,25.610901422153738,25.82683488024035,25.435424155948123,25.454038619995117,83600316
2013-10-25 00:00:00-04:00,25.535198524121565,25.535198524121565,25.086455667320585,25.19715118408203,81138780
2013-10-28 00:00:00-04:00,25.197150212053614,25.40141744561016,25.142298084768882,25.19218635559082,46301652
2013-10-29 00:00:00-04:00,25.293948019406546,25.73673575702175,25.154958142807956,25.719362258911133,64135800
2013-10-30 00:00:00-04:00,25.74889576127432,25.75088206046038,25.465204944667057,25.574907302856445,52911036
2013-10-31 00:00:00-04:00,25.537928507909296,25.85041123244233,25.414821456636865,25.578882217407227,65534400
2013-11-01 00:00:00-04:00,25.60891558511559,25.713406284172148,25.442868521599248,25.49102020263672,51280668
2013-11-04 00:00:00-05:00,25.601711845399706,25.62330575424703,25.366668342958075,25.467933654785156,45506448
2013-11-05 00:00:00-05:00,25.324975652308265,25.60543924365434,25.25225249997271,25.354015350341797,47208744
2013-11-06 00:00:00-05:00,25.45528121128061,25.49002821047368,25.201373492492873,25.38454246520996,36479484
2013-11-07 00:00:00-05:00,25.381067879657284,25.413830469261733,25.009512608025613,25.017208099365234,67116816
2013-11-08 00:00:00-05:00,25.037065424358705,25.279059134600782,25.03086060294587,25.217754364013672,51580368
2013-11-11 00:00:00-05:00,25.055927555654517,25.21527038331018,25.018448924000108,25.082731246948242,44459496
2013-11-12 00:00:00-05:00,25.01100122267049,25.255724637324988,24.943987270286282,25.112266540527344,48675276
2013-11-13 00:00:00-05:00,24.987425188236966,25.63522363428724,24.981220367237537,25.625791549682617,63112824
2013-11-14 00:00:00-05:00,25.661777282659163,25.80647633353063,25.57316942627319,25.694290161132812,46621332
2013-11-15 00:00:00-05:00,25.685358248883734,25.763045251737275,25.5721789152649,25.652843475341797,51000948
2013-11-18 00:00:00-05:00,25.7072034792824,26.029613949066032,25.545626522615382,25.60296058654785,70317612
2013-11-19 00:00:00-05:00,25.607177314165952,25.68238239374634,25.391989201538415,25.44535255432129,45218736
2013-11-20 00:00:00-05:00,25.5632425310784,25.64787779199596,25.325219574670474,25.37361717224121,38509452
2013-11-21 00:00:00-05:00,25.49002719815446,25.770740490428324,25.465207914002235,25.665504455566406,43628328
2013-11-22 00:00:00-05:00,25.64936723215091,25.71762214784023,25.545124358365268,25.611392974853516,50117832
2013-11-25 00:00:00-05:00,25.742197428435567,26.140060784205996,25.68908377993036,25.959867477416992,64455480
2013-11-26 00:00:00-05:00,26.02613462833699,26.34631093185182,25.885654087632513,26.269617080688477,91360548
2013-11-27 00:00:00-05:00,26.359466848313613,26.50764099335405,26.309082947550067,26.386272430419922,44899056
2013-11-29 00:00:00-05:00,26.36269491175999,26.473390429765065,26.29543124825417,26.298906326293945,47664288
2013-12-02 00:00:00-05:00,26.396201748062822,26.46668889383393,26.079748306309405,26.172077178955078,54873072
2013-12-03 00:00:00-05:00,26.084465863311305,26.394466687488723,26.03656388513418,26.141799926757812,66976956
2013-12-04 00:00:00-05:00,26.09488568366308,26.407864023190513,26.060882131752162,26.2639102935791,47616336
2013-12-05 00:00:00-05:00,26.23958218907255,26.300641022896052,26.08793487505244,26.243059158325195,45302652
2013-12-06 00:00:00-05:00,26.552067945446762,26.55727961613141,26.311065537623247,26.554052352905273,57094848
2013-12-09 00:00:00-05:00,26.581851934519825,26.862813015546617,26.508135640600727,26.759313583374023,59244696
2013-12-10 00:00:00-05:00,26.70992138927411,27.11101004295018,26.697509857292975,26.921138763427734,74081844
2013-12-11 00:00:00-05:00,26.989150405027395,27.086445034663946,26.68560409988447,26.738222122192383,68403528
2013-12-12 00:00:00-05:00,26.794808289651158,26.87845230374004,26.53246353847827,26.556289672851562,63796140
2013-12-13 00:00:00-05:00,26.6913122149184,26.71339986559843,26.25671555473701,26.328691482543945,86409504
2013-12-16 00:00:00-05:00,26.408364842898955,26.673689058342873,26.358972194703934,26.63124656677246,64015920
2013-12-17 00:00:00-05:00,26.627272895194363,26.8243421618701,26.51707300980028,26.55380630493164,61366572
2013-12-18 00:00:00-05:00,26.603199752435984,26.92834184777254,26.285257519878336,26.923377990722656,88323588
2013-12-19 00:00:00-05:00,26.824592882027368,27.103073966347825,26.78264791132112,26.959863662719727,66561372
2013-12-20 00:00:00-05:00,27.01148797136982,27.330918978280362,27.004040294184215,27.31726837158203,130333536
2013-12-23 00:00:00-05:00,27.49646533046778,27.69403022043695,27.42895574834335,27.67665672302246,68795136
2013-12-24 00:00:00-05:00,27.67342828543516,27.680130626324498,27.502916798446414,27.59574317932129,29338632
2013-12-26 00:00:00-05:00,27.649602985908352,27.77345347171882,27.517561380446757,27.735231399536133,53458488
2013-12-27 00:00:00-05:00,27.798276740811584,27.80522500518727,27.62304730190065,27.758563995361328,62725212
2013-12-30 00:00:00-05:00,27.806716637805227,27.810687344973548,27.52575552772727,27.53667449951172,49394556
2013-12-31 00:00:00-05:00,27.60567085261378,27.823093050379505,27.45724701252557,27.815895080566406,54261684
2014-01-02 00:00:00-05:00,27.68559138397428,27.742429810058674,27.506888769367073,27.627513885498047,72783144
2014-01-03 00:00:00-05:00,27.674178139603487,27.722080116378436,27.424243020991902,27.425979614257812,66601332
2014-01-06 00:00:00-05:00,27.624785493188835,27.769980192333747,27.461717883310516,27.73175811767578,70701228
2014-01-07 00:00:00-05:00,27.922375948278628,28.286981072782318,27.82706762618986,28.266380310058594,102001896
2014-01-08 00:00:00-05:00,28.44359203895862,28.476354626927172,28.12813176948302,28.3252010345459,89610300
2014-01-09 00:00:00-05:00,28.38005127367448,28.399411069445435,27.936272316306507,28.05242919921875,83296620
2014-01-10 00:00:00-05:00,28.271838750489675,28.271838750489675,27.854118130746,28.050941467285156,85654260
2014-01-13 00:00:00-05:00,27.958859742135772,28.466177612906723,27.728034736174827,27.87224006652832,96659244
2014-01-14 00:00:00-05:00,28.243790551184038,28.56769164003015,27.99906713373135,28.527978897094727,99204696
2014-01-15 00:00:00-05:00,28.617084513009857,28.66697278692995,28.38874142640008,28.508621215820312,77929992
2014-01-16 00:00:00-05:00,28.520534061288114,28.739692868872094,28.49323285016485,28.69725227355957,67288644
2014-01-17 00:00:00-05:00,28.712887353390823,28.806706891140415,28.3989177496034,28.556026458740234,107943948
2014-01-21 00:00:00-05:00,28.81415161489986,28.89034983732926,28.575137389291367,28.882904052734375,79116804
2014-01-22 00:00:00-05:00,28.95513152676595,28.98690096641948,28.762778295680427,28.915668487548828,62793144
2014-01-23 00:00:00-05:00,28.791072377697496,28.85287277152638,28.65133527244935,28.793554306030273,77886036
2014-01-24 00:00:00-05:00,28.567939314629413,28.63098256069171,27.87273458175133,27.893335342407227,155544300
2014-01-27 00:00:00-05:00,27.949676914459715,27.959604627453533,26.86182052248611,27.33240509033203,173969856
2014-01-28 00:00:00-05:00,27.558019282727127,27.94099103868417,27.548587198402828,27.872983932495117,88319592
2014-01-29 00:00:00-05:00,27.77643178923808,27.841707254173407,27.287480609100303,27.473628997802734,95100804
2014-01-30 00:00:00-05:00,28.41877256723818,28.60467315392471,27.97821895497129,28.180252075195312,203452344
2014-01-31 00:00:00-05:00,29.072778001011706,29.449792765708168,28.570919588129396,29.311546325683594,222429348
2014-02-03 00:00:00-05:00,29.267613244519072,29.330158971987423,28.096362539181502,28.131607055664062,182581236
2014-02-04 00:00:00-05:00,28.2447858580695,28.66697284930609,28.22046409486662,28.249006271362305,112363524
2014-02-05 00:00:00-05:00,28.378564144251296,28.56198280237472,27.997330887572723,28.374095916748047,95684220
2014-02-06 00:00:00-05:00,28.5709203068863,28.79504488114516,28.482064618630243,28.790081024169922,77786136
2014-02-07 00:00:00-05:00,28.980449785408084,29.235348758907193,28.804972523314866,29.22393226623535,105342552
2014-02-10 00:00:00-05:00,29.083943445838415,29.34703539651623,29.014945086603014,29.11199188232422,77730192
2014-02-11 00:00:00-05:00,29.291690012633072,29.582081304740356,29.094123219163713,29.540136337280273,81949968
2014-02-12 00:00:00-05:00,29.51084815607859,29.535667439016507,29.32172030163621,29.453514099121094,68911020
2014-02-13 00:00:00-05:00,29.306084796147964,29.781387329101562,29.27903139811103,29.781387329101562,73382544
2014-02-14 00:00:00-05:00,29.674906327837864,29.892826058766044,29.605162631041416,29.853361129760742,87380532
2014-02-18 00:00:00-05:00,29.81886385698503,30.10330003951815,29.783867153250217,30.05390739440918,84271644
2014-02-19 00:00:00-05:00,29.915412239829898,30.012706856707286,29.72181615574576,29.84194564819336,84059856
2014-02-20 00:00:00-05:00,29.861801768963126,29.954875974832426,29.78932832531241,29.88587760925293,67963968
2014-02-21 00:00:00-05:00,29.977711960756515,30.028841200596506,29.854357089086907,29.8779354095459,74417508
2014-02-24 00:00:00-05:00,29.91690251472729,30.28423738299532,29.910449879115866,30.0943660736084,66905028
2014-02-25 00:00:00-05:00,30.179494210084332,30.39195256221088,30.042488745794305,30.280263900756836,57490452
2014-02-26 00:00:00-05:00,30.379545370033334,30.500666125158915,30.12538984669736,30.28448486328125,79208712
2014-02-27 00:00:00-05:00,30.24030531642895,30.385254095498397,30.206053948121376,30.260658264160156,50349600
2014-02-28 00:00:00-05:00,30.28870122125383,30.384257344209686,29.938244273880304,30.17229652404785,92451456
2014-03-03 00:00:00-05:00,29.951401406427834,29.97845480283681,29.588780715270545,29.850631713867188,84107808
2014-03-04 00:00:00-05:00,30.156164777879397,30.18098406092571,30.019656829411026,30.1539306640625,58649292
2014-03-05 00:00:00-05:00,30.15740439726715,30.35670966306812,30.067059940950788,30.237075805664062,49362588
2014-03-06 00:00:00-05:00,30.33685463660486,30.432908291705967,30.2455170237711,30.270586013793945,50673276
2014-03-07 00:00:00-05:00,30.44903622017309,30.45375226172705,30.067802998237205,30.150949478149414,60543396
2014-03-10 00:00:00-04:00,30.173291971427865,30.221691467503785,29.885380706828656,30.071035385131836,48535416
2014-03-11 00:00:00-04:00,30.12563504933814,30.139285654445526,29.70047053319475,29.78361701965332,68451480
2014-03-12 00:00:00-04:00,29.694517686998587,29.97870607271791,29.3914670226494,29.965055465698242,78493428
2014-03-13 00:00:00-04:00,29.981184711041866,30.044475773810227,29.405611923347188,29.51233673095703,93730176
2014-03-14 00:00:00-04:00,29.336857991598812,29.55725964318506,29.102062291768057,29.108762741088867,91664244
2014-03-17 00:00:00-04:00,29.268856072823738,29.711146312559865,29.2405598186708,29.587791442871094,86397516
2014-03-18 00:00:00-04:00,29.65157559796232,30.070039667263472,29.61161504030003,30.063337326049805,72527400
2014-03-19 00:00:00-04:00,30.07674265133598,30.08145869368815,29.64512546114117,29.7652530670166,64451484
2014-03-20 00:00:00-04:00,29.782626996026934,30.02238847395373,29.66870420957161,29.713380813598633,67320612
2014-03-21 00:00:00-04:00,29.94048372090829,30.02288488301083,29.348280819157537,29.362924575805664,128211660
2014-03-24 00:00:00-04:00,29.391463698326827,29.409085010689118,28.442351249618213,28.73969268798828,121362516
2014-03-25 00:00:00-04:00,28.939989165287184,29.0352974806741,28.468413336593837,28.759302139282227,96311592
2014-03-26 00:00:00-04:00,28.84095995211805,29.078239499060746,28.083706939376704,28.09537124633789,103096800
2014-03-27 00:00:00-04:00,28.0675695127916,28.094622908189276,27.353998138442744,27.65630531311035,152735112
2014-03-28 00:00:00-04:00,27.773455977516086,28.12565145372807,27.742927501567753,27.802000045776367,90265644
2014-03-31 00:00:00-04:00,28.05640031606276,28.17057090148872,27.62081057998747,27.662012100219727,77614308
2014-04-01 00:00:00-04:00,27.804978147585064,28.23262463373183,27.74863723687916,28.1678466796875,87152760
2014-04-02 00:00:00-04:00,28.341832469006302,28.41381028356368,27.897555939792426,28.173057556152344,83360556
2014-04-03 00:00:00-04:00,28.434489952841982,29.173879480171063,28.06851524409649,28.34076499938965,80366000
2014-04-04 00:00:00-04:00,28.690375016760676,28.748395767589045,27.001335741024032,27.039024353027344,107274000
2014-04-07 00:00:00-04:00,27.016210693453722,27.267137043127782,26.309055992891263,26.80991554260254,79232000
2014-04-08 00:00:00-04:00,27.029105136896206,27.764525836225953,27.011748664335183,27.646997451782227,69650000
2014-04-09 00:00:00-04:00,28.06008312416336,28.15727936958271,27.541369576426455,28.119590759277344,60632000
2014-04-10 00:00:00-04:00,28.167199741675528,28.17761362589624,27.0514215679072,27.11043357849121,65890000
2014-04-11 00:00:00-04:00,26.676520015220774,27.155064955150344,26.45138148466629,26.66759490966797,63494000
2014-04-14 00:00:00-04:00,26.96017631645483,27.42433854795398,26.80446179234138,27.036544799804688,50824000
2014-04-15 00:00:00-04:00,27.324166807458184,27.417893656616627,26.31451188946098,27.21010971069336,79956000
2014-04-16 00:00:00-04:00,27.65642030439549,27.968838704772022,27.428306122659958,27.963878631591797,91644000
2014-04-17 00:00:00-04:00,27.58798362521112,27.621705310166238,26.748917883122484,26.944303512573242,112294000
2014-04-21 00:00:00-04:00,26.977033743062833,26.977033743062833,26.48113240140148,26.7474308013916,48502000
2014-04-22 00:00:00-04:00,26.580311642899066,27.17539364212799,26.580311642899066,27.05141830444336,46622000
2014-04-23 00:00:00-04:00,26.960671051186797,27.016707393489355,26.190039870426613,26.655195236206055,39114000
2014-04-24 00:00:00-04:00,26.862480307314815,26.902648953349402,26.332361628989286,26.502952575683594,41348000
2014-04-25 00:00:00-04:00,26.394845244708584,26.474189382415723,25.910844680495593,25.94059944152832,47400000
2014-04-28 00:00:00-04:00,26.074495351225767,26.07945353264948,25.340559647416576,25.934650421142578,75056000
2014-04-29 00:00:00-04:00,25.979776735684656,26.667592447588508,25.935641165861092,26.596677780151367,50704000
2014-04-30 00:00:00-04:00,26.536675306320323,26.597174200518037,26.237646454736083,26.52477264404297,40770000
2014-05-01 00:00:00-04:00,26.493533521092683,26.774214668780598,26.42460325258572,26.705780029296875,40086000
2014-05-02 00:00:00-04:00,26.850084907063604,26.897691772642887,26.444932812378486,26.474687576293945,35616000
2014-05-05 00:00:00-04:00,26.294673492869496,26.56642761126412,26.16276430296551,26.547088623046875,24568000
2014-05-06 00:00:00-04:00,26.451874992501995,26.508408853895983,25.898946019878665,25.914318084716797,36700000
2014-05-07 00:00:00-04:00,25.948037785610754,26.00655415839487,25.345021957748134,25.68768882751465,61486000
2014-05-08 00:00:00-04:00,25.574625472892016,26.15135978115987,25.51214217093092,25.79530143737793,49040000
2014-05-09 00:00:00-04:00,25.719928009062958,26.151361715259636,25.5032189520802,26.11515998840332,45224000
2014-05-12 00:00:00-04:00,26.37401601987242,26.71668478529247,26.159291404789787,26.700815200805664,38968000
2014-05-13 00:00:00-04:00,26.75784526258338,26.97653680555984,26.674534198592347,26.85504150390625,40240000
2014-05-14 00:00:00-04:00,26.868928344189378,26.868928344189378,26.43699904161931,26.501466751098633,25618000
2014-05-15 00:00:00-04:00,26.438486406308606,26.481135091319185,26.05019514720072,26.239133834838867,36658000
2014-05-16 00:00:00-04:00,26.262934975289845,26.324427014940426,25.963906144191405,26.198469161987305,38154000
2014-05-19 00:00:00-04:00,26.22723219489297,26.74644137402414,26.067552648100254,26.720653533935547,39530000
2014-05-20 00:00:00-04:00,26.778676620076237,27.093573188717514,26.60858317494867,26.798017501831055,48506000
2014-05-21 00:00:00-04:00,26.922483901681385,27.26217510508781,26.883306515830082,27.25969696044922,31294000
2014-05-22 00:00:00-04:00,27.383675328172444,27.669314634404437,27.32416579941026,27.544841766357422,42994000
2014-05-23 00:00:00-04:00,27.677742784938552,28.018427159344938,27.481365889541436,27.958919525146484,53450000
2014-05-27 00:00:00-04:00,28.15628728284804,28.50788116455078,27.97627560419169,28.50788116455078,43716000
2014-05-28 00:00:00-04:00,28.493005108092053,28.646237691673583,28.263897784443962,28.288692474365234,31632000
2014-05-29 00:00:00-04:00,28.43448804357719,28.43895059580947,28.189513032331806,28.294147491455078,28222000
2014-05-30 00:00:00-04:00,28.347706122754808,28.394319836723977,28.05760238890707,28.348201751708984,37434000
2014-06-02 00:00:00-04:00,28.253983464882715,28.286713897839277,27.60683194173084,27.985700607299805,33210000
2014-06-03 00:00:00-04:00,27.81510710162253,27.889493061622144,27.40003677424054,27.498226165771484,40626000
2014-06-04 00:00:00-04:00,27.34995524864875,27.700062285772496,27.2031677174687,27.461036682128906,34582000
2014-06-05 00:00:00-04:00,27.62715803495775,28.01842490742811,27.525003617941657,28.01495361328125,35868000
2014-06-06 00:00:00-04:00,28.175131389774464,28.206868666832033,27.749647193804464,28.069503784179688,34804000
2014-06-09 00:00:00-04:00,28.105211726584987,28.36556072067828,28.029338872218123,28.302581787109375,30594000
2014-06-10 00:00:00-04:00,28.205878949741486,28.365560395752205,28.074465381705654,28.182077407836914,29676000
2014-06-11 00:00:00-04:00,28.06404786155698,28.215297919963326,27.95296644687328,28.14240074157715,22580000
2014-06-12 00:00:00-04:00,28.117607786614247,28.117607786614247,27.629144639193207,27.745681762695312,30930000
2014-06-13 00:00:00-04:00,27.774444618148646,27.802710603754196,27.45905244052087,27.78783416748047,27066000
2014-06-16 00:00:00-04:00,27.63410438805856,27.67080174191639,27.274576634561186,27.388633728027344,39436000
2014-06-17 00:00:00-04:00,27.391607470194874,27.46004209981176,27.149112492825086,27.305320739746094,29552000
2014-06-18 00:00:00-04:00,27.41342925412438,27.83990476807113,27.3529303567861,27.80320930480957,41212000
2014-06-19 00:00:00-04:00,27.82750352935882,28.018424706063936,27.605338813843087,28.017929077148438,52548000
2014-06-20 00:00:00-04:00,28.090332111456092,28.10619980444552,27.73923386593249,28.09380340576172,63212000
2014-06-23 00:00:00-04:00,27.986194549091568,28.486558472406276,27.944041494860723,28.4791202545166,34456000
2014-06-24 00:00:00-04:00,28.475650778848294,28.873858409571252,28.22472441186074,28.3923397064209,56886000
2014-06-25 00:00:00-04:00,28.442425274154747,29.124289716035936,28.42804446614033,29.056350708007812,42294000
2014-06-26 00:00:00-04:00,29.223467955513314,29.238344391300632,28.74244302011149,28.998825073242188,40248000
2014-06-27 00:00:00-04:00,29.032546189996438,29.153050243815237,28.89220751812941,29.044448852539062,40426000
2014-06-30 00:00:00-04:00,29.097507261059505,29.144618495142275,28.9254294303052,28.993864059448242,29578000
2014-07-01 00:00:00-04:00,29.14164193505935,29.43967950294536,29.074200457597072,29.332067489624023,32864000
2014-07-02 00:00:00-04:00,29.37025635519992,29.463981308560818,29.214046207884763,29.29686164855957,23916000
2014-07-03 00:00:00-04:00,29.342484554988346,29.46893994005212,29.208592843407516,29.410919189453125,17978000
2014-07-07 00:00:00-04:00,29.43224537873588,29.538366736589406,29.156026795774228,29.29587173461914,26734000
2014-07-08 00:00:00-04:00,29.07816761734616,29.157511756703084,28.464737897069885,28.682933807373047,42504000
2014-07-09 00:00:00-04:00,28.710213906883396,28.965602844128636,28.613513278056825,28.928905487060547,27456000
2014-07-10 00:00:00-04:00,28.415149301037637,29.022629639508096,28.37051810021823,28.764265060424805,28724000
2014-07-11 00:00:00-04:00,28.811870770893147,29.170409165269177,28.791043002759807,29.092056274414062,30232000
2014-07-14 00:00:00-04:00,29.28793806056393,29.499191411231383,29.094039291926368,29.469436645507812,39032000
2014-07-15 00:00:00-04:00,29.51357057584984,29.521008793938115,29.025603038751452,29.409927368164062,33476000
2014-07-16 00:00:00-04:00,29.59985476723753,29.60531046894741,29.270577441743068,29.288925170898438,28816000
2014-07-17 00:00:00-04:00,29.207105059278476,29.23338853018822,28.60607354851832,28.802946090698242,58706000
2014-07-18 00:00:00-04:00,29.90334752649718,30.08633487270341,29.30380295849071,30.007488250732422,97432000
2014-07-21 00:00:00-04:00,29.821027157103543,29.96037645184753,29.478855903095464,29.676721572875977,44758000
2014-07-22 00:00:00-04:00,29.739205559771634,30.1949382800524,29.717384643543838,29.93111801147461,37632000
2014-07-23 00:00:00-04:00,29.855744811639255,30.10369551260775,29.82102997312704,30.011457443237305,22120000
2014-07-24 00:00:00-04:00,30.02831933462363,30.195932743090804,29.80367453887746,29.903350830078125,27100000
2014-07-25 00:00:00-04:00,29.7168914492065,29.803673817126935,29.543326713365637,29.658870697021484,27200000
2014-07-28 00:00:00-04:00,29.642509267029144,29.808635795049852,29.386622807923064,29.705488204956055,27162000
2014-07-29 00:00:00-04:00,29.640026437594784,29.679201936292646,29.365792271568694,29.454063415527344,27332000
2014-07-30 00:00:00-04:00,29.5463018171636,29.67721975591195,29.392076073841675,29.527952194213867,24302000
2014-07-31 00:00:00-04:00,29.206605746540667,29.356864551135928,28.647229843214344,28.73996353149414,46190000
2014-08-01 00:00:00-04:00,28.690373064494167,28.932372414544947,28.281254062601416,28.444902420043945,44266000
2014-08-04 00:00:00-04:00,28.589210027782713,28.951713425549933,28.378452326369842,28.874849319458008,30388000
2014-08-05 00:00:00-04:00,28.73153518382445,28.772199461843147,28.28175187236579,28.42209243774414,32876000
2014-08-06 00:00:00-04:00,28.24158530205179,28.694838019465003,28.139924606331913,28.48904037475586,26456000
2014-08-07 00:00:00-04:00,28.566400319978218,28.67847490056893,28.238114209063685,28.356138229370117,23260000
2014-08-08 00:00:00-04:00,28.366548788371837,28.740459207463918,28.217778762070424,28.66012191772461,29866000
2014-08-11 00:00:00-04:00,28.71269024421877,28.746907560014517,28.52920537423355,28.625905990600586,24068000
2014-08-12 00:00:00-04:00,28.51433016799883,28.558961369147724,28.261916918285014,28.371511459350586,27890000
2014-08-13 00:00:00-04:00,28.5862364132808,29.066268226648177,28.52424873831707,28.988412857055664,37988000
2014-08-14 00:00:00-04:00,29.09403540134934,29.149080480963143,28.807900491488013,28.99287223815918,25458000
2014-08-15 00:00:00-04:00,29.134207889079885,29.23189977087218,28.799970444084114,28.946260452270508,34468000
2014-08-18 00:00:00-04:00,29.114371024578098,29.5086136251229,29.08709629597439,29.39207649230957,29320000
2014-08-19 00:00:00-04:00,29.53538823836638,29.645478401106047,29.47836064117843,29.61076545715332,20864000
2014-08-20 00:00:00-04:00,29.602834854694297,29.604819262443456,29.406953568514805,29.526466369628906,19346000
2014-08-21 00:00:00-04:00,29.501169340142216,29.518525810074163,29.31272631537155,29.378185272216797,22640000
2014-08-22 00:00:00-04:00,29.4203417551029,29.505637233515774,29.248263911319523,29.38414192199707,17544000
2014-08-25 00:00:00-04:00,29.494727089167792,29.5348938450143,29.221484186705528,29.286447525024414,25912000
2014-08-26 00:00:00-04:00,29.357361296947136,29.359841333461283,29.131725266999528,29.16495132446289,29434000
2014-08-27 00:00:00-04:00,29.14957886682371,29.226940497991112,28.806911958123525,28.91105079650879,27292000
2014-08-28 00:00:00-04:00,28.763272230224167,28.995850862737655,28.657148983389185,28.77815055847168,28116000
2014-08-29 00:00:00-04:00,28.87881688629037,28.906091613262365,28.67500176916663,28.87931251525879,24122000
2014-09-02 00:00:00-04:00,28.908570386631137,29.223468826076644,28.881297550779795,29.190242767333984,31660000
2014-09-03 00:00:00-04:00,29.343971441221726,29.48084070132436,29.084615619277187,29.234376907348633,31580000
2014-09-04 00:00:00-04:00,29.36380964199621,29.65490275925449,29.287936789821142,29.413894653320312,32616000
2014-09-05 00:00:00-04:00,29.512579811358957,29.679697581791725,29.434226922205955,29.643993377685547,35982000
2014-09-08 00:00:00-04:00,29.71143733131901,29.928642009231634,29.655894724710414,29.834915161132812,31984000
2014-09-09 00:00:00-04:00,29.767474092791158,29.78383930843475,29.28198656793212,29.35587501525879,31424000
2014-09-10 00:00:00-04:00,29.34446717815858,29.44265657128896,29.11635300495715,29.427778244018555,23202000
2014-09-11 00:00:00-04:00,29.25818351977988,29.35488414448273,29.061806604607575,29.313228607177734,30028000
2014-09-12 00:00:00-04:00,29.27752165732674,29.33157358992711,28.92493461859367,29.005271911621094,37030000
2014-09-15 00:00:00-04:00,28.87336172857621,28.95667279796817,28.61400589468186,28.843608856201172,30908000
2014-09-16 00:00:00-04:00,28.80939017650685,29.26561852066552,28.80939017650685,29.19767951965332,31592000
2014-09-17 00:00:00-04:00,29.233879611484205,29.55919000844273,29.11535997975325,29.421329498291016,34390000
2014-09-18 00:00:00-04:00,29.508609869067882,29.633080833434292,29.4079404438616,29.61870002746582,29890000
2014-09-19 00:00:00-04:00,29.728790255170257,30.021867752075195,29.64299915638092,30.021867752075195,83832000
2014-09-22 00:00:00-04:00,29.878055838973754,29.942523543077876,29.412900516638416,29.61870002746582,35644000
2014-09-23 00:00:00-04:00,29.506134307826155,29.587958495632275,29.270084370742065,29.316699981689453,28074000
2014-09-24 00:00:00-04:00,29.33604417537614,29.759544078655228,29.273063341414304,29.675735473632812,35160000
2014-09-25 00:00:00-04:00,29.60481494799977,29.658371248856803,28.997334667355638,29.022626876831055,33420000
2014-09-26 00:00:00-04:00,29.056349428153275,29.236858639032075,29.010231340394668,29.154043197631836,25782000
2014-09-29 00:00:00-04:00,28.85303116952218,29.2239659702676,28.8401391402537,29.149580001831055,22874000
2014-09-30 00:00:00-04:00,29.13371217997261,29.30777254561991,28.98543776446375,29.17933464050293,31430000
2014-10-01 00:00:00-04:00,29.099493549442336,29.194707281658815,28.664091057029133,28.743932723999023,28954000
2014-10-02 00:00:00-04:00,28.663099052611475,28.922952401804373,28.467217782781844,28.805919647216797,30726000
2014-10-03 00:00:00-04:00,28.965599070607087,29.17338110991495,28.935844307262222,29.07221794128418,24290000
2014-10-06 00:00:00-04:00,29.255702403966314,29.3771996083384,29.03006825188646,29.14809226989746,25722000
2014-10-07 00:00:00-04:00,29.005270403741036,29.052379744992233,28.469696044921875,28.469696044921875,30914000
2014-10-08 00:00:00-04:00,28.503916210512287,28.9948594218823,28.14934663888775,28.9477481842041,44158000
2014-10-09 00:00:00-04:00,28.842121612366658,28.887744073026166,28.21827792497144,28.306549072265625,48234000
2014-10-10 00:00:00-04:00,28.14091722667772,28.525735301043337,27.523023000035742,27.531949996948242,59574000
2014-10-13 00:00:00-04:00,27.52897354461477,27.814117216400895,26.99835921945719,27.01422691345215,55116000
2014-10-14 00:00:00-04:00,27.281519730426353,27.702539536925062,27.001831747990035,27.209613800048828,52198000
2014-10-15 00:00:00-04:00,26.88182049901216,26.97306540921529,26.20441869427425,26.81487464904785,76720000
2014-10-16 00:00:00-04:00,26.1340001990181,26.827765289890607,26.0323395193972,26.625934600830078,76100000
2014-10-17 00:00:00-04:00,26.800984820325674,26.949756723528967,25.708019067639505,25.93415069580078,119930000
2014-10-20 00:00:00-04:00,25.809184291742906,26.43947674020536,25.744222850745384,26.400794982910156,54964000
2014-10-21 00:00:00-04:00,26.643293978982797,26.717678050802483,26.292691340830846,26.68098258972168,49190000
2014-10-22 00:00:00-04:00,26.830746482274126,27.312267100858687,26.790082202048882,26.91207504272461,59474000
2014-10-23 00:00:00-04:00,27.18928134373698,27.641544688831292,27.051420815967177,27.455581665039062,43026000
2014-10-24 00:00:00-04:00,27.52153489800793,27.522526155938767,27.03455863063362,27.22002601623535,43508000
2014-10-27 00:00:00-04:00,27.163493263006938,27.47293598272504,27.135722908035845,27.26862335205078,31934000
2014-10-28 00:00:00-04:00,27.359374299703347,27.73080279436451,27.295897851928483,27.717910766601562,34774000
2014-10-29 00:00:00-04:00,27.81262640815117,28.01693903299254,27.571122695902105,27.69361114501953,41066000
2014-10-30 00:00:00-04:00,27.68369306937136,27.894450763463716,27.380201687204202,27.783864974975586,32250000
2014-10-31 00:00:00-04:00,28.182076630843113,28.20340002719913,28.009005639961654,28.160751342773438,46810000
2014-11-03 00:00:00-05:00,27.9455310226131,28.125047081560464,27.85130854891505,27.95743179321289,30834000
2014-11-04 00:00:00-05:00,27.828003113851935,28.00801480486336,27.686175663609184,27.978260040283203,27726000
2014-11-05 00:00:00-05:00,28.107194202607097,28.11264801292191,27.48037490055596,27.569637298583984,32906000
2014-11-06 00:00:00-05:00,27.547321865777153,27.6117895762263,27.303338094094332,27.358383178710938,33014000
2014-11-07 00:00:00-05:00,27.55227989595601,27.55227989595601,27.24234154985563,27.36482810974121,31782000
2014-11-10 00:00:00-05:00,27.3935924295376,27.801718287274266,27.3549106699568,27.682703018188477,26090000
2014-11-11 00:00:00-05:00,27.69708487192117,27.894453033839273,27.584019037816113,27.834449768066406,21966000
2014-11-12 00:00:00-05:00,27.827504776029947,27.83246295712048,27.54731930572042,27.683692932128906,21882000
2014-11-13 00:00:00-05:00,27.810645959680972,27.811141588654785,27.477399793056545,27.593936920166016,30220000
2014-11-14 00:00:00-05:00,27.671297410927586,27.671297410927586,27.399047651517506,27.531949996948242,28502000
2014-11-17 00:00:00-05:00,27.531947545087686,27.531947545087686,26.998853215591307,27.107952117919922,33612000
2014-11-18 00:00:00-05:00,27.17192477327861,27.412932881518273,26.96711839003057,27.00232696533203,36440000
2014-11-19 00:00:00-05:00,27.01422591837934,27.186303751401503,26.738504882379964,27.135723114013672,30346000
2014-11-20 00:00:00-05:00,26.882318225797246,27.04546907156128,26.85306098212415,26.965133666992188,35016000
2014-11-21 00:00:00-05:00,27.326151559788197,27.326151559788197,27.02662706036032,27.070762634277344,50120000
2014-11-24 00:00:00-05:00,27.10448178435733,27.333587217312125,26.984473365884703,27.149608612060547,33076000
2014-11-25 00:00:00-05:00,27.13621915739558,27.39855064876524,27.121342721667677,27.236391067504883,38072000
2014-11-26 00:00:00-05:00,27.23639234372605,27.268625253218044,27.038031030062584,27.162006378173828,29604000
2014-11-28 00:00:00-05:00,27.125806734036228,27.25474026461603,27.00084012708314,27.228954315185547,24202000
2014-12-01 00:00:00-05:00,27.03108985007418,27.214574736878472,26.710241950243105,26.761320114135742,39888000
2014-12-02 00:00:00-05:00,26.751402289406148,26.870419464067734,26.513865460816287,26.708755493164062,41480000
2014-12-03 00:00:00-05:00,26.65469953104307,26.848596398132123,26.541138068105035,26.628416061401367,32476000
2014-12-04 00:00:00-05:00,26.661643081731963,26.91207382068864,26.52526943880661,26.906618118286133,32598000
2014-12-05 00:00:00-05:00,26.61502587063573,26.689411833522012,26.1468967435891,26.187559127807617,61402000
2014-12-08 00:00:00-05:00,26.244091952364183,26.472206121689236,26.13400179100183,26.318973541259766,64566000
2014-12-09 00:00:00-05:00,26.07846124672397,26.61254684305957,25.955972794022582,26.58576774597168,43322000
2014-12-10 00:00:00-05:00,26.57535553661522,26.7469377503086,26.15830266482095,26.185577392578125,46222000
2014-12-11 00:00:00-05:00,26.283268468259198,26.631886695532998,26.241117305452736,26.387407302856445,41426000
2014-12-12 00:00:00-05:00,26.155818383723094,26.3938507850293,25.859269612823194,25.86174964904785,47314000
2014-12-15 00:00:00-05:00,25.973333608263815,26.05317339221053,25.55876072989653,25.58057975769043,52352000
2014-12-16 00:00:00-05:00,25.469494153871885,25.567681654600698,24.65572059714176,24.70382308959961,86998000
2014-12-17 00:00:00-05:00,24.788126181389686,25.244852059424367,24.750933199891396,25.114925384521484,72788000
2014-12-18 00:00:00-05:00,25.588017685901576,25.60091160750323,25.12038223875196,25.52008056640625,77534000
2014-12-19 00:00:00-05:00,25.63760643212387,25.827040746638414,25.234438741091573,25.788856506347656,97442000
2014-12-22 00:00:00-05:00,25.817121541230527,26.430055662658674,25.816128391593942,26.39682960510254,66390000
2014-12-23 00:00:00-05:00,26.506422840950115,26.892729654938925,26.46724734606302,26.717676162719727,57544000
2014-12-24 00:00:00-05:00,26.720157368319203,26.793054551260504,26.53568124308059,26.626432418823242,14754000
2014-12-26 00:00:00-05:00,26.62643493061756,26.939844608134162,26.555024627816447,26.854053497314453,22270000
2014-12-29 00:00:00-05:00,26.803469687418925,26.973565013946356,26.637838805157305,26.64527702331543,44300000
2014-12-30 00:00:00-05:00,26.528739484075572,26.671560080672446,26.46179362997392,26.54460906982422,20972000
2014-12-31 00:00:00-05:00,26.666602389755372,26.699332822125402,26.292693804590023,26.315505981445312,24648000
2015-01-02 00:00:00-05:00,26.411706170235586,26.570396349230737,26.17764066273826,26.26045799255371,26480000
2015-01-05 00:00:00-05:00,26.14144236480419,26.183097900780766,25.675295730032687,25.760093688964844,41182000
2015-01-06 00:00:00-05:00,25.81166587947732,25.846874452934344,25.070293862462776,25.124347686767578,54456000
2015-01-07 00:00:00-05:00,25.33808262798601,25.364859835605216,24.976074833139705,25.050458908081055,46918000
2015-01-08 00:00:00-05:00,24.86995196750364,25.16699642626597,24.54811092499961,25.137739181518555,73054000
2015-01-09 00:00:00-05:00,25.200719778572132,25.2215475482558,24.728126144995183,24.83077621459961,42000000
2015-01-12 00:00:00-05:00,24.75737867048454,24.808952455825327,24.344292758819414,24.649272918701172,57138000
2015-01-13 00:00:00-05:00,24.922514988303167,25.22154383043746,24.659192240158898,24.88433074951172,60958000
2015-01-14 00:00:00-05:00,24.81589324545459,25.20468006893882,24.7038205785714,25.089134216308594,52800000
2015-01-15 00:00:00-05:00,25.235924445335655,25.278571236159127,24.894744443607163,24.993925094604492,51068000
2015-01-16 00:00:00-05:00,24.951276448892433,25.33312072618188,24.948300783435357,25.31378173828125,49658000
2015-01-20 00:00:00-05:00,25.428336860554808,25.569173057999514,25.25973030516724,25.287996292114258,46796000
2015-01-21 00:00:00-05:00,25.332630384119174,25.87861876245725,25.270642700681787,25.806217193603516,46356000
2015-01-22 00:00:00-05:00,25.935641982816453,26.721149592800394,25.88159004863909,26.6447811126709,56068000
2015-01-23 00:00:00-05:00,26.6809813562442,27.04695604247036,26.567915529254652,26.87537384033203,45966000
2015-01-26 00:00:00-05:00,26.853061388067903,26.853061388067903,26.385425977502006,26.61602020263672,30932000
2015-01-27 00:00:00-05:00,26.35220154230748,26.42063618140973,25.829521014223904,25.84588623046875,39148000
2015-01-28 00:00:00-05:00,26.03481833419005,26.069035645070354,25.407503490335607,25.411470413208008,35822000
2015-01-29 00:00:00-05:00,25.434779958898137,25.548341410160425,24.967640234843746,25.45114517211914,79018000
2015-01-30 00:00:00-05:00,25.737283898903133,26.932406219626575,25.696619620132207,26.657180786132812,121108000
2015-02-02 00:00:00-05:00,26.497000586216952,26.605108230868467,25.872165716474527,26.391870498657227,75378000
2015-02-03 00:00:00-05:00,26.279794750502287,26.652216375873397,26.124577770854167,26.44641876220703,47062000
2015-02-04 00:00:00-05:00,26.438484572025626,26.617504992397134,26.03630816237833,26.089370727539062,33896000
2015-02-05 00:00:00-05:00,26.18012291883447,26.31699219302557,26.06656144991909,26.27434539794922,33176000
2015-02-06 00:00:00-05:00,26.33285851227971,26.78958247629851,26.21582576313093,26.475181579589844,42938000
2015-02-09 00:00:00-05:00,26.33533765344044,26.4751825813196,26.161277301678282,26.247068405151367,30314000
2015-02-10 00:00:00-05:00,26.38939327600725,26.82826518596834,26.24161449122016,26.786609649658203,47430000
2015-02-11 00:00:00-05:00,26.76528405270726,26.875374215825545,26.580312299499035,26.679492950439453,38306000
2015-02-12 00:00:00-05:00,26.761815109488662,27.192257545513392,26.629905910425613,27.07671356201172,48590000
2015-02-13 00:00:00-05:00,27.151096980535073,27.400536456486503,27.105970150369355,27.332101821899414,47382000
2015-02-17 00:00:00-05:00,27.33210076845686,27.42334568324706,26.940338227851452,27.02712059020996,39174000
2015-02-18 00:00:00-05:00,26.96810833337687,27.153080089510205,26.75635937118843,26.91008758544922,31164000
2015-02-19 00:00:00-05:00,26.901163559729678,27.118863861646584,26.815868081647878,27.09853172302246,30834000
2015-02-20 00:00:00-05:00,27.154567648570318,27.154567648570318,26.68445410594335,26.867937088012695,38234000
2015-02-23 00:00:00-05:00,26.729082956922916,26.743959391760264,26.381951640914796,26.53072166442871,32906000
2015-02-24 00:00:00-05:00,26.359637627123586,26.748920140345838,26.33236289949478,26.711729049682617,28406000
2015-02-25 00:00:00-05:00,26.70131367413935,27.253251372623044,26.679988387179915,27.142169952392578,40836000
2015-02-26 00:00:00-05:00,27.06332152210655,27.77692317187372,27.03108672294946,27.735267639160156,54032000
2015-02-27 00:00:00-05:00,27.678735143283944,28.237617351493522,27.623194430262107,27.90089988708496,68328000
2015-03-02 00:00:00-05:00,28.1176078515459,28.563422317291515,27.926684766133675,28.51531982421875,50406000
2015-03-03 00:00:00-05:00,28.581276560304175,28.804432570237033,28.291174693248323,28.70227813720703,50526000
2015-03-04 00:00:00-05:00,28.612024771915344,28.843114646898663,28.39134878180161,28.679468154907227,37964000
2015-03-05 00:00:00-05:00,28.74343670388251,28.920968353841317,28.67450644227373,28.833194732666016,35918000
2015-03-06 00:00:00-05:00,28.86146076348798,28.900140632343085,28.368535047860103,28.41019058227539,37592000
2015-03-09 00:00:00-04:00,28.31199902426644,28.53664189391752,28.21926533686031,28.469696044921875,23478000
2015-03-10 00:00:00-04:00,28.1909990683199,28.254475514116713,27.761547949397087,27.763036727905273,40080000
2015-03-11 00:00:00-04:00,27.76056066028267,27.977765341311013,27.542860350251907,27.556745529174805,40524000
2015-03-12 00:00:00-04:00,27.695098967604835,27.861721098304436,27.54880897428897,27.8284969329834,35602000
2015-03-13 00:00:00-04:00,27.732294595019148,27.986692259361273,27.290942644748977,27.42334747314453,35428000
2015-03-16 00:00:00-04:00,27.618238642281614,27.956443022936273,27.340037532370015,27.851808547973633,36856000
2015-03-17 00:00:00-04:00,27.68567444284016,27.802211557228993,27.49326637775343,27.651954650878906,28892000
2015-03-18 00:00:00-04:00,27.65790652474542,28.093309002192417,27.448140078719497,28.075952529907227,35324000
2015-03-19 00:00:00-04:00,27.994625759244823,28.11562544397336,27.875610482209485,27.95247459411621,24660000
2015-03-20 00:00:00-04:00,28.10322913721107,28.122568126643777,27.992643336149026,28.015949249267578,44320000
2015-03-23 00:00:00-04:00,28.068017239601534,28.248526445963858,27.92222287007759,28.036775588989258,30234000
2015-03-24 00:00:00-04:00,28.193977304775633,28.855509568803893,28.171660758825556,28.640289306640625,79156000
2015-03-25 00:00:00-04:00,28.641778339588054,28.76575369476025,28.117610931396484,28.117610931396484,53070000
2015-03-26 00:00:00-04:00,28.001073768246066,28.12703353106794,27.686672827775492,27.950986862182617,49842000
2015-03-27 00:00:00-04:00,27.861227604693646,27.97231092538727,27.618236978800084,27.648983001708984,34552000
2015-03-30 00:00:00-04:00,27.78287552194635,27.877591731934814,27.61129331182884,27.827009201049805,24788000
2015-03-31 00:00:00-04:00,27.668321182815355,27.891972812931563,27.506161596720883,27.50765037536621,34932000
2015-04-01 00:00:00-04:00,27.514098195679992,27.6960924051215,27.077704434444374,27.249286651611328,38902000
2015-04-02 00:00:00-04:00,27.146137606491664,27.175394849194866,26.80049315411126,26.843637466430664,47760000
2015-04-06 00:00:00-04:00,26.721149575441377,27.05340448591427,26.56543694970901,26.97455596923828,33718000
2015-04-07 00:00:00-04:00,27.026130798260336,27.28251097577977,26.956704904607637,27.019683837890625,27318000
2015-04-08 00:00:00-04:00,27.076214364887697,27.34896163497774,27.076214364887697,27.217050552368164,28386000
2015-04-09 00:00:00-04:00,27.23540168831244,27.243335535686125,26.875376406810727,27.176387786865234,32366000
2015-04-10 00:00:00-04:00,27.253249479964072,27.267134656528594,27.025630953404168,27.202171325683594,26104000
2015-04-13 00:00:00-04:00,27.12828571557167,27.436735297330877,27.091092733983057,27.20713233947754,29326000
2015-04-14 00:00:00-04:00,27.104482506404334,27.104482506404334,26.567421220305313,26.767765045166016,47206000
2015-04-15 00:00:00-04:00,26.677510922318778,26.936866749688544,26.400301101916753,26.83024787902832,46962000
2015-04-16 00:00:00-04:00,26.6968516486026,27.038031678584748,26.68445524852235,26.95323371887207,31722000
2015-04-17 00:00:00-04:00,26.645276970916353,26.76875668889666,26.233184173714584,26.418649673461914,49234000
2015-04-20 00:00:00-04:00,26.46873564094278,27.066297700203453,26.44889913211863,27.00331687927246,38508000
2015-04-21 00:00:00-04:00,27.091591924395292,27.163993489497347,26.888272408924745,26.923480987548828,29128000
2015-04-22 00:00:00-04:00,26.93042011308014,27.324165171603404,26.84413337924256,27.233911514282227,31806000
2015-04-23 00:00:00-04:00,27.294908404656667,27.82849840263682,27.27854318975196,27.64451789855957,78184000
2015-04-24 00:00:00-04:00,28.76476075023351,28.99535497300244,28.184555138354348,28.447879791259766,92168000
2015-04-27 00:00:00-04:00,28.403743761447362,28.54011550691454,27.884534573920153,28.0739688873291,48062000
2015-04-28 00:00:00-04:00,27.984708302474584,28.158770562038914,27.818086153186698,27.9871883392334,37178000
2015-04-29 00:00:00-04:00,27.7957670261414,28.060082925372953,27.720887326741288,27.839406967163086,33622000
2015-04-30 00:00:00-04:00,27.699064727414658,27.825520098702157,27.11191847957301,27.213577270507812,47240000
2015-05-01 00:00:00-04:00,27.299867020556977,27.335077487539767,26.969596510182956,27.332101821899414,36572000
2015-05-04 00:00:00-04:00,27.323670463790585,27.606334107447942,27.14514565901463,27.41541290283203,35260000
2015-05-05 00:00:00-04:00,27.282510805366798,27.404008010213847,26.896203948302436,26.92943000793457,28528000
2015-05-06 00:00:00-04:00,26.909594493245102,26.97356657819945,26.393856564951527,26.534692764282227,39034000
2015-05-07 00:00:00-04:00,26.575354383175068,27.036542806689447,26.453859077711392,26.879837036132812,31844000
2015-05-08 00:00:00-04:00,27.218538646091474,27.413426762003283,27.176883113172504,27.222505569458008,28226000
2015-05-11 00:00:00-04:00,27.199694941551265,27.44169619780149,27.056380604685234,27.065305709838867,21858000
2015-05-12 00:00:00-04:00,26.91802075916091,26.92546086857674,26.530722675982496,26.715694427490234,35282000
2015-05-13 00:00:00-04:00,26.801981758818354,26.969099521531128,26.72809142566356,26.75338363647461,24238000
2015-05-14 00:00:00-04:00,26.97554372135239,27.259200471273036,26.90264654529557,27.234899520874023,31736000
2015-05-15 00:00:00-04:00,27.2939165841016,27.304330467605634,26.90264967167524,27.100513458251953,33440000
2015-05-18 00:00:00-04:00,26.968106138986847,27.19225337389267,26.890248888549937,27.109437942504883,26706000
2015-05-19 00:00:00-04:00,27.17539607500563,27.443183282389327,27.131758023465434,27.238872528076172,47126000
2015-05-20 00:00:00-04:00,27.320197430731294,27.575586330090744,27.03158247415614,27.399045944213867,30840000
2015-05-21 00:00:00-04:00,27.284493253387403,27.651956723777168,27.239862054993047,27.61228370666504,34170000
2015-05-22 00:00:00-04:00,27.495746410979923,27.68319819974523,27.454090878301756,27.498722076416016,24266000
2015-05-26 00:00:00-04:00,27.402518795356663,27.439711778050214,26.925958284692953,27.135229110717773,37474000
2015-05-27 00:00:00-04:00,27.209117713257594,27.536908186762428,27.10497887448245,27.485334396362305,34844000
2015-05-28 00:00:00-04:00,27.46252212682138,27.560213998268125,27.31424772660707,27.481861114501953,23544000
2015-05-29 00:00:00-04:00,27.433265135555313,27.46996248968932,27.028610548955445,27.042495727539062,43446000
2015-06-01 00:00:00-04:00,27.21159581451539,27.302840726272397,26.95620691732995,27.23539924621582,33210000
2015-06-02 00:00:00-04:00,27.147129166513526,27.71047391919658,27.103489224742496,27.470457077026367,31842000
2015-06-03 00:00:00-04:00,27.527486477177284,27.670802711295863,27.381196469035018,27.536909103393555,26710000
2015-06-04 00:00:00-04:00,27.382682240911098,27.570134041026023,27.230936536477614,27.358383178710938,26866000
2015-06-05 00:00:00-04:00,27.3737568462272,27.439711442929994,27.144649513335406,27.25126838684082,24396000
2015-06-08 00:00:00-04:00,27.25523520237596,27.268129122621044,26.924964699478593,26.951248168945312,27336000
2015-06-09 00:00:00-04:00,26.948273174664187,27.018692217076097,26.72164587363136,26.88578987121582,30016000
2015-06-10 00:00:00-04:00,27.061339755940764,27.51161870475974,27.032082511080166,27.40351104736328,30316000
2015-06-11 00:00:00-04:00,27.497235788608503,27.514096631971313,27.233415517518978,27.276559829711914,25872000
2015-06-12 00:00:00-04:00,27.13324502250304,27.217547352001468,27.05786779825938,27.14911460876465,25468000
2015-06-15 00:00:00-04:00,26.914054908924438,26.97951387571335,26.73949892529643,26.927444458007812,27150000
2015-06-16 00:00:00-04:00,27.000836946971166,27.1104295837852,26.856529476156233,27.02017593383789,32526000
2015-06-17 00:00:00-04:00,27.04745019603633,27.19324455114942,26.86842978599647,27.105966567993164,24440000
2015-06-18 00:00:00-04:00,27.17539551704082,27.634103919778923,27.17539551704082,27.581043243408203,41192000
2015-06-19 00:00:00-04:00,27.597902076880672,27.66683233410043,27.386648753029142,27.647491455078125,59290000
2015-06-22 00:00:00-04:00,27.74121859022809,28.048676900115016,27.716422009150264,27.754606246948242,34752000
2015-06-23 00:00:00-04:00,27.760066186003996,28.013472603601443,27.629148238795594,27.93859100341797,31396000
2015-06-24 00:00:00-04:00,27.893460825199956,27.901394672044887,27.612284082318848,27.699562072753906,28924000
2015-06-25 00:00:00-04:00,27.78535273565518,27.926188919344042,27.64451655196632,27.66881561279297,26684000
2015-06-26 00:00:00-04:00,27.756097824784703,27.770478632563524,27.366319669195835,27.42632293701172,43676000
2015-06-29 00:00:00-04:00,27.11340930802112,27.31920884790057,26.790577004705856,26.84066390991211,37756000
2015-06-30 00:00:00-04:00,27.031087554866648,27.071256201953922,26.75586213974336,26.780658721923828,34510000
2015-07-01 00:00:00-04:00,26.960175786827996,27.066794662367407,26.76677454555039,26.942323684692383,30760000
2015-07-02 00:00:00-04:00,27.01373044889129,27.17539439967458,26.95570970169703,27.14266586303711,28124000
2015-07-06 00:00:00-04:00,26.89025148214723,27.204158658790305,26.88281326414677,27.057371139526367,25614000
2015-07-07 00:00:00-04:00,27.14713038726974,27.32416641545881,26.77123741316802,27.276063919067383,33578000
2015-07-08 00:00:00-04:00,27.05637919589752,27.189279642021923,26.83818138427437,26.86297607421875,27662000
2015-07-09 00:00:00-04:00,27.207631030216106,27.219036172154,27.007782827381977,27.00926971435547,29766000
2015-07-10 00:00:00-04:00,27.458552805381935,27.73526698407512,27.373754855095147,27.57756996154785,43436000
2015-07-13 00:00:00-04:00,27.746177505537858,28.40770974785909,27.706008859173977,28.352169036865234,41792000
2015-07-14 00:00:00-04:00,28.489534552723068,29.243800503479164,28.473169338099332,28.969566345214844,74832000
2015-07-15 00:00:00-04:00,28.947748705350484,29.193219369597855,28.772695192681354,28.95865821838379,41466000
2015-07-16 00:00:00-04:00,29.233386610821825,29.977238677806024,29.155033723954507,29.84235382080078,112642000
2015-07-17 00:00:00-04:00,33.72129819448271,34.8618730291378,33.62211941904652,34.69425582885742,257162000
2015-07-20 00:00:00-04:00,34.166617275261125,34.604000420067635,33.80907201914201,34.3580322265625,102436000
2015-07-21 00:00:00-04:00,33.96329094268302,34.990797837634226,33.92709111290519,34.48250198364258,75604000
2015-07-22 00:00:00-04:00,34.41654602374495,35.37413141840576,34.297530758000796,34.4701042175293,83100000
2015-07-23 00:00:00-04:00,34.30893546441238,34.51820817553252,33.304238793044426,33.45995330810547,76232000
2015-07-24 00:00:00-04:00,33.561116144605975,33.61169678007174,32.391284301881726,32.470130920410156,82622000
2015-07-27 00:00:00-04:00,32.31144664446251,33.08009533437121,32.31045538646763,32.64370346069336,58382000
2015-07-28 00:00:00-04:00,32.8167700585017,32.93281155330132,32.402692871636454,32.71263122558594,34364000
2015-07-29 00:00:00-04:00,32.84155968049941,32.89462224145807,32.37441997272285,32.80039978027344,36756000
2015-07-30 00:00:00-04:00,32.60253905969893,33.12868889395075,32.31739352151908,32.95561981201172,39606000
2015-07-31 00:00:00-04:00,32.96256411208031,32.9774405475805,32.590638090866996,32.60551452636719,34922000
2015-08-03 00:00:00-04:00,32.6134511700776,33.06025881949313,32.6134511700776,32.963558197021484,31348000
2015-08-04 00:00:00-04:00,32.94471829795352,33.12622069302439,32.75479020855828,32.792972564697266,26188000
2015-08-05 00:00:00-04:00,33.01463364676089,33.71683019917647,33.00620417058776,33.388545989990234,36448000
2015-08-06 00:00:00-04:00,33.42325750568146,33.46094422406888,32.76569029062574,33.23283004760742,40660000
2015-08-07 00:00:00-04:00,33.11530600346645,33.16588664839471,32.673458399461154,32.94719696044922,27544000
2015-08-10 00:00:00-04:00,33.08107985052655,33.30572459369137,32.740893039665856,32.88520050048828,34458000
2015-08-11 00:00:00-04:00,34.692271955765406,34.91146105133953,33.93552589748607,34.23207473754883,109880000
2015-08-12 00:00:00-04:00,34.43985186216597,34.514733450831635,33.746584251822455,34.29009246826172,58498000
2015-08-13 00:00:00-04:00,34.177524505881294,34.41704573605791,33.82940377183487,34.04412841796875,36354000
2015-08-14 00:00:00-04:00,33.921637223376614,34.32926745628415,33.865105253744765,34.185951232910156,27598000
2015-08-17 00:00:00-04:00,34.120003396537776,34.452256456188096,33.87304393246874,34.421016693115234,24680000
2015-08-18 00:00:00-04:00,34.27025826597835,34.50283311077302,33.985112698441256,34.15421676635742,27710000
2015-08-19 00:00:00-04:00,34.22265336753486,34.72301544404769,34.05850936341007,34.41754150390625,50194000
2015-08-20 00:00:00-04:00,34.17256697658716,34.52267021396411,33.48722937149362,33.69550704956055,57798000
2015-08-21 00:00:00-04:00,33.27696406965198,33.36870839688974,31.891416261520664,31.937536239624023,91880000
2015-08-24 00:00:00-04:00,29.783835746200477,31.126736692089594,29.411412213241473,30.652158737182617,129788000
2015-08-25 00:00:00-04:00,32.05853821868506,32.08481790465654,30.332799744475725,30.372472763061523,71430000
2015-08-26 00:00:00-04:00,31.89141785393162,32.852476523564945,31.26013596134002,32.71659851074219,87740000
2015-08-27 00:00:00-04:00,33.324069963598895,33.42275686400901,32.28813369943727,33.12422180175781,58974000
2015-08-28 00:00:00-04:00,33.015128431118065,33.07662047453683,32.41955266056175,32.71411895751953,38836000
2015-08-31 00:00:00-04:00,32.44880469633541,32.94817918155989,32.052581555645816,32.1254768371582,38936000
2015-09-01 00:00:00-04:00,31.430728430104867,31.95787150792019,30.996814683852396,31.219970703125,51458000
2015-09-02 00:00:00-04:00,31.638509456787272,31.988614594789684,31.273525990177284,31.981176376342773,37630000
2015-09-03 00:00:00-04:00,32.130937667947364,32.29557728889015,31.430725541682214,31.591398239135742,34572000
2015-09-04 00:00:00-04:00,31.226911511157642,31.46494395422963,31.068223215776317,31.190214157104492,40478000
2015-09-08 00:00:00-04:00,31.787276986901123,31.98762080697683,31.385598088825514,31.930097579956055,39092000
2015-09-09 00:00:00-04:00,32.326820207210766,32.59857243225838,31.782316932336364,31.90679168701172,40978000
2015-09-10 00:00:00-04:00,31.931092957730602,32.47658377716628,31.82199403715793,32.28715133666992,27850000
2015-09-11 00:00:00-04:00,32.24400285432852,32.49690981350326,32.105147301136526,32.49641418457031,34892000
2015-09-14 00:00:00-04:00,32.512788713674375,32.52716952286757,32.2087978541493,32.356082916259766,29942000
2015-09-15 00:00:00-04:00,32.5663422242119,33.1683688110224,32.39922443807292,32.980918884277344,35546000
2015-09-16 00:00:00-04:00,33.00472175043762,33.12968837327442,32.83859521570734,33.00323486328125,26252000
2015-09-17 00:00:00-04:00,33.100918257466,33.81997367496066,32.97743855348306,33.308204650878906,47752000
2015-09-18 00:00:00-04:00,32.98041608447303,33.2174591575203,32.7309785034644,32.775115966796875,72544000
2015-09-21 00:00:00-04:00,33.00273489263698,33.17580399475718,32.630313218380195,33.07563018798828,39094000
2015-09-22 00:00:00-04:00,32.604023774082435,32.67097150932334,31.987120918927292,32.39227294921875,54362000
2015-09-23 00:00:00-04:00,32.377402893376065,32.74337761240707,32.26979086689646,32.39674377441406,29160000
2015-09-24 00:00:00-04:00,32.18251495613069,32.56931744550371,31.845301850421077,32.47707748413086,38692000
2015-09-25 00:00:00-04:00,32.65907216084477,32.65907216084477,31.720825756527923,31.74512481689453,48480000
2015-09-28 00:00:00-04:00,31.69057789235324,31.879022842956157,30.638771840615803,30.95664405822754,47646000
2015-09-29 00:00:00-04:00,31.018630953456583,31.47386805727541,30.648193696937074,30.875316619873047,42130000
2015-09-30 00:00:00-04:00,31.332535483267964,31.703470251520777,31.199635036475605,31.656856536865234,52954000
2015-10-01 00:00:00-04:00,31.635529405423757,31.928113163008828,31.29732508547901,31.836864471435547,42506000
2015-10-02 00:00:00-04:00,31.639006571679946,32.58072252721793,31.415354920198986,32.58022689819336,48788000
2015-10-05 00:00:00-04:00,32.80883795171496,33.375652123583926,32.52468363887434,33.3087043762207,37960000
2015-10-06 00:00:00-04:00,33.19315357976883,33.66178017493195,32.88222399753931,33.30671691894531,42774000
2015-10-07 00:00:00-04:00,33.5923611947688,33.65881331694059,32.635766930041534,33.22539520263672,44354000
2015-10-08 00:00:00-04:00,33.198115386125764,33.31911694873325,32.45624588445839,33.07661819458008,39308000
2015-10-09 00:00:00-04:00,33.100917498068654,33.428210402054624,32.84651987863882,33.28688049316406,32124000
2015-10-12 00:00:00-04:00,33.18522220552426,33.62111840780781,33.08852159244433,33.544254302978516,26684000
2015-10-13 00:00:00-04:00,33.4366504859315,34.140829596415884,33.37961909839299,33.87849807739258,42446000
2015-10-14 00:00:00-04:00,33.906262531274976,34.219174639298046,33.66674133892225,33.74162292480469,31292000
2015-10-15 00:00:00-04:00,33.98163925971811,34.423486767909054,33.93899247192577,34.3669548034668,47156000
2015-10-16 00:00:00-04:00,34.48499069726939,34.52565498339979,34.17257411490819,34.481021881103516,36316000
2015-10-19 00:00:00-04:00,34.415562715334595,34.72500550448776,34.32679592861374,34.71062469482422,30172000
2015-10-20 00:00:00-04:00,34.60846271312809,34.61391841535207,33.40788284910291,33.72129440307617,52434000
2015-10-21 00:00:00-04:00,33.880478210998824,33.96428490972052,33.26010584875353,33.31465530395508,31952000
2015-10-22 00:00:00-04:00,33.4951645611541,34.12049703283294,33.30969715941544,33.777828216552734,88632000
2015-10-23 00:00:00-04:00,37.19557677269566,37.31657834222597,35.60274256042105,35.67167282104492,126726000
2015-10-26 00:00:00-04:00,35.705889214024495,36.44627185210069,35.705889214024495,36.25634002685547,48776000
2015-10-27 00:00:00-04:00,36.030706464907304,36.4963593573802,35.9102043026409,36.34064483642578,38778000
2015-10-28 00:00:00-04:00,36.34956810223051,36.566275222564016,36.065413832307534,36.54396057128906,39604000
2015-10-29 00:00:00-04:00,36.52958366715749,37.03341888468649,36.45668459176194,36.93721389770508,36520000
2015-10-30 00:00:00-04:00,36.9724242919587,37.00961538322019,36.52462539271881,36.5672721862793,39984000
2015-11-02 00:00:00-05:00,36.4254430052311,37.102347282876416,36.272702273183576,37.080528259277344,39914000
2015-11-03 00:00:00-05:00,36.96597381216498,37.276903412475235,36.754222968060866,37.13408660888672,36306000
2015-11-04 00:00:00-05:00,37.18764595605918,37.683547369786595,37.15293300843536,37.455928802490234,41840000
2015-11-05 00:00:00-05:00,37.62948932561928,38.00340164348714,37.56304099528392,37.72172927856445,45486000
2015-11-06 00:00:00-05:00,37.65825443623794,37.838266113345526,37.44203914538811,37.76784896850586,33544000
2015-11-09 00:00:00-05:00,37.61510499016167,37.852148026654014,37.148464701031166,37.429141998291016,35538000
2015-11-10 00:00:00-05:00,37.36517553658122,37.718256306786806,37.11375545340267,37.60221481323242,29798000
2015-11-11 00:00:00-05:00,37.80652757672948,38.13878058173137,37.676105276193994,37.9488525390625,41866000
2015-11-12 00:00:00-05:00,37.69742902616258,37.97612762255128,37.48320002892764,37.51642608642578,35452000
2015-11-13 00:00:00-05:00,37.39294827495968,37.45691846497849,36.67041958272683,36.70017623901367,48188000
2015-11-16 00:00:00-05:00,36.707122688726336,37.27740632345554,36.41553012701274,37.213436126708984,50704000
2015-11-17 00:00:00-05:00,37.31508513702348,37.43806920159599,36.89753482882145,36.99324417114258,38864000
2015-11-18 00:00:00-05:00,37.17127878923141,37.74305299961462,37.06317114205296,37.68899917602539,36266000
2015-11-19 00:00:00-05:00,37.67759779957096,37.84868440065302,37.551144295193126,37.6855354309082,28078000
2015-11-20 00:00:00-05:00,38.14969747743551,38.64659016960035,37.891830396406384,38.53153991699219,55478000
2015-11-23 00:00:00-05:00,38.55484109549322,38.8241151515043,38.35846232466683,38.51665496826172,34648000
2015-11-24 00:00:00-05:00,38.331185178713035,38.481443966702955,37.594771455637776,38.16604995727539,47880000
2015-11-25 00:00:00-05:00,38.268211045561536,38.33317627208229,38.01232652134756,38.147708892822266,23612000
2015-11-27 00:00:00-05:00,38.142749457401536,38.38276629242169,38.03563306790784,38.28209686279297,14434000
2015-11-30 00:00:00-05:00,38.27714112273493,38.43384690963323,37.7440486099861,37.82984161376953,33586000
2015-12-01 00:00:00-05:00,38.032659215447595,38.928256955024736,37.98356546484031,38.86825180053711,40398000
2015-12-02 00:00:00-05:00,38.94065444844514,39.32745689791467,38.50326757910973,38.57368850708008,46876000
2015-12-03 00:00:00-05:00,38.7080803524573,38.902472857762696,37.810004381712915,38.09514617919922,41950000
2015-12-04 00:00:00-05:00,38.170027531453435,38.800316282640765,37.96174984853431,38.64113235473633,49800000
2015-12-07 00:00:00-05:00,38.683278578277296,38.72989418233541,38.021746367453446,38.332679748535156,36626000
2015-12-08 00:00:00-05:00,37.91166373432044,38.613364728887476,37.81347621734435,38.43930435180664,31082000
2015-12-09 00:00:00-05:00,38.23895399053182,38.48640904040247,37.29227621033942,37.81495666503906,46550000
2015-12-10 00:00:00-05:00,37.86653356028792,37.989517645749316,37.440553705301625,37.690486907958984,32458000
2015-12-11 00:00:00-05:00,37.1430189690412,37.56156066617199,37.12566060242935,37.213436126708984,43184000
2015-12-14 00:00:00-05:00,37.25508860262819,37.8943062387702,36.51123649666551,37.8144645690918,53864000
2015-12-15 00:00:00-05:00,38.07481268341187,38.41995962886247,37.58932706644658,37.692970275878906,49386000
2015-12-16 00:00:00-05:00,38.01430735997485,38.75468995750433,37.54221134881579,38.511199951171875,53120000
2015-12-17 00:00:00-05:00,38.73782599851758,38.75914939196796,38.1496885188768,38.17597198486328,36510000
2015-12-18 00:00:00-05:00,38.04703799805444,38.38970675959236,37.51939749333616,37.532291412353516,67794000
2015-12-21 00:00:00-05:00,37.83975316548937,38.003401521184635,37.39840126080366,37.72817611694336,34848000
2015-12-22 00:00:00-05:00,37.90025817621865,38.20126766971199,37.74801683624028,38.042083740234375,36338000
2015-12-23 00:00:00-05:00,38.21861941902755,38.27862456910749,37.57196366610421,38.110511779785156,30594000
2015-12-24 00:00:00-05:00,38.11100788955858,38.14472957363239,37.906203423914775,37.97810745239258,10412000
2015-12-28 00:00:00-05:00,38.18440289921678,38.82014726226013,38.071834597363406,38.791385650634766,31156000
2015-12-29 00:00:00-05:00,39.02694275079181,39.60715025993219,38.9877691434778,39.372589111328125,38430000
2015-12-30 00:00:00-05:00,39.37258817383492,39.49656351997176,39.03735759691674,39.19108581542969,28566000
2015-12-31 00:00:00-05:00,39.06809992202885,39.09339213243624,38.54740576237022,38.58162307739258,32752000
2016-01-04 00:00:00-05:00,37.79760152625233,37.79760152625233,37.07060845171725,37.66073226928711,67382000
2016-01-05 00:00:00-05:00,37.89182229720179,38.14472925047235,37.472785069597535,37.764373779296875,45216000
2016-01-06 00:00:00-05:00,37.21094780166687,37.972649972645584,37.09341943355106,37.6552734375,48206000
2016-01-07 00:00:00-05:00,37.01854376219676,37.45592687980514,36.46263721631695,36.74629211425781,63132000
2016-01-08 00:00:00-05:00,37.08350095161553,37.19855118037878,36.14723899592248,36.24592590332031,47506000
2016-01-11 00:00:00-05:00,36.297505698174184,36.45272460418533,35.68308460183533,36.35304641723633,50896000
2016-01-12 00:00:00-05:00,36.73389116544408,37.110281623679796,36.519662174684946,36.961509704589844,46816000
2016-01-13 00:00:00-05:00,37.159867757495846,37.34137008828544,35.545214729520225,35.683570861816406,51728000
2016-01-14 00:00:00-05:00,35.9250783196776,36.691245014449656,34.96104595276157,36.26972961425781,55558000
2016-01-15 00:00:00-05:00,35.208502672773584,35.91119484385276,34.787978510562624,35.233299255371094,76676000
2016-01-19 00:00:00-05:00,35.712341442925975,35.970212307152835,35.20156357159638,35.659278869628906,48724000
2016-01-20 00:00:00-05:00,35.005669655801064,36.049543518387125,34.10709828895675,35.63348388671875,82440000
2016-01-21 00:00:00-05:00,35.71332696791137,36.58115433751783,35.264041218887336,36.03566360473633,51938000
2016-01-22 00:00:00-05:00,36.79587843332393,37.12119262262165,36.72149625801698,36.96746063232422,47146000
2016-01-25 00:00:00-05:00,36.88712661682083,37.31459332988312,36.32477316533454,36.380313873291016,45340000
2016-01-26 00:00:00-05:00,36.45916528243361,36.66992108776197,36.05054002440141,36.38874435424805,30940000
2016-01-27 00:00:00-05:00,36.49288453769845,36.49288453769845,35.380084007391744,35.58489227294922,42428000
2016-01-28 00:00:00-05:00,36.606942199152336,37.250124802931474,36.230551739420775,37.108299255371094,62104000
2016-01-29 00:00:00-05:00,37.141033955305296,37.94191367537337,36.904982129138716,37.755455017089844,75808000
2016-02-01 00:00:00-05:00,38.2468885694867,38.56079573905824,37.75693853330035,38.222591400146484,111522000
2016-02-02 00:00:00-05:00,39.696903895891936,40.185367019887565,38.71005750235272,38.725433349609375,135846000
2016-02-03 00:00:00-05:00,38.99173103754169,39.247119933438036,36.51123299740429,37.16185760498047,131114000
2016-02-04 00:00:00-05:00,36.924310992836155,36.95654578478317,35.83382538502958,36.20227813720703,104922000
2016-02-05 00:00:00-05:00,35.97764265841738,36.03813965388812,34.72003535400957,34.89955139160156,109556000
2016-02-08 00:00:00-05:00,34.10214485923391,34.93724562533521,33.82096811188599,34.91939163208008,89410000
2016-02-09 00:00:00-05:00,34.36348745813524,35.75250855498528,34.14281148099351,34.76367950439453,84300000
2016-02-10 00:00:00-05:00,35.29776085518859,35.864574950078676,34.98038430968948,35.05278396606445,60314000
2016-02-11 00:00:00-05:00,34.531595556774036,35.324045693461194,34.2762066670152,35.02848815917969,65004000
2016-02-12 00:00:00-05:00,35.31859363034466,35.50653916965729,34.791448691291016,35.05477523803711,46538000
2016-02-16 00:00:00-05:00,35.637952748698396,35.847721097299775,35.217924205934025,35.587867736816406,43444000
2016-02-17 00:00:00-05:00,36.05203241860593,36.38726302598033,35.53679389026026,36.29849624633789,49154000
2016-02-18 00:00:00-05:00,36.397176913862154,36.498338185105204,35.48422084399777,35.581417083740234,47276000
2016-02-19 00:00:00-05:00,35.501576333189426,35.90474589195882,35.36371581647202,35.809532165527344,34918000
2016-02-22 00:00:00-05:00,36.176500621712016,36.44131405319691,35.8759867696209,36.153690338134766,37516000
2016-02-23 00:00:00-05:00,36.00740216126029,36.24543272250396,35.490177346966156,35.57051086425781,41332000
2016-02-24 00:00:00-05:00,35.23924105434522,35.76539463782303,34.813265042870505,35.7495231628418,37092000
2016-02-25 00:00:00-05:00,35.85020091459311,36.17650262567205,35.369175932894734,36.15716552734375,36146000
2016-02-26 00:00:00-05:00,36.3793256728897,36.50627479219468,35.80110448008465,35.94590759277344,42474000
2016-02-29 00:00:00-05:00,35.75448939760654,36.230554277133685,35.54819423813538,35.567039489746094,45068000
2016-03-01 00:00:00-05:00,35.76936100114286,36.81224369104345,35.637451824544755,36.8043098449707,60112000
2016-03-02 00:00:00-05:00,36.83903033340874,36.851424842259085,36.36197037920954,36.67091751098633,36292000
2016-03-03 00:00:00-05:00,36.67091474737662,36.746291969969896,36.18245157917267,36.27964782714844,40534000
2016-03-04 00:00:00-05:00,36.43883480475191,36.44875116757251,35.983593920971344,36.21171188354492,48516000
2016-03-07 00:00:00-05:00,35.960289324527984,36.062445647425086,34.967990906401326,35.34785079956055,61690000
2016-03-08 00:00:00-05:00,35.12915519101109,35.81647526866855,34.911456792475256,35.38404846191406,52530000
2016-03-09 00:00:00-05:00,35.46538238994127,36.01434640318758,35.34091140107319,35.97318649291992,39544000
2016-03-10 00:00:00-05:00,36.09120030537169,36.52511394197736,35.868046234202296,36.308406829833984,44616000
2016-03-11 00:00:00-05:00,36.69422763457276,36.9396964207594,36.533057399943225,36.938209533691406,35380000
2016-03-14 00:00:00-04:00,36.94316568297675,37.40385848574644,36.87820045363228,37.204505920410156,32824000
2016-03-15 00:00:00-04:00,36.995231135173626,37.34186872057424,36.83753411272129,37.22086715698242,29832000
2016-03-16 00:00:00-04:00,37.14549199055474,37.638915222062195,37.01903850161791,37.557586669921875,29306000
2016-03-17 00:00:00-04:00,37.571968755668735,37.95331553476409,37.55758794820657,37.613128662109375,44564000
2016-03-18 00:00:00-04:00,37.76933939753168,37.79462782651566,37.282858730922236,37.46088790893555,56222000
2016-03-21 00:00:00-04:00,37.38650284361155,37.85413826943706,37.25558490087775,37.795623779296875,28774000
2016-03-22 00:00:00-04:00,37.61114874326626,37.93645920193549,37.58337838439727,37.69098663330078,22096000
2016-03-23 00:00:00-04:00,37.85462913043871,37.955794186354,37.49162822203553,37.567501068115234,24678000
2016-03-24 00:00:00-04:00,37.252109887349306,37.56750014196808,37.21739694501264,37.4326171875,31116000
2016-03-28 00:00:00-04:00,37.49857520641017,37.604204718627905,37.29377070928025,37.355262756347656,21676000
2016-03-29 00:00:00-04:00,37.37509863122597,38.0445686159018,37.107810806512525,37.980594635009766,40062000
2016-03-30 00:00:00-04:00,38.09564578177568,38.54691792816073,38.0644060175926,38.10209274291992,40396000
2016-03-31 00:00:00-04:00,38.10208322990788,38.13877868796318,37.60171744799952,37.832313537597656,32554000
2016-04-01 00:00:00-04:00,37.54767640842114,38.18639470035315,37.450476363177536,38.16804885864258,31674000
2016-04-04 00:00:00-04:00,38.16010409929226,38.30540661925344,37.77727045556589,37.942405700683594,26924000
2016-04-05 00:00:00-04:00,37.59577283294784,37.83082960126046,37.470306818416816,37.617591857910156,24478000
2016-04-06 00:00:00-04:00,37.58138713118536,38.10605388984193,37.50501865436197,38.08869552612305,25312000
2016-04-07 00:00:00-04:00,37.952325072995734,38.15266890712352,37.564531325513435,37.6944580078125,25498000
2016-04-08 00:00:00-04:00,37.979596569868875,38.0420798690037,37.47873891888084,37.6622200012207,23434000
2016-04-11 00:00:00-04:00,37.95876739073146,38.04654289699704,37.55659288467436,37.56650924682617,31774000
2016-04-12 00:00:00-04:00,37.610648487904214,37.93248572041304,37.270457850177024,37.902732849121094,27388000
2016-04-13 00:00:00-04:00,38.19977156143231,38.469541228771526,37.91611671844642,38.279117584228516,35426000
2016-04-14 00:00:00-04:00,38.4502076017349,38.66096339986243,38.34408247584895,38.45169448852539,26992000
2016-04-15 00:00:00-04:00,38.45715517847342,38.72642927613029,38.42888540865253,38.6803092956543,31712000
2016-04-18 00:00:00-04:00,38.68973061373029,39.10430724842004,38.56179022953772,39.061161041259766,33540000
2016-04-19 00:00:00-04:00,39.201003750442005,39.22331840346527,38.19779400459653,38.49434280395508,43952000
2016-04-20 00:00:00-04:00,38.638654486784844,38.66345107068384,38.24738754743505,38.42839050292969,34262000
2016-04-21 00:00:00-04:00,38.54691321102571,38.76362036785129,38.26127200626965,38.6803092956543,77628000
2016-04-22 00:00:00-04:00,36.890599455022155,37.38699647032671,36.21915082425063,36.586116790771484,140798000
2016-04-25 00:00:00-04:00,36.46611421215378,36.93870595395627,36.45371591946629,36.80630111694336,49442000
2016-04-26 00:00:00-04:00,36.91589054247626,36.97390939873623,35.72076642178343,35.97119903564453,55864000
2016-04-27 00:00:00-04:00,35.96872438929452,36.05947369271744,35.16338012697874,35.77730941772461,66262000
2016-04-28 00:00:00-04:00,35.868054686016556,36.16410789180207,34.87178740984706,34.96402359008789,62590000
2016-04-29 00:00:00-04:00,34.91740414319372,35.313627290330786,34.900541410283175,35.10386276245117,58278000
2016-05-02 00:00:00-04:00,35.304212693865104,35.4772817960254,35.02849163997751,35.42769241333008,33476000
2016-05-03 00:00:00-04:00,35.33297265193177,35.37611507234514,35.07659249084334,35.13163757324219,38620000
2016-05-04 00:00:00-04:00,35.04882140569697,35.45942540137822,34.91393466180809,35.27693557739258,34172000
2016-05-05 00:00:00-04:00,35.45694672425798,35.58340020718488,35.18172132212421,35.44256591796875,29668000
2016-05-06 00:00:00-04:00,35.31809843914861,36.001945382557324,35.30570014741897,35.96177673339844,39952000
2016-05-09 00:00:00-04:00,36.03715548540521,36.4135459970618,35.87846718145269,36.15766143798828,38074000
2016-05-10 00:00:00-04:00,36.44676553432639,36.69669871704253,36.280639041442896,36.66595458984375,32634000
2016-05-11 00:00:00-04:00,36.722491447923176,36.73637662659082,36.09666336646515,36.22807693481445,29834000
2016-05-12 00:00:00-04:00,36.29997921587671,36.467100764219005,35.91664993409312,36.1050910949707,27094000
2016-05-13 00:00:00-04:00,36.033182805724564,36.26476636015358,35.87895519564869,35.94441604614258,25244000
2016-05-16 00:00:00-04:00,35.91912655555551,36.33369936195989,35.70489756365002,36.215675354003906,22538000
2016-05-17 00:00:00-04:00,36.25336873687271,36.49090365851421,35.60572163675657,35.71432113647461,33404000
2016-05-18 00:00:00-04:00,35.63051382153782,35.98111646459101,35.45794035111021,35.79317092895508,32536000
2016-05-19 00:00:00-04:00,35.62059685429264,35.72969576269237,35.224369867887525,35.472320556640625,30598000
2016-05-20 00:00:00-04:00,35.5293505534508,36.086740169008664,35.45744273779759,35.789695739746094,34798000
2016-05-23 00:00:00-04:00,35.70390577640298,35.87846174929392,35.55315134295884,35.56852340698242,24816000
2016-05-24 00:00:00-04:00,35.69745681222231,36.40907399551339,35.68753666710625,36.35105514526367,37884000
2016-05-25 00:00:00-04:00,36.448753615719134,36.691248618127936,36.3297383367418,36.602481842041016,32216000
2016-05-26 00:00:00-04:00,36.49834031875138,36.75125107849786,36.34957217681544,36.54446029663086,27202000
2016-05-27 00:00:00-04:00,36.57322724917385,37.088965206709794,36.5484306635179,37.07359313964844,34802000
2016-05-31 00:00:00-04:00,37.131113711060095,37.365179237167304,36.972921040165026,37.13557815551758,42484000
2016-06-01 00:00:00-04:00,37.11673326938908,37.26054513375174,36.911924986167286,37.11623764038086,20788000
2016-06-02 00:00:00-04:00,36.999200362313566,37.058709886887954,36.547928313668756,36.908451080322266,33916000
2016-06-03 00:00:00-04:00,36.7705882434434,36.7705882434434,36.39469343628079,36.49139404296875,24608000
2016-06-06 00:00:00-04:00,36.62231898807054,36.62231898807054,36.11600557705552,36.20377731323242,29992000
2016-06-07 00:00:00-04:00,36.36296376522541,36.53355094153868,36.24047530192825,36.25485610961914,24314000
2016-06-08 00:00:00-04:00,36.67190373879671,36.885637102022976,36.48693577174352,36.84199905395508,32314000
2016-06-09 00:00:00-04:00,36.5514013881713,36.89158823322022,36.52313540452718,36.8216667175293,19180000
2016-06-10 00:00:00-04:00,36.49585896686042,36.67884440854448,36.22608927910277,36.35898971557617,29050000
2016-06-13 00:00:00-04:00,36.19187672755759,36.64711384493055,36.19187672755759,36.29403305053711,23354000
2016-06-14 00:00:00-04:00,36.16658523294777,36.498342637148184,36.02723781595203,36.361968994140625,26584000
2016-06-15 00:00:00-04:00,36.444784883757656,36.55537068651055,36.26576444416482,36.30940628051758,23234000
2016-06-16 00:00:00-04:00,36.099637586057966,36.22014353461452,35.483729643717986,35.9156608581543,45002000
2016-06-17 00:00:00-04:00,35.77383212371017,35.77383212371017,34.76863974427127,34.923858642578125,82262000
2016-06-20 00:00:00-04:00,35.22437629415552,35.50009738928132,34.98138563420636,35.01708984375,45654000
2016-06-21 00:00:00-04:00,35.211472678512486,35.47579044904077,34.94418491786275,35.1534538269043,30318000
2016-06-22 00:00:00-04:00,35.40984099345797,35.41777484125465,35.00468885938305,35.23230743408203,29058000
2016-06-23 00:00:00-04:00,35.23627907626986,35.45100374673861,34.72550116789403,35.45050811767578,42500000
2016-06-24 00:00:00-04:00,34.22562795004853,34.96105061399816,33.96478331508947,33.979164123535156,95436000
2016-06-27 00:00:00-04:00,33.84477596698144,33.88643150426429,33.35730402822835,33.777828216552734,58146000
2016-06-28 00:00:00-04:00,34.28513404683131,34.35307305008712,33.961806136866464,34.27967834472656,38246000
2016-06-29 00:00:00-04:00,34.42845121722623,34.688300791810555,34.35009643657887,34.47456741333008,43124000
2016-06-30 00:00:00-04:00,34.5965642953199,34.900055740043165,34.460190640125795,34.888153076171875,42250000
2016-07-01 00:00:00-04:00,34.96600848369225,35.334461344259886,34.89806947790894,35.221397399902344,30984000
2016-07-05 00:00:00-04:00,34.96154062514924,35.11576446110713,34.669951904071915,34.955589294433594,28440000
2016-07-06 00:00:00-04:00,34.705165655469585,35.357772864418514,34.663510117670356,35.15792465209961,28902000
2016-07-07 00:00:00-04:00,35.21445765718378,35.21743143135888,34.7463265805509,35.073123931884766,21174000
2016-07-08 00:00:00-04:00,35.23676583961564,35.600758001827025,35.115268648090144,35.59480667114258,29946000
2016-07-11 00:00:00-04:00,35.67613567815189,36.14773607742154,35.64886095249556,36.061946868896484,28822000
2016-07-12 00:00:00-04:00,36.296010551777066,36.47850036333278,36.07682149960083,36.32526779174805,26468000
2016-07-13 00:00:00-04:00,36.474544725983186,36.474544725983186,36.152208024084345,36.175018310546875,20436000
2016-07-14 00:00:00-04:00,36.39619005209698,36.50528897771368,36.23006351842713,36.48843002319336,21408000
2016-07-15 00:00:00-04:00,36.74628841937157,36.74628841937157,36.43089438119106,36.4799919128418,32342000
2016-07-18 00:00:00-04:00,36.59305878213125,37.44749664493927,36.52363289185408,37.35129165649414,38698000
2016-07-19 00:00:00-04:00,37.186158559557356,37.519402852180285,37.11772392326122,37.36170959472656,30436000
2016-07-20 00:00:00-04:00,37.39344235996958,37.72024345265381,37.39344235996958,37.543701171875,22502000
2016-07-21 00:00:00-04:00,37.539732849890044,37.5967642325016,37.26798061963662,37.41129684448242,19062000
2016-07-22 00:00:00-04:00,37.5556090696255,37.6612348053828,37.3245173030213,37.65280532836914,20920000
2016-07-25 00:00:00-04:00,37.57345890283083,37.67958404998017,37.3944384540727,37.56552505493164,21466000
2016-07-26 00:00:00-04:00,37.56552493252077,37.651813567927114,37.32898124969356,37.57197189331055,23792000
2016-07-27 00:00:00-04:00,37.63742191548351,37.909174098131736,37.48666749904121,37.786190032958984,32172000
2016-07-28 00:00:00-04:00,38.12687936545779,38.1333263249172,37.64337253970932,37.97810745239258,73464000
2016-07-29 00:00:00-04:00,39.55855021112275,39.86749352741342,39.176208406814645,39.24266052246094,101810000
2016-08-01 00:00:00-04:00,39.011074854323425,40.04354191939921,38.93024192831115,39.718727111816406,60594000
2016-08-02 00:00:00-04:00,39.539706284418166,39.78716134985954,39.40085450088941,39.678062438964844,39928000
2016-08-03 00:00:00-04:00,39.497059741976315,39.649301075841734,39.32597315639033,39.618553161621094,29206000
2016-08-04 00:00:00-04:00,39.58482601604731,39.682022251733926,39.370597037717864,39.53573226928711,21520000
2016-08-05 00:00:00-04:00,39.67756561496506,40.03015076539793,39.56350663425749,40.015769958496094,36146000
2016-08-08 00:00:00-04:00,39.969655130847045,40.04900117694204,39.75592173222037,39.93147277832031,24426000
2016-08-09 00:00:00-04:00,39.894772546612266,40.3331507386035,39.87344914852079,40.04304885864258,32154000
2016-08-10 00:00:00-04:00,40.02171980145878,40.21164784135088,39.99394944662197,40.0931282043457,18370000
2016-08-11 00:00:00-04:00,40.191315100155975,40.36041915480617,39.96964789374153,40.0787467956543,25646000
2016-08-12 00:00:00-04:00,39.92452464166716,40.02866347512785,39.8526168244554,40.02172088623047,17946000
2016-08-15 00:00:00-04:00,40.029661937641976,40.23546149679263,39.87196488046836,39.967674255371094,18596000
2016-08-16 00:00:00-04:00,39.84566805586255,39.88335855170412,39.52333145937441,39.731117248535156,21158000
2016-08-17 00:00:00-04:00,39.67210900347558,39.951303226097735,39.48862413730073,39.940887451171875,21322000
2016-08-18 00:00:00-04:00,39.93791416794562,40.06883209899758,39.752942412631626,39.8084831237793,17292000
2016-08-19 00:00:00-04:00,39.66168959744993,39.73310177824422,39.51738591598369,39.654747009277344,22416000
2016-08-22 00:00:00-04:00,39.598226143442226,39.6374035389051,39.39093969799368,39.52086639404297,17056000
2016-08-23 00:00:00-04:00,39.69590775294846,39.72169559054514,39.4732492977838,39.50300216674805,18350000
2016-08-24 00:00:00-04:00,39.51639840253241,39.59574444443538,39.21389823877548,39.354736328125,25672000
2016-08-25 00:00:00-04:00,39.27538982695256,39.4102765832393,39.03884615787921,39.24067687988281,24054000
2016-08-26 00:00:00-04:00,39.299691888546334,39.64236070790431,39.14695491713737,39.33589172363281,24978000
2016-08-29 00:00:00-04:00,39.32745977997956,39.598716386747114,39.19207739937307,39.46482467651367,15474000
2016-08-30 00:00:00-04:00,39.319026386657725,39.5729283869087,39.14992233499226,39.271419525146484,23348000
2016-08-31 00:00:00-04:00,39.15637154554596,39.25406341884714,39.037356276639436,39.16876983642578,21428000
2016-09-01 00:00:00-04:00,39.274393783780425,39.319522501186384,38.99421209636444,39.24563217163086,26070000
2016-09-02 00:00:00-04:00,39.437549226140746,39.528298512721626,39.337871051194526,39.51689147949219,26998000
2016-09-06 00:00:00-04:00,39.59227244752184,40.21214923065979,39.4454868057042,40.069828033447266,39790000
2016-09-07 00:00:00-04:00,40.06535511520292,40.197759920590386,39.856581839226074,40.06833267211914,22906000
2016-09-08 00:00:00-04:00,39.93097412171164,40.089662418442124,39.72219702922466,39.81294631958008,23554000
2016-09-09 00:00:00-04:00,39.61111224275351,39.758892905676326,39.07950668293214,39.100830078125,37752000
2016-09-12 00:00:00-04:00,38.90445871011842,39.68054183541113,38.85387428493225,39.61359786987305,37274000
2016-09-13 00:00:00-04:00,39.375063413723495,39.463334549811115,38.89502975873551,39.11273193359375,36180000
2016-09-14 00:00:00-04:00,39.053714039483296,39.49010960239349,39.053714039483296,39.199012756347656,25842000
2016-09-15 00:00:00-04:00,39.1767100923164,39.85311888166602,39.109762337354816,39.73311233520508,31144000
2016-09-16 00:00:00-04:00,39.62351678061481,39.62351678061481,39.35572955096431,39.57144546508789,42612000
2016-09-19 00:00:00-04:00,39.72715156936409,39.86997215155762,39.352747426385754,39.44349670410156,22990000
2016-09-20 00:00:00-04:00,39.67210906625243,39.8084826978531,39.58582044325571,39.661197662353516,20984000
2016-09-21 00:00:00-04:00,39.734600259128946,39.96519640626789,39.47524249308649,39.92155456542969,26970000
2016-09-22 00:00:00-04:00,40.168011803845225,40.61729757663681,40.054452234070325,40.46307373046875,35186000
2016-09-23 00:00:00-04:00,40.422903681301484,40.51513985173427,40.303392784561225,40.413978576660156,28234000
2016-09-26 00:00:00-04:00,40.15908288107403,40.171976800014576,39.69442130399534,39.80352020263672,29454000
2016-09-27 00:00:00-04:00,39.76285648404533,40.341077628158295,39.76285648404533,40.20420837402344,27346000
2016-09-28 00:00:00-04:00,39.87443357104302,40.18040687743677,39.809967758800916,40.170982360839844,29406000
2016-09-29 00:00:00-04:00,40.03064665720474,40.36190841394348,39.714756965403055,39.80302810668945,27000000
2016-09-30 00:00:00-04:00,39.85063332153985,40.07329178970308,39.7464944906586,39.873443603515625,33204000
2016-10-03 00:00:00-04:00,39.79856053054376,39.84765427874115,39.48515279168527,39.69095230102539,29784000
2016-10-04 00:00:00-04:00,39.920061304868916,39.99444726895475,39.655747290474906,39.81046676635742,25174000
2016-10-05 00:00:00-04:00,39.96965602483227,40.09363138705782,39.70732449130465,39.73311233520508,24276000
2016-10-06 00:00:00-04:00,39.87443755737931,40.01676252758669,39.697403424625215,39.82484817504883,21998000
2016-10-07 00:00:00-04:00,39.966183275553064,39.966678904553675,39.51441554978678,39.70732116699219,23262000
2016-10-10 00:00:00-04:00,39.86699760521317,40.533985551315936,39.78319090953712,40.37480163574219,29922000
2016-10-11 00:00:00-04:00,40.3748007243462,40.65696871777446,40.03758764997952,40.14668655395508,34432000
2016-10-12 00:00:00-04:00,40.265207629577795,40.39116548922834,40.09610734911758,40.25578689575195,18158000
2016-10-13 00:00:00-04:00,39.973126162770036,39.9974233342632,39.603678249481995,39.87443923950195,27380000
2016-10-14 00:00:00-04:00,40.04155648128074,40.17247440941919,39.78715884269366,39.90022277832031,22238000
2016-10-17 00:00:00-04:00,39.96915559860903,40.34108164064635,39.86204298695418,40.01130676269531,21128000
2016-10-18 00:00:00-04:00,40.37678220965238,41.10079771896165,40.33314416254673,40.73780059814453,45786000
2016-10-19 00:00:00-04:00,40.80673396788785,41.1498983905107,40.80673396788785,41.003108978271484,30002000
2016-10-20 00:00:00-04:00,41.038814054720824,41.083942776470344,40.69118896392038,40.744747161865234,27878000
2016-10-21 00:00:00-04:00,40.6639107485067,40.876652851654306,40.580104055872475,40.8652458190918,32316000
2016-10-24 00:00:00-04:00,41.16428010789189,41.55356073443632,41.11220879686245,41.444461822509766,28952000
2016-10-25 00:00:00-04:00,41.58132914051226,41.58132914051226,40.92673948309203,41.08790969848633,37814000
2016-10-26 00:00:00-04:00,41.01699692821822,41.046257956904626,40.482913161281594,40.7680549621582,35898000
2016-10-27 00:00:00-04:00,40.81317851020371,40.9902126297614,40.39661940613847,40.53249740600586,59470000
2016-10-28 00:00:00-04:00,41.156840283677674,41.60612605093556,40.515140757668846,40.642093658447266,87098000
2016-10-31 00:00:00-04:00,40.78441521557222,40.794335361866395,40.06883291599354,40.16305160522461,44854000
2016-11-01 00:00:00-04:00,40.21115448717782,40.3643908598248,39.58582205559819,39.94386291503906,47118000
2016-11-02 00:00:00-04:00,40.00734529111186,40.00734529111186,38.92826253082187,39.097862243652344,47014000
2016-11-03 00:00:00-04:00,38.90346073678692,39.17620800207094,38.6123676331153,38.788909912109375,43504000
2016-11-04 00:00:00-04:00,38.24886688601086,39.10082649137992,38.23399045197834,38.7348518371582,39412000
2016-11-07 00:00:00-05:00,39.42168309064155,39.92006263479361,39.32002239578502,39.77278137207031,39852000
2016-11-08 00:00:00-05:00,39.77277777837263,40.467532276714046,39.65326310030571,40.266197204589844,35382000
2016-11-09 00:00:00-05:00,39.76285549063467,40.25280548782601,39.27736993715862,39.94931411743164,61970000
2016-11-10 00:00:00-05:00,40.16801016326997,40.17098393698969,38.096629213823995,38.69468688964844,118192000
2016-11-11 00:00:00-05:00,38.52211894770034,38.545920491149815,37.96323857967161,38.27119445800781,71852000
2016-11-14 00:00:00-05:00,38.27168658399166,38.27267784194953,36.87473171458264,37.3522834777832,73766000
2016-11-15 00:00:00-05:00,37.95976302390478,38.69221187384428,37.94736851564315,38.44029235839844,58878000
2016-11-16 00:00:00-05:00,38.20522757019825,38.8538657997305,38.00240563503204,38.6793098449707,35968000
2016-11-17 00:00:00-05:00,38.80428404501941,39.121660634215026,38.67287047840376,38.985782623291016,30674000
2016-11-18 00:00:00-05:00,39.035868182676,39.240177027686165,38.44971317756701,38.4804573059082,36126000
2016-11-21 00:00:00-05:00,38.58608578500666,39.005123063165335,38.49682338384016,38.91834259033203,32616000
2016-11-22 00:00:00-05:00,39.126122661419124,39.363161938984966,38.86577368920534,38.92825698852539,27884000
2016-11-23 00:00:00-05:00,39.15240745114739,39.15240745114739,38.31581979576557,38.63071823120117,26260000
2016-11-25 00:00:00-05:00,38.8097430824362,38.82412389114326,38.59055398176927,38.69171905517578,12270000
2016-11-28 00:00:00-05:00,38.59848168523095,39.659214658057756,38.586083394615024,38.96743392944336,51508000
2016-11-29 00:00:00-05:00,39.095866753406405,39.495563093787545,38.945112329313915,39.148433685302734,31240000
2016-11-30 00:00:00-05:00,39.13158268627295,39.25109359617068,38.34061931970273,38.47599792480469,45582000
2016-12-01 00:00:00-05:00,38.608402838728196,38.61088098354522,37.35922489616226,37.903228759765625,57342000
2016-12-02 00:00:00-05:00,37.78272648223054,38.20920196187701,37.638914631333265,37.90967559814453,34376000
2016-12-05 00:00:00-05:00,38.184406955295856,38.680308344325674,38.034148138269195,38.592037200927734,33770000
2016-12-06 00:00:00-05:00,38.689728367066834,38.942143501208534,38.34904587457742,38.49087142944336,34682000
2016-12-07 00:00:00-05:00,38.67783252909305,39.27539086346188,38.359460882219835,39.24911117553711,40588000
2016-12-08 00:00:00-05:00,39.32250031409867,39.6225223235874,39.07256709997459,39.43259048461914,32250000
2016-12-09 00:00:00-05:00,39.637399812946185,40.16553602476414,39.57541213675826,40.14073944091797,38090000
2016-12-12 00:00:00-05:00,39.91113633053669,40.234959873944966,39.89675552333381,40.063873291015625,32572000
2016-12-13 00:00:00-05:00,40.2865331757099,40.87715268327736,40.264218520661544,40.432823181152344,42564000
2016-12-14 00:00:00-05:00,40.46158851570313,40.87517010235621,40.305873992751984,40.55928039550781,35994000
2016-12-15 00:00:00-05:00,40.53299436488209,40.81268422036397,40.2671896872104,40.44819641113281,35394000
2016-12-16 00:00:00-05:00,40.580108506608354,40.62424218801325,40.07478258380665,40.16007995605469,51978000
2016-12-19 00:00:00-05:00,40.132312619227626,40.47646834125885,39.895269520282746,40.2919921875,25272000
2016-12-20 00:00:00-05:00,40.335123529614265,40.48984676501187,40.21759516222482,40.425872802734375,25438000
2016-12-21 00:00:00-05:00,40.4516632080779,40.4516632080779,39.92501774314116,40.27710723876953,29192000
2016-12-22 00:00:00-05:00,40.123383770654364,40.22107564952607,39.97113865211529,40.15214538574219,22632000
2016-12-23 00:00:00-05:00,40.06932614451522,40.21611176340098,39.9255142992832,40.05891036987305,15310000
2016-12-27 00:00:00-05:00,40.10255166351089,40.46555260028408,39.95973484802999,40.1645393371582,19520000
2016-12-28 00:00:00-05:00,40.33314435403471,40.33314435403471,39.79310933068708,39.89873504638672,24296000
2016-12-29 00:00:00-05:00,39.78765904771357,39.95725497065917,39.579876990598294,39.81493377685547,21148000
2016-12-30 00:00:00-05:00,39.83129084182486,39.835259656691534,39.15736035016041,39.29770278930664,34718000
2017-01-03 00:00:00-05:00,39.702854194904596,40.23941984674428,39.51788622033972,40.06932830810547,39180000
2017-01-04 00:00:00-05:00,40.16256037231038,40.33811141671621,39.87593167461337,40.057430267333984,30306000
2017-01-05 00:00:00-05:00,40.044040979631426,40.35348374827711,39.96568997526796,40.317779541015625,26810000
2017-01-06 00:00:00-05:00,40.41546657695587,41.108242374195086,40.24239748074538,40.922279357910156,40342000
2017-01-09 00:00:00-05:00,40.97980510527993,41.18114019886735,40.74425269352273,41.01997375488281,28178000
2017-01-10 00:00:00-05:00,41.01451533275923,41.130556829441424,40.81962721252851,40.96194839477539,23948000
2017-01-11 00:00:00-05:00,40.99220317879171,41.15485650891124,40.7368142580937,41.15287399291992,26508000
2017-01-12 00:00:00-05:00,41.07947755844788,41.178660105260526,40.713998480740365,41.13650894165039,26990000
2017-01-13 00:00:00-05:00,41.20940993149969,41.390412902238424,41.13601899848428,41.20643615722656,25804000
2017-01-17 00:00:00-05:00,41.15981329531637,41.168738399991994,40.82260021577669,41.03385543823242,28818000
2017-01-18 00:00:00-05:00,41.149895441987034,41.15039107092733,40.866236784204396,41.11121368408203,20554000
2017-01-19 00:00:00-05:00,41.11022005701737,41.30858134108672,40.860286882140464,40.880615234375,21410000
2017-01-20 00:00:00-05:00,41.114681840983785,41.12212384171675,40.89202338387347,41.069061279296875,26124000
2017-01-23 00:00:00-05:00,41.23965612545367,41.93044562655304,41.09534864255038,41.87540054321289,49148000
2017-01-24 00:00:00-05:00,42.001850081379125,42.226990466708926,41.76877584981214,42.1283073425293,33768000
2017-01-25 00:00:00-05:00,42.327661405847955,42.58751095898606,42.13872084245832,42.57065200805664,33108000
2017-01-26 00:00:00-05:00,42.600405086499904,42.69710569891243,42.17740280667008,42.49775314331055,69866000
2017-01-27 00:00:00-05:00,42.597934889268174,42.99465377527747,41.74994387218851,41.90515899658203,75050000
2017-01-30 00:00:00-05:00,41.509924101168345,41.51835357765872,40.71499193064889,40.85384750366211,70338000
2017-01-31 00:00:00-05:00,40.639118710966834,40.81615663281486,40.336618550613004,40.673336029052734,40404000
2017-02-01 00:00:00-05:00,40.862277255504374,40.862277255504374,40.279591580894134,40.4278678894043,45020000
2017-02-02 00:00:00-05:00,40.415963207605486,40.890045571153436,40.26967320585819,40.5776252746582,33784000
2017-02-03 00:00:00-05:00,40.81913249418466,40.967900639756444,40.63167880428613,40.67036056518555,30562000
2017-02-06 00:00:00-05:00,40.70953449383201,40.78242978177051,40.38075090442297,40.74424743652344,27018000
2017-02-07 00:00:00-05:00,40.93666363173222,41.255031495086214,40.82706908524538,41.12163162231445,33332000
2017-02-08 00:00:00-05:00,41.18609679896117,41.37057292412029,40.91731834970197,41.15386199951172,26044000
2017-02-09 00:00:00-05:00,41.24560383092649,41.258002122135224,40.98624989062791,41.16278839111328,23884000
2017-02-10 00:00:00-05:00,41.30610330506464,41.51438097041983,41.18510552094612,41.400325775146484,28302000
2017-02-13 00:00:00-05:00,41.54165796360543,41.74200557655793,41.46975392643804,41.60414505004883,25914000
2017-02-14 00:00:00-05:00,41.64431356740576,41.75489937570321,41.44892979402669,41.65720748901367,27266000
2017-02-15 00:00:00-05:00,41.59670225604755,41.74349166835377,41.468266249563726,41.5228157043457,27144000
2017-02-16 00:00:00-05:00,41.58132676579933,41.78910879246054,41.51983472699082,41.76332473754883,20102000
2017-02-17 00:00:00-05:00,41.72068022980646,41.999874481419,41.64480737399382,41.980533599853516,29224000
2017-02-21 00:00:00-05:00,42.05193911208206,42.260712393785354,41.980526928682885,42.115413665771484,25206000
2017-02-22 00:00:00-05:00,42.052444459147544,42.33956879560209,41.988470478318575,42.21906661987305,24488000
2017-02-23 00:00:00-05:00,42.205175022443974,42.28154350116454,41.77969079569566,42.20120620727539,27734000
2017-02-24 00:00:00-05:00,42.03508067927258,42.07028925393276,41.80250205149641,42.04301452636719,26924000
2017-02-27 00:00:00-05:00,41.90119218825459,42.184847106668066,41.80498719091664,42.135257720947266,20206000
2017-02-28 00:00:00-05:00,42.02020639624849,42.0936011066323,41.72712696714536,41.90019607543945,27662000
2017-03-01 00:00:00-05:00,42.22005070861212,42.548338683886556,42.103017956057506,42.486351013183594,36374000
2017-03-02 00:00:00-05:00,42.46453450515295,42.473463394591555,42.088147764466115,42.14418411254883,25018000
2017-03-03 00:00:00-05:00,42.099052588802756,42.19228380868571,41.889288019207335,42.105995178222656,20100000
2017-03-06 00:00:00-05:00,41.99590321317,42.099050792067395,41.71373520399392,42.0162353515625,20958000
2017-03-07 00:00:00-05:00,42.01573546327583,42.316748693394544,41.92945062866984,42.208641052246094,20774000
2017-03-08 00:00:00-05:00,42.30633496352121,42.495275530197596,42.21360316494218,42.332122802734375,20576000
2017-03-09 00:00:00-05:00,42.334609515705885,42.6827302507208,42.284025089466375,42.5404052734375,26954000
2017-03-10 00:00:00-05:00,42.78140792885662,42.85728077510068,42.528996592605864,42.717437744140625,26732000
2017-03-13 00:00:00-04:00,42.688678401756775,43.00109490777939,42.68818277278567,42.87464141845703,23332000
2017-03-14 00:00:00-04:00,42.83348114251216,43.023412972764405,42.653965087417475,42.94059753417969,21234000
2017-03-15 00:00:00-04:00,43.04126871736553,43.13747371728028,42.71198943654988,43.06358337402344,26658000
2017-03-16 00:00:00-04:00,43.16969700902199,43.277804643695504,43.02042947522292,43.14341354370117,22090000
2017-03-17 00:00:00-04:00,43.32591344752117,43.36261269511663,43.06259067088234,43.26095199584961,37366000
2017-03-20 00:00:00-04:00,43.11763121306919,43.16027800433553,42.8791050459838,43.03977584838867,30844000
2017-03-21 00:00:00-04:00,43.14639178983519,43.31549584737953,42.03706069746766,42.1585578918457,50760000
2017-03-22 00:00:00-04:00,42.12582926727601,42.416926160608924,42.002845180784206,42.141700744628906,27334000
2017-03-23 00:00:00-04:00,41.72464387625716,41.73952031148687,41.30858418506288,41.63835525512695,65754000
2017-03-24 00:00:00-04:00,41.754894042196646,41.85407658673176,41.11518460122445,41.41470718383789,42114000
2017-03-27 00:00:00-04:00,41.06509988057036,41.72415405026742,40.877154331422155,41.58182907104492,38692000
2017-03-28 00:00:00-04:00,41.64034651723007,41.92350579956987,41.27238549049056,41.68696212768555,30384000
2017-03-29 00:00:00-04:00,41.792087537760835,42.23046188484788,41.724148537435966,42.14516830444336,29146000
2017-03-30 00:00:00-04:00,42.2498069553146,42.250798213311526,41.99144426029799,42.125831604003906,18988000
2017-03-31 00:00:00-04:00,41.99441231073804,42.129794677416676,41.91556569302621,42.04251480102539,28820000
2017-04-03 00:00:00-04:00,42.08962840731375,42.5979280637635,42.02912762348738,42.486351013183594,39388000
2017-04-04 00:00:00-04:00,42.05244068770654,42.30039139038541,42.02813973306625,42.27906799316406,26970000
2017-04-05 00:00:00-04:00,42.385188414042496,42.67677716272042,42.0286344337109,42.097564697265625,37104000
2017-04-06 00:00:00-04:00,42.12682059020596,42.329646342464315,41.8540771020873,41.908626556396484,30672000
2017-04-07 00:00:00-04:00,41.9036690402863,41.947307093025614,41.521826620248596,41.759857177734375,22232000
2017-04-10 00:00:00-04:00,41.732083090505675,41.98995391873593,41.69489200154322,41.74001693725586,20924000
2017-04-11 00:00:00-04:00,41.740018673254596,41.88531741587086,41.38792914386672,41.64976501464844,19486000
2017-04-12 00:00:00-04:00,41.579343169696955,41.84018775306361,41.53620075289303,41.72811508178711,22716000
2017-04-13 00:00:00-04:00,41.707285308984346,41.84068516330789,41.54909644063523,41.66463851928711,21474000
2017-04-17 00:00:00-04:00,41.72414536140744,42.43130188226964,41.70678699922201,42.406009674072266,20982000
2017-04-18 00:00:00-04:00,42.27757186208447,42.5180843152921,42.213601678682956,42.34947967529297,18724000
2017-04-19 00:00:00-04:00,42.518091026103164,42.657438447248914,42.32667229119376,42.47445297241211,21606000
2017-04-20 00:00:00-04:00,42.634622708554694,42.842404741161864,42.52354128905787,42.651485443115234,23776000
2017-04-21 00:00:00-04:00,42.67826680238518,42.76852425193915,42.53495434716827,42.59545135498047,23458000
2017-04-24 00:00:00-04:00,43.066063164962536,43.63734180430054,42.950517288308454,43.58626174926758,33930000
2017-04-25 00:00:00-04:00,43.75138851215543,44.24679419965189,43.60361164510902,44.077693939208984,40760000
2017-04-26 00:00:00-04:00,44.20415212464137,44.28349815976881,43.89470939781327,44.09257507324219,26466000
2017-04-27 00:00:00-04:00,44.135218492672465,44.302831871446905,43.99537546738555,44.206626892089844,46846000
2017-04-28 00:00:00-04:00,46.06924310036823,46.41141251059914,45.782610624123535,45.84708023071289,76918000
2017-05-01 00:00:00-04:00,45.82872969915744,46.40744655938138,45.66260317922378,46.25867462158203,46556000
2017-05-02 00:00:00-04:00,46.28098842279427,46.763004610173645,46.16841633099598,46.470420837402344,35026000
2017-05-03 00:00:00-04:00,46.418851039088835,47.120548172946634,46.37719550414564,47.03376770019531,36496000
2017-05-04 00:00:00-04:00,47.12501134273626,47.56388511814019,46.98020823231259,47.344696044921875,38752000
2017-05-05 00:00:00-04:00,47.443882305917874,47.529179686330735,47.01641549604573,47.1245231628418,32310000
2017-05-08 00:00:00-04:00,46.984182899224535,47.655631597018164,46.98170097065168,47.54157638549805,37534000
2017-05-09 00:00:00-04:00,47.67248766438514,47.71563008444086,47.328827623964095,47.44337844848633,33758000
2017-05-10 00:00:00-04:00,47.41908542404373,47.44338259547366,47.10270008245912,47.350650787353516,22920000
2017-05-11 00:00:00-04:00,47.17460339933577,47.506860214208146,47.0417029434433,47.40271759033203,20622000
2017-05-12 00:00:00-04:00,47.4999115865169,47.50635476263821,47.2127835307199,47.36552047729492,24298000
2017-05-15 00:00:00-04:00,47.372967691557186,47.740429321887525,47.250479220304506,47.56785583496094,26754000
2017-05-16 00:00:00-04:00,47.782580885888294,47.89911423370627,47.6238925898093,47.83514404296875,22030000
2017-05-17 00:00:00-04:00,47.59165777842609,47.65562796915042,46.61770519282144,46.72234344482422,48982000
2017-05-18 00:00:00-04:00,46.773415911760615,47.31791539069957,46.677706556238206,47.13542556762695,36010000
2017-05-19 00:00:00-04:00,47.250475381367266,47.584714706053184,47.20981110392905,47.341224670410156,27206000
2017-05-22 00:00:00-04:00,47.457762216999214,47.84555974302487,47.43594319112979,47.80836486816406,27748000
2017-05-23 00:00:00-04:00,48.10045390643447,48.326086170949246,47.829689135532774,48.12971115112305,30908000
2017-05-24 00:00:00-04:00,48.36327930777506,48.505104865122426,48.18326761826349,48.47981643676758,22660000
2017-05-25 00:00:00-04:00,48.54874313265583,49.38086629772243,48.4902248662543,49.18647003173828,39082000
2017-05-26 00:00:00-04:00,49.19341834434606,49.41112054637644,48.96332163381129,49.25640106201172,32728000
2017-05-30 00:00:00-04:00,49.21821711290627,49.47211916056889,49.16168513662626,49.400211334228516,30324000
2017-05-31 00:00:00-04:00,49.402195455543115,49.57030448989573,48.68164925397249,48.94993209838867,34482000
2017-06-01 00:00:00-04:00,49.14184237902644,49.249950027594366,48.662304332794264,49.009437561035156,26128000
2017-06-02 00:00:00-04:00,49.02431504481306,49.41558195960664,48.94893782326675,49.397727966308594,34710000
2017-06-05 00:00:00-04:00,49.48550256057955,49.95710297789331,49.36450099180219,49.78254699707031,27578000
2017-06-06 00:00:00-04:00,49.754278739977416,50.017105848848146,49.332267722276335,49.42549514770508,31042000
2017-06-07 00:00:00-04:00,49.54500939385229,49.78403497945871,49.38532984527418,49.66452407836914,27482000
2017-06-08 00:00:00-04:00,49.79990530911829,49.8678443164769,49.4225273345688,49.80238723754883,33758000
2017-06-09 00:00:00-04:00,49.86238360385275,49.862879232765955,47.27774313975297,48.10837936401367,72958000
2017-06-12 00:00:00-04:00,47.543056479016165,48.00325364185304,46.456040021132644,47.6962890625,84042000
2017-06-13 00:00:00-04:00,48.20360007931239,48.4946931975367,47.70620801702307,48.12723159790039,40108000
2017-06-14 00:00:00-04:00,48.37517794405669,48.58345560190696,47.58222839054987,47.999778747558594,30110000
2017-06-15 00:00:00-04:00,47.0124341298296,47.640244575425235,46.633069953185,47.615447998046875,48552000
2017-06-16 00:00:00-04:00,47.50289643144456,47.604061508638544,47.04617237206966,47.53810501098633,51184000
2017-06-19 00:00:00-04:00,48.08507713936887,48.56362395480943,48.01317310151894,48.361297607421875,29376000
2017-06-20 00:00:00-04:00,48.365756857459786,48.637512873246415,48.013171700930485,48.05234909057617,25946000
2017-06-21 00:00:00-04:00,48.1416094089704,48.57601872883594,48.0751572948245,48.528411865234375,23232000
2017-06-22 00:00:00-04:00,48.44311960624691,48.623135088158875,48.26658109423568,48.43072509765625,20190000
2017-06-23 00:00:00-04:00,48.37518239707593,48.92662450391331,48.32360671509279,48.90034103393555,31280000
2017-06-26 00:00:00-04:00,49.09423713824361,49.29210282004451,48.118797690918115,48.206077575683594,30358000
2017-06-27 00:00:00-04:00,47.685876593994784,47.96457140280664,46.966321722979984,47.01591110229492,48872000
2017-06-28 00:00:00-04:00,47.14336403741157,47.767205827386036,46.42430472810103,47.656620025634766,54912000
2017-06-29 00:00:00-04:00,47.177582964388236,47.19295503075513,46.0989958553538,46.50662612915039,64134000
2017-06-30 00:00:00-04:00,46.812597276050326,46.86268228834561,46.09948930751734,46.102962493896484,45754000
2017-07-03 00:00:00-04:00,46.278509494741044,46.32909391918535,45.390349910724595,45.59614944458008,33896000
2017-07-05 00:00:00-04:00,45.831207211775904,46.43075183234447,45.55499052104194,46.23090362548828,41882000
2017-07-06 00:00:00-04:00,45.87088018933143,46.4233135702803,45.61549126716773,46.004276275634766,40298000
2017-07-07 00:00:00-04:00,46.167919534397264,46.84581886255221,46.10841001006058,46.6548957824707,33266000
2017-07-10 00:00:00-04:00,46.71142717202017,47.2658467841332,46.71142717202017,47.16021728515625,29030000
2017-07-11 00:00:00-04:00,47.13641510276066,47.35312223266744,46.86862792535097,47.28567886352539,29224000
2017-07-12 00:00:00-04:00,47.649176092919355,48.08408102934724,47.45974368524639,47.98638916015625,32042000
2017-07-13 00:00:00-04:00,48.142099314728306,48.53386179738905,47.844559290160824,48.0453987121582,30492000
2017-07-14 00:00:00-04:00,48.30079520834739,48.47634245069902,48.10987211753097,48.44510269165039,21592000
2017-07-17 00:00:00-04:00,48.415848989756064,48.764465355089825,48.14211043919196,48.39799499511719,33210000
2017-07-18 00:00:00-04:00,48.26905499811704,49.136386766190476,48.20359792415932,48.94298553466797,28266000
2017-07-19 00:00:00-04:00,49.09473625346251,49.37194420920344,48.94596431395678,49.231605529785156,28242000
2017-07-20 00:00:00-04:00,49.44136889869042,49.524679972083455,48.82744346970465,49.202842712402344,28368000
2017-07-21 00:00:00-04:00,49.04464731069936,49.34764308459168,48.80512609631996,49.284664154052734,29266000
2017-07-24 00:00:00-04:00,49.297559092292246,49.897103692369484,49.10762725537784,49.50633239746094,79690000
2017-07-25 00:00:00-04:00,48.13714817516883,48.43617514191292,47.79497500253441,48.0543327331543,118672000
2017-07-26 00:00:00-04:00,48.24029311170584,48.298311967463555,47.617938258242155,47.86985397338867,44432000
2017-07-27 00:00:00-04:00,48.06177114366829,48.07863387958749,46.468936858231274,47.235103607177734,74358000
2017-07-28 00:00:00-04:00,47.010955652473044,47.69529817946804,46.87805142208544,47.52371597290039,36276000
2017-07-31 00:00:00-04:00,47.60652950271842,47.66554339768832,46.70051601287708,46.887474060058594,45670000
2017-08-01 00:00:00-04:00,47.002028261461085,47.333290023203226,46.86069833421592,46.940040588378906,28052000
2017-08-02 00:00:00-04:00,47.02979877062842,47.06600238669588,46.24379552740567,46.99359893798828,40788000
2017-08-03 00:00:00-04:00,47.06600380879144,47.11063311885888,46.58696136020735,46.629608154296875,22478000
2017-08-04 00:00:00-04:00,46.8106105815028,46.988639757636676,46.60481483170732,46.901859283447266,25092000
2017-08-07 00:00:00-04:00,46.98764733959947,47.059059529941955,46.78829477158166,46.899871826171875,28916000
2017-08-08 00:00:00-04:00,46.82747365367446,47.234112649723684,46.737715621479595,46.822513580322266,30102000
2017-08-09 00:00:00-04:00,46.53786519707213,46.801187949752354,46.313220421096304,46.61869812011719,28018000
2017-08-10 00:00:00-04:00,46.36678349475481,46.43124931832855,45.711202503418164,45.800960540771484,54148000
2017-08-11 00:00:00-04:00,45.80690949370734,46.28545253059152,45.68342977220273,46.123294830322266,32334000
2017-08-14 00:00:00-04:00,46.568610985234095,46.666302863552595,46.341488056325936,46.561668395996094,23012000
2017-08-15 00:00:00-04:00,46.6658098169882,46.76697488723772,46.44811139363065,46.5195198059082,22130000
2017-08-16 00:00:00-04:00,46.67672148173799,47.105675153657984,46.61671631987403,46.82648468017578,26906000
2017-08-17 00:00:00-04:00,46.76102144882758,46.8036682426671,46.001797285718034,46.00278854370117,33914000
2017-08-18 00:00:00-04:00,45.969062970150496,46.1694067852082,45.79401136523501,45.92938995361328,26748000
2017-08-21 00:00:00-04:00,45.90906342916445,46.03204373184686,45.55350071986463,45.66606903076172,26024000
2017-08-22 00:00:00-04:00,45.96807491352462,46.71192699997821,45.928897523208725,46.63456726074219,35502000
2017-08-23 00:00:00-04:00,46.46595589029751,46.88400188668446,46.37867979345375,46.742671966552734,22690000
2017-08-24 00:00:00-04:00,46.798706948541536,46.92763857425652,46.15552057307429,46.46050262451172,25892000
2017-08-25 00:00:00-04:00,46.57555459593632,46.650931821234515,46.12379065657195,46.14362716674805,23746000
2017-08-28 00:00:00-04:00,46.212063190822604,46.359344459434325,45.925926346807096,46.026100158691406,20988000
2017-08-29 00:00:00-04:00,45.620451278430565,46.52497420342654,45.588712105293304,46.40397262573242,23172000
2017-08-30 00:00:00-04:00,46.40000625624222,46.90532838288006,46.31966895942855,46.794742584228516,22406000
2017-08-31 00:00:00-04:00,46.92714518345369,47.46767964301148,46.92466703864264,47.3704833984375,33866000
2017-09-01 00:00:00-04:00,47.48106844305831,47.52371523369903,47.1245144866378,47.209312438964844,20858000
2017-09-05 00:00:00-04:00,46.9549139384626,47.179558703783755,46.39652928844489,46.6881217956543,29148000
2017-09-06 00:00:00-04:00,46.806641510047506,46.837881267362846,46.25172626171987,46.714900970458984,27830000
2017-09-07 00:00:00-04:00,46.825485150520365,47.135423485423395,46.49223712224163,47.10517120361328,22332000
2017-09-08 00:00:00-04:00,47.09575768667482,47.14534707117215,46.615228340858096,46.684654235839844,19998000
2017-09-11 00:00:00-04:00,46.97177465285487,47.24352685685665,46.6643144657636,46.77787780761719,26748000
2017-09-12 00:00:00-04:00,46.957889517295996,47.0159083688702,46.4907497974481,46.94449996948242,25696000
2017-09-13 00:00:00-04:00,46.887476971137396,47.25196478794652,46.84978646862486,47.132450103759766,21908000
2017-09-14 00:00:00-04:00,46.91227079077676,47.01294022589759,46.533402158652414,46.621177673339844,28548000
2017-09-15 00:00:00-04:00,46.619191233531005,46.70151103904058,46.18081310940268,46.38115692138672,39886000
2017-09-18 00:00:00-04:00,46.367278500176035,46.45901905237937,45.89071796093438,46.1064338684082,29474000
2017-09-19 00:00:00-04:00,46.287935896352124,46.51257690784219,45.95320092623724,46.45901870727539,24854000
2017-09-20 00:00:00-04:00,46.502166727934906,47.11063648930288,46.49075969339099,46.988643646240234,40080000
2017-09-21 00:00:00-04:00,47.0179011408994,47.24948473358056,46.58398741638677,46.9891357421875,27414000
2017-09-22 00:00:00-04:00,46.7520929066006,47.11062937937381,46.65638355027977,46.776390075683594,21496000
2017-09-25 00:00:00-04:00,46.58745392106083,46.60233035677024,45.846575641943474,46.33107376098633,37468000
2017-09-26 00:00:00-04:00,46.45058252599253,46.81705283360065,46.372727164860606,46.48727798461914,33454000
2017-09-27 00:00:00-04:00,46.750612983485105,47.87581194891243,46.711435589630995,47.60157775878906,46692000
2017-09-28 00:00:00-04:00,47.42056928387711,47.91299747578231,47.38585633874496,47.845062255859375,28018000
2017-09-29 00:00:00-04:00,47.90406599448248,48.39054657397706,47.90406599448248,48.286903381347656,40622000
2017-10-02 00:00:00-04:00,48.38261838684529,48.4862615915967,47.70323214774161,47.97697067260742,30782000
2017-10-03 00:00:00-04:00,47.981428718020325,48.223431842331415,47.740920047372285,48.2055778503418,21666000
2017-10-04 00:00:00-04:00,48.18970842825002,48.32062634786163,47.88472638912361,47.9427490234375,21156000
2017-10-05 00:00:00-04:00,48.24078862704488,48.921166118090966,48.115822027686306,48.85570526123047,35618000
2017-10-06 00:00:00-04:00,48.59834098059266,49.305497672968436,48.52445063715228,49.274749755859375,31060000
2017-10-09 00:00:00-04:00,49.342189725585996,49.612950711892005,49.16862499077445,49.20879364013672,25910000
2017-10-10 00:00:00-04:00,49.3570639761873,49.46467599871771,48.65338055030203,48.985137939453125,23268000
2017-10-11 00:00:00-04:00,49.04662945044171,49.965536911405124,48.99207999630579,49.870323181152344,36300000
2017-10-12 00:00:00-04:00,49.780565152998605,50.16240754852281,49.64468714662896,49.870323181152344,30614000
2017-10-13 00:00:00-04:00,50.04190738984053,50.32208910626672,49.94024669548672,49.98041534423828,26552000
2017-10-16 00:00:00-04:00,50.06769148351542,50.18521987248722,49.665516933576164,50.05380630493164,21420000
2017-10-17 00:00:00-04:00,49.95908544873628,50.31216619846016,49.89015519382357,50.135623931884766,20260000
2017-10-18 00:00:00-04:00,50.138109503109504,50.398950323668224,49.85395520422401,50.22191619873047,25596000
2017-10-19 00:00:00-04:00,49.825692529639106,49.953141066329444,49.45624840713307,49.6813850402832,34284000
2017-10-20 00:00:00-04:00,49.9397478654726,50.01909011648272,49.70270480350427,49.84156036376953,32120000
2017-10-23 00:00:00-04:00,49.84701473350631,49.87726701857971,48.752064375047425,48.87306594848633,32786000
2017-10-24 00:00:00-04:00,48.920676445784665,49.05754572367913,48.453536636473814,49.01935958862305,28902000
2017-10-25 00:00:00-04:00,48.90926222716537,49.31391866974858,48.48526868881252,49.1666374206543,30574000
2017-10-26 00:00:00-04:00,49.51426515906701,49.91297029240875,49.117542541618604,49.16465377807617,47396000
2017-10-27 00:00:00-04:00,51.12693384492735,52.74506022520769,50.92162995541085,51.25983428955078,103682000
2017-10-30 00:00:00-04:00,51.03618451573967,51.56531193241497,50.69748455295272,51.23305892944336,46804000
2017-10-31 00:00:00-04:00,51.22661703233216,51.6233358892376,50.894360213096626,51.228599548339844,30326000
2017-11-01 00:00:00-04:00,51.39124964083282,51.96351945533554,51.276199409840444,51.702674865722656,43262000
2017-11-02 00:00:00-04:00,51.57325048084959,51.84748465391126,51.01139258492195,51.72102737426758,26694000
2017-11-03 00:00:00-04:00,51.71011690424196,52.1023750755153,51.45720614231456,52.069149017333984,27770000
2017-11-06 00:00:00-05:00,52.025009923392616,52.19807900187696,51.67291665253939,51.70663833618164,18294000
2017-11-07 00:00:00-05:00,52.052281947392004,52.23874436085637,51.7225108881764,52.18815994262695,26104000
2017-11-08 00:00:00-05:00,52.07212195189413,52.69894125279004,51.923353811073085,52.48074722290039,24276000
2017-11-09 00:00:00-05:00,51.970466293869634,52.11328310713722,51.36794414797307,51.956581115722656,35892000
2017-11-10 00:00:00-05:00,51.76565965173881,51.90252892161213,51.63424608418629,51.779544830322266,19442000
2017-11-13 00:00:00-05:00,51.61341468168787,52.00715972762755,51.53704620485674,51.63325119018555,18814000
2017-11-14 00:00:00-05:00,51.460678768136674,51.68780168739899,51.04461527708576,51.65507125854492,21012000
2017-11-15 00:00:00-05:00,51.32579228739249,51.55539335267362,51.115528318717686,51.395713806152344,18106000
2017-11-16 00:00:00-05:00,51.51175441091312,52.15692332926445,51.474563321821236,51.993770599365234,23768000
2017-11-17 00:00:00-05:00,52.05972847980375,52.119234223944794,51.26281384312648,51.36992645263672,26712000
2017-11-20 00:00:00-05:00,51.37537777087529,51.5092732506218,51.21073816373628,51.308929443359375,17526000
2017-11-21 00:00:00-05:00,51.57572693825396,52.08898669157897,51.531097629318225,52.08452224731445,22206000
2017-11-22 00:00:00-05:00,52.127169268374594,52.33892013082313,51.933272399634866,52.164859771728516,14538000
2017-11-24 00:00:00-05:00,52.28734912669069,52.5690215149846,52.16486066383673,52.392974853515625,16492000
2017-11-27 00:00:00-05:00,52.49463282792565,53.21220141941328,52.30618788455397,53.1611213684082,35430000
2017-11-28 00:00:00-05:00,53.25931305287393,53.55734875155658,52.29478502530567,52.72869873046875,36424000
2017-11-29 00:00:00-05:00,52.37611814403881,52.5045579530095,51.06049164078053,51.443824768066406,55866000
2017-11-30 00:00:00-05:00,51.5707738390926,51.77905152720008,51.08131938032623,51.38381576538086,45092000
2017-12-01 00:00:00-05:00,51.098172210575164,51.436872173526986,50.42821050239636,50.8333625793457,37762000
2017-12-04 00:00:00-05:00,50.968740158844284,51.144291173897486,50.04735460285429,50.178768157958984,38778000
2017-12-05 00:00:00-05:00,50.135124596338486,51.40909514572202,49.705179777254024,50.562095642089844,38998000
2017-12-06 00:00:00-05:00,50.4093612765474,51.55290960130411,50.34935612710045,51.21272277832031,28710000
2017-12-07 00:00:00-05:00,51.37885764265905,52.016088976422,51.343649066884396,51.80037307739258,30866000
2017-12-08 00:00:00-05:00,52.1594044449779,52.38801426138552,51.864342509952124,52.038902282714844,31170000
2017-12-11 00:00:00-05:00,52.12469253060521,52.36718753032225,51.778058690010525,52.16733932495117,23254000
2017-12-12 00:00:00-05:00,52.06964815176121,52.68952491547265,51.81525048579467,52.00865173339844,33882000
2017-12-13 00:00:00-05:00,52.172797641942154,52.34140231178567,51.900050342574524,52.138580322265625,27680000
2017-12-14 00:00:00-05:00,52.34189504817109,52.91664303619711,52.248168206925044,52.44008255004883,30962000
2017-12-15 00:00:00-05:00,52.752991441506225,53.32179184713229,52.57000599772476,53.160621643066406,63760000
2017-12-18 00:00:00-05:00,53.38130306778893,53.87919075347387,53.07979796083422,53.80976486206055,30292000
2017-12-19 00:00:00-05:00,53.70711472156282,53.80381534382026,53.174018443228746,53.54644012451172,26350000
2017-12-20 00:00:00-05:00,53.60297862933039,53.618350695857906,52.99202694955412,53.23799514770508,28728000
2017-12-21 00:00:00-05:00,53.32873995836311,53.43436568251371,53.01185900248399,53.103599548339844,25640000
2017-12-22 00:00:00-05:00,53.06144529792869,53.146738878655704,52.94441254719107,53.004913330078125,17788000
2017-12-26 00:00:00-05:00,52.99400419260771,53.00491559685436,52.498102813475725,52.855648040771484,18376000
2017-12-27 00:00:00-05:00,52.892838865715824,52.975654298889715,52.48520487599397,52.57545852661133,22324000
2017-12-28 00:00:00-05:00,52.67712446082759,52.80556425276193,52.23725941281069,52.364707946777344,19884000
2017-12-29 00:00:00-05:00,52.34189772500445,52.46884684670972,52.20353778637533,52.238250732421875,23606000
2018-01-02 00:00:00-05:00,52.21940716939454,53.357995537474515,52.21940716939454,53.22063064575195,31766000
2018-01-03 00:00:00-05:00,53.256335915730126,54.355750700510285,53.23154311672444,54.12862777709961,31318000
2018-01-04 00:00:00-05:00,54.40484656612366,54.7514804041107,54.26450789235017,54.338890075683594,26052000
2018-01-05 00:00:00-05:00,54.720237383951606,55.22258571487363,54.63841320373191,55.05943298339844,30250000
2018-01-08 00:00:00-05:00,55.094642223098475,55.49929868498433,55.04505284208835,55.25382614135742,24644000
2018-01-09 00:00:00-05:00,55.4636038097234,55.4636038097234,54.95579968522728,55.18341827392578,26808000
2018-01-10 00:00:00-05:00,54.896283615302465,55.18291607811487,54.74652420696688,55.051998138427734,20734000
2018-01-11 00:00:00-05:00,55.15960717685105,55.28556503634139,54.87049658472819,55.14671325683594,22424000
2018-01-12 00:00:00-05:00,55.050018035799674,56.10132663134189,54.94637481997986,56.069095611572266,38586000
2018-01-16 00:00:00-05:00,56.54813187080861,56.97312049204504,55.871227516712395,56.071571350097656,36462000
2018-01-17 00:00:00-05:00,56.3522468478117,56.499032467639545,55.71402053627322,56.48812484741211,27830000
2018-01-18 00:00:00-05:00,56.5005296762047,56.56202172752031,55.76213321480908,56.332916259765625,27498000
2018-01-19 00:00:00-05:00,56.43506891231279,56.72021070996429,56.16083473617007,56.70632553100586,30552000
2018-01-22 00:00:00-05:00,56.72219609151508,57.865744604493074,56.62301354096879,57.730857849121094,29550000
2018-01-23 00:00:00-05:00,58.051202059219655,58.44246895065979,57.884084303149,58.3264274597168,39138000
2018-01-24 00:00:00-05:00,58.763317447809065,58.865969388250754,57.891521289167045,58.08442687988281,37128000
2018-01-25 00:00:00-05:00,58.551569524647675,58.76431163354587,58.11170450023698,58.62248229980469,29984000
2018-01-26 00:00:00-05:00,58.88977516753866,58.89126205444336,57.92276899966967,58.89126205444336,42170000
2018-01-29 00:00:00-05:00,58.91308092066135,59.40898226247356,58.717693400861485,58.837703704833984,31494000
2018-01-30 00:00:00-05:00,58.40329128444513,58.90960459029551,58.24410360253714,58.38593292236328,37338000
2018-01-31 00:00:00-05:00,58.70530384445866,58.82977861079239,58.124604467232764,58.62645721435547,36022000
2018-02-01 00:00:00-05:00,58.31750366291617,58.88580846888545,57.988720061776846,58.59520721435547,73514000
2018-02-02 00:00:00-05:00,55.90891582064971,56.10132581213564,55.10307601990697,55.501285552978516,117842000
2018-02-05 00:00:00-05:00,54.57939722930204,55.292505129117984,52.40388126656308,52.68406295776367,83550000
2018-02-06 00:00:00-05:00,51.275213158237804,53.92332476135925,51.07833873275728,53.777034759521484,76630000
2018-02-07 00:00:00-05:00,53.803813916102946,53.88117365517062,52.29875138174202,52.337928771972656,51942000
2018-02-08 00:00:00-05:00,52.55910033343243,52.7604354198397,49.823213214703266,49.97248077392578,66792000
2018-02-09 00:00:00-05:00,50.87352667351269,52.15493558662901,49.44136332550892,51.88467025756836,98360000
2018-02-12 00:00:00-05:00,52.40041465388367,52.841766609935185,51.84599874927794,52.295780181884766,56240000
2018-02-13 00:00:00-05:00,52.069644225040435,52.62604638340829,51.91690726786351,52.27494812011719,31586000
2018-02-14 00:00:00-05:00,52.28387374049977,53.33270409658668,52.05972837561951,53.19533920288086,41304000
2018-02-15 00:00:00-05:00,53.728435037863214,54.256571212523454,52.9240821910196,54.12069320678711,37396000
2018-02-16 00:00:00-05:00,54.22086633158134,54.96124903312961,54.130117040712896,54.32600021362305,39948000
2018-02-20 00:00:00-05:00,54.190122977680886,55.35697742181171,54.05325370420619,54.7271842956543,33754000
2018-02-21 00:00:00-05:00,55.00042193417786,56.3443141726212,54.921571529083906,55.231014251708984,41486000
2018-02-22 00:00:00-05:00,55.49979401074562,55.811714885519635,54.80454007218007,55.04009246826172,28010000
2018-02-23 00:00:00-05:00,55.474503270089066,55.987267393103004,54.96769426169726,55.942138671875,25292000
2018-02-26 00:00:00-05:00,56.12909364877986,56.741036543518234,56.00412704241539,56.716243743896484,30912000
2018-02-27 00:00:00-05:00,56.716240141035705,56.74351486728619,55.38176863743762,55.41747283935547,42964000
2018-02-28 00:00:00-05:00,55.64013845884599,55.920323975107024,54.69792877661116,54.74354934692383,49292000
2018-03-01 00:00:00-05:00,55.02224036000283,55.108029569544456,52.92705409936514,53.13136672973633,55338000
2018-03-02 00:00:00-05:00,52.465369156471894,53.899023163689805,52.07509730730041,53.76264953613281,50162000
2018-03-05 00:00:00-05:00,53.464617792333975,54.60766685300695,53.17401652362872,54.28929901123047,28648000
2018-03-06 00:00:00-05:00,54.65329004456819,54.82834543933603,54.27640394048558,54.593780517578125,23382000
2018-03-07 00:00:00-05:00,54.19309005252428,55.352509918281086,54.048782578410666,55.29498291015625,30748000
2018-03-08 00:00:00-05:00,55.402105894745624,56.108267501930335,55.402105894745624,56.0061149597168,33862000
2018-03-09 00:00:00-05:00,56.507960640273545,57.57414936212211,56.249597958853435,57.56621551513672,42662000
2018-03-12 00:00:00-04:00,57.774984573452286,58.42511353410311,57.48488274196282,57.818626403808594,44306000
2018-03-13 00:00:00-04:00,58.111207579493254,58.41718089353128,56.26348016740989,56.528289794921875,43140000
2018-03-14 00:00:00-04:00,56.82037734611677,57.51265369061829,56.64929077575586,56.973609924316406,41870000
2018-03-15 00:00:00-04:00,57.00733465855208,57.648534772424746,56.31753642186147,57.05890655517578,33382000
2018-03-16 00:00:00-04:00,57.29396905727139,57.36636872328307,56.104300590504835,56.256046295166016,58656000
2018-03-19 00:00:00-04:00,55.42987575383927,55.50971364000211,53.99969477458665,54.55262756347656,63656000
2018-03-20 00:00:00-04:00,54.469801528272725,54.824372954787925,53.67735139651554,54.34086990356445,54598000
2018-03-21 00:00:00-04:00,54.180704646740715,54.980593142219256,53.914899935480875,54.251617431640625,44898000
2018-03-22 00:00:00-04:00,53.557838624870314,53.75173546748775,52.05178503253973,52.22584915161133,69312000
2018-03-23 00:00:00-04:00,52.13758574321913,52.90176997836697,50.823446283165815,50.90675735473633,49880000
2018-03-26 00:00:00-04:00,52.09939566186596,52.5293443201654,50.11479896430372,52.272464752197266,65984000
2018-03-27 00:00:00-04:00,52.75894960278236,52.79068877546152,49.4721159433285,49.934295654296875,60816000
2018-03-28 00:00:00-04:00,49.68485388033702,50.82939354831861,48.79669436686432,49.84701156616211,77698000
2018-03-29 00:00:00-04:00,50.14604189126443,51.972941540520445,49.79047919799269,51.43191146850586,69338000
2018-04-02 00:00:00-04:00,50.959817615214966,51.55043709116375,49.304995725569974,50.216461181640625,65068000
2018-04-03 00:00:00-04:00,50.39101726128376,50.82989103838948,49.45376396334763,50.5164794921875,51322000
2018-04-04 00:00:00-04:00,49.50236615694031,51.213723943837955,49.41707256609332,51.0634651184082,50724000
2018-04-05 00:00:00-04:00,51.89062369515919,51.90649138891989,50.78030130890484,51.20875930786133,35836000
2018-04-06 00:00:00-04:00,50.73567254614326,51.37538582535566,49.90007987275958,50.08356475830078,40134000
2018-04-09 00:00:00-04:00,50.58392859390655,51.80136751782146,50.54227305521171,50.58641052246094,33220000
2018-04-10 00:00:00-04:00,51.090734279213066,51.633746876732836,50.35432045290916,51.400177001953125,36620000
2018-04-11 00:00:00-04:00,51.177018516748994,51.36893285640802,50.54226538528964,50.832862854003906,34060000
2018-04-12 00:00:00-04:00,51.15074275127111,51.804337399767896,50.881964286050106,51.439353942871094,32896000
2018-04-13 00:00:00-04:00,51.915425297700864,52.2174260544613,51.08528453394412,51.37736892700195,25410000
2018-04-16 00:00:00-04:00,51.8489726768016,52.140561438040635,51.272238331440306,51.87624740600586,29776000
2018-04-17 00:00:00-04:00,52.625057782700104,53.80530174936191,52.42124076423234,53.525611877441406,54584000
2018-04-18 00:00:00-04:00,53.5082513959267,53.65652390011302,53.087231639206756,53.3287353515625,31126000
2018-04-19 00:00:00-04:00,53.01285563048583,54.425678340231805,53.01285563048583,54.02598190307617,39884000
2018-04-20 00:00:00-04:00,53.76910123700116,54.28880417094214,53.16558781994128,53.4244499206543,42434000
2018-04-23 00:00:00-04:00,53.70512676619585,53.954072501464275,52.89680886618381,53.25038528442383,69590000
2018-04-24 00:00:00-04:00,52.52587867655048,52.78821020067303,50.22787389638653,50.71286392211914,128220000
2018-04-25 00:00:00-04:00,51.065439929974254,51.3788514546625,50.433660591245754,50.7302131652832,57860000
2018-04-26 00:00:00-04:00,51.23752250402827,52.16981953466603,50.604256219813294,51.73788833618164,50926000
2018-04-27 00:00:00-04:00,51.84848080444957,52.153954766928194,50.95833860667652,51.14975357055664,40746000
2018-04-30 00:00:00-04:00,51.29703568793298,51.492915085401805,50.49764283582104,50.51152801513672,34492000
2018-05-01 00:00:00-04:00,50.3984564742984,51.65953333511568,50.11628846472264,51.61093521118164,35326000
2018-05-02 00:00:00-04:00,51.27620634858053,51.77111649862341,50.73864940386383,50.88196563720703,34698000
2018-05-03 00:00:00-04:00,50.848247202685805,51.11206561849054,49.981410941124295,50.89436340332031,39282000
2018-05-04 00:00:00-04:00,50.5625941382445,52.162870191717175,50.48523440950403,52.11922836303711,36892000
2018-05-07 00:00:00-04:00,52.262555879427666,52.813502399515386,52.083039803551785,52.53877258300781,34400000
2018-05-08 00:00:00-04:00,52.79465149922729,52.82490378360529,52.1509732359064,52.49562454223633,26030000
2018-05-09 00:00:00-04:00,52.76886730132735,54.25161135803758,52.670180384918446,54.00117874145508,47160000
2018-05-10 00:00:00-04:00,54.30120435903891,55.01579922866569,54.24566364329505,54.820411682128906,36414000
2018-05-11 00:00:00-04:00,54.56948509726962,54.995960595802366,54.411292432619845,54.716766357421875,30504000
2018-05-14 00:00:00-04:00,54.82537334346097,55.44921893906917,54.78719099199496,54.8764533996582,39338000
2018-05-15 00:00:00-04:00,54.395421806679366,54.50551196997934,53.49684650754425,53.798851013183594,35738000
2018-05-16 00:00:00-04:00,53.80976314670501,54.27045594367207,53.63818093955972,53.760169982910156,25628000
2018-05-17 00:00:00-04:00,53.62975123129193,54.10283853372992,53.379814247827525,53.61983108520508,25738000
2018-05-18 00:00:00-04:00,52.863087042623874,53.24642011587584,52.79762996645522,53.04359436035156,35482000
2018-05-21 00:00:00-04:00,53.50775639393948,54.21689547540885,53.4581670156506,53.756202697753906,25180000
2018-05-22 00:00:00-04:00,54.043335542942394,54.142514308298246,53.173521804708045,53.324771881103516,22226000
2018-05-23 00:00:00-04:00,53.061450116078554,53.954074154766744,52.91069566583666,53.852909088134766,23740000
2018-05-24 00:00:00-04:00,53.89952164864626,53.910429269372564,53.1755060953026,53.827613830566406,20604000
2018-05-25 00:00:00-04:00,53.882162527365246,54.03192570903824,53.686283151739836,53.759674072265625,22224000
2018-05-29 00:00:00-04:00,53.35898964912242,53.623803084012096,52.718285133936725,52.96574020385742,36076000
2018-05-30 00:00:00-04:00,53.23401529290536,53.507258164296886,52.890355280760616,53.431880950927734,28686000
2018-05-31 00:00:00-04:00,53.65652836749955,55.04505375948819,53.45817084015315,54.54915237426758,79368000
2018-06-01 00:00:00-04:00,55.1873731007979,56.44150724319463,55.14472252900875,56.2848014831543,63202000
2018-06-04 00:00:00-04:00,56.45837105864911,57.418438425591134,56.38398509535584,57.179412841796875,44754000
2018-06-05 00:00:00-04:00,57.25974998898025,57.579109082894355,56.90270039283215,57.07923889160156,32964000
2018-06-06 00:00:00-04:00,57.1660258665135,57.26223085912738,56.35026972869474,56.877410888671875,34934000
2018-06-07 00:00:00-04:00,56.759881533622824,56.82385172347052,55.84444723238327,56.256046295166016,36108000
2018-06-08 00:00:00-04:00,56.09685961323271,56.47225504111874,55.70112826427263,56.17124557495117,27284000
2018-06-11 00:00:00-04:00,56.182648642397005,56.9165843277191,56.1062801650855,56.57738494873047,24796000
2018-06-12 00:00:00-04:00,56.5833372860979,56.96667034977643,56.5833372860979,56.938899993896484,26092000
2018-06-13 00:00:00-04:00,57.141720123312105,57.30834603666052,56.700368217230384,56.74251937866211,34302000
2018-06-14 00:00:00-04:00,57.13825529447141,57.82160660348666,57.05841362577938,57.5300178527832,35422000
2018-06-15 00:00:00-04:00,57.520584742562846,57.7184503998392,57.21164145646748,57.48835372924805,44438000
2018-06-18 00:00:00-04:00,57.162051906971335,58.72116815848394,57.07824521357775,58.69389343261719,33038000
2018-06-19 00:00:00-04:00,58.02592410380187,58.65571726703632,57.604408637061226,58.45140838623047,47282000
2018-06-20 00:00:00-04:00,58.680010706447035,59.582055430097064,58.61703177653395,58.71819305419922,51686000
2018-06-21 00:00:00-04:00,58.7896056767175,59.028627478081944,57.69713348494236,57.99269104003906,44966000
2018-06-22 00:00:00-04:00,58.09435511024316,58.26841547546482,57.50720499767632,57.98525619506836,34220000
2018-06-25 00:00:00-04:00,57.27660748631316,57.32570123702275,55.535992641005855,56.49705123901367,57682000
2018-06-26 00:00:00-04:00,56.73806483186919,56.87344343530432,55.987270124992094,56.166786193847656,34688000
2018-06-27 00:00:00-04:00,56.33439691500152,56.84071407841611,55.377307084911294,55.38920974731445,34538000
2018-06-28 00:00:00-04:00,55.16357836620309,56.23522289970997,54.85017056939638,55.87718200683594,29726000
2018-06-29 00:00:00-04:00,56.15141593077127,56.600206117320084,55.88908440855972,55.9966926574707,31562000
2018-07-02 00:00:00-04:00,55.31036062491598,56.681031969084565,54.876446930042064,56.63739013671875,23216000
2018-07-03 00:00:00-04:00,56.99990226522795,57.02419943740615,55.264742906533236,55.356483459472656,16448000
2018-07-05 00:00:00-04:00,55.76907048507362,56.73806299233003,55.69567577703907,56.59672927856445,28594000
2018-07-06 00:00:00-04:00,56.62053323618329,57.336119326097574,56.39588845660684,57.28057861328125,21820000
2018-07-09 00:00:00-04:00,57.5245597123931,57.91780914101105,57.387194819139,57.88557434082031,21584000
2018-07-10 00:00:00-04:00,58.019965299848046,58.19402565354228,57.65150867103395,57.878631591796875,21334000
2018-07-11 00:00:00-04:00,57.30735736449312,58.538185792117275,57.294962855903464,58.09286880493164,33252000
2018-07-12 00:00:00-04:00,58.261468868395724,59.60684802511169,58.17418898558907,59.570648193359375,44148000
2018-07-13 00:00:00-04:00,59.6470186605164,60.02588729269595,59.27459698855449,59.72735595703125,32612000
2018-07-16 00:00:00-04:00,59.69710032807328,59.940094719942486,59.180866827730966,59.3350944519043,26784000
2018-07-17 00:00:00-04:00,58.652236340079845,60.43847167207757,58.61553709831687,60.15679931640625,40162000
2018-07-18 00:00:00-04:00,59.93116989766514,60.578817000428316,59.734299252775074,60.14837646484375,38948000
2018-07-19 00:00:00-04:00,59.83794332123069,60.32541524847211,59.39560011669375,59.463539123535156,38338000
2018-07-20 00:00:00-04:00,59.47048140239475,60.042255657242656,59.33906405036968,59.403038024902344,37938000
2018-07-23 00:00:00-04:00,59.29294272859195,60.2569750899335,59.11193600879437,60.053653717041016,65446000
2018-07-24 00:00:00-04:00,63.029057867068055,63.227419154434,61.69706838665131,62.39182662963867,107600000
2018-07-25 00:00:00-04:00,62.117597865204,63.38809541844173,61.940559956385655,63.27404022216797,51104000
2018-07-26 00:00:00-04:00,62.83963148817105,63.842345640743225,62.63234507695743,63.74812316894531,54686000
2018-07-27 00:00:00-04:00,63.92764032936621,64.04268678664052,61.71442994578182,62.13098907470703,48362000
2018-07-30 00:00:00-04:00,61.742200025261354,62.13098879607649,60.70675921387237,60.99785232543945,43896000
2018-07-31 00:00:00-04:00,61.080667817479224,61.55177639947601,60.31103168905278,60.858009338378906,39382000
2018-08-01 00:00:00-04:00,61.44764120126705,61.784354899209696,60.744948993606215,61.14414978027344,36994000
2018-08-02 00:00:00-04:00,60.425584496741564,61.7104667119602,60.4037654708789,61.54780960083008,34704000
2018-08-03 00:00:00-04:00,61.748644838272185,61.81509695272373,60.96710607545385,61.4005241394043,21264000
2018-08-06 00:00:00-04:00,61.571612050334366,61.61376321311959,61.022152480370046,61.376224517822266,22114000
2018-08-07 00:00:00-04:00,62.087347066897074,62.78508294379242,62.07693507500244,62.277278900146484,42506000
2018-08-08 00:00:00-04:00,62.32091643734452,63.06476850332,62.09280225778998,62.549530029296875,34344000
2018-08-09 00:00:00-04:00,62.61895703178096,63.076672285932354,62.48853472509049,62.70474624633789,27326000
2018-08-10 00:00:00-04:00,62.442914440189575,62.54308825195144,61.84684299344489,62.11214828491211,26602000
2018-08-13 00:00:00-04:00,62.047183771312895,62.77962882865743,61.840392980843816,61.920230865478516,27500000
2018-08-14 00:00:00-04:00,62.11164468649074,62.51282794421975,61.46895771112205,62.391334533691406,28080000
2018-08-15 00:00:00-04:00,61.704022407066326,62.08586483466382,60.80941582420639,61.10596466064453,37052000
2018-08-16 00:00:00-04:00,61.59045622905311,61.675257970750934,60.48162067754189,60.7013053894043,32176000
2018-08-17 00:00:00-04:00,60.601134976171906,60.84462122823014,59.706528439964295,60.29417037963867,33092000
2018-08-20 00:00:00-04:00,60.5326942451203,60.7930432067611,59.93959666290858,60.59666442871094,22218000
2018-08-21 00:00:00-04:00,60.64972776796793,61.132735197726866,60.25350080424783,60.371524810791016,23082000
2018-08-22 00:00:00-04:00,60.21333334109884,60.82378930614082,60.16374396189955,60.58675003051758,22296000
2018-08-23 00:00:00-04:00,60.4940129326713,61.25224575840759,60.46772946516041,60.55748748779297,24666000
2018-08-24 00:00:00-04:00,60.7975083008106,61.36283557012292,60.57038537845587,61.330604553222656,24454000
2018-08-27 00:00:00-04:00,61.69707216823736,62.37794527634453,61.52548996574035,62.29859924316406,28580000
2018-08-28 00:00:00-04:00,62.28025544041016,62.31298587132638,61.639055288987485,61.782371520996094,27330000
2018-08-29 00:00:00-04:00,62.23562930064032,62.83914276192529,62.12653038098002,62.71417236328125,36926000
2018-08-30 00:00:00-04:00,62.65218094105127,62.95418546815909,61.849318724961755,62.207855224609375,30104000
2018-08-31 00:00:00-04:00,62.09726750466906,62.114126456740365,60.78511059701387,61.08513259887695,42308000
2018-09-04 00:00:00-04:00,60.62493731993848,60.89024638459833,59.83347835374634,60.06903076171875,41458000
2018-09-05 00:00:00-04:00,59.965388075112344,60.245573578851676,58.28527387752493,59.463539123535156,53988000
2018-09-06 00:00:00-04:00,59.437253899685246,59.45808166722043,57.70358155416032,58.714229583740234,46854000
2018-09-07 00:00:00-04:00,58.11964267239288,58.940362668965435,57.98426407187492,58.396854400634766,32658000
2018-09-10 00:00:00-04:00,58.72463977492341,58.846632602500165,58.05070923287639,58.271385192871094,27670000
2018-09-11 00:00:00-04:00,58.075006914337344,59.05887575957058,57.81961802390241,59.01176452636719,29254000
2018-09-12 00:00:00-04:00,58.61554184719363,59.04648178265225,57.83003423960073,58.09980773925781,35716000
2018-09-13 00:00:00-04:00,58.501484515976244,58.90614096728705,57.98177782832389,58.62248229980469,40068000
2018-09-14 00:00:00-04:00,58.913083692868184,58.913083692868184,58.195015701265106,58.41618728637695,24176000
2018-09-17 00:00:00-04:00,58.40577882192011,58.60661828158501,57.44819334906225,57.51613235473633,34096000
2018-09-18 00:00:00-04:00,57.65647170249509,58.582321797238215,57.59547528537028,57.87714767456055,32314000
2018-09-19 00:00:00-04:00,57.96888931276128,58.3313908288517,57.456125199601075,58.23221206665039,25962000
2018-09-20 00:00:00-04:00,58.5495952904309,59.21063199294111,58.33040619065797,59.090126037597656,29244000
2018-09-21 00:00:00-04:00,59.25624581376571,59.338565624059825,58.12261750425086,58.12559127807617,91222000
2018-09-24 00:00:00-04:00,57.49530773446376,58.77373927041255,57.103049527865714,58.49454879760742,31150000
2018-09-25 00:00:00-04:00,58.72712607615012,59.352454758574964,58.223287034526976,59.20517349243164,33152000
2018-09-26 00:00:00-04:00,59.195254319561855,59.86719858045819,58.784150889168416,59.213600158691406,37650000
2018-09-27 00:00:00-04:00,59.50816642084424,60.344254675953586,59.41146580174746,59.87314987182617,36274000
2018-09-28 00:00:00-04:00,59.71098807412837,59.927203377959636,59.40055408003131,59.8592643737793,35612000
2018-10-01 00:00:00-04:00,60.152834776756606,60.70824186282409,59.66635416408133,59.9311637878418,33164000
2018-10-02 00:00:00-04:00,59.83893668619109,60.72412253885722,59.49131157579455,59.88703918457031,40180000
2018-10-03 00:00:00-04:00,60.1032543406509,60.21136200711805,59.61479110880001,60.07994842529297,26246000
2018-10-04 00:00:00-04:00,59.75760228989109,59.80074471048589,57.715482313943795,58.371063232421875,46576000
2018-10-05 00:00:00-04:00,58.31800151953087,58.61554159078529,57.24288769111712,57.91284942626953,31852000
2018-10-08 00:00:00-04:00,57.524557624559634,58.31105645324983,56.30464073584316,57.32223129272461,46190000
2018-10-09 00:00:00-04:00,57.09361762617503,57.601421645972316,56.73954560012242,56.78913497924805,33690000
2018-10-10 00:00:00-04:00,56.35422776603063,56.38497567691351,54.1281274459752,54.160362243652344,58980000
2018-10-11 00:00:00-04:00,53.50973925718462,55.34556779109662,53.35352912030459,54.089942932128906,67696000
2018-10-12 00:00:00-04:00,55.523096861347575,55.83006142952288,54.30268437302985,55.56772994995117,49370000
2018-10-15 00:00:00-04:00,55.44177314614731,55.63021429950224,54.460878053892145,54.67015075683594,30074000
2018-10-16 00:00:00-04:00,55.217627994318065,56.35274700722505,55.13183877872976,56.18959426879883,38378000
2018-10-17 00:00:00-04:00,56.532759256237064,56.87988872075528,55.24341638076275,55.9173469543457,35652000
2018-10-18 00:00:00-04:00,56.036858277452815,56.15339540928809,53.871754093826716,54.44551086425781,46152000
2018-10-19 00:00:00-04:00,54.73313116691298,55.588064644030325,54.40186941514952,54.806026458740234,41286000
2018-10-22 00:00:00-04:00,55.16952330250244,55.62476039910742,54.54915095810386,55.11299133300781,27116000
2018-10-23 00:00:00-04:00,54.11721732541383,55.44177243403869,53.50825204162199,55.288536071777344,37686000
2018-10-24 00:00:00-04:00,55.2930078869748,55.37334518760278,52.320573164870176,52.4227294921875,49286000
2018-10-25 00:00:00-04:00,53.57222873103137,55.432850277026816,53.33667631790497,54.7271842956543,72956000
2018-10-26 00:00:00-04:00,51.98682652307984,55.39217950296379,51.68432639569695,53.743309020996094,106438000
2018-10-29 00:00:00-04:00,54.377562936883656,54.987027595454904,49.9471814882782,51.31239700317383,81290000
2018-10-30 00:00:00-04:00,50.58244141801836,52.114279389499565,50.282918801031514,52.04534912109375,59768000
2018-10-31 00:00:00-04:00,52.97218913611362,54.94587843763183,52.97218913611362,54.08201599121094,70916000
2018-11-01 00:00:00-04:00,54.12267938183399,54.544194822068334,53.44924442209076,53.85390090942383,40132000
2018-11-02 00:00:00-04:00,54.00366862493669,54.44998068631854,52.94541359959023,53.135345458984375,43438000
2018-11-05 00:00:00-05:00,53.186912421965125,53.2275767002685,51.276205887840575,52.353797912597656,45358000
2018-11-06 00:00:00-05:00,52.31858558730312,53.54842264477756,52.248664069488854,53.040122985839844,28660000
2018-11-07 00:00:00-05:00,53.730419916510975,55.0415818163461,53.586608057537674,54.9577751159668,43388000
2018-11-08 00:00:00-05:00,54.91116216518148,54.956782731858674,53.7735612372915,54.28285217285156,33694000
2018-11-09 00:00:00-05:00,53.75669821736427,53.97142283548305,52.776798181357506,53.409568786621094,34860000
2018-11-12 00:00:00-05:00,53.21666748640021,53.26476998164376,51.59110279461373,52.037906646728516,34002000
2018-11-13 00:00:00-05:00,52.308178293181584,52.89631588540383,51.59358341935655,51.96897888183594,25750000
2018-11-14 00:00:00-05:00,52.565546647513486,52.85267472897026,51.628788964411534,52.29676818847656,34666000
2018-11-15 00:00:00-05:00,52.14205090644146,53.50131532395517,51.63771624229382,53.113521575927734,41584000
2018-11-16 00:00:00-05:00,52.8249001697272,53.18244537170169,52.31263172050399,52.97565460205078,35366000
2018-11-19 00:00:00-05:00,52.7336550830274,52.96226867525788,50.724265514564266,50.94989776611328,45684000
2018-11-20 00:00:00-05:00,49.95165011439261,51.44233186700774,49.699734383253194,51.10015869140625,54458000
2018-11-21 00:00:00-05:00,51.83706669619646,52.303215207880605,51.546964840550686,51.743839263916016,29698000
2018-11-23 00:00:00-05:00,51.2514102979892,51.7225189105899,51.004450849399845,51.08280563354492,14178000
2018-11-26 00:00:00-05:00,51.77210565786005,52.41677519212862,51.56233731257599,52.36421203613281,31558000
2018-11-27 00:00:00-05:00,52.13609310498648,52.90077288477134,51.84648690239975,52.18270492553711,33048000
2018-11-28 00:00:00-05:00,52.439588587382175,54.195079932226704,51.72003368504357,54.14201736450195,46042000
2018-11-29 00:00:00-05:00,53.732407489695966,54.5565969593505,53.656534629437374,54.28038024902344,31004000
2018-11-30 00:00:00-05:00,54.33244830687817,55.0276985168457,53.715049685217814,55.0276985168457,59668000
2018-12-03 00:00:00-05:00,56.1439681452129,56.28480243165249,55.13083828122515,55.360443115234375,57532000
2018-12-04 00:00:00-05:00,55.193328765578826,55.25531643727826,52.60422736109533,52.68803405761719,45630000
2018-12-06 00:00:00-05:00,51.821690517960654,53.52858361219616,51.69672392391743,53.46213150024414,47436000
2018-12-07 00:00:00-05:00,53.17203951222094,53.80679274557166,51.54250584829697,51.90005111694336,42682000
2018-12-10 00:00:00-05:00,51.71954044563596,52.54571236714273,51.22661659854662,52.22734451293945,33652000
2018-12-11 00:00:00-05:00,52.909704710182965,53.08128692952713,52.07460768112649,52.64737319946289,33852000
2018-12-12 00:00:00-05:00,53.412544503125076,54.13903818940161,53.159138117751525,53.24641799926758,28960000
2018-12-13 00:00:00-05:00,53.34262138246807,53.97489636278755,52.81299834519464,53.23699188232422,24986000
2018-12-14 00:00:00-05:00,52.56654035265501,53.14674409029984,52.038404143978894,52.15444564819336,36358000
2018-12-17 00:00:00-05:00,51.92137162429705,52.683573360961546,50.4148259287533,50.86212921142578,49932000
2018-12-18 00:00:00-05:00,51.276203307045996,52.5501740698166,51.101643539839884,51.74284744262695,43640000
2018-12-19 00:00:00-05:00,51.93524523567236,53.34459814834381,50.5536664580693,51.348594665527344,58264000
2018-12-20 00:00:00-05:00,50.87948606483592,51.94270112404546,49.97992316930965,50.75947952270508,53674000
2018-12-21 00:00:00-05:00,51.17900219393605,51.45819261563944,48.65734437739883,49.156219482421875,104656000
2018-12-24 00:00:00-05:00,48.81255954504029,50.19116464341716,48.48228907614049,48.829917907714844,36360000
2018-12-26 00:00:00-05:00,49.49046727468229,51.99278464310621,49.22565382969289,51.96303176879883,46318000
2018-12-27 00:00:00-05:00,50.8893994630254,52.235274224650134,49.93726596635877,52.21345520019531,45996000
2018-12-28 00:00:00-05:00,52.54075084153076,52.775311987505624,51.672923407636674,51.905006408691406,34398000
2018-12-31 00:00:00-05:00,52.457936179774954,52.71382450957579,51.22859846003051,51.8197135925293,33110000
2019-01-02 00:00:00-05:00,50.93898977352967,52.6047230648871,50.843776043780714,52.301727294921875,31868000
2019-01-03 00:00:00-05:00,52.10287264182408,52.875981979933826,50.69947078305662,50.85319900512695,41960000
2019-01-04 00:00:00-05:00,51.700688682993224,53.557344942092904,51.41802506935815,53.46163558959961,46022000
2019-01-07 00:00:00-05:00,53.60545509662506,53.69124431582315,52.696467715878086,53.35502624511719,47446000
2019-01-08 00:00:00-05:00,53.8548939366267,54.21938178625841,52.97962822517848,53.82365417480469,35414000
2019-01-09 00:00:00-05:00,53.95357439752464,54.13457733639377,53.2781531970929,53.6391716003418,26998000
2019-01-10 00:00:00-05:00,53.306426813330056,53.54793055338616,52.79763149181819,53.499332427978516,26598000
2019-01-11 00:00:00-05:00,53.05648645219858,53.228564287913436,52.38850724708884,52.78721237182617,30864000
2019-01-14 00:00:00-05:00,52.2352805449362,52.48868696018829,51.99774560855751,52.14453125,28490000
2019-01-15 00:00:00-05:00,52.4668659224875,53.96746406204631,52.28982800056554,53.880184173583984,37518000
2019-01-16 00:00:00-05:00,54.05325450748139,54.6661886897786,53.95457136636317,54.028953552246094,38280000
2019-01-17 00:00:00-05:00,53.95358208360552,54.583870871208035,53.71901713298496,54.50551986694336,24896000
2019-01-18 00:00:00-05:00,54.97513352063556,55.44177767329486,54.51344944130372,54.911163330078125,44892000
2019-01-22 00:00:00-05:00,54.35079086117299,54.498075902626475,53.10558170056644,53.489410400390625,39632000
2019-01-23 00:00:00-05:00,53.89752870932748,54.19953318451683,52.940938434676696,53.77603530883789,25194000
2019-01-24 00:00:00-05:00,53.68182026674649,53.95407191142613,53.06243916780323,53.75571060180664,29114000
2019-01-25 00:00:00-05:00,54.263016457589686,54.71577542869572,54.14251429554499,54.6240348815918,23260000
2019-01-28 00:00:00-05:00,54.05672072326006,54.22036529452775,53.29005462767031,53.5504035949707,29334000
2019-01-29 00:00:00-05:00,53.6089221228322,53.7919113705398,52.86407877841263,53.064422607421875,19704000
2019-01-30 00:00:00-05:00,53.42643557606418,54.52535482106467,53.390731369867474,54.44948196411133,29452000
2019-01-31 00:00:00-05:00,55.15613401300113,55.92130947092157,54.80950019306475,55.833038330078125,40232000
2019-02-01 00:00:00-05:00,55.654516947095594,56.25505660568584,55.25581557707563,55.4725227355957,33116000
2019-02-04 00:00:00-05:00,55.49185868396291,56.648796650028686,55.41747272312424,56.603172302246094,78408000
2019-02-05 00:00:00-05:00,56.01850335517409,57.16602057091122,55.719476412753856,57.12138748168945,82296000
2019-02-06 00:00:00-05:00,56.99245699091347,57.227018124056855,55.459624180838055,55.684268951416016,48256000
2019-02-07 00:00:00-05:00,55.13531505066765,55.1437445278956,54.23128766882066,54.84223937988281,38298000
2019-02-08 00:00:00-05:00,54.29525305025697,54.80206586505888,54.26351766034865,54.667179107666016,21766000
2019-02-11 00:00:00-05:00,54.73511835990443,55.21515207697365,54.54915533036909,54.6542854309082,18498000
2019-02-12 00:00:00-05:00,55.0951360411319,56.178683086895354,55.0951360411319,55.916847229003906,35036000
2019-02-13 00:00:00-05:00,56.18761512670936,56.674095813860056,55.838499345287154,55.96892166137695,28042000
2019-02-14 00:00:00-05:00,55.78890707502711,56.34084481447658,55.39664888901063,55.99718475341797,21106000
2019-02-15 00:00:00-05:00,56.49804146814514,56.49804146814514,55.37829460553834,55.52260208129883,27826000
2019-02-19 00:00:00-05:00,55.37433038810258,56.01899988835893,55.37433038810258,55.86378479003906,21980000
2019-02-20 00:00:00-05:00,55.98132059644437,56.082981297116646,55.131842722267116,55.57021713256836,24090000
2019-02-21 00:00:00-05:00,55.480451774038514,55.49880139566847,54.44897603280645,54.7579231262207,33272000
2019-02-22 00:00:00-05:00,55.030170687292404,55.40457482595143,54.573942375927736,55.370357513427734,29436000
2019-02-25 00:00:00-05:00,55.63666444539481,55.808742286415196,55.24887071273336,55.40855026245117,26208000
2019-02-26 00:00:00-05:00,55.261760191576904,55.860313518973165,54.88140468154048,55.640628814697266,35026000
2019-02-27 00:00:00-05:00,55.243908298338845,55.82510324372257,54.97364296316191,55.684268951416016,22092000
2019-02-28 00:00:00-05:00,55.49136804808821,56.23472452755319,55.46211080344531,55.86577224731445,27422000
2019-03-01 00:00:00-05:00,56.08645011269494,57.02866357187226,56.08645011269494,56.95526885986328,34086000
2019-03-04 00:00:00-05:00,57.25479323418652,57.798301506845725,56.44597589388642,57.19826126098633,35490000
2019-03-05 00:00:00-05:00,57.32620299909426,58.34230678742909,57.178426102198614,57.98029708862305,40094000
2019-03-06 00:00:00-05:00,58.107739401073324,58.255516282129726,57.67580822390743,57.769535064697266,23602000
2019-03-07 00:00:00-05:00,57.549355197546085,57.70209215281522,56.61755383444335,57.07080841064453,30086000
2019-03-08 00:00:00-05:00,56.2302536858285,57.1997417315838,56.04676882458191,57.02716827392578,23694000
2019-03-11 00:00:00-04:00,57.127837740777274,58.511898680700604,57.106514344542475,58.47966766357422,30032000
2019-03-12 00:00:00-04:00,58.63042169944413,59.791324739143484,58.63042169944413,59.37179183959961,42220000
2019-03-13 00:00:00-04:00,59.80223411527283,59.86124422838143,59.40452025427546,59.4615478515625,25888000
2019-03-14 00:00:00-04:00,59.459566851406144,59.74123922576075,59.07326001338981,59.137725830078125,27302000
2019-03-15 00:00:00-04:00,59.408991597657796,59.5934639595921,58.86399263821987,59.02714538574219,51886000
2019-03-18 00:00:00-04:00,58.99689299412043,59.257737607989256,58.58975837909338,58.94036102294922,24442000
2019-03-19 00:00:00-04:00,59.097553074054794,59.6772648886832,58.985480400237876,59.63015365600586,29788000
2019-03-20 00:00:00-04:00,59.57759204890789,60.99537468269679,59.48783401935632,60.81883239746094,41508000
2019-03-21 00:00:00-04:00,60.499969664619066,61.31523015861807,60.33036996643317,61.29985809326172,28150000
2019-03-22 00:00:00-04:00,60.93884747487413,61.175886781357356,59.80571090634118,59.887535095214844,34422000
2019-03-25 00:00:00-04:00,59.48634632853268,59.97629637539744,59.01226397560031,59.378238677978516,27576000
2019-03-26 00:00:00-04:00,59.76553245948187,59.88752527927204,58.603638248143895,59.00432586669922,30752000
2019-03-27 00:00:00-04:00,59.10747706719448,59.10747706719448,57.73432377537689,58.41767883300781,29428000
2019-03-28 00:00:00-04:00,58.293208898811386,58.3799893705028,57.69465556823336,58.13302993774414,22402000
2019-03-29 00:00:00-04:00,58.525285785823435,58.713235095709805,57.8409432687041,58.36213684082031,30890000
2019-04-01 00:00:00-04:00,58.890274595087455,59.51808520124541,58.83176010564364,59.45758819580078,27706000
2019-04-02 00:00:00-04:00,59.51063869950825,59.79627986782097,59.073751255208485,59.78289031982422,18288000
2019-04-03 00:00:00-04:00,60.13795828936731,60.52972083098244,59.76008470919259,60.04423522949219,22180000
2019-04-04 00:00:00-04:00,60.06803792748894,60.527243852136195,59.956460872264365,60.472694396972656,21022000
2019-04-05 00:00:00-04:00,60.465254086840815,60.51930791115467,60.00555254911908,60.07596969604492,20012000
2019-04-08 00:00:00-04:00,60.059108496061306,60.19994278464062,59.741236305443195,59.91876983642578,21750000
2019-04-09 00:00:00-04:00,59.601890367217,59.862731184859946,59.42782623456685,59.64155960083008,19668000
2019-04-10 00:00:00-04:00,59.76058241007699,59.95150172266338,59.540897699099844,59.82802200317383,15510000
2019-04-11 00:00:00-04:00,59.94951681497526,60.13994427440462,59.7333052989614,59.983734130859375,16998000
2019-04-12 00:00:00-04:00,60.282767929038975,60.65122459868756,60.167225831691304,60.63535690307617,24312000
2019-04-15 00:00:00-04:00,60.70279374064324,60.96116022045468,60.23020202953711,60.823795318603516,23796000
2019-04-16 00:00:00-04:00,60.99587332322984,61.29242215401881,60.74990513467327,61.09059143066406,22622000
2019-04-17 00:00:00-04:00,61.342999928729455,61.7446826240801,61.13968232787188,61.498714447021484,30366000
2019-04-18 00:00:00-04:00,61.739722177019004,61.78633778477125,61.46251424224108,61.56467056274414,24750000
2019-04-22 00:00:00-04:00,61.3266379946004,62.20289491593463,61.1629896255075,62.17413330078125,19084000
2019-04-23 00:00:00-04:00,62.31695863453765,63.199166954181834,62.08537124189712,63.00873947143555,31868000
2019-04-24 00:00:00-04:00,63.008733957122125,63.1778380265798,62.47415458773735,62.486053466796875,23396000
2019-04-25 00:00:00-04:00,62.99434267490124,63.11831800214726,62.384386183569774,62.847557067871094,31344000
2019-04-26 00:00:00-04:00,63.14708355975178,63.42131769691393,62.73151950807599,63.34742736816406,27228000
2019-04-29 00:00:00-04:00,63.50066293959323,64.31692221345482,63.06427110185339,64.27873229980469,72368000
2019-04-30 00:00:00-04:00,59.04350662741325,59.55676257846437,58.66513363960765,59.45659255981445,133178000
2019-05-01 00:00:00-04:00,59.384193611523294,59.47097787129944,58.10377581278229,58.18510437011719,74340000
2019-05-02 00:00:00-04:00,58.149393720291656,58.48561553382337,57.44174152090412,57.847389221191406,45098000
2019-05-03 00:00:00-04:00,58.38792554656024,59.08169263592699,58.19651060217276,58.989952087402344,41588000
2019-05-06 00:00:00-04:00,58.11963558249348,59.28153357323216,58.07798005150367,59.183841705322266,31774000
2019-05-07 00:00:00-04:00,58.80448638491328,59.24881211607045,57.772514903678946,58.459835052490234,36604000
2019-05-08 00:00:00-04:00,58.38197156478098,58.72811354197233,57.902932921424046,58.05914306640625,25520000
2019-05-09 00:00:00-04:00,57.653495645746986,58.22229232054152,57.25875554325852,57.91979217529297,29556000
2019-05-10 00:00:00-04:00,57.962940468651176,58.33188896062332,56.84864920756702,57.9034309387207,31650000
2019-05-13 00:00:00-04:00,56.79261252207175,57.12635243643955,55.81370365034524,56.36365509033203,45626000
2019-05-14 00:00:00-04:00,56.64780438425735,56.77425786703427,55.7160030496759,55.781959533691406,40392000
2019-05-15 00:00:00-04:00,55.66740844227234,58.43206092531707,55.61038084252998,58.06013488769531,59302000
2019-05-16 00:00:00-04:00,58.11170286316471,59.2185557963173,57.94359384914411,58.7395133972168,35308000
2019-05-17 00:00:00-04:00,58.30957232000944,58.82828398541456,57.84292818102137,57.9599609375,25362000
2019-05-20 00:00:00-04:00,57.17742890795264,57.17742890795264,56.440519449165286,56.76384735107422,30602000
2019-05-21 00:00:00-04:00,57.250826662798524,57.425386446076885,56.69690637604064,57.248844146728516,20562000
2019-05-22 00:00:00-04:00,57.09064953946734,57.71201318585571,57.07825124759412,57.318763732910156,18826000
2019-05-23 00:00:00-04:00,56.83377289198655,57.03113916733557,56.19356400273092,56.797569274902344,25214000
2019-05-24 00:00:00-04:00,57.12783560846031,57.24486836060925,56.36960275599148,56.46382522583008,18554000
2019-05-28 00:00:00-04:00,56.60615046527899,57.35049814373282,56.466799275668336,56.51093673706055,20948000
2019-05-29 00:00:00-04:00,56.17074596879282,56.28480494749129,55.14175214942321,55.53797912597656,36230000
2019-05-30 00:00:00-04:00,55.548394687102004,55.878169570146916,55.33763507998775,55.610877990722656,18088000
2019-05-31 00:00:00-04:00,54.828839872947505,55.2136560321265,54.71527652351709,54.87148666381836,31582000
2019-06-03 00:00:00-04:00,52.909199282008885,52.912668684359396,50.930554098735364,51.511253356933594,96890000
2019-06-04 00:00:00-04:00,51.79639981884811,52.488184333554216,51.376866936082195,52.292301177978516,60512000
2019-06-05 00:00:00-04:00,52.31759986722469,52.40735790327319,51.226618255402414,51.8038444519043,46988000
2019-06-06 00:00:00-04:00,51.8816968387969,52.069642363032656,51.35108253938689,51.958560943603516,29020000
2019-06-07 00:00:00-04:00,52.28189037260562,53.23154195089518,52.126671488166366,52.980613708496094,43828000
2019-06-10 00:00:00-04:00,53.40857649267084,54.29326663277335,53.323282909136985,53.694217681884766,28510000
2019-06-11 00:00:00-04:00,54.39989210111414,54.74801664539969,53.53603337655254,53.60892868041992,33508000
2019-06-12 00:00:00-04:00,53.55486936276625,53.68231410693232,53.04160963310708,53.512718200683594,23670000
2019-06-13 00:00:00-04:00,53.790912236303534,54.38004097459335,53.68479089781355,54.103328704833984,20814000
2019-06-14 00:00:00-04:00,54.04035719000536,54.28929914113113,53.630744430671754,53.86976623535156,24582000
2019-06-17 00:00:00-04:00,54.00862367387797,54.61262895010507,53.954074216816096,54.246158599853516,19770000
2019-06-18 00:00:00-04:00,55.11943973209184,55.480454366679965,54.588329772186036,54.80900573730469,34526000
2019-06-19 00:00:00-04:00,54.90818664522496,55.01678993060054,54.3522800809747,54.772804260253906,26714000
2019-06-20 00:00:00-04:00,55.625254564981795,55.675838985558876,54.89627896145822,55.203739166259766,24018000
2019-06-21 00:00:00-04:00,55.03811051103241,55.8667605353799,55.031167921989905,55.807254791259766,50774000
2019-06-24 00:00:00-04:00,55.54095243430775,55.71799034008654,55.20919505940072,55.37730407714844,24236000
2019-06-25 00:00:00-04:00,55.29697547638443,55.32771960798602,53.78546593566501,53.93324661254883,31644000
2019-06-26 00:00:00-04:00,54.1028423919935,54.307155041568436,53.24443945323548,53.573219299316406,34698000
2019-06-27 00:00:00-04:00,53.89208480492423,53.97688276176525,53.35155032511696,53.39023208618164,24078000
2019-06-28 00:00:00-04:00,53.41998464668975,53.69620132446289,53.24988932159318,53.69620132446289,33672000
2019-07-01 00:00:00-04:00,54.60072427201799,54.975132239253035,54.317565004800876,54.54915237426758,29196000
2019-07-02 00:00:00-04:00,54.78867275994016,55.18836914929686,54.5327882241278,55.173988342285156,20630000
2019-07-03 00:00:00-04:00,55.46656960642054,55.937182567074046,55.28556665878392,55.689231872558594,20154000
2019-07-05 00:00:00-04:00,55.509712175195695,56.267449439103345,55.41698037071205,56.16926193237305,29794000
2019-07-08 00:00:00-04:00,55.83204812175117,55.89850023897379,55.132333508714034,55.381771087646484,29888000
2019-07-09 00:00:00-04:00,55.060920642793654,55.93073435346147,54.903719240110554,55.75369644165039,29472000
2019-07-10 00:00:00-04:00,56.151908609835765,56.64880126928357,56.06958879558915,56.57788848876953,30710000
2019-07-11 00:00:00-04:00,56.838228291488626,57.1893265411279,56.509448478196965,56.73508071899414,26004000
2019-07-12 00:00:00-04:00,56.67805836922192,56.90468567231984,56.46135121284725,56.797569274902344,21878000
2019-07-15 00:00:00-04:00,56.79756351489089,57.06237692419117,56.53275388901765,57.05394744873047,21164000
2019-07-16 00:00:00-04:00,56.86649740090158,57.454143110765386,56.86649740090158,57.20024108886719,25352000
2019-07-17 00:00:00-04:00,57.07427935063654,57.44719661941484,56.86104161971904,56.86699295043945,19538000
2019-07-18 00:00:00-04:00,56.63193513480286,56.93790846039602,56.17868433807798,56.891788482666016,25450000
2019-07-19 00:00:00-04:00,56.99493690261568,57.10700958518703,56.09884350416264,56.11371994018555,23184000
2019-07-22 00:00:00-04:00,56.30811247619203,56.533748511850774,55.79932096005546,56.49357986450195,28914000
2019-07-23 00:00:00-04:00,56.703850666264636,56.972133526455515,56.17819635145037,56.93196487426758,20648000
2019-07-24 00:00:00-04:00,56.166782066704464,56.80351773742075,55.9629650578798,56.51936721801758,27192000
2019-07-25 00:00:00-04:00,56.480684667806266,56.710785142445566,55.72493373698606,56.3314208984375,54762000
2019-07-26 00:00:00-04:00,60.89669100249889,62.899633620136136,60.89669100249889,61.750633239746094,121216000
2019-07-29 00:00:00-04:00,61.615745870948935,61.937586892558215,61.0057855147217,61.58301544189453,41382000
2019-07-30 00:00:00-04:00,60.8471010159969,61.33854176111026,60.763789942979905,60.89669418334961,28616000
2019-07-31 00:00:00-04:00,60.74147169390751,61.23935558655443,59.91381293169934,60.41070556640625,39960000
2019-08-01 00:00:00-04:00,60.38244808365186,61.30829448026775,59.85530309041293,60.09234619140625,35426000
2019-08-02 00:00:00-04:00,59.65693772407873,59.97927059539974,59.01226441458213,59.32567596435547,34910000
2019-08-05 00:00:00-04:00,58.16774521908615,58.36164587535304,56.66913339378549,57.26421356201172,47840000
2019-08-06 00:00:00-04:00,57.79829933606973,58.585789466166396,57.60043365387298,58.07402038574219,36014000
2019-08-07 00:00:00-04:00,57.415457948557986,58.50991259599976,57.07031103119351,58.31353759765625,30686000
2019-08-08 00:00:00-04:00,58.83522822791274,59.81959280201801,58.21882466903236,59.81513214111328,30116000
2019-08-09 00:00:00-04:00,59.507673130205106,59.729340362682485,58.758860947292085,58.95771789550781,20418000
2019-08-12 00:00:00-04:00,58.51636529528973,58.79456449803921,57.956989332399154,58.24361801147461,22064000
2019-08-13 00:00:00-04:00,58.236177705409375,59.77744005135375,58.16873811379174,59.346004486083984,28434000
2019-08-14 00:00:00-04:00,58.32147609646405,58.65472037886696,57.57762400887697,57.735321044921875,35430000
2019-08-15 00:00:00-04:00,57.94260643286453,58.33882964015556,57.67333234515644,57.98674011230469,28506000
2019-08-16 00:00:00-04:00,58.55554289281411,58.70679297193072,58.169236033164765,58.47718811035156,24916000
2019-08-19 00:00:00-04:00,59.103019984656655,59.973825052368134,59.03210719943872,59.529991149902344,24450000
2019-08-20 00:00:00-04:00,59.2775765475695,59.40899011785179,58.667616151780344,58.6914176940918,20206000
2019-08-21 00:00:00-04:00,59.30088211482607,59.53593889627519,58.909119551268375,59.09061813354492,14152000
2019-08-22 00:00:00-04:00,59.20070661276185,59.44766604994805,58.46231022954829,59.087642669677734,17352000
2019-08-23 00:00:00-04:00,58.7727427748867,59.29344073521031,57.02865847577189,57.20619201660156,36254000
2019-08-26 00:00:00-04:00,57.49728508668494,58.11269736465062,57.26917090695185,58.078975677490234,21166000
2019-08-27 00:00:00-04:00,58.66513575010437,58.764314514394854,57.75069271231088,58.061126708984375,23460000
2019-08-28 00:00:00-04:00,57.7660678296099,58.44198094303764,57.53696237493225,58.20642852783203,16810000
2019-08-29 00:00:00-04:00,58.83473662804667,59.4680029662167,58.77820465196283,59.2225341796875,19636000
2019-08-30 00:00:00-04:00,59.52552378949316,59.52552378949316,58.80001756048857,59.03854751586914,18064000
2019-09-03 00:00:00-04:00,58.6081026279347,58.96663910917383,57.70853983655242,57.998146057128906,25908000
2019-09-04 00:00:00-04:00,58.48908610398832,58.758360180871236,58.09633231531948,58.628929138183594,21312000
2019-09-05 00:00:00-04:00,59.19376342201617,60.202428928101156,59.145660927110434,60.1126708984375,26394000
2019-09-06 00:00:00-04:00,59.96142202276999,60.150358819891544,59.66982949021051,59.82157897949219,18972000
2019-09-09 00:00:00-04:00,59.859258753463266,60.527237915785925,59.169460567900614,59.769500732421875,31854000
2019-09-10 00:00:00-04:00,59.31426820929978,60.00406644767936,59.31029939412183,59.790828704833984,27922000
2019-09-11 00:00:00-04:00,59.70107607847747,60.62246176519514,59.621234406143635,60.49997329711914,23522000
2019-09-12 00:00:00-04:00,60.67204512491026,61.611776558659884,60.626916405154056,61.242332458496094,31644000
2019-09-13 00:00:00-04:00,61.1005056186852,61.543843853790506,60.85106803599327,61.49325942993164,23676000
2019-09-16 00:00:00-04:00,61.017684408775345,61.443168609925806,60.75733544617738,61.076698303222656,28218000
2019-09-17 00:00:00-04:00,61.0767020090676,61.24381977351142,60.66609421799294,60.98991775512695,20806000
2019-09-18 00:00:00-04:00,61.00777790676266,61.305318004923365,60.324922189704154,61.127288818359375,17440000
2019-09-19 00:00:00-04:00,61.11091940299707,61.70699079794406,61.11042377402852,61.42978286743164,16554000
2019-09-20 00:00:00-04:00,61.1763790958977,61.63062495673353,60.677503925418364,60.987937927246094,37692000
2019-09-23 00:00:00-04:00,60.82577681081877,61.47590584591397,60.68742065329418,61.228450775146484,20798000
2019-09-24 00:00:00-04:00,61.49177059527287,61.84435574702612,60.03580563912053,60.417152404785156,35804000
2019-09-25 00:00:00-04:00,60.30210031254571,61.88948256524728,59.96439160709541,61.78633499145508,26798000
2019-09-26 00:00:00-04:00,61.59789701702102,61.7233630416262,61.08612790525921,61.6053352355957,23166000
2019-09-27 00:00:00-04:00,61.63210816601724,61.73922455625371,60.261932446996404,60.79502868652344,34122000
2019-09-30 00:00:00-04:00,60.529720383312835,60.86742909728757,60.17366583073107,60.55649948120117,24470000
2019-10-01 00:00:00-04:00,60.62344456685001,61.137695539374256,59.78338755668688,59.805702209472656,24504000
2019-10-02 00:00:00-04:00,59.33460512951932,59.44667782034563,58.15088793600991,58.4132194519043,33030000
2019-10-03 00:00:00-04:00,58.68199662919146,59.0618565300267,57.68027745662701,58.98400115966797,28368000
2019-10-04 00:00:00-04:00,59.225006378900304,60.126059852899786,59.06036675741137,60.051673889160156,24282000
2019-10-07 00:00:00-04:00,59.855294432634274,60.445913908386466,59.72437649993777,59.91728210449219,17040000
2019-10-08 00:00:00-04:00,59.44717293719252,59.84885186964598,58.98648010235407,59.018714904785156,20086000
2019-10-09 00:00:00-04:00,59.57411941039599,59.92769580721436,59.41493171488661,59.62717819213867,15948000
2019-10-10 00:00:00-04:00,59.43873562424109,60.28275765680689,59.402040165607325,59.977779388427734,12842000
2019-10-11 00:00:00-04:00,60.699821792276346,60.93388732436439,60.18457948758753,60.2872314453125,22330000
2019-10-14 00:00:00-04:00,60.19697523733652,60.791559777175,60.09730084134501,60.38938522338867,13296000
2019-10-15 00:00:00-04:00,60.57435365782563,61.8453468528773,60.545592043984996,61.60285186767578,27584000
2019-10-16 00:00:00-04:00,61.58152717988631,62.19545255415238,61.41887007961055,61.640541076660156,22986000
2019-10-17 00:00:00-04:00,62.05709617616047,62.66953466128119,61.98122332826266,62.126522064208984,20958000
2019-10-18 00:00:00-04:00,62.22025103490627,62.389846945762145,61.49871362002821,61.71046447753906,31624000
2019-10-21 00:00:00-04:00,61.92320288687026,62.16172904490306,61.491271721739686,61.70401382446289,18094000
2019-10-22 00:00:00-04:00,61.71393429825658,61.92469389924961,61.48433322932572,61.5512809753418,22862000
2019-10-23 00:00:00-04:00,61.50218828619417,62.38637904416191,61.50218828619417,62.36604690551758,21282000
2019-10-24 00:00:00-04:00,62.43944549560547,62.62739104493596,62.10421489333419,62.43944549560547,20224000
2019-10-25 00:00:00-04:00,62.08685509100352,62.88030037467045,61.945525156371076,62.696815490722656,27104000
2019-10-28 00:00:00-04:00,63.22742480904613,64.42948773482502,63.09402873253453,63.920692443847656,65428000
2019-10-29 00:00:00-04:00,63.27701503448946,63.515049360480866,62.26587139899458,62.51630401611328,52654000
2019-10-30 00:00:00-04:00,62.243062237785296,62.881288593585026,62.01990812718135,62.518287658691406,29204000
2019-10-31 00:00:00-04:00,62.48357798246875,62.806905915329345,61.96188872789895,62.424068450927734,31904000
2019-11-01 00:00:00-04:00,62.77119448475886,63.128244066053234,62.469189984190244,63.09104919433594,28812000
2019-11-04 00:00:00-05:00,63.28246873248054,64.09525103448014,63.28246873248054,63.951934814453125,30632000
2019-11-05 00:00:00-05:00,64.03078380018343,64.3303101709865,63.94053392587644,64.04268646240234,25148000
2019-11-06 00:00:00-05:00,63.97574173910318,64.11954980825729,63.58794801450021,64.0213623046875,24626000
2019-11-07 00:00:00-05:00,64.18352592571782,65.59040103941366,64.1572462377244,64.81134033203125,45140000
2019-11-08 00:00:00-05:00,64.54255550304146,65.3156686315191,64.54255550304146,64.91349029541016,30392000
2019-11-11 00:00:00-05:00,64.6655404685864,64.71017734604172,64.26237843589956,64.38188934326172,17234000
2019-11-12 00:00:00-05:00,64.39627028672976,64.93085348903183,64.18154563023947,64.32882690429688,28852000
2019-11-13 00:00:00-05:00,64.12896855743497,64.59214327190867,64.0778922913603,64.27774047851562,20538000
2019-11-14 00:00:00-05:00,64.21923179805225,65.2467425940979,64.16666485694327,64.92092895507812,28948000
2019-11-15 00:00:00-05:00,65.21351099535102,66.13043212890625,65.0568014433281,66.13043212890625,39286000
2019-11-18 00:00:00-05:00,66.07092657964729,66.14928136486101,65.26855995871942,65.4510498046875,27984000
2019-11-19 00:00:00-05:00,65.78775594457024,65.78775594457024,65.05085031477029,65.09151458740234,21864000
2019-11-20 00:00:00-05:00,65.03053019539448,65.12227074851963,63.93211035270607,64.5594253540039,28892000
2019-11-21 00:00:00-05:00,64.429983634344,65.01861677417807,64.0084644651908,64.47412109375,25546000
2019-11-22 00:00:00-05:00,64.61594984719095,64.80935107828645,63.93954116731855,64.15327453613281,27776000
2019-11-25 00:00:00-05:00,64.28172221866342,64.983419412069,64.24948741504542,64.74687194824219,23590000
2019-11-26 00:00:00-05:00,64.958610565882,65.16193192966712,64.66752126393,65.11184692382812,21910000
2019-11-27 00:00:00-05:00,65.23186685461462,65.34195702798004,64.93680491082387,65.06871032714844,18808000
2019-11-29 00:00:00-05:00,64.79448056426496,64.96060330050324,64.62735900315724,64.67000579833984,12802000
2019-12-02 00:00:00-05:00,64.59412779237636,64.73695217046216,63.4942173937447,63.91474533081055,26538000
2019-12-03 00:00:00-05:00,63.40891914678887,64.32981283468685,63.32908127116737,64.20632934570312,25270000
2019-12-04 00:00:00-05:00,64.76968214417802,65.6707356536874,64.61842828244268,65.40641784667969,35506000
2019-12-05 00:00:00-05:00,65.80610544051169,65.85470734274854,65.17730745296996,65.80412292480469,24408000
2019-12-06 00:00:00-05:00,66.09125298585175,66.57326918477894,66.01587954811114,66.4205322265625,32968000
2019-12-09 00:00:00-05:00,66.39424795925537,67.32108920325197,66.25588803414921,66.59905242919922,30842000
2019-12-10 00:00:00-05:00,66.44781095349515,66.84750734354655,66.15324087344685,66.59410095214844,17606000
2019-12-11 00:00:00-05:00,66.86238425419971,66.9412308789754,66.50533465375199,66.66154479980469,20480000
2019-12-12 00:00:00-05:00,66.60996742116053,67.17380400933571,66.36152489090372,66.8718032836914,29114000
2019-12-13 00:00:00-05:00,66.84254202624732,67.01362860346082,66.53310308380729,66.79146575927734,33170000
2019-12-16 00:00:00-05:00,67.19464273779465,67.6176450772123,66.97694431367663,67.47731018066406,28128000
2019-12-17 00:00:00-05:00,67.56210341582532,67.6573171534824,66.98487344177842,67.1891860961914,32948000
2019-12-18 00:00:00-05:00,67.29381987376564,67.41432203990537,66.96950446775314,67.0414047241211,23330000
2019-12-19 00:00:00-05:00,67.04139984132713,67.32010222500082,66.88469785220087,67.26604461669922,28922000
2019-12-20 00:00:00-05:00,67.59631181966746,67.64094112513031,66.98288209174912,67.0071792602539,50090000
2019-12-23 00:00:00-05:00,67.37961473379353,67.5343342225845,66.84751347435298,66.97793579101562,19936000
2019-12-24 00:00:00-05:00,66.9570960026882,67.04636218280068,66.65757720914816,66.67046356201172,13468000
2019-12-26 00:00:00-05:00,66.7755984844462,67.60127850432504,66.72402280476463,67.56507110595703,23662000
2019-12-27 00:00:00-05:00,67.64094676593687,67.79220062509113,67.0954597754636,67.17678833007812,23212000
2019-12-30 00:00:00-05:00,67.28439606964862,67.29381680371453,66.34366956318935,66.4364013671875,19994000
2019-12-31 00:00:00-05:00,66.24200742818745,66.48351115662122,66.06050885599129,66.4205322265625,19514000
2020-01-02 00:00:00-05:00,66.86783552352698,67.8730239868164,66.77262179859589,67.8730239868164,27278000
2020-01-03 00:00:00-05:00,66.84750602902096,68.12445054033702,66.81378055903824,67.51795959472656,23408000
2020-01-06 00:00:00-05:00,67.02751808217074,69.34288486446046,66.9962821053439,69.31759643554688,46768000
2020-01-07 00:00:00-05:00,69.44900962487809,69.59976407326137,69.00765768436452,69.18370056152344,34330000
2020-01-08 00:00:00-05:00,69.16931937572167,70.01384094895226,69.06071987013958,69.67613220214844,35314000
2020-01-09 00:00:00-05:00,70.51370271406968,70.84843766453115,69.93250773983897,70.40758514404297,33200000
2020-01-10 00:00:00-05:00,70.88760830833094,71.15886487459247,70.39815395293984,70.86231231689453,26258000
2020-01-13 00:00:00-05:00,71.17424616511539,71.48319328541425,70.68429987467893,71.41129302978516,30730000
2020-01-14 00:00:00-05:00,71.40978602242117,71.54020830430976,70.8032951709677,70.94314575195312,26076000
2020-01-15 00:00:00-05:00,71.06366724106702,71.44848723259247,70.99622386006052,71.37013244628906,21550000
2020-01-16 00:00:00-05:00,71.68007680482995,71.94042961571901,71.40981141271426,71.91365051269531,26080000
2020-01-17 00:00:00-05:00,72.52755882003636,73.42067465653932,72.23051437982828,73.36959838867188,52424000
2020-01-21 00:00:00-05:00,73.34380799940449,73.88335497384024,72.90791179429193,73.5049819946289,48930000
2020-01-22 00:00:00-05:00,73.87591692725086,74.41396566579424,73.5253143022731,73.58531188964844,28458000
2020-01-23 00:00:00-05:00,73.76782496757652,74.0628869450804,73.40928463624178,73.62599182128906,26650000
2020-01-24 00:00:00-05:00,74.02914675123824,74.097581382054,72.559292859008,72.70757293701172,29786000
2020-01-27 00:00:00-05:00,70.99026646132236,71.24019965615449,70.3931962623692,70.99968719482422,34132000
2020-01-28 00:00:00-05:00,71.49608309873746,72.14373017574707,70.93174708981847,71.93049621582031,29724000
2020-01-29 00:00:00-05:00,72.32523692514812,72.60691311591184,71.6770979293156,72.23796081542969,21566000
2020-01-30 00:00:00-05:00,71.3155792213507,72.1660483074748,71.16185099783613,72.11646270751953,27110000
2020-01-31 00:00:00-05:00,72.79137767304688,72.88113570169328,70.76809913606537,71.0517578125,43822000
2020-02-03 00:00:00-05:00,72.4834173068673,73.70581988228172,72.23348411673724,73.52233123779297,71636000
2020-02-04 00:00:00-05:00,72.12835848746417,72.76558597572388,70.51866160482743,71.6780776977539,95880000
2020-02-05 00:00:00-05:00,72.5806094341786,72.62871192281361,70.89802115663437,71.70980834960938,36376000
2020-02-06 00:00:00-05:00,72.00389677738615,73.47077712052415,71.92951458765228,73.19356536865234,37822000
2020-02-07 00:00:00-05:00,72.76807866240974,73.65375637066822,72.6698911484849,73.34927368164062,28360000
2020-02-10 00:00:00-05:00,73.25603845469743,74.82556289282728,73.15536902814524,74.81465148925781,38302000
2020-02-11 00:00:00-05:00,75.0432628919805,75.86696037630945,74.65546917942103,74.88407897949219,34852000
2020-02-12 00:00:00-05:00,75.17169810906991,75.39187842015023,74.81514795929655,75.30906677246094,31042000
2020-02-13 00:00:00-05:00,74.88111203769492,75.67207538277923,74.58356816841906,75.04922485351562,22914000
2020-02-14 00:00:00-05:00,75.10575582931537,75.379494369369,74.66043128930994,75.31403350830078,23198000
2020-02-18 00:00:00-05:00,75.09633617170891,75.90068528400265,74.93119712969819,75.3492431640625,25642000
2020-02-19 00:00:00-05:00,75.73405324495363,75.90960425641619,75.42560557770153,75.6185073852539,22746000
2020-02-20 00:00:00-05:00,75.32791507548832,75.72761146175247,74.59645752229817,75.22774505615234,25962000
2020-02-21 00:00:00-05:00,74.6123229813126,74.92821644497522,73.31851954400152,73.56497955322266,42520000
2020-02-24 00:00:00-05:00,70.56924154888083,71.23028195609393,69.76290996883232,70.41104888916016,49560000
2020-02-25 00:00:00-05:00,70.96349127440813,71.25358934741597,68.45522273304678,68.747802734375,51580000
2020-02-26 00:00:00-05:00,69.17725154343258,70.10409286099708,68.26330414608108,68.95359802246094,49776000
2020-02-27 00:00:00-05:00,67.39994084412521,67.90873614395468,65.17334092529835,65.20854949951172,62290000
2020-02-28 00:00:00-05:00,63.193204492422396,66.5722739739755,62.89070436777219,66.41358947753906,80198000
2020-03-02 00:00:00-05:00,67.01562107182778,68.80482655090657,65.71685370908082,68.747802734375,55430000
2020-03-03 00:00:00-05:00,69.31114862306558,69.83233844511692,65.9171948251204,66.33772277832031,56602000
2020-03-04 00:00:00-05:00,67.3910084911232,68.57224739337018,66.30200954107818,68.51373291015625,47598000
2020-03-05 00:00:00-05:00,66.72601271363625,67.12670796663788,64.5485139115482,65.19913482666016,54380000
2020-03-06 00:00:00-05:00,62.976982243327626,64.60353399684716,62.34520300530799,64.25591278076172,64640000
2020-03-09 00:00:00-04:00,59.75413363170908,62.12305473019572,59.410969211683664,60.291194915771484,69252000
2020-03-10 00:00:00-04:00,62.20537437076088,63.26957678968302,60.22771640855486,63.23585510253906,54872000
2020-03-11 00:00:00-04:00,61.901885489595976,62.33133476819371,59.06879829263046,60.04869842529297,54732000
2020-03-12 00:00:00-04:00,55.670873971130256,58.950268854567426,54.96917315599001,55.121910095214844,94326000
2020-03-13 00:00:00-04:00,58.2679115330629,60.22225964263293,55.15860802791231,60.21581268310547,79400000
2020-03-16 00:00:00-04:00,54.03391030090798,56.804014722190885,52.91664529324998,53.21022033691406,96520000
2020-03-17 00:00:00-04:00,54.08498426425192,55.838489131429206,52.025010467573345,55.44474411010742,83194000
2020-03-18 00:00:00-04:00,52.56256725349607,54.796601385111515,51.42496645364691,54.11225891113281,93044000
2020-03-19 00:00:00-04:00,53.964983044434405,57.15809373620562,52.34487397039444,55.127872467041016,74064000
2020-03-20 00:00:00-04:00,56.08148743290861,56.45738229776542,52.669687167629704,52.97268295288086,82878000
2020-03-23 00:00:00-04:00,52.38552980947213,52.90821024000195,50.02999846959218,52.27444839477539,83672000
2020-03-24 00:00:00-04:00,54.7465237525493,56.20199314271335,53.87621437902263,56.037353515625,72468000
2020-03-25 00:00:00-04:00,55.76807440928379,56.838723734721434,53.70661363639943,54.629486083984375,90324000
2020-03-26 00:00:00-04:00,55.27912035694048,58.09385791556648,54.15392148412994,57.66936492919922,76562000
2020-03-27 00:00:00-04:00,55.91139183073007,57.08072809299469,54.747511270415124,55.057945251464844,62794000
2020-03-30 00:00:00-04:00,56.16777321835151,57.078247414984624,54.474269571410154,56.84566879272461,58736000
2020-03-31 00:00:00-04:00,56.96567688694709,58.18906316864204,56.370097362055304,57.62125778198242,65228000
2020-04-01 00:00:00-04:00,55.7393111206098,56.00808955487203,54.22631489814813,54.65328598022461,51970000
2020-04-02 00:00:00-04:00,54.54914768908642,55.67831525812242,54.20846522221107,55.39366912841797,56410000
2020-04-03 00:00:00-04:00,55.278626230732584,55.480952582798494,53.31337022040269,54.1871452331543,51374000
2020-04-06 00:00:00-04:00,56.18562539316482,59.04945270981069,55.7889027932641,58.67455291748047,63320000
2020-04-07 00:00:00-04:00,60.3516945343309,60.538652600864694,58.37999159575854,58.643314361572266,61620000
2020-04-08 00:00:00-04:00,59.6618882417758,60.247051966830085,58.71223673380825,59.855289459228516,40334000
2020-04-09 00:00:00-04:00,60.40971213758575,60.59864892090374,59.132268239290795,59.83396911621094,54028000
2020-04-13 00:00:00-04:00,59.58254746490999,60.228211985811114,58.631904675648435,60.02439498901367,38702000
2020-04-14 00:00:00-04:00,61.49028773908295,63.2646206472992,60.92346976589179,62.74293518066406,63358000
2020-04-15 00:00:00-04:00,61.81459930556667,63.23287746103691,61.19422699271191,62.34967803955078,42236000
2020-04-16 00:00:00-04:00,62.837645447215486,63.14609692046677,61.40250825663297,62.35612487792969,57896000
2020-04-17 00:00:00-04:00,63.55968823620801,63.97128734965872,62.781123107398116,63.42579650878906,51050000
2020-04-20 00:00:00-04:00,62.97402173117988,63.31768179285646,62.307033746712925,62.54060363769531,35292000
2020-04-21 00:00:00-04:00,61.62616202853529,61.98767228700058,59.756116084668555,60.111183166503906,49648000
2020-04-22 00:00:00-04:00,61.54681311207686,63.46942212095462,61.352916257316856,62.40472412109375,46296000
2020-04-23 00:00:00-04:00,62.76822057097703,63.87953802477549,62.50985788688982,63.03749465942383,34202000
2020-04-24 00:00:00-04:00,62.235629056290655,63.3618230427375,61.6901382435585,63.30677795410156,37402000
2020-04-27 00:00:00-04:00,64.07045614945028,64.1745987676371,62.73449772386327,63.02212142944336,44186000
2020-04-28 00:00:00-04:00,63.634064753405866,63.711420702689196,61.0147111939967,61.124305725097656,80700000
2020-04-29 00:00:00-04:00,66.69874197813101,67.45003233788705,65.79273212855323,66.55889892578125,108358000
2020-04-30 00:00:00-04:00,66.02233937163489,66.94669893140887,65.5333767050034,66.78305053710938,55842000
2020-05-01 00:00:00-04:00,65.66180653739475,67.01760531854285,64.94622420976376,65.32608032226562,48872000
2020-05-04 00:00:00-04:00,64.8703571166815,65.68066140503612,64.2693217841076,65.60279846191406,30806000
2020-05-05 00:00:00-04:00,66.32681171124734,67.98857626005707,66.20432703264936,66.89808654785156,39666000
2020-05-06 00:00:00-04:00,67.34341219746076,67.87353091957088,66.70518581908316,66.72006225585938,31732000
2020-05-07 00:00:00-04:00,67.50754669271235,68.23603045485314,67.07264174294407,67.90277862548828,30652000
2020-05-08 00:00:00-04:00,68.52464582755636,69.25956898715928,68.03816519605402,68.64961242675781,33326000
2020-05-11 00:00:00-04:00,68.27521296690415,70.19633158338425,68.21124277247152,69.6042251586914,32718000
2020-05-12 00:00:00-04:00,69.83383223606998,70.13682424784653,68.16214747442724,68.19537353515625,33918000
2020-05-13 00:00:00-04:00,68.24396464855478,68.69870991776949,65.8561982347185,66.8638687133789,40368000
2020-05-14 00:00:00-04:00,66.12944679284938,67.31216892241369,65.62263398187353,67.28688049316406,36660000
2020-05-15 00:00:00-04:00,66.86040707156998,68.16561392304912,66.40119733074029,68.09024047851562,41544000
2020-05-18 00:00:00-04:00,67.52094138012248,69.06715998167876,67.15496289864852,68.69126892089844,47094000
2020-05-19 00:00:00-04:00,68.70614443587316,69.05376572383527,68.12494948842443,68.15668487548828,31586000
2020-05-20 00:00:00-04:00,68.88863698818672,70.02276472704372,68.80235214483642,69.88043975830078,38262000
2020-05-21 00:00:00-04:00,69.97118547184348,70.24244206277815,69.14798739865162,69.76092529296875,30894000
2020-05-22 00:00:00-04:00,69.61959655312397,70.26922616998684,69.22535585205502,70.08277130126953,28544000
2020-05-26 00:00:00-04:00,71.5069951861751,71.6632053320512,70.38824330390248,70.48593139648438,44590000
2020-05-27 00:00:00-04:00,70.4179995868047,70.68330865481425,69.15841334614704,70.431884765625,31684000
2020-05-28 00:00:00-04:00,69.42619987696052,71.63097720073782,69.38057930647166,70.33072662353516,35170000
2020-05-29 00:00:00-04:00,70.4393174660561,71.24763911516013,70.2186452926417,71.08845520019531,37044000
2020-06-01 00:00:00-04:00,70.70065785212817,71.48814791077972,70.53105438742989,71.1553955078125,25162000
2020-06-02 00:00:00-04:00,71.16184772780194,71.55857034348811,70.49783354301282,71.52435302734375,23442000
2020-06-03 00:00:00-04:00,71.54369094375163,71.85660306579962,70.99423139231902,71.37260437011719,27732000
2020-06-04 00:00:00-04:00,71.25011707361648,71.47526126931832,69.72423054944969,70.13533020019531,26982000
2020-06-05 00:00:00-04:00,70.20179517851373,71.72223384579804,69.80408122093333,71.41080474853516,42642000
2020-06-08 00:00:00-04:00,70.72942336173372,71.85610527816216,70.64015718062795,71.80850219726562,33878000
2020-06-09 00:00:00-04:00,71.66964305931985,72.78839479746945,71.52681869758881,72.00883483886719,33624000
2020-06-10 00:00:00-04:00,72.47648902737328,73.03486997129616,72.12192132758686,72.63468170166016,31762000
2020-06-11 00:00:00-04:00,71.4608677491371,71.98503884464859,69.34733955056195,69.5204086303711,47144000
2020-06-12 00:00:00-04:00,70.70860183286206,71.13755930153172,68.7220223032862,70.06690979003906,36676000
2020-06-15 00:00:00-04:00,68.90499734928308,70.66594045276953,68.79143400610754,70.4546890258789,30468000
2020-06-16 00:00:00-04:00,71.85610266711461,72.26125473639239,70.86380812050945,71.73064422607422,30648000
2020-06-17 00:00:00-04:00,72.05150228105227,72.51070444213754,71.168298968231,72.03166198730469,30610000
2020-06-18 00:00:00-04:00,71.8982617395041,72.05298121424725,70.72743476994945,71.11820983886719,34862000
2020-06-19 00:00:00-04:00,71.40980414439169,71.63295826897189,70.36840814054392,70.64810180664062,52784000
2020-06-22 00:00:00-04:00,70.66644253665869,71.95280774652628,70.37782758468947,71.93842315673828,29442000
2020-06-23 00:00:00-04:00,72.00486448104547,73.15535908494654,71.65773509774878,72.59895324707031,37752000
2020-06-24 00:00:00-04:00,72.5642562323238,73.18462478275211,70.91389504036651,71.04779052734375,31592000
2020-06-25 00:00:00-04:00,70.97439400933185,71.52484484122479,70.39518156341698,71.46434783935547,23958000
2020-06-26 00:00:00-04:00,71.04432444908078,71.26202286929771,67.19464153368672,67.56855010986328,97640000
2020-06-29 00:00:00-04:00,67.45945384242283,69.32702184746623,67.02851386270075,69.28585815429688,45074000
2020-06-30 00:00:00-04:00,69.27147126590755,70.61635097847407,68.77804426486243,70.3212890625,40286000
2020-07-01 00:00:00-04:00,70.3768421161721,71.83032898693156,70.12938326370785,71.50897979736328,42182000
2020-07-02 00:00:00-04:00,71.99694685942596,73.81591270905315,71.9587569455247,72.89402770996094,57218000
2020-07-06 00:00:00-04:00,73.79756767696199,74.88111101976311,73.24364363672055,74.36785125732422,44712000
2020-07-07 00:00:00-04:00,74.19329366469888,75.44246780197778,73.87442642573149,73.88533782958984,42364000
2020-07-08 00:00:00-04:00,74.42488417311117,74.93913520411024,74.0033649498385,74.56373596191406,31766000
2020-07-09 00:00:00-04:00,74.87762448734807,75.83025350511394,74.16650673182482,75.310546875,41836000
2020-07-10 00:00:00-04:00,75.04225847408141,76.43524799230418,74.42089878089497,76.3197021484375,35918000
2020-07-13 00:00:00-04:00,76.86174141702182,78.17191203749789,74.71052246568456,74.99169921875,42954000
2020-07-14 00:00:00-04:00,74.0276563923416,75.51585219367827,73.68746578744671,75.41964721679688,38108000
2020-07-15 00:00:00-04:00,75.53717702893292,76.18680655802422,74.27759098501936,75.22228240966797,31026000
2020-07-16 00:00:00-04:00,74.45959427860498,75.17419293783173,73.80351767649992,75.1250991821289,26484000
2020-07-17 00:00:00-04:00,75.22379134046707,75.54712311268884,74.29100225651919,75.22081756591797,34264000
2020-07-20 00:00:00-04:00,75.12906443419325,77.80742846308635,74.5191078119618,77.5510482788086,30166000
2020-07-21 00:00:00-04:00,78.60186132798782,78.70203135101997,76.99463868090396,77.15828704833984,27486000
2020-07-22 00:00:00-04:00,77.14787303751817,77.70675334704666,76.52898757148118,77.60112762451172,24482000
2020-07-23 00:00:00-04:00,77.65467794351336,77.87386699676158,74.811175365206,75.21583557128906,33910000
2020-07-24 00:00:00-04:00,74.34504365729109,75.15038400386956,73.76979622867519,74.79234313964844,29902000
2020-07-27 00:00:00-04:00,75.04276793316431,76.24780455339922,74.99664795853083,75.84463500976562,27124000
2020-07-28 00:00:00-04:00,75.62495452502512,75.67503953138889,74.41098901045284,74.56620788574219,30910000
2020-07-29 00:00:00-04:00,74.6331662656274,76.03805134396887,74.53447933720477,75.55107879638672,22676000
2020-07-30 00:00:00-04:00,74.28453342504669,76.41294572195511,74.14568165173718,76.28797912597656,36042000
2020-07-31 00:00:00-04:00,74.23892317136475,74.63415515123877,72.10406361825939,73.78765106201172,91468000
2020-08-03 00:00:00-04:00,73.93889871670713,74.27263483646993,72.982796377369,73.5302734375,45482000
2020-08-04 00:00:00-04:00,73.72615502792115,74.04353160138255,72.60144805958299,73.06114959716797,37212000
2020-08-05 00:00:00-04:00,73.2357173222867,73.88931200767865,72.95800616932094,73.34828186035156,29134000
2020-08-06 00:00:00-04:00,73.2024929142667,74.69614476480311,72.991733291416,74.63068389892578,33306000
2020-08-07 00:00:00-04:00,74.83350211063035,75.3814709934715,73.70433072116582,74.30437469482422,27718000
2020-08-10 00:00:00-04:00,73.92898105188225,74.73977711058357,73.26893187451145,74.2275161743164,20546000
2020-08-11 00:00:00-04:00,74.08766106264545,74.9029290830015,73.30364415071575,73.42018127441406,31098000
2020-08-12 00:00:00-04:00,73.74648196265801,74.96392064558853,73.64134809525314,74.74423217773438,22512000
2020-08-13 00:00:00-04:00,74.79234620944766,76.21856217706964,74.79234620944766,75.21088409423828,22388000
2020-08-14 00:00:00-04:00,75.06012408061498,75.36659681987358,74.33561289996881,74.61480712890625,21942000
2020-08-17 00:00:00-04:00,75.17715073524698,75.56445256290893,74.63314693921502,75.19053649902344,19990000
2020-08-18 00:00:00-04:00,75.68049915036515,77.23019092166476,75.45982697689634,77.1513442993164,28378000
2020-08-19 00:00:00-04:00,76.98818722838891,77.79998205796244,76.36880993674055,76.59741973876953,30472000
2020-08-20 00:00:00-04:00,76.36731743172305,78.36084298271476,76.09407832961335,78.16645050048828,26382000
2020-08-21 00:00:00-04:00,77.9457743659373,78.94154971294752,77.47516898620518,78.13273620605469,34838000
2020-08-24 00:00:00-04:00,78.97079281008861,79.77961377770578,78.10643870484078,78.60779571533203,25638000
2020-08-25 00:00:00-04:00,78.35736355926018,79.78457050093297,78.24727340749759,79.63431549072266,25150000
2020-08-26 00:00:00-04:00,79.65664120321837,81.96208775118443,79.39282281884792,81.53263092041016,52188000
2020-08-27 00:00:00-04:00,81.65561048941696,81.72404511830622,80.27700533270146,80.75852966308594,31350000
2020-08-28 00:00:00-04:00,80.80564922534911,81.3947742823975,80.61423049630892,81.299560546875,22418000
2020-08-31 00:00:00-04:00,81.50486573387329,81.55098571536558,80.60034658249602,80.80862426757812,26422000
2020-09-01 00:00:00-04:00,80.93904333000434,82.2809493495807,80.80862102170718,82.07564544677734,22652000
2020-09-02 00:00:00-04:00,82.71685576471795,85.59755015191129,82.3290619784215,85.16561889648438,49522000
2020-09-03 00:00:00-04:00,84.27942619556264,84.30323151911709,79.7265559132381,80.80762481689453,63726000
2020-09-04 00:00:00-04:00,79.7905357444449,81.07938305548198,76.26814951914791,78.41242980957031,55850000
2020-09-08 00:00:00-04:00,75.62496025313807,77.13993533300419,75.20344105449351,75.55553436279297,54032000
2020-09-09 00:00:00-04:00,76.81016761668064,77.2971401284128,75.63339304854327,76.72735595703125,39242000
2020-09-10 00:00:00-04:00,76.87364735396316,78.03801986805702,75.37701423670407,75.67703247070312,33024000
2020-09-11 00:00:00-04:00,75.7811844407873,76.30435686018187,74.03908233242203,75.16676330566406,30706000
2020-09-14 00:00:00-04:00,75.95473545699213,77.21184733619498,74.63861724293893,74.82308959960938,42660000
2020-09-15 00:00:00-04:00,75.7682830632299,76.9138141369124,75.48115874300053,76.12681579589844,23042000
2020-09-16 00:00:00-04:00,76.49178602264094,77.08141038154895,74.95994463199777,74.9847412109375,22128000
2020-09-17 00:00:00-04:00,73.68151914994446,74.31875423371972,72.52359367520403,73.74251556396484,40008000
2020-09-18 00:00:00-04:00,73.80501604336168,74.14718926536939,70.99424689916565,71.95976257324219,63056000
2020-09-21 00:00:00-04:00,70.99424359270485,71.41278150456299,69.55910621020328,70.92085266113281,56908000
2020-09-22 00:00:00-04:00,71.92155731932259,72.59846532850516,70.88909043332232,72.39266204833984,33950000
2020-09-23 00:00:00-04:00,72.00933895714364,72.05843270651947,69.55909323170627,69.89183807373047,37726000
2020-09-24 00:00:00-04:00,69.5590904717612,71.31011340811294,69.53280322167417,70.559814453125,34552000
2020-09-25 00:00:00-04:00,70.66843135233466,71.70436404875389,69.8070508636011,71.36318969726562,30326000
2020-09-28 00:00:00-04:00,72.9961844081179,73.04577000235808,71.72122247765688,72.33514404296875,30784000
2020-09-29 00:00:00-04:00,72.59551505274186,72.99669461887012,72.10407046257751,72.70014953613281,31816000
2020-09-30 00:00:00-04:00,72.44820668393999,73.70085393963538,72.19133469589396,72.6792984008789,40924000
2020-10-01 00:00:00-04:00,73.57491129707402,74.14073804524459,73.23472061084361,73.78517150878906,32884000
2020-10-02 00:00:00-04:00,72.38325120895068,73.34530108822473,71.77428589367447,72.18340301513672,31222000
2020-10-05 00:00:00-04:00,72.53302071478075,73.6264842512072,72.40607158601448,73.53375244140625,21602000
2020-10-06 00:00:00-04:00,73.17024916293467,73.61754863021302,71.65824787299684,71.95628356933594,26096000
2020-10-07 00:00:00-04:00,72.36737722907078,72.84641961122173,71.07406570647528,72.35894775390625,36108000
2020-10-08 00:00:00-04:00,72.67185917570478,73.79160219464296,72.67185917570478,73.56349182128906,26076000
2020-10-09 00:00:00-04:00,74.03113521720735,74.97285301834012,73.74053771907792,74.90342712402344,32966000
2020-10-12 00:00:00-04:00,76.26962637160483,78.76995701320932,75.83818706732326,77.58822631835938,55344000
2020-10-13 00:00:00-04:00,78.20415508340002,78.60831596819463,77.29268950678924,77.71122741699219,39072000
2020-10-14 00:00:00-04:00,78.08462104375914,78.54332368699805,76.66137918522789,77.53118896484375,33174000
2020-10-15 00:00:00-04:00,76.59196719094011,77.92594312364784,76.42485320690311,77.13597106933594,31210000
2020-10-16 00:00:00-04:00,77.45135766010404,78.2388477100898,77.24457067731333,77.7424545288086,34194000
2020-10-19 00:00:00-04:00,78.15058813294185,78.5473107543964,75.52181743296583,75.87042999267578,29734000
2020-10-20 00:00:00-04:00,75.53123918577117,78.04694597778177,75.40180813556019,76.91827392578125,41670000
2020-10-21 00:00:00-04:00,77.84907582540164,80.09501655041937,77.71468849305327,78.64945983886719,60322000
2020-10-22 00:00:00-04:00,78.60036177725868,80.00971101369345,78.2274445172993,79.67448425292969,30512000
2020-10-23 00:00:00-04:00,80.09055499720758,81.0362377810544,79.93483669697007,80.97970581054688,30548000
2020-10-26 00:00:00-04:00,80.08808319872774,80.81110381138859,77.74643651983753,78.56517028808594,35826000
2020-10-27 00:00:00-04:00,78.7952539907842,79.4433928628806,78.203147671929,79.2886734008789,25902000
2020-10-28 00:00:00-04:00,76.86520815058896,77.05364551687353,74.80572991828615,74.9207763671875,45174000
2020-10-29 00:00:00-04:00,75.2292129218874,78.7858154020062,75.20590701487251,77.20587921142578,55406000
2020-10-30 00:00:00-04:00,82.68857141891898,83.3768826939042,79.4220666362218,80.14310455322266,99878000
2020-11-02 00:00:00-05:00,80.51158068776404,82.23235921213355,80.050388434645,80.55026245117188,44228000
2020-11-03 00:00:00-05:00,80.86961702118651,82.27003752125272,79.94475820536469,81.60850524902344,31432000
2020-11-04 00:00:00-05:00,84.57995857453083,87.77604704171848,84.45201818009168,86.57695770263672,71342000
2020-11-05 00:00:00-05:00,87.79686676191484,88.85661240367497,86.33792410566214,87.40262603759766,39758000
2020-11-06 00:00:00-05:00,86.84920287648768,87.70017143027276,86.12220968092075,87.26526641845703,28622000
2020-11-09 00:00:00-05:00,89.0628918684201,90.09981569190971,87.1571418807164,87.34905242919922,53440000
2020-11-10 00:00:00-05:00,85.77953403684037,87.24789727172411,85.10262594054147,86.17377471923828,43022000
2020-11-11 00:00:00-05:00,86.70339318512825,87.42244865386503,86.43858355014122,86.64537811279297,31838000
2020-11-12 00:00:00-05:00,86.38601724295751,87.5256006507518,86.18616905114561,86.42668151855469,26474000
2020-11-13 00:00:00-05:00,86.6835728514782,88.12813095536457,86.08750138135393,87.88662719726562,29744000
2020-11-16 00:00:00-05:00,87.48395005570929,88.98157439814365,87.34459885703573,87.97439575195312,25468000
2020-11-17 00:00:00-05:00,87.66841834553581,88.12861930166262,87.25335367641775,87.3609619140625,21314000
2020-11-18 00:00:00-05:00,87.11202590924145,87.52659876109121,86.21592867248422,86.3185806274414,20108000
2020-11-19 00:00:00-05:00,85.9511206538615,87.4517188316341,85.79193672214883,87.20773315429688,20106000
2020-11-20 00:00:00-05:00,87.37782025271105,87.69321431232694,86.03888806138033,86.1073226928711,27694000
2020-11-23 00:00:00-05:00,86.29775148895854,86.58388452691703,84.80806483367506,85.66993713378906,22530000
2020-11-24 00:00:00-05:00,85.66695766916568,87.59997863727754,85.33123148878767,87.47203826904297,27984000
2020-11-25 00:00:00-05:00,87.6659416054076,87.79338256520208,86.70140982396333,87.48344421386719,19600000
2020-11-27 00:00:00-05:00,87.50377401389918,89.11397029438973,87.50377401389918,88.61856079101562,14790000
2020-11-30 00:00:00-05:00,88.05473655890232,88.28731141843316,86.67563180881602,87.00094604492188,32418000
2020-12-01 00:00:00-05:00,87.6089081843694,90.33933938625974,87.42889272522542,89.03214263916016,37350000
2020-12-02 00:00:00-05:00,89.03214790983743,90.88583053694929,88.52682579597574,90.5005111694336,29424000
2020-12-03 00:00:00-05:00,90.28082154312534,91.43577314265566,90.10527053443715,90.34529113769531,24728000
2020-12-04 00:00:00-05:00,90.26496258516443,90.72515597863432,89.93617518789623,90.44051361083984,20544000
2020-12-07 00:00:00-05:00,90.03336726128934,90.7147397818171,89.41299871935603,90.10676574707031,22288000
2020-12-08 00:00:00-05:00,89.68475306209454,90.05419714492693,88.82981962250061,89.8240966796875,19936000
2020-12-09 00:00:00-05:00,89.77600140990651,90.66912483380474,87.3778230247118,88.16432189941406,31728000
2020-12-10 00:00:00-05:00,87.40757214922617,88.02199315546525,85.96598802674157,87.65800476074219,28688000
2020-12-11 00:00:00-05:00,87.27864133152798,88.13704799737961,86.91861796512762,88.0125732421875,18628000
2020-12-14 00:00:00-05:00,87.81025159464944,88.75642621466821,86.7395946512999,86.89481353759766,33050000
2020-12-15 00:00:00-05:00,87.27169452904377,87.47699842212751,86.36965738505812,87.33219909667969,21352000
2020-12-16 00:00:00-05:00,87.73042031668035,87.73042031668035,86.73614304202297,87.1393051147461,24676000
2020-12-17 00:00:00-05:00,87.4735400975427,87.61140062901919,85.8479753357281,86.3121337890625,34880000
2020-12-18 00:00:00-05:00,86.59281350662172,86.7014130032397,85.04708672490963,85.60348510742188,85256000
2020-12-21 00:00:00-05:00,84.7559825869956,86.13806088707005,84.00568362055076,86.01705932617188,33974000
2020-12-22 00:00:00-05:00,85.75771792450207,85.92037503992229,84.58987222192447,85.30595397949219,20370000
2020-12-23 00:00:00-05:00,85.48992157545021,86.49064556694626,85.3545354259629,85.70315551757812,22974000
2020-12-24 00:00:00-05:00,85.74134982606715,86.40635530459163,85.51075748898015,85.99723815917969,9312000
2020-12-28 00:00:00-05:00,86.5303163813266,88.61756486730043,86.37708759430448,87.97090911865234,27650000
2020-12-29 00:00:00-05:00,88.62898113815957,88.69046939494899,87.03614320674384,87.16755676269531,19726000
2020-12-30 00:00:00-05:00,87.52660005705403,87.66346933235681,85.69176632843582,86.10088348388672,21026000
2020-12-31 00:00:00-05:00,86.15147161928257,87.15467774663676,86.09294955931111,86.9136734008789,21070000
2021-01-04 00:00:00-05:00,87.2786364939041,87.40211241746897,84.65730423081347,85.5990219116211,37324000
2021-01-05 00:00:00-05:00,85.54745991038807,86.62554760631905,85.14131652388939,86.2893295288086,20360000
2021-01-06 00:00:00-05:00,84.31613287098162,86.48371900443895,84.10983770465201,85.43785858154297,46588000
2021-01-07 00:00:00-05:00,85.63026481011545,88.16233866820387,85.63026481011545,87.9897689819336,41936000
2021-01-08 00:00:00-05:00,88.12961137899272,89.23051304839001,87.33913991776798,89.1546401977539,35484000
2021-01-11 00:00:00-05:00,88.1226604372479,88.48764764784643,86.88886216525205,87.09465789794922,34796000
2021-01-12 00:00:00-05:00,86.55264274953645,87.67040339276643,85.11552300350571,86.15939331054688,29528000
2021-01-13 00:00:00-05:00,85.65803281300867,87.09962451285838,85.65803281300867,86.64636993408203,23432000
2021-01-14 00:00:00-05:00,86.72670521887984,87.65305472805,85.59605062771794,85.83656311035156,29212000
2021-01-15 00:00:00-05:00,85.74233085394611,86.66470765909816,84.88393179958005,85.67290496826172,31444000
2021-01-19 00:00:00-05:00,86.43561418775866,89.45267807678509,85.93128331929772,88.49211883544922,41660000
2021-01-20 00:00:00-05:00,90.56994488790521,94.20738515359416,90.22976177839239,93.23294067382812,64152000
2021-01-21 00:00:00-05:00,93.90636933143983,95.81211195428514,93.2002001837018,93.43525695800781,58634000
2021-01-22 00:00:00-05:00,93.79776072604933,94.43896084883245,93.05589117003073,93.85231018066406,32744000
2021-01-25 00:00:00-05:00,94.85304490741599,95.3033257370761,92.19600437288214,93.93760681152344,50586000
2021-01-26 00:00:00-05:00,93.5265024141675,95.00230386878823,93.03754741432294,94.6155014038086,31462000
2021-01-27 00:00:00-05:00,92.97704477868687,93.2527658262995,89.12736210402838,90.20148468017578,82512000
2021-01-28 00:00:00-05:00,90.79954993985909,93.62568701190574,90.79954993985909,91.90045166015625,55278000
2021-01-29 00:00:00-05:00,90.94930432506192,91.61976549487935,89.33961486968028,90.61903381347656,44530000
2021-02-01 00:00:00-05:00,91.47346827211754,94.9918890070294,91.47346827211754,93.87760162353516,40252000
2021-02-02 00:00:00-05:00,94.87239673612814,96.66954009651552,94.53716232843793,95.16944122314453,66332000
2021-02-03 00:00:00-05:00,102.43389477343386,104.46758545300014,99.85222758060932,102.10015106201172,97882000
2021-02-04 00:00:00-05:00,102.18642035715034,102.61686084448914,100.92087916656516,101.83979034423828,48596000
2021-02-05 00:00:00-05:00,102.13384594939998,103.93793513779798,101.65976744998085,103.5853500366211,29866000
2021-02-08 00:00:00-05:00,104.13928516789632,104.88313720480986,102.32181002045341,103.37162780761719,28828000
2021-02-09 00:00:00-05:00,102.88961562155747,104.06539887651223,102.65158507922345,102.91887664794922,21892000
2021-02-10 00:00:00-05:00,103.30321065276814,104.08376206466987,101.77087701356295,103.46884155273438,25102000
2021-02-11 00:00:00-05:00,103.69299411977336,103.84175849827325,102.59506609194028,103.58141326904297,20480000
2021-02-12 00:00:00-05:00,103.13609147784828,104.11450097821873,102.82862745386913,103.89283752441406,18990000
2021-02-16 00:00:00-05:00,103.73017139399565,106.37779106891139,103.73017139399565,104.66990661621094,31004000
2021-02-17 00:00:00-05:00,103.84076449120744,105.25210406830482,103.56157779925294,105.06266784667969,20294000
2021-02-18 00:00:00-05:00,104.38724144669854,105.22978044150346,103.8085208383096,104.42740631103516,22546000
2021-02-19 00:00:00-05:00,104.52559167005224,105.0606666112544,103.31757370923654,103.58436584472656,37938000
2021-02-22 00:00:00-05:00,101.83830606942489,103.1638524951323,101.56060251176662,101.87103271484375,29466000
2021-02-23 00:00:00-05:00,99.874032566136,102.77555020656679,98.69576750003357,102.16162109375,34658000
2021-02-24 00:00:00-05:00,100.66996455548863,103.56007930549984,100.54549736259403,103.33642578125,22608000
2021-02-25 00:00:00-05:00,101.95386696395025,103.29627253919438,99.50213009803336,99.97125244140625,41548000
2021-02-26 00:00:00-05:00,100.6655050872536,101.98311399374562,99.23036778781363,100.26679992675781,40042000
2021-03-01 00:00:00-05:00,101.5606124488339,102.96054119058313,100.88717747219397,102.63473510742188,26060000
2021-03-02 00:00:00-05:00,102.39571123526265,103.87845928674776,101.99056665379355,102.37786102294922,25564000
2021-03-03 00:00:00-05:00,101.7564937545508,102.94863663130721,98.88273841636625,99.74610900878906,33892000
2021-03-04 00:00:00-05:00,99.91769346862266,102.87921693682485,99.4495623869304,100.86288452148438,49216000
2021-03-05 00:00:00-05:00,102.21271269276662,104.44674319929116,100.55788705118852,103.99398803710938,53100000
2021-03-08 00:00:00-05:00,103.34883996354391,104.82066904289061,99.43766094950882,99.55221557617188,36868000
2021-03-09 00:00:00-05:00,101.64738117763982,102.35006950899573,100.94567653730599,101.18172454833984,33920000
2021-03-10 00:00:00-05:00,102.22511823828405,102.22511823828405,100.13886060476449,100.9749526977539,27100000
2021-03-11 00:00:00-05:00,102.06741705146506,104.69817024362116,101.97964153853603,104.16606903076172,27702000
2021-03-12 00:00:00-05:00,102.96945342859367,103.0289591680474,100.78798240311897,101.65977478027344,33818000
2021-03-15 00:00:00-04:00,101.41084443797796,101.90723768058707,100.5583928421277,101.87996673583984,26168000
2021-03-16 00:00:00-04:00,102.45272538765994,104.81767759960309,102.12047238189682,103.34039306640625,31900000
2021-03-17 00:00:00-04:00,102.57572675734066,104.0897107890711,101.36820794354253,103.2575912475586,26382000
2021-03-18 00:00:00-04:00,101.56952763068206,102.58960018110442,100.13141662467372,100.23853302001953,31700000
2021-03-19 00:00:00-04:00,100.65459585242806,101.0170935919781,99.32557619974676,100.51722717285156,46072000
2021-03-22 00:00:00-04:00,100.55045613544077,101.57746751441745,99.87453925617409,100.70220184326172,33536000
2021-03-23 00:00:00-04:00,101.1614008768052,102.35949880770968,100.56880265494154,101.2298355102539,28510000
2021-03-24 00:00:00-04:00,101.74705457606407,102.53256214622269,100.61838259998439,100.79344177246094,25218000
2021-03-25 00:00:00-04:00,100.62087395330168,101.44357268903416,98.98638031979517,100.78997802734375,35616000
2021-03-26 00:00:00-04:00,100.756757621596,101.1336399863924,99.371205870775,100.40665435791016,27978000
2021-03-29 00:00:00-04:00,100.27919338600256,101.6206075032876,99.45053959162658,101.45100402832031,26492000
2021-03-30 00:00:00-04:00,101.80757352516589,102.28809910370424,100.97297208689359,101.4847412109375,27312000
2021-03-31 00:00:00-04:00,101.87796952761705,103.45791345107975,101.51099982265738,102.2806396484375,42570000
2021-04-01 00:00:00-04:00,103.7549754771254,105.91214206933007,103.71431119831864,105.6160888671875,39880000
2021-04-05 00:00:00-04:00,106.47745344357371,110.53591281873764,106.38124846341006,110.03852081298828,48510000
2021-04-06 00:00:00-04:00,109.63983019014792,110.48683365729421,109.1870749956329,109.55751037597656,35240000
2021-04-07 00:00:00-04:00,109.74793242768109,111.30506244729017,109.74793242768109,111.03380584716797,24134000
2021-04-08 00:00:00-04:00,112.27207955187752,112.65839021229614,111.23118294546491,111.5991439819336,28664000
2021-04-09 00:00:00-04:00,111.35167993918043,112.76648496837154,110.94602844319752,112.60283660888672,26146000
2021-04-12 00:00:00-04:00,111.78212470167257,111.91948581429651,110.47790163265579,111.31101989746094,25024000
2021-04-13 00:00:00-04:00,111.62691342728266,112.24579894520419,111.23316455138779,111.79750061035156,25682000
2021-04-14 00:00:00-04:00,112.44216945631923,112.44216945631923,110.88454751475824,111.17662811279297,21002000
2021-04-15 00:00:00-04:00,112.17040796947886,113.85895143791116,111.63582486861483,113.32585144042969,29174000
2021-04-16 00:00:00-04:00,113.52373007572085,113.77168077567667,112.61523834787371,113.20188903808594,26282000
2021-04-19 00:00:00-04:00,112.57854354901255,114.26014079100582,112.57854354901255,113.54951477050781,30290000
2021-04-20 00:00:00-04:00,113.93284788352207,114.00772947962533,111.93090021599527,113.01642608642578,22288000
2021-04-21 00:00:00-04:00,112.67127568827584,113.06551638343237,111.32093263815867,112.98369598388672,23204000
2021-04-22 00:00:00-04:00,112.837393589657,113.50587220316932,111.09777377545008,111.70277404785156,24146000
2021-04-23 00:00:00-04:00,112.42083028712631,114.3607975663134,112.13568853501279,114.0538330078125,29066000
2021-04-26 00:00:00-04:00,114.28145321718016,115.27375530667227,113.92440364806384,114.54973602294922,32038000
2021-04-27 00:00:00-04:00,114.93158969348886,114.97225396912138,113.37098650498807,113.61001586914062,44386000
2021-04-28 00:00:00-04:00,118.64439751122318,120.57246219442263,116.69650010351913,116.98511505126953,81106000
2021-04-29 00:00:00-04:00,118.48224361950828,119.22262247919515,117.71954253961522,118.65729522705078,41234000
2021-04-30 00:00:00-04:00,117.43044257709242,118.1162720240264,116.36624012534263,116.71039581298828,44856000
2021-05-03 00:00:00-04:00,117.2762089404866,118.10138954221922,115.81776586416933,116.19365692138672,28242000
2021-05-04 00:00:00-04:00,114.72926326113381,115.29657305551342,111.9090738290094,114.3960189819336,44818000
2021-05-05 00:00:00-04:00,115.47709216813345,115.79297809431026,114.46793099267961,114.7897720336914,26636000
2021-05-06 00:00:00-04:00,114.37122673822532,115.90951538085938,113.71217637295206,115.90951538085938,25190000
2021-05-07 00:00:00-04:00,117.22564307589363,117.59062276334002,116.34640478417988,116.63253784179688,28898000
2021-05-10 00:00:00-04:00,115.45277455769148,115.59460767080654,113.290644369783,113.648193359375,30914000
2021-05-11 00:00:00-04:00,111.23415327092532,113.07939883944981,110.78039927471382,112.57258605957031,34186000
2021-05-12 00:00:00-04:00,110.39707540750636,111.47764498191353,108.78192267103177,109.11070251464844,46376000
2021-05-13 00:00:00-04:00,110.39361471303967,111.05415581583286,109.43156467742295,110.53842163085938,33204000
2021-05-14 00:00:00-04:00,112.00131096781348,113.29957888960938,111.577809256897,112.98517608642578,31996000
2021-05-17 00:00:00-04:00,112.25074645700623,113.55050506879931,111.85105006420112,113.50785827636719,21598000
2021-05-18 00:00:00-04:00,114.17385549892235,114.43817329757108,112.18231233154226,112.19619750976562,22204000
2021-05-19 00:00:00-04:00,110.50815409240448,112.81706629241613,110.35988157512777,112.64399719238281,23684000
2021-05-20 00:00:00-04:00,113.61100662106799,114.65239495545593,113.24007185238473,114.40196990966797,32352000
2021-05-21 00:00:00-04:00,114.92067224724799,114.99407073122583,113.52669126628258,113.7662124633789,40632000
2021-05-24 00:00:00-04:00,114.79571714938808,117.30795076933327,114.65041840397706,117.08430480957031,31832000
2021-05-25 00:00:00-04:00,117.62780399643341,118.22288412982375,116.78477317689254,117.175048828125,22440000
2021-05-26 00:00:00-04:00,117.3560548531477,118.47034990255696,117.35308107918044,118.03990936279297,21572000
2021-05-27 00:00:00-04:00,118.47331515824983,118.47331515824983,116.84725869661128,117.1656265258789,35224000
2021-05-28 00:00:00-04:00,117.7478111847202,117.82963157956378,116.67815310319966,116.87651062011719,21482000
2021-06-01 00:00:00-04:00,117.74881041841671,118.3076907432192,116.74907000230994,118.08304595947266,23354000
2021-06-02 00:00:00-04:00,118.47827097273424,118.70093322748687,116.65384943203411,117.5578842163086,21158000
2021-06-03 00:00:00-04:00,116.3250685412931,116.88494008609811,115.52121134855334,116.41680908203125,18696000
2021-06-04 00:00:00-04:00,117.49242726754059,118.96822874582733,117.15223662042179,118.69746398925781,24458000
2021-06-07 00:00:00-04:00,118.49265941789501,119.2399846738455,118.07412155900927,119.13038635253906,24120000
2021-06-08 00:00:00-04:00,119.61191557625074,119.98433347180782,118.75747389251524,118.93897247314453,24240000
2021-06-09 00:00:00-04:00,119.58314905326921,119.65504930518125,118.86260289582098,119.41007995605469,17942000
2021-06-10 00:00:00-04:00,119.35949314078805,120.801576684723,119.20378241102719,120.75843048095703,25904000
2021-06-11 00:00:00-04:00,120.99993539094038,121.08522897452744,119.95655696176605,120.51395416259766,21958000
2021-06-14 00:00:00-04:00,120.61610768688743,121.44227956527116,119.90895486343989,121.44178771972656,22098000
2021-06-15 00:00:00-04:00,121.44624948123858,121.76908177598153,120.06367916664863,120.42420196533203,21562000
2021-06-16 00:00:00-04:00,120.5754470648677,120.88687610628577,118.49068020896921,119.78250122070312,26472000
2021-06-17 00:00:00-04:00,119.7081134975645,121.51815047385836,119.51223033742086,120.74553680419922,25842000
2021-06-18 00:00:00-04:00,120.37212775019057,120.60619327255783,119.03121296167414,119.12642669677734,46116000
2021-06-21 00:00:00-04:00,119.51273077628596,120.99993548875224,118.91566055698493,120.81397247314453,27414000
2021-06-22 00:00:00-04:00,120.75198899495656,121.39666231815684,120.07161525109758,121.32772827148438,22390000
2021-06-23 00:00:00-04:00,121.09266658134959,122.08645184131146,120.83579457394919,121.12589263916016,19148000
2021-06-24 00:00:00-04:00,121.6942071534237,122.04679234158628,121.2974920653263,121.495849609375,21362000
2021-06-25 00:00:00-04:00,120.99993398696205,121.62774832820787,120.5685022175003,121.50426483154297,34594000
2021-06-28 00:00:00-04:00,121.6728660523082,121.77849933650862,120.41030616677962,121.53153991699219,28526000
2021-06-29 00:00:00-04:00,121.66495039428926,122.01257928283053,120.69347970676894,121.27021026611328,23108000
2021-06-30 00:00:00-04:00,120.99447687115277,121.2548296268427,120.35972373185534,121.08869934082031,24474000
2021-07-01 00:00:00-04:00,120.72719613594724,121.58212967815209,120.5352855601365,121.44080352783203,18110000
2021-07-02 00:00:00-04:00,122.14051324667714,124.37603452212761,122.05075521661516,124.2307357788086,25982000
2021-07-06 00:00:00-04:00,124.61852879829608,125.39164190205774,123.56126516970392,125.15559387207031,26404000
2021-07-07 00:00:00-04:00,126.11961963968089,126.24061363873932,125.11888803471057,125.437255859375,24060000
2021-07-08 00:00:00-04:00,123.00933654007592,124.56596723994673,123.00537150808182,124.01898956298828,23790000
2021-07-09 00:00:00-04:00,124.00014669515204,124.70382636334314,123.53052498165191,124.4896011352539,18632000
2021-07-12 00:00:00-04:00,125.14368334235166,126.02787781640319,124.58132987577834,125.93464660644531,17668000
2021-07-13 00:00:00-04:00,125.99712795199184,127.00777214039663,125.63611333534345,126.29764556884766,19240000
2021-07-14 00:00:00-04:00,126.90909397847128,128.26638333995623,126.86594777508958,127.18580627441406,23742000
2021-07-15 00:00:00-04:00,127.59444156322091,127.64501842152565,125.49280814322165,125.96391296386719,24218000
2021-07-16 00:00:00-04:00,126.61651165592089,126.763792905859,125.11938685402984,125.92919158935547,20424000
2021-07-19 00:00:00-04:00,125.05591587763702,125.17047048995204,122.49259846899817,123.55680847167969,27968000
2021-07-20 00:00:00-04:00,124.49851812065599,126.00159811872851,123.33117189440424,125.17493438720703,26312000
2021-07-21 00:00:00-04:00,125.09955486427575,126.55006794062126,124.99045595333612,126.50345611572266,20746000
2021-07-22 00:00:00-04:00,126.79603176039008,127.42979365327596,126.45385860301083,127.36878967285156,14302000
2021-07-23 00:00:00-04:00,129.36134951410625,132.30552235060202,128.7365239533056,131.92466735839844,41506000
2021-07-26 00:00:00-04:00,132.23557346986715,133.13661932706722,131.2169841004671,132.936279296875,30572000
2021-07-27 00:00:00-04:00,133.1500131960715,133.29729444563313,129.0375036233096,130.8187713623047,54710000
2021-07-28 00:00:00-04:00,135.1946241311871,137.16335335815197,134.16860398036314,134.97840881347656,95130000
2021-07-29 00:00:00-04:00,135.03393383670254,135.54074659888502,134.43191491467985,134.66448974609375,31716000
2021-07-30 00:00:00-04:00,133.92805883233092,134.1953503417048,133.15445406638287,133.62208557128906,25576000
2021-08-02 00:00:00-04:00,134.00942969336194,134.22712811804664,132.69727646334016,133.74908447265625,21634000
2021-08-03 00:00:00-04:00,134.02728151890318,134.61938798044218,132.22667252736548,134.5182342529297,20762000
2021-08-04 00:00:00-04:00,134.24000035779645,134.53754419070725,133.38456751331833,134.01783752441406,19676000
2021-08-05 00:00:00-04:00,134.56829449236173,135.23231626590845,133.74063191754414,135.13461303710938,17870000
2021-08-06 00:00:00-04:00,134.92681801926122,135.35378528959424,134.10163752154108,134.62579345703125,20488000
2021-08-09 00:00:00-04:00,134.82816095664558,136.0594850166339,134.23009186471586,135.7906951904297,17760000
2021-08-10 00:00:00-04:00,136.21616508986884,136.64314754338798,135.246684585336,135.68556213378906,19414000
2021-08-11 00:00:00-04:00,136.05700947405194,136.55389460315365,135.15446522499255,135.1619110107422,15352000
2021-08-12 00:00:00-04:00,134.86087941942685,136.17453085667606,134.3153999728154,136.06939697265625,16506000
2021-08-13 00:00:00-04:00,136.12491636761754,136.72645098219778,135.90969991008646,136.59849548339844,15948000
2021-08-16 00:00:00-04:00,136.39768127335614,137.22832524277518,134.1899301812805,137.17575073242188,22384000
2021-08-17 00:00:00-04:00,136.62082272063034,137.1320999211298,134.96649653381414,135.54124450683594,21716000
2021-08-18 00:00:00-04:00,135.38104821947942,135.98060024684276,134.21221157658928,134.3386688232422,19258000
2021-08-19 00:00:00-04:00,133.33348946705797,135.23476744461345,133.1495089814083,134.56777954101562,21782000
2021-08-20 00:00:00-04:00,134.88519193745017,136.42645446339975,134.1413397760304,136.302978515625,31194000
2021-08-23 00:00:00-04:00,136.83851809316022,139.71970367913292,136.47948600587455,138.89353942871094,28454000
2021-08-24 00:00:00-04:00,139.45886528917006,140.9153334065435,139.1881081082897,140.10354614257812,19268000
2021-08-25 00:00:00-04:00,140.4640639174662,141.02393547801682,140.21711205572637,140.91433715820312,15848000
2021-08-26 00:00:00-04:00,140.58803917062994,141.2500632657939,140.198255364594,140.2810821533203,20610000
2021-08-27 00:00:00-04:00,140.49132196701825,143.3278781659032,140.33709435382934,142.82354736328125,28780000
2021-08-30 00:00:00-04:00,143.21632905744937,144.77396624741414,142.98127226041726,143.4052734375,24434000
2021-08-31 00:00:00-04:00,143.9571917138558,143.98148131585134,143.0982932268432,143.51136779785156,22448000
2021-09-01 00:00:00-04:00,143.81142832765025,145.05514705269138,143.69588243602325,144.02516174316406,21936000
2021-09-02 00:00:00-04:00,144.02563035315396,144.32663982177834,142.01127317307444,142.11244201660156,32342000
2021-09-03 00:00:00-04:00,141.9076085196273,142.97329381010584,141.23317492352723,142.5612030029297,19850000
2021-09-07 00:00:00-04:00,142.65548084000116,143.37999214966715,142.44174743091872,143.0978240966797,20124000
2021-09-08 00:00:00-04:00,142.91878162510545,143.216310341674,141.8277925519912,142.51312255859375,18344000
2021-09-09 00:00:00-04:00,142.66140907531098,143.12755759724692,142.0038493948319,142.36436462402344,15314000
2021-09-10 00:00:00-04:00,143.03035897692502,143.5322230716602,139.5843526495749,139.72122192382812,36840000
2021-09-13 00:00:00-04:00,140.78588503191912,141.77818710345173,140.09212560958235,141.16575622558594,22094000
2021-09-14 00:00:00-04:00,141.8233446832824,142.18784010424207,140.58805555163053,141.37603759765625,19674000
2021-09-15 00:00:00-04:00,141.60119149102275,143.26642945602535,140.18886811566094,143.24560546875,27408000
2021-09-16 00:00:00-04:00,142.77052431927007,143.1171619764454,141.23422561732042,142.4328155517578,26190000
2021-09-17 00:00:00-04:00,141.858059023679,142.27411498980177,139.31854675119118,139.64584350585938,53384000
2021-09-20 00:00:00-04:00,137.0289727850643,137.86060046940307,135.2045585284387,137.5823974609375,46518000
2021-09-21 00:00:00-04:00,138.60391361660336,138.8637744931468,137.14447948403443,137.89329528808594,25332000
2021-09-22 00:00:00-04:00,138.16208194134197,139.73209820488628,137.41574800022835,139.133544921875,25056000
2021-09-23 00:00:00-04:00,139.83179860304818,140.534986416547,139.25060362210317,140.0584259033203,20952000
2021-09-24 00:00:00-04:00,139.38648419130865,141.16380230179908,139.09142223509036,141.0492401123047,22984000
2021-09-27 00:00:00-04:00,139.6502793563309,140.77498621502428,138.91932129401908,139.91558837890625,21882000
2021-09-28 00:00:00-04:00,137.51840770698303,137.95628643744843,134.25041949465725,134.71656799316406,45772000
2021-09-29 00:00:00-04:00,135.85713198450668,136.02673545516842,132.7676762055498,133.25216674804688,30848000
2021-09-30 00:00:00-04:00,133.1609261171282,134.43141608042833,132.46120397036233,132.58021545410156,37996000
2021-10-01 00:00:00-04:00,133.3453939422307,135.7882166913334,132.97396732571667,135.42372131347656,35360000
2021-10-04 00:00:00-04:00,134.84597552340657,134.84597552340657,129.97573673510337,132.5638427734375,51202000
2021-10-05 00:00:00-04:00,132.94224164734214,136.09964809191845,132.94224164734214,134.90798950195312,32404000
2021-10-06 00:00:00-04:00,133.64542025587158,136.62082849904496,133.44706273306846,136.43734741210938,24364000
2021-10-07 00:00:00-04:00,137.75347740127893,138.89405973958108,137.51445558203253,138.08375549316406,25110000
2021-10-08 00:00:00-04:00,138.43286154368056,139.180678709359,138.0763113266695,138.63966369628906,26526000
2021-10-11 00:00:00-04:00,138.15020647249565,139.55856466782143,137.72074204736637,137.77529907226562,17954000
2021-10-12 00:00:00-04:00,138.33665033617203,138.3634370023765,134.64714270868552,135.33050537109375,36332000
2021-10-13 00:00:00-04:00,136.27619065855683,136.86879650740957,135.39993366753524,136.4542236328125,19654000
2021-10-14 00:00:00-04:00,138.33070229242213,140.17892171906655,137.68702021920703,139.99395751953125,31894000
2021-10-15 00:00:00-04:00,140.4536525487432,140.55630449662968,139.60120099035484,140.20916748046875,30274000
2021-10-18 00:00:00-04:00,139.9200452463808,141.62544749531995,139.91309887510886,141.6075897216797,20396000
2021-10-19 00:00:00-04:00,142.2121299993637,142.48488486692986,141.43109432493534,142.0628662109375,20164000
2021-10-20 00:00:00-04:00,142.16302664662172,142.36932937667234,140.21760340386373,140.6068878173828,23288000
2021-10-21 00:00:00-04:00,140.6068856243596,140.99072189641535,139.3482906803263,140.72293090820312,26292000
2021-10-22 00:00:00-04:00,138.00935869132704,139.43061082473707,134.94072652552163,136.4388427734375,50588000
2021-10-25 00:00:00-04:00,136.42248030097556,136.8687885412158,134.313900493147,136.32032775878906,34412000
2021-10-26 00:00:00-04:00,138.1219203768164,138.9346913152146,137.17078194335667,138.1665496826172,49236000
2021-10-27 00:00:00-04:00,138.26226450047915,147.4314763034353,138.26226450047915,145.0189208984375,85782000
2021-10-28 00:00:00-04:00,145.92841199689116,145.9517179093353,143.44145926717053,144.6534423828125,36206000
2021-10-29 00:00:00-04:00,143.8887552596137,147.02682046055673,143.46377046547764,146.83242797851562,43320000
2021-11-01 00:00:00-04:00,146.83241520559218,146.83241520559218,142.05141992285428,142.32069396972656,46924000
2021-11-02 00:00:00-04:00,143.3943518013393,145.4072108702752,143.15234864828975,144.2403564453125,33482000
2021-11-03 00:00:00-04:00,144.7045091916116,145.46671841466951,143.40574947129778,145.39630126953125,27494000
2021-11-04 00:00:00-04:00,145.9185032328249,148.50612573337082,145.1086983387751,147.05213928222656,38412000
2021-11-05 00:00:00-04:00,147.94670774549678,149.0952199954821,146.98219111996391,147.63182067871094,38354000
2021-11-08 00:00:00-05:00,148.5968545496057,149.3803872526516,147.2137847900475,147.8093719482422,23052000
2021-11-09 00:00:00-05:00,148.00969001611557,148.606260776847,146.03797976414563,147.69776916503906,19530000
2021-11-10 00:00:00-05:00,146.29092366960225,146.85625857101513,143.35271371379034,144.6975860595703,29970000
2021-11-11 00:00:00-05:00,145.28865935524462,146.3260900126155,144.40693939551036,144.5715789794922,16518000
2021-11-12 00:00:00-05:00,145.41365059304397,147.62984607624279,144.21902587009922,147.45924377441406,22360000
2021-11-15 00:00:00-05:00,147.67991725355816,148.32359927216987,146.36528227383033,147.23509216308594,23508000
2021-11-16 00:00:00-05:00,146.93507493624477,147.54304137580007,146.10493053390076,146.663818359375,18904000
2021-11-17 00:00:00-05:00,146.81407891963306,147.34171568581732,146.0330433290407,146.8334197998047,19594000
2021-11-18 00:00:00-05:00,147.026320462845,149.3461514524102,146.67225222682112,148.6102294921875,35608000
2021-11-19 00:00:00-05:00,148.74610077592874,149.72898972518277,147.67843279309778,147.70570373535156,33682000
2021-11-22 00:00:00-05:00,148.10838258410493,148.6013025990791,144.94949337082977,145.10272216796875,30594000
2021-11-23 00:00:00-05:00,144.95495136652673,145.45779912839131,142.93366287312807,144.5869903564453,27218000
2021-11-24 00:00:00-05:00,144.2810105888424,145.0506504792178,143.18953724894834,144.92221069335938,18040000
2021-11-26 00:00:00-05:00,143.16523224151518,143.3725186493825,140.67977786294543,141.01748657226562,30470000
2021-11-29 00:00:00-05:00,142.81958339759728,145.098250620001,142.71395011842046,144.33753967285156,32596000
2021-11-30 00:00:00-05:00,143.81983548713401,144.80320881089577,140.44076564760365,140.73434448242188,42068000
2021-12-01 00:00:00-05:00,142.81961122468087,144.75412317905503,139.7569265486594,139.89527893066406,34020000
2021-12-02 00:00:00-05:00,140.09210041816888,142.6851699414304,139.06508180615393,141.79403686523438,29194000
2021-12-03 00:00:00-05:00,142.5032466528909,143.21634719880555,139.15094766887884,140.83750915527344,41230000
2021-12-06 00:00:00-05:00,141.8679430077585,142.67328324398704,139.0011345584632,141.98150634765625,30618000
2021-12-07 00:00:00-05:00,144.4030265379746,146.32167843600868,144.03704800153227,146.06231689453125,32240000
2021-12-08 00:00:00-05:00,146.3866264476649,147.1766061373384,145.20589435210303,146.97178649902344,24270000
2021-12-09 00:00:00-05:00,146.38115719853195,147.87779015183264,145.90906116663706,146.4282684326172,23270000
2021-12-10 00:00:00-05:00,147.48109073076458,147.7563124081406,145.5014499291834,146.78831481933594,24458000
2021-12-13 00:00:00-05:00,146.57011059273268,146.75707245649807,144.32467651369262,144.6311492919922,27070000
2021-12-14 00:00:00-05:00,142.78787579064948,143.29567231486587,140.05743659724035,142.7273712158203,38446000
2021-12-15 00:00:00-05:00,142.2334415962049,145.51828889506476,140.51662819810505,145.24058532714844,36370000
2021-12-16 00:00:00-05:00,145.96410864255435,146.46645697869997,142.42981251292935,143.26095581054688,33650000
2021-12-17 00:00:00-05:00,141.33188874138816,142.65545262972856,140.1417284945182,140.56324768066406,50416000
2021-12-20 00:00:00-05:00,138.85239100741393,140.61235063263806,138.17895606354023,140.4462127685547,27192000
2021-12-21 00:00:00-05:00,140.88902779432755,142.6896513447242,139.35074704863183,142.29640197753906,28756000
2021-12-22 00:00:00-05:00,141.89476456543952,145.2991231367607,141.89476456543952,145.21481323242188,26322000
2021-12-23 00:00:00-05:00,145.29909901208103,147.028306818594,145.25148836497797,145.71218872070312,26384000
2021-12-27 00:00:00-05:00,146.04891135250273,147.1279902675561,145.96311835123439,146.69407653808594,15976000
2021-12-28 00:00:00-05:00,147.02084106158438,147.08332813570485,144.857235578729,145.4845428466797,18200000
2021-12-29 00:00:00-05:00,145.44242309096177,146.208597395199,144.45360165448406,145.4528350830078,17788000
2021-12-30 00:00:00-05:00,145.49151435657527,146.09254961389885,144.79775486353165,145.00205993652344,15688000
2021-12-31 00:00:00-05:00,144.85278953169095,145.49597213944008,143.66461181640625,143.66461181640625,18136000
2022-01-03 00:00:00-05:00,143.86593461715796,144.65541477911893,142.53494010406916,143.80296325683594,28646000
2022-01-04 00:00:00-05:00,144.2041576289817,145.2842353697018,142.53843558316575,143.21583557128906,28400000
2022-01-05 00:00:00-05:00,143.23616397542605,143.3150106060316,136.55935260045507,136.6456298828125,54618000
2022-01-06 00:00:00-05:00,135.8754939287169,138.7928795446468,135.43909829641714,136.61834716796875,37348000
2022-01-07 00:00:00-05:00,137.01308839091683,137.31361360301065,134.6535916733449,135.8938446044922,29760000
2022-01-10 00:00:00-05:00,133.97073966369757,137.68157063585514,132.0729270904359,137.5327911376953,44408000
2022-01-11 00:00:00-05:00,136.87572990846158,139.06662188460535,135.57200624477076,138.59054565429688,28730000
2022-01-12 00:00:00-05:00,139.99296095115926,141.4390172004531,139.54120457664413,140.2711639404297,26108000
2022-01-13 00:00:00-05:00,140.37975480829834,141.67902912526233,137.27442366179454,137.4509735107422,31436000
2022-01-14 00:00:00-05:00,135.95533915327124,139.5883225969847,135.8755088296192,138.337158203125,29662000
2022-01-18 00:00:00-05:00,135.05874499682633,136.00740156008052,134.32828625328975,134.88319396972656,34872000
2022-01-19 00:00:00-05:00,135.40440607477944,136.82863968515622,133.90877161248727,134.00894165039062,28648000
2022-01-20 00:00:00-05:00,135.1331368955776,136.49786462490957,131.87456152295866,132.21475219726562,29908000
2022-01-21 00:00:00-05:00,131.506600309101,133.75996411235568,129.02014712662628,129.28297424316406,55652000
2022-01-24 00:00:00-05:00,124.94532175448224,130.12749709636913,123.47944046052136,129.7317657470703,76622000
2022-01-25 00:00:00-05:00,127.68468191395709,128.33827648727342,125.46353788467837,125.89447021484375,46960000
2022-01-26 00:00:00-05:00,130.04418655853962,131.9097642410679,126.09978210305361,128.17364501953125,49130000
2022-01-27 00:00:00-05:00,130.22765236966427,131.5650937262965,127.8755867605392,127.94750213623047,31950000
2022-01-28 00:00:00-05:00,128.59612197182125,132.26332154413544,127.43174978671775,132.2578582763672,34362000
2022-01-31 00:00:00-05:00,133.06225920242,134.3625173657848,131.1257647038749,134.19439697265625,39986000
2022-02-01 00:00:00-05:00,136.46660753981268,136.6634819687619,133.26705377749363,136.5157012939453,68644000
2022-02-02 00:00:00-05:00,150.01017866907893,150.3042417927189,144.32963459516995,146.7868194580078,123200000
2022-02-03 00:00:00-05:00,144.5111378369467,148.4480970136978,141.49604864905484,141.9170684814453,71518000
2022-02-04 00:00:00-05:00,142.26867081780298,143.6874410729593,139.36317994593287,142.118408203125,57998000
2022-02-07 00:00:00-05:00,143.06756034988416,143.06756034988416,137.76140907718417,138.05995178222656,54974000
2022-02-08 00:00:00-05:00,137.8868730262489,138.8523885484705,135.8908729676065,138.25631713867188,54284000
2022-02-09 00:00:00-05:00,139.80796270595044,141.3561711201522,139.03782352988043,140.43130493164062,40144000
2022-02-10 00:00:00-05:00,138.55831786227063,140.3247091861647,136.8261287196153,137.4836883544922,39330000
2022-02-11 00:00:00-05:00,137.46386044180338,138.01578678020195,132.30647428852177,133.18174743652344,39958000
2022-02-14 00:00:00-05:00,132.16417235989616,135.1827270188193,132.16417235989616,134.41506958007812,34302000
2022-02-15 00:00:00-05:00,136.4427979327925,136.9763973849014,134.7081419187358,135.4886932373047,26680000
2022-02-16 00:00:00-05:00,135.52635776433524,136.95405656109108,133.81797410147496,136.60891723632812,25022000
2022-02-17 00:00:00-05:00,135.12617731893766,135.98954027468156,131.39254001045595,131.45254516601562,38950000
2022-02-18 00:00:00-05:00,132.37293985364457,132.97100892915242,129.12925617493363,129.3340606689453,45620000
2022-02-22 00:00:00-05:00,128.77367925061782,131.09697591573786,127.17241181915688,128.7493896484375,44990000
2022-02-23 00:00:00-05:00,130.56933001705977,130.96852695251638,126.48210910772207,126.5421142578125,32786000
2022-02-24 00:00:00-05:00,123.92924660861584,131.90979005724103,123.92924660861584,131.6033172607422,54456000
2022-02-25 00:00:00-05:00,132.45723763350745,134.16264009522365,130.67149031409218,133.3572998046875,36406000
2022-02-28 00:00:00-05:00,131.95935360321266,134.6387009971114,131.5055996259116,133.9499053955078,38864000
2022-03-01 00:00:00-05:00,133.77285909543676,135.13857036774974,132.12647806196426,132.96255493164062,26496000
2022-03-02 00:00:00-05:00,133.52443917740345,134.15372912259033,131.9806947822643,133.46839904785156,23520000
2022-03-03 00:00:00-05:00,134.8950682854782,135.32105186734134,131.9350362852021,132.8018798828125,24604000
2022-03-04 00:00:00-05:00,131.83786771432526,132.75428947542676,129.26908704703752,130.82522583007812,30430000
2022-03-07 00:00:00-05:00,130.41018119670454,130.6551505710918,125.25974058288864,125.34255981445312,45112000
2022-03-08 00:00:00-05:00,125.21509629053482,130.17411000501144,124.64431332771989,126.06259155273438,40428000
2022-03-09 00:00:00-05:00,130.17409924594682,132.63922887603567,128.83565901257037,132.32630920410156,37026000
2022-03-10 00:00:00-05:00,130.1900181571221,132.1795716931348,129.83941543572246,131.34397888183594,27102000
2022-03-11 00:00:00-05:00,132.39426221843516,132.698752456179,128.56888416798853,128.80592346191406,31526000
2022-03-14 00:00:00-04:00,129.18232020379136,129.34001346575886,124.2481025769408,124.9185562133789,38812000
2022-03-15 00:00:00-04:00,125.93513042039176,128.79004377353704,124.68992141435149,128.138916015625,30920000
2022-03-16 00:00:00-04:00,129.66135482928354,132.240032982956,127.67923236827228,132.18797302246094,35576000
2022-03-17 00:00:00-04:00,132.05756641925296,132.98143408968724,131.1014639438647,132.74191284179688,28264000
2022-03-18 00:00:00-04:00,132.33078043484574,135.1271719338952,131.17433810969047,135.0096435546875,44566000
2022-03-21 00:00:00-04:00,135.04732810159504,135.92656630102422,132.99330550843302,134.98583984375,26832000
2022-03-22 00:00:00-04:00,134.9858312898088,139.89376833061417,134.9858312898088,138.72145080566406,35496000
2022-03-23 00:00:00-04:00,137.56553055143635,138.4442694271566,136.70514886604158,137.14202880859375,25154000
2022-03-24 00:00:00-04:00,138.0589638071755,140.4581413727079,136.62135200854692,140.41152954101562,26396000
2022-03-25 00:00:00-04:00,140.7526925700073,140.8707203771551,138.59205274099185,140.51168823242188,24126000
2022-03-28 00:00:00-04:00,139.74550107592432,140.83847267217368,138.66542339972597,140.29595947265625,35050000
2022-03-29 00:00:00-04:00,141.47820601311636,142.6148082235357,140.87418935059165,141.3373565673828,34318000
2022-03-30 00:00:00-04:00,141.29220332405055,141.55056596107124,140.43925249315063,140.7749786376953,19884000
2022-03-31 00:00:00-04:00,140.88852097872373,140.9430779883142,137.8848587100778,137.92750549316406,37524000
2022-04-01 00:00:00-04:00,138.356482806623,139.31951637020538,137.17375319145697,139.00164794921875,25942000
2022-04-04 00:00:00-04:00,139.20795791982718,142.53396895874045,139.16034726925992,141.79953002929688,25942000
2022-04-05 00:00:00-04:00,141.69787954637118,141.8183741448747,139.23176584389168,139.4385528564453,21418000
2022-04-06 00:00:00-04:00,137.61261036383607,138.21810996580516,134.40611087205892,135.4286651611328,32468000
2022-04-07 00:00:00-04:00,134.89509176328988,136.04013849416,133.1272020827794,134.77459716796875,26234000
2022-04-08 00:00:00-04:00,134.47206944780507,134.55786243440133,131.87553388786895,132.1949005126953,25142000
2022-04-11 00:00:00-04:00,130.7429100506066,131.009702203024,127.61377361707454,127.76750183105469,36884000
2022-04-12 00:00:00-04:00,130.5212423290769,130.5212423290769,125.74967490379522,126.66758728027344,32710000
2022-04-13 00:00:00-04:00,126.95075200878496,129.26561926423614,126.6938724329844,128.8292236328125,27928000
2022-04-14 00:00:00-04:00,129.40993832117093,129.40993832117093,125.56322179244722,125.69116973876953,31598000
2022-04-18 00:00:00-04:00,125.95895269585907,127.16150750964877,125.14765723721159,126.6299057006836,20808000
2022-04-19 00:00:00-04:00,126.64477542409657,129.26461711503015,125.95844660693362,128.9432830810547,26490000
2022-04-20 00:00:00-04:00,129.81905168731214,130.32189946504832,126.4548582513956,126.99042510986328,31696000
2022-04-21 00:00:00-04:00,128.1905009821093,129.03204110665789,123.50571776803207,123.7913589477539,36446000
2022-04-22 00:00:00-04:00,123.97534345046293,124.37404857874347,117.95014478551222,118.65481567382812,56884000
2022-04-25 00:00:00-04:00,118.12469276013913,122.26695521347695,117.53953279206783,122.06512451171875,46128000
2022-04-26 00:00:00-04:00,121.29203242122978,121.50576580824183,117.53954577935023,117.67740631103516,73054000
2022-04-27 00:00:00-04:00,113.53115828563,116.28093039770941,111.81237005693657,113.35759735107422,91820000
2022-04-28 00:00:00-04:00,115.46072646475163,118.66870978777183,113.17957694674581,117.55094909667969,48884000
2022-04-29 00:00:00-04:00,115.77760037683389,116.9533836790152,112.88153803374084,113.17411804199219,42676000
2022-05-02 00:00:00-04:00,112.47539163673035,115.78850866046761,111.67699010622513,115.6273422241211,35534000
2022-05-03 00:00:00-04:00,115.47608756923125,117.47110390717961,115.08333755024837,116.37218475341797,24968000
2022-05-04 00:00:00-04:00,116.07217173392031,121.84743753057185,114.17236904181686,121.25880432128906,49916000
2022-05-05 00:00:00-04:00,119.21866011890872,120.04681450711568,114.06277194925556,115.55047607421875,45840000
2022-05-06 00:00:00-04:00,114.24030932144473,116.60774359414943,113.08089313905965,114.79769897460938,39710000
2022-05-09 00:00:00-04:00,112.32165521736495,114.13368219175439,111.08240126088768,111.58871459960938,40802000
2022-05-10 00:00:00-04:00,114.56067441440058,115.29708837832995,111.97504198620436,113.45729064941406,39900000
2022-05-11 00:00:00-04:00,112.30828274140973,115.41064030425353,112.30828274140973,112.67127990722656,37534000
2022-05-12 00:00:00-04:00,110.46451302431396,113.35809330514908,108.92424196384515,111.91899108886719,53836000
2022-05-13 00:00:00-04:00,113.594142514748,116.90875017939355,112.67375572924637,115.09920501708984,35038000
2022-05-16 00:00:00-04:00,114.01318748987721,115.2177324454328,112.95593136795685,113.50687408447266,25990000
2022-05-17 00:00:00-04:00,115.88272969753332,115.94174359590812,113.92838521355479,115.51824188232422,23054000
2022-05-18 00:00:00-04:00,114.05730975978481,114.45403235058096,110.64104162864625,110.98222351074219,35126000
2022-05-19 00:00:00-04:00,110.51807047133238,112.08362994881233,109.0983015778271,109.47915649414062,34144000
2022-05-20 00:00:00-04:00,111.03331404707964,111.26391395378205,104.92926830668526,108.0152587890625,48962000
2022-05-23 00:00:00-04:00,108.6891932186079,111.2282060203502,107.84962795327247,110.57411193847656,37184000
2022-05-24 00:00:00-04:00,104.90497385041874,105.58584704950131,101.0493357437059,105.10134887695312,76780000
2022-05-25 00:00:00-04:00,104.1249121947519,105.62700102602575,103.00516898284764,104.93769836425781,40258000
2022-05-26 00:00:00-04:00,104.8107448453719,107.75887468895839,104.3624465360755,106.90890502929688,37948000
2022-05-27 00:00:00-04:00,108.58554373009294,111.39730365863458,108.24386241128829,111.39581298828125,37914000
2022-05-31 00:00:00-04:00,111.82228915461961,114.78629421531303,111.15976563053904,112.8294677734375,50012000
2022-06-01 00:00:00-04:00,113.91351567650608,116.14159882441551,112.32166882859197,112.95840454101562,36606000
2022-06-02 00:00:00-04:00,113.06551449385536,116.93304735382672,112.02065295107872,116.65831756591797,37992000
2022-06-03 00:00:00-04:00,115.11110111753601,115.36798068092384,112.5879563145143,113.6020736694336,26136000
2022-06-06 00:00:00-04:00,115.74784575456003,118.36868641474054,115.21177950019366,115.86289978027344,33542000
2022-06-07 00:00:00-04:00,114.53387621473067,116.72625878645412,114.10889140185589,116.18919372558594,31590000
2022-06-08 00:00:00-04:00,115.80437236671298,117.59854920159584,115.64419719383626,116.23332977294922,26108000
2022-06-09 00:00:00-04:00,115.37393150433296,117.32927476403499,113.83515114216875,113.8941650390625,25798000
2022-06-10 00:00:00-04:00,111.5232463696342,112.35040939941473,109.461286342079,110.2502670288086,41452000
2022-06-13 00:00:00-04:00,105.91114561990199,107.89970745137141,105.24912150780392,105.52037811279297,47252000
2022-06-14 00:00:00-04:00,105.66171211229965,107.03981794977923,104.93273646839161,105.84072875976562,33706000
2022-06-15 00:00:00-04:00,107.65522217666569,110.5101281231061,106.78690296928498,108.86473083496094,39698000
2022-06-16 00:00:00-04:00,106.34208771365974,107.75788407901256,104.27616231851945,105.16432189941406,51684000
2022-06-17 00:00:00-04:00,105.16431141911136,107.80845775947009,104.18490323391687,106.26521301269531,51376000
2022-06-21 00:00:00-04:00,108.03657603615589,111.56739902352787,107.70977872020165,110.62964630126953,47416000
2022-06-22 00:00:00-04:00,109.6502478770662,112.41737098859431,109.47767062090766,110.57361602783203,30774000
2022-06-23 00:00:00-04:00,111.31151793905035,111.81833075860875,109.5947120241901,111.32192993164062,28362000
2022-06-24 00:00:00-04:00,112.0687608319365,117.11108593640661,112.02660588324883,117.0079345703125,41164000
2022-06-27 00:00:00-04:00,117.30348135340884,117.60746457783736,114.23533394157802,114.88397979736328,36420000
2022-06-28 00:00:00-04:00,114.8532454023872,116.34789602426181,110.93116279588207,111.08935546875,35792000
2022-06-29 00:00:00-04:00,110.63757039798989,112.23288258881433,109.9636361433874,110.78584289550781,24716000
2022-06-30 00:00:00-04:00,109.09830333262894,109.97902466562923,105.87494437052855,108.0698013305664,43170000
2022-07-01 00:00:00-04:00,107.04825117092746,108.35445680115731,105.85560889935694,107.84616088867188,35476000
2022-07-05 00:00:00-04:00,106.22257357959492,112.4476205204141,104.8647923311928,112.33455657958984,39342000
2022-07-06 00:00:00-04:00,112.37324154606672,114.64198891272858,110.5622056578975,113.63282775878906,37432000
2022-07-07 00:00:00-04:00,114.13667714237225,118.21248816834331,113.89219960925533,117.80931854248047,40936000
2022-07-08 00:00:00-04:00,116.28887225514453,118.70390952621402,115.94322591003493,118.37512969970703,38238000
2022-07-11 00:00:00-04:00,117.03073649463757,117.03073649463757,114.38509945369388,114.72826385498047,31196000
2022-07-12 00:00:00-04:00,115.26235327439865,116.01513422724025,112.75805737728307,113.08584594726562,29960000
2022-07-13 00:00:00-04:00,110.78535950872107,113.25991018567453,110.28995752777116,110.44071197509766,43722000
2022-07-14 00:00:00-04:00,109.30708070983803,110.18234634307093,107.48464162453597,109.4627914428711,37004000
2022-07-15 00:00:00-04:00,111.08240810060202,112.21306263725859,109.99092716981522,110.8612289428711,46770000
2022-07-18 00:00:00-04:00,111.71666191412223,112.74813768915693,107.48166747224792,108.1362533569336,43164600
2022-07-19 00:00:00-04:00,109.94133979066089,113.08535287704044,108.66191325988503,112.8770751953125,36530900
2022-07-20 00:00:00-04:00,112.24231216588865,114.45403556404811,111.55797343357686,112.9663314819336,35600400
2022-07-21 00:00:00-04:00,113.34321184946066,113.6110028170901,110.19919909252089,113.40271759033203,32676200
2022-07-22 00:00:00-04:00,110.09010519867219,111.41911725096242,105.62699282575305,107.01551818847656,48901200
2022-07-25 00:00:00-04:00,107.52134719462656,108.96937840173452,105.42864264206895,106.62872314453125,34690900
2022-07-26 00:00:00-04:00,105.72616877091382,106.32124889141323,103.2169090921242,104.15911865234375,47991000
2022-07-27 00:00:00-04:00,108.36436356281115,112.9762475648789,107.12461020563455,112.13320922851562,59858500
2022-07-28 00:00:00-04:00,111.44888067205848,113.40272578477607,110.54633651373639,113.2837142944336,32816600
2022-07-29 00:00:00-04:00,112.15306191622032,115.7533033393372,112.13322162287426,115.36650085449219,37223400
2022-08-01 00:00:00-04:00,114.35486029276694,115.76321838407448,113.4027229923445,113.91846466064453,26034300
2022-08-02 00:00:00-04:00,113.06550683255934,115.39624164424568,112.78780328963215,114.18624114990234,20236000
2022-08-03 00:00:00-04:00,114.76148550580163,117.64763489421527,114.533375130197,117.112060546875,28499000
2022-08-04 00:00:00-04:00,116.51699706271334,117.80633617133454,115.93182947198484,117.22117614746094,21602900
2022-08-05 00:00:00-04:00,115.2772466831336,117.14183328630476,115.04912870198066,116.507080078125,19159500
2022-08-08 00:00:00-04:00,117.4195241692398,119.16509908636492,115.92189993370644,116.33846282958984,19138300
2022-08-09 00:00:00-04:00,116.1797640458468,116.35828882894792,114.76148592644728,115.67394256591797,19086500
2022-08-10 00:00:00-04:00,117.80632384689984,119.92878102588605,117.43936168959127,118.71878051757812,30930400
2022-08-11 00:00:00-04:00,120.28583826796728,120.49411594083621,117.58813353334271,117.86583709716797,24293700
2022-08-12 00:00:00-04:00,119.27419055535846,120.68254852294922,118.48074539699118,120.68254852294922,19096300
2022-08-15 00:00:00-04:00,120.13706749098401,121.29748248930953,119.62133337705963,121.07928466796875,19494800
2022-08-16 00:00:00-04:00,120.5238677790755,121.42641192061868,119.65108407641937,120.702392578125,19041200
2022-08-17 00:00:00-04:00,119.13535751738875,120.2957650012785,118.40141798211481,118.57003021240234,22847000
2022-08-18 00:00:00-04:00,118.45101217804252,119.82961750509602,117.74683307742816,119.18494415283203,17987700
2022-08-19 00:00:00-04:00,118.08404022953236,118.17330641726673,115.80289830486177,116.24920654296875,21809500
2022-08-22 00:00:00-04:00,114.25567281481072,114.68214829640736,112.91674062691341,113.30354309082031,21456600
2022-08-23 00:00:00-04:00,112.54977631975122,114.06723327503279,112.50018315686643,112.9266586303711,15870400
2022-08-24 00:00:00-04:00,112.5696116974473,113.83911800192885,111.94477869138811,112.758056640625,17734600
2022-08-25 00:00:00-04:00,113.30353100707823,115.76320487353844,113.17459938847787,115.69377899169922,16956800
2022-08-26 00:00:00-04:00,113.77961742600252,114.17634005588431,109.28675199221415,109.43551635742188,37245700
2022-08-29 00:00:00-04:00,109.08838330000286,110.040513040239,107.90814316272662,108.52305603027344,21191200
2022-08-30 00:00:00-04:00,109.26691024996742,109.59420698279374,106.91634250859858,108.0469970703125,27513300
2022-08-31 00:00:00-04:00,109.74298212503663,109.94133965972561,107.24363481356808,107.33290100097656,28627000
2022-09-01 00:00:00-04:00,107.39240764031874,109.5446179336816,106.47995086620014,108.84043884277344,28360900
2022-09-02 00:00:00-04:00,109.68346459238305,109.832236521105,106.38076712239958,106.96592712402344,24160700
2022-09-06 00:00:00-04:00,106.42044469733727,107.14445651227068,104.91290018646603,105.93445587158203,25068300
2022-09-07 00:00:00-04:00,106.18240264265648,109.07847249571734,106.02371813346193,108.55281066894531,23167000
2022-09-08 00:00:00-04:00,107.15436785234293,108.70157768967908,106.28158417405022,107.4915771484375,24238300
2022-09-09 00:00:00-04:00,108.17592320190764,110.08018262294702,108.12633003878351,109.74297332763672,23197700
2022-09-12 00:00:00-04:00,110.08019507284304,110.70503570471661,109.02888648402806,109.95126342773438,22966800
2022-09-13 00:00:00-04:00,106.91633578916247,107.41223714705868,103.23674105474096,103.46485900878906,38172900
2022-09-14 00:00:00-04:00,103.7128143662537,104.41699341820953,102.8102777889331,104.13928985595703,26395100
2022-09-15 00:00:00-04:00,103.17725113683758,104.40708457431286,101.51102201609302,102.06643676757812,34188300
2022-09-16 00:00:00-04:00,101.2333018624559,102.2846103090457,100.11256752914515,101.95732116699219,42797200
2022-09-19 00:00:00-04:00,100.91593353936474,102.48298375828159,100.71757600878111,102.22511291503906,23036800
2022-09-20 00:00:00-04:00,101.24322534010722,101.53084904223219,99.6960079229227,100.31092834472656,26517100
2022-09-21 00:00:00-04:00,100.83658693545453,102.03666739252802,98.45625874751293,98.46617889404297,31487300
2022-09-22 00:00:00-04:00,98.00994304598551,100.41010377703378,97.98019017551985,99.31912231445312,34298600
2022-09-23 00:00:00-04:00,98.81329148769167,98.84305192220198,96.6710017810081,97.93058776855469,31625400
2022-09-26 00:00:00-04:00,97.29585425726316,99.06126205035565,96.99831795404086,97.36528015136719,27072700
2022-09-27 00:00:00-04:00,98.61494711523052,99.18027437650241,96.07593451258548,96.70076751708984,30072800
2022-09-28 00:00:00-04:00,96.84954541208984,99.8745394269292,96.31397098941996,99.22987365722656,32466300
2022-09-29 00:00:00-04:00,97.83142237621783,97.83142237621783,95.17339071110857,96.62142181396484,31047200
2022-09-30 00:00:00-04:00,96.25446166796625,98.08929527552542,94.77667009540615,94.86593627929688,32941500
2022-10-03 00:00:00-04:00,95.9668344859771,98.47609418773558,95.72879638211501,97.8314208984375,27982000
2022-10-04 00:00:00-04:00,99.61667862054995,101.0051965284241,99.557165305316,100.80683898925781,28850800
2022-10-05 00:00:00-04:00,99.0116735801322,101.09445790974014,97.99011792498692,100.59855651855469,22176900
2022-10-06 00:00:00-04:00,99.85469877759263,102.08625491156727,99.76543259746941,100.58863067626953,22324000
2022-10-07 00:00:00-04:00,99.03150112865876,99.70592728808386,97.49421143647145,97.87109375,27502800
2022-10-10 00:00:00-04:00,98.18847005614693,98.28764881556005,96.21478474646479,97.05781555175781,18225100
2022-10-11 00:00:00-04:00,96.6313430235072,98.43642374055914,95.52052121037734,96.38339233398438,26507100
2022-10-12 00:00:00-04:00,96.50241351977157,97.94052452401523,95.94699881751596,96.7602767944336,21876400
2022-10-13 00:00:00-04:00,94.37004071240933,98.96208508756953,93.60634829648116,98.24798583984375,34574500
2022-10-14 00:00:00-04:00,99.17036238714927,99.86462890500115,95.58004100220128,95.76847839355469,25410700
2022-10-17 00:00:00-04:00,98.04963377624901,100.10266544468307,98.0198809004081,99.1505355834961,28419200
2022-10-18 00:00:00-04:00,102.28461724659432,102.62183412414964,99.15052441894925,99.94396209716797,24060700
2022-10-19 00:00:00-04:00,99.19021393378276,100.19192945288192,98.10914479675372,98.81332397460938,23811100
2022-10-20 00:00:00-04:00,99.18028845933702,101.48127084891942,98.57528809438662,99.1505355834961,25323200
2022-10-21 00:00:00-04:00,97.04789829825931,100.47953493084219,96.9189666638649,100.30101013183594,32458700
2022-10-24 00:00:00-04:00,100.96551960605208,101.90772916035505,99.1604389639881,101.67961120605469,27176400
2022-10-25 00:00:00-04:00,102.05650783204726,103.96076735839142,101.87798302852408,103.6235580444336,40611400
2022-10-26 00:00:00-04:00,95.63952891169801,97.50411515149013,93.9137944362067,94.15182495117188,88114100
2022-10-27 00:00:00-04:00,93.74519988449306,94.64774408921001,91.04750255104241,91.46405792236328,60710900
2022-10-28 00:00:00-04:00,91.51363539732378,95.75855747636481,91.37478361921333,95.50068664550781,43697300
2022-10-31 00:00:00-04:00,94.637811790529,95.242812042702,93.20962104840368,93.73527526855469,31675000
2022-11-01 00:00:00-04:00,94.66758297619046,95.24283046936205,89.62923003768798,89.72840881347656,47161400
2022-11-02 00:00:00-04:00,90.19453791873643,90.43256844263183,86.16781390238052,86.257080078125,57038300
2022-11-03 00:00:00-04:00,85.61242642729303,85.81078398148212,82.65685044199955,82.7461166381836,61288000
2022-11-04 00:00:00-04:00,84.69995747119829,85.92979077856455,83.02380838038178,85.87028503417969,51124900
2022-11-07 00:00:00-05:00,86.56453757303696,88.1712606549143,86.13806211366017,87.76461791992188,34078900
2022-11-08 00:00:00-05:00,88.17127990722656,89.57963821850713,86.87201295416122,88.17127990722656,30429000
2022-11-09 00:00:00-05:00,87.72494420662868,88.70683431006073,86.56453688459513,86.60420989990234,31769100
2022-11-10 00:00:00-05:00,91.49380333022981,93.61626060159357,90.85905017805679,93.16995239257812,51620100
2022-11-11 00:00:00-05:00,93.91380328731896,96.1354392923686,93.15011094483498,95.61970520019531,33090500
2022-11-14 00:00:00-05:00,94.31051185350877,95.99658092538591,93.73527205818615,94.91551208496094,30179500
2022-11-15 00:00:00-05:00,97.4545394739204,99.31912590340235,95.91724219824151,97.63306427001953,41640800
2022-11-16 00:00:00-05:00,97.09749375411836,98.82322847399864,96.83962291238991,98.03970336914062,29105200
2022-11-17 00:00:00-05:00,96.17511335721086,98.46617527590662,95.99658856050377,97.55371856689453,26052600
2022-11-18 00:00:00-05:00,97.96035204939338,98.0892912467336,95.58003155727448,96.63134002685547,28342300
2022-11-21 00:00:00-05:00,96.49248658714596,97.59338820085925,94.5783070537111,94.81633758544922,21647400
2022-11-22 00:00:00-05:00,95.16347408012261,96.42306785300386,93.27905484436155,96.25446319580078,23438500
2022-11-23 00:00:00-05:00,96.29412816473291,97.95044455619234,96.29412816473291,97.65290069580078,18868100
2022-11-25 00:00:00-05:00,97.43469959629758,97.83142220785665,96.60158892219253,96.66109466552734,9701400
2022-11-28 00:00:00-05:00,96.24453976932135,96.78011416235111,94.82626153412802,95.26265716552734,26237500
2022-11-29 00:00:00-05:00,94.94528050830175,95.33208297513312,93.33855733056448,94.40970611572266,20061700
2022-11-30 00:00:00-05:00,94.04273414974281,100.21174831439473,93.64601154608545,100.16215515136719,43647500
2022-12-01 00:00:00-05:00,100.191908022442,101.4118287044889,99.42822325305634,100.16215515136719,28687100
2022-12-02 00:00:00-05:00,98.23806351073277,99.94395785152076,98.08929158774455,99.61666870117188,21480700
2022-12-05 00:00:00-05:00,98.58518949074,100.54895459128153,98.18846689898945,98.66453552246094,24405100
2022-12-06 00:00:00-05:00,98.48601001120109,98.96207106432217,95.62961342505861,96.18502807617188,24910700
2022-12-07 00:00:00-05:00,95.61971746872926,96.08585845727798,93.94356821211183,94.1617660522461,31045400
2022-12-08 00:00:00-05:00,94.59814224941029,94.79650733675184,92.6839626659769,92.94183349609375,32213300
2022-12-09 00:00:00-05:00,93.0013431152763,93.48733192437892,91.98970761165849,92.06905364990234,28225400
2022-12-12 00:00:00-05:00,91.9500324704772,92.79306329851202,90.85905095379364,92.54511260986328,29420000
2022-12-13 00:00:00-05:00,96.95863687909693,98.7141243795283,94.2510121002556,94.8460922241211,40593700
2022-12-14 00:00:00-05:00,94.41961155521665,96.0759277719066,92.83272878989905,94.29067993164062,28733600
2022-12-15 00:00:00-05:00,92.36658508509045,92.87240659372344,89.27216542487523,90.11519622802734,40107000
2022-12-16 00:00:00-05:00,90.01602009048204,90.58134735770545,88.786179227131,89.5201187133789,58011800
2022-12-19 00:00:00-05:00,89.52012290883614,89.81765920892968,87.48692414068339,87.71504211425781,29493000
2022-12-20 00:00:00-05:00,87.38775412824421,88.4489829286173,86.72324800125995,88.29029083251953,23453800
2022-12-21 00:00:00-05:00,88.34979410199328,89.48044867408069,87.59602186498341,88.84569549560547,24745600
2022-12-22 00:00:00-05:00,87.43733387958731,87.81421619968995,85.61241288884075,87.04061126708984,27658300
2022-12-23 00:00:00-05:00,86.39593360126003,88.81593460502073,86.35626058532988,88.4985580444336,23003000
2022-12-27 00:00:00-05:00,88.07209058240402,88.21094236734609,86.29676268423916,86.67364501953125,20097300
2022-12-28 00:00:00-05:00,86.2670023652313,87.31831080815121,85.23552664693922,85.31486511230469,19523200
2022-12-29 00:00:00-05:00,85.9099593646084,88.12167532237186,85.9000392181079,87.7249526977539,23333500
2022-12-30 00:00:00-05:00,86.26700621056507,87.57618553312793,85.86036345245435,87.50675964355469,23986300
2023-01-03 00:00:00-05:00,88.85559860680175,90.30363718067711,87.79437004023141,88.38945770263672,28131200
2023-01-04 00:00:00-05:00,89.60938314842804,89.90692702075431,86.55462865105089,87.35799407958984,34854800
2023-01-05 00:00:00-05:00,86.75298665837843,86.85216541875592,85.19585666320351,85.49339294433594,27194400
2023-01-06 00:00:00-05:00,86.07855178597063,86.97117567277324,84.16437239360367,86.62403869628906,41381500
2023-01-09 00:00:00-05:00,87.63569405206921,89.31184316795068,87.13979266316744,87.29847717285156,29003900
2023-01-10 00:00:00-05:00,85.27521189352831,87.94315639958413,85.12643995349273,87.69520568847656,30467800
2023-01-11 00:00:00-05:00,88.44896825112974,90.8491290549015,88.28036360214634,90.76978302001953,26862000
2023-01-12 00:00:00-05:00,90.73013267415503,91.11693520003142,89.01431032674121,90.38299560546875,30258100
2023-01-13 00:00:00-05:00,90.1052744877532,91.4342940509324,89.3911753274604,91.3648681640625,26329200
2023-01-17 00:00:00-05:00,91.30536421618127,91.49380917136953,89.31184601733088,90.54167938232422,32602400
2023-01-18 00:00:00-05:00,91.38470524390696,92.0392986943226,89.89700111134908,90.3730697631836,29116700
2023-01-19 00:00:00-05:00,89.97635197425116,92.84266148471706,89.88708578674498,92.2872543334961,37000400
2023-01-20 00:00:00-05:00,94.3204372009586,97.49421044649547,94.24109116727796,97.21649932861328,63191100
2023-01-23 00:00:00-05:00,97.1470790758333,99.21995081656387,96.70077085248677,98.97200012207031,40005100
2023-01-24 00:00:00-05:00,97.29583909209552,98.79346322217292,96.40321518784893,96.89911651611328,33078500
2023-01-25 00:00:00-05:00,94.78659020973076,95.37175777745863,92.99142962152443,94.43946075439453,42330000
2023-01-26 00:00:00-05:00,95.70896088534776,96.77018947539196,94.59813913338816,96.72059631347656,30114000
2023-01-27 00:00:00-05:00,96.5123239826297,99.49765240364174,96.5123239826297,98.5554428100586,33879800
2023-01-30 00:00:00-05:00,96.68093725731849,97.48429507886306,95.60978845068932,96.1453628540039,27226200
2023-01-31 00:00:00-05:00,96.07593251835176,98.06945054380512,96.02633935545113,98.02977752685547,29870700
2023-02-01 00:00:00-05:00,97.90084104880061,100.36051500989419,96.78010675117609,99.60674285888672,35531100
2023-02-02 00:00:00-05:00,104.93274207361436,106.9659333278878,104.74429711518005,106.8568344116211,69883800
2023-02-03 00:00:00-05:00,102.08625562934304,106.92625024321528,101.73912618609937,103.92108917236328,65309300
2023-02-06 00:00:00-05:00,101.56060192669277,103.50453438595648,101.0448602652804,102.05650329589844,31999600
2023-02-07 00:00:00-05:00,102.37388574345306,107.29322670020932,102.27470697729218,106.75765228271484,49010200
2023-02-08 00:00:00-05:00,101.2134745048074,102.29453587919534,97.23634332555855,98.5554428100586,94743500
2023-02-09 00:00:00-05:00,99.18027975409596,99.21003262732542,92.86249320969232,94.23118591308594,119455000
2023-02-10 00:00:00-05:00,94.6675682304884,95.95691481547425,93.47740797269714,93.79478454589844,54980700
2023-02-13 00:00:00-05:00,93.96338902898977,94.4196173792314,93.07076505379771,93.83445739746094,50076100
2023-02-14 00:00:00-05:00,93.65594180887688,94.07249718262943,91.50373147763352,93.90389251708984,54726100
2023-02-15 00:00:00-05:00,93.7154415296958,96.32388765510876,93.37823222030585,96.1453628540039,50169000
2023-02-16 00:00:00-05:00,94.58823713954602,96.8792992195654,93.96339652364621,94.72708892822266,42462600
2023-02-17 00:00:00-05:00,94.07249288547277,94.77667195660865,92.44593691924389,93.57659149169922,34284100
2023-02-21 00:00:00-05:00,92.23766291009657,92.3368416794246,90.96815650224582,91.03758239746094,33629300
2023-02-22 00:00:00-05:00,90.94831301648848,91.35495579337403,89.86725160509873,90.89872741699219,30884000
2023-02-23 00:00:00-05:00,91.16652191482176,91.18636221051398,89.02423155826087,90.14496612548828,41206400
2023-02-24 00:00:00-05:00,88.70684756779147,89.1531558147064,87.85389652834307,88.39938354492188,36585100
2023-02-27 00:00:00-05:00,89.1333236694336,89.42094740013515,88.6076618097586,89.1333236694336,27502300
2023-02-28 00:00:00-05:00,88.59774267568118,90.48216943962086,88.58782252932733,89.3217544555664,30142000
2023-03-01 00:00:00-05:00,89.24241090828541,90.28379921055803,88.93494692364422,89.61929321289062,31111200
2023-03-02 00:00:00-05:00,88.92502745736198,91.5235455057447,88.85559400906735,91.24584197998047,32204400
2023-03-03 00:00:00-05:00,91.7219244117424,92.96167788657921,91.69216397218837,92.88233184814453,35160100
2023-03-06 00:00:00-05:00,93.2492875940104,95.1833074213031,93.22945486919875,94.35018920898438,32639300
2023-03-07 00:00:00-05:00,94.20143621358584,94.8857750214838,92.76331756858707,93.09061431884766,27835500
2023-03-08 00:00:00-05:00,93.3484777291188,95.1733911604508,93.229458674828,93.47740936279297,34103300
2023-03-09 00:00:00-05:00,93.27905456209555,94.74691844025844,91.14667706997915,91.563232421875,28813500
2023-03-10 00:00:00-05:00,91.41446217961779,92.02938263914514,89.65897455457669,89.8870849609375,35941000
2023-03-13 00:00:00-04:00,89.35150848107031,91.81118269560834,88.687002437022,90.36315155029297,37335600
2023-03-14 00:00:00-04:00,91.80126901552406,93.58651716528313,91.68225751677693,93.19971466064453,36050200
2023-03-15 00:00:00-04:00,92.45585699442236,96.13544442535732,91.88060956204423,95.3221664428711,50622100
2023-03-16 00:00:00-04:00,95.41142746724535,100.36052894620208,94.71716852573586,99.4976577758789,65492000
2023-03-17 00:00:00-04:00,99.43814263216196,101.99698789396676,99.27945056518114,100.78699493408203,61028500
2023-03-20 00:00:00-04:00,99.29928500623465,100.91592061736439,99.05133434132713,100.39026641845703,32960400
2023-03-21 00:00:00-04:00,100.42002246352078,104.23846131049126,100.39026959348749,104.0599365234375,42110300
2023-03-22 00:00:00-04:00,103.41527577821408,105.71625799716358,102.48298628129344,102.52265930175781,43427400
2023-03-23 00:00:00-04:00,104.19878539495483,105.42862614570019,103.60370531028819,104.73435974121094,40797800
2023-03-24 00:00:00-04:00,104.12937541633211,104.62527682377592,102.98880066584036,104.57569122314453,30393300
2023-03-27 00:00:00-04:00,103.7623993547433,103.9012511249283,101.09444771774577,101.62010192871094,31120900
2023-03-28 00:00:00-04:00,101.60028121184264,101.61019379170308,98.92240911282488,100.20183563232422,32057900
2023-03-29 00:00:00-04:00,101.44159523579167,101.64987292821645,99.82495929924386,100.55889129638672,28779600
2023-03-30 00:00:00-04:00,100.08282857556007,100.33077928644965,98.96208651955186,100.06298828125,33086200
2023-03-31 00:00:00-04:00,100.46961878932184,103.0383842078249,100.2117479628211,102.87969970703125,36863400
2023-04-03 00:00:00-04:00,101.55067181728566,103.67312886389983,101.09444351040028,103.50452423095703,25035400
2023-04-04 00:00:00-04:00,103.47478504857116,104.71453851392779,103.18716133658586,103.86158752441406,24420100
2023-04-05 00:00:00-04:00,104.91289907946413,105.2302756731111,102.8102819841236,103.61363983154297,28290500
2023-04-06 00:00:00-04:00,104.39716471996435,108.27510972849137,103.47478781441008,107.53125762939453,48711500
2023-04-10 00:00:00-04:00,106.10305636159114,106.70804904814693,104.2583027310059,105.5674819946289,27067400
2023-04-11 00:00:00-04:00,105.67658753468932,105.85511233488984,103.82191364187591,104.48641967773438,26311800
2023-04-12 00:00:00-04:00,105.70633385627954,105.87493849967197,103.48469035438097,103.78223419189453,24370300
2023-04-13 00:00:00-04:00,104.97239950361016,106.6088755556612,104.97239950361016,106.54936981201172,24843600
2023-04-14 00:00:00-04:00,106.01379677904549,108.04699547084493,105.96420361413152,107.97756958007812,26578000
2023-04-17 00:00:00-04:00,103.80208956915179,105.28979383922241,103.66323020910507,105.10134887695312,37571200
2023-04-18 00:00:00-04:00,105.61706440974724,105.66665757008278,103.21690375984336,103.64337921142578,26596400
2023-04-19 00:00:00-04:00,102.7309239306776,104.11944920307992,102.225102442597,103.32600402832031,20905700
2023-04-20 00:00:00-04:00,103.05822535639409,105.37904011363008,103.01855233915232,104.42691040039062,27820800
2023-04-21 00:00:00-04:00,104.60544233096776,105.13109660328743,103.92109597885471,104.54593658447266,25800100
2023-04-24 00:00:00-04:00,104.62528018111423,105.7559348210195,103.84175502418775,105.10134887695312,23542800
2023-04-25 00:00:00-04:00,104.96249889083178,105.81544995903873,102.98880574375589,102.99872589111328,46664100
2023-04-26 00:00:00-04:00,104.05994371224027,105.47822196102051,101.788714484929,102.85986328125,53347600
2023-04-27 00:00:00-04:00,103.59380098496241,107.48167377000753,102.69126435820809,106.70806121826172,50089200
2023-04-28 00:00:00-04:00,106.16256199648849,106.47001841232823,104.22854218991014,106.46009826660156,36139800
2023-05-01 00:00:00-04:00,105.96419371928604,107.10476830411024,105.94436099528517,106.32124328613281,26681700
2023-05-02 00:00:00-04:00,106.26174573640694,106.3212514798493,102.85986201062076,104.4566650390625,30997200
2023-05-03 00:00:00-04:00,104.66494807746287,106.60888065380296,104.09962078519486,104.54593658447266,21795400
2023-05-04 00:00:00-04:00,104.62527054996112,104.73436945840507,103.117733691147,103.83183288574219,23419500
2023-05-05 00:00:00-04:00,103.9607682679493,105.01207680519784,103.25658919423994,104.70462036132812,26639300
2023-05-08 00:00:00-04:00,104.31780842718317,107.07501872614742,104.29797570257264,106.8865737915039,26511400
2023-05-09 00:00:00-04:00,107.50149988087897,109.2470748463162,106.31133960304034,106.47002410888672,36360100
2023-05-10 00:00:00-04:00,107.08494078998831,112.01420151452291,107.04526777320253,110.83395385742188,63153400
2023-05-11 00:00:00-04:00,114.45402601736026,116.9533653374252,113.47214352378336,115.61443328857422,78900000
2023-05-12 00:00:00-04:00,115.72354718741605,117.06247940985591,115.15821991274791,116.54674530029297,41102300
2023-05-15 00:00:00-04:00,115.15820905774291,117.5087841186648,115.05903030373587,115.554931640625,36266800
2023-05-16 00:00:00-04:00,115.535101164742,119.76018303268906,115.47559542065336,118.53034973144531,45035600
2023-05-17 00:00:00-04:00,118.62952082286563,120.67263195090871,117.91542167256014,119.84943389892578,33323600
2023-05-18 00:00:00-04:00,119.95854133598478,122.29919646548392,119.83952984703524,121.82313537597656,35234200
2023-05-19 00:00:00-04:00,122.5372406458961,124.93740163874087,121.14871519349788,121.75371551513672,41353400
2023-05-22 00:00:00-04:00,121.93223602252743,125.39362560112353,121.73387092669454,124.02494049072266,35253000
2023-05-23 00:00:00-04:00,123.14223409458985,123.60837503480265,121.20821417591823,121.55534362792969,34046300
2023-05-24 00:00:00-04:00,120.12714097229151,120.91066598216418,118.8774675012544,119.90894317626953,34182600
2023-05-25 00:00:00-04:00,123.49927213144791,124.2927173391139,120.96025957388359,122.46780395507812,42317000
2023-05-26 00:00:00-04:00,122.16034830832359,124.2332200823341,121.44624908602053,123.58854675292969,35635900
2023-05-30 00:00:00-04:00,124.61009496844295,124.62993526057318,120.99993361988649,122.65624237060547,35076700
2023-05-31 00:00:00-04:00,121.74379679384124,123.04305607346541,121.49584608754014,121.8628158569336,37325800
2023-06-01 00:00:00-04:00,121.81322462361568,123.4001076557752,121.61486708216643,122.70584869384766,30772700
2023-06-02 00:00:00-04:00,122.97362222070807,125.11591981661117,122.74551182311099,123.6480484008789,26980100
2023-06-05 00:00:00-04:00,122.99346805796284,126.38543183753264,122.82485583017811,124.9770736694336,32305500
2023-06-06 00:00:00-04:00,124.97707174019685,127.23837332481472,124.33239841304952,126.26641082763672,26638300
2023-06-07 00:00:00-04:00,125.92920957724658,127.98223361540205,121.11896724894035,121.495849609375,52539000
2023-06-08 00:00:00-04:00,121.22806776750527,122.21987063454354,120.2461774810015,121.13880157470703,29389200
2023-06-09 00:00:00-04:00,121.2478829569892,122.74550718830598,120.9106736630639,121.2280502319336,23778300
2023-06-12 00:00:00-04:00,121.78346450999771,123.03313813403905,120.66273009040363,122.62649536132812,28306400
2023-06-13 00:00:00-04:00,123.95551612909149,124.13404093411759,122.17026807883049,122.81494140625,22278300
2023-06-14 00:00:00-04:00,122.09091511456377,123.03313225253616,120.45443908912067,122.65624237060547,30592300
2023-06-15 00:00:00-04:00,122.13060083541116,124.43158311632118,121.39666885419425,124.06461334228516,35246300
2023-06-16 00:00:00-04:00,124.89772318191494,125.07624798326509,122.26944432692575,122.51739501953125,45535600
2023-06-20 00:00:00-04:00,121.92232245860355,123.54887849797753,121.13879731318417,122.09092712402344,26097500
2023-06-21 00:00:00-04:00,121.39666224993185,121.65453309243799,119.11551282046045,119.56182861328125,30306300
2023-06-22 00:00:00-04:00,119.01633037340913,122.22976917477193,117.85592296831348,122.14051055908203,26952200
2023-06-23 00:00:00-04:00,120.38501322694266,121.78345871511222,120.06763665447824,121.33714294433594,34913600
2023-06-26 00:00:00-04:00,119.77010249354858,120.99993578775403,117.30050819204033,117.36993408203125,33969900
2023-06-27 00:00:00-04:00,116.1202700370029,118.10387557545451,115.14829999374557,117.36002349853516,39535900
2023-06-28 00:00:00-04:00,116.13017287240949,119.40312476297248,115.89214234648705,119.1948471069336,27091400
2023-06-29 00:00:00-04:00,118.26256241740738,119.07584040154654,117.33027294139967,118.12371063232422,24090900
2023-06-30 00:00:00-04:00,119.18492899866601,120.08747309044965,118.70886793868348,118.71878051757812,29532200
2023-07-03 00:00:00-04:00,118.26255136387671,119.20476846528122,117.84599604756099,118.91714477539062,14467900
2023-07-05 00:00:00-04:00,118.26254917337135,121.60492692137657,118.25263659472891,120.7519760131836,27584800
2023-07-06 00:00:00-04:00,118.81797842897954,119.31387982882194,117.42945299604987,119.12543487548828,24745200
2023-07-07 00:00:00-04:00,119.1155002818165,120.05771736735291,118.42124143298246,118.5005874633789,21709500
2023-07-10 00:00:00-04:00,117.33026342725442,117.34017600620315,115.18796594507899,115.49542236328125,35315200
2023-07-11 00:00:00-04:00,115.33674061449469,116.74509867791642,114.40444362500358,116.17977142333984,23078800
2023-07-12 00:00:00-04:00,117.82617700118566,119.34363409167489,117.4393745101533,117.95510864257812,30404400
2023-07-13 00:00:00-04:00,119.93870320943425,123.80673533006852,119.46263457450904,123.51911163330078,44297900
2023-07-14 00:00:00-04:00,123.7769786548953,125.7407437423268,122.47771198641469,124.39189147949219,33283100
2023-07-17 00:00:00-04:00,124.90764611490182,126.05813341949313,123.18190380773267,123.62821960449219,25716200
2023-07-18 00:00:00-04:00,123.57863229856872,123.65797834178053,121.95207624700235,122.74552154541016,26193600
2023-07-19 00:00:00-04:00,123.57862647852336,124.15387391443447,120.80158319859368,121.02969360351562,37224000
2023-07-20 00:00:00-04:00,120.42468068272518,123.07279204631881,117.25091510465651,118.2228775024414,37906800
2023-07-21 00:00:00-04:00,119.63125870411923,119.99822090421563,117.7567519823055,119.03617095947266,72937900
2023-07-24 00:00:00-04:00,120.6627297925078,121.99174188501857,119.98830359973758,120.5337905883789,29686100
2023-07-25 00:00:00-04:00,120.36518297759501,122.14051081744289,120.02796610605938,121.20821380615234,52509600
2023-07-26 00:00:00-04:00,129.00378761340536,129.90631659089652,127.26813284588675,128.21034240722656,61682100
2023-07-27 00:00:00-04:00,130.59066029279523,132.14779780312753,127.73426366088836,128.33926391601562,44952100
2023-07-28 00:00:00-04:00,129.70794681826914,132.64368926365583,129.49967674072056,131.49319458007812,36591200
2023-07-31 00:00:00-04:00,131.64196213896054,132.43540728957092,130.69975264360772,131.63204956054688,28055500
2023-08-01 00:00:00-04:00,129.70795684787504,131.54279790983335,129.60877052366334,130.47164916992188,23166800
2023-08-02 00:00:00-04:00,128.3888654416219,129.0236186085389,126.51435881324909,127.32764434814453,26273300
2023-08-03 00:00:00-04:00,126.9210031114822,128.329361244637,126.37550855512062,127.39706420898438,20089500
2023-08-04 00:00:00-04:00,128.22025231793552,130.43196810964983,126.8614874567136,127.05984497070312,26147200
2023-08-07 00:00:00-04:00,128.10124510100812,130.53115877911966,127.962393323222,130.45181274414062,22746300
2023-08-08 00:00:00-04:00,129.54928620643435,130.431990156543,128.4781372893849,130.32289123535156,23535200
2023-08-09 00:00:00-04:00,130.58074278541653,130.95761750800182,127.94254405878128,128.59713745117188,24912900
2023-08-10 00:00:00-04:00,130.2435507528464,130.9675625582551,128.38886922887625,128.6269073486328,20857800
2023-08-11 00:00:00-04:00,127.60535409901688,128.86493278064867,127.11936527043054,128.4979705810547,19591100
2023-08-14 00:00:00-04:00,128.32937892208105,130.2931444617831,127.90291093163088,130.25347900390625,24695600
2023-08-15 00:00:00-04:00,130.0253428626258,130.3427118640274,128.22025464503122,128.71615600585938,19770700
2023-08-16 00:00:00-04:00,127.64501953125,129.2120697982791,126.82182894388471,127.64501953125,25216100
2023-08-17 00:00:00-04:00,128.73599949955613,130.90804993539842,128.23017041335734,128.85501098632812,33446300
2023-08-18 00:00:00-04:00,127.45658011346536,128.19051967813363,125.34404274535204,126.41519165039062,30504800
2023-08-21 00:00:00-04:00,126.13748589734027,127.67477576414439,125.52256541050552,127.3177261352539,25248700
2023-08-22 00:00:00-04:00,127.45656155015928,129.21205659443743,127.2681317464859,128.0218963623047,22054900
2023-08-23 00:00:00-04:00,129.11287688798097,132.31641072027463,128.80542045173755,131.28492736816406,27819700
2023-08-24 00:00:00-04:00,132.85197153912117,133.14951538235977,128.50788590918833,128.71615600585938,28500700
2023-08-25 00:00:00-04:00,128.47811371877063,129.68811421046675,126.20689221900474,128.81533813476562,26762900
2023-08-28 00:00:00-04:00,130.23364009664536,131.45355346104287,129.07323248655334,129.93609619140625,20543300
2023-08-29 00:00:00-04:00,131.15600145683445,135.45050919179718,131.15600145683445,133.46690368652344,43075600
2023-08-30 00:00:00-04:00,133.67517000710467,135.16287409396253,132.9709985475354,134.7661590576172,28315800
2023-08-31 00:00:00-04:00,134.89506466755432,136.8687572675909,134.67686688730078,135.0537567138672,30053800
2023-09-01 00:00:00-04:00,136.3332217281178,136.3332217281178,133.7446157733526,134.5479736328125,21543700
2023-09-05 00:00:00-04:00,134.32977722585983,135.30173975827023,133.47682618982745,134.65707397460938,19403100
2023-09-06 00:00:00-04:00,134.9050132008134,135.41082715108524,132.57427070368973,133.35780334472656,18684500
2023-09-07 00:00:00-04:00,132.4949060690644,134.46859869666807,131.86015300865373,134.15121459960938,18844300
2023-09-08 00:00:00-04:00,133.8041334805993,135.5397885635056,133.74462772772205,135.2620849609375,23558300
2023-09-11 00:00:00-04:00,135.4207328151726,136.35302976641478,134.6768807966762,135.79762268066406,20763400
2023-09-12 00:00:00-04:00,135.14301687903506,135.7480170706124,134.0817959661607,134.23056030273438,18405500
2023-09-13 00:00:00-04:00,133.98263986174015,135.77780055178212,133.05034278578884,135.58937072753906,20749500
2023-09-14 00:00:00-04:00,136.47207040513118,137.563044397484,135.1232180009584,136.9679718017578,24751000
2023-09-15 00:00:00-04:00,136.84895965520028,137.38454169510266,135.3612553079111,136.27371215820312,38919600
2023-09-18 00:00:00-04:00,135.4901665221767,138.0192664165555,135.4901665221767,137.07705688476562,21861300
2023-09-19 00:00:00-04:00,136.29353439301667,137.2754245802509,135.5000891528616,136.908447265625,20353700
2023-09-20 00:00:00-04:00,136.9481276445737,136.9481276445737,132.52468065263594,132.64370727539062,29927500
2023-09-21 00:00:00-04:00,130.36257622016777,131.14609385607787,129.00381108346423,129.3707733154297,31503900
2023-09-22 00:00:00-04:00,129.68812598105728,130.94771974828387,128.5376462586181,129.18231201171875,26397300
2023-09-25 00:00:00-04:00,128.76575671410941,130.0947688069164,127.90289313849301,130.03526306152344,20094600
2023-09-26 00:00:00-04:00,128.70625840016731,129.29141844193066,126.17715813897233,127.51609802246094,25718700
2023-09-27 00:00:00-04:00,127.51608742320651,129.82697452376246,127.51608742320651,129.4699249267578,22746500
2023-09-28 00:00:00-04:00,128.77566411264445,132.20730825142687,128.72607094890918,131.2254180908203,22513100
2023-09-29 00:00:00-04:00,132.18745302372233,132.95114528457344,129.29139116656413,129.78729248046875,30859800
2023-10-02 00:00:00-04:00,130.1344474612235,133.31812586216128,130.09476687574428,133.07017517089844,22288000
2023-10-03 00:00:00-04:00,132.8420685488848,133.15943757319482,130.75927662958244,131.3444366455078,22989400
2023-10-04 00:00:00-04:00,131.7014648766572,134.45869011730207,131.44360164040873,134.1313934326172,26752300
2023-10-05 00:00:00-04:00,133.9628143310547,134.37936969993646,132.35608346969923,133.9628143310547,19832600
2023-10-06 00:00:00-04:00,132.91148163496393,137.02747214489506,132.91148163496393,136.4522247314453,27597600
2023-10-09 00:00:00-04:00,135.8174603789753,137.80106572376255,134.49836100864687,137.2853240966797,19278100
2023-10-10 00:00:00-04:00,137.36469462527216,138.57469531209054,136.2042871076599,136.9282989501953,27786600
2023-10-11 00:00:00-04:00,137.44402038931838,139.95328001705715,137.44402038931838,139.3978729248047,25884300
2023-10-12 00:00:00-04:00,139.89379277540957,140.06239744116,137.12665439341535,137.83084106445312,24765500
2023-10-13 00:00:00-04:00,138.23748528968676,138.85239821040267,135.50009975367846,136.23403930664062,23420500
2023-10-16 00:00:00-04:00,137.03737818636395,138.4854167971643,136.8588609633149,137.9597625732422,28501900
2023-10-17 00:00:00-04:00,137.49361518669917,138.75319373814438,136.0554891433646,138.57467651367188,23515800
2023-10-18 00:00:00-04:00,138.30690868674475,139.56650258267163,136.25388459322733,136.82913208007812,23375000
2023-10-19 00:00:00-04:00,137.36468644323884,138.51518131196565,136.25387216099756,136.62083435058594,26066000
2023-10-20 00:00:00-04:00,136.20426349098727,136.73983027790308,133.97270746704044,134.4884490966797,26335700
2023-10-23 00:00:00-04:00,133.93301925405814,136.53155241147599,132.85195802947536,135.3810577392578,26317900
2023-10-24 00:00:00-04:00,136.70018711343607,138.2176442463873,136.2935443173615,137.67214965820312,44814300
2023-10-25 00:00:00-04:00,127.10944521580694,127.25820957616193,124.04477075596701,124.5803451538086,84366200
2023-10-26 00:00:00-04:00,122.25953160944253,123.31084775543283,120.27592594806735,121.27764892578125,57061100
2023-10-27 00:00:00-04:00,121.87272767746805,122.2992031923221,119.22461596672207,121.16854858398438,44566500
2023-10-30 00:00:00-04:00,122.20001252709248,124.37206291068779,121.74378418278033,123.43976593017578,28940100
2023-10-31 00:00:00-04:00,124.03485157297696,124.34231557609246,121.68428385885795,123.0628890991211,26292300
2023-11-01 00:00:00-04:00,123.05297186152897,125.45313279745749,122.70584239837481,125.41345977783203,30082400
2023-11-02 00:00:00-04:00,127.36730020942197,127.92270729693898,125.88951631336191,126.4449234008789,27124600
2023-11-03 00:00:00-04:00,126.9705840713952,128.46820067879287,126.81189200957998,128.04173278808594,26393100
2023-11-06 00:00:00-05:00,127.9921517032279,129.27157062977093,127.61526180428386,129.18231201171875,19052700
2023-11-07 00:00:00-05:00,129.63854481279463,130.8287050924927,128.8153467097953,129.8964080810547,29757300
2023-11-08 00:00:00-05:00,129.89639859360128,131.1262393685652,129.70795366245193,130.75926208496094,26425800
2023-11-09 00:00:00-05:00,130.87832663623578,131.4634867566961,129.00381962747932,129.17242431640625,23747800
2023-11-10 00:00:00-05:00,129.03354879478132,131.71141329610631,128.34920244954847,131.5031280517578,26913300
2023-11-13 00:00:00-05:00,130.69977620897475,131.50313408284546,130.17412191783197,131.00723266601562,18324800
2023-11-14 00:00:00-05:00,133.09002359550504,134.58764041410248,132.2271599799759,132.52468872070312,32395200
2023-11-15 00:00:00-05:00,133.76441488908887,133.92310694082042,132.47508358646422,133.51646423339844,23861500
2023-11-16 00:00:00-05:00,134.0818138246226,136.09517216084916,133.21895029015656,135.8075408935547,28013200
2023-11-17 00:00:00-05:00,134.88516720728182,134.94467294789172,132.5544248086727,134.20082092285156,37240600
2023-11-20 00:00:00-05:00,132.5941051889177,135.53976041427174,132.52467173584012,135.13311767578125,27815500
2023-11-21 00:00:00-05:00,135.17279523893023,136.05549911438757,134.84551363674532,135.84722900390625,22635300
2023-11-22 00:00:00-05:00,136.34312381394363,138.2771361292862,136.34312381394363,137.35476684570312,17813900
2023-11-24 00:00:00-05:00,136.8985310833705,136.99771741092056,134.87526015124462,135.56951904296875,12514300
2023-11-27 00:00:00-05:00,134.91490399935037,137.28531156464103,134.88515113259118,135.2917938232422,23436500
2023-11-28 00:00:00-05:00,134.964518417708,136.1249258052487,134.309924978467,136.07533264160156,18730000
2023-11-29 00:00:00-05:00,136.44232172928395,137.15640583938017,133.73468912413915,133.8834686279297,23967200
2023-11-30 00:00:00-05:00,133.94296597089948,134.43886735166274,130.2038653225059,131.44361877441406,38988300
2023-12-01 00:00:00-05:00,130.77911376953125,131.02706446186437,129.5988660526321,130.77911376953125,31442300
2023-12-04 00:00:00-05:00,128.81534267439568,128.96410702955671,126.85156995087304,128.21034240722656,36669900
2023-12-05 00:00:00-05:00,127.89295847123121,131.05681158807658,127.19869958988002,129.91624450683594,27384800
2023-12-06 00:00:00-05:00,130.36255115310777,130.75926618523522,128.81534134061891,128.95419311523438,23576200
2023-12-07 00:00:00-05:00,133.9330343345262,137.42418419027493,133.59582503757497,135.8075408935547,56767100
2023-12-08 00:00:00-05:00,133.09993592227912,135.28189910781614,132.9313312582846,133.8834686279297,32260100
2023-12-11 00:00:00-05:00,131.29485865478858,132.24698086173262,130.28321556791462,132.1973876953125,31138000
2023-12-12 00:00:00-05:00,130.72952914922644,131.9097769432704,130.18403456369643,131.4337158203125,29032800
2023-12-13 00:00:00-05:00,132.28666474618618,132.40567624159368,130.49150406647652,131.48330688476562,30104800
2023-12-14 00:00:00-05:00,132.28667330356268,132.623882651504,128.62691824593966,130.8584747314453,38722400
2023-12-15 00:00:00-05:00,130.54106870618423,132.41557523506742,130.10467308952005,131.51304626464844,50847100
2023-12-18 00:00:00-05:00,131.54280052592037,136.02573795572846,131.34442787355178,134.6868133544922,32258000
2023-12-19 00:00:00-05:00,135.7182605842675,136.34310104862837,134.96449607621622,135.52981567382812,25476800
2023-12-20 00:00:00-05:00,137.83083424971508,140.5384516154751,136.93821779664987,137.20599365234375,49107200
2023-12-21 00:00:00-05:00,138.34656689160218,139.5367271291243,138.03909533601887,139.26893615722656,27488300
2023-12-22 00:00:00-05:00,139.61608570312794,140.8260863411753,139.5565799559633,140.33018493652344,26532200
2023-12-26 00:00:00-05:00,140.42937316952606,141.51043473069583,140.032658051172,140.35995483398438,16780300
2023-12-27 00:00:00-05:00,140.4293610317835,140.91534987341666,138.74329922394273,139.2193603515625,19628600
2023-12-28 00:00:00-05:00,139.62601526809934,139.98306492823093,138.6044594609446,139.0805206298828,16045700
2023-12-29 00:00:00-05:00,138.48543138650385,139.20944320132398,137.64239294340334,138.54493713378906,18733000
2024-01-02 00:00:00-05:00,137.41427392066478,138.30689034141093,135.36123496575607,137.03738403320312,23711200
2024-01-03 00:00:00-05:00,136.12494105781897,138.48543668179107,135.95633638949388,137.78125,24212100
2024-01-04 00:00:00-05:00,137.28533097133266,138.01927043379123,135.2323072061994,135.27197265625,27137700
2024-01-05 00:00:00-05:00,135.6290289280703,136.03567169625202,134.0421384410589,134.6173858642578,22513900
2024-01-08 00:00:00-05:00,135.17278901977872,137.87049368814525,135.1430361482217,137.70188903808594,21404000
2024-01-09 00:00:00-05:00,137.36470260408373,140.330198743817,137.01756553318816,139.79461669921875,24759600
2024-01-10 00:00:00-05:00,139.8442171784281,141.8278230958526,139.7549585442349,141.1137237548828,21320200
2024-01-11 00:00:00-05:00,142.3137898243085,144.02960443815402,139.4871457788245,140.91534423828125,24008700
2024-01-12 00:00:00-05:00,141.5005074082221,142.0261616954496,140.6574840861167,141.4806671142578,18785500
2024-01-16 00:00:00-05:00,140.83598692471,143.16672938152487,140.29049239931624,141.3219757080078,22670500
2024-01-17 00:00:00-05:00,140.19132176728564,140.67729541881693,137.76139297479475,140.31033325195312,20968600
2024-01-18 00:00:00-05:00,140.88559276545064,143.02789047593322,140.826087018,142.30386352539062,25746400
2024-01-19 00:00:00-05:00,143.5535133162404,145.24948728197865,143.19646377602606,145.18006896972656,34271900
2024-01-22 00:00:00-05:00,145.89419084442545,147.17360973542569,144.64450969157375,144.7932891845703,32200400
2024-01-23 00:00:00-05:00,144.69411904062358,145.97353807473283,144.30731652950118,145.83468627929688,21636100
2024-01-24 00:00:00-05:00,147.32235653052467,148.62163069280544,146.88597608407127,147.48104858398438,25233500
2024-01-25 00:00:00-05:00,148.83985855855067,151.79542676635216,148.3141891335314,150.62509155273438,29149100
2024-01-26 00:00:00-05:00,149.86139776851957,151.28958097989496,149.77212402167038,150.9424591064453,26115500
2024-01-29 00:00:00-05:00,150.81352174869434,152.51942366682596,150.18868118167268,152.2516326904297,27784300
2024-01-30 00:00:00-05:00,151.54745682095233,152.3607271720474,149.95065385559957,150.21844482421875,36331800
2024-01-31 00:00:00-05:00,142.44270331878081,142.81959319917652,138.72344307921892,138.95156860351562,71910000
2024-02-01 00:00:00-05:00,140.9550061040643,141.88730313768718,139.63590659199247,140.0028839111328,40466500
2024-02-02 00:00:00-05:00,138.11842568090873,141.45088304766435,135.38105593217287,141.21286010742188,62499600
2024-02-05 00:00:00-05:00,141.64929185123162,144.27756337900828,141.60961126191953,142.50222778320312,38505400
2024-02-06 00:00:00-05:00,143.46425685279377,144.1684434401665,142.01623336193828,142.9187774658203,29128200
2024-02-07 00:00:00-05:00,143.57334947158776,144.42630037557493,142.75015143708904,144.34695434570312,25208900
2024-02-08 00:00:00-05:00,144.63461269549572,145.13051412482938,143.91060084610757,144.71395874023438,22563800
2024-02-09 00:00:00-05:00,145.47762057784595,148.21500586230158,144.9817192012369,147.7786102294922,26829500
2024-02-12 00:00:00-05:00,147.20338267503428,148.1158395150447,146.1619866169241,146.3206787109375,21564100
2024-02-13 00:00:00-05:00,143.73204328748068,145.46769798615009,142.51213022242555,143.9502410888672,27837700
2024-02-14 00:00:00-05:00,144.88251935518286,145.31891490169372,142.90882681844735,144.74366760253906,22704200
2024-02-15 00:00:00-05:00,141.9666478509511,142.34353774622787,139.30862369230854,141.5996856689453,37590700
2024-02-16 00:00:00-05:00,141.8178876690081,142.01624520205476,138.9912436385364,139.36813354492188,31468900
2024-02-20 00:00:00-05:00,138.51517229621072,140.91533307623592,138.34656764889544,139.96319580078125,25144700
2024-02-21 00:00:00-05:00,140.29049590728383,141.5203367649503,139.5268035526364,141.38148498535156,23223300
2024-02-22 00:00:00-05:00,143.74196995787472,143.8114034168082,141.62944032274333,142.9088592529297,27191900
2024-02-23 00:00:00-05:00,142.4923064572686,143.49402183711422,142.2542683371376,142.77993774414062,19493800
2024-02-26 00:00:00-05:00,140.97485281400884,141.27239668798464,136.26378939947426,136.44232177734375,53641800
2024-02-27 00:00:00-05:00,136.8886109742461,138.10852404072233,135.9662266066363,137.74156188964844,33099200
2024-02-28 00:00:00-05:00,136.76961447953255,136.87871340437798,134.30003493285824,135.2620849609375,37328600
2024-02-29 00:00:00-05:00,136.15467711991738,137.72172724425474,135.2818858775754,137.32501220703125,42133000
2024-03-01 00:00:00-05:00,137.29525760665743,137.7316532704347,135.79764079115824,136.01583862304688,31151100
2024-03-04 00:00:00-05:00,134.54795880340606,134.54795880340606,130.82869865382304,132.25689697265625,55999400
2024-03-05 00:00:00-05:00,130.79895621305897,132.14780860687847,129.59886818360178,131.5824737548828,40194800
2024-03-06 00:00:00-05:00,132.02879338468463,132.48502936431544,129.77741176310514,130.32289123535156,35318600
2024-03-07 00:00:00-05:00,131.7014646980678,133.83384943472205,130.531144857788,133.2784423828125,37738200
2024-03-08 00:00:00-05:00,133.1098428756074,136.95802694070352,132.90155765626992,134.3000030517578,39370400
2024-03-11 00:00:00-04:00,135.01411900561908,137.95977451047298,135.01411900561908,136.54148864746094,32437800
2024-03-12 00:00:00-04:00,135.90671866415707,138.23746099222168,135.90671866415707,137.3646697998047,27563400
2024-03-13 00:00:00-04:00,137.86057129371812,139.93343524438993,137.85065871514112,138.6440887451172,23347200
2024-03-14 00:00:00-04:00,140.03263971476812,142.41296038062768,139.30862790840655,141.92698669433594,42753400
2024-03-15 00:00:00-04:00,141.33189197321508,142.00631057950346,138.88213796831596,140.022705078125,49475400
2024-03-18 00:00:00-04:00,147.3918211593764,150.90279656609297,145.96362264352206,146.4694366455078,69273700
2024-03-19 00:00:00-04:00,146.9455254768694,147.57035103072278,144.88257357013055,145.8247833251953,24070400
2024-03-20 00:00:00-04:00,146.78679725990156,147.639748173652,145.53713132595888,147.52073669433594,21311500
2024-03-21 00:00:00-04:00,148.24474177717806,149.13735809948852,145.69580172878864,146.39007568359375,24755600
2024-03-22 00:00:00-04:00,147.89761979182254,150.3374611918101,147.75876801352786,149.5341033935547,29211800
2024-03-25 00:00:00-04:00,148.71091979719523,149.1473154668572,146.60830262559878,148.83985900878906,19229300
2024-03-26 00:00:00-04:00,148.9886282589288,151.01189945376663,148.7505901221258,149.4349365234375,22149100
2024-03-27 00:00:00-04:00,149.94075726317328,150.39699326241234,147.6794478301186,149.63330078125,22879200
2024-03-28 00:00:00-04:00,149.61343338917058,150.1886655992159,148.9389997285373,149.69276428222656,24485400
2024-04-01 00:00:00-04:00,149.45475230591467,154.46335900189007,149.37540627332734,154.2154083251953,31730800
2024-04-02 00:00:00-04:00,152.24173645140743,153.43189683666333,150.90279655942555,153.2930450439453,24586000
2024-04-03 00:00:00-04:00,152.34091364414047,153.80877752671594,151.47803493131784,153.65008544921875,24705000
2024-04-04 00:00:00-04:00,152.2417216532487,153.5013153792841,149.21672024838048,149.2960662841797,34724700
2024-04-05 00:00:00-04:00,148.80015462106246,152.162365095296,148.37368673355488,151.24990844726562,23459200
2024-04-08 00:00:00-04:00,151.52760400005405,153.99719798709924,151.35899936966726,153.5806427001953,20702000
2024-04-09 00:00:00-04:00,154.81048561572567,157.26023958727896,153.91786920573918,155.31631469726562,31079500
2024-04-10 00:00:00-04:00,154.9295103592396,155.3262253958283,153.41203826670193,154.86007690429688,22838600
2024-04-11 00:00:00-04:00,155.6237647430745,158.3710473161656,155.17745655638205,158.103271484375,27166400
2024-04-12 00:00:00-04:00,156.66515248218624,158.90662101202565,155.85186704900727,156.43702697753906,25353700
2024-04-15 00:00:00-04:00,157.55778721582507,157.93467710778722,153.32278518896982,153.590576171875,27136500
2024-04-16 00:00:00-04:00,152.92606827651122,154.3740918150493,152.17228850176252,153.13433837890625,20779500
2024-04-17 00:00:00-04:00,154.3443515291876,155.792390319514,153.3128832450381,154.19558715820312,21763100
2024-04-18 00:00:00-04:00,154.0666493097183,155.65353990489737,153.35255005525875,154.7311553955078,19883000
2024-04-19 00:00:00-04:00,154.9195626052641,155.07825465285381,151.051538530931,152.8268585205078,32615600
2024-04-22 00:00:00-04:00,153.04507926507185,156.34778422424392,152.7971285786509,154.99893188476562,26446200
2024-04-23 00:00:00-04:00,155.67337597138751,157.66689417461689,154.99894218995382,156.96270751953125,21151600
2024-04-24 00:00:00-04:00,156.19900577262248,158.26195711355743,155.88162165845978,157.8255615234375,22779100
2024-04-25 00:00:00-04:00,150.08951991120836,155.2072260039545,149.63328396324783,154.7212371826172,57109700
2024-04-26 00:00:00-04:00,172.94062695716943,173.2778513670398,168.2593171377913,170.54046630859375,64665300
2024-04-29 00:00:00-04:00,167.67417460775002,168.1601634153097,163.8557430067843,164.78802490234375,45610000
2024-04-30 00:00:00-04:00,164.25248280108428,166.72207752926022,161.26716144885114,161.4456787109375,33562900
2024-05-01 00:00:00-04:00,162.95319556004813,165.7500714576766,161.7531075684998,162.5167999267578,33493200
2024-05-02 00:00:00-04:00,163.43917993284745,165.36327982367402,162.54656344896563,165.25418090820312,24294500
2024-05-03 00:00:00-04:00,166.18647914228734,166.5832093530068,161.71345384411,165.86911010742188,34662400
2024-05-06 00:00:00-04:00,166.08729275303767,166.76171134902742,164.66900697168114,166.7220458984375,21871300
2024-05-07 00:00:00-04:00,167.1187643454893,170.35203588113026,167.00966543700736,169.84622192382812,28039700
2024-05-08 00:00:00-04:00,167.61467198559197,168.75523914384442,167.35680870759575,167.99156188964844,19569100
2024-05-09 00:00:00-04:00,168.00146814371737,169.2908147525702,166.80138015076668,168.56680297851562,15346700
2024-05-10 00:00:00-04:00,166.65260426676096,168.45769242107335,164.82769095498062,167.26751708984375,29799900
2024-05-13 00:00:00-04:00,162.9135222794407,167.89237656675422,162.65565899989346,167.75352478027344,31327600
2024-05-14 00:00:00-04:00,168.37839051699822,169.8462546408344,167.4163404478977,168.94371032714844,25127100
2024-05-15 00:00:00-04:00,169.23132245178067,171.23475328070515,169.11229582074708,171.0959014892578,26948400
2024-05-16 00:00:00-04:00,171.86949341563104,173.68449428030138,171.27442084056955,172.752197265625,27867900
2024-05-17 00:00:00-04:00,172.7522118435742,174.82509128603235,172.2662381363207,174.61680603027344,24479300
2024-05-20 00:00:00-04:00,174.74576043831703,177.3046138105442,174.6366615108058,175.4697723388672,22554400
2024-05-21 00:00:00-04:00,175.44989566739218,176.6896490712989,174.36883433127562,176.39212036132812,16989400
2024-05-22 00:00:00-04:00,175.19203685040134,175.69785080388766,173.77376618454468,174.93417358398438,17880000
2024-05-23 00:00:00-04:00,175.61851492474267,176.7888348703636,171.53227742671908,172.1273651123047,21024900
2024-05-24 00:00:00-04:00,173.54562953855606,174.32916213437795,172.22653015180546,173.55555725097656,16579400
2024-05-28 00:00:00-04:00,173.02001264292747,175.8169040813047,172.94066659499003,174.9540252685547,20572200
2024-05-29 00:00:00-04:00,173.99195085751208,175.39039638067896,173.28777937305267,174.45809936523438,23388700
2024-05-30 00:00:00-04:00,173.7638553909168,173.78369568525272,170.381804057889,170.69918823242188,22931500
2024-05-31 00:00:00-04:00,170.4512300886902,171.64139042387083,168.05106912485823,171.0859832763672,37638900
2024-06-03 00:00:00-04:00,171.12563247401937,173.09932530985793,169.75695502874458,171.75047302246094,27459100
2024-06-04 00:00:00-04:00,171.85957302701576,172.42490783803038,170.48096786025872,172.36538696289062,26879600
2024-06-05 00:00:00-04:00,173.7638369582265,175.2019479039631,172.50424324144495,173.9721221923828,22068500
2024-06-06 00:00:00-04:00,174.45811286491957,175.69786641038863,174.3093484929474,175.28131103515625,23251000
2024-06-07 00:00:00-04:00,175.5986726101232,176.41194296176616,172.87121516107322,173.0299072265625,19661400
2024-06-10 00:00:00-04:00,173.7349014501534,175.81014466476933,171.54049500356726,173.7746124267578,23726700
2024-06-11 00:00:00-04:00,174.9760596512974,175.59167820683606,172.5433572951998,175.37322998046875,21540600
2024-06-12 00:00:00-04:00,176.99174796777623,179.13650434238232,174.8668546571235,176.5349884033203,27864700
2024-06-13 00:00:00-04:00,174.86682906819652,175.4923867070194,173.64551595765906,173.9235382080078,20913300
2024-06-14 00:00:00-04:00,172.99018739624864,175.8101362841722,172.92067425165644,175.5420379638672,18063600
2024-06-17 00:00:00-04:00,174.2214273884837,177.10095011007647,173.57600667428076,175.98886108398438,19618500
2024-06-18 00:00:00-04:00,175.88958192240335,176.13781719186318,172.87104771224654,173.8540496826172,21869900
2024-06-20 00:00:00-04:00,174.13206841253606,176.03851342488448,173.7547611134038,175.05551147460938,20160100
2024-06-21 00:00:00-04:00,175.7505447565084,179.57337340062563,175.36329839952862,178.3619842529297,57759000
2024-06-24 00:00:00-04:00,178.88826202454848,179.61310474396652,177.40877441541713,177.95489501953125,18298000
2024-06-25 00:00:00-04:00,178.35203828221574,182.98907043257412,178.15345313390893,182.7309112548828,23130200
2024-06-26 00:00:00-04:00,181.3408244497642,183.20754327614856,181.19187420519867,182.58200073242188,19839000
2024-06-27 00:00:00-04:00,182.87988309562385,184.73669324083986,182.7210240356858,184.10121154785156,18848900
2024-06-28 00:00:00-04:00,183.0188920765721,183.8231718610113,180.6755507145743,180.86419677734375,29156600
2024-07-01 00:00:00-04:00,181.7379989393426,182.58200489120532,180.02021516731907,181.6982879638672,16006100
2024-07-02 00:00:00-04:00,180.7649192250836,184.2600759255339,180.27837266146466,183.93240356445312,17372500
2024-07-03 00:00:00-04:00,183.545146815405,184.77638393795382,182.7011409192061,184.50830078125,10242100
2024-07-05 00:00:00-04:00,184.54803142014995,189.51273686548802,184.48845737897847,189.25457763671875,20967500
2024-07-08 00:00:00-04:00,188.55951740006753,188.82761575155533,186.45448702073386,187.69566345214844,21035900
2024-07-09 00:00:00-04:00,188.96660951335545,190.00920064999954,187.38783687416534,187.64599609375,15121400
2024-07-10 00:00:00-04:00,187.81477541116223,190.39642795230205,187.69562734501247,189.8304443359375,15952500
2024-07-11 00:00:00-04:00,188.5098571184734,189.51272208583228,183.77352425069444,184.26007080078125,25625800
2024-07-12 00:00:00-04:00,183.77351953652854,185.78918852634615,183.18768799095292,183.7635955810547,22898400
2024-07-15 00:00:00-04:00,183.61466683145176,186.9112385638258,183.61466683145176,185.2133026123047,16474000
2024-07-16 00:00:00-04:00,186.03743905754484,187.34811338839907,182.0755987428797,182.62171936035156,18290700
2024-07-17 00:00:00-04:00,181.67841945681636,182.2543270659603,178.63008325599765,179.7421875,20734100
2024-07-18 00:00:00-04:00,180.64575986268414,181.21174353968178,175.22431015700485,176.43569946289062,25315700
2024-07-19 00:00:00-04:00,177.61730362532302,179.01733902058587,175.87965675110726,176.40591430664062,18881900
2024-07-22 00:00:00-04:00,179.3152104096892,181.41031651236526,178.95775104592673,180.38758850097656,24100300
2024-07-23 00:00:00-04:00,180.76490347036915,182.31388893241848,180.25849388780003,180.50672912597656,36352700
2024-07-24 00:00:00-04:00,172.37457678491225,174.9462905344622,170.60714288242724,171.4114227294922,49585200
2024-07-25 00:00:00-04:00,171.30218308939462,172.19582391606315,166.00980581766575,166.0991668701172,44852000
2024-07-26 00:00:00-04:00,165.9700715547249,166.90343845965242,162.90188769573447,165.82113647460938,41336900
2024-07-29 00:00:00-04:00,167.63824201341453,169.22693862858085,166.80417515412134,168.3332977294922,20293800
2024-07-30 00:00:00-04:00,169.0383014663059,170.02130347692145,167.25100442280618,169.0879364013672,18959700
2024-07-31 00:00:00-04:00,172.01711347343624,173.01997848256258,168.80990296351985,170.3291015625,25729100
2024-08-01 00:00:00-04:00,169.0482015028782,172.82138024945738,167.68787721137585,169.55459594726562,24531400
2024-08-02 00:00:00-04:00,165.26510279286998,167.32048278839775,163.50759297707282,165.48355102539062,29130100
2024-08-05 00:00:00-04:00,154.4023257364845,163.26928160754815,153.83634209310054,158.1258544921875,53630700
2024-08-06 00:00:00-04:00,158.2052897951303,159.4365420774317,155.30590392172098,157.17262268066406,49004600
2024-08-07 00:00:00-04:00,160.11174561926643,161.82952940748444,157.35137068982363,157.81805419921875,25138600
2024-08-08 00:00:00-04:00,159.37695589283805,162.5345161798724,159.07908571101373,160.88623046875,25578800
2024-08-09 00:00:00-04:00,158.88049573069213,162.63381177677473,157.93720474099763,162.51466369628906,28602300
2024-08-12 00:00:00-04:00,163.1898806325975,163.73598613275442,160.6975887017958,161.1444091796875,15895300
2024-08-13 00:00:00-04:00,162.25648447214553,163.56715864917211,161.81958802944447,163.00119018554688,18551700
2024-08-14 00:00:00-04:00,161.25363005478357,162.0678490367502,156.59674898008666,159.2379608154297,40591100
2024-08-15 00:00:00-04:00,159.36705153563673,160.49900381900557,158.48333453503372,160.16140747070312,31524300
2024-08-16 00:00:00-04:00,160.33018953302678,163.89484419906685,159.9925932186499,161.80967712402344,24208600
2024-08-19 00:00:00-04:00,164.1132970310061,165.5133475605536,163.1004929084528,165.4934844970703,22416200
2024-08-20 00:00:00-04:00,165.72185564699794,167.44957853320707,165.642433695725,165.9998779296875,18341500
2024-08-21 00:00:00-04:00,163.98420467240848,165.67221654044488,163.50759722139043,164.6792755126953,22902000
2024-08-22 00:00:00-04:00,166.07930514645545,166.406977492495,162.15719125168386,162.64373779296875,22493300
2024-08-23 00:00:00-04:00,163.5572714789503,165.0069571091441,162.67355443967108,164.45091247558594,13955700
2024-08-26 00:00:00-04:00,165.20552403193696,166.36726315289178,163.29907918080005,164.98707580566406,14190400
2024-08-27 00:00:00-04:00,164.66933228950003,165.26510295168842,163.29908400819048,163.51751708984375,11821900
2024-08-28 00:00:00-04:00,163.87498286647468,164.4310425767687,160.38976526426643,161.70045471191406,16407400
2024-08-29 00:00:00-04:00,163.15014011129165,164.798425876507,159.11880190681103,160.63800048828125,19699800
2024-08-30 00:00:00-04:00,161.472070186267,162.50473737235887,160.54864227379994,162.22671508789062,22123800
2024-09-03 00:00:00-04:00,160.57843019098567,160.70751737773818,155.37541355771157,156.24920654296875,38945300
2024-09-04 00:00:00-04:00,155.5541664007753,157.87764508845953,154.8591106161364,155.34564208984375,19353800
2024-09-05 00:00:00-04:00,155.19666851330035,158.3244263445636,154.8789201470245,156.13003540039062,18688700
2024-09-06 00:00:00-04:00,156.18962872176218,156.71588626121135,149.48727669749047,149.8546600341797,37912100
2024-09-09 00:00:00-04:00,151.63437166613713,152.51926120186218,146.37475041538113,147.856201171875,39260500
2024-09-10 00:00:00-04:00,149.58618882434916,150.40148807942415,147.4883027750186,147.8064727783203,31118800
2024-09-11 00:00:00-04:00,149.05922829099612,150.63015849718496,146.67301402683955,150.2921142578125,29607700
2024-09-12 00:00:00-04:00,152.91697508053775,153.9311230962661,151.77356859256676,153.80186462402344,29621500
2024-09-13 00:00:00-04:00,154.53759521680126,157.47067000170316,154.31887229884703,156.5559539794922,29591200
2024-09-16 00:00:00-04:00,156.4068176480649,157.3414231577179,155.7009025392383,157.1525115966797,18379800
2024-09-17 00:00:00-04:00,158.10702330973243,159.6282379126932,157.4706983462141,158.40530395507812,20715600
2024-09-18 00:00:00-04:00,158.9421872798641,159.57851220454893,157.68942685128602,158.89247131347656,23677300
2024-09-19 00:00:00-04:00,162.77009990036774,162.8496272464335,160.41369644399956,161.2091064453125,26587700
2024-09-20 00:00:00-04:00,162.5612924555598,162.78996770160265,161.1295575441582,162.65077209472656,40896400
2024-09-23 00:00:00-04:00,163.40640761812853,164.53986181971814,160.74178667068307,160.92076110839844,24150900
2024-09-24 00:00:00-04:00,162.09398745781283,162.28289902982328,159.7674258440889,161.3582305908203,23332100
2024-09-25 00:00:00-04:00,160.5429462723237,161.87524922923666,160.37392412147798,160.56283569335938,18869200
2024-09-26 00:00:00-04:00,162.7004790534292,163.13795527115403,161.34828673099906,161.7957000732422,20319300
2024-09-27 00:00:00-04:00,161.87525844392792,164.74866551423864,161.69629915796872,163.0087127685547,21101300
2024-09-30 00:00:00-04:00,162.38232355982177,165.19606207708327,162.32265529939457,164.89779663085938,20413900
2024-10-01 00:00:00-04:00,166.72722798963838,168.18878935347016,163.63508311957565,166.03125,28338100
2024-10-02 00:00:00-04:00,165.46452779504156,166.5582184121097,163.7842281975384,164.90774536132812,17760200
2024-10-03 00:00:00-04:00,163.4660733087808,165.6832659184552,162.9788810936898,164.90774536132812,15073100
2024-10-04 00:00:00-04:00,167.09510397311843,167.26412612073125,164.5299148711692,166.10084533691406,19047400
2024-10-07 00:00:00-04:00,166.75705707061962,167.51268816069472,161.81559051224986,162.0442657470703,22463100
2024-10-08 00:00:00-04:00,162.99877252706997,163.78423021907105,161.93490844359246,163.43624877929688,23072700
2024-10-09 00:00:00-04:00,162.51159290066175,163.89361198393067,158.82290136031557,160.93072509765625,31181800
2024-10-10 00:00:00-04:00,159.94640007740227,162.13378146188393,159.47909725173434,161.1494598388672,14144100
2024-10-11 00:00:00-04:00,161.19915249290503,162.9589793006072,160.3142629412503,162.3027801513672,15344300
2024-10-14 00:00:00-04:00,162.70048027253844,165.27560646204375,162.46185274166893,164.01290893554688,19016100
2024-10-15 00:00:00-04:00,164.83811699261406,166.71726503003,163.6847886140636,164.51002502441406,20247200
2024-10-16 00:00:00-04:00,163.58537367338423,164.84808640066018,162.7999160190336,164.21176147460938,16406000
2024-10-17 00:00:00-04:00,164.7784643120133,165.41478917356866,161.82551522151294,161.99453735351562,21453400
2024-10-18 00:00:00-04:00,162.25307524146882,163.76435267205474,162.14370618061358,162.48175048828125,19757700
2024-10-21 00:00:00-04:00,162.01444125458505,163.5555451703661,161.68633408506915,163.12802124023438,20946500
2024-10-22 00:00:00-04:00,162.0442467450133,164.81823646722327,162.0442467450133,164.1918487548828,16568100
2024-10-23 00:00:00-04:00,163.81405642655295,164.86798338254357,161.00030251118483,161.84542846679688,18280500
2024-10-24 00:00:00-04:00,161.89512038935888,162.3922496608961,160.08556255879625,161.78575134277344,22412500
2024-10-25 00:00:00-04:00,162.73030140529735,164.63927607521566,162.48173675810202,164.3211212158203,19828900
2024-10-28 00:00:00-04:00,167.78114595500233,167.78114595500233,163.00870143582344,165.76280212402344,32138600
2024-10-29 00:00:00-04:00,166.76699401414237,169.40178845873763,166.13066910445878,168.70579528808594,42169000
2024-10-30 00:00:00-04:00,179.64264898550226,180.97496713171114,173.06066145323211,173.4583740234375,68890800
2024-10-31 00:00:00-04:00,172.1359852263983,175.8048016523507,170.01820968952273,170.12757873535156,44769000
2024-11-01 00:00:00-04:00,169.09358268677013,171.33066473922122,167.91041241830663,170.3065643310547,31796500
2024-11-04 00:00:00-05:00,168.95436679599575,169.7497767581588,167.04539198951443,168.26834106445312,21492700
2024-11-05 00:00:00-05:00,168.45722424913848,169.55091475770118,167.87061532690117,168.7654571533203,18242100
2024-11-06 00:00:00-05:00,172.80214969030013,175.92412112315387,172.50386907265272,175.49658203125,33695500
2024-11-07 00:00:00-05:00,176.39142952870222,180.0403569286527,176.1726914135067,179.71224975585938,25352900
2024-11-08 00:00:00-05:00,179.6128172813832,179.86138194143007,177.05758046511664,177.32603454589844,22006200
2024-11-11 00:00:00-05:00,177.55470270682915,179.513393363608,177.44533365392132,179.31454467773438,17450400
2024-11-12 00:00:00-05:00,178.78758666786376,181.44225527864106,178.3600475857902,180.57723999023438,25134900
2024-11-13 00:00:00-05:00,179.42394274843517,179.92107212910986,177.51495257600178,177.85301208496094,23184000
2024-11-14 00:00:00-05:00,177.25640967199746,177.79331777453538,173.31915438556513,174.57191467285156,31007500
2024-11-15 00:00:00-05:00,172.73256594722855,173.14021567004892,170.23698198164112,171.49969482421875,32504600
2024-11-18 00:00:00-05:00,172.424337422112,174.4327441914951,171.90731866370794,174.29354858398438,20135300
2024-11-19 00:00:00-05:00,172.72261895446178,177.8430450835762,172.56353392471485,177.09735107421875,23434900
2024-11-20 00:00:00-05:00,176.32181201959514,176.65985629395433,172.7822539205829,174.96961975097656,18997100
2024-11-21 00:00:00-05:00,172.9015782767723,173.1302686962832,162.76014278127062,166.66758728027344,59734400
2024-11-22 00:00:00-05:00,164.8978098993039,165.5043083073982,162.95899331574788,163.81405639648438,38604600
2024-11-25 00:00:00-05:00,165.13641317917185,167.6618386099698,164.65917328191838,166.6874542236328,33135300
2024-11-26 00:00:00-05:00,166.6675967855572,168.84502584498395,166.61788081451584,168.14903259277344,20486700
2024-11-27 00:00:00-05:00,168.02970184723952,168.50694172289835,167.0553326761747,168.2583770751953,19266500
2024-11-29 00:00:00-05:00,167.53256715154302,168.45722032902532,166.20026432388437,167.97998046875,14257200
2024-12-02 00:00:00-05:00,167.80103219947992,171.09202581712017,167.60218350894124,170.5054168701172,23789100
2024-12-03 00:00:00-05:00,170.50542536954606,171.68858044714352,169.86910042539293,170.3562774658203,22248700
2024-12-04 00:00:00-05:00,170.1673520843779,173.90577410275552,170.0778724521122,173.36886596679688,31615100
2024-12-05 00:00:00-05:00,174.3531728113507,175.04915073367906,171.34057074163022,171.64878845214844,21356200
2024-12-06 00:00:00-05:00,171.0422885111434,174.0747799698448,170.8732663867149,173.7069091796875,21462400
2024-12-09 00:00:00-05:00,173.15945800345577,175.44886145410123,172.8508718378986,174.56295776367188,25389600
2024-12-10 00:00:00-05:00,182.0085402477567,185.50238194938174,180.21682071285838,184.31785583496094,54813000
2024-12-11 00:00:00-05:00,184.4572152451297,194.70981847741263,183.99934063524287,194.5007781982422,67894100
2024-12-12 00:00:00-05:00,194.10263323797517,194.28179760891206,190.8277801088796,191.07662963867188,34817500
2024-12-13 00:00:00-05:00,190.13098313311997,191.84306905787375,188.7672926142497,188.94647216796875,25143500
2024-12-16 00:00:00-05:00,191.98243736831273,198.08423292115103,191.73358782946704,195.7550048828125,44934900
2024-12-17 00:00:00-05:00,196.34228662818003,200.4930951236226,194.08272855714978,194.5207061767578,43504000
2024-12-18 00:00:00-05:00,194.3216274116736,196.09343489769404,186.87605352724106,187.5330047607422,34166100
2024-12-19 00:00:00-05:00,190.748138909751,192.1416901461699,187.513095150107,187.64248657226562,32265200
2024-12-20 00:00:00-05:00,184.925048408463,192.00232914747002,184.3676279309519,190.52914428710938,63462900
2024-12-23 00:00:00-05:00,191.73356940291157,194.20216752678672,189.27493498031782,193.7343292236328,25675000
2024-12-24 00:00:00-05:00,193.9433748674021,195.20753479003906,192.8882552424337,195.20753479003906,10403300
2024-12-26 00:00:00-05:00,194.25194880473947,195.84459196860374,193.48550314170072,194.69989013671875,12046600
2024-12-27 00:00:00-05:00,194.05286442098586,194.42117206113832,189.77264937982267,191.87294006347656,18891400
2024-12-30 00:00:00-05:00,188.9265638700057,191.66390866604786,188.24968525874627,190.3599395751953,14264700
2024-12-31 00:00:00-05:00,190.2006709297877,191.07662611886298,187.6424905201336,188.42886352539062,17466900
2025-01-02 00:00:00-05:00,189.7726449747486,191.11643850843902,186.63714698089748,188.55825805664062,20370800
2025-01-03 00:00:00-05:00,190.48934425629204,192.32088844513342,189.10574139792004,190.90740966796875,18596200
2025-01-06 00:00:00-05:00,193.08731986382298,197.30781329054136,192.9579284385956,195.96401977539062,29563600
2025-01-07 00:00:00-05:00,196.2029178508013,200.07501580789895,193.70447411630906,194.5903778076172,26487200
2025-01-08 00:00:00-05:00,191.68381035591298,195.38667713957392,191.49468229567276,193.0574493408203,24864800
2025-01-10 00:00:00-05:00,193.40585949210492,195.61564455345277,189.4342154897214,191.15625,26665200
2025-01-13 00:00:00-05:00,189.19532001022134,190.3001972959748,186.49778453538255,190.1309814453125,21823700
2025-01-14 00:00:00-05:00,190.35994708125565,191.09653198927745,187.4434226127788,188.78721618652344,17174900
2025-01-15 00:00:00-05:00,192.20141470890871,195.4563707355863,190.97707930364396,194.6501007080078,21776000
2025-01-16 00:00:00-05:00,193.2465827004133,194.58041248274841,191.92270143099617,192.02224731445312,17815400
2025-01-17 00:00:00-05:00,195.6255822249555,196.32235783888785,192.85837679493184,195.0980224609375,27735100
2025-01-21 00:00:00-05:00,198.15390588987137,201.3590737795005,196.9594160260543,197.1385955810547,29971300
2025-01-22 00:00:00-05:00,198.14396525660933,199.5574288922106,196.6210072103629,197.45713806152344,26200600
2025-01-23 00:00:00-05:00,197.22817603032425,199.37823954000908,194.30170322912596,197.06890869140625,26951400
2025-01-24 00:00:00-05:00,197.18837511510904,199.9754777209976,197.08882922694013,199.28866577148438,23877500
2025-01-27 00:00:00-05:00,191.5245520643281,195.97398278636885,189.85227535828872,190.92730712890625,41728900
2025-01-28 00:00:00-05:00,191.86297701391987,194.58040947836048,189.80249572901596,194.4012451171875,24157900
2025-01-29 00:00:00-05:00,194.66004582386458,195.88438120776217,192.5398430560715,194.5107421875,18218300
2025-01-30 00:00:00-05:00,197.08882990069444,200.47317747002577,196.76034669489817,199.94561767578125,24354700
2025-01-31 00:00:00-05:00,201.0704225036096,204.5344037474068,200.87134591508243,203.0811309814453,32001100
2025-02-03 00:00:00-05:00,199.76644678798675,202.8123625387659,199.17916555521708,200.303955078125,27838300
2025-02-04 00:00:00-05:00,202.4540365472158,206.09719755510824,201.8767037764101,205.43028259277344,43856400
2025-02-05 00:00:00-05:00,190.19072588273337,191.86298743209488,187.16470709545553,190.44952392578125,70373900
2025-02-06 00:00:00-05:00,188.62793494754752,191.21597601434,187.85152566522362,190.71827697753906,29297400
2025-02-07 00:00:00-05:00,190.1708212328695,190.3002126652559,182.39676404459453,184.48709106445312,49315000
2025-02-10 00:00:00-05:00,186.4878479252447,187.33392723255807,185.00469922620795,185.6118927001953,23105600
2025-02-11 00:00:00-05:00,184.17850439769825,186.07971836409422,183.43195584227703,184.46717834472656,21239500
2025-02-12 00:00:00-05:00,182.37684051579572,184.25814231125668,180.9932377687485,182.76504516601562,22072600
2025-02-13 00:00:00-05:00,183.47178484763324,185.42275661553663,182.29720719308074,185.2834014892578,21402500
2025-02-14 00:00:00-05:00,184.20839337704305,185.54222335537645,183.47180841007437,184.3776092529297,20448400
2025-02-18 00:00:00-05:00,184.74589678490392,185.10424071494356,180.90365944170068,182.92431640625,29916700
2025-02-19 00:00:00-05:00,183.22292953180167,184.6065322377559,182.74512752374517,184.4174041748047,19549400
2025-02-20 00:00:00-05:00,183.9495791218272,184.4572267048234,181.87914917011352,183.71067810058594,20441500
2025-02-21 00:00:00-05:00,184.29796286054517,184.48709094071828,178.255903940123,178.83323669433594,35199200
2025-02-24 00:00:00-05:00,181.15250613186586,182.27729565940143,178.06676593885823,178.42510986328125,29854200
2025-02-25 00:00:00-05:00,177.2206545944382,177.9174453506297,173.88608038203813,174.6127166748047,41913400
2025-02-26 00:00:00-05:00,174.2643473971189,175.26969397988614,170.79040266509935,171.9351043701172,35431300
2025-02-27 00:00:00-05:00,173.18931986196714,173.75668887755327,167.1671583548918,167.72457885742188,39991000
2025-02-28 00:00:00-05:00,167.90374066525882,169.82486685567105,166.00254187779413,169.4963836669922,48130600
2025-03-03 00:00:00-05:00,171.13879690224084,172.57217267061702,165.1664079930538,166.24143981933594,40770500
2025-03-04 00:00:00-05:00,165.47499722472898,172.49254217135646,165.03701959982106,170.13345336914062,45388000
2025-03-05 00:00:00-05:00,169.73529012314535,172.98028249678805,168.2820021982634,172.22378540039062,30954900
2025-03-06 00:00:00-05:00,169.7452527625135,174.00555581661285,169.71539203178713,171.556884765625,28302000
2025-03-07 00:00:00-05:00,170.4718800246714,174.1648138078256,169.48644558654738,173.05992126464844,27385800
2025-03-10 00:00:00-04:00,167.6785699397653,167.87789100205225,163.12436954047675,165.2968292236328,43604000
2025-03-11 00:00:00-04:00,164.34016388069963,166.17380218640486,160.81238769070245,163.47315979003906,39587400
2025-03-12 00:00:00-04:00,166.00437964443265,167.06071434970798,162.96491596959018,166.5325469970703,28372400
2025-03-13 00:00:00-04:00,165.4662354123983,165.55593597038603,161.54982298434425,162.19757080078125,31756200
2025-03-14 00:00:00-04:00,162.70583694230132,165.91471168879448,161.88866309227078,164.9181671142578,31995900
2025-03-17 00:00:00-04:00,164.4597537744784,165.72536967150563,163.10445251309577,163.72230529785156,31184300
2025-03-18 00:00:00-04:00,163.11438513260956,163.68242275706862,156.17844440971348,160.1147918701172,42074800
2025-03-19 00:00:00-04:00,161.20102488744715,165.29682318848322,160.44365657902026,163.32366943359375,34275600
2025-03-20 00:00:00-04:00,161.0117117252994,164.32023175461748,160.4038189359583,162.23745727539062,28138500
2025-03-21 00:00:00-04:00,160.65296231959232,163.6724912535671,160.33406074736575,163.42335510253906,36625800
2025-03-24 00:00:00-04:00,166.492708348571,167.7383890591239,164.56936942432435,167.1005859375,30879100
2025-03-25 00:00:00-04:00,168.3960847024039,170.04039224469534,167.7383768915496,169.9706268310547,24174400
2025-03-26 00:00:00-04:00,168.41602720143118,169.0239199788623,164.27039826701778,164.48963928222656,28901600
2025-03-27 00:00:00-04:00,164.06113851285755,164.84840203770966,161.44022141043914,161.6793975830078,24508300
2025-03-28 00:00:00-04:00,159.93545636481977,161.26086257414812,153.09915945705842,153.79673767089844,48669300
2025-03-31 00:00:00-04:00,152.58092477046202,155.0025205393741,150.13939385440554,154.1056365966797,54603500
2025-04-01 00:00:00-04:00,153.08917642482464,157.55370717648853,153.08917642482464,156.5272674560547,30672900
2025-04-02 00:00:00-04:00,154.61386135810304,157.86260591341835,154.16541940835015,156.49732971191406,25041700
2025-04-03 00:00:00-04:00,150.58783997911712,152.25206746912303,149.87032672274708,150.19918823242188,46883400
2025-04-04 00:00:00-04:00,147.49855413182192,150.54799324363788,144.8776522919314,145.09689331054688,62259500
2025-04-07 00:00:00-04:00,141.06087632952463,152.3218321659185,140.04439668677543,146.24290466308594,76794100
2025-04-08 00:00:00-04:00,150.69745588802078,151.7139355045659,142.5357542501846,144.19998168945312,52200200
2025-04-09 00:00:00-04:00,143.9209605893895,158.99868434001036,143.41272834835817,158.16159057617188,70406200
2025-04-10 00:00:00-04:00,155.99906254121734,157.17499290712513,149.41190307502956,152.29193115234375,48022000
2025-04-11 00:00:00-04:00,152.37166086891528,157.12518279409443,152.29195068350106,156.59701538085938,33636200
2025-04-14 00:00:00-04:00,159.44711904636745,161.16117679260088,157.0155480479404,158.5203399658203,30333000
2025-04-15 00:00:00-04:00,158.58014524074957,159.09833747842598,154.6736922783896,155.76988220214844,27551500
2025-04-16 00:00:00-04:00,152.57096991980188,155.35132240030543,150.98645259897873,152.8001708984375,28187400
2025-04-17 00:00:00-04:00,153.75683862644127,154.14549035907424,147.98685287180376,150.63766479492188,33046600
2025-04-21 00:00:00-04:00,148.36555457655837,148.43530478654532,145.59516199807078,147.15972900390625,26049100
2025-04-22 00:00:00-04:00,148.37550764431742,151.66410748339032,148.02671099242252,150.94659423828125,26971800
2025-04-23 00:00:00-04:00,155.07229801307963,156.98566172409713,153.27851478210604,154.81320190429688,31128800
2025-04-24 00:00:00-04:00,155.6104249592094,159.03854063446718,155.2516683139833,158.7296142578125,45894000
2025-04-25 00:00:00-04:00,164.49961422965615,165.52605388757996,160.4835257508864,161.40036010742188,56034000
2025-04-28 00:00:00-04:00,161.86871096281394,162.58622419769722,158.05195902405725,160.0550079345703,29745800
2025-04-29 00:00:00-04:00,159.76603342291708,160.18458031932272,156.97570557414937,159.60658264160156,26809000
2025-04-30 00:00:00-04:00,157.43410788690483,158.71965890557001,154.86302105563792,158.25128173828125,34981100
2025-05-01 00:00:00-04:00,159.8955611021286,161.39037784388623,158.36088927125815,160.7426300048828,30203200
2025-05-02 00:00:00-04:00,162.84534306658284,164.39995007912242,161.3106559960053,163.46319580078125,25715000
2025-05-05 00:00:00-04:00,162.436752596043,164.81849332954616,162.15772135408076,163.642578125,21341800
2025-05-06 00:00:00-04:00,161.60963501178307,164.23055216038995,160.63302556719455,162.6659698486328,21277200
2025-05-07 00:00:00-04:00,163.5130144970414,164.4298335624806,147.32912722252786,150.85690307617188,127490100
2025-05-08 00:00:00-04:00,154.464415807346,155.3911950032793,152.37166602688535,153.7469024658203,57498700
2025-05-09 00:00:00-04:00,153.63725929306102,154.51422329361623,151.674065468403,152.22216796875,32435300
2025-05-12 00:00:00-04:00,156.94579570580373,158.55023292762746,155.7100750758197,157.91244506835938,44138800
2025-05-13 00:00:00-04:00,158.24131128306263,160.0151746711756,155.62040930962155,158.978759765625,42382100
2025-05-14 00:00:00-04:00,159.4072742222668,166.4229412214118,159.0584775444673,164.79856872558594,48755900
2025-05-15 00:00:00-04:00,165.26694125278715,165.6356730691148,161.80893051621783,163.39344787597656,33146700
2025-05-16 00:00:00-04:00,167.15039440077075,168.76480673115492,165.04768502743337,165.61572265625,42846900
2025-05-19 00:00:00-04:00,163.94152401470697,166.06416858529283,163.65253281131433,165.96450805664062,30426100
2025-05-20 00:00:00-04:00,165.8548915457752,167.91774593119885,162.337090725838,163.41336059570312,46607700
2025-05-21 00:00:00-04:00,163.12438701474937,172.54173038625467,162.99483135159699,167.97755432128906,73416000
2025-05-22 00:00:00-04:00,171.25618084668935,176.15917803179707,170.12012070875053,170.27955627441406,74864400
2025-05-23 00:00:00-04:00,168.47582079984258,169.37272002705043,167.30986548992928,167.8878631591797,35211400
2025-05-27 00:00:00-04:00,169.5720138436325,172.5716072803838,169.41256307598843,172.3025360107422,37995700
2025-05-28 00:00:00-04:00,172.56165823831284,174.66436785084326,171.31597754856884,171.76441955566406,34784000
2025-05-29 00:00:00-04:00,173.39874848808273,173.81729536660228,170.04039828273065,171.26614379882812,29317300
2025-05-30 00:00:00-04:00,170.75790891590938,171.61493780799663,166.86141620850907,171.1465606689453,52639900
2025-06-02 00:00:00-04:00,167.26003241267054,169.28301661805224,166.81159040962694,168.4459228515625,38612300
2025-06-03 00:00:00-04:00,166.91124474262,167.89781407143477,164.70887469424017,165.6057586669922,45084900
2025-06-04 00:00:00-04:00,166.1638436483944,167.63872532387313,165.78515185366567,167.4693145751953,26900800
2025-06-05 00:00:00-04:00,169.75139851627495,170.33935616350743,167.01090094696792,167.62876892089844,36379100
2025-06-06 00:00:00-04:00,170.239706414102,173.897023068816,170.239706414102,173.07984924316406,35731800
2025-06-09 00:00:00-04:00,174.14743750903665,176.07310468622353,173.97782168090652,175.69395446777344,28935900
2025-06-10 00:00:00-04:00,175.80372221831115,180.70268325607967,174.5166301339373,178.19833374023438,61766100
2025-06-11 00:00:00-04:00,179.36569688795734,179.96433833777158,176.352484683136,176.95114135742188,31646800
2025-06-12 00:00:00-04:00,175.7837409838909,176.32253497944023,174.3569645474145,175.30482482910156,20941900
2025-06-13 00:00:00-04:00,172.05218023736916,176.73163473712606,172.00228964381978,174.27716064453125,27663100
2025-06-16 00:00:00-04:00,174.33701609632743,176.5420523549515,174.25719419482596,176.3724365234375,27389200
2025-06-17 00:00:00-04:00,175.30483777675101,176.96110799729416,174.1873615915514,175.5542755126953,24973000
2025-06-18 00:00:00-04:00,175.6141436330853,176.16290971424257,172.81046582918458,172.93020629882812,28707500
2025-06-20 00:00:00-04:00,173.55878574385125,173.94790803011588,165.08788938336605,166.26522827148438,75659900
2025-06-23 00:00:00-04:00,165.89603893694584,166.96362443515676,161.63563852290417,164.81846618652344,57671000
2025-06-24 00:00:00-04:00,166.5445998017471,167.84167918331357,165.75638318822968,166.3949432373047,40524300
2025-06-25 00:00:00-04:00,167.25299905707695,171.97235685648238,167.17317715297744,170.29612731933594,35479000
2025-06-26 00:00:00-04:00,172.0421997468365,173.29937576602373,169.5578094698184,173.1497039794922,31796700
2025-06-27 00:00:00-04:00,173.14969619543672,178.27813555923768,171.3437693802371,178.12847900390625,108140200
2025-06-30 00:00:00-04:00,180.37340297441276,180.82238782578247,174.18735055967244,175.83363342285156,63378900
2025-07-01 00:00:00-04:00,175.3447530851258,175.6939567742825,173.139716841545,175.44451904296875,35904500
2025-07-02 00:00:00-04:00,175.14518633422566,178.4577266308603,174.67625741761273,178.23822021484375,29128900
2025-07-03 00:00:00-04:00,178.09853847776557,179.265905222364,176.65180269468908,179.126220703125,21689700
2025-07-07 00:00:00-04:00,178.65727862884938,178.89674433224096,175.28487562232132,176.3923797607422,34175600
2025-07-08 00:00:00-04:00,177.4500058972594,177.54977185383785,172.42133277200756,173.9678497314453,40442500
2025-07-09 00:00:00-04:00,174.85584916951822,179.03642797074187,172.38143114455036,176.22276306152344,43025600
2025-07-10 00:00:00-04:00,175.2350053597822,178.02869585837095,173.98781666417247,177.22052001953125,29252400
2025-07-11 00:00:00-04:00,176.39239690386106,181.02196104807066,176.08309652221448,179.78475952148438,34282900
2025-07-14 00:00:00-04:00,180.60289104600895,183.2569121837853,179.27588047712075,181.1516571044922,32536600
2025-07-15 00:00:00-04:00,182.3988435351607,183.80567598843865,181.1915734457722,181.59066772460938,33448300
2025-07-16 00:00:00-04:00,182.82789923086935,183.91544417003013,181.62061381873355,182.55850219726562,33104200
2025-07-17 00:00:00-04:00,181.73035050857078,183.64603043273615,180.07408034072432,183.1671142578125,31992600
2025-07-18 00:00:00-04:00,184.9830305164638,186.00074080595235,183.2968441040249,184.643798828125,34014500
2025-07-21 00:00:00-04:00,185.83112267520195,189.86202999312056,185.73134148599024,189.67247009277344,45803100
2025-07-22 00:00:00-04:00,191.0693117786785,191.21896833519165,187.03840453704987,190.90966796875,44660200
2025-07-23 00:00:00-04:00,191.06931784155387,192.09700016081177,188.75452819755446,189.8021697998047,58681900
2025-07-24 00:00:00-04:00,196.5868474168703,197.5047763656739,190.57041105035847,191.73777770996094,74881700
2025-07-25 00:00:00-04:00,191.54821586623893,193.8929365997576,190.82983399147875,192.74551391601562,39785900
2025-07-28 00:00:00-04:00,193.21445136708732,193.61356085282932,190.41077383680673,192.14686584472656,38139500
2025-07-29 00:00:00-04:00,191.99721287217557,195.47936925683575,191.64800916549822,195.30975341796875,41389200
2025-07-30 00:00:00-04:00,195.1600963397073,197.155598285003,194.2521393007246,196.08799743652344,32445400
2025-07-31 00:00:00-04:00,195.26984291287636,195.54921195775628,190.66022322341527,191.46839904785156,51329200
2025-08-01 00:00:00-04:00,188.6048544387261,190.40080913246982,187.39758435603645,188.7046356201172,34832200
2025-08-04 00:00:00-04:00,189.86201672672937,194.830827292421,189.69240089649873,194.60133361816406,31547400
2025-08-05 00:00:00-04:00,194.27208103659058,197.41499022677854,193.45391800516853,194.23216247558594,31602300
2025-08-06 00:00:00-04:00,194.0625664055758,196.18778087351924,193.23443126184418,195.64898681640625,21562900
2025-08-07 00:00:00-04:00,196.6167969951023,197.09571318148866,193.8929412029117,196.07801818847656,26321800
2025-08-08 00:00:00-04:00,196.7764442791972,202.15432130991044,196.72655368662487,200.9669952392578,39161800
2025-08-11 00:00:00-04:00,200.48808049350347,201.02685931355308,198.62229106869012,200.54794311523438,25832400
2025-08-12 00:00:00-04:00,200.91710457512625,204.04006993048975,200.1388600495838,202.88267517089844,30397900
2025-08-13 00:00:00-04:00,203.6709007567403,204.06999503609887,197.06577929471834,201.5057830810547,28342900
2025-08-14 00:00:00-04:00,201.0468177297292,203.98020797768137,200.77742070862897,202.48358154296875,25230400
2025-08-15 00:00:00-04:00,203.39153088363753,205.97570210941166,200.82730371462006,203.44140625,34931400
2025-08-18 00:00:00-04:00,203.74073522255918,204.80833601681928,202.0345896716843,203.0423126220703,18526600
2025-08-19 00:00:00-04:00,202.57337657986534,202.98245812812408,199.51028904350812,201.11666870117188,24240200
2025-08-20 00:00:00-04:00,200.27853657760338,200.82730262485018,196.15783565803162,198.87171936035156,28955500
2025-08-21 00:00:00-04:00,199.30075073242188,202.02460654215824,198.9814631231269,199.30075073242188,19774600
2025-08-22 00:00:00-04:00,202.27405146693474,208.07098221204853,200.8472748764244,205.62649536132812,42827000
2025-08-25 00:00:00-04:00,205.96570803332725,210.046520726557,204.8183006045268,208.02108764648438,29928900
2025-08-26 00:00:00-04:00,207.04328099820484,207.38252787024734,205.23735432936843,206.6741180419922,28464100
2025-08-27 00:00:00-04:00,205.2373711930947,208.4401585010209,205.18748059977113,207.01336669921875,23022900
2025-08-28 00:00:00-04:00,206.7838755896793,211.74269881815906,206.43465668224866,211.16400146484375,32339300
2025-08-29 00:00:00-04:00,210.0365560843286,214.16724458693432,209.72725571237183,212.43116760253906,39728400
2025-09-02 00:00:00-04:00,207.9712205067108,211.20392399730977,205.73625278986853,210.8746795654297,47523000
2025-09-03 00:00:00-04:00,225.70126168023373,230.78978267421618,224.28444185471682,230.14125061035156,103336100
2025-09-04 00:00:00-04:00,229.13349303754427,231.84737676203946,225.60146147412655,231.7775421142578,51684200
2025-09-05 00:00:00-04:00,231.677775522156,235.22976659054154,231.37844718195538,234.4714813232422,46588900
2025-09-08 00:00:00-04:00,235.15054099905157,237.8069358559837,233.3529799966882,233.72247314453125,32474700
2025-09-09 00:00:00-04:00,233.85230194861487,240.14375784585562,232.91357479962468,239.30490112304688,38061000
2025-09-10 00:00:00-04:00,238.5758820575914,241.33214736167037,237.5273187664355,238.84552001953125,35141100
2025-09-11 00:00:00-04:00,239.55457404217233,241.9213539288796,235.92949376965038,240.0438995361328,30599300
2025-09-12 00:00:00-04:00,240.04388783032,241.75157459718335,237.67710805902945,240.4733123779297,26771600
2025-09-15 00:00:00-04:00,244.32807821701437,252.06756394348793,244.32807821701437,251.26864624023438,58383800
2025-09-16 00:00:00-04:00,251.73800966841424,252.696698721273,249.13154999644232,250.8192596435547,34109700
2025-09-17 00:00:00-04:00,250.87917693990602,251.25866627901078,245.94587648389523,249.19146728515625,34108000
2025-09-18 00:00:00-04:00,251.338548569648,253.64542748570952,249.46110945180462,251.68807983398438,31239500
2025-09-19 00:00:00-04:00,252.90642848071656,255.65269769422878,251.4683796180924,254.3744354248047,55571400
2025-09-22 00:00:00-04:00,254.08482475081846,255.4329993925613,249.96043800377367,252.18740844726562,32290500
2025-09-23 00:00:00-04:00,252.69670571321294,254.01492224497756,250.1401811840686,251.31858825683594,26628000
2025-09-24 00:00:00-04:00,251.31859024650916,252.00765659919705,246.1056707170572,246.80471801757812,28201000
2025-09-25 00:00:00-04:00,244.0684141454478,246.15559020390248,240.41339128252798,245.45652770996094,31020400
2025-09-26 00:00:00-04:00,246.73481561544992,249.08161830530747,245.63630185383965,246.2055206298828,18503200
2025-09-29 00:00:00-04:00,247.51375020937843,250.80926093832198,242.4406403715287,243.71890258789062,32505800
2025-09-30 00:00:00-04:00,242.48058753408858,242.9599320717839,238.92541967317948,242.77020263671875,34724300
2025-10-01 00:00:00-04:00,240.42338523813993,245.96585884887978,238.2862890899911,244.5677490234375,31658200
2025-10-02 00:00:00-04:00,244.8174135056227,246.4751651396655,241.97128907367482,245.356689453125,25483300
2025-10-03 00:00:00-04:00,244.15830178707057,245.96584369150784,241.33213946713911,245.0171356201172,30249600
2025-10-06 00:00:00-04:00,244.44791178946252,250.97904766602093,244.24818617214953,250.09024047851562,28894700
2025-10-07 00:00:00-04:00,247.93317917084852,250.1002333278666,245.18691006468788,245.42657470703125,23181300
2025-10-08 00:00:00-04:00,244.62768203424937,245.67624536262252,243.48922922331397,244.2881317138672,21307100
2025-10-09 00:00:00-04:00,244.13833003954065,244.42792989328805,238.82554034163272,241.2023162841797,27892100
2025-10-10 00:00:00-04:00,241.10244578834048,243.75884063652228,235.52003337107624,236.24905395507812,33180300
2025-10-13 00:00:00-04:00,239.8841293059291,244.16830263513637,239.38480762364867,243.8187713623047,24995000
2025-10-14 00:00:00-04:00,240.9027282868883,246.78473694130554,240.18370386409978,245.11700439453125,22111600
2025-10-15 00:00:00-04:00,246.91456723829836,251.76797450819856,245.6562821083569,250.68943786621094,27007700
2025-10-16 00:00:00-04:00,251.42842769264908,256.6113736152233,249.76069521164578,251.1188507080078,27997200
2025-10-17 00:00:00-04:00,250.41979725844868,253.87510990312921,247.4738024671156,252.95635986328125,29671600
2025-10-20 00:00:00-04:00,254.3444728441902,256.98087539491434,253.88509020638818,256.2019348144531,22350200
2025-10-21 00:00:00-04:00,254.39440086428343,254.53421031738455,243.81875668908756,250.12020874023438,47312100
2025-10-22 00:00:00-04:00,254.02489806023604,256.01218852739623,248.95178813355238,251.34854125976562,35029400
2025-10-23 00:00:00-04:00,252.6367781341903,254.69398089708358,251.50832156545113,252.7366485595703,19901400
2025-10-24 00:00:00-04:00,256.23191746004557,261.32500504033385,254.97364746401067,259.5674133300781,28655100
2025-10-27 00:00:00-04:00,264.4607188078389,269.7735083332291,263.92144290721717,268.9046630859375,35235200
2025-10-28 00:00:00-04:00,269.3241367489819,270.3627344019799,266.1384619149823,267.1071472167969,29738600
2025-10-29 00:00:00-04:00,267.38675485794886,274.96645416764926,267.3068768000952,274.197509765625,43580300
2025-10-30 00:00:00-04:00,291.1944142933695,291.1944142933695,279.6800575475708,281.09814453125,74876000
2025-10-31 00:00:00-04:00,282.8257813584811,285.6120049046921,276.6541726227251,280.80853271484375,39267900
2025-11-03 00:00:00-05:00,281.797163766903,285.14262497278366,279.42038779718166,283.3350830078125,29786000
2025-11-04 00:00:00-05:00,276.3745458896769,280.88840284028174,275.88522040271835,277.1634826660156,30078400
2025-11-05 00:00:00-05:00,278.4916636746374,286.03143918614273,276.96374058170124,283.9242858886719,31010300
2025-11-06 00:00:00-05:00,284.9429082592804,287.9588308357049,280.7586204462715,284.36370849609375,37173600
2025-11-07 00:00:00-05:00,282.82575309004056,283.39498707048995,274.816645004158,278.4516906738281,34479600
2025-11-10 00:00:00-05:00,284.03413439651047,290.40545290698407,282.47622284552773,289.7064208984375,29557300
2025-11-11 00:00:00-05:00,287.3595968518003,291.5239526379353,286.9301875660949,290.9147644042969,19842100
2025-11-12 00:00:00-05:00,291.2842728658537,291.613842224268,283.30512258449664,286.3210144042969,24829900
2025-11-13 00:00:00-05:00,281.9569519907634,282.45627365196606,276.8638649512614,278.19207763671875,29494000
2025-11-14 00:00:00-05:00,271.04178706348836,278.1820807042813,270.3327588398133,276.0350036621094,31647200
2025-11-17 00:00:00-05:00,285.392279437324,293.55120856159544,283.1852862901624,284.63330078125,52670200
2025-11-18 00:00:00-05:00,287.52939388700526,288.4081743957296,277.8225797399186,283.8943176269531,49158700
2025-11-19 00:00:00-05:00,286.77042153983126,303.39782684502376,286.2411417953812,292.4127502441406,68198900
2025-11-20 00:00:00-05:00,304.1268355762142,306.0042898345543,288.2783714658303,289.05731201171875,62025200
2025-11-21 00:00:00-05:00,296.0178540164301,303.50767860502685,293.4513334764558,299.2534484863281,74137700
2025-11-24 00:00:00-05:00,310.70789188393536,319.0465694557707,309.17996886834777,318.14776611328125,85165100
2025-11-25 00:00:00-05:00,325.767421144808,328.3838617048627,317.2190369667809,323.0011901855469,88632100
2025-11-26 00:00:00-05:00,320.2449508538883,324.0597758686898,316.36024396458464,319.5159606933594,51373400
2025-11-28 00:00:00-05:00,322.9312800436979,326.40656970987055,316.3602205188893,319.74560546875,26018600
2025-12-01 00:00:00-05:00,317.26898426885936,319.41606123931075,313.46415578589995,314.4627990722656,41183000
2025-12-02 00:00:00-05:00,316.3102616947243,317.948051296999,313.4841146313127,315.38153076171875,35854700
2025-12-03 00:00:00-05:00,315.4614642178001,321.14371687287894,313.67388407801036,319.1963806152344,41838300
2025-12-04 00:00:00-05:00,321.7928484740126,321.92264650582644,314.27306548179905,317.1890869140625,31240900
2025-12-05 00:00:00-05:00,319.05652267664885,322.72155681925386,318.73697999805336,320.8341064453125,28851700
2025-12-08 00:00:00-05:00,319.82486263347363,320.21460294317257,311.0010871288888,313.49932861328125,33909400
2025-12-09 00:00:00-05:00,312.15025542764414,317.7662971049956,311.6805848338384,316.85693359375,30194000
2025-12-10 00:00:00-05:00,315.6078174223929,321.0839735202244,314.45863248382005,319.9847412109375,33428900
2025-12-11 00:00:00-05:00,319.85481737290655,320.8940942947929,308.3829128168011,312.210205078125,42353700
2025-12-12 00:00:00-05:00,313.47935032153816,314.6485102459599,305.34506149685063,309.07244873046875,35940200
2025-12-15 00:00:00-05:00,311.1009991314403,311.2009348824072,304.66552711937686,308.003173828125,29151900
2025-12-16 00:00:00-05:00,304.7354841263937,310.5513666605185,302.37712849550337,306.3543395996094,30585000
2025-12-17 00:00:00-05:00,307.7933270972379,307.87325739956634,295.9116769824828,296.5112609863281,43930400
2025-12-18 00:00:00-05:00,301.50775321966603,303.7461677101471,299.0195145942255,302.2472229003906,33518000
2025-12-19 00:00:00-05:00,301.5177661333593,307.03387224107576,300.7582909786616,306.9439392089844,59943200
2025-12-22 00:00:00-05:00,309.66200850448513,309.9118326328777,305.0852133945127,309.56207275390625,26429900
2025-12-23 00:00:00-05:00,309.41219480947996,314.7184570357758,309.1024153195162,314.1288757324219,25478700
2025-12-24 00:00:00-05:00,314.5485634057752,314.8583428959372,311.70059264113144,313.8690490722656,10097400
2025-12-26 00:00:00-05:00,314.25877806497726,314.86833429915043,312.0603135401851,313.2894592285156,10899000
2025-12-29 00:00:00-05:00,311.15095467052413,313.79908436732376,310.4014822754237,313.33941650390625,19621800
2025-12-30 00:00:00-05:00,312.28018544302313,316.72706748217655,312.24020504037514,313.6292419433594,17380900
2025-12-31 00:00:00-05:00,312.62992729269524,314.3586907819443,311.22091551782626,312.7798156738281,16377700
2026-01-02 00:00:00-05:00,316.67708324131615,322.2731502440002,310.11169732658084,314.9283142089844,32009400
2026-01-05 00:00:00-05:00,317.4365596004392,318.79558832967825,314.4086921415047,316.3173522949219,30195600
2026-01-06 00:00:00-05:00,316.17741436833177,320.71422913013345,311.5606693028291,314.1188659667969,31212100
2026-01-07 00:00:00-05:00,314.13884430323384,325.9205589972494,313.96898096999803,321.7535095214844,35104400
2026-01-08 00:00:00-05:00,328.7385750407063,330.0876314322289,321.2738288701313,325.2110595703125,31896100
2026-01-09 00:00:00-05:00,326.8598973489763,330.5972566011106,325.5707962902668,328.3388671875,26214200
2026-01-12 00:00:00-05:00,325.57079145505844,333.80501545240315,324.77136644379436,331.62652587890625,33923900
2026-01-13 00:00:00-05:00,334.7144015630273,340.25048265726696,333.38532003422745,335.7336730957031,33517600
2026-01-14 00:00:00-05:00,334.8243096530742,336.2832741209541,330.2475447349911,335.603759765625,28525600
2026-01-15 00:00:00-05:00,337.4124676651339,337.4524480652932,330.507324974913,332.5458984375,28442400
2026-01-16 00:00:00-05:00,334.1747541117482,334.4145755186536,327.46948297740045,329.7678527832031,40341600
2026-01-20 00:00:00-05:00,320.6442885211675,327.49947891315526,320.20459558658575,321.77349853515625,35361000
2026-01-21 00:00:00-05:00,320.6942733516965,332.24613943011235,319.12537039479025,328.1490173339844,35386600
2026-01-22 00:00:00-05:00,334.2147483456718,334.9142376434696,328.5187457270175,330.3074951171875,26253600
2026-01-23 00:00:00-05:00,332.25610013077164,333.45526818914374,327.21966747627397,327.6993103027344,27280000
2026-01-26 00:00:00-05:00,327.5793954045391,335.60374537803585,326.7699676491338,333.02557373046875,26042100
2026-01-27 00:00:00-05:00,335.1340666902067,337.6722883721735,333.2454121385867,334.31463623046875,21636200
2026-01-28 00:00:00-05:00,335.82360375323316,337.30257365930305,331.7065067534381,335.7736511230469,27434400
2026-01-29 00:00:00-05:00,340.06060015063264,342.0492210013424,326.3103005061971,338.0120544433594,39785600
2026-01-30 00:00:00-05:00,339.76083067041884,339.76083067041884,332.0562627255977,337.7622375488281,31024000
2026-02-02 00:00:00-05:00,335.983495554882,344.5874244246442,335.3939142353609,343.4482421875,32006100
2026-02-03 00:00:00-05:00,347.09564553860224,348.7544814019383,337.2325938809106,339.47100830078125,36506700
2026-02-04 00:00:00-05:00,342.7187296036167,343.0684894885568,328.2888852617291,332.80572509765625,70618400
2026-02-05 00:00:00-05:00,312.0003564748562,332.45595718246585,306.24439883874277,331.0169677734375,88205800
2026-02-06 00:00:00-05:00,326.94984200428365,330.147603202773,319.694969697787,322.63287353515625,56380500
2026-02-09 00:00:00-05:00,320.70422803551696,327.4694850607409,317.03682684844796,324.09185791015625,39640100
2026-02-10 00:00:00-05:00,320.7441987510988,321.4437184993816,314.38865715458337,318.3558654785156,39170000
2026-02-11 00:00:00-05:00,318.7456164455411,320.8341425405983,309.44216816023624,310.7412414550781,45406400
2026-02-12 00:00:00-05:00,311.87044586439265,316.0175203045161,306.9839017615506,308.7826232910156,47761300
2026-02-13 00:00:00-05:00,307.5135396808651,308.41290048065196,303.4963480144474,305.50494384765625,38499700
2026-02-17 00:00:00-05:00,299.82893803190484,304.22583664461854,296.04159566157676,301.8075256347656,39247600
2026-02-18 00:00:00-05:00,301.87748970860525,305.1651838815364,301.0380842700908,303.1166076660156,28482100
2026-02-19 00:00:00-05:00,301.6076886754516,305.25511494304027,299.828942056139,302.636962890625,25834400
2026-02-20 00:00:00-05:00,304.1059184917761,316.2773425544253,303.68620054308417,314.7584228515625,53210800
2026-02-23 00:00:00-05:00,318.82555353627805,319.29522413676915,309.65201848441603,311.2708740234375,31423000
2026-02-24 00:00:00-05:00,310.3015673465962,312.05033638585,305.71479964031533,310.6813049316406,25615600
2026-02-25 00:00:00-05:00,311.84046520002283,313.4193707572093,309.22231323387047,312.67987060546875,29963600
2026-02-26 00:00:00-05:00,312.42009761480955,312.9197459051382,302.1373272609355,307.1637878417969,36431200
2026-02-27 00:00:00-05:00,303.92607541564644,312.1502667227519,303.5862877430576,311.54071044921875,44640600
2026-03-02 00:00:00-05:00,303.0166882830762,308.27296712894787,301.088022863519,306.3043518066406,34790200
2026-03-03 00:00:00-05:00,298.37994467731505,303.72618716624237,296.5012623376298,303.3664245605469,35497000
2026-03-04 00:00:00-05:00,302.6769571429086,305.2551289128473,300.5384478137644,302.9167785644531,29536200
2026-03-05 00:00:00-05:00,302.82681905445145,303.08661540637286,297.78035344585857,300.6683349609375,35752300
2026-03-06 00:00:00-05:00,295.88171424137005,300.31859339921897,294.97235071392555,298.30999755859375,25576900
2026-03-09 00:00:00-04:00,294.3599853515625,306.79998779296875,294.0799865722656,306.3599853515625,29312100
2026-03-10 00:00:00-04:00,306.1700134277344,309.510009765625,305.57000732421875,307.0400085449219,23239700
2026-03-11 00:00:00-04:00,306.75,311.4200134277344,305.9200134277344,308.70001220703125,24125700
2026-03-12 00:00:00-04:00,306.82000732421875,308.94000244140625,301.0299987792969,303.54998779296875,24928300
2026-03-13 00:00:00-04:00,307.010009765625,307.69000244140625,300.44000244140625,302.2799987792969,23693100
2026-03-16 00:00:00-04:00,304.3500061035156,306.489990234375,303.0199890136719,305.55999755859375,23519700
2026-03-17 00:00:00-04:00,305.8599853515625,311.4200134277344,305.5,310.9200134277344,21955200
2026-03-18 00:00:00-04:00,309.2699890136719,312.4700012207031,306.92999267578125,307.69000244140625,20009800
2026-03-19 00:00:00-04:00,304.010009765625,308.05999755859375,302.3500061035156,307.1300048828125,25075800
2026-03-20 00:00:00-04:00,305.4599914550781,306.0,298.2699890136719,301.0,44364100
2026-03-23 00:00:00-04:00,302.1099853515625,305.9800109863281,300.92999267578125,302.05999755859375,29326900
2026-03-24 00:00:00-04:00,299.20001220703125,299.9200134277344,290.3299865722656,290.44000244140625,36864300
2026-03-25 00:00:00-04:00,293.44000244140625,296.0,289.239990234375,290.92999267578125,29460700
2026-03-26 00:00:00-04:00,287.9100036621094,287.95001220703125,278.5,280.9200134277344,39080600
2026-03-27 00:00:00-04:00,277.2799987792969,279.3699951171875,273.95001220703125,274.3399963378906,35890600
2026-03-30 00:00:00-04:00,276.4200134277344,277.0899963378906,272.1099853515625,273.5,35141200
2026-03-31 00:00:00-04:00,278.0400085449219,288.0799865722656,277.0899963378906,287.55999755859375,43875400
2026-04-01 00:00:00-04:00,290.8399963378906,300.5199890136719,290.4100036621094,297.3900146484375,37684500
2026-04-02 00:00:00-04:00,290.69000244140625,298.0799865722656,289.45001220703125,295.7699890136719,21666500
2026-04-06 00:00:00-04:00,295.8699951171875,300.6199951171875,295.17999267578125,299.989990234375,16945500
2026-04-07 00:00:00-04:00,302.7300109863281,305.6300048828125,297.7200012207031,305.4599914550781,23205400
2026-04-08 00:00:00-04:00,320.45001220703125,322.0799865722656,315.0199890136719,317.32000732421875,33547100
2026-04-09 00:00:00-04:00,315.9100036621094,319.5400085449219,311.05999755859375,318.489990234375,23739200
2026-04-10 00:00:00-04:00,320.0199890136719,321.8299865722656,316.32000732421875,317.239990234375,19152600
2026-04-13 00:00:00-04:00,317.1400146484375,321.6300048828125,315.4700012207031,321.30999755859375,18866400
2026-04-14 00:00:00-04:00,324.7900085449219,333.2900085449219,323.75,332.9100036621094,27721400
2026-04-15 00:00:00-04:00,332.8900146484375,337.4800109863281,330.8999938964844,337.1199951171875,24918800
2026-04-16 00:00:00-04:00,338.75,339.8800048828125,334.5199890136719,336.0199890136719,20541500
2026-04-17 00:00:00-04:00,337.6499938964844,342.32000732421875,336.239990234375,341.67999267578125,25581900
2026-04-20 00:00:00-04:00,340.760009765625,341.3999938964844,336.6099853515625,337.4200134277344,18784200
2026-04-21 00:00:00-04:00,337.69000244140625,339.3399963378906,331.3500061035156,332.2900085449219,23123800
2026-04-22 00:00:00-04:00,337.0199890136719,339.82000732421875,335.1700134277344,339.32000732421875,20293000
2026-04-23 00:00:00-04:00,341.17999267578125,341.9599914550781,336.17999267578125,338.8900146484375,18650300
2026-04-24 00:00:00-04:00,338.7300109863281,345.2699890136719,335.3900146484375,344.3999938964844,26400000
