Price,Close,High,Low,Open,Volume
Ticker,HDFCBANK.NS,HDFCBANK.NS,HDFCBANK.NS,HDFCBANK.NS,HDFCBANK.NS
Date,,,,,
2010-01-04,74.94452667236328,75.94630554315371,74.36674493282882,74.6940786024857,6100980
2010-01-05,75.01042175292969,75.7925120657229,74.91375830264207,75.13344674341228,16773200
2010-01-06,75.06096649169922,75.57283770413716,74.17122411820579,75.3092088443553,13279680
2010-01-07,75.25648498535156,77.69941980418038,74.76438493677031,77.69941980418038,12247960
2010-01-08,75.3553466796875,75.7222226820233,74.73802259535074,75.22133322238165,14171800
2010-01-11,75.05217742919922,76.83165548021873,74.80392837101185,76.83165548021873,27533220
2010-01-12,74.4831771850586,75.212537775275,73.75380989048246,75.04557910502194,9814100
2010-01-13,74.22394561767578,74.46560428323659,73.1804253519743,74.03281771539231,20693500
2010-01-14,73.9822998046875,75.30043077616794,73.37595741241104,75.13346537438495,20345280
2010-01-15,74.43704223632812,74.65014032296801,73.41989023964508,74.62377877894825,23163460
2010-01-18,77.62252044677734,78.12121754064259,73.90759449639421,74.25469931249292,47002920
2010-01-19,78.17394256591797,78.59574736855453,77.01837909484688,77.55002812996214,33328440
2010-01-20,77.15898132324219,78.648468816452,76.58339862974113,78.42878035607085,27304220
2010-01-21,75.20594024658203,77.36987270796776,74.91814892832434,77.36987270796776,25046940
2010-01-22,73.68789672851562,74.69406679602655,72.67293054215521,74.51831873236767,18947400
2010-01-25,72.79157257080078,73.72304948350725,71.67555815865394,72.93656775700956,12057580
2010-01-27,70.17729949951172,72.98491844229775,69.72474169669172,72.98491844229775,24215580
2010-01-28,70.00373077392578,71.13512507212863,69.28095381853866,70.7396885013805,34864460
2010-01-29,71.6645736694336,71.92600348416295,68.2132696950927,69.42155627584314,32870340
2010-02-01,70.28932189941406,71.53056029468794,69.641238293488,71.53056029468794,15034660
2010-02-02,69.38201904296875,70.95498940238683,69.07005844389501,70.60787784113855,20669400
2010-02-03,71.29988861083984,71.7238924434656,69.33368087234462,70.30030877715858,15455340
2010-02-04,71.03626251220703,71.39435576275912,69.66320968301005,71.09118462537491,17210480
2010-02-05,69.12936401367188,70.21242640832578,68.76248137081693,70.21242640832578,18693880
2010-02-08,68.86793518066406,69.81039376928031,68.05947661915576,69.64123608258592,15181200
2010-02-09,69.0546646118164,69.3292751626775,68.1693204640146,68.84156655617383,23947500
2010-02-10,70.01691436767578,71.06702504566123,68.71855463181264,69.2018719749693,27733360
2010-02-11,70.21244049072266,71.75025987135143,69.86093757713543,70.47606264764275,14539380
2010-02-15,70.90664672851562,71.16587749215519,69.53139487717706,70.16849004544834,9604980
2010-02-16,70.58150482177734,71.29769131289336,69.86092697523857,70.51999232406158,14349700
2010-02-17,72.75862121582031,72.978309674649,70.95498084605754,71.09118661783377,24796680
2010-02-18,73.98009490966797,74.25470550695701,72.53014961510978,73.15187176181392,20008840
2010-02-19,74.42605590820312,74.69407609648844,72.76521169370058,73.37594534184453,14691980
2010-02-22,74.54470825195312,75.55966811492142,74.25471780414463,74.73803521715878,13280340
2010-02-23,74.7380142211914,75.08291999629832,73.91857387980852,74.03720752137751,12945780
2010-02-24,74.71605682373047,75.1334636140475,74.1448654085995,74.25470965364927,11211380
2010-02-25,74.30084228515625,74.86983466942266,73.90320665482197,74.73802693898307,11673940
2010-02-26,74.90498352050781,76.2209220967547,73.815330518644,74.25470748601688,18702060
2010-03-02,76.66905975341797,77.1545759900417,74.95769178422455,75.7485647348319,15429300
2010-03-03,78.06190490722656,78.2530395171228,76.56363456397425,76.56363456397425,22295920
2010-03-04,78.25962829589844,78.5166600586291,77.02717245806087,77.98940905658341,27028840
2010-03-05,78.38485717773438,78.86817457834336,77.81367241892895,78.45296007904365,20899300
2010-03-08,78.39363861083984,79.52723200415157,77.89714048663402,79.52723200415157,14745920
2010-03-09,79.5799560546875,79.74692145160692,77.98941354082771,77.98941354082771,24795380
2010-03-10,79.7227554321289,79.96221506992511,76.00782244446657,79.61510351835975,29921120
2010-03-11,80.27198028564453,80.62567553515798,79.22406190138587,79.79086195795509,15490460
2010-03-12,79.14277648925781,80.42355740313482,78.48810239230708,80.27417084281923,14944880
2010-03-15,79.63927459716797,79.96660829341323,78.20910041883272,78.20910041883272,15025920
2010-03-16,79.28997039794922,79.52283965406107,77.50609428064416,79.3075425267069,20872500
2010-03-17,79.42616271972656,80.1774934513211,79.00435795308663,79.28995695577429,9589680
2010-03-18,79.12739562988281,79.6326831597719,78.67044653844158,79.6326831597719,7003940
2010-03-19,79.96000671386719,80.17749613750594,78.98458944366982,79.73811923036693,12679680
2010-03-22,80.71795654296875,81.50443847101806,78.99999075914208,79.1757388881167,30611220
2010-03-23,82.77862548828125,83.04225437438882,80.62568083439338,80.62568083439338,20308760
2010-03-25,84.6305923461914,84.79975005579006,82.17227781211128,82.60286533931881,46592800
2010-03-26,85.74220275878906,86.36391809141696,84.05718948126433,84.84367784754794,23105720
2010-03-29,86.33977508544922,87.43601849861687,71.56791654696893,71.56791654696893,26453420
2010-03-30,83.78260040283203,86.55287581559212,83.54314074741268,86.3375786765692,18739960
2010-03-31,84.95353698730469,85.36654569361582,83.36079552437396,83.48162150533493,13652160
2010-04-01,85.2061767578125,85.67850564034234,84.62839499323255,85.67850564034234,14818440
2010-04-05,85.61259460449219,86.10030324851596,84.55369462986299,86.06515229077843,14247680
2010-04-06,84.92717742919922,85.67851504955259,84.59764467900864,85.67851504955259,8842880
2010-04-07,84.87664031982422,85.58842880544186,84.62399992437992,85.2391249484495,10756100
2010-04-08,83.6046371459961,84.7953515112977,83.20920061229893,84.7953515112977,12477660
2010-04-09,85.64994049072266,85.98606357287538,83.06420967988034,83.06420967988034,12415300
2010-04-12,85.863037109375,86.46498134583454,85.18200154085724,85.18200154085724,9141280
2010-04-13,85.75320434570312,86.24530441769899,84.84369748375644,85.67851106365809,12682600
2010-04-15,85.9882583618164,86.77254774961014,85.42365742745332,85.89818529138668,19094720
2010-04-16,86.30461120605469,86.75057850317576,84.62399585997574,85.45880931031206,10465120
2010-04-19,84.97990417480469,86.06516586278698,84.62400989008415,85.67851197106062,12241660
2010-04-20,85.43904876708984,85.98387861874853,84.75581409838026,84.75581409838026,10878640
2010-04-21,85.28307342529297,86.11788699503118,85.01944455887008,85.63456964137607,7889000
2010-04-22,84.98208618164062,86.55725542960536,83.83531212325674,85.18640154992252,13790220
2010-04-23,85.75757598876953,85.9882528727622,84.74042414597743,85.01942605045485,10634120
2010-04-26,87.41844177246094,87.73918507186076,86.01682821562622,86.01682821562622,15796560
2010-04-27,86.97685241699219,87.69962927288223,86.46058323421359,87.39206008868443,8968940
2010-04-28,86.47599029541016,87.29323183053197,86.03002288296548,86.03002288296548,11423540
2010-04-29,87.249267578125,87.65569255616207,85.52251955939693,86.64073297820929,18792900
2010-04-30,87.89515686035156,88.31476263160701,87.12844626548724,87.7897039839383,14219220
2010-05-03,86.54847717285156,87.21633207147633,86.2101617194118,87.21633207147633,10014140
2010-05-04,85.1072998046875,87.20752074214245,84.89640078077294,87.20752074214245,9177920
2010-05-05,84.19999694824219,84.96231620247208,82.60725555086401,84.88762292766995,16028540
2010-05-06,83.28390502929688,84.18462914812343,82.4710549625694,83.70131180503783,10522460
2010-05-07,81.19905853271484,82.38318269676948,80.6696151784209,82.2074345887606,19571620
2010-05-10,84.9842758178711,85.1512411786342,80.4059695062462,81.86689629984576,12853080
2010-05-11,85.60382843017578,85.89821023874683,84.06380977896524,85.15127062102134,13929300
2010-05-12,86.77256774902344,87.04058799215674,85.63457620265415,85.63457620265415,13741640
2010-05-13,86.35296630859375,87.65571759513384,85.68731037548186,87.04937514757636,12744380
2010-05-14,85.75540161132812,86.68907767421896,85.33799482996668,86.29363437790771,9400300
2010-05-17,84.74922180175781,85.53790263378751,84.11871694216941,85.32700357198588,13207200
2010-05-18,83.29708862304688,84.58006859935537,83.05103858709191,84.27250605441166,12243120
2010-05-19,82.09978485107422,82.95437630703383,80.91566735993818,82.55893299697274,18180160
2010-05-20,81.32649993896484,82.44471378626699,80.68281413546775,82.33926087507851,6778000
2010-05-21,80.25440216064453,81.28474172042252,79.13618854528416,79.96661077360486,10997240
2010-05-24,80.1665267944336,82.05365009791868,79.57336519631886,80.63446434560134,9621820
2010-05-25,79.25261688232422,79.96660442180462,78.42878510600069,79.60631210686624,11068700
2010-05-26,80.30712890625,81.42754160288412,79.62829224228227,79.65026243326744,14002780
2010-05-27,83.33222961425781,83.78917866858613,79.57116419046372,79.74691227958388,22619720
2010-05-28,83.34101867675781,84.09674758541338,82.83353882356344,83.3322359646844,11758500
2010-05-31,82.97413635253906,83.42010366546786,81.94379692191737,83.30586807796664,8768220
2010-06-01,81.50881958007812,83.0422476243839,80.75748871315655,83.02906685158601,11365460
2010-06-02,81.41873168945312,81.84492781070416,80.31809713482957,81.19685091813326,18903340
2010-06-03,83.72767639160156,83.92100333585832,81.90426460295939,81.90426460295939,13593780
2010-06-04,82.85332489013672,83.91221837481717,82.607268136151,83.74525967220671,10188700
2010-06-07,82.45567321777344,83.25534249307042,79.45473451832272,82.03167606571995,19238260
2010-06-08,81.84275817871094,83.34981811686447,81.41656193928347,82.6028785348155,11342280
2010-06-09,82.64240264892578,83.28828725279128,81.35283247117329,81.724106502115,11584680
2010-06-10,84.73179626464844,84.98827198718156,82.38151214753418,83.1730438234869,17020940
2010-06-11,86.06501770019531,86.22862883676648,84.95067660749224,84.95067660749224,21630760
2010-06-14,87.25230407714844,87.33410963190217,86.06500346376303,86.06500346376303,14977960
2010-06-15,86.8432846069336,87.55522381797606,86.36129029721243,87.33412476793067,9121560
2010-06-16,87.38055419921875,87.99742244179085,87.02679436755918,87.334125287707,18168580
2010-06-17,88.26716613769531,88.39540062237862,87.02679691460423,87.68788768576,15977200
2010-06-18,88.07260131835938,88.34897515141671,87.4822705894974,88.08586672255349,9802800
2010-06-21,88.38876342773438,88.88181673070521,88.00184009619524,88.51037195180542,14203300
2010-06-22,87.86698913574219,88.43963496243491,87.66357500646876,88.21853587502882,8524880
2010-06-23,88.38434600830078,88.60323191053928,87.35623676631614,87.76305821217512,8488080
2010-06-24,88.51036071777344,88.74914468892821,87.55521133834124,88.3091598012213,17653100
2010-06-25,86.12471008300781,88.08585751786379,85.78642881659127,87.56185386472906,14470320
2010-06-28,86.25958251953125,86.84770002695277,85.04574420429518,86.32148998070232,10658160
2010-06-29,84.21221160888672,86.1755723542465,83.84518635717235,85.79085539906683,15902320
2010-06-30,84.85782623291016,85.73780302140628,83.08903355064078,83.79655332251197,17535120
2010-07-01,84.34485626220703,85.33095599843337,83.79652826559796,84.54826358129615,11567260
2010-07-02,84.58586883544922,85.0501782100079,84.01542948323468,84.34487167021719,8225000
2010-07-05,84.68978881835938,85.30001765724248,83.92920748534395,84.06186827550395,5160540
2010-07-06,86.84771728515625,87.10198662906512,84.4598498827233,84.68094896618594,12496060
2010-07-07,85.66704559326172,87.06881291715885,85.39067174988907,87.06218021481423,7933440
2010-07-08,86.03849792480469,87.10640349614549,85.88593902212624,86.67083804525642,6725840
2010-07-09,88.56121826171875,88.96804643528199,86.23304562756816,86.4497251170304,31402360
2010-07-12,90.62630462646484,90.91594387983106,88.749168859663,88.83760714168022,29738560
2010-07-13,91.64777374267578,91.97720918370652,90.09344761699167,90.73905309521352,12514620
2010-07-14,92.25579833984375,93.34360196485399,91.67872626954762,91.97721135781059,21116060
2010-07-15,91.207763671875,92.41938870889527,90.87169559654535,92.41938870889527,6477460
2010-07-16,90.16199493408203,91.35814175611172,89.81928731463366,91.26969672695834,9427760
2010-07-19,90.55554962158203,91.26969531434291,89.41246443680961,90.29686073538815,17531160
2010-07-20,90.40299224853516,92.36192684424618,90.03154741623092,90.5555511524116,13369180
2010-07-21,89.9011001586914,91.30287436462852,89.54513385299505,90.65504888551311,9284700
2010-07-22,90.97120666503906,91.22546922262036,89.5451150960282,89.76621414564802,11149940
2010-07-23,90.1465072631836,91.49078655302917,89.58491377241099,91.49078655302917,13843620
2010-07-26,90.7346420288086,91.08397560826938,89.94973624204843,90.42952421714583,6072980
2010-07-27,91.39350891113281,91.88877541928461,90.42952019862709,90.79212591446309,13291820
2010-07-28,92.24695587158203,92.41941287930737,91.09060528615434,91.62345486387953,13142120
2010-07-29,92.88814544677734,93.5249118838699,92.12093136071782,92.45921268699718,22531480
2010-07-30,94.05113220214844,94.49774993591822,91.97722165354794,92.75991432323961,23399320
2010-08-02,94.46898651123047,94.84707073624634,93.8056893763488,94.18819315319722,16526680
2010-08-03,93.8543472290039,94.8072837333419,93.38119870182348,94.6304071665734,16220960
2010-08-04,93.51606750488281,94.14398809929679,92.47247954929415,93.52491335759531,14734700
2010-08-05,92.87264251708984,94.07321534782857,91.31389709375003,91.31389709375003,14710560
2010-08-06,92.45036315917969,93.30380228253435,92.04132855324627,92.56311909028861,10920880
2010-08-09,92.06565856933594,93.03407365094924,91.59471643396985,92.41941845837124,5236440
2010-08-10,92.64714813232422,92.9588986478747,91.52396776375399,92.2182153731193,14694540
2010-08-11,92.39730834960938,93.4386831741007,91.8865699915679,92.90584030498908,14670160
2010-08-12,91.67430114746094,92.10102069908135,90.56217318413384,91.84012543670896,9938860
2010-08-13,92.31106567382812,92.92350760761647,91.01542174411833,91.16134792546221,10499860
2010-08-16,92.1540756225586,94.05110913238934,91.5526859739806,91.90644578151009,7186680
2010-08-17,93.79243469238281,94.45352550060375,92.02585528042722,93.21536935784218,20131820
2010-08-18,96.92764282226562,97.23938663205954,94.18822158939501,94.18822158939501,38844340
2010-08-19,98.61680603027344,99.03026016173084,96.62028193882513,96.62028193882513,20763920
2010-08-20,98.66767120361328,99.04353556680195,97.51353381093654,97.79432719526642,8398140
2010-08-23,97.13323974609375,98.52174155995364,96.53185003864698,97.85181168434337,8194860
2010-08-24,97.66609191894531,98.16798436489718,95.51921515048917,97.13324236529374,10680280
2010-08-25,96.94087982177734,97.94687778630805,96.33506384497485,97.3278031538903,10591220
2010-08-26,96.32623291015625,97.89603087850067,95.80222245669101,96.33728516447665,20388100
2010-08-27,94.59282684326172,96.83919455310078,93.99586330997447,96.39920949462424,11550480
2010-08-30,94.26336669921875,96.29748062650172,93.59565000768472,95.51478811241756,6876460
2010-08-31,94.37613677978516,94.63039935380093,93.40550865046114,93.96710216206867,9390160
2010-09-01,95.0394287109375,95.29369127087945,93.74599790917144,94.4336127211175,9616200
2010-09-02,96.72863006591797,97.06027867122924,95.5059524775667,95.5059524775667,11590660
2010-09-03,97.01606750488281,97.28359550324237,95.87961499138433,97.01827390745194,8118160
2010-09-06,97.4737319946289,98.1547209034202,96.62692553205022,97.19515175685801,9546440
2010-09-07,97.2437973022461,97.9911132592997,96.51195989990268,97.9911132592997,8407840
2010-09-08,96.38150787353516,97.27916954220504,96.01448261408072,96.75295268524516,9969600
2010-09-09,99.26685333251953,99.49458511299294,96.53627836938126,97.06249525467533,26029580
2010-09-13,100.92952728271484,101.4844881899397,99.40615797300445,99.49901581763568,14595580
2010-09-14,103.21788024902344,103.91655406048068,101.08648890417955,101.08648890417955,32697460
2010-09-15,105.04195404052734,105.42003155261679,103.2996923277574,103.43013996649216,25503160
2010-09-16,105.91971588134766,106.79084672360614,104.15313653881711,105.053011338661,25534780
2010-09-17,106.15409088134766,107.2772780039803,105.5527011043828,105.9197263926504,21503140
2010-09-20,108.17050170898438,109.22072224159359,105.96393741354854,106.2690551952392,15095460
2010-09-21,109.25609588623047,110.31074268927102,108.56405476951527,108.56405476951527,32710780
2010-09-22,109.73810577392578,110.10734421434772,108.35181694149897,109.22294787527666,25049020
2010-09-23,108.95098876953125,109.74694678909216,108.47784025763646,109.29148323433948,12380340
2010-09-24,110.33949279785156,110.6379779043129,106.48795061596643,106.48795061596643,27910620
2010-09-27,107.82780456542969,111.0271083360149,107.61775775273776,110.54953354142698,16677440
2010-09-28,108.35623168945312,108.85591775804221,107.07385975362577,107.80791030188394,18864220
2010-09-29,108.0223617553711,109.39980448381434,107.28609815887906,109.39980448381434,15595720
2010-09-30,110.07859802246094,110.5053176280351,107.3082268163723,107.45415301905015,36959780
2010-10-01,110.58269500732422,110.7264080487892,108.88465582290272,110.19577164708346,17730260
2010-10-04,110.28422546386719,111.54891255231084,109.80665735821948,110.58271059045366,13980460
2010-10-05,108.24125671386719,110.97846419266871,107.7835800342003,109.72704268673064,17196660
2010-10-06,108.63702392578125,109.66513320005016,108.33853884682375,108.55963790569481,8219880
2010-10-07,107.61112213134766,109.22293617593064,107.3015847953104,108.64807726762838,9012840
2010-10-08,106.3818130493164,108.25010283478035,105.68535234880066,107.68187662223002,14906860
2010-10-11,105.61903381347656,107.93172831410759,104.65282516057825,107.93172831410759,19820040
2010-10-12,105.25641632080078,106.12754714339543,103.45446035941009,106.04131527258572,15619800
2010-10-13,107.95161437988281,108.33853772891464,104.66829204004539,105.46424999324957,20573400
2010-10-14,107.20431518554688,108.60387621028195,106.57197502397253,108.11745551106416,7707260
2010-10-15,105.51953125,108.01794804422688,105.24094426238518,107.20651823516414,11726540
2010-10-18,106.05902099609375,112.31391602199548,104.04923111607116,112.31391602199548,16550200
2010-10-19,104.7500991821289,107.14460577944854,104.29463565851722,107.14460577944854,16649040
2010-10-20,103.27757263183594,104.88938657415237,102.94813721089203,104.75672579643694,9860460
2010-10-21,104.58427429199219,105.0132070055594,102.44182387391311,103.03437447911617,14595060
2010-10-22,102.88402557373047,105.24315558049737,102.52363976340992,105.24315558049737,12950380
2010-10-25,101.91340637207031,104.69041016527851,101.66135019226176,103.29748871631938,17259580
2010-10-26,101.7674789428711,102.85528932836144,101.30759584941521,102.05933133256461,10139440
2010-10-27,99.68472290039062,101.97089320904259,99.0700677591464,101.97089320904259,16440660
2010-10-28,100.23303985595703,102.40644723829766,99.09659427778347,99.78199591665889,42138460
2010-10-29,100.8167724609375,101.6171501425156,98.91973835896746,100.82119201397606,16264860
2010-11-01,103.88118743896484,104.62408383139773,101.04448930695985,101.61713509518508,20269600
2010-11-02,103.93205261230469,105.5527060005366,103.60703667461502,104.57987133757581,11122040
2010-11-03,104.45825958251953,104.88497917339717,103.96299307149823,104.40298481435171,7081520
2010-11-04,105.64997863769531,106.34865250751683,104.69262263491758,105.68535529853024,9716320
2010-11-08,103.27094268798828,106.12754542109887,102.83095773176707,105.83569305181302,8510920
2010-11-09,106.06122589111328,106.4282444072173,103.04764450694385,103.47436408990248,13716100
2010-11-10,105.94404602050781,107.0031057244654,105.39129833674397,106.12755528265778,8934340
2010-11-11,104.06249237060547,106.54322428396733,103.30854370849067,105.46867926130051,6728740
2010-11-12,102.36444854736328,105.19893346045062,101.92666996530008,103.69546250265887,12403100
2010-11-15,105.50183868408203,105.7737862024654,102.32463960672473,102.36886211653727,22815960
2010-11-16,104.91593933105469,106.11429938568517,102.81107839175729,106.11429938568517,18299340
2010-11-18,103.4898452758789,106.96772939455934,102.53469565599654,106.96772939455934,16631980
2010-11-19,101.86475372314453,104.53562725566404,101.3518023121112,103.69545357174297,11752680
2010-11-22,105.23873138427734,105.72735841006477,101.9708875977889,102.63418476755577,11021900
2010-11-23,104.88054656982422,105.24315226596691,102.03500275515948,104.57985508782006,11416240
2010-11-24,102.20970153808594,104.97344055469877,101.2611844183097,104.09346362274175,8257500
2010-11-25,102.7248306274414,104.301267998682,101.36286636086899,102.81106249926104,22687740
2010-11-26,101.61270904541016,103.47436620975294,100.64430077306487,102.8552915040425,15139380
2010-11-29,101.61270904541016,102.4971053378012,101.04227640567755,101.70557362497084,11818860
2010-11-30,101.0599594116211,103.21125578039677,99.87045208914246,101.57291087068293,17253560
2010-12-01,104.67051696777344,105.0220636976196,100.82118114971482,101.19925868975187,16081440
2010-12-02,105.76274108886719,106.12755320352267,104.0536428550852,105.15471864863868,14738560
2010-12-03,105.93519592285156,106.12755102950726,104.88939491801476,105.90645196486246,7923580
2010-12-06,105.38687133789062,107.23304993889761,105.03311147314663,107.01195086685864,9363120
2010-12-07,103.98953247070312,105.68536546703615,102.96584934749643,105.2431672851657,17194700
2010-12-08,100.84107208251953,103.47436276514192,100.16672263098341,103.47436276514192,23488440
2010-12-09,98.69861602783203,101.0157365351117,98.13702254326584,100.51826366526637,36567840
2010-12-10,98.27189636230469,98.70967491633593,95.970254410757,97.28358332544309,41242460
2010-12-13,99.00817108154297,99.2734926919326,96.46111196091958,99.18505440427234,15823360
2010-12-14,98.97498321533203,100.63985870500917,97.8142132634382,99.36190653262997,11844160
2010-12-15,95.64302062988281,98.61017274270411,95.07258807032011,98.61017274270411,22420420
2010-12-16,97.31896209716797,98.15029671371968,95.07259486008721,95.64745375988556,19518360
2010-12-20,96.06755065917969,97.27474975172147,95.1367254177863,97.27474975172147,10322440
2010-12-21,97.9071044921875,98.12599044069938,96.04102755962455,96.08966963122819,12351160
2010-12-22,96.34613800048828,99.05238860131786,95.95921460751438,98.74285123642044,15006480
2010-12-23,96.8833999633789,97.46046528505475,96.13166449084223,96.39919247058037,6526540
2010-12-24,98.09723663330078,98.37803677877181,96.17809826883175,96.79717298401262,7033420
2010-12-27,97.88939666748047,98.61018176963081,97.15535290879484,98.12376113368741,7541260
2010-12-28,99.76654815673828,100.32150230301795,97.95353285895169,98.3404562794322,9350060
2010-12-29,102.93488311767578,103.33285874714159,99.65156055865423,99.75990369185304,16142080
2010-12-30,101.94878387451172,103.6247118784123,101.17714352177107,103.30632867360978,14504700
2010-12-31,103.75517272949219,104.57987480554611,101.35403973064129,101.92668559272042,16497820
2011-01-03,105.70746612548828,106.1120744524666,103.93424727566085,104.80095859407479,10796780
2011-01-04,103.71977233886719,105.5969078658053,103.16481831036234,105.53057410221233,16568260
2011-01-05,102.06817626953125,103.9032958220095,101.59502102859652,103.9032958220095,15651840
2011-01-06,102.93267059326172,103.59154825895382,102.10354907066298,102.41309317035976,10870180
2011-01-07,100.35466003417969,102.86412907858075,99.98100206641051,102.86412907858075,15896020
2011-01-10,95.17208099365234,100.37896049666408,94.54194740316765,99.7620923083027,40141720
2011-01-11,94.92224884033203,98.11049346606525,93.96709929401267,95.95699080847412,24315180
2011-01-12,97.51795959472656,97.9026698343997,93.15346591873785,95.91277811624191,19810660
2011-01-13,94.76306915283203,98.05302461625747,94.02901857146814,97.68157302553531,18972020
2011-01-14,90.6307144165039,97.63734400706367,89.76621630203431,95.07259362038116,25582820
2011-01-17,91.45099639892578,92.55207219833986,90.67493650282375,91.09281698454274,24561640
2011-01-18,93.27506256103516,93.56912809946711,90.5024783642885,92.27790360707188,16840320
2011-01-19,91.77600860595703,93.48289363021695,91.22547410212687,93.376763651656,17984100
2011-01-20,93.63765716552734,94.38275985532525,90.46930412429103,91.50183961630124,19277080
2011-01-21,92.60291290283203,93.95383161807383,91.80474856453539,93.03847830480395,16595220
2011-01-24,95.01070404052734,95.24948809594433,91.66768678023578,92.64052145558593,25548320
2011-01-25,92.16735076904297,96.17145824804776,91.53943024931161,95.12565726681262,28221080
2011-01-27,90.69041442871094,92.86160890388935,90.25264259079094,92.86160890388935,37891160
2011-01-28,90.83856201171875,92.39067518651898,90.29907969508326,90.87172552556751,35596840
2011-01-31,90.53121948242188,91.24537187737201,88.2715868127338,90.32781212517689,22236060
2011-02-01,90.19072723388672,91.84012425375437,89.10733649349494,91.84012425375437,17102460
2011-02-02,89.31961059570312,91.24759488266236,88.71379451586526,90.71695168187415,19524340
2011-02-03,91.13482666015625,91.61240146344038,88.88182658576424,89.32402472798198,11592060
2011-02-04,89.22451782226562,92.19830270685746,88.66071795071905,90.6948318844616,18506400
2011-02-07,90.15756225585938,91.09281371898277,89.33286707135625,90.42951653170863,17118920
2011-02-08,88.5656509399414,91.0905983939887,87.78074523863208,91.08839199165452,14391980
2011-02-09,89.42572021484375,89.98731369326008,87.61713159832263,88.3511820665005,14715160
2011-02-10,89.14053344726562,90.60641491655953,88.43964628162357,89.14716615084036,23071180
2011-02-11,91.0618667602539,91.09282387119931,88.21853573934108,88.21853573934108,20206840
2011-02-14,93.10258483886719,93.31263160528839,90.65723023540524,90.65723023540524,11844720
2011-02-15,93.171142578125,94.09976132952276,91.76937534675788,93.30380336366866,15199460
2011-02-16,92.63385772705078,93.83442379985244,92.2005055322231,93.48066401436985,9101580
2011-02-17,96.64681243896484,97.01825721122134,92.64049886592343,92.86159790856287,23609840
2011-02-18,96.22672271728516,99.18944845018738,95.74693484030868,96.5760562253041,39535740
2011-02-21,97.3587646484375,97.63735163859609,94.29875429870314,95.73589826808549,11201020
2011-02-22,94.56185150146484,96.91655499133384,93.98477948288766,96.84138212540027,11592860
2011-02-23,93.48512268066406,95.20527340139446,92.87046745519508,93.97596295045649,12228440
2011-02-24,91.0530014038086,93.68186528245467,90.46266404268012,92.28673098508592,20055540
2011-02-25,90.30348205566406,92.28674077514812,89.23557662859147,92.28674077514812,12619920
2011-02-28,90.7501220703125,93.78802133680222,89.9873275286614,91.26969952175259,21962720
2011-03-01,94.586181640625,95.07260230486905,91.04859643858336,91.74727032567559,20501160
2011-03-03,96.98068237304688,98.26968693203749,94.1904132980064,94.4048796574421,25337640
2011-03-04,98.0905990600586,98.73841770259875,97.57101490664954,97.72578695146348,19709880
2011-03-07,96.0962905883789,97.4604680818761,95.11239702059818,97.4604680818761,12855680
2011-03-08,97.57101440429688,98.10165755669372,95.36002376066986,95.42635752842345,17971140
2011-03-09,97.5511245727539,98.99490131561123,97.06249748833984,97.72579473769069,18083980
2011-03-10,97.65503692626953,97.94688932195672,96.50311264541428,96.92983223685205,14940620
2011-03-11,96.67997741699219,98.03531564858034,96.17808501163034,96.48983547618451,13107900
2011-03-14,97.93582916259766,98.12375796152011,96.0454281929112,96.0454281929112,13082880
2011-03-15,96.60482025146484,97.624090527848,94.18820890526874,95.95700156076674,27602000
2011-03-16,96.56501007080078,97.50468103313828,96.33727831923646,97.10670544217011,11610680
2011-03-17,96.46552276611328,98.74284726445575,95.78675374063039,95.96584344981027,33521240
2011-03-18,95.0416488647461,97.11555934909313,94.72327239188682,96.39920047719481,9644240
2011-03-21,95.26937103271484,96.3416960063471,94.915611210142,95.96583167713197,12318700
2011-03-22,95.14335632324219,96.08966010180407,94.72105627697488,95.47500493835605,9430540
2011-03-23,95.70052337646484,96.48321599584496,94.85371688309142,95.07260280945881,9314700
2011-03-24,96.9652099609375,97.23495110280321,95.89067169332367,96.35497435370496,8827620
2011-03-25,100.16008758544922,100.60007255680186,97.28358664833587,97.59312398364446,17802960
2011-03-28,101.5618667602539,102.2362162752947,100.15788621112397,100.15788621112397,21860620
2011-03-29,101.93331146240234,102.7580134831695,101.02680385930931,102.14777784595796,21636600
2011-03-30,103.54068756103516,104.5356333354746,101.970889625957,102.36886523676962,22194840
2011-03-31,103.7330551147461,105.9462522486568,101.93109227071473,103.91656437659407,37863820
2011-04-01,103.19798278808594,104.57985186666234,102.72262117453717,104.04921548997052,8738580
2011-04-04,106.16292572021484,106.34864812138237,103.47436033431798,103.47436033431798,12644540
2011-04-05,105.93962097167969,106.56754153816121,104.7191565005843,106.12755653586028,16825320
2011-04-06,105.06407165527344,105.90645860459034,103.96078941269693,105.72958204074854,12939720
2011-04-07,104.12661743164062,105.15472683384581,103.4566874697926,105.02206603253352,13116320
2011-04-08,104.02269744873047,105.4642610193408,103.69988793422692,104.09344402620569,15440340
2011-04-11,101.53089141845703,103.36601755582413,101.20145599780876,102.8199026401882,22416360
2011-04-13,104.75452423095703,105.40455599910936,100.6000710556696,100.79685245539136,18067780
2011-04-15,104.495849609375,105.77380206467477,103.65124947611298,105.02206651698232,17181860
2011-04-18,102.22737884521484,106.12093758896309,101.89794333827038,105.19011224713307,20706540
2011-04-19,103.80599975585938,104.3056857477203,102.78673641554242,103.47435119433906,14924860
2011-04-20,104.8871841430664,105.64112598435584,103.82811777829393,104.38307181918003,13096140
2011-04-21,106.5985107421875,106.87488461869022,105.3316104632318,105.3316104632318,32410700
2011-04-25,105.72956848144531,107.94276538522544,105.50846943129375,107.14460105293388,12645740
2011-04-26,104.35212707519531,106.03248133634563,103.49647476423353,105.53279528502094,12643700
2011-04-27,104.0602798461914,105.19893874988664,102.86855932287803,105.0662847008413,14295300
2011-04-28,103.37486267089844,104.7567317941187,103.03216182730294,104.49804967280026,26769640
2011-04-29,101.50878143310547,103.4610898198141,100.86538913642467,102.81105807413343,18625880
2011-05-02,101.2699966430664,102.3998162865244,100.02520792376333,101.97088359379171,14156740
2011-05-03,98.86003112792969,101.51322004520236,98.26527407251506,101.19925638779875,21480560
2011-05-04,100.00090026855469,101.0489077012782,97.62850481817472,99.22925992594786,26421220
2011-05-05,98.18789672851562,100.59124282234163,97.72580042758557,99.75328210667391,18698980
2011-05-06,101.58397674560547,102.58997487787987,98.38909228589772,98.38909228589772,21551460
2011-05-09,100.77031707763672,102.36886572526438,99.42382459949228,101.79400681447463,7797180
2011-05-10,99.33538818359375,100.73273590123125,98.39350400249506,100.73273590123125,13046440
2011-05-11,99.98322296142578,100.33035017071927,98.21222374379036,99.93679403931039,9821700
2011-05-12,99.06122589111328,100.15345580008966,98.83128097674775,99.49457816451115,9478860
2011-05-13,99.54100799560547,101.26337159830946,98.42667356802855,98.69862109917635,11646140
2011-05-16,99.62944030761719,100.20651234039427,98.88876388339028,99.27347407363662,12541240
2011-05-17,99.60292053222656,100.55365060693852,99.09660850660441,99.58302242508671,12223880
2011-05-18,100.26178741455078,100.71946407172479,99.18503611052854,99.85275281872967,13870960
2011-05-19,100.54700469970703,100.99804189712538,99.83506549898891,100.40107851910435,15022540
2011-05-20,102.39982604980469,102.58996801037837,99.73336507019533,100.37897732049953,23827740
2011-05-23,100.14459228515625,101.65248924542533,99.31547094668953,101.48445182832593,20092800
2011-05-24,99.72894287109375,101.37392044049885,99.41498598001186,99.67145495551203,9004880
2011-05-25,99.7046127319336,100.24630132032442,99.28894546571583,99.49456594930001,8314880
2011-05-26,100.12249755859375,100.68851061261527,99.0523789174778,99.71567609772876,19899900
2011-05-27,101.8669662475586,102.23619787711688,100.04953181321022,100.15344863508858,11662040
2011-05-30,102.0416259765625,102.92602213192417,101.58837564590253,101.88243439870112,7849500
2011-05-31,106.10763549804688,106.51224375104131,102.36885011920938,102.80662862437961,35393460
2011-06-01,106.04795837402344,106.43708813871336,105.0110032233051,105.68535267003986,13143340
2011-06-02,105.0950927734375,105.38005991989306,104.41384308278354,104.86133315583861,13445520
2011-06-03,104.93702697753906,105.56484745240166,104.56968752323526,105.07950715391661,11977060
2011-06-06,106.0279312133789,106.41753516009474,104.4272150259113,104.4272150259113,11685600
2011-06-07,105.81641387939453,106.44869131445682,105.25093655330832,105.30881593983877,8126940
2011-06-08,104.87024688720703,105.61606150615091,104.5563434043429,104.91254728728305,10278780
2011-06-09,105.20642852783203,105.73184083980095,104.25801898142407,104.84799613893941,6459880
2011-06-10,105.19082641601562,105.72736746899572,103.75486180659567,105.43795014143438,8743820
2011-06-13,105.64276885986328,105.97226490251411,104.37599901529049,104.77673854729605,7835560
2011-06-14,106.08357238769531,106.77372920172384,105.326629053728,105.8832060337264,12433200
2011-06-15,105.65167236328125,106.6757754065592,105.3934198188614,105.9722612602057,14077880
2011-06-16,104.32479095458984,105.61604683627878,104.10438184950459,105.25983620866205,8425300
2011-06-17,104.60530090332031,105.35334389908299,103.90847222988042,104.65873691354433,14213480
2011-06-20,102.36563873291016,105.14630203435563,101.16121208834664,104.28694361666541,15625700
2011-06-21,103.54781341552734,104.36932165301823,102.49922419633327,102.49922419633327,10157720
2011-06-22,103.42090606689453,104.53851015414205,102.96228719642806,103.8550320182174,6183160
2011-06-23,103.91291046142578,104.16671279691116,102.85541431854035,103.25614698134147,8267580
2011-06-24,106.11251831054688,106.41529293455578,104.26022844106602,104.59194615587192,16575460
2011-06-27,107.5818862915039,108.28094348588995,105.64499557132467,106.10584296803775,20512380
2011-06-28,107.88912200927734,108.19858212056903,107.0653920243578,108.17186750834459,12193620
2011-06-29,110.83007049560547,111.27087514729268,108.42120352187388,108.42120352187388,20504880
2011-06-30,112.00777435302734,112.42632132849535,110.25344942148766,111.27086697601916,26841200
2011-07-01,111.37104797363281,113.43483286350127,110.33581620287326,113.09643652294946,13304840
2011-07-04,112.7491455078125,113.1854999835596,111.86752942174917,112.87381821516881,14323360
2011-07-05,113.14765167236328,113.63075669399873,111.96102572731336,112.29497192065044,10637280
2011-07-06,113.33243560791016,113.98697070981515,111.98329349030668,112.87381669897711,11785740
2011-07-07,114.24520111083984,114.65261922878916,112.83595131190097,113.36804211878021,14778040
2011-07-08,113.94911193847656,115.0244156428771,113.70644519761086,114.25412182166059,15089360
2011-07-11,112.39960479736328,114.16952227878761,111.98773648092748,113.94243452687738,7945000
2011-07-12,110.41374969482422,111.76066333811039,109.54326243798799,111.76066333811039,14721800
2011-07-13,112.19256591796875,112.60443425688167,110.3380475488723,110.87013842217206,7441820
2011-07-14,112.64006042480469,114.27639143408642,111.04824470663593,112.45082287850282,9354344
2011-07-15,113.30795288085938,113.6418990941314,111.98329685055243,112.75137585873934,5490152
2011-07-18,114.66600799560547,115.5231448569603,113.09646333819948,113.97585784756552,6209896
2011-07-19,113.73096466064453,115.54540462687937,113.1743875670661,115.21145837073232,17052664
2011-07-20,112.00555419921875,114.96654784592933,111.76065896615958,114.96654784592933,7408644
2011-07-21,110.49165344238281,112.40627951001112,110.09092075587671,112.38401507317138,12881024
2011-07-22,111.66047668457031,112.88494610279835,111.05937759211376,111.3154016570945,12634120
2011-07-25,112.47308349609375,112.76250082002397,110.68090146974774,111.66047563630336,13370428
2011-07-26,110.90353393554688,113.5862392070547,110.25790596113708,112.50647844608072,10581528
2011-07-27,111.77179718017578,112.1948011610733,109.53436022255919,111.17069806032441,11062712
2011-07-28,108.48799133300781,111.20408994112293,107.88689222062878,111.20408994112293,21417956
2011-07-29,108.37667846679688,109.06683535494517,107.10768689260807,109.06683535494517,11990668
2011-08-01,108.64382934570312,110.41374690618869,107.86462155326468,109.8571699115898,8809416
2011-08-02,107.49728393554688,108.62156676621836,106.86278479201371,108.62156676621836,7929976
2011-08-03,107.31917572021484,108.95551347883463,105.97226208158692,106.5733679665176,8330268
2011-08-04,106.07245635986328,108.844205978083,105.74963895486601,107.77558076525308,7318424
2011-08-05,105.31551361083984,105.92774840611176,101.76455587475508,103.52333810961453,12624376
2011-08-08,102.877685546875,106.86277517909842,101.97602680480999,103.07805189150535,17233492
2011-08-09,103.40087890625,105.4268137730402,100.1504678319422,100.18386109347611,17963696
2011-08-10,106.84053039550781,110.1577282930631,105.39343004876224,110.1577282930631,13068904
2011-08-11,106.85165405273438,107.90915034160113,105.7496288866753,106.57336555566418,8409216
2011-08-12,104.20234680175781,108.19857251669193,103.32295918804198,107.99820614863978,11413552
2011-08-16,101.61982727050781,106.5065690565094,101.21908777021274,106.5065690565094,12222592
2011-08-17,104.07988739013672,105.18191244486958,101.49736903937992,101.53076229682442,12536804
2011-08-18,102.9444808959961,105.71623708267235,102.08735095437771,104.25800126143774,22888452
2011-08-19,102.59941864013672,103.1893889766417,100.18387279285601,101.29702693499885,17921036
2011-08-22,100.86286926269531,103.28955013027802,100.3396923800524,102.42128467790886,11908996
2011-08-23,102.276611328125,102.96676832328492,99.13751497824911,101.83134962726756,16145092
2011-08-24,101.51966094970703,102.9444969375388,100.74045302575094,101.96492262053907,12742456
2011-08-25,98.77015686035156,102.27659209522616,98.11340005158118,102.27659209522616,23200840
2011-08-26,97.72379302978516,100.30630489169633,97.10042270913362,98.8480758596265,8523824
2011-08-29,101.61982727050781,101.95377345701075,98.65883367369014,98.9593866003733,11600396
2011-08-30,105.07061004638672,105.74963127692475,102.14300955571373,102.84430201950408,15589296
2011-09-02,105.25984191894531,107.7533096533789,104.19121677227547,107.7533096533789,15190948
2011-09-05,104.692138671875,105.52700421152312,103.00014315269084,104.59195208945596,11800716
2011-09-06,105.25984191894531,106.06131417602418,102.41017033172375,104.32479661414744,17860792
2011-09-07,108.66609191894531,109.07796024670887,105.27097231017302,105.97225795249874,14746572
2011-09-08,107.68651580810547,109.02230054770165,106.6735416374202,109.02230054770165,8164048
2011-09-09,105.36002349853516,108.13177960775832,104.79231769021362,107.73104010116135,10331416
2011-09-12,104.49176788330078,104.90363622427745,102.96674553652385,103.96858414174409,6985520
2011-09-13,104.12443542480469,105.92773960018945,103.3006986874375,104.85911440039453,7175952
2011-09-14,106.61787414550781,107.55292609498778,102.64391355144579,104.05762029647902,7749008
2011-09-15,107.89801025390625,108.65495357573872,104.99268118255205,108.1762987394441,8736760
2011-09-16,107.68651580810547,109.08908706702044,106.03904252728151,108.25422160477284,10947008
2011-09-19,107.9202880859375,108.42120742207645,106.21716370189571,107.28578890133082,8389220
2011-09-20,109.3896484375,109.8126456121984,107.53067983921302,107.97594145345407,11835268
2011-09-21,110.0909194946289,110.79220508505648,108.73287039279093,109.70131563393002,12891396
2011-09-22,105.14852905273438,108.8664663047289,103.63464225940963,108.62157105441524,10191088
2011-09-23,101.60871124267578,104.63649194283101,100.74045234921498,104.31367451598415,32911224
2011-09-26,100.20611572265625,101.88697539878982,97.83509926772366,101.51963596957246,27785068
2011-09-27,101.84244537353516,102.83314819357629,101.09663095776486,101.96488957567058,16022836
2011-09-28,101.96491241455078,103.60125024990315,100.57346983247449,102.94448663350185,15223752
2011-09-29,104.77007293701172,105.7051183731168,100.77384670717771,101.86473644637728,32532984
2011-09-30,104.11329650878906,105.7051054349012,103.38974637926962,103.71256377010107,19028800
2011-10-03,101.53076171875,103.50104542658212,100.35082133474876,102.44354925056426,18136236
2011-10-04,99.93895721435547,101.5196371338222,98.068859994405,100.74042939266349,14963192
2011-10-05,97.66812133789062,101.57528862657824,97.18945974794522,99.95008672621375,16534992
2011-10-07,100.1838607788086,102.41016879611544,99.33786644989314,100.78496666114259,18887004
2011-10-10,101.23023986816406,101.96491888042706,100.19500108612937,100.62913391692803,24125984
2011-10-11,101.85358428955078,103.5010507421797,101.33040058518927,102.56600552027525,9987516
2011-10-12,104.0019760131836,104.6142107081917,100.95193815454394,102.84429993911446,17935560
2011-10-13,104.78117370605469,106.01677859336104,104.10215255470906,105.74961894363206,11733404
2011-10-14,105.5047378540039,106.06131487031978,103.60124717586488,104.41384826085543,6670040
2011-10-17,106.42863464355469,106.97408273624934,105.15964335772188,106.1058241103318,7087264
2011-10-18,106.450927734375,107.17447791643694,105.08174951791928,105.50474672706322,8109020
2011-10-19,109.50096893310547,110.11320368115722,106.70694809732271,107.51955601642318,17378084
2011-10-20,108.98890686035156,109.62340600755378,106.99636525055344,108.64383183345974,11353704
2011-10-21,108.42121887207031,109.4898441843593,107.59748204798845,109.10024021510647,9161464
2011-10-24,107.83123779296875,110.64751627493884,107.51955600736298,109.70133530075677,9743092
2011-10-25,104.19121551513672,109.25606626934476,99.86104369113067,108.6104383012653,82630020
2011-10-28,107.4527587890625,110.09093523906175,106.8071308006873,108.19857335932055,18038448
2011-10-31,109.089111328125,109.47871529715401,106.22830368242397,107.53069545200893,12851416
2011-11-01,107.37483215332031,109.75698443166878,106.86278403083371,107.99820246999188,13299516
2011-11-02,107.55296325683594,108.64385304538705,106.30622915814,106.57338889148707,10111820
2011-11-03,107.27465057373047,107.94254296274096,105.10400030944642,107.08541303801363,10505636
2011-11-04,107.53067779541016,108.6215673707359,106.92957190994855,108.35441448376079,6803220
2011-11-08,107.80899047851562,108.49914748109127,106.52886307479551,107.53070191248952,8392808
2011-11-09,106.25055694580078,108.13179005883563,105.8164241368994,107.97594576995994,8604988
2011-11-11,103.31182098388672,106.50657435245162,102.98901039737393,105.8943396467534,9210036
2011-11-14,104.94815063476562,106.82938348468345,104.402709288295,104.61420445744193,12228564
2011-11-15,105.13739776611328,106.37299601743447,104.61421401501087,104.7923227356803,11644292
2011-11-16,103.67915344238281,105.08172459108609,102.47694183589202,104.6364630462086,7117600
2011-11-17,102.26545715332031,104.63647376381886,101.65322246640434,103.11145145757946,10777368
2011-11-18,102.03169250488281,102.76637821836859,100.2061240288437,101.34154246302877,11720744
2011-11-21,98.99278259277344,101.5196434992273,97.95755074486844,101.5196434992273,10194036
2011-11-22,98.85921478271484,100.0725554924426,97.95756266223525,99.51597843186171,15218304
2011-11-23,94.86298370361328,98.34715430839655,92.21367858531893,98.34715430839655,25565636
2011-11-24,95.65332794189453,96.84440415644235,91.56805114336107,95.46409039103405,28885188
2011-11-25,95.93159484863281,96.82211790463154,93.29341893640623,95.23030930086416,18906468
2011-11-28,98.14680480957031,99.05959259042226,96.64404667575496,97.06704390273887,10891716
2011-11-29,96.88893127441406,99.19315472365587,96.22103884410556,98.84807968565774,14831024
2011-11-30,98.51412200927734,100.10593075748945,95.55313529705492,95.55313529705492,28214548
2011-12-01,100.96306610107422,103.9685818504998,100.06141409390763,102.17640665831823,13929784
2011-12-02,103.7459716796875,104.16896891783395,100.88516402024727,101.33042570127598,11237028
2011-12-05,102.93335723876953,104.06877573826783,101.96491184819295,103.23391019365926,8753228
2011-12-07,103.9908447265625,104.83683902195514,102.87769076201816,104.63647266716768,11172944
2011-12-08,101.01872253417969,104.12442482066015,100.42875229033126,103.96858054757446,12557000
2011-12-09,98.79241180419922,100.45101388623492,98.06886174591494,99.5159618624835,13606912
2011-12-12,96.18763732910156,100.39536501158015,94.90751019041649,99.7608658535752,12071156
2011-12-13,97.6013412475586,99.15975684574455,94.8407206896026,95.2859822890843,14925880
2011-12-14,96.6996841430664,98.79241219179161,95.78689655328077,97.73491594861187,24306724
2011-12-15,96.03179168701172,97.06702349156605,95.06334640114382,95.5086079767932,26960140
2011-12-16,92.45858001708984,98.06887959224164,91.27863934805693,96.64404365393199,29424820
2011-12-19,90.38811492919922,91.94653070384058,89.10798768574381,91.73502870247782,32341524
2011-12-20,92.21368408203125,93.86115071474177,89.94284710575926,90.3881087250947,19983568
2011-12-21,96.94459533691406,97.8239830180199,93.01515584548875,94.84073132575868,14986880
2011-12-22,98.59205627441406,99.02618228053565,95.46408929498901,96.06519520396128,13576068
2011-12-23,97.4120864868164,99.40463450988231,97.06701152588731,98.89258647866787,6855300
2011-12-26,98.78128814697266,99.1597564284477,97.30078789960416,97.73492067493298,4564760
2011-12-27,97.8907699584961,98.75902875940905,97.00024671773345,98.02434300928797,6294236
2011-12-28,97.91302490234375,98.62544619295632,96.41026697502444,98.51413079093267,7668340
2011-12-29,95.64219665527344,98.40281732082804,94.84072438613744,96.98911032854208,10930628
2011-12-30,95.02995300292969,96.62176177471957,93.97245676230776,96.57723289955872,7676416
2012-01-02,95.02995300292969,95.6867097495613,93.39361535597894,95.48634339964238,7029996
2012-01-03,97.76830291748047,98.1579067714792,95.73123269683178,96.04291442120035,6878476
2012-01-04,98.69223022460938,99.05957647733459,95.92048086069664,98.38054846564344,9742956
2012-01-05,98.77015686035156,99.44918490296199,98.02434229283332,98.84807900217939,6761212
2012-01-06,100.91854095458984,101.77567091068089,97.72379434557777,98.18018477710721,7954444
2012-01-09,101.4528579711914,101.76453973141932,99.29333650005378,100.60685685725532,8463936
2012-01-10,102.3433837890625,102.92221844681308,101.51964709279747,102.41017031290973,8982772
2012-01-11,103.00013732910156,103.30069026521237,101.29701308334401,102.52148247226356,7719112
2012-01-12,103.89066314697266,104.43611133348462,102.67732934377594,102.78864474558223,7975444
2012-01-13,104.54742431640625,105.31549649460716,102.64392691306774,104.63647527696034,7381684
2012-01-16,102.521484375,104.15782212939247,102.02056507023616,103.9240557106776,6383420
2012-01-17,104.28026580810547,104.41384564750855,103.0780608417835,103.27842720381167,7322016
2012-01-18,107.28575897216797,108.06496661101107,104.54740341617989,105.2820821865714,20137244
2012-01-19,108.37667846679688,109.14475749934395,106.92957816338895,108.19857653173108,16842176
2012-01-20,109.2115249633789,109.85715965214065,106.96295955051285,109.0890807536632,14390260
2012-01-23,107.75330352783203,108.58816899938031,107.06314671252159,108.19856511265777,7533728
2012-01-24,108.82194519042969,109.77926182012317,106.98524087324117,108.03160847463427,15063952
2012-01-25,109.13361358642578,109.75697706711762,108.14290387495413,109.14474240802113,14819100
2012-01-27,107.79782104492188,112.20590755253946,106.78484696969254,112.18364311681373,14877636
2012-01-30,106.65127563476562,107.53066995975796,105.3043620930963,107.51954113808561,9975016
2012-01-31,109.55663299560547,110.20226104491665,106.82940532328178,107.64200649538829,10653848
2012-02-01,110.68089294433594,111.24860552022004,107.16332927360297,110.09092272536617,12020596
2012-02-02,110.84786987304688,111.31539589463486,109.37850528840718,111.09276510284559,22841708
2012-02-03,112.70684051513672,113.09644440827546,110.25790175826461,110.758821049443,14915004
2012-02-06,113.02964782714844,114.87748055248296,111.31538813225093,113.54169589489595,17438624
2012-02-07,113.3858642578125,114.74392029720943,113.09644693410684,114.43223174041519,12075708
2012-02-08,113.1966323852539,115.27822491903775,111.927634114234,113.69755168263238,13861148
2012-02-09,116.3357162475586,117.09266636660799,112.57325726668532,112.5843928826434,17361024
2012-02-10,115.21144104003906,117.02588752748957,114.43223322624169,116.39138158327103,11515172
2012-02-13,116.20217895507812,116.88120035375715,114.85526498294904,115.46749984194491,14614324
2012-02-14,115.30049896240234,116.6140125545622,114.66599301727324,116.3245952266833,13114828
2012-02-15,118.67334747314453,119.08522261393972,115.15578348409015,115.87933359781329,19379584
2012-02-16,117.20398712158203,119.74197008305339,116.49156584547747,118.21695454170766,8124264
2012-02-17,117.61583709716797,118.66220446962666,115.79026200305131,118.27260060879767,14219648
2012-02-21,118.45072174072266,118.7735391383288,115.87933855951292,117.1038080351658,14831136
2012-02-22,118.317138671875,119.97574081160569,117.24851357397445,117.99432130159636,13923108
2012-02-23,118.69562530517578,119.31898887399215,117.37096922874932,117.37096922874932,17095748
2012-02-24,116.80325317382812,119.19653424347253,114.73277588944484,117.3709589889664,16380168
2012-02-27,114.78843688964844,118.317143279348,114.02037148794803,117.30417584072792,15321292
2012-02-28,118.10564422607422,118.75127900777863,114.25413394635359,115.60104762373052,14801148
2012-02-29,115.12237548828125,120.19836834511389,114.28751003002654,118.86258361190636,19988636
2012-03-01,114.43224334716797,116.28007646565732,112.49535246390273,115.10013581806584,12198492
2012-03-02,115.48971557617188,116.88115793251129,113.04077702901449,114.43221938535392,8116696
2012-03-05,113.75321197509766,115.97952001419026,112.55100019866529,115.76801803281528,10051372
2012-03-06,112.96286010742188,115.99064017327056,112.03894369903726,113.4971726380652,11597188
2012-03-07,114.79957580566406,115.32275274282381,110.76995023058598,112.84042071732523,7577636
2012-03-09,116.48045349121094,117.32644793130838,115.69011675886078,116.21329377636239,9315044
2012-03-12,115.53425598144531,118.99616219191184,115.100123205273,118.88484679229359,11217384
2012-03-13,116.74759674072266,117.43774678413179,115.84593113173553,116.43590818597332,11079428
2012-03-14,117.59359741210938,117.99433015535307,116.09083943371573,117.57132617796415,11721124
2012-03-15,113.71981048583984,117.99432458468192,113.33020658390929,117.54906298247558,14939196
2012-03-16,113.06306457519531,116.85892417563942,112.42856537218495,113.54171948478084,12810608
2012-03-19,111.05937957763672,113.55284054284205,110.22451405028275,113.55284054284205,15299768
2012-03-20,112.51760864257812,113.73094925993796,109.7569879910853,110.42488041293774,6324272
2012-03-21,114.79957580566406,115.28935268798149,111.98329079081154,111.98329079081154,12021572
2012-03-22,112.26158142089844,116.30233589496997,111.337664955442,114.40997408618934,11280064
2012-03-23,114.42109680175781,115.48972187202106,111.52689654279632,113.43038707237538,8047164
2012-03-26,113.90904235839844,114.98880304885908,112.57325761823745,114.32091067877859,9832916
2012-03-27,115.5119857788086,116.1687493600752,113.98697022575892,114.65486262942548,11857352
2012-03-28,114.30980682373047,115.43408984126343,113.55285653698914,115.43408984126343,8699492
2012-03-29,113.56398010253906,114.45449656848152,112.42856158708635,113.09645403215815,16225116
2012-03-30,115.734619140625,116.6251423652163,113.48605343385437,113.98697274768698,11184976
2012-04-02,117.6269760131836,117.9831934409234,114.89974875332896,115.32275270242452,5530932
2012-04-03,118.03886413574219,119.41917794505221,117.54907361136677,118.66222771753502,12920812
2012-04-04,117.22624206542969,117.77169022933246,116.74759401048648,116.93682475039107,4175076
2012-04-09,116.15763854980469,117.17060613478156,115.76803458725144,116.6029002212941,5036740
2012-04-10,116.84776306152344,117.1037939017637,114.8440859795541,116.52495929118338,5834072
2012-04-11,117.20398712158203,118.20582571939312,115.12238099314673,116.17987729083622,7463248
2012-04-12,118.0833969116211,118.99617787345655,116.72534070432779,116.88118500199194,12103288
2012-04-13,117.84960174560547,119.71970579303621,116.63627482625022,119.41915966569782,9833428
2012-04-16,117.93867492675781,118.21696344711354,116.68080537942726,117.74944416823858,17396084
2012-04-17,118.04998779296875,119.30785731321401,116.01291043250586,118.43959171307756,15665808
2012-04-18,119.69745635986328,120.19837566532263,118.66221769325831,118.66221769325831,12000284
2012-04-19,123.34859466552734,123.6936696952607,119.59727104046398,120.22063457616065,16366676
2012-04-20,122.69182586669922,124.227983789744,121.65660082143458,122.94785671664181,15725100
2012-04-23,121.41167449951172,123.78269743058041,120.95528417808468,122.88104560760452,8437648
2012-04-24,120.63250732421875,121.66774609779367,120.08707267255969,121.57868833229857,8760780
2012-04-25,121.70113372802734,122.33562608038307,119.77537184940144,121.11115666556577,10778388
2012-04-26,120.33195495605469,122.43581886582463,119.99800873508507,121.33379361896355,9338952
2012-04-27,120.47665405273438,121.55640791852024,118.92936738812524,120.66588478358602,4549020
2012-04-30,120.7771987915039,122.22429886919014,120.29853717663974,121.06661608938025,6039020
2012-05-02,122.42469787597656,122.66958635170056,120.37649153864966,120.37649153864966,8978348
2012-05-03,123.34859466552734,124.22798906203268,121.43397517982199,121.44510400239933,13714548
2012-05-04,119.66407012939453,123.27069226304893,119.02957770449652,122.71411519267964,12351888
2012-05-07,118.4952392578125,119.00728736268404,114.96654663350785,118.41732391579266,16712688
2012-05-08,114.73277282714844,119.4191618532694,114.26525360087896,118.63995408395022,11283080
2012-05-09,114.1316909790039,116.34685668333125,112.51761080107681,114.3654506134754,15023992
2012-05-10,115.21144104003906,116.41365281664879,113.54171001047328,113.7754696369513,12084380
2012-05-11,113.66414642333984,115.76801009366456,113.14096950535394,114.26525227033333,8050084
2012-05-14,111.43785095214844,113.94244760340278,109.99075066475704,113.708687966947,11034848
2012-05-15,111.11505126953125,112.3061275973507,110.42489432119301,110.42489432119301,8019464
2012-05-16,110.24677276611328,111.02598055118918,108.19856672768128,109.97961309356904,16960872
2012-05-17,110.82561492919922,112.76250570135564,110.20225137644826,110.64751299817128,11618520
2012-05-18,111.43785095214844,112.18366553601926,108.86646777452195,109.04456970761652,9614416
2012-05-21,110.74768829345703,113.0630471316077,109.9684805348576,111.3710517826756,8542340
2012-05-22,108.922119140625,112.42855424837123,108.41007101715493,112.1613945701199,11096812
2012-05-23,108.46573638916016,109.7347279652288,107.35258230796661,109.0890999569672,12695888
2012-05-24,111.24860382080078,111.91649616282484,107.97592862722202,109.7569748726195,11539244
2012-05-25,111.31539916992188,112.01668482586183,110.33582501605711,111.27087029259279,11194572
2012-05-28,113.26342010498047,113.67528844601097,111.3154005945754,111.58256027366353,12206852
2012-05-29,112.41742706298828,113.97584268912412,111.78292791351667,113.57510316591171,10573024
2012-05-30,111.46009826660156,112.51759446798137,110.54731071289592,111.32651844022841,10167280
2012-05-31,112.69571685791016,113.29681595838134,110.28017125091341,110.42487991616649,19039120
2012-06-01,109.17813873291016,112.9072044884906,109.08908777518948,112.20591885448061,11708748
2012-06-04,110.34695434570312,110.98145348271974,107.98706651361914,108.64383008940268,11360968
2012-06-05,111.64934539794922,112.40628875368104,110.9703241804882,111.31539920034818,10710712
2012-06-06,115.74577331542969,116.43592344930913,112.09462228819721,112.39517526587417,25091692
2012-06-07,119.73082733154297,120.1093023643463,116.43589459972773,116.70305424572445,19800492
2012-06-08,120.020263671875,120.83287155988023,118.20583073188217,120.42100999863749,19322744
2012-06-11,120.65475463867188,122.20204128630976,119.86441808274742,120.46551032159125,13071884
2012-06-12,122.35787200927734,122.63616048599815,119.76423155922225,119.95346228807058,11253840
2012-06-13,120.6102294921875,122.98125282154142,120.1760967375911,122.66956428277862,8064732
2012-06-14,118.97393798828125,121.86813919185245,118.58433398010821,120.22066537911122,8642552
2012-06-15,121.90150451660156,122.38016622176946,119.09636157980913,119.1074904033069,9932224
2012-06-18,119.09636688232422,122.89221986894813,117.89415494828317,122.89221986894813,11237464
2012-06-19,119.43029022216797,119.99799602000047,117.17058226439138,119.06294398270309,11860736
2012-06-20,118.92937469482422,120.33194600085486,117.67150525412767,119.55273820991499,9534472
2012-06-21,120.86627197265625,121.26700471229321,118.28374642819512,118.66222152219358,10652656
2012-06-22,121.18907928466797,121.35605239670984,119.12974423615155,119.12974423615155,6168816
2012-06-25,119.48595428466797,122.11299503354432,119.10747920318362,121.42284498189493,6374848
2012-06-26,120.98872375488281,122.00169128419785,119.39690793145411,119.77538304908475,5853128
2012-06-27,122.22431945800781,123.49331784217308,121.55642700195312,121.55642700195312,11937288
2012-06-28,123.07699584960938,124.00821287346598,121.89895714731138,122.71798000904437,12142440
2012-06-29,126.45403289794922,126.75696534226672,123.87356726078083,123.88478393747941,12659172
2012-07-02,128.78768920898438,129.02329422453982,125.6574691578127,126.55502250893993,8201524
2012-07-03,129.2139892578125,130.14520612469298,128.28278608650615,129.2252196285929,8466800
2012-07-04,129.6964569091797,130.33595818214468,129.16914980309116,129.40475481441632,12810284
2012-07-05,131.06521606445312,131.26717103658618,129.12426525707005,129.67401939625313,8381528
2012-07-06,130.48179626464844,132.16470851225782,129.80863136560467,130.6164237662272,15741520
2012-07-09,129.7301025390625,130.5378949496485,127.69937744543985,130.1339987443555,7661160
2012-07-10,132.086181640625,132.9051907391598,129.58424655361088,130.14521731791223,13543016
2012-07-11,131.71592712402344,133.2417647672652,131.2895838918999,131.6934937731009,12299444
2012-07-12,130.16766357421875,132.5910684727012,129.15791609837663,131.02035017694678,7583748
2012-07-13,131.72714233398438,132.7032396085949,130.69496168269146,131.26714908059458,9508572
2012-07-16,130.73985290527344,132.9949526576057,130.38082339575746,131.94032487273913,12850160
2012-07-17,130.8744659423828,132.10860149777605,129.83105494913897,131.7159220028782,8539356
2012-07-18,131.71592712402344,132.0973899587275,130.1676424342847,131.19983679263532,7117996
2012-07-19,132.25445556640625,132.56859093596992,131.39055248506574,132.07493398885728,4800448
2012-07-20,130.72860717773438,132.16469765596074,130.36959140596468,132.16469765596074,4168944
2012-07-23,128.57447814941406,130.1451960325657,128.1369182857072,129.5617920113386,6094528
2012-07-24,128.8101043701172,129.57303008904304,127.94621486991242,128.4735219109867,5305588
2012-07-25,129.2588653564453,130.32470968151068,128.7315583791161,128.89984958833696,8815704
2012-07-26,126.95892333984375,129.8647551576488,126.330638710594,129.69646389826525,17705416
2012-07-27,131.1773681640625,132.09736822528777,126.70083344114339,128.3500816342639,13430872
2012-07-30,131.7720184326172,132.8154294207857,131.04275651706843,131.73835471213155,8466284
2012-07-31,131.88424682617188,132.38912059113807,130.11157346205957,132.38912059113807,8391408
2012-08-01,131.60374450683594,132.01885740428796,129.60668305910724,131.3905728721002,7870988
2012-08-02,130.70616149902344,132.20956558070182,129.5393398074713,131.60371453936008,6885460
2012-08-03,131.9852294921875,132.16473743209684,130.0891452058712,130.36963064184764,9951500
2012-08-06,134.68905639648438,135.08173586119716,133.0622414712457,133.09590518930736,12329176
2012-08-07,134.6553955078125,135.14905244151018,133.95979734822018,135.0817386995453,11228764
2012-08-08,134.38616943359375,135.0817677427429,133.44373575673848,134.63299110572382,8053116
2012-08-09,135.67637634277344,136.20368331229346,134.29638296937006,134.85735365846517,9873120
2012-08-10,135.1154327392578,136.1812772622004,134.55446193770908,134.63299237169542,15127420
2012-08-13,136.30467224121094,136.76466550584826,134.63297670797203,134.63297670797203,8421704
2012-08-14,136.46173095703125,136.6524555070138,135.36222296322836,136.21489564435456,11225568
2012-08-16,134.6442108154297,136.46176445364347,134.15055376447373,136.4281007268783,8143296
2012-08-17,133.53343200683594,135.13781335133586,132.7929535769017,134.31879082249336,7686156
2012-08-21,133.82521057128906,134.29642060394917,131.9852234563133,133.51106141913075,8340840
2012-08-22,133.93739318847656,134.733968982401,132.6920270606438,133.37642239056132,9580860
2012-08-23,134.11688232421875,135.65393661704138,133.567128280129,134.49834515249987,9425048
2012-08-24,133.802734375,134.72273457988084,133.11835283070374,133.1744499031145,6708376
2012-08-27,133.36517333984375,134.38615100551863,132.84908301715734,133.51103120510422,4046724
2012-08-28,132.24325561523438,133.41007765983204,131.6037543587295,133.03984513601537,8895964
2012-08-29,132.063720703125,133.69053574850133,131.54763039336177,132.2207952397244,6729628
2012-08-30,133.71298217773438,135.08174521413312,131.4915327167475,131.4915327167475,22716404
2012-08-31,133.5895538330078,134.63296478834684,132.22079083588898,132.46761245977157,12506740
2012-09-03,132.49008178710938,134.13933040491222,131.94032768264987,134.08323332681584,7437816
2012-09-04,132.4115447998047,132.91641852989378,131.7608268761468,132.5125222849378,5772588
2012-09-05,132.86029052734375,133.73541026738985,131.79444623410532,131.9403040893041,12158472
2012-09-06,131.97396850585938,133.17444029056946,131.51396158883514,132.41151468262163,5097452
2012-09-07,132.4788818359375,133.51106272499217,131.42425389546494,133.34277146945647,11205148
2012-09-10,132.64712524414062,133.9597910855946,132.24321542008786,132.72565565683283,6034892
2012-09-11,133.37640380859375,133.95980787891546,130.89690227079097,132.10860450370433,6311544
2012-09-12,134.45346069335938,134.63296857901662,133.26420554335948,133.56712424443276,6391016
2012-09-13,134.45346069335938,134.96955100046418,133.18566142767745,134.85735685998165,3399760
2012-09-14,137.49392700195312,137.9427035894748,134.84614787469016,136.11393351709415,25771220
2012-09-17,136.49542236328125,139.10955196191804,135.86713776015318,138.89638030311284,21086848
2012-09-18,135.8558807373047,137.32562116589696,135.49685128815455,136.49538182823034,10039176
2012-09-20,136.18125915527344,136.87685737847528,134.8573627614158,135.0817510522002,10491328
2012-09-21,140.2763671875,141.14025676258572,135.77737030402793,136.58517649330597,23602848
2012-09-24,142.486572265625,142.912915519138,139.74903223258772,140.35488338921013,17574880
2012-09-25,142.9129180908203,143.36169470445697,140.50074379252334,142.03779821599872,11686144
2012-09-26,141.53292846679688,142.84559462000655,140.0519710787872,142.4529150721399,10730508
2012-09-27,141.5441131591797,142.93532312494202,140.2875443681785,142.03777007549184,15861744
2012-09-28,141.17388916015625,142.32948056287404,140.48949396268995,141.7909569184417,11007688
2012-10-01,139.76025390625,141.81341242833992,139.12075269868788,141.1402474959269,8054784
2012-10-03,138.997314453125,140.64656273403375,138.66073205330093,140.01827832681008,11032228
2012-10-04,141.65634155273438,142.23975939333167,139.4461221121073,139.45733878882388,12652064
2012-10-05,139.65928649902344,143.30559645498084,113.32731069204124,143.15973857851245,14947024
2012-10-08,139.27781677246094,139.99586205210542,138.34659987448183,139.99586205210542,9290672
2012-10-09,140.41098022460938,141.47682466099275,139.5695240906225,140.2314723218072,4310768
2012-10-10,138.6607666015625,140.0183132133135,138.26808703726235,140.0183132133135,4295016
2012-10-11,140.2090301513672,140.87097840557763,138.77295318342098,139.37880436008098,9812932
2012-10-12,141.62266540527344,142.4865547867749,140.46706030948204,141.36461341050108,15506408
2012-10-15,142.2958526611328,142.46414389410162,139.70415671695253,141.9031731175389,7572068
2012-10-16,141.45437622070312,142.5987509626301,140.9382722237815,142.54265389301457,7273836
2012-10-17,140.9382781982422,141.9255921435575,140.5792624157135,141.8133979995705,6433772
2012-10-18,142.755859375,143.13732227802768,140.11929647737088,141.3646489792633,5618460
2012-10-19,141.0280303955078,142.4865541784367,140.6914479840627,141.81338935554643,9055400
2012-10-22,143.3841552734375,143.6085436228482,140.28759879068542,140.28759879068542,8241404
2012-10-23,142.28460693359375,143.49630915843093,141.92559115356931,143.39533169043216,8332960
2012-10-25,143.01388549804688,143.83290831692736,141.1402485668445,141.95927138572497,17011340
2012-10-29,143.74313354492188,144.16947677548382,142.609975415996,143.12606574549375,5512328
2012-10-30,142.1836700439453,144.68559169309927,141.49927468454,142.94658214463516,8834904
2012-10-31,142.3070526123047,142.68851543464942,141.37583575442554,142.284605566535,7492968
2012-11-01,141.05050659179688,142.64367204060568,140.80368489332247,141.98172369123472,7058460
2012-11-02,141.4319610595703,143.15975393235198,140.91587064187624,143.15975393235198,5432772
2012-11-05,142.486572265625,142.7109605684055,141.53292197880782,141.81340735728347,4022128
2012-11-06,143.50750732421875,143.87775342726906,142.25093856062975,142.25093856062975,7278084
2012-11-07,143.6197052001953,144.73042984275423,142.91289038807432,143.55239146031323,8200660
2012-11-08,143.3841552734375,143.8329319722589,142.59879605050006,142.82318439991076,3867800
2012-11-09,143.46267700195312,144.28169990577663,142.48659321954614,143.21585531082727,4420776
2012-11-12,146.14413452148438,146.70510541531442,142.99148083727528,142.99148083727528,9657456
2012-11-15,145.01092529296875,145.26897729202904,143.3841102703397,145.17921650220623,9442340
2012-11-16,144.1134033203125,145.5382637215431,143.6421933108473,144.28169456591814,12102824
2012-11-19,145.12315368652344,145.3812057464929,143.48512160242797,143.5524353628966,5787948
2012-11-20,146.71629333496094,147.17630033419442,145.4597242573239,145.65044884560916,9353388
2012-11-21,148.92654418945312,149.3304404628593,145.78510742539598,147.00802661909086,12929784
2012-11-22,150.13819885253906,150.59820580194136,148.99382405564262,149.62210852640095,8440964
2012-11-23,150.28407287597656,150.9235740908355,147.88311518385962,150.2279757976354,5249712
2012-11-26,148.52261352539062,151.17039258859714,148.11870364993305,151.01331804764965,5481536
2012-11-27,152.69625854492188,153.43673729470916,149.19580607561286,149.19580607561286,16502672
2012-11-29,157.03814697265625,157.91326682476418,151.55186396980474,152.02307392366285,25199452
2012-11-30,157.95814514160156,158.30594426444247,154.73816484743915,157.2961969232802,15639292
2012-12-03,154.1435546875,157.32987147809934,153.48160642360466,157.0718194393615,11636340
2012-12-04,153.73965454101562,154.8279323554287,152.81965426184826,153.50403586140573,8679488
2012-12-05,155.41134643554688,155.94988388691206,154.15477730979654,154.6035539540754,9219860
2012-12-06,155.89378356933594,156.7352397598865,152.7635638013726,156.12938856357488,10904552
2012-12-07,155.5235137939453,156.62302186117165,154.37913902648438,156.00595408163267,7936632
2012-12-10,155.50108337402344,156.28644238096297,154.74938808846815,154.82791851093245,8324104
2012-12-11,155.01866149902344,156.8474317393072,153.99769740778976,156.00597556044826,13500552
2012-12-12,155.69183349609375,156.1742738720613,154.4913614380951,155.1084293305494,7736504
2012-12-13,155.0635528564453,156.17427783012837,154.60355951861848,155.6918374419339,6283232
2012-12-14,154.54745483398438,155.81525431557165,153.78452907054805,154.8391569098008,8373892
2012-12-17,151.79869079589844,154.35672299264044,151.14795922260822,154.35672299264044,12230212
2012-12-18,151.67529296875,153.07772001799214,150.28408259678648,152.12406962450748,13375072
2012-12-19,154.379150390625,154.65963576560796,151.34990834080895,151.36112501669328,16489012
2012-12-20,153.34695434570312,154.15474666659998,152.64012579323818,153.9303583890649,10260748
2012-12-21,151.68649291992188,153.03282273873774,151.2489329896917,152.80843443560175,11086244
2012-12-24,151.7089385986328,152.61772225663398,150.74407155586593,152.5840585301983,5482252
2012-12-26,152.65135192871094,153.67231591565604,151.03575349121542,152.1576949484242,5723216
2012-12-27,152.6064910888672,153.48161101587237,151.8435790175375,153.48161101587237,9858168
2012-12-28,152.05673217773438,153.25720406664448,151.27137315250266,152.8308608318603,7024264
2012-12-31,152.2698974609375,152.5840465644473,151.23771674181984,151.91088165313357,5107288
2013-01-01,153.59378051757812,153.72840800985335,152.50550281756045,153.05524315732927,4029212
2013-01-02,154.23329162597656,154.8279260957336,153.2684246807268,154.8054927440946,9709596
2013-01-03,153.3357391357422,154.8279268071132,152.67380460802678,154.8279268071132,9142732
2013-01-04,152.43820190429688,153.70600140874555,150.96846112629203,153.70600140874555,10884508
2013-01-07,149.93624877929688,153.4142670576908,149.44259183292627,153.4142670576908,11004568
2013-01-08,150.39627075195312,151.10309943476193,149.3753066400107,149.89139703439713,9885196
2013-01-09,149.77919006347656,150.91234823795043,149.45382428976677,150.7889374122191,12871964
2013-01-10,151.6416015625,152.13525853284233,149.55479323324397,150.22795809400878,9130368
2013-01-11,150.18309020996094,151.88844954999098,149.59968609358836,151.88844954999098,10283428
2013-01-14,150.18309020996094,150.45235891581572,149.68943319848975,149.92505187584723,11389748
2013-01-15,149.9586944580078,151.56307624172834,149.21821582535782,150.51966519419338,8263376
2013-01-16,148.20849609375,150.16067735824868,147.5577644403914,149.34165445270185,9150756
2013-01-17,149.62213134765625,150.5309013185761,146.76118022347157,147.5802030823511,12844144
2013-01-18,148.73580932617188,151.23774485655517,147.04168005687941,150.34019147461717,20224692
2013-01-21,147.7709197998047,148.85921132792944,146.91824695521638,148.09628559059612,10854720
2013-01-22,146.69387817382812,148.320693648796,145.3026677181884,147.7597227953588,8486128
2013-01-23,147.3333740234375,148.76946483339336,146.82850027400292,147.4231348349011,7079740
2013-01-24,148.16355895996094,148.71331291240674,147.03040103486157,147.1089314442516,6147960
2013-01-25,149.22943115234375,149.66699106172908,147.09774237410323,148.1635867632235,5589732
2013-01-28,150.41868591308594,150.78893207274433,149.09480320895858,149.27431110326364,7368020
2013-01-29,146.4021453857422,150.5421121555572,145.85239132547738,150.50844843317532,11961748
2013-01-30,147.3445587158203,147.73723817697282,144.5060417041175,146.52553607575888,10039632
2013-01-31,144.2928924560547,147.6250669025393,143.63094423707696,147.33335115834328,13888384
2013-02-01,143.64215087890625,144.69676475004044,142.75581450809187,144.68554807609547,10484144
2013-02-04,145.1567840576172,145.74018810838197,143.608499444749,143.86655144541828,10475800
2013-02-05,144.5397186279297,145.22410015506745,142.7894790561361,142.7894790561361,7460020
2013-02-06,143.4962921142578,145.15677071468463,142.98020185593245,145.0894432802997,9873588
2013-02-07,143.9451141357422,144.28169663177275,142.38561249835183,142.77829207705415,9082836
2013-02-08,145.86361694335938,146.6153259928503,143.72071134008905,143.72071134008905,18826656
2013-02-11,147.41188049316406,148.08504532041445,145.85237923758595,145.85237923758595,15167060
2013-02-12,149.2631072998047,149.6670035207155,147.12020166767118,147.12020166767118,15832836
2013-02-13,149.03872680664062,149.7567721790231,147.98409894991414,148.8367718378037,14508832
2013-02-14,151.417236328125,152.22504250137183,148.54506855736966,148.99384519953693,17684152
2013-02-15,151.85476684570312,152.76353663074812,149.93624981159172,150.7216087830878,12488780
2013-02-18,151.68649291992188,152.78600108351822,151.2377163136499,152.13526952619384,9469164
2013-02-19,151.417236328125,152.0006541802882,150.68797428460317,151.34992257091514,2374812
2013-02-20,151.89967346191406,152.76356300145866,151.43968015260361,152.0230842967667,6861684
2013-02-21,149.4987030029297,152.0118546705742,149.00504600999642,151.4621006033434,10871872
2013-02-22,147.93917846679688,149.53234334508687,147.5464990081129,148.5899099051308,7708384
2013-02-25,147.2997283935547,149.26312636670778,146.77240757770429,148.8255663650039,7552944
2013-02-26,146.13287353515625,148.76943593675023,144.8202075198264,146.92944922375702,11742640
2013-02-27,144.22557067871094,146.7499388936242,143.81045782826595,146.36847606870026,12871336
2013-02-28,140.3212432861328,146.96314638382654,138.97491324281918,145.16803965940835,27887004
2013-03-01,139.6817169189453,141.27486837264226,138.29050671814764,140.2426876696238,17220728
2013-03-04,140.8373260498047,141.4319468446712,138.671973413898,139.19928045593105,11969800
2013-03-05,142.02659606933594,142.4192756464398,139.8275931766697,141.56660273241533,10557580
2013-03-06,141.476806640625,142.9689941397269,141.14022422990186,142.4753371982183,10933316
2013-03-07,144.0124053955078,144.27045741371091,140.72512508188936,140.99438008018427,5950984
2013-03-08,147.49041748046875,148.09626859109258,144.3714285259705,144.55093641545093,10596860
2013-03-11,147.0304412841797,148.0289720106502,145.90849972535344,147.4904345841833,8504584
2013-03-12,144.50611877441406,147.13146559685404,143.6309986017407,146.52561422312482,6895724
2013-03-13,142.4641571044922,144.93242875024566,141.85830587051007,143.8441371254537,7913372
2013-03-14,145.68409729003906,146.6377475225884,138.07732878041568,142.46413080660216,31914436
2013-03-15,143.47390747070312,145.8299849979489,142.2173245721591,144.73047667367004,15439608
2013-03-18,144.34896850585938,146.74992568663603,141.36460731281454,142.03777210954223,17561924
2013-03-19,141.7124481201172,144.46120518293975,140.0183189552072,144.28169725672794,20028460
2013-03-20,140.3548583984375,142.13874782702857,139.34511121571492,141.81338210681454,11336436
2013-03-21,136.20367431640625,141.09533566311984,135.4744124687484,139.7153560764339,14452588
2013-03-22,135.81101989746094,137.9090450446605,135.2163854184407,136.6524760306546,29525900
2013-03-25,136.74224853515625,137.6285714481978,136.32712192323334,137.10126437115463,27198976
2013-03-26,137.88661193847656,138.55977684623153,135.2051689834709,135.97931136650416,13274404
2013-03-28,140.3212432861328,141.62270661779795,136.19250603731746,138.33541195047616,19496092
2013-04-01,139.98463439941406,141.14023961375023,139.3451332275658,140.16415599449238,6708772
2013-04-02,141.3422088623047,142.32950925726237,138.64954901056808,140.24270061128175,6857420
2013-04-03,139.93978881835938,141.73489547549244,139.00857176174085,140.9158725849447,6703616
2013-04-04,138.2568817138672,139.8836971852757,137.65103045436507,138.85150259986315,8181984
2013-04-05,139.33389282226562,140.55681157869742,137.63976419794056,137.9875632619163,12959920
2013-04-08,140.11927795410156,141.12902531332557,138.615873591253,138.88514229282777,8652128
2013-04-09,139.25538635253906,140.93829875784164,138.5373546827376,140.93829875784164,14760408
2013-04-10,141.8134307861328,142.1836770251187,138.8851656901865,140.64660867978967,15144504
2013-04-11,143.44021606445312,144.05728386918875,141.79096759184407,141.92559508919297,25066068
2013-04-12,144.43878173828125,144.92120846710236,142.7334220833182,142.7334220833182,15206080
2013-04-15,143.956298828125,144.38264203993376,142.48655832779556,144.0797096434674,15923768
2013-04-16,148.8479766845703,149.40894744722502,144.13582227827078,144.2816801547911,13740312
2013-04-17,148.1186981201172,150.75526040958937,147.3782195353802,149.21820617012656,14956948
2013-04-18,151.1479949951172,151.5519050027263,146.74998858309092,146.74998858309092,9223784
2013-04-22,156.69036865234375,157.52060821538637,151.39480952390338,151.39480952390338,19860152
2013-04-23,154.60353088378906,157.07180205900195,152.3147676003859,156.80253337350024,23863560
2013-04-25,154.72695922851562,155.94987827931752,152.59527024484152,155.35524376879914,25895124
2013-04-26,154.6259765625,155.3328052063495,153.25721337080057,154.30062447446883,8568744
2013-04-29,155.98350524902344,156.36495433659954,154.0425413114441,154.4352207685381,11675432
2013-04-30,153.1001434326172,156.16304938753538,151.86600770940962,155.72548943746483,12552272
2013-05-02,155.38888549804688,155.72546792150837,153.1001222793941,153.57134588958448,12303268
2013-05-03,152.79722595214844,155.72549072596385,152.2811355663793,155.41134160649958,12286584
2013-05-06,151.57431030273438,152.42698318042207,150.32895786467688,152.35966942347392,7673460
2013-05-07,154.39035034179688,154.80547686914704,150.90111539410367,151.75378810256905,11098464
2013-05-08,156.4323272705078,156.9596343594605,154.04258611546766,154.60355693162015,8653956
2013-05-09,154.83912658691406,156.9595985270011,154.42401375595838,156.8586210640306,4523360
2013-05-10,157.82350158691406,158.17131440013208,154.52500461153667,154.53622128715588,13913256
2013-05-13,155.44497680664062,159.64104026937014,155.00741693324525,158.19373316301932,9593972
2013-05-14,154.61473083496094,155.92741039895338,153.72839445152798,154.83911909934534,6653676
2013-05-15,160.4039764404297,160.66202847277114,155.13085120424236,155.6132915445067,14173480
2013-05-16,162.1878662109375,162.45713491953248,159.5400869168337,159.7644752247336,11660616
2013-05-17,161.31275939941406,162.12055182647848,159.13619008214417,162.12055182647848,12819852
2013-05-20,160.325439453125,162.45712829120015,159.7981324293048,161.44738094684877,5841608
2013-05-21,158.822021484375,161.11078467429448,158.20495371577567,160.21323155633183,9206500
2013-05-22,157.845947265625,159.76446442941958,156.62302833108828,158.7547171120988,5412112
2013-05-23,156.75765991210938,158.5191162733337,155.79279296731588,156.84742070977268,7905248
2013-05-24,157.3747100830078,158.36202396427333,155.79277549453036,158.36202396427333,8264240
2013-05-27,160.44886779785156,160.8864277672963,156.75767714134156,156.75767714134156,8995208
2013-05-28,160.05616760253906,161.7390798099727,158.59764368942993,160.26933922126224,6707916
2013-05-29,160.65081787109375,161.2117886621126,157.93571102521693,159.32692132605888,4933492
2013-05-30,162.71517944335938,163.19760606573735,159.33812460883956,159.33812460883956,15357456
2013-05-31,157.1840057373047,161.7166521821921,156.55572123007502,160.9425098002595,12332896
2013-06-03,154.63717651367188,157.38593272811602,154.05375881407892,156.62300715771468,7890124
2013-06-04,153.2684326171875,155.68060695300517,152.80843932016995,154.22208293599914,5616324
2013-06-05,154.36793518066406,155.8152424684352,152.2474629865412,153.0328220439515,7563676
2013-06-06,153.07769775390625,154.69329621877097,152.1352641747706,153.36939979860725,7116412
2013-06-07,151.7201690673828,155.59086761343454,151.05822077981233,152.97673818960968,9556224
2013-06-10,151.76504516601562,154.15478641620066,150.67676721758187,152.81967308148643,6368012
2013-06-11,149.19577026367188,152.78598268142957,148.5899191790606,151.11428728529646,11820860
2013-06-12,148.9826202392578,151.10309249471652,147.74848454191496,148.54506029835753,9815652
2013-06-13,148.22462463378906,149.55957950586398,147.82866508139077,148.79028113721517,7149736
2013-06-14,150.47596740722656,151.2452659145645,149.1749572148004,149.78586911063044,14965212
2013-06-17,150.99632263183594,151.414916678047,148.73369690087281,150.6003631289174,13070908
2013-06-18,148.75636291503906,151.14343080421858,148.2020167316814,151.14343080421858,12446568
2013-06-19,150.50990295410156,150.82666234741453,147.71555121145323,148.45090475268043,9646956
2013-06-20,144.03875732421875,149.07309988371077,143.58623215033182,149.07309988371077,15138044
2013-06-21,143.7333221435547,145.38503642468933,142.56806418502873,144.08402642496412,17899844
2013-06-24,141.4933319091797,143.41656428813857,141.13131722065984,142.95272865285528,10768052
2013-06-25,143.4504852294922,146.2561469314714,140.82584465149063,141.6403844694986,18686432
2013-06-26,140.92764282226562,144.2763400635876,140.28279999145497,142.88481966871583,10476020
2013-06-27,146.2787628173828,147.68159362186418,140.81451580531993,143.45048047365924,27003560
2013-06-28,151.48281860351562,152.31999302918928,146.867055798702,146.9575663674136,21082680
2013-07-01,151.31312561035156,152.50100435346087,150.38545440162733,151.36969126478533,9838684
2013-07-02,148.55271911621094,151.31312581836895,148.04362822560708,151.3018154494615,9183152
2013-07-03,147.2177734375,148.1341342504683,145.6226109812519,147.97574766070213,13386260
2013-07-04,148.23593139648438,148.75633255650294,146.09774730274148,147.93046863453733,9591060
2013-07-05,151.08685302734375,152.218166041401,148.99392395133788,149.35593859184686,9543496
2013-07-08,149.43515014648438,151.01898848654255,147.6929252104255,150.23837968551902,7169296
2013-07-09,151.66384887695312,152.44445776777775,149.8311269680396,149.8311269680396,7040192
2013-07-10,149.1749267578125,152.0258437529568,148.46220786650608,151.6525049456252,7138580
2013-07-11,154.5939178466797,155.37452656047967,150.7021984553944,150.91715068237886,10599568
2013-07-12,157.4221954345703,157.86341024269834,154.2658295733128,155.4423977916634,15634852
2013-07-15,157.35433959960938,157.9426168792401,154.76362987551707,156.34746819295657,8511888
2013-07-16,153.56443786621094,154.87675825672014,151.58464000682991,153.63231388796635,11647384
2013-07-17,149.98948669433594,154.0395790463805,146.595547612189,153.36079122995113,22633988
2013-07-18,154.78623962402344,155.78180059115152,148.64321830063952,151.5733217418722,13663880
2013-07-19,153.85858154296875,156.56242261296137,152.308688120533,155.6799928712987,12458420
2013-07-22,154.32240295410156,155.44240558164074,152.9535169915417,152.9535169915417,6460432
2013-07-23,154.67311096191406,156.12119715516877,154.09614408224834,155.64605120955545,7414784
2013-07-24,149.32199096679688,152.95350257814457,147.86259457813236,152.5009774225879,14628748
2013-07-25,147.94180297851562,150.69089923173271,147.10464236409618,149.48039978441628,16267256
2013-07-26,145.73574829101562,148.48484465315522,144.35555183041987,148.42827899804928,9356492
2013-07-29,143.111083984375,145.4868411098073,142.4662411457465,145.4868411098073,14922224
2013-07-30,141.4933319091797,143.67677183987013,140.30545308688156,142.7151556503907,14691084
2013-07-31,137.963623046875,140.6900846681765,137.31878014825904,140.50907734663284,26824520
2013-08-01,143.04322814941406,144.31029327105801,138.56323112863302,138.9026250515706,23446608
2013-08-02,142.82826232910156,143.63149177505682,141.8327013924423,142.54543408686573,20015848
2013-08-05,143.15635681152344,143.77857899207694,139.1515058328752,142.89614928475697,13598372
2013-08-06,137.7147216796875,142.8508710798074,137.22825161986586,142.77168470261395,19645180
2013-08-07,136.02906799316406,139.00441268088318,135.75755013090782,138.00886559923978,22756456
2013-08-08,138.13331604003906,139.71715422559234,135.75755876170916,136.66260915345387,20461448
2013-08-12,136.25534057617188,138.20119341352756,135.45211110761133,138.03149646341026,15700868
2013-08-13,140.3959503173828,141.36887678401777,135.33898647861085,136.62867231509446,14702392
2013-08-14,140.58827209472656,141.10868716382618,137.71474789565085,140.73534832033718,14303708
2013-08-16,133.01976013183594,140.73530764769748,132.34097247437117,138.92520722779142,28059568
2013-08-19,132.29576110839844,133.17817706997806,129.03757374724722,132.81616238983895,20018440
2013-08-20,132.3070526123047,133.47231050218244,128.17776024774793,130.0896819401811,25726984
2013-08-21,134.25289916992188,140.13572637484592,133.4949250348148,137.11512639169112,28908596
2013-08-22,133.20082092285156,136.5947605736293,128.9697067295535,133.26869695387197,30250692
2013-08-23,137.46585083007812,137.8278793049316,133.11029543274884,133.94746988150308,20698444
2013-08-26,138.31431579589844,140.91633552993372,136.33451817217593,138.55188874875068,14607608
2013-08-27,127.136962890625,135.75756259117526,125.67756633077518,135.1466507975203,54708372
2013-08-28,127.14824676513672,129.42218270272724,119.46663018713284,125.73410578280797,37067552
2013-08-29,129.43353271484375,131.79797992353562,128.5171718396021,128.5171718396021,40771004
2013-08-30,134.39999389648438,135.75756959240846,129.11676733716945,129.19595372877538,36616916
2013-09-02,133.38180541992188,136.74179957444963,131.79796718762424,135.30503755914043,19515716
2013-09-03,127.28402709960938,135.05615595398052,126.03958275823736,135.05615595398052,18140008
2013-09-04,127.62342071533203,130.5195793229141,126.51474222702505,128.3927191031153,20941800
2013-09-05,137.9070587158203,140.93898316809847,132.13736224780814,132.13736224780814,33246248
2013-09-06,139.4230194091797,140.28281454276973,132.75958295640345,138.24645110585854,18997216
2013-09-10,144.35552978515625,145.0343175427667,139.9207886260902,140.40724489972766,20298836
2013-09-11,146.448486328125,147.07070855663383,141.53858452662394,143.2242438713065,12690392
2013-09-12,143.439208984375,146.16567114071668,142.00243287835286,145.37375186983044,17676536
2013-09-13,142.3644256591797,143.563614634876,140.5090696426446,143.09977908323538,15503120
2013-09-16,145.4416046142578,146.82181483707345,142.3191833224376,144.24241552949755,12139216
2013-09-17,145.317138671875,145.93936075260316,143.3599618757778,144.3555227289315,8432088
2013-09-18,147.18382263183594,148.17938360483382,142.805646806208,145.62260515371955,10989616
2013-09-19,154.58262634277344,156.09858867442762,153.0214087246569,153.85858318929948,29280904
2013-09-20,149.11839294433594,155.3179949213321,143.73334477269833,154.4242547144693,24726152
2013-09-23,145.24928283691406,147.6024056558122,143.24685048571766,147.2969566613794,13985240
2013-09-24,144.4573516845703,145.7922926642196,142.53411969170963,143.23552818864636,18175188
2013-09-25,140.41859436035156,145.19274453734533,138.74425904475146,144.3555699745572,20980920
2013-09-26,140.5430145263672,141.6403825734343,139.83028183767155,140.58825599678315,22582440
2013-09-27,137.7713165283203,141.1878766081495,136.88888677552956,140.73535136261054,16408692
2013-09-30,134.1850128173828,138.66500888933456,132.97451360593638,137.1151158268316,17062428
2013-10-01,138.39352416992188,139.01574631702613,133.3478571654253,135.48604148746907,12997108
2013-10-03,143.9482879638672,144.58182056585403,138.02020429604218,139.2193934730128,9772912
2013-10-04,144.90988159179688,146.48240938754446,143.6767476882262,143.7898789856185,13628376
2013-10-07,143.51837158203125,144.38949092149892,139.8868594327512,144.01615208887367,9922000
2013-10-08,143.14503479003906,148.10017728399143,141.59512774412113,147.18381654558684,11768148
2013-10-09,146.87835693359375,147.27431644213078,140.9615850391804,141.45936546904986,8668760
2013-10-10,145.04563903808594,146.84442949575276,143.3034142312264,146.84442949575276,8345284
2013-10-11,149.62744140625,150.18178748929716,144.6609750127828,146.45976528594844,13390264
2013-10-14,151.03028869628906,151.43755862291357,146.7652441200162,148.77897301664933,12375720
2013-10-15,147.62503051757812,152.72724919153796,146.30138607193456,152.2747240087482,16143324
2013-10-17,148.02099609375,149.32200604736906,145.38503127242817,147.74947821100008,14551588
2013-10-18,153.0892333984375,153.75671067243437,148.25853355589607,148.25853355589607,21281184
2013-10-21,151.87876892089844,153.58704877395454,149.91028155613017,152.50099106545332,11225424
2013-10-22,151.36965942382812,152.48966190801664,150.50986441928944,151.82218456410862,8758096
2013-10-23,149.37860107421875,151.36970958933287,147.93051462142162,151.36970958933287,13544956
2013-10-24,151.43753051757812,152.89692680960852,148.47349646893477,148.47349646893477,12321928
2013-10-25,152.17291259765625,152.71594837495493,150.0460523915123,150.52119833916854,8946872
2013-10-28,151.1208038330078,152.72726285160553,150.5551473039278,152.2747376283415,8382088
2013-10-29,155.32928466796875,155.89494120354038,148.3264539955972,151.1434263047387,15222916
2013-10-30,153.7115020751953,155.55554791262182,152.89696218466065,155.21615398990338,10188672
2013-10-31,154.03956604003906,155.0011820321199,152.36523118686992,152.99876366671694,18195556
2013-11-01,154.71836853027344,155.6686742455111,153.45130344993896,154.22058803086574,15642444
2013-11-05,153.01010131835938,154.98989930214591,152.27474778152438,153.96040711257186,14258472
2013-11-06,151.34706115722656,153.67756321362378,150.52119712963233,153.60968719450025,4610652
2013-11-07,150.55514526367188,153.29291730332858,148.63191309086258,151.5959477390851,7789140
2013-11-08,147.6363525390625,151.0642365932693,145.86019658039814,150.10262050393442,13480760
2013-11-11,148.0323028564453,149.49169935695585,139.53614517173062,145.71311125647807,11216304
2013-11-12,146.15431213378906,150.02339661716587,145.56602115662778,147.64763959509938,8980320
2013-11-13,143.38259887695312,146.4937093339212,142.17208579498606,144.58178778200826,10561084
2013-11-14,145.30584716796875,147.04807198216835,144.35554146840775,144.35554146840775,12626860
2013-11-18,151.32443237304688,151.59595026985332,146.85574577927133,147.38747120426189,14873920
2013-11-19,149.3446044921875,151.2339052114289,148.75632734234688,151.2339052114289,6789036
2013-11-20,146.96885681152344,149.107040965204,146.25613796694458,148.58663979059753,8370096
2013-11-21,144.2763671875,146.07514399371138,143.7107106295783,145.83757100137916,12787656
2013-11-22,145.29454040527344,146.36928780181023,143.69937795822406,145.37372679471298,7492384
2013-11-25,149.27676391601562,149.72928915714036,146.62948849344116,146.62948849344116,16150540
2013-11-26,147.73817443847656,149.31070234504833,146.70868232164753,148.81292183944646,14478516
2013-11-27,147.87393188476562,149.050500265555,145.73574737323074,147.31958570622336,8593012
2013-11-28,147.8400115966797,150.012127374033,146.6294982104666,148.33777834692398,14773732
2013-11-29,149.62744140625,151.34704530039687,148.20198991410868,148.20198991410868,9571080
2013-12-02,149.62744140625,150.46461571432408,148.89208802118,149.78582797425946,6858612
2013-12-03,148.3717041015625,149.83110067439225,147.67029554592577,149.3333201784693,10288280
2013-12-04,148.79029846191406,149.23151334795483,147.85131684287845,148.1794004150613,10476608
2013-12-05,155.6912841796875,156.09856789365404,151.9466410405109,151.9466410405109,32019992
2013-12-06,154.46946716308594,156.03067068956435,153.46259591334456,154.96724760441592,16069232
2013-12-09,157.6258544921875,162.32080370067112,156.6981694951293,160.64645484449943,25265628
2013-12-10,157.63714599609375,158.8023900248163,156.1211839120547,156.65289546370832,25064880
2013-12-11,157.376953125,158.7910944150492,155.41978986555603,156.1438191580824,12289776
2013-12-12,157.29776000976562,158.5082593782902,156.23432304313278,156.84523481630254,12867696
2013-12-13,156.10989379882812,158.8363555443974,154.98989109389206,155.62342365315695,25316080
2013-12-16,154.8428192138672,156.32485042993756,154.13010024344175,155.66868330480833,21432244
2013-12-17,148.79029846191406,152.87434994016397,147.98706889551798,152.87434994016397,17942644
2013-12-18,150.74746704101562,154.00565421662344,146.96887861360247,147.1838308595582,14087316
2013-12-19,147.6476593017578,154.7523105828567,147.1612029897232,153.6323079324005,10019516
2013-12-20,150.37413024902344,151.2791807201219,147.09332229129143,148.83554721015085,5722468
2013-12-23,150.34019470214844,151.93534334835306,148.65453548751745,148.88079809860955,5531232
2013-12-24,148.72239685058594,150.8040154294612,148.2133060258053,150.5890632081149,3554696
2013-12-26,151.38096618652344,152.09369878948624,148.63188431074758,149.29934782879445,8046760
2013-12-27,151.51673889160156,152.8290590647706,150.26097055221794,150.26097055221794,5464012
2013-12-30,151.48281860351562,153.1797881920539,150.498581766153,153.13453290769812,4227604
2013-12-31,150.65695190429688,152.11634848684042,149.35594190923393,152.0710932032783,5261312
2014-01-01,150.4985809326172,151.55069378569948,150.01211079594097,151.1434238487007,4492436
2014-01-02,148.654541015625,152.67070251186144,147.8739322163335,150.46464197167523,7228992
2014-01-03,150.0347442626953,150.69091141295795,147.07070933697096,147.52323459646934,6513184
2014-01-06,149.7179412841797,150.012079855235,148.65450447192967,150.012079855235,5963420
2014-01-07,150.3289031982422,151.81092072487795,147.81737961396638,150.93980127687294,7896920
2014-01-08,150.39674377441406,150.90583459324654,149.33330685752512,150.50987506748794,4649480
2014-01-09,150.00079345703125,150.70220199315906,148.67714896082643,150.0573591070407,3777472
2014-01-10,149.79714965820312,152.6593770357011,148.49613972479003,150.0007915195961,6150508
2014-01-13,152.2407989501953,153.16848398187983,148.63192119478146,149.35595053368962,4752580
2014-01-14,152.11631774902344,152.95349199084916,151.21126750055686,151.38096442214436,3577120
2014-01-15,153.98301696777344,154.46948710482445,151.50543861832594,152.2747370187848,4627840
2014-01-16,152.28604125976562,154.98988211114448,151.67512947339128,154.8541300741605,4501176
2014-01-17,150.4646453857422,152.72727163214432,149.118380007138,152.72727163214432,43374856
2014-01-20,151.60726928710938,153.11192126901514,150.78141899092984,151.16605440587594,5600368
2014-01-21,152.97613525390625,153.58704702359248,151.59593894570318,152.26341636424974,6251924
2014-01-22,153.20242309570312,154.9220273904161,152.64809069350122,152.84040840732942,7033336
2014-01-23,153.74542236328125,154.10743696553422,152.21814995569898,152.7272407582264,5482740
2014-01-24,152.36521911621094,152.71592333530958,150.1704694402806,151.59592085950257,8842900
2014-01-27,146.88970947265625,150.4420357025463,146.07515567810896,150.4420357025463,17060448
2014-01-28,145.81494140625,148.42827178311964,144.49129685512668,146.61817090771575,18395424
2014-01-29,146.0411834716797,147.27431728157518,144.93249131746794,146.50501899375823,10970924
2014-01-30,142.95272827148438,144.7854638784115,142.01374663377692,144.24242803710527,11425460
2014-01-31,142.20603942871094,143.97088488874337,141.43674108999215,142.54543331756227,9620984
2014-02-03,141.7534942626953,143.45046346775553,141.43672115376245,142.53410285901717,4776820
2014-02-04,142.68118286132812,143.7898750695671,139.5587619003328,140.65614374113517,7409304
2014-02-05,144.2311248779297,144.76283656622653,141.43677294439257,142.77172806518894,6905384
2014-02-06,146.3919219970703,146.98019931263576,142.43232596160087,144.52525529463472,13466944
2014-02-07,146.56158447265625,148.08885686970825,145.2831953866907,147.61371098128078,4029468
2014-02-10,145.6905059814453,147.10464735100442,143.90302576633292,146.53899080318078,6280820
2014-02-11,145.89410400390625,146.42582933532935,144.64965985500356,146.16562185293387,4464856
2014-02-12,146.0411834716797,147.70420789302554,145.63391359400026,146.30137714993265,6436960
2014-02-13,143.111083984375,146.61815402667983,142.82825575515685,146.16562885993082,3155200
2014-02-14,145.21533203125,145.67916759322884,142.39835993585575,143.45048653617494,4249112
2014-02-17,147.16119384765625,147.5232084671449,145.05694071571438,145.26058257040955,3650120
2014-02-18,149.42385864257812,150.32890923687606,146.48244421110985,146.73132760055134,5019672
2014-02-19,151.60726928710938,152.10504982465545,148.20201953908415,148.47353745137968,4060948
2014-02-20,149.95553588867188,151.01897285462988,149.52563143116558,150.64563404627057,3448436
2014-02-21,150.3289031982422,151.505457875587,149.2654660306646,149.29939714060214,3043872
2014-02-24,151.82220458984375,152.27472978981348,148.37169994007456,149.8084619259892,5018984
2014-02-25,151.8448486328125,152.95354106690294,150.6909147197594,152.50101579747422,4020560
2014-02-26,153.27029418945312,153.67756411656066,151.26786184871654,151.59594538804356,4551340
2014-02-28,151.50543212890625,154.51473577064755,150.49857460228,154.31109390572695,4903584
2014-03-03,150.7361297607422,152.04844992968864,150.0573420378418,150.50986718644205,3678432
2014-03-04,151.98060607910156,152.4670624308,150.29494678187896,150.69090637069084,6443868
2014-03-05,151.5393829345703,152.7272616361851,149.89897901329277,152.38786772143803,4006984
2014-03-06,152.863037109375,153.338196948839,151.16606727552326,152.27475975763008,4948680
2014-03-07,160.97454833984375,161.7551571630427,152.9987907579769,153.76807540187426,22767568
2014-03-10,166.17857360839844,166.7329197546585,158.3838240758154,159.85453101366224,26123852
2014-03-11,164.07431030273438,167.43430398713627,162.80723160820017,166.18985983588055,13000472
2014-03-12,164.16482543945312,165.85048455883287,162.11715168677185,163.1918990287288,7110216
2014-03-13,167.96603393554688,169.58381703363952,164.60603988255204,164.60603988255204,11448452
2014-03-14,165.6581268310547,167.411661544064,163.81408157661187,166.302969556367,12208480
2014-03-18,166.07676696777344,168.5204005589828,164.78706724158735,166.39354016717868,8102724
2014-03-19,167.0836181640625,168.1809862397754,166.47270638780074,167.43432242877682,6055136
2014-03-20,165.21694946289062,167.08361586974132,164.71916899240253,167.08361586974132,5195084
2014-03-21,166.04278564453125,166.86864956978053,165.44319810494147,166.33693804090277,7525592
2014-03-24,169.8440399169922,170.3531308080656,166.07676179905926,166.18989310818668,11713860
2014-03-25,169.73089599609375,172.084018765112,169.18786022864242,169.69695108188807,8031092
2014-03-26,168.80322265625,171.12241448057412,168.36200779109106,170.3304953210488,9409312
2014-03-27,168.9615936279297,172.129269973147,167.8868462965167,169.69694706521227,24554932
2014-03-28,168.55435180664062,170.6246466198682,166.31434620809253,169.6856649756093,12160900
2014-03-31,169.42544555664062,170.37575131401243,168.13574587234848,169.23312785537547,8262428
2014-04-01,167.00442504882812,170.50018509621782,165.74867033937028,170.03634951290124,8051832
2014-04-02,165.60162353515625,168.79192107710077,163.33899724725947,168.55434807886658,10398752
2014-04-03,164.9001922607422,166.98181109602075,164.32322535025077,166.5292858626982,5559704
2014-04-04,164.1422119140625,165.85049184432515,162.92038830554458,164.16483265089764,7422408
2014-04-07,164.1195526123047,165.6242042541762,163.6104618205398,164.0403662353521,11733156
2014-04-09,167.85292053222656,168.5430325769999,163.30504735603444,164.730499112007,10520384
2014-04-10,167.29859924316406,169.39152863443044,166.52930075373544,168.48647808685578,7494792
2014-04-11,167.01573181152344,168.52036970831074,166.05411583005352,166.08804693165152,5207952
2014-04-15,163.8028106689453,167.1628047269966,162.47916618397585,166.14462303546918,8371868
2014-04-16,164.2553253173828,165.5789559073812,163.15794350099986,163.63310321251703,3572392
2014-04-17,162.6149444580078,163.20322173408724,160.03554511833076,162.06059828825562,12302328
2014-04-21,162.10585021972656,164.37978669557143,161.3252414507122,163.519991536791,6987752
2014-04-22,164.6173553466797,165.08119092448678,162.320798194133,163.3389799156491,11395824
2014-04-23,165.85047912597656,167.3098755992433,163.49734265668036,164.01775766371674,21025344
2014-04-24,165.85047912597656,165.85047912597656,165.85047912597656,165.85047912597656,0
2014-04-25,164.357177734375,166.98181868290774,164.04040453266683,165.88445046623087,6212444
2014-04-28,164.08566284179688,165.00202373579083,163.03353608315285,163.41818531803213,4882860
2014-04-29,161.95875549316406,164.6060304982227,161.2120917250635,164.3571471788466,6641236
2014-04-30,163.2032012939453,165.14906782875875,161.0197756146718,162.00401234445152,8786920
2014-05-02,162.25291442871094,164.6173614990389,161.9022101401874,163.70100067742132,5915292
2014-05-05,162.16238403320312,163.61045617157617,161.55147234218384,162.87510283108304,5192324
2014-05-06,162.95433044433594,163.94987761767194,161.57412027156727,162.95433044433594,6184560
2014-05-07,161.91348266601562,164.49288137805038,160.974501326525,162.56964961503328,6598624
2014-05-08,162.5244140625,163.58785098720523,161.89088157862426,162.26422037250103,7520428
2014-05-09,171.2355194091797,171.9595624340543,162.90905914805145,162.90905914805145,16376444
2014-05-12,179.23391723632812,179.8448151849079,170.7151251492266,170.8508771800282,17561360
2014-05-13,178.32888793945312,181.01009443934623,177.05049862348554,181.01009443934623,12665216
2014-05-14,175.45530700683594,179.83348207107082,175.18378916960313,177.61611171861603,8501500
2014-05-15,178.37413024902344,179.00767663050252,173.32847660493192,173.99595409329248,9466188
2014-05-16,182.073486328125,193.22822786811946,178.21571240961396,181.01004952517044,32868368
2014-05-19,183.70260620117188,188.929266615898,182.82017655765938,184.6076565801702,10522804
2014-05-20,184.64157104492188,185.89732557062854,181.99429616290928,184.63026067819817,6357032
2014-05-21,183.15956115722656,184.29087407357756,182.14137953251065,183.80440399555778,3642388
2014-05-22,181.5983428955078,184.40400443793888,180.55754054168742,183.72521669154156,7806456
2014-05-23,178.6682891845703,181.68888973525745,177.09576116272473,180.7838392259909,9818936
2014-05-26,180.365234375,181.926438005308,178.74745128557805,180.78381465465426,17395232
2014-05-27,182.11880493164062,183.41981511500995,178.37414718196226,181.01011246877908,7619524
2014-05-28,186.31593322753906,187.06259701547023,180.89694141381125,180.9874519741549,14355564
2014-05-29,183.32928466796875,187.9676682973342,182.68444173616857,186.1236224524017,13684008
2014-05-30,179.36965942382812,186.1688471578111,165.17168259778558,184.40400180437706,32807544
2014-06-02,185.39959716796875,186.0670608519269,179.5393897601871,179.5393897601871,8083132
2014-06-03,186.5195770263672,187.31149616135383,184.17776453689615,186.21412802686183,3624148
2014-06-04,184.78868103027344,187.73009503478872,184.42665255911788,186.07838070194035,2864340
2014-06-05,183.78469848632812,186.05505662859667,182.76931064185007,185.23361316851836,7674472
2014-06-06,186.02081298828125,187.33282730865244,182.7692992377961,185.50741608030992,10565276
2014-06-09,186.97914123535156,189.38639930867788,185.96375353803913,187.53817616324548,9339920
2014-06-10,186.34027099609375,187.92608590586002,184.82289229726112,187.36706484218965,4999344
2014-06-11,187.21873474121094,189.35217849387448,184.8228825598792,186.4201173474337,7743772
2014-06-12,191.6339569091797,192.79766498382725,185.47319369318026,188.1314545033896,12732048
2014-06-13,190.6186065673828,195.31903573515507,189.76294490382344,192.58091841176505,12212884
2014-06-16,191.44000244140625,192.30706998891907,189.45486494658584,189.61459121431298,5309880
2014-06-17,193.1627197265625,193.6761166028862,188.78173026324407,190.75546160293442,6988120
2014-06-18,190.49305725097656,194.26938771886665,189.1011868161646,193.2882180817434,5374628
2014-06-19,188.41665649414062,191.6567640596566,187.6066330844571,191.0064529836259,4720996
2014-06-20,187.54962158203125,189.78574783640605,186.95635450113397,188.4737333488084,2969768
2014-06-23,187.4355010986328,188.59919513397975,186.03221070884814,188.0173481163063,5840844
2014-06-24,189.15821838378906,190.01387980591113,188.24551286685883,188.32536902887784,5066224
2014-06-25,188.04019165039062,190.11660553335355,187.789203146425,189.15826173558483,6330624
2014-06-26,185.37054443359375,188.61063872280727,184.51488278817794,187.10467979758928,21808264
2014-06-27,186.23756408691406,187.560984305171,185.7355732657046,186.6140467577354,5142960
2014-06-30,187.4583282470703,190.00250080824244,187.0818455238345,187.0818455238345,6176100
2014-07-01,187.85765075683594,188.91867671983812,185.9637891860647,187.78920061365798,7641372
2014-07-02,191.64535522460938,192.1245200721289,188.359609643162,189.56894172286778,7626724
2014-07-03,190.93798828125,192.87748747348965,189.69442424910488,191.8963318439481,6062740
2014-07-04,195.4673309326172,195.99213390028967,190.5501180617224,190.93802075149185,5631988
2014-07-07,191.77085876464844,196.39143087908792,190.721238965299,196.20889254387393,8131968
2014-07-08,189.21530151367188,193.57346568538964,187.10466957034785,192.5809038016751,6732272
2014-07-09,189.45486450195312,190.49306434956938,186.64829753224046,188.93006156075197,5795552
2014-07-10,187.8690643310547,193.4936190887225,185.33631144435716,189.45489335776375,9857544
2014-07-11,185.23362731933594,189.7172998419556,184.54909801370144,187.355665381446,9198780
2014-07-14,186.52281188964844,187.10465895836967,184.1725976173572,185.96377689155034,4921608
2014-07-15,188.65625,189.1126028127367,186.30603579976247,187.27578552682797,6092036
2014-07-16,190.6984405517578,191.3259256986526,186.6254970780812,189.27233794517872,9589300
2014-07-17,189.797119140625,191.43999194024806,189.27231622697948,191.3715418083433,5039100
2014-07-18,189.94544982910156,190.9380116133532,187.5610036277956,189.13542638224556,7288432
2014-07-21,188.80458068847656,193.25402085901356,188.3025897813157,192.0560946592536,9813656
2014-07-22,191.6339569091797,192.2728620137469,188.70189554190804,189.36361271730274,6970352
2014-07-23,190.82391357421875,192.80905096716603,190.52728705039485,192.37551025226682,7849852
2014-07-24,192.1815948486328,192.580903594237,190.07096290758224,190.7554921857608,4278600
2014-07-25,190.64137268066406,193.90429225237955,190.333340126758,191.89634281799937,10665952
2014-07-28,189.2837371826172,191.62254537340945,188.93006653424416,191.3259188272509,3884952
2014-07-30,191.39439392089844,192.10174923666088,188.66768269414933,189.6146204850956,4685380
2014-07-31,190.2991180419922,191.6453643758319,189.0555538737474,191.18901157477197,11901344
2014-08-01,186.06646728515625,188.8844405440124,185.27925583890763,188.48513180298025,6828460
2014-08-04,185.50743103027344,187.7207451083653,184.16118457016444,186.87648956186217,7363044
2014-08-05,187.1502685546875,187.78915962955335,184.80005463994112,186.42010135764895,6077104
2014-08-06,184.82289123535156,187.0019731553007,184.21821818096726,185.9751793151043,3381400
2014-08-07,185.16514587402344,186.76238065050916,184.82288127906222,185.48459840003338,3933740
2014-08-08,181.6626434326172,184.32089009267708,181.400235006235,183.68199896857757,7450680
2014-08-11,180.93247985839844,183.19141787098172,180.5788092224002,182.76929710007772,5626224
2014-08-12,184.18399047851562,184.4806170093152,180.71570645810468,182.76929403149225,6603072
2014-08-13,185.37054443359375,186.1349299327847,183.14582415551266,184.8229154098138,7839820
2014-08-14,188.6334686279297,189.76294480861839,185.57589871429755,185.75843708374165,11873224
2014-08-18,189.92262268066406,190.41320751579758,187.92607916267337,189.38641370654523,6702168
2014-08-19,187.98312377929688,191.09773724662648,187.61804710571775,190.07094343455506,7892856
2014-08-20,187.2301483154297,190.43602405419242,186.87647766929976,189.158241743406,9434852
2014-08-21,189.9568634033203,190.57294250241742,187.33283465961077,187.56101107210725,6390480
2014-08-22,193.2083740234375,193.66472684073526,188.94147239634694,190.3789809854783,10015288
2014-08-25,192.45541381835938,194.58885788088844,191.0293111223415,192.35273163888925,6656064
2014-08-26,192.23861694335938,193.60767534295601,191.2346352129423,192.69496974322493,4165256
2014-08-27,190.89236450195312,193.03722816336995,190.29911145183277,193.03722816336995,4852968
2014-08-28,192.4781951904297,192.9231419459749,190.29911340383566,191.09773078622587,7991452
2014-09-01,191.9419708251953,193.72174377772637,191.34870388983109,193.01440258081684,4154656
2014-09-02,196.04917907714844,196.48270591073683,191.36015652172725,192.37553042976353,11442252
2014-09-03,195.4673309326172,197.37259842181396,194.3150288986703,197.37259842181396,9234780
2014-09-04,194.37208557128906,196.00355261017816,193.60770010446586,195.7867822171617,6406968
2014-09-05,193.5962677001953,195.21631455554805,192.60369201266332,194.4062911278717,3835208
2014-09-08,197.3155517578125,198.01148702722472,193.82445544875503,194.17812610106785,9788344
2014-09-09,197.50949096679688,198.49066065155853,195.7297177898237,196.25452073694902,7661044
2014-09-10,195.6156463623047,197.372607620118,194.885479016966,197.372607620118,4314252
2014-09-11,194.9425048828125,196.9390484147003,194.63447230860564,195.63845405535363,6532864
2014-09-12,195.2505645751953,195.77536755367714,193.71037374653875,193.97276827238798,6086556
2014-09-15,196.3115692138672,197.37259509346427,193.94994893577413,193.94994893577413,5809088
2014-09-16,194.1781005859375,196.69944681524007,193.49357144168627,196.45986440010833,5076268
2014-09-17,193.12852478027344,195.2962007402106,192.1473550464542,195.09083639434536,7905896
2014-09-18,195.80960083007812,196.45989805781394,192.18159017327966,192.7520312245509,6652568
2014-09-19,196.28875732421875,197.37259527515167,194.26940166003584,196.23171322153806,6542108
2014-09-22,195.51292419433594,195.8894207892793,194.17809795186568,195.53575018823668,6534316
2014-09-23,193.68753051757812,195.74111810642728,192.9459572216048,195.33040337401388,4716976
2014-09-24,195.1934814453125,195.6156021654658,192.82044159081565,193.28820037101323,6665496
2014-09-25,193.9385528564453,197.5095055082139,192.14735958590015,194.63448815887824,16595960
2014-09-26,198.8899688720703,200.56705987712164,192.8090621116812,193.9385381011239,9882252
2014-09-29,197.3953857421875,200.19054646763314,196.50550619382872,199.19798476033029,8682268
2014-09-30,199.11814880371094,200.74960177132883,196.49412010127642,197.19005536308728,12035432
2014-10-01,198.05712890625,198.7758901867037,196.3458057878204,197.60077607466877,5870188
2014-10-07,196.79075622558594,197.82895615128848,194.88547476240714,197.37260331126242,5026288
2014-10-08,197.96583557128906,198.5134644923255,195.8437978741413,196.35719476506972,3140384
2014-10-09,202.52935791015625,203.75010995101863,198.11415034054124,199.42616458120708,7650420
2014-10-10,197.89739990234375,201.97035722414105,197.34978486806364,201.49117840151507,4266980
2014-10-13,200.06507873535156,200.33889321986976,195.23915589369912,197.1444233963183,5376512
2014-10-14,198.136962890625,202.1528757148457,197.40680958329543,201.93610535876527,7266240
2014-10-15,198.136962890625,198.136962890625,198.136962890625,198.136962890625,0
2014-10-16,195.96932983398438,199.42620846912297,195.10226214773644,198.1484259764191,5533084
2014-10-17,201.99317932128906,202.64347655889603,195.57000741576138,196.2887687219869,9977920
2014-10-20,203.94407653808594,207.5492611025955,203.1112409810538,203.98971460635227,9532004
2014-10-21,204.34336853027344,206.67077055343836,202.54078335902034,205.35875627722277,16037152
2014-10-22,203.90985107421875,206.80768029299466,203.36222212834943,206.51105375014154,4571544
2014-10-27,204.73129272460938,207.0244629589042,204.0239513937387,205.14200749501117,6724768
2014-10-28,204.2863311767578,205.40440112412034,203.98970463769706,205.13058665468643,5803492
2014-10-29,203.43064880371094,205.92918295006797,203.07697820006703,205.404380061424,7896188
2014-10-30,204.59434509277344,205.34732431870697,202.41524964595064,203.05415461513567,10738180
2014-10-31,208.06265258789062,208.69013771147033,204.75409466356123,205.38157978714094,10105988
2014-11-03,207.80027770996094,209.76258943841455,206.5909454155984,208.8270716455717,7239648
2014-11-05,208.2794189453125,209.9907419766228,207.69757190002352,208.7928158547056,7524180
2014-11-07,205.23326110839844,206.8647139753097,203.90984080378468,206.49963731430657,9028492
2014-11-10,206.4197998046875,207.26404140041424,203.76153899401868,205.24468569442308,6389756
2014-11-11,207.16136169433594,209.30621152480913,205.9063914788057,206.70500888868858,5913408
2014-11-12,208.03982543945312,209.89946860526487,206.30569043068698,207.86869314542562,9058664
2014-11-13,208.9981689453125,209.9222805471474,206.248646208285,208.89548678360157,7388952
2014-11-14,212.22686767578125,212.8885848177391,208.03983623534148,209.51157682570806,8438056
2014-11-17,209.68270874023438,213.1167608268741,207.18417433704676,212.2040552130545,13464084
2014-11-18,212.70602416992188,213.34491524841118,208.0968585096802,210.15044592918363,9189112
2014-11-19,211.41680908203125,213.96098113304268,210.41284142793637,213.35630819257338,3454848
2014-11-20,209.51158142089844,211.73630140749887,208.11969697064796,211.73630140749887,4770372
2014-11-21,212.8543243408203,213.34490911430876,208.56461130655183,210.1960779469617,8823808
2014-11-24,215.67234802246094,216.767592017826,211.77052301007026,212.7402727638342,7316860
2014-11-25,217.57760620117188,218.77553231640366,214.25764232431453,215.1703479359197,12156508
2014-11-26,217.0642547607422,219.02658059278988,212.95707864823322,214.44022557775034,8976428
2014-11-27,216.345458984375,217.63464728683775,215.17034495500013,216.9044800223127,13211448
2014-11-28,218.39903259277344,220.39557596261415,216.0830367130457,216.31121309817036,9251860
2014-12-01,216.76759338378906,219.60839252454377,216.35687862378694,218.6614548353645,7389128
2014-12-02,215.2388153076172,216.67632397565362,214.3032975515192,214.88514464015495,4517556
2014-12-03,212.91139221191406,215.40992656486213,212.66040374387342,214.9421677325416,6661184
2014-12-04,214.80528259277344,215.45557980463175,212.6604187216487,214.48583004114784,6839104
2014-12-05,215.11329650878906,215.4897931314663,213.50465570847908,214.7139878173116,4074180
2014-12-08,211.55377197265625,215.626715471969,211.06318710219188,215.626715471969,4057128
2014-12-09,211.46250915527344,213.34496472638864,211.07460643405042,211.07460643405042,4873344
2014-12-10,212.5235137939453,213.34494329903595,211.1316293372081,211.31416767980792,5565432
2014-12-11,213.0254669189453,213.51605171614966,211.06315558369056,212.18122543803557,4818844
2014-12-12,212.54632568359375,213.61875759478275,211.9758846592148,212.88859029822112,4616828
2014-12-15,214.8280792236328,215.4669703541831,211.7476978433683,212.20405064044454,6638628
2014-12-16,211.2342987060547,214.94216514296895,209.23775524002392,213.92677739488835,4989956
2014-12-17,210.3444061279297,212.77449032812729,209.0095797754044,211.2913437467516,7064016
2014-12-18,213.12815856933594,213.68719352140607,210.39004183441133,212.79730001184282,6493828
2014-12-19,214.81668090820312,216.53940999371335,212.77449928254762,215.63811040174443,6114108
2014-12-22,219.89361572265625,220.4412307670735,215.05627289966264,217.68030169366384,8295612
2014-12-23,218.99229431152344,222.2324018941954,217.9883126064312,218.98088827717095,7544080
2014-12-24,215.6837615966797,220.14460783456033,214.7368238803686,218.57019888831135,16664812
2014-12-26,216.45956420898438,217.44072001967953,215.0676797050269,216.85887293993568,3366480
2014-12-29,217.15545654296875,218.13661215958567,216.37965130558015,216.7903659908174,3614800
2014-12-30,218.2393341064453,218.95808145497207,215.11331444712883,216.76759344977182,5681200
2014-12-31,217.1326446533203,218.433252846702,216.71052390739305,218.13662632847357,4992528
2015-01-01,217.23536682128906,217.77158978644053,215.63813181551572,216.99578435577988,3544940
2015-01-02,220.25868225097656,221.17138787632138,216.85886215263676,216.85886215263676,5900384
2015-01-05,218.39903259277344,221.456587797375,217.93125986184285,221.3310935709127,4796000
2015-01-06,214.99920654296875,218.2621261811353,213.92677470932165,217.68027916369562,8219680
2015-01-07,215.62669372558594,217.0756082661509,213.63015026516385,214.41736161491522,5746112
2015-01-08,220.156005859375,221.0915375059701,216.35687695026266,217.73734145946173,9525824
2015-01-09,222.62030029296875,223.612862017948,220.55529282372464,221.9928152209796,8985184
2015-01-12,220.6580047607422,222.3351098082593,220.07615767355605,221.1942277052341,4126412
2015-01-13,219.81375122070312,221.77607681184483,218.06820994325034,221.09154754379662,5828348
2015-01-14,219.93922424316406,222.39212039497323,218.9808806357056,219.06073680016823,3685232
2015-01-15,226.6134033203125,227.76569138592055,221.5022462522516,225.8946420702849,11398476
2015-01-16,228.4844207763672,231.57622197821377,227.84552967469915,228.67837906242565,7821308
2015-01-19,229.214599609375,232.7399277712668,228.8495229404467,231.1997370727805,4239492
2015-01-20,232.95672607421875,234.33719067306063,228.6327799945538,230.45819141167598,8505804
2015-01-21,232.72854614257812,235.6948257239506,232.363455508581,234.42846328453206,6740612
2015-01-22,233.02516174316406,235.59214638904962,232.40908264279494,233.88082329179258,6470680
2015-01-23,237.94235229492188,239.1288583897817,233.7439011188924,235.02168334110223,9987912
2015-01-27,245.0729217529297,245.91716345751684,237.5088670348098,237.98803199832065,9962400
2015-01-28,241.490478515625,249.4424201933735,240.72609317436223,244.14873904887924,11364940
2015-01-29,249.85316467285156,251.1309469762645,242.095166865658,245.289636550973,20567616
2015-01-30,245.8258514404297,249.75050243167226,242.83674601950045,249.75050243167226,10570416
2015-02-02,246.7956085205078,249.39682526045186,240.1214482836659,243.80650301078938,5710352
2015-02-03,242.802490234375,246.93247730915817,240.79455472107844,246.08823581034395,10200688
2015-02-04,243.62391662597656,246.61304957076644,241.2394845294422,242.55149875128592,6197512
2015-02-05,245.6318817138672,249.3511679801749,244.2285913567725,245.28961713182278,8059148
2015-02-06,240.38381958007812,246.19089738816717,239.59662219985975,245.7459645825763,6903120
2015-02-09,237.32626342773438,239.98452400645783,236.04848118343773,238.9006861276552,5231896
2015-02-10,240.6006317138672,242.39183901869018,235.02172899706346,235.02172899706346,9275752
2015-02-11,241.50193786621094,242.9622725815685,240.26977957970396,241.41066172395708,4161588
2015-02-12,245.51780700683594,246.8640533408763,240.20128573226955,243.0306786699757,5525740
2015-02-13,243.19041442871094,246.88686090902863,242.68840964448393,246.7043086504799,7714500
2015-02-16,243.58975219726562,247.57141964833966,242.43745011646163,245.47220769228758,7388716
2015-02-18,245.24398803710938,247.1036032791011,241.1938572314726,243.58970925734224,5381692
2015-02-19,246.38491821289062,247.54861242552997,242.73409536315603,245.06148378843469,4507004
2015-02-20,244.84471130371094,248.68947829507263,243.8064974823177,247.11505547342074,6206024
2015-02-23,243.57830810546875,246.7841976814443,242.32333789977312,245.76879598469728,5581564
2015-02-24,243.61251831054688,244.37690361482012,241.2052463538687,244.21719128983003,5846288
2015-02-25,240.1442413330078,245.24400616211204,239.5852202937482,244.1487482993434,4648524
2015-02-26,236.88131713867188,240.95425999688402,236.1853680303999,240.4180510685504,12426944
2015-02-27,240.49790954589844,241.53612323801974,238.54699031470355,238.54699031470355,10261784
2015-03-02,247.0123748779297,250.76586554562624,243.69239709074506,246.5103700818961,14385232
2015-03-03,247.19491577148438,249.1686473491299,245.7574210566101,247.90225709342886,6029348
2015-03-04,243.0763397216797,253.11610172067634,241.8669936121925,252.13493202025728,12277624
2015-03-05,247.59420776367188,248.71227770203618,242.43742665909488,243.00786766299865,9702452
2015-03-09,241.6387939453125,246.84122671275568,240.95426478399432,245.75738887400195,5755808
2015-03-10,240.16709899902344,242.38039910382614,238.44435590821212,242.3233549995419,5134836
2015-03-11,241.05691528320312,242.30049321358396,239.58518883606308,239.7905531400633,5465536
2015-03-12,240.63485717773438,242.75690911525544,239.8362396738281,241.88982754101568,7530836
2015-03-13,237.90814208984375,242.77970292653805,236.07131082759156,241.8669972764383,5426780
2015-03-16,239.93887329101562,241.3877876714707,237.87386599871516,238.44430692437157,5348772
2015-03-17,241.42201232910156,243.21319121028057,237.9537148948327,241.8669450961091,5369304
2015-03-18,242.67706298828125,244.58233068438253,240.31541456033165,241.90125752449296,5148332
2015-03-19,240.08718872070312,245.01582107485402,239.28857134803874,244.37691603529714,5373572
2015-03-20,240.9314727783203,241.7529022695898,238.66110082542383,239.81340281768655,6483236
2015-03-23,239.07183837890625,241.73009917950665,238.67252965338673,240.942873837057,5446740
2015-03-24,236.835693359375,241.18246510655325,236.2652523349981,238.05645943439407,8973564
2015-03-25,235.991455078125,238.83224027774057,235.27269380666624,237.314889414575,10608900
2015-03-26,229.76226806640625,235.5237092251239,228.65560398104097,234.3143908104075,35800620
2015-03-27,231.51919555664062,233.54995721079604,230.02462895825124,231.58764569297708,10840896
2015-03-30,236.59613037109375,237.07529527205645,231.09707041150455,232.73994338546447,6955144
2015-03-31,233.3560028076172,237.28063960136595,231.56480974422936,237.28063960136595,5962256
2015-04-01,235.76324462890625,236.58467402617262,231.14267293402568,234.131777941236,3844196
2015-04-06,235.4666290283203,236.58469897892746,232.69429407506047,236.1625782021294,7151172
2015-04-07,235.6492156982422,236.89276614050416,233.57281568885045,235.76330391692932,6197072
2015-04-08,236.28807067871094,237.8624654793497,235.03310053969778,237.31486442881263,4106144
2015-04-09,240.97708129882812,241.63879840435916,235.0216830561756,236.90413828453816,7002784
2015-04-10,237.90814208984375,240.2697623887637,236.1283549307228,240.2697623887637,6119324
2015-04-13,237.02967834472656,238.741001509941,236.1169726566122,237.30347890973403,4563236
2015-04-15,235.39817810058594,239.28856883441742,233.92642367428363,237.30344538464422,4893996
2015-04-16,234.94183349609375,235.83172701796377,232.283572891796,234.56533686912212,5610120
2015-04-17,232.34060668945312,234.53109443984906,231.8386158513428,233.90360937390653,4049012
2015-04-20,229.34010314941406,233.88081925990485,228.76966212682893,232.73993721473457,5188880
2015-04-21,228.86094665527344,231.46216338438168,227.17243559577744,229.31729949007956,6510744
2015-04-22,231.16551208496094,232.96811126882156,226.69326008381412,229.65955337127218,6765936
2015-04-23,231.25677490234375,233.69825117231946,229.5682640190732,232.75132749499463,9627828
2015-04-24,229.64816284179688,232.51177415421782,228.2562783107113,232.4889620827179,7205244
2015-04-27,229.4199676513672,231.02860851045386,227.26369785324647,229.76223225656787,7370704
2015-04-28,229.214599609375,230.78902233854058,225.91744784725896,228.07371761049623,7942108
2015-04-29,226.6134033203125,230.34408198985113,225.4382892580217,229.08911175612732,7863564
2015-04-30,225.62081909179688,227.0355155418361,223.39609921588442,226.12280995171815,15143684
2015-05-04,228.39320373535156,230.34410945503737,226.35102187161672,226.81878077460343,3141448
2015-05-05,225.35842895507812,229.0662954867401,224.9477002901451,227.9596315812208,5138004
2015-05-06,221.468017578125,225.32420447092278,220.304323459925,225.32420447092278,11007696
2015-05-07,217.0642547607422,221.33115717409467,215.4442075315222,220.87480427270478,11736664
2015-05-08,224.06922912597656,225.39264948617065,217.99974233950934,219.3916128356685,11571932
2015-05-11,225.9630889892578,226.52212396167658,222.25522244241594,224.99333927700687,6731344
2015-05-12,221.77606201171875,225.8946433809338,220.64658600945754,225.8946433809338,11107568
2015-05-13,225.95167541503906,226.6704366308489,221.6961800725611,222.665929752454,7791848
2015-05-14,226.13421630859375,227.0012838350854,222.24381151052668,225.66645747834795,4455188
2015-05-15,225.91746520996094,227.61738230429245,224.57123270388973,227.01272315448546,8153624
2015-05-18,230.42393493652344,230.91451977355374,226.35099171478785,227.263697326541,5713304
2015-05-19,229.89913940429688,232.28358567720431,227.7428695416814,229.62532492658997,4786348
2015-05-20,233.66407775878906,234.29156292376905,230.3555056893837,230.3783316878168,4008840
2015-05-21,233.81236267089844,235.0217088188687,231.62187464485334,233.6526503208947,3934380
2015-05-22,233.7211151123047,234.79353313095143,232.36344871879533,233.81236339626622,4689536
2015-05-25,233.54998779296875,235.24990502296296,232.19233521625725,234.65665186132006,4369060
2015-05-26,234.42843627929688,235.0673134799324,232.29497860735722,233.75529919477148,4906344
2015-05-27,236.88131713867188,237.3034378757191,233.05936273057736,233.60697769268342,3218592
2015-05-28,234.88479614257812,238.14770201172695,233.24192324636346,237.08670401464968,9561160
2015-05-29,239.7107391357422,240.49793661035548,234.37140556058662,235.0102827976967,5058680
2015-06-01,236.43637084960938,240.9542746405452,235.24986472954743,239.3456199042182,3841320
2015-06-02,230.18435668945312,237.37192743964627,229.29447705786237,236.93838669545767,4726008
2015-06-03,229.44277954101562,232.05540214402112,227.7200504815468,230.22999091771612,5824832
2015-06-04,231.58763122558594,232.24933440454492,227.03550943201978,230.19574688204423,5557588
2015-06-05,230.85748291015625,232.39767367827443,228.74685111680913,230.51521829501888,6753860
2015-06-08,228.963623046875,230.97157268396234,227.16102382419513,229.1461613908315,3811996
2015-06-09,228.59852600097656,229.54546365336103,227.51468807617195,229.317287248139,6040260
2015-06-10,231.73594665527344,232.51175198727853,227.49187117891725,227.72004757929733,7986248
2015-06-11,228.22206115722656,232.4090929501642,226.9670908302467,232.19232256287458,9094176
2015-06-12,230.2642059326172,230.65209464811645,225.92885459052118,228.40456281253188,6528344
2015-06-15,229.36293029785156,231.31383581953025,228.1764101795613,228.6327629999204,5999828
2015-06-16,230.09310913085938,230.5608680098207,227.50329838941872,228.17642161855014,6010524
2015-06-17,229.24884033203125,231.2567899408329,228.06232022285397,230.2299961029111,9686268
2015-06-18,232.6486358642578,233.60697946368512,228.68978116731952,229.52263054073666,8431716
2015-06-19,235.1357879638672,236.15116183596768,231.176932863864,233.8351935823491,3742324
2015-06-22,238.93495178222656,241.1596719517937,234.6794558358794,235.50088540469832,5449652
2015-06-23,240.0644073486328,242.14080721235155,237.873919274231,240.0415952772096,5655180
2015-06-24,238.6268768310547,241.3649934769483,237.9195077480152,240.49791206432351,6267396
2015-06-25,243.0078887939453,244.3427152884381,237.90815134630694,239.185933735449,16573568
2015-06-26,242.51730346679688,244.36552690601323,239.92750665939883,243.46424118457304,5647504
2015-06-29,241.10263061523438,242.2663248388964,235.13581139296704,238.42155755956492,6487836
2015-06-30,243.49842834472656,244.60507821181955,239.12884511752506,240.09859472797305,7290136
2015-07-01,244.68496704101562,245.7459929154025,241.8784139176309,242.1750265377014,4971188
2015-07-02,243.27113342285156,245.45510230789807,242.6849270335663,244.83440658679072,4483444
2015-07-03,246.96090698242188,247.39770637975545,242.31711060131235,242.31711060131235,4039288
2015-07-06,249.08738708496094,249.43222426135912,243.74241085078896,244.61600958949955,3267780
2015-07-07,249.85752868652344,250.92652959237827,247.93794060043973,247.93794060043973,4141472
2015-07-08,245.71951293945312,248.42073794107773,245.06432780696343,248.07590070682778,5400676
2015-07-09,246.9149169921875,247.5701019959025,243.70791450623457,244.30562664887069,2797964
2015-07-10,250.7541046142578,251.7311432982923,245.63901973901855,245.93788985577427,4900088
2015-07-13,251.99557495117188,254.23701709052438,249.43227909717305,249.43227909717305,7076084
2015-07-14,251.00701904296875,253.31743975459645,249.66215943209383,251.84612859839666,5674116
2015-07-15,252.1219482421875,253.21393265676755,250.7656111038887,251.27136108126228,3849404
2015-07-16,256.25994873046875,257.2484930388051,252.4437568591878,252.60469768722132,7310424
2015-07-17,255.30593872070312,257.88071151061826,254.16795930485736,257.3404722628945,3510988
2015-07-20,256.3864440917969,257.2485370443584,254.48983959616152,256.5473568844397,4551268
2015-07-21,252.43231201171875,259.3175495535076,251.29433252300026,256.685303737552,11028136
2015-07-22,256.1910400390625,256.80025800020223,250.27133514272205,252.05299389793132,7286400
2015-07-23,254.69674682617188,256.71977477827323,252.90358226454148,255.84620409313453,5083172
2015-07-24,254.6852569580078,256.3289865651583,252.99556028247235,253.60477828465133,4761008
2015-07-27,251.92652893066406,253.91509549939997,245.983840818794,253.7771662479734,3328572
2015-07-28,254.83470153808594,256.0761211229808,251.14493211743917,251.50127513095714,6345672
2015-07-29,254.80018615722656,256.9956607571429,254.041561200564,254.05303893545374,3943032
2015-07-30,255.30593872070312,256.78872721850735,253.13344787022595,254.48981291932643,9462188
2015-07-31,255.5587921142578,257.7082711900123,253.570225800699,256.46685196063504,5649500
2015-08-03,251.82308959960938,256.903684823353,251.37478445276966,255.8117004807034,4345728
2015-08-04,249.76551818847656,253.34034093960605,248.73100681440374,252.4437588028262,5390928
2015-08-05,251.08740234375,252.35180517714045,249.47816237398035,251.07592461028815,4122780
2015-08-06,251.9495086669922,253.19092803697163,249.53564858316747,251.0184651866972,3743712
2015-08-07,251.19091796875,252.30588597528163,250.25984629875163,251.48976003921274,3227140
2015-08-10,251.6507110595703,254.24846791345308,250.12192712403063,251.73116746398304,3954376
2015-08-11,251.66212463378906,252.6161796332499,249.2597705353732,251.74260908060654,2727688
2015-08-12,246.08731079101562,251.70817402355289,245.45510925377008,250.21387948097248,6005740
2015-08-13,247.71951293945312,248.9034313121235,245.20218503143064,247.59306143221758,3465052
2015-08-14,253.29441833496094,253.71971191746923,248.25978981830644,248.9954312549196,3601660
2015-08-17,250.926513671875,253.29440679426756,247.31722918962373,252.66220531685332,2500212
2015-08-18,249.74252319335938,251.9839644009425,247.9263754741191,250.9494530743657,1857316
2015-08-19,248.70803833007812,249.8919848090525,247.13328764464714,249.39771262117947,3004576
2015-08-20,247.0643310546875,249.3747513613788,245.5240695588408,245.5240695588408,3044852
2015-08-21,243.98379516601562,246.6620079770676,241.61590212176665,244.6044908254612,7758972
2015-08-24,234.27085876464844,240.16756552097976,232.4777084182458,240.16756552097976,14686328
2015-08-25,234.1329345703125,237.31693936105896,231.20181877671317,235.56974200630353,12347920
2015-08-26,232.99497985839844,236.55829726126493,231.96046835434043,233.89156210783284,5573000
2015-08-27,234.97203063964844,237.81118425582406,231.98344197779636,235.63872141526087,13873432
2015-08-28,236.31690979003906,239.7193145470187,234.3513546888067,237.0295957504179,5553136
2015-08-31,236.2019805908203,237.45490594519055,233.4662805055266,234.74217536294415,3441460
2015-09-01,229.9144287109375,234.78813015502442,228.28220506275068,234.78813015502442,10469144
2015-09-02,228.77647399902344,233.09843030006706,226.44307025136195,231.06388262055697,8681688
2015-09-03,232.2593231201172,233.33981571345677,229.6615526086141,230.42019156769584,6507368
2015-09-04,228.98338317871094,231.27080598455214,225.2936280962834,230.39722125332815,11404592
2015-09-07,226.316650390625,232.14439328356426,225.29363058829406,230.12135124375752,5381740
2015-09-08,230.82249450683594,232.19035136323805,224.60393394245898,226.833883687586,7444488
2015-09-09,233.638671875,235.63873024532552,231.0409013624899,233.22487008183683,6553120
2015-09-10,232.42025756835938,233.78811451167599,229.0408504235362,230.58112595555338,4463740
2015-09-11,232.3052978515625,234.48926651023626,231.45469672557655,233.22486360258304,4301760
2015-09-14,234.42031860351562,235.0180307717225,230.69607423998602,231.92598790710665,5060344
2015-09-15,232.91453552246094,234.40882999456693,231.7535724381944,234.0180117109547,4332728
2015-09-16,235.25942993164062,236.35141441283972,232.54671339516477,234.2364241165288,4254052
2015-09-18,241.3285369873047,244.14470710218393,237.05256185403115,237.93763827755214,7841168
2015-09-21,242.06419372558594,242.5354824284591,238.24800122602574,238.61582193750357,4276688
2015-09-22,236.9376220703125,243.68493033056046,235.70770845905838,241.39752169083326,6025212
2015-09-23,241.20208740234375,242.17912602145063,234.17892075451576,234.30535824010818,5161152
2015-09-24,241.70785522460938,242.30556733029772,238.16752158841408,240.6963273195652,8252836
2015-09-28,240.5584259033203,243.68494410185403,239.79977287104197,242.53548681835474,5777108
2015-09-29,244.7884063720703,246.88041277661355,235.6616997453145,237.24795622802753,10418840
2015-09-30,245.7080078125,246.67354073559693,243.99529956889336,245.52408341623257,9027796
2015-10-01,245.44357299804688,247.5700685708615,243.53546304267897,247.17923633054016,5034788
2015-10-05,252.50128173828125,253.98409850630574,247.63907170318038,247.63907170318038,8053372
2015-10-06,249.65060424804688,254.6967383192235,248.97243570835855,254.4898304054967,4758964
2015-10-07,250.06443786621094,252.50128175156422,249.05290982052017,250.12191073172835,4386268
2015-10-08,248.99537658691406,250.7425456624633,247.2252239833147,250.14483361858012,3881908
2015-10-09,249.69662475585938,251.73115864464924,248.32875367706814,251.73115864464924,3443228
2015-10-12,248.40924072265625,251.84610699597127,247.77703917611228,250.05294229333157,2217340
2015-10-13,247.4436492919922,248.7770308878079,246.71948563328056,247.2597529751723,1823652
2015-10-14,249.374755859375,249.77706590570264,245.30568833025845,245.7079983765861,2749148
2015-10-15,249.23681640625,252.07597014735472,248.512652739891,249.593131309244,3925952
2015-10-16,252.89205932617188,253.22539064884077,249.4321823458849,250.5816394073867,4843688
2015-10-19,252.37481689453125,253.3633331815557,251.5701969092491,252.88056680297,2654220
2015-10-20,251.70819091796875,253.5473227861239,250.85757559119185,252.42084890429382,3851356
2015-10-21,251.7311248779297,253.80014782213183,249.43221049548282,252.6277070996679,7273204
2015-10-23,254.83470153808594,256.0301259899555,251.96105808366457,252.7541724519151,4467048
2015-10-26,253.22544860839844,256.14505898770193,252.19093701626244,256.08758612147216,4887984
2015-10-27,255.3864288330078,256.0990867472784,251.85760053035824,251.85760053035824,8984032
2015-10-28,255.5243377685547,258.3979807933922,254.04154919290656,254.04154919290656,7694760
2015-10-29,253.69671630859375,256.21401641563835,252.88059045060763,255.17950490924952,6702368
2015-10-30,252.7886199951172,255.63927944321904,250.68510772164706,253.34036505973685,8097460
2015-11-02,248.99537658691406,251.93799781314544,247.47809891769808,251.74259573034539,3156552
2015-11-03,249.40927124023438,251.0414951289457,248.09887297186145,250.80009785076723,2548592
2015-11-04,248.673583984375,252.44380958534498,247.8804696632069,250.59320014831184,2696444
2015-11-05,248.24826049804688,248.97242413095623,245.86888975813267,247.9379126733484,3596952
2015-11-06,248.48965454101562,250.3517695282286,247.1907623372156,248.44365941684953,5881004
2015-11-09,244.7884063720703,245.9033741971861,241.61589340664432,243.22513341981892,11429432
2015-11-10,242.4435272216797,244.83440400956883,241.9492549718928,243.69645251187637,4402580
2015-11-13,241.8572998046875,242.53546832507308,239.31698817668348,241.2480818783012,3940028
2015-11-16,243.90335083007812,244.83442253531175,240.2940658732719,241.09868604122835,4734732
2015-11-17,243.86888122558594,244.55855563169573,241.66190067569593,244.4436098973441,2567404
2015-11-18,241.06417846679688,245.02980613737606,240.53544494847299,244.07575096926095,2446720
2015-11-19,245.73098754882812,246.20224820473106,241.29407113947963,242.53549063779312,3277680
2015-11-20,246.1792449951172,248.34023016199208,243.68492846258886,244.81140214070751,4648160
2015-11-23,245.07577514648438,247.2482379788716,243.4665351038511,246.90340082687877,3408280
2015-11-24,244.68496704101562,246.78847948855136,244.16771126192924,244.8918749652346,4002252
2015-11-26,244.59300231933594,245.29418248224675,241.63890273520343,243.4550508422674,8791484
2015-11-27,248.1448516845703,248.78853094557664,243.9033373389158,244.79991966048752,6925072
2015-11-30,247.76553344726562,248.51268072975563,245.91489587623622,248.09886485582243,5247776
2015-12-01,248.97242736816406,249.40922671297284,246.7884587070398,247.60458453715412,1895332
2015-12-02,247.77699279785156,251.20235263127347,246.40912196088217,250.58165699965275,2562284
2015-12-03,247.53562927246094,248.51266797634574,245.36316620310956,246.55859056857614,3807712
2015-12-04,243.43206787109375,246.81146104218539,242.76537703747843,246.81146104218539,5859828
2015-12-07,244.1331787109375,246.23669078608071,243.9377766193487,245.570000065145,5814808
2015-12-08,241.213623046875,244.12175573264813,240.69636724334347,243.91484779865084,4902660
2015-12-09,240.79977416992188,242.99524861579053,240.202062047027,240.71931777965287,3890616
2015-12-10,243.82286071777344,244.42057286160923,239.61586411610887,240.23655979183823,6514340
2015-12-11,240.5469207763672,243.8228740434791,239.5468985495174,243.6849447816588,3033920
2015-12-14,242.54693603515625,243.65039793214748,239.11004272149654,239.31695059684344,5878016
2015-12-15,243.55848693847656,244.24816129261404,240.3055453517986,242.07569830224955,4557416
2015-12-16,245.3631591796875,246.7539856335347,243.53550528933604,244.37461470594357,6842768
2015-12-17,248.34022521972656,249.20231810986678,244.83438079982298,246.88042020500637,4878012
2015-12-18,246.67352294921875,249.43222031677757,245.63901143638418,249.43222031677757,3172128
2015-12-21,247.22528076171875,248.25979232780682,245.76547560882338,246.3861713233073,3097500
2015-12-22,245.16769409179688,247.47811409227964,244.60447133691179,247.0183312514208,2429536
2015-12-23,246.92642211914062,247.81149866535597,245.78847056870998,246.58158491441333,3013968
2015-12-24,246.90338134765625,247.45512635989923,245.5930114986316,247.40913123884403,2146352
2015-12-28,247.65057373046875,248.25979170822907,245.46660487417776,246.90342649015867,7755428
2015-12-29,247.81149291992188,248.2482923150341,246.28273713141346,248.0413843844101,4231612
2015-12-30,246.9723663330078,248.73101326420107,246.5700563437695,248.28273621564549,2112560
2015-12-31,248.7770538330078,249.40925536015854,247.13332424983133,247.13332424983133,9290008
2016-01-01,250.2943115234375,250.6391486920117,247.39768491999837,248.83450645572418,3195076
2016-01-04,246.0988006591797,249.2023352774879,245.54705555889615,249.2023352774879,5187536
2016-01-05,244.23666381835938,247.08732319765215,243.99526658875268,246.029800156441,3160872
2016-01-06,245.31715393066406,247.5356119746907,242.91479956945142,242.91479956945142,4165536
2016-01-07,242.81134033203125,244.81141280181177,241.31704589430942,243.70792260724863,6055428
2016-01-08,244.2252197265625,244.71949204454538,243.0527787356464,244.13325751762423,3488356
2016-01-11,243.3630828857422,243.91482797725706,240.30554344442083,241.8573107289133,3288912
2016-01-12,240.68482971191406,244.58150642251894,239.89171547623573,244.58150642251894,4258736
2016-01-13,243.7194366455078,244.31714882822175,238.39744374017025,241.84581563612258,4515148
2016-01-14,241.3285369873047,243.08721210020096,238.9721497483241,241.42049917506836,6279184
2016-01-15,239.58139038085938,242.63892995765096,238.65031874374253,240.92624980775523,5417260
2016-01-18,235.8341522216797,239.42045343973754,234.71918423627608,238.08709978917545,6495388
2016-01-19,238.12156677246094,238.52387679583202,235.9375980741608,236.14447792155838,6405212
2016-01-20,234.0984649658203,254.7197312103512,231.70760226142275,235.63874051499096,9563588
2016-01-21,235.17897033691406,237.53535786961532,232.97201787009072,234.71918740370407,6300804
2016-01-22,236.857177734375,240.0641523121796,234.96055919577933,235.7996545891503,4236284
2016-01-25,239.35150146484375,240.6273822422081,237.48938623374264,239.07561487247008,10143884
2016-01-27,238.08706665039062,241.08713299377516,237.47784874431946,241.029660135899,4039468
2016-01-28,237.17898559570312,240.6733522945359,236.7881813758817,238.85720431994278,9951972
2016-01-29,241.35150146484375,242.5239420932422,237.98358655218473,237.98358655218473,5360184
2016-02-01,243.62745666503906,245.29416962641818,242.2366022100304,243.22514663987857,4609484
2016-02-02,242.25965881347656,244.89190509911117,241.43202701476085,244.83443222769623,6528628
2016-02-03,239.97216796875,241.7078595220674,239.5468744280786,240.12160301355865,4850244
2016-02-04,241.20208740234375,242.51248544689784,240.3630060974467,240.92622889976388,5675992
2016-02-05,242.59295654296875,244.5585396974834,240.37449840194128,242.02973370651193,7523904
2016-02-08,238.13304138183594,243.22514236626563,236.85716073364,242.5354680495371,3481924
2016-02-09,235.88015747070312,237.14456057420728,234.6387379019506,236.0295644780508,5535460
2016-02-10,232.8685302734375,236.8226657342878,232.21333126935878,235.38584427550933,7682280
2016-02-11,224.21315002441406,232.88006133241632,222.58092618442217,232.1903869158346,8803600
2016-02-12,223.3165740966797,226.7764378290796,222.07515457652445,225.06374361326857,12542144
2016-02-15,223.8223114013672,227.19022677592184,223.24758277304457,225.2936223024573,10912960
2016-02-16,223.78782653808594,225.7533955566507,221.15556672657635,225.63844983589885,7136096
2016-02-17,224.12118530273438,225.27064257881474,220.46590555221445,224.58096821316653,7503924
2016-02-18,227.46609497070312,227.87989676888418,224.60394365013855,226.67296667250423,6799856
2016-02-19,227.4315948486328,228.190233781208,223.79931296580335,227.3051573651136,3328660
2016-02-22,227.30516052246094,228.97187345675965,225.98328474698266,225.98328474698266,4002396
2016-02-23,223.00619506835938,226.55802072621927,222.0751375155026,226.4200914707814,6078320
2016-02-24,218.304931640625,221.36249937955554,217.569290170754,220.69580851209062,6463468
2016-02-25,216.70718383789062,220.06359343995595,215.6841640654895,219.3164462175168,8463196
2016-02-26,220.92568969726562,223.2246042622736,217.24742639325288,218.39688367575687,6209388
2016-02-29,223.42001342773438,225.89134666299026,213.33927835511238,220.9486801924785,8812752
2016-03-01,226.2476806640625,226.84539283345634,223.42000454722773,224.13267647538592,4322560
2016-03-02,231.546630859375,232.39723188230326,228.74195285228154,229.4316270819869,6358976
2016-03-03,233.53521728515625,234.48927238833994,232.19035795316012,232.36277653579862,4610400
2016-03-04,234.61570739746094,235.6157435850757,228.30518453326582,233.44326666048917,5704624
2016-03-08,233.14443969726562,235.40886506208474,232.07543875017046,235.40886506208474,1913688
2016-03-09,235.59274291992188,236.76518357162715,231.4431914848695,232.8800128871843,6528172
2016-03-10,234.77664184570312,235.81115336423989,232.2133465816334,235.59276771327274,2671392
2016-03-11,236.4893035888672,236.9720980437803,232.88001935123668,234.46627583600556,4730856
2016-03-14,236.2249755859375,238.6158242653281,235.69621401477127,236.3284155154205,3008656
2016-03-15,236.029541015625,237.56983057180892,234.8686060282915,236.30542759399225,7690036
2016-03-16,236.89163208007812,237.76523081027824,234.24789445157418,236.0985178072572,4803548
2016-03-17,234.12147521972656,238.8572338195409,232.45476208672207,237.92616215455533,5113484
2016-03-18,236.42037963867188,237.2479832700528,233.4202849041289,235.16746839359888,4135068
2016-03-21,240.37445068359375,240.7767606477467,237.3054059982103,237.47782455427583,5318796
2016-03-22,242.27110290527344,242.90330440304265,239.2480246760835,240.5814063329109,4120264
2016-03-23,241.23660278320312,242.08721804003957,239.2135747323278,242.08721804003957,8464300
2016-03-28,240.81126403808594,242.07566685642433,239.46640483480044,240.23653548429576,11270868
2016-03-29,242.25965881347656,243.57002905656728,240.0641839002552,240.81133122864958,6733952
2016-03-30,244.82290649414062,245.96088609325477,242.28262262219138,243.22517202406675,7814380
2016-03-31,246.24827575683594,248.02993480889955,244.84594327682916,245.25973112213342,20080392
2016-04-01,244.7079315185547,247.45515105797176,242.94928445694592,245.70798173058458,5158648
2016-04-04,245.7654571533203,246.6275500603224,244.60449414672277,244.8803526517954,6179960
2016-04-05,243.09873962402344,247.57014584568984,242.6849517887175,245.75399750133622,6663028
2016-04-06,244.02976989746094,245.28266705283076,242.93778552910206,243.9148241744758,4295376
2016-04-07,242.6504364013672,244.7769324096217,240.7078647865631,244.60451381435783,3911692
2016-04-08,243.5355224609375,244.45508833840395,242.36308157975247,242.53550018177742,2962796
2016-04-11,246.20223999023438,246.92640367866582,239.74229578335667,243.7539184698502,4049620
2016-04-12,244.37461853027344,246.21375018431124,243.51252556744322,245.89189653227024,4941480
2016-04-13,248.68507385253906,249.4207152609072,245.86890361478208,246.4436322347325,4974604
2016-04-18,250.075927734375,251.0414605883928,246.35166944833315,249.087383285278,4117068
2016-04-20,252.38636779785156,252.88064011611831,249.09893631409773,251.01852465148485,3821352
2016-04-21,250.84608459472656,254.06456519386506,250.35181231870268,251.7311611469049,8191728
2016-04-22,251.07594299316406,253.07598730543234,249.47818063987384,250.46672506170577,7809320
2016-04-25,251.3288116455078,252.88057883380617,249.31726158660254,252.88057883380617,5561960
2016-04-26,256.06463623046875,256.3290170624458,251.15645842217228,251.73118715998044,7053796
2016-04-27,258.4439392089844,258.62786358158786,254.94960063287195,255.14500273943864,5763636
2016-04-28,256.08758544921875,261.31761626239916,255.2599817902671,258.4439729584539,8089584
2016-04-29,260.317626953125,261.1567365166661,254.30595878780133,256.0531565880779,5611940
2016-05-02,256.9382019042969,259.77735588926305,256.55887537382085,259.26010009213843,3862716
2016-05-03,257.0186462402344,260.92680096839536,255.90367829801983,257.91522852574974,4695296
2016-05-04,259.1681213378906,260.81185082300414,256.1565489462604,256.9036961610464,5292328
2016-05-05,260.30609130859375,260.8693141169896,258.0991110124562,259.31754688166046,5214248
2016-05-06,257.39794921875,260.29457566925527,256.8462041655778,260.2371028108606,2733152
2016-05-09,262.3981018066406,263.21419960134745,257.248527808962,257.47841925472517,6953180
2016-05-10,263.2027282714844,263.80044043242896,261.1796722743722,262.88087462699997,5453000
2016-05-11,261.8004455566406,263.2257615995198,259.708410503194,260.8578679774277,6147372
2016-05-12,264.168212890625,264.8349035903715,260.352021107722,262.9957723154384,4221688
2016-05-13,262.283203125,263.91542707007824,259.7773803041711,263.91542707007824,5045316
2016-05-16,267.3177795410156,268.0304373974539,260.3635634320077,263.22570065500986,4518768
2016-05-17,265.16827392578125,268.80056995339856,264.6740297732526,267.8350371171561,4295424
2016-05-18,262.2257080078125,264.6050790837744,260.1221954676722,264.6050790837744,4162644
2016-05-19,261.9153747558594,262.6969833386138,260.2371557243399,262.09927110236197,3855796
2016-05-20,262.283203125,264.0303728135757,260.6049840447674,262.0647893745995,2016632
2016-05-23,261.3291015625,264.3636574282708,260.51297570302614,262.5245258580047,3463532
2016-05-24,262.0647277832031,262.9153429229248,261.0532279284927,261.70841289985896,3259468
2016-05-25,269.7316589355469,270.3408488489972,263.5245895686499,263.5245895686499,5767348
2016-05-26,272.0190734863281,273.31796586434496,268.11091861688584,270.3753439139487,13705560
2016-05-27,272.835205078125,273.5708465495595,270.51327880413044,272.01907914266076,5775184
2016-05-30,271.2144470214844,274.72029174882294,270.8351205039748,272.88116008857975,3814532
2016-05-31,271.7087097167969,272.62827551459435,270.6741981942747,272.62827551459435,5515640
2016-06-01,270.1569519042969,271.9500884351139,269.2028967430501,271.9500884351139,5675632
2016-06-02,270.1108703613281,271.40976229329766,269.2028106198423,270.05339751533756,7910616
2016-06-03,269.37530517578125,272.42136687288314,268.7546094890874,271.2948931609933,4524420
2016-06-06,269.22589111328125,271.8236759128697,268.98452191093423,270.3523649130034,5547308
2016-06-07,269.8236389160156,271.2719665728891,268.432812196343,270.57078628157655,5628504
2016-06-08,267.27178955078125,270.8121234323451,266.90396884970517,270.3063734762306,4742812
2016-06-09,266.5361328125,267.63959485223654,264.94987631352717,267.2487906416272,4648184
2016-06-10,266.98443603515625,269.59369844056977,265.8004894276213,266.30626746710084,6322312
2016-06-13,265.0418701171875,267.81204537526236,264.61657652833776,265.46716370603724,3323236
2016-06-14,264.80047607421875,265.98442272138857,263.05330656780365,265.52463979533604,3828768
2016-06-15,268.8695373535156,269.1798851762473,265.11078996435896,265.52460576994736,3045824
2016-06-16,267.16827392578125,268.7085349526477,265.60500131049463,268.1798016143248,4727768
2016-06-17,268.9730224609375,270.81215423844816,267.9500166348667,268.283348044371,3761652
2016-06-20,269.4442443847656,271.0994513488818,266.3981831336546,266.4441501915235,2742764
2016-06-21,268.2028503417969,270.2258781477833,266.94992517354825,270.1224382263963,2670968
2016-06-22,269.31781005859375,270.12243006303686,268.0534071944689,268.0534071944689,3803840
2016-06-23,273.59381103515625,273.9961210756012,268.39826983970846,268.92703140374755,3926732
2016-06-24,267.1108703613281,269.4097847666018,263.6854822848864,266.63958168307903,11173964
2016-06-27,266.6625671386719,268.74309591562474,265.07633863792347,267.13385582032157,4163788
2016-06-28,268.27178955078125,269.6856274396168,264.3751410877423,266.96141964186154,4034980
2016-06-29,270.7866516113281,271.064774307852,268.79333521097163,270.0217717560048,5420668
2016-06-30,272.67559814453125,273.4984225126117,269.36118508494854,271.41241759514264,16278892
2016-07-01,272.2236022949219,274.65727434608976,271.5978122276352,273.49838289315267,4304876
2016-07-04,271.8296203613281,273.38252376145164,271.505125060231,273.08120063330756,7249852
2016-07-05,270.16082763671875,272.1773161720998,269.3264312707786,271.8296486618535,2136328
2016-07-07,274.8079528808594,275.5264599674452,269.07143983421855,270.69388796862205,4832616
2016-07-08,272.30474853515625,274.7963654288733,271.470352257306,274.68047627102595,3118868
2016-07-11,278.0760498046875,278.57437886994785,273.74180637612693,274.8890977856715,5102532
2016-07-12,278.6322937011719,280.42857555645577,277.10256255403175,280.42857555645577,7046032
2016-07-13,277.6124572753906,278.58591481265705,276.5810551634476,278.08761410503814,6687072
2016-07-14,278.2151184082031,278.6323307279792,276.32611932168146,278.36577998441413,3459668
2016-07-15,283.62713623046875,284.16023771640624,276.99828153129795,279.01477001469937,5774216
2016-07-18,284.49627685546875,287.0574385123423,283.38375793730603,283.9284313101488,4438484
2016-07-19,282.38714599609375,285.26120318387757,281.3441434250375,284.85559107291124,2586004
2016-07-20,285.5971984863281,287.0574130350533,283.1751266657863,283.46484952916444,4690332
2016-07-21,284.7629089355469,287.3820159185793,283.3490664914601,285.24963786964116,9112904
2016-07-22,285.2727966308594,286.1651375951018,283.11724671799675,285.8638144311086,5620272
2016-07-25,289.0160217285156,289.59546764263774,284.39205465112434,285.78272484501736,9872884
2016-07-26,287.12701416015625,288.7146901042448,286.2810175744983,287.96141051170423,5665992
2016-07-27,286.69818115234375,289.1550539750517,285.0873331481974,287.6368946641569,10734736
2016-07-28,289.3636474609375,290.0126381082714,286.3737296107477,286.94157520722473,10646528
2016-07-29,288.8421325683594,289.72290150623917,286.2462266881643,289.2593448638292,3395676
2016-08-01,287.9382629394531,291.79734993175686,284.542704365834,289.49116660715293,5560864
2016-08-02,288.1699523925781,291.2178141986942,287.49778970898024,289.0275207277994,5329396
2016-08-03,287.50946044921875,289.71135490831176,285.3191662256344,287.660122044545,4733876
2016-08-04,287.63690185546875,288.95802699310417,285.9217365886551,288.934854819212,4662880
2016-08-05,289.5490417480469,291.03242852912024,287.8107044952069,289.12025755099626,5784912
2016-08-08,289.63018798828125,290.8817965964303,288.4597244281276,290.39506777472025,4728776
2016-08-09,289.0739440917969,290.39509765036064,286.872049787446,290.39509765036064,4210856
2016-08-10,284.3688049316406,289.9430561295561,282.71158441049016,288.56398654729264,3619720
2016-08-11,284.6817321777344,286.24623589619534,283.23311762360385,284.34566491847727,2856072
2016-08-12,284.7859802246094,286.24619480284656,282.6304590534604,285.3306818533678,4641496
2016-08-16,284.4615478515625,287.0458535249187,281.3325404831827,285.78267297868854,3468568
2016-08-17,286.2230529785156,286.82567095176387,284.16022027221214,285.8753854985741,5511036
2016-08-18,290.3023376464844,290.8586112575111,286.14192823663564,286.9415521008764,6111656
2016-08-19,289.0507507324219,289.7229135505097,287.7411975045229,289.7229135505097,4110636
2016-08-22,289.79254150390625,290.7543992182329,287.6369910913962,288.5757049179032,5501292
2016-08-23,290.0589599609375,290.6500059793923,288.80737969897655,289.95467103685786,5314524
2016-08-24,292.4578857421875,293.01413105703966,289.0391556361746,290.1980471975349,5570936
2016-08-25,291.70458984375,293.61676081259765,290.7195320719194,292.96777025738595,8729888
2016-08-26,291.3685302734375,292.4810775643876,290.6268509416394,292.0406930828343,2521136
2016-08-29,286.96478271484375,290.9977318495462,286.52439817087645,290.9977318495462,2944184
2016-08-30,294.04559326171875,294.47437752705457,288.32065135470117,288.5872021012356,9867608
2016-08-31,299.2721862792969,300.15295530328024,293.3154941593059,294.1267183628283,11161364
2016-09-01,297.5338439941406,298.9940588546862,295.61010074645463,298.53050217429137,5224676
2016-09-02,297.8582763671875,298.7622173615315,296.9427634342324,297.95099334231867,3955188
2016-09-06,301.404541015625,302.21576515723484,299.0056409983722,299.0056409983722,5508884
2016-09-07,298.24078369140625,302.47073846301544,297.3947870784334,301.5436250884162,4016444
2016-09-08,298.85498046875,300.2108780229419,297.5106548549555,298.9940418062884,2905380
2016-09-09,299.0867614746094,300.037046965095,296.2822493516627,298.9940444843357,4013768
2016-09-12,296.653076171875,297.69607860746333,294.70613263345973,295.4478119370218,3985728
2016-09-14,294.2309875488281,295.9809252448282,293.2923022951467,295.5173685882192,3849508
2016-09-15,296.58355712890625,297.5802153045907,294.3237183221083,294.82204740995047,3501812
2016-09-16,300.8135070800781,302.3548386698554,297.55703844214656,297.55703844214656,6525816
2016-09-19,299.02880859375,301.89126521952267,298.530479541455,300.6164844450832,5894832
2016-09-20,298.63482666015625,300.1529862864759,297.6150244764918,299.6083127808238,3778248
2016-09-21,299.68939208984375,300.84828378392666,298.50732822053004,299.45761375102717,4256400
2016-09-22,302.9111022949219,305.2404575136251,301.43931557187506,302.4707178134012,6555800
2016-09-23,304.2554016113281,305.5881270050507,301.65949563998714,302.71409835579925,4876808
2016-09-26,300.41949462890625,303.3746684007465,299.8516207320905,302.72567774531535,5576772
2016-09-27,300.8598937988281,302.737292745624,300.1181861145503,301.0800719105599,4056812
2016-09-28,300.2108459472656,301.31179288279895,298.76223155840603,301.28862071122717,4989652
2016-09-29,296.0968322753906,302.7025150306538,293.8833377892199,300.8366880579179,16450012
2016-09-30,295.01904296875,296.9080420251406,293.75586238204113,296.0041008755469,4138428
2016-10-03,298.3450927734375,298.97091131950106,295.8419034689534,296.9080782630812,3900548
2016-10-04,298.8897705078125,300.1529511470756,297.2093775380702,298.66956410823843,2775512
2016-10-05,298.090087890625,301.3234123893288,295.8418495326065,300.8482555220895,3647020
2016-10-06,297.12823486328125,300.29201489719253,296.45610030460625,298.32189898585824,2895712
2016-10-07,296.8153381347656,298.47255893329077,295.80710800901755,297.60339015363644,3337464
2016-10-10,297.6844482421875,298.5072725087205,296.3864954457085,297.83510979295045,4719312
2016-10-13,292.6781005859375,296.44449863346983,291.21788571790006,296.44449863346983,4519356
2016-10-14,292.4578857421875,293.8948999609739,290.650003589165,293.37339875836176,4067116
2016-10-17,286.8720397949219,293.5240951217841,285.7247483304465,293.31548895735557,5135360
2016-10-18,291.5423889160156,292.04071802208534,287.1733727217172,288.14683046448874,2610968
2016-10-19,291.6582946777344,292.7360697141934,289.2593943019108,292.2956851699862,3044904
2016-10-20,290.9977111816406,293.7674510778955,289.9547086326025,292.0986583167364,3200356
2016-10-21,294.5207214355469,295.04222269366755,289.7229211781385,291.1135911997936,3956408
2016-10-24,292.8635559082031,295.946191097228,292.28411001253045,294.76412712870695,3255664
2016-10-25,289.79254150390625,293.8950078194121,288.34392652056925,293.8950078194121,5501796
2016-10-26,287.2428894042969,293.1995810377227,286.2578315233401,288.1815746443159,5366540
2016-10-27,290.2096252441406,291.3453446568231,283.7314325971149,287.1733349481335,11623860
2016-10-28,291.8204650878906,292.48102755063906,287.4282495503654,290.76586255923667,5320536
2016-11-01,291.994384765625,292.9330701332699,289.0392107209623,291.11361569383473,3402416
2016-11-02,288.8305969238281,291.04406319353734,287.7528219361371,289.9778884406651,6474432
2016-11-03,290.8702087402344,292.0407006434481,285.4929627123549,288.56402563578797,6315812
2016-11-04,288.26275634765625,290.371962214354,287.81079982951184,290.371962214354,5734920
2016-11-07,289.5954284667969,290.8470371306372,287.4051345250166,290.186474536549,5671392
2016-11-08,290.71954345703125,291.5771118805562,287.42827450277895,289.97783589442133,5348164
2016-11-09,290.0126037597656,291.43804599233977,277.0561908682118,278.1339656437313,13645468
2016-11-10,296.3402099609375,297.37161226372416,290.6732125330377,292.90987918806036,10700736
2016-11-11,295.70281982421875,297.13983422626393,293.33866376159835,295.2856074916226,7139320
2016-11-15,290.8238525390625,298.76226014971235,289.873567067679,296.0968094191292,12512524
2016-11-16,288.4132995605469,293.8948615887339,287.4166699238521,293.8948615887339,8647744
2016-11-17,285.1336669921875,289.46793838562087,283.9632034971066,287.0110939466605,4815624
2016-11-18,280.7762756347656,286.4780169147087,280.26634633097194,286.4780169147087,6879900
2016-11-21,277.8326721191406,282.6536726876957,275.4337720686337,282.6536726876957,5552520
2016-11-22,277.68206787109375,279.710128465264,275.66557921865086,279.710128465264,10017784
2016-11-23,274.5993347167969,278.82928859616516,273.75333828227343,278.82928859616516,3532692
2016-11-24,270.1376037597656,274.9586036297921,269.07142925771626,274.4255022321429,15285996
2016-11-25,275.6539306640625,276.5578433573479,268.39925889477155,270.94882007598267,5969960
2016-11-28,274.5298156738281,277.879029323359,273.0580290226353,273.55635806178367,4130180
2016-11-29,273.20867919921875,276.49991983918596,272.68717800880665,274.58774880767504,3932644
2016-11-30,278.0412902832031,278.5975639564092,273.7533910043399,274.65733218664303,6442840
2016-12-01,277.49658203125,279.96502669481373,276.51152421238777,278.66707381566897,4476984
2016-12-02,275.6076354980469,278.58598169278355,272.7335782454649,275.5844633212632,4062672
2016-12-05,277.28802490234375,277.89064295703616,272.68723028796796,275.2599643285913,4551936
2016-12-06,276.84765625,278.79460017108636,275.8625982005538,276.97514566781956,2702964
2016-12-07,273.8692932128906,279.5015184457129,270.48533495522105,278.5628048091573,5628192
2016-12-08,278.01812744140625,279.4203977591423,275.1208981016667,275.1208981016667,4309696
2016-12-09,277.739990234375,278.667103574664,275.35266206582935,277.9253959264805,4387952
2016-12-12,274.5298156738281,276.3145256869116,273.7533639721675,276.2797532807847,3425272
2016-12-13,274.947021484375,275.89730690103437,273.1623398065818,273.5563516180684,2526868
2016-12-14,272.50177001953125,275.35265478281616,271.968696838917,275.1208764538744,4314144
2016-12-15,272.71038818359375,276.8592261130046,269.69726977466195,269.83633111950024,4941488
2016-12-16,274.0315246582031,274.65731481770194,271.53990766724087,272.7103712312298,3255828
2016-12-19,272.74517822265625,273.38256869651417,271.29656350934283,272.75677845766523,3160436
2016-12-20,273.93878173828125,274.6572888183121,271.5746260737686,272.57128409310974,4189992
2016-12-21,273.4984436035156,274.6573353137,272.33955189333125,274.4255569716631,2658876
2016-12-22,271.8992004394531,273.3825876674747,270.8098534167503,272.6640803784627,2805716
2016-12-23,274.947021484375,275.64235641752833,271.0183904293591,271.41240224084567,4752516
2016-12-26,272.3395080566406,274.9122415804831,271.20378870481824,273.16233235572884,4183864
2016-12-27,274.7036437988281,275.0976839047968,272.0845658517174,273.33617439395437,4899296
2016-12-28,275.0629577636719,276.96352892259637,273.73023224680554,275.793065227215,6507840
2016-12-29,279.3392028808594,279.9765932219189,273.8344681171635,274.65729242019495,8100816
2016-12-30,279.57098388671875,280.91530939087295,278.1223694612295,278.13396969393364,4066540
2017-01-02,277.46185302734375,280.4749715328303,276.2913893530886,280.3243099489049,3708656
2017-01-03,275.7929992675781,278.58591075031234,274.8311136833236,278.3193883452861,3847500
2017-01-04,274.773193359375,276.27975241195696,274.37918153984646,275.7814233743757,6967120
2017-01-05,274.9353942871094,276.8591653974592,274.216887251969,275.58438481170276,6776384
2017-01-06,276.6622009277344,277.7631479620645,275.39899209134103,275.8393765637236,5525260
2017-01-09,277.02142333984375,279.09585617939973,276.3145164740067,277.8674198255509,4573796
2017-01-10,281.4599304199219,282.02780414507026,277.04457144799835,277.2531492518842,5546116
2017-01-11,286.01446533203125,286.9647508466879,281.7265661354003,282.1901228053063,9343404
2017-01-12,286.2462463378906,288.2627065534956,284.0443521352915,286.2462463378906,2916316
2017-01-13,285.66680908203125,287.33560184212536,284.7628678814574,287.1733683185693,3850412
2017-01-16,289.1781921386719,289.59537608899535,285.7362901555724,285.8985236429346,3765864
2017-01-17,287.0574645996094,290.279189077747,286.5359633518507,289.0275804244755,3559612
2017-01-18,288.0077209472656,291.11355594481745,287.60210890673744,287.61370913948133,4612888
2017-01-19,286.54754638671875,288.5408342665275,286.24622325546494,288.5408342665275,3512412
2017-01-20,286.55914306640625,288.56403135252646,285.08735627599,286.4780263066046,13942068
2017-01-23,288.48291015625,289.7229185891608,286.4316775512895,286.47802190096223,4793848
2017-01-24,293.79058837890625,294.70610132447075,289.54903427416053,289.7228679949575,10261864
2017-01-25,299.1330871582031,300.2919787311802,294.38163170899696,294.96107749548554,15636984
2017-01-27,299.4344482421875,301.31184716974803,298.5305070420273,301.0800688257713,6852236
2017-01-30,297.82354736328125,299.6777739631059,296.80374536797973,299.6777739631059,5319628
2017-01-31,298.21759033203125,299.61983223555256,295.9809238160394,297.23253244149237,6101040
2017-02-01,302.6329345703125,303.62959264208706,296.79213234976527,298.1132574279303,10910664
2017-02-02,301.0105285644531,302.6329769968642,299.5966863034317,302.6329769968642,5971636
2017-02-03,303.87298583984375,305.0202772370742,300.5005998767984,301.0800456922184,8005104
2017-02-06,304.5798645019531,305.9473621581281,303.9656463359402,304.16268052950574,4310220
2017-02-07,302.9690856933594,305.48387521382034,301.9955996158136,305.0203184987766,3411920
2017-02-08,302.621337890625,305.64602767807105,300.8830006702828,303.0617223117615,4940960
2017-02-09,300.7671203613281,305.92418759990136,299.58505667540624,303.4905154199005,4465376
2017-02-10,302.146240234375,303.3399043514097,300.848287180997,300.92940394184785,3296736
2017-02-13,303.6759338378906,304.78848105562224,301.12637239940256,303.0617439441284,2795792
2017-02-14,303.8845520019531,304.55671479370994,302.2389315761018,304.55671479370994,2446060
2017-02-15,306.4573059082031,306.8745182321648,303.03857543696114,304.0931781877645,6126940
2017-02-16,307.7784729003906,308.96053681243984,306.0053628856892,306.6427533404786,5043700
2017-02-17,319.1703796386719,337.0057118763094,315.3228364970895,334.91970678216444,402259960
2017-02-20,326.5988464355469,328.07063320525333,315.0215299108889,315.496658522044,10566716
2017-02-21,328.09381103515625,329.54242553004275,323.88702888335547,325.8919170029287,6260028
2017-02-22,324.2926025390625,328.84705163029633,323.2959445673045,327.96628280440564,5296776
2017-02-23,323.1685791015625,329.438166772072,321.48818598929404,325.37047352453493,34494980
2017-02-27,323.0062561035156,324.10720310650805,319.52958135722366,322.38046596648365,4681376
2017-02-28,322.19500732421875,323.62044951969665,320.8970545103098,322.8439978777979,2928008
2017-03-01,322.5543212890625,323.6784405402724,321.3374850464299,323.6668403063745,3481736
2017-03-02,319.87725830078125,323.56253929959183,318.98491741480177,323.22647204813603,4601988
2017-03-03,319.1587219238281,320.89705918920845,317.3044955074225,320.89705918920845,2492824
2017-03-06,320.02789306640625,322.14867020545285,318.25478338316236,319.11238008342576,3679124
2017-03-07,321.2911071777344,321.59243032164323,318.97332389613695,320.3755940988046,3112876
2017-03-08,322.6817626953125,324.304210919769,320.0974570866725,321.68513290481167,3782144
2017-03-09,323.1453552246094,324.1883577704698,320.2365539893293,320.2365539893293,3509316
2017-03-10,324.5128173828125,326.3438717537174,322.90196938996525,323.33075361962767,5860704
2017-03-14,326.9696960449219,330.08713172366186,326.0310107349053,329.61197480481997,7155020
2017-03-15,328.337158203125,329.12521013957434,326.9349163612278,327.0276050534264,4271860
2017-03-16,328.510986328125,329.7857670498432,327.65341788717865,328.68482006290475,4980108
2017-03-17,330.4810791015625,330.8635189502424,327.46796124071966,328.7891145095003,3390464
2017-03-20,332.8568115234375,333.72598014987915,330.5042561158856,330.66651790210443,8142344
2017-03-21,333.9809265136719,334.91963993598245,332.37007866311336,332.37007866311336,5557280
2017-03-22,331.65167236328125,333.0655147491459,330.4696083453701,330.90996460987543,5636544
2017-03-23,331.65167236328125,332.60195801323897,329.79744541965346,332.4628966511184,4922472
2017-03-24,330.13348388671875,332.47443953982975,329.5888104282767,332.138372252968,3810364
2017-03-27,326.7726745605469,330.05234360544546,325.428377215634,330.05234360544546,5864084
2017-03-28,329.171630859375,330.2146335278689,327.52601008551403,328.7312745895063,8061400
2017-03-29,331.1185302734375,332.5555729548213,329.1252422116516,329.3106762006219,8575772
2017-03-30,339.8333740234375,343.02032604119444,330.2957184376256,330.97945318958864,34321092
2017-03-31,334.3518371582031,337.0056876868542,332.9611671952587,336.95934333872384,9651392
2017-04-03,332.1847229003906,336.10178270938997,330.5159300826334,335.15149712446555,4149052
2017-04-05,331.9877014160156,335.2673706032081,330.87518235401785,332.6598642642616,5744080
2017-04-06,333.4131774902344,334.45618013097544,330.2957698035445,331.79072893797047,6124416
2017-04-07,333.4942626953125,334.91970516139776,331.11853468292196,331.6864085984218,4648360
2017-04-10,332.4049377441406,334.45617055354114,332.0572702071827,334.45617055354114,3393876
2017-04-11,333.6448669433594,334.03887874089355,331.7906405206106,332.3700862777196,4356260
2017-04-12,334.6183776855469,336.06699230857646,332.71780661743384,333.52903080633035,3565092
2017-04-13,333.83038330078125,335.8236715385805,333.0771036306109,334.45617355562,4804236
2017-04-17,333.0190734863281,334.6415215898799,331.03735769969006,333.830297538104,7137056
2017-04-18,335.4527893066406,337.237471135555,333.2972395140399,333.7607961753946,3638860
2017-04-19,335.8467712402344,337.64305314300304,333.29720982985305,335.38321462016506,4338144
2017-04-20,338.8946838378906,339.7986249647893,336.76230627017424,336.77390650373485,5781372
2017-04-21,346.87939453125,347.4356681041426,336.8434112210692,339.78698428330426,17258032
2017-04-24,355.3277587890625,356.7068284524586,346.97213917695285,347.2270896659944,20206952
2017-04-25,356.2548522949219,358.21336763990416,354.52808695991837,355.7912956884646,9057780
2017-04-26,359.40704345703125,359.95171682899803,340.35484932503203,357.6223334871443,7795852
2017-04-27,363.5675048828125,364.8075133650495,358.35249214076043,358.35249214076043,16180420
2017-04-28,358.4451599121094,361.55099495506107,356.26643811820287,361.55099495506107,5437728
2017-05-02,357.0776672363281,359.4649952035172,354.70193950221574,358.5610541143266,4007040
2017-05-03,357.935302734375,360.2414859062268,356.78798297236096,360.2414859062268,2507964
2017-05-04,355.7333984375,357.6107972847612,352.90568578597674,356.76480070677974,5131028
2017-05-05,355.1307373046875,357.6107823515535,353.7632678254207,357.4253483747449,2757896
2017-05-08,355.7333984375,356.93863445732717,354.284783849605,356.4750777892007,3747252
2017-05-09,355.95361328125,358.236624448788,355.23510603013614,355.7334351584633,3345836
2017-05-10,359.67364501953125,360.41532440196323,356.2549144504451,356.9386492469604,2342244
2017-05-11,358.4219665527344,361.57414575450844,357.1703580818574,359.4881410674632,3875744
2017-05-12,359.63885498046875,360.85569122507263,356.0578627703968,358.3061295697122,6147604
2017-05-15,360.0444641113281,360.925204790919,357.46013006865064,359.2564121292971,2804780
2017-05-16,361.4930725097656,362.03774591827766,358.85079392956044,360.4152976331125,3590376
2017-05-17,360.91357421875,362.82574513396105,359.6040212060467,361.29601406044196,3472472
2017-05-18,360.90203857421875,361.9218689034909,358.8160335661295,359.0246397255891,3107280
2017-05-19,361.86395263671875,363.8688410433652,358.1554989988084,361.4583405200723,2854136
2017-05-22,365.2825927734375,366.2097059530655,362.2926471104874,362.7562037003014,2860052
2017-05-23,363.683349609375,367.03256324814083,362.73306417338574,366.2097389098719,3080172
2017-05-24,363.1387023925781,365.1551625677391,362.03775531336015,363.6718038745535,3467388
2017-05-25,374.8203125,377.6595968946489,363.2197963702765,363.2197963702765,20090804
2017-05-26,376.8715515136719,378.26222144545665,371.10026563811465,372.38664664231646,5443156
2017-05-29,378.2391052246094,381.97073110159874,374.93626364803305,375.4345927726239,5916340
2017-05-30,377.5784606933594,378.60986283772314,374.5885148874142,377.7986387667516,4434184
2017-05-31,379.2356262207031,380.8117299076751,376.21093651661846,376.63972069383567,5318912
2017-06-01,377.47418212890625,380.08168833829467,375.6083835505846,379.8846824166804,3359540
2017-06-02,378.7837829589844,381.5303508527663,376.917955852898,378.7258383692706,3213544
2017-06-05,379.0851135253906,379.87313732623926,376.6398404745453,378.65630091855223,2899900
2017-06-06,379.8730773925781,380.99722491216335,377.7986726850137,378.9575643190168,5002632
2017-06-07,380.3018798828125,381.2521653389345,377.87977945579496,380.2091628958916,2554276
2017-06-08,381.21734619140625,384.6129038316362,380.49883914405603,381.0203403016366,4248768
2017-06-09,386.3280944824219,387.069773749552,380.13959669263147,380.13959669263147,5305272
2017-06-12,386.7800598144531,388.46045258368446,384.7519995757257,385.67911282771536,3971412
2017-06-13,388.6227111816406,392.14575874266063,384.983802749891,385.15763649586484,5051620
2017-06-14,387.34796142578125,389.3760219580347,386.3745036876017,388.2287304599477,3858360
2017-06-15,385.76025390625,388.3677600919112,383.268636884396,386.6062504606929,3526692
2017-06-16,386.8960266113281,388.1592073533525,384.3116922441452,385.9109685834125,3755104
2017-06-19,392.3775329589844,393.09604010949624,386.698963983346,387.3015819710897,3825532
2017-06-20,390.9057312011719,392.6324683426391,389.352799503913,391.70535507618655,3660264
2017-06-21,393.72186279296875,394.31290888920825,389.29490206820526,389.9902371022494,3410932
2017-06-22,393.5596008300781,397.7316107328705,391.9834968828332,392.8526656125816,6675460
2017-06-23,389.07470703125,394.6605592364063,388.2750548009354,394.48672548545795,5217468
2017-06-27,386.525146484375,392.86427829556715,383.88286780355935,391.4736082839014,6000432
2017-06-28,386.2469787597656,388.22869475777054,384.24211888114104,385.91091150548533,4449036
2017-06-29,388.02020263671875,392.4182490765758,385.2320304802496,388.94179898626703,9187708
2017-06-30,385.4537048339844,387.3085748693215,383.3421617531899,385.8620120665273,4330432
2017-07-03,386.9819641113281,389.05850395160877,384.3338054778336,385.5820534524318,3504332
2017-07-04,385.7570495605469,388.8718451390883,385.44207535260557,387.3669525448931,3766080
2017-07-05,384.68377685546875,387.1919500783323,383.8088327079582,385.69870637033,4014200
2017-07-06,386.8769836425781,388.00857239980814,385.29040683076227,385.57040605233556,4571676
2017-07-07,388.9884338378906,389.5484037067373,386.8419159021042,387.5068676608124,5517396
2017-07-10,391.12335205078125,407.8406235820754,387.5535970910179,389.1751488185937,1309252
2017-07-11,392.06829833984375,394.4948157258668,388.96515180561414,391.4033465057242,4410280
2017-07-12,392.2666015625,393.1415456552045,386.9702847138302,391.97495353159854,5738892
2017-07-13,392.8032531738281,395.07810786027517,391.89330560299857,393.8415087920641,4481004
2017-07-14,391.9632873535156,393.3865525697522,390.1084172167866,392.8849122460995,2443252
2017-07-17,392.5232238769531,393.75982285036014,391.27497607172234,392.5699046480023,2399340
2017-07-18,392.8032531738281,393.80650533140647,391.35666182292505,391.9049544357154,2322188
2017-07-19,394.84478759765625,395.7547066830075,392.406592933212,393.14155167859474,3987244
2017-07-20,399.1844787597656,400.1410785574427,393.8764848605342,395.21806573616414,3698476
2017-07-21,397.3529357910156,400.19940904527334,396.64130323682537,399.931087173304,3873508
2017-07-24,404.8308410644531,405.9741071774685,395.47477681943053,398.9745536054432,19678176
2017-07-25,405.89239501953125,410.4071007499502,404.35249914389453,410.4071007499502,11160468
2017-07-26,407.73565673828125,409.47386774732763,404.224202776208,406.4407279862363,3895344
2017-07-27,417.558349609375,419.6932190202099,408.66892278916185,409.70717844910786,17961712
2017-07-28,414.95684814453125,416.8233956762469,410.89710156679877,413.4402782750123,9255396
2017-07-31,416.3333740234375,417.87326982402624,412.1686461259642,414.7351486206958,7369140
2017-08-01,419.31988525390625,422.1080576759133,413.48692430567553,415.7384529279435,8516860
2017-08-02,418.0250244140625,421.6064570776014,415.7851728950705,421.6064570776014,7397916
2017-08-03,415.2951354980469,418.106634022227,414.0002352771881,417.17336028557025,4256784
2017-08-04,417.6983337402344,419.21490358763646,412.0753650791946,414.6068644359148,3545068
2017-08-07,417.30169677734375,419.1448896220629,416.4734049436376,416.7067233777797,1918660
2017-08-08,414.8168640136719,419.3315701732294,412.0636950036741,418.129974499851,4035372
2017-08-09,411.6787109375,414.61854607273096,410.25547414673633,413.206958115239,3270056
2017-08-10,410.7453918457031,412.04032044003975,408.9721775898899,410.6404099515685,7788444
2017-08-11,408.0855712890625,410.17375963989383,403.90916610614903,407.1406203479037,6359836
2017-08-14,409.98712158203125,414.12852359107853,407.8406034825191,409.0071955977437,3577084
2017-08-16,415.59844970703125,417.59333365812637,407.9689485070162,411.18872572336284,4426832
2017-08-17,411.9003601074219,415.5284445883388,409.18219471428085,414.43185936492733,5454868
2017-08-18,408.80889892578125,410.8737613658665,406.674029563149,410.64044293238226,3707464
2017-08-21,406.7206726074219,410.40711516513596,405.5540804665318,409.2405230242459,4009724
2017-08-22,407.6072998046875,409.240528825084,405.2274631960397,408.6105804525755,6609556
2017-08-23,413.54522705078125,414.8284783760305,408.30723985203764,408.30723985203764,3360524
2017-08-24,411.2237548828125,414.12855809926987,410.4421437967331,414.11690926589864,7878276
2017-08-28,411.16534423828125,413.24188366341224,410.2553967956677,411.20034769400667,1507784
2017-08-29,407.40899658203125,410.4071328168185,405.5074456143437,410.4071328168185,4918596
2017-08-30,412.63531494140625,412.973615267627,408.31892404736607,408.7622062731027,2694320
2017-08-31,414.4784851074219,415.27177341117584,409.8004679960415,413.44022955774875,7303436
2017-09-01,412.4136657714844,415.6451204451294,410.8970959227967,415.54013854041443,2295172
2017-09-04,408.5172424316406,411.8070265794524,407.397302581586,411.8070265794524,3642524
2017-09-05,409.55548095703125,411.7836832502294,408.5405515309746,409.94046204450166,3682436
2017-09-06,410.6170654296875,411.29369449841727,405.5073866791944,406.8489675039386,5751632
2017-09-07,412.1686706542969,414.54850717126357,410.6637497404406,410.6637497404406,6946420
2017-09-08,417.0917053222656,417.6399979473423,413.2069476898007,413.7669176291094,8311664
2017-09-11,425.4211730957031,426.73942798172817,417.68666109130874,418.33996411768106,11477676
2017-09-12,428.18597412109375,429.28258783795957,424.2429154135185,426.4360858847424,6687680
2017-09-13,429.7375793457031,431.40581195133893,425.57285072971456,428.1393536672293,4995376
2017-09-14,429.1659240722656,432.22238979643777,427.3227027865996,429.3409128940456,8154016
2017-09-15,431.3940734863281,432.0590537563372,427.77763804155035,428.37261139432104,3767332
2017-09-18,434.0772399902344,435.01051366355586,432.2223699570088,432.4673656887566,4084928
2017-09-19,431.5690612792969,435.83879967071306,431.0674494715296,435.11551827971545,4241468
2017-09-20,431.3707580566406,434.3105644723983,430.5308174351745,431.1724430945414,3446128
2017-09-21,429.095947265625,431.28914634877276,427.1360666278918,431.1724871260655,7712496
2017-09-22,425.59613037109375,429.06090326187245,424.63953053153153,428.09265458989347,8243524
2017-09-25,419.91485595703125,425.2111730713913,418.2466234403371,425.2111730713913,10149228
2017-09-26,418.1766357421875,419.179887907859,416.47339980147825,417.4183508405882,11438732
2017-09-27,414.49017333984375,421.27973366903063,412.97360360907595,419.03988253214715,7337220
2017-09-28,418.8766174316406,419.7398842892051,411.4104271607932,413.9069231401055,27646464
2017-09-29,421.3031005859375,425.1062025944049,419.09825269495053,419.9965230030839,6213632
2017-10-03,422.03802490234375,424.87284944580273,419.29653342459073,421.8397099385015,4394424
2017-10-04,419.273193359375,422.74964345242824,418.4215754451159,421.816369788857,6625104
2017-10-05,419.6465148925781,421.13975851375284,418.36326355084645,418.8065742560589,3336196
2017-10-06,419.99652099609375,421.0114505207258,418.57328419869253,419.50655796502184,3030660
2017-10-09,418.9232177734375,420.6731059011461,417.7566256882984,419.6931799421301,3062492
2017-10-10,420.6031494140625,423.4613003653469,418.2583161305376,419.7398825600543,3798180
2017-10-11,417.67498779296875,423.5312746144555,417.08001441161366,420.7314534904376,5267440
2017-10-12,424.3595886230469,424.97785970194286,417.17336930295494,418.829924525077,5381560
2017-10-13,431.8257751464844,433.16735616095673,425.1061927597559,426.2027780225619,6433464
2017-10-16,433.30731201171875,437.06373290011624,429.7725322311566,433.9722638164773,3274544
2017-10-17,431.9307556152344,432.5023743922166,429.0959309152157,431.63910756957927,2613288
2017-10-18,435.95550537109375,437.47207523189763,429.0726113874452,429.5392482676926,3926720
2017-10-19,431.2657775878906,435.1388577028288,429.4575598145947,434.3922501437754,570008
2017-10-23,434.74224853515625,436.23546372456025,428.3843212222505,433.9489601650016,4162892
2017-10-24,435.6288146972656,438.54529493663097,432.3390306835121,434.6722148750043,11328872
2017-10-25,418.82989501953125,434.6722216219161,416.4733846457972,433.9722663536038,21367208
2017-10-26,418.8882141113281,422.306334615377,410.13877347703163,412.50696110496494,28571464
2017-10-27,417.8849792480469,421.72305597213847,415.07348081573133,420.99977454611326,7472088
2017-10-30,423.47296142578125,423.70627986182853,418.19997046736404,419.56487762198964,5422352
2017-10-31,421.9563903808594,422.65634568699295,419.7981948536142,422.65634568699295,4682460
2017-11-01,424.9195251464844,425.80614659765524,422.773006923261,423.4962883801349,4190612
2017-11-02,425.1295166015625,426.92608564777805,423.9279209597358,425.33950889024413,4737944
2017-11-03,427.13604736328125,429.3059202002734,425.01285530201983,425.969455188824,3810488
2017-11-06,426.64605712890625,429.30589281323876,425.24614660886306,425.8061165131308,6148244
2017-11-07,425.5028381347656,430.4608551071045,424.81456011228437,428.8393033015948,7446376
2017-11-08,426.02783203125,427.81272395231144,424.40628012147465,425.8528431856804,3283144
2017-11-09,426.4710998535156,428.1393323761915,424.8962004019956,426.27278487809366,3113308
2017-11-10,425.1061706542969,428.0926578889359,422.8546421551846,425.0361637342456,7744360
2017-11-13,423.1346435546875,425.37449475168876,418.80657535282967,425.10617286510063,3335872
2017-11-14,420.521484375,424.4062420948237,419.9731917375936,423.68296062752665,4712468
2017-11-15,420.0314636230469,420.82475190578134,417.1733131276255,419.5064972055205,6148368
2017-11-16,421.7696838378906,423.70623805852216,418.8532036750429,420.90641710218836,4012972
2017-11-17,425.93438720703125,428.9091966023561,423.04123354983824,426.669317331466,6358772
2017-11-20,428.874267578125,429.2358940472531,426.7393982982609,426.7393982982609,2392424
2017-11-21,430.76416015625,431.6391042865606,428.3959723472918,428.71094653795274,2275532
2017-11-22,432.8640441894531,433.97230680090706,430.3675482256275,431.56911542988377,5660796
2017-11-23,429.97088623046875,433.97230321713585,428.83929748015896,433.738984774546,3232580
2017-11-24,431.9657287597656,433.4589723449685,429.53921149396746,430.0058483342651,5203684
2017-11-27,433.40069580078125,434.4389515050552,430.61252324989806,431.40581167177606,3870472
2017-11-28,435.2205505371094,436.5388054320194,433.0040253358244,433.03902879841155,5090540
2017-11-29,437.0754089355469,437.58869806863953,432.9923365728696,435.13885465103317,3274584
2017-11-30,432.50238037109375,437.22707877602056,429.3059291390279,436.0021569673358,5796312
2017-12-01,431.2191162109375,433.9722851111334,430.26251633248097,432.78236679982143,3858148
2017-12-04,427.9293212890625,432.78235596344297,426.99604758100884,432.78235596344297,3641932
2017-12-05,424.7445068359375,426.63440882533973,421.606385475453,426.0394354610831,3893360
2017-12-06,420.74310302734375,424.95448326793854,419.7398224649714,424.6278317954509,6395120
2017-12-07,422.2247314453125,423.84628325229966,420.6964842317087,421.5247761074034,4231304
2017-12-08,429.39923095703125,432.33903738764764,423.2396188997263,423.2396188997263,8956400
2017-12-11,430.79913330078125,432.04738114259635,429.30588972721876,431.1724370738588,3198232
2017-12-12,424.6162109375,431.615763746576,423.6945860622197,431.42909761249933,2410588
2017-12-13,424.95452880859375,430.47251553047926,423.49628857983197,424.651231929764,2907460
2017-12-14,428.8509216308594,429.30588114500694,422.7729655623655,425.5727865263547,3683092
2017-12-15,437.1103820800781,440.50517647987897,432.92232783814376,433.0389870480166,12450124
2017-12-18,438.3935852050781,443.0716303993189,422.14298184088716,432.80562105883973,12297988
2017-12-19,439.6885070800781,441.8233760502906,437.7403042148428,438.5919220367717,4952112
2017-12-20,435.8738098144531,444.0282771597041,434.8238769297641,443.04835119316186,9343504
2017-12-21,435.9088134765625,439.80521968016706,435.1855035928824,438.6153014398823,6854544
2017-12-22,437.8570251464844,438.6386361689391,434.38057494017147,438.405317745445,4470904
2017-12-26,435.9205017089844,439.29197025597887,433.2023361865386,438.87198567144685,6785696
2017-12-27,433.2139892578125,436.37546533562056,431.9074117630877,436.32878456147665,3489384
2017-12-28,438.1836853027344,438.84863712659455,433.5056394266462,433.7156317081951,8700520
2017-12-29,436.865478515625,438.452026912436,435.8738750871469,437.8920854084183,6345872
2018-01-01,432.68896484375,438.8135727311312,431.75569126091096,436.93534825316783,6580516
2018-01-02,436.8537292480469,437.47202874492336,433.63395220523535,433.63395220523535,4776316
2018-01-03,432.2574157714844,438.2303621697606,431.91908694300224,437.4720772358851,4531288
2018-01-04,433.94891357421875,435.255490965294,432.3390108596568,432.3390108596568,2373776
2018-01-05,434.8122253417969,435.85050945572596,432.93402904792623,434.67223997847327,2870868
2018-01-08,434.11224365234375,436.4687539823326,433.44729185604155,435.13885038972813,4570308
2018-01-09,434.83551025390625,436.2704241747234,432.80565147506815,434.438880348559,5305528
2018-01-10,434.95220947265625,435.81550475967117,433.34233507711565,435.1855279046191,4615888
2018-01-11,436.9004211425781,437.7053583034603,433.0973194833679,434.9521895399674,4059096
2018-01-12,435.2088623046875,438.2069983198087,433.97226328025886,437.0054027547983,4336708
2018-01-15,442.780029296875,444.33160247821263,433.93725552772156,436.29376586145315,12576444
2018-01-16,443.34002685546875,445.63820772786687,439.86357650207384,444.109960596822,6445384
2018-01-17,441.0885009765625,443.89999950832237,440.2718864547862,442.60507080271833,2905496
2018-01-18,451.3078308105469,455.90419228809475,447.51640648880607,448.9046396941117,16649540
2018-01-19,455.4842224121094,457.28079139118796,447.7963916245769,451.5061603151383,11455988
2018-01-22,458.0857238769531,463.83702874756364,455.70588733523647,457.30411284971063,8849768
2018-01-23,455.27423095703125,458.8673117344211,453.407683651893,458.47068182457986,5047796
2018-01-24,456.755859375,459.4040180284814,455.11095294587983,455.5659410022083,4790568
2018-01-25,460.7922058105469,461.97047523331474,455.087581789182,455.8808701196716,8723668
2018-01-29,466.55517578125,468.2583831275852,461.50382638368177,461.50382638368177,8235892
2018-01-30,465.5869140625,467.0801576690488,462.93875565220617,466.12355782901454,6397560
2018-01-31,467.9667663574219,469.7866615144193,463.60372308376014,464.1636930152404,6943348
2018-02-01,464.572021484375,470.13666062982185,463.2071142949265,468.0367946518226,6521420
2018-02-02,454.5043029785156,464.2803509205568,452.9877331790493,463.3704033446263,7346124
2018-02-05,446.5364685058594,451.5294885699681,444.6699210786227,447.50474567998907,7926784
2018-02-06,442.5583801269531,446.1048086357407,428.44261604616736,433.97225107870173,10749804
2018-02-07,436.958740234375,444.9382186573335,434.5322230152949,444.9382186573335,8364972
2018-02-08,438.8603210449219,442.9783973265265,435.48888088170986,439.571953700049,5171444
2018-02-09,431.52239990234375,435.06882834683466,430.2624747903202,431.1490961420686,6408952
2018-02-12,437.8570251464844,440.0385467099038,432.8406790413609,433.9722676990568,4381108
2018-02-14,439.3736267089844,442.8150737046766,437.3904199657041,440.9252000338017,3577188
2018-02-15,439.08197021484375,442.0801064198968,437.4720673108888,440.9018369261044,4915224
2018-02-16,438.3120422363281,442.10346711597487,437.62376418914107,439.54864143573093,3583520
2018-02-19,438.2186279296875,440.41182668824666,433.75060314626137,439.245234633827,3654552
2018-02-20,434.7188720703125,440.0035400199082,433.69229379947717,439.7468954521994,4084068
2018-02-21,433.3656921386719,435.9671985368898,432.15241911716254,435.8271846827209,2753072
2018-02-22,432.3857116699219,433.97228841793,429.6675746914474,431.639104071597,13253596
2018-02-23,438.7669982910156,439.770250481816,431.7324417160376,433.24901155722256,4076748
2018-02-26,445.9998474121094,446.758132294568,439.4669315016969,440.528513248387,4788884
2018-02-27,443.9000244140625,448.3797272209315,443.30505097945615,446.746498085744,4787328
2018-02-28,439.6186218261719,442.2434544467589,438.17205879666216,440.8668983463009,4066364
2018-03-01,437.3204040527344,441.7418054959263,435.8388376829858,438.4753473976598,3909840
2018-03-05,436.29376220703125,438.1719868552214,433.56394812231906,437.27371664657693,3781464
2018-03-06,430.76416015625,438.61533118182126,429.1892607216909,436.30547298155045,4576828
2018-03-07,427.5793762207031,432.4324112647783,426.62277629332687,429.30593840837923,5628164
2018-03-08,432.3040466308594,433.62230145448046,427.43936306946904,429.2592582130304,5518724
2018-03-09,431.88409423828125,435.1972045747498,430.2391879028755,432.79401333658683,4108108
2018-03-12,435.6638488769531,436.17713804277474,432.43239424012285,434.0189425134606,6557116
2018-03-13,434.0306091308594,439.74691066221595,432.8056873741401,435.7104904332872,5124200
2018-03-14,435.0221862792969,435.8154745893041,431.1724324184181,433.0389797449048,3680392
2018-03-15,438.8253173828125,440.38853948145044,435.18552706620113,435.18552706620113,5870924
2018-03-16,432.3390197753906,438.89526149181626,430.83412740234826,438.6386169334778,7896336
2018-03-19,430.9974365234375,433.97224627613684,430.0408367305845,432.3390173923019,7838740
2018-03-20,429.18927001953125,433.0156981285685,428.1976666503641,430.4958475861829,3657372
2018-03-21,433.7156677246094,434.7189199600379,430.0759056401072,431.17249095078057,5921140
2018-03-22,435.780517578125,438.6386684764422,432.82903360728517,433.7156550743672,6673224
2018-03-23,429.6675720214844,432.3623828360008,428.6642913662939,430.85749033446916,7190152
2018-03-26,441.7767639160156,443.3050110043477,427.7893356191955,429.2825792472503,10501768
2018-03-27,441.57843017578125,443.07167374035095,437.7053501510786,441.8584293648424,6136836
2018-03-28,440.0618896484375,443.235014632791,437.7170564915962,439.326930890135,8837508
2018-04-02,450.58453369140625,451.64614392407515,441.08848512900124,441.08848512900124,4596368
2018-04-03,447.0147705078125,449.30127395518144,445.8715045435017,448.8929667165885,4079884
2018-04-04,439.3969421386719,449.1263094729365,438.27700225963594,446.3264882566009,3714108
2018-04-05,445.3815612792969,446.57147958821844,441.01848950491245,443.60834688940844,4858892
2018-04-06,448.7646789550781,449.4762830857494,444.65828023760565,446.15149542122913,3720008
2018-04-09,452.41607666015625,453.1043545807418,447.1314089498721,447.6913788330399,4003536
2018-04-10,448.16973876953125,453.33774813078344,446.4548538591117,453.33774813078344,6067236
2018-04-11,447.7030334472656,447.9713553198794,444.56491216838486,447.0147555177905,2870812
2018-04-12,450.02459716796875,450.9811970304485,444.68159944856467,447.0381098847965,4712516
2018-04-13,449.13800048828125,452.63777711546265,447.7614159853389,449.83795581371754,3297172
2018-04-16,453.1277770996094,454.9709986364908,447.9364413459366,447.971444811314,2847744
2018-04-17,454.6209411621094,455.2042372118426,451.26115021939523,453.45434906264285,2667832
2018-04-18,450.91119384765625,455.78755474957177,450.31624893763126,455.2042586723391,2712720
2018-04-19,452.40447998046875,453.7577383992151,451.00456926366485,452.6377984332694,3169032
2018-04-20,456.34747314453125,457.53739131145727,450.80616103660304,452.8710232205704,9361380
2018-04-23,451.6461181640625,461.7371395307657,434.0422552879445,461.7371395307657,15304620
2018-04-24,451.47119140625,454.5160085082362,449.3713253997093,451.47119140625,5037416
2018-04-25,448.1463317871094,452.1710743217066,446.1047957188354,449.81456409914915,4020592
2018-04-26,450.36285400390625,452.45104234891915,445.9298042818111,447.224732829976,7847480
2018-04-27,448.7646789550781,451.5878262932621,446.22150234351005,451.0045302117673,5777008
2018-04-30,453.6409606933594,456.09080380792966,450.0245256194699,450.30449629720687,4609552
2018-05-02,459.5206298828125,461.5038364601184,454.03764699261393,454.970920676052,7100048
2018-05-03,459.1473388671875,460.7805678585979,454.0376596120957,459.1823423275398,4152772
2018-05-04,463.95367431640625,464.30365194349935,458.7740168279294,459.63728358225814,6881436
2018-05-07,461.3638916015625,463.67374986707745,460.803921646096,462.3554949772566,5264128
2018-05-08,458.948974609375,461.94711038250136,456.0441434121629,461.7954477247653,7100564
2018-05-09,461.5971984863281,462.0871615046239,456.40586329648823,456.40586329648823,4327332
2018-05-10,464.9336242675781,466.40354176970897,462.4371284580106,463.9770244004192,7171672
2018-05-11,469.37835693359375,470.60327870513663,463.37040729221684,464.9336293986366,6057068
2018-05-14,471.7115173339844,473.02977210798286,469.52999579537754,470.64990712665974,4742916
2018-05-15,475.45623779296875,481.80248675874395,472.86638081764374,472.94806504107703,9826684
2018-05-16,472.08477783203125,478.069400474188,470.6382151479378,473.7646873968252,6841604
2018-05-17,473.1114501953125,477.00785661480046,469.5533441095137,472.2015026148247,6615476
2018-05-18,469.4716796875,472.39980886447876,467.45346959295676,472.39980886447876,5217460
2018-05-21,465.01531982421875,471.53655871177347,463.3820907737574,470.39329268019964,4848108
2018-05-22,464.28033447265625,469.89162544314,463.2537277177514,466.33351950121323,3960372
2018-05-23,459.05401611328125,465.23695457681464,458.0974162359288,463.790391687282,5726292
2018-05-24,463.3703918457031,464.36199515151594,456.45249485125254,458.9606679188967,4520744
2018-05-25,468.666748046875,470.36998408412626,464.2803783792882,464.3037045274857,4759588
2018-05-28,476.4828796386719,478.7694116129504,468.0367639842001,468.4567485447829,5103940
2018-05-29,474.24298095703125,478.93267516815644,473.35638811304386,475.50290603138217,3351244
2018-05-30,477.9178161621094,479.0027240477461,470.43994928703137,471.2332091429264,4866996
2018-05-31,502.3613586425781,507.186687902472,488.401995757936,493.09816879407,39639192
2018-06-01,495.587158203125,502.0208922641919,493.33297223903986,496.8551019789664,21151356
2018-06-04,480.4654235839844,506.4822321382231,478.52825232059064,504.8385716723132,88796324
2018-06-05,484.5511779785156,485.33775260065056,475.0179233679337,481.357757243828,17105460
2018-06-06,483.0836181640625,484.83293121066305,480.1837082910383,483.7527884472992,9782000
2018-06-07,484.22235107421875,488.3550059418528,482.10907337910896,486.80524603490846,10563896
2018-06-08,481.2051696777344,483.99936991371237,477.8356423405238,483.47105040743907,6180888
2018-06-11,479.5497131347656,484.398488784009,478.7278828670071,481.8038417591053,7091188
2018-06-12,479.9136962890625,481.99174729390575,478.6340004979173,481.80388889191755,5234256
2018-06-13,477.0020446777344,482.48484986278504,475.2762067456696,481.8273741443,7897960
2018-06-14,478.3991394042969,480.1836793749646,475.4875064715419,476.66154969739756,16927576
2018-06-15,476.5676574707031,478.75138950543726,474.85357142590306,475.7223520151556,10880816
2018-06-18,474.1139221191406,478.7279181234205,471.7540835683752,476.68506553807373,7487404
2018-06-19,475.13531494140625,479.17401235530576,474.14913005245774,475.47577602699977,10981152
2018-06-20,482.80181884765625,483.2362378131534,475.4875517840795,475.7223604516272,9051712
2018-06-21,483.142333984375,486.2417969096168,480.6650910933606,483.70585185211553,13510704
2018-06-22,489.18865966796875,490.4683554387491,481.3225693179536,482.98967645902167,7848980
2018-06-25,491.9124450683594,492.5816727537202,486.77015777760755,489.11824463664294,6992336
2018-06-26,491.61883544921875,493.80256725469764,488.36677019856864,489.8225722934453,9161932
2018-06-27,496.0567626953125,497.6769194033197,490.7500644269583,491.4544903567578,19126804
2018-06-28,500.34210205078125,502.49057855659777,495.7280770621572,496.62036151738516,37533540
2018-06-29,495.08233642578125,502.490561543714,494.2957617649609,498.19355135122714,19458120
2018-07-02,486.81707763671875,495.0705795000736,484.46899092437474,495.0588849275805,9864876
2018-07-03,486.1008605957031,489.57604011550626,485.0207751907673,486.8170384505867,6863100
2018-07-04,493.9317626953125,494.98840165351896,485.81911211759416,487.52147488359344,6097992
2018-07-05,498.6748352050781,499.9075805304821,491.34881730794274,494.2721733286354,9735968
2018-07-06,496.655517578125,501.4456486698457,495.7632905252457,496.22115595003027,8121344
2018-07-09,499.12109375,500.14253453275205,494.9180409208489,498.228866544772,6182296
2018-07-10,503.9932556152344,504.7446891446481,498.96837351367554,500.1189129503046,10950736
2018-07-11,504.42779541015625,506.17710877942994,501.26962982514374,503.6764190270309,5857920
2018-07-12,508.5838317871094,511.84770672457074,505.30826227711367,505.51956715143496,8020668
2018-07-13,512.09423828125,514.418878658986,507.9146895485436,509.15912971820387,7161188
2018-07-16,509.2647399902344,514.2426716753322,508.067192999946,511.74192527239535,9017336
2018-07-17,511.11968994140625,512.1176266278659,507.9497734079463,507.9497734079463,6361924
2018-07-18,510.99066162109375,521.2752937467711,510.3918879940895,513.5266069478326,17460272
2018-07-19,513.3152465820312,515.0528077762041,509.76961280243404,512.5873167884447,5304776
2018-07-20,514.0079345703125,517.248305707058,509.79313037593937,513.3152604536332,10006964
2018-07-23,506.35308837890625,511.4132261172792,502.03263226418625,504.83858409189634,16880132
2018-07-24,507.1280212402344,509.3000014214925,504.13421072012187,504.13421072012187,5208792
2018-07-25,509.6169738769531,511.13147819651647,507.1866814312297,508.2785187176676,7038616
2018-07-26,514.841552734375,517.3891926058208,508.3608100088076,508.3608100088076,21281092
2018-07-27,517.0838012695312,519.384937307219,512.986402144105,517.0368510088285,10554596
2018-07-30,509.5112609863281,516.3442155551755,507.0457701889978,516.3442155551755,7169120
2018-07-31,511.76544189453125,513.2681942923431,504.85033876296575,507.18667331598414,8860944
2018-08-01,506.8814392089844,510.7088318045563,505.2377786008778,507.8441776385513,6071560
2018-08-02,500.189453125,505.707457264457,498.1114306427529,505.66050699236786,8905704
2018-08-03,498.1817626953125,504.1459369609755,496.3854994051974,500.97602010100854,13604008
2018-08-06,496.45599365234375,501.8800396559748,494.53057398015,498.0292003115873,5744632
2018-08-07,500.3537902832031,501.1991244566728,494.97669447395936,498.96844201003967,7428456
2018-08-08,501.6335144042969,505.26129681328734,500.85863434452847,501.5161100717966,9945380
2018-08-09,497.4421081542969,502.9601112421543,491.84189911119523,502.9601112421543,8944408
2018-08-10,496.49114990234375,498.6866337606767,492.62855898661405,498.61617969879643,5442940
2018-08-13,491.1374816894531,494.02563950177796,488.40198389289253,489.341218477302,10054252
2018-08-14,490.538818359375,494.27225330415473,490.0926474879071,492.62859260433095,4935964
2018-08-16,487.392333984375,489.97522929677376,485.20860193680744,489.10644870241555,10625160
2018-08-17,487.7798156738281,491.46630034357423,486.44136038794585,489.0829579369203,6065328
2018-08-20,492.2059326171875,494.8827859055283,487.2280001770316,487.2280001770316,7811136
2018-08-21,492.1707458496094,495.9159328354428,491.3723619407192,492.6286113109654,7776320
2018-08-23,488.37847900390625,494.74181622955956,487.6623584959617,494.2721989384067,12574552
2018-08-24,486.01873779296875,491.59544358226884,485.12645340141387,486.2887448269696,9714628
2018-08-27,488.50762939453125,490.39785043413013,486.1125927034991,487.69755104222565,12574788
2018-08-28,491.888916015625,492.6872424831356,488.12022577430554,490.28045385668395,9973532
2018-08-29,488.04986572265625,491.70115234404045,486.6997157453143,491.2549814339839,9873692
2018-08-30,485.1382141113281,490.2569972361471,484.14027726774924,489.24736582018244,21827460
2018-08-31,483.9876403808594,488.1085441854921,483.2949662392251,485.866109823305,15771500
2018-09-03,487.23968505859375,488.15541583376285,484.52763377259936,485.9129818327431,7661608
2018-09-04,481.7804260253906,487.9206496299713,481.122950303974,487.67408906864836,7130536
2018-09-05,480.38330078125,483.752799385921,477.9647887335589,482.2500468628833,5641508
2018-09-06,481.8742980957031,483.47100837444475,477.27205430714184,481.1229218840395,10402412
2018-09-07,482.98968505859375,483.7058629714643,479.18579604806587,481.59258492935595,5919300
2018-09-10,479.2796936035156,482.5317877542872,475.5110032119931,482.5317877542872,8598592
2018-09-11,469.7112731933594,480.88816024773365,468.2437189933846,480.4889969706077,18186536
2018-09-12,472.3997802734375,474.63046246498146,467.1635645375021,470.0634456538761,12246008
2018-09-14,476.5676574707031,478.3991765103619,474.0669394730345,474.2782730027131,10334672
2018-09-17,467.7857666015625,475.0061323658206,466.7995817673198,474.61872103583096,9338220
2018-09-18,467.0813903808594,471.93019510209257,465.14421887209676,468.41981698481396,9325736
2018-09-19,460.5419616699219,469.14770483101194,459.40314539633374,468.4080518159874,16712264
2018-09-21,462.63177490234375,469.5821056940648,448.5315030219591,463.48883226720335,22610148
2018-09-24,452.1710205078125,463.08962308700353,449.65857933657696,461.9273316970658,13390792
2018-09-25,458.4404602050781,460.69461773967225,449.65861007720304,452.1710514202,16682552
2018-09-26,462.1503601074219,464.45149627617934,459.1213515405001,460.9176147305513,14726724
2018-09-27,464.0171203613281,466.3299798358366,459.08613870143256,462.4321619706474,18352208
2018-09-28,471.03790283203125,473.2450812069738,464.25192712831097,465.07375740162604,14460716
2018-10-01,477.9412841796875,479.4792923957831,469.1007609012587,471.91846487224274,12449588
2018-10-03,476.931640625,481.874345980571,471.2610054545353,476.76725735643737,15332148
2018-10-04,459.6966857910156,473.7969582608804,456.2332578173635,471.4958217690509,17970584
2018-10-05,461.4694519042969,467.2692141014966,455.564008616562,458.804350792834,15729180
2018-10-08,456.702880859375,462.3382891578969,453.18075067279887,461.39905444147655,20128020
2018-10-09,455.66973876953125,461.3990765468179,453.1807723844064,456.5620232581469,12459364
2018-10-10,461.9038391113281,465.4494439747444,454.47213964591634,456.7028218089937,15939932
2018-10-11,454.9534912109375,457.4776840871296,450.2690416521059,452.0066313181174,14359904
2018-10-12,465.35552978515625,468.9363617939593,455.9984105636386,456.70283653258343,9600320
2018-10-15,471.5075378417969,472.1532616522276,462.6435109895203,467.2692300935213,12585968
2018-10-16,467.91497802734375,473.89084722487723,466.68223250751254,470.3217668993951,9406004
2018-10-17,463.6531982421875,472.6698569843588,461.0468277142516,471.0496714140739,7940796
2018-10-19,462.04473876953125,465.1207264699463,459.7553543441709,459.9666878699143,9867348
2018-10-22,469.3590087890625,474.313465493015,466.9404682670748,472.904613615313,20331160
2018-10-23,466.05999755859375,469.35907094100446,463.2775204643131,463.2775204643131,19428564
2018-10-24,467.79754638671875,471.6836411210028,463.18355054917953,470.55654810339286,18072336
2018-10-25,462.29132080078125,470.4626453160439,460.8002628162647,463.41838521848933,29847056
2018-10-26,460.5067443847656,464.2636830415066,457.64209012426744,462.29131317725137,15155712
2018-10-29,452.3119201660156,461.38725168249755,445.00934812029163,461.18767005989235,17044280
2018-10-30,449.1302490234375,453.65031557353615,445.97208411993347,452.0066550098639,13828704
2018-10-31,448.89544677734375,450.33952574009624,442.61431524796285,446.6178142861617,23449404
2018-11-01,449.0010986328125,453.1807041571447,445.19720988701886,453.1807041571447,19629052
2018-11-02,457.7477111816406,460.2249539038894,448.95413870624316,452.24145980555664,30092868
2018-11-05,459.28570556640625,460.1427628457249,455.05914999370924,457.8533785771807,5705296
2018-11-06,457.0667724609375,463.98187548608945,456.2214384212209,459.0508940158426,8485588
2018-11-07,459.7436218261719,461.38728250853865,457.876904373608,460.459799731613,958760
2018-11-09,456.79681396484375,460.2015398409448,454.66006069937276,459.80234788515565,10101620
2018-11-12,451.0791320800781,460.6945340549506,450.16337268648,458.2290434292743,7907764
2018-11-13,452.6524353027344,454.98877021602317,448.06191411879547,450.59785934169224,13350420
2018-11-14,459.6966857910156,460.2250053124202,454.73047655717903,455.18837067363074,26110636
2018-11-15,463.7823181152344,464.287162453352,453.46246058661814,460.6711034535279,10392524
2018-11-16,470.62701416015625,472.66983806057607,464.92115219073054,465.1559608534531,15813216
2018-11-19,472.8811950683594,474.5483309238302,470.06349097578834,472.20024418002106,12286428
2018-11-20,472.5406494140625,474.21953696998906,469.3942364799602,472.6698056349664,5705168
2018-11-21,474.0199890136719,475.24098259750536,470.5565612301664,472.61113703394085,6545604
2018-11-22,470.9088134765625,477.83566962094477,469.6525927558932,472.72858076873075,12974552
2018-11-26,481.31085205078125,481.82741969044474,472.4468242275287,472.88121456040517,18184436
2018-11-27,484.6451110839844,485.5608419970674,479.185809323954,479.2562633925767,12895440
2018-11-28,490.5740051269531,492.76948908318366,483.7293554479616,484.87989498009244,13021108
2018-11-29,500.3889465332031,501.87994695014356,491.6892752550442,493.33293567853286,31908636
2018-11-30,499.7784423828125,501.9152239546169,495.4462344050577,500.14240724302033,13040924
2018-12-03,496.22119140625,502.96018900940925,494.7183814690562,500.3772935476429,10799856
2018-12-04,489.7051696777344,495.68103808900366,488.07326109813096,494.36608677699525,8157420
2018-12-05,492.91033935546875,494.3426951461428,487.4510378803439,487.9324071100841,11798844
2018-12-06,492.4054870605469,493.48557244622197,489.57603138511746,490.67962056613925,11730252
2018-12-07,494.8828430175781,497.32483058661626,488.47255399092387,494.67148079007814,9903920
2018-12-10,490.4565734863281,494.22526382865266,485.091172839859,485.091172839859,10915056
2018-12-11,483.6002197265625,486.35922166731183,477.1312292427723,482.76663746217514,18905780
2018-12-12,489.6465148925781,490.7031538727838,483.729348068693,485.3377530094282,11370488
2018-12-13,493.4034729003906,498.96842694981075,491.0553861853327,491.92416680463697,7064236
2018-12-14,492.0884704589844,497.3247147566742,490.292207238483,494.2486985479022,6158284
2018-12-17,500.189453125,500.7530283690887,492.86343356256333,494.03747699649034,8437324
2018-12-18,501.4221496582031,502.25573187997946,493.70871944799256,498.73360192289687,7413968
2018-12-19,498.60443115234375,507.0457909047198,496.27984837899174,500.87036908778845,9009896
2018-12-20,501.8917236328125,502.5961495633813,493.7203713729489,496.0450113396232,7980476
2018-12-21,495.7162780761719,504.6273125563341,495.2232142875157,501.0816788709038,10220308
2018-12-24,488.5545959472656,494.0374008693854,487.77977326133924,494.0374008693854,5601488
2018-12-26,498.34613037109375,499.43796759539066,485.819066739475,487.6975358230495,7601916
2018-12-27,494.2839660644531,502.0678499745957,492.73420602536993,500.8468564452462,11639868
2018-12-28,498.4753112792969,501.9622430199572,496.7377500216206,497.17216899920794,9415612
2018-12-31,498.19354248046875,501.7861265881309,497.01949913328076,501.7861265881309,5866528
2019-01-01,504.3924865722656,505.07340873021195,494.4131188962852,499.59060379417036,6373440
2019-01-02,499.790283203125,504.25164819295793,497.7239553215136,503.1480588449512,8134232
2019-01-03,495.8689270019531,499.7315178951386,493.8025993814056,498.78053138113495,12771664
2019-01-04,497.1955261230469,499.79017297065917,495.52841923244756,496.67895859816156,7287120
2019-01-07,497.9468994140625,501.3986321439914,497.3246794736744,499.6023117246012,5387012
2019-01-08,493.8026123046875,498.6161898378525,492.3115543821739,498.26397684762094,8343460
2019-01-09,497.0430603027344,498.1114513372632,493.70878827712403,497.32481927331486,8568628
2019-01-10,495.0940856933594,498.6866698458964,491.37234530575137,497.0899594085093,7691540
2019-01-11,495.89239501953125,498.73360278703433,494.9766641596367,496.33856587733516,6408040
2019-01-14,493.485595703125,495.422767141627,492.73421945891204,495.422767141627,4855160
2019-01-15,498.2405090332031,499.32065187845274,493.5678392892112,494.2840172196699,5087556
2019-01-16,497.8412780761719,498.9683710383715,495.0353262313632,497.80607970992446,5252452
2019-01-17,500.68255615234375,501.52783299833345,496.23294316428854,499.02714350523325,8240228
2019-01-18,500.2010498046875,502.2556251764941,496.514566031396,501.3163907208111,5207976
2019-01-21,504.4041748046875,508.7129364305813,499.3205905006375,502.47875535431507,17561512
2019-01-22,501.5160827636719,504.08722604015855,499.91937246334453,503.8993676531204,8796976
2019-01-23,494.3660583496094,501.51602687381165,493.4385757419872,501.08160798509414,7624288
2019-01-24,493.6265563964844,498.1818219397706,492.6051156896022,495.44632369917093,10111572
2019-01-25,492.1589050292969,495.44622595983606,490.7500532019229,491.4544791156099,11262236
2019-01-28,489.37646484375,493.57957441703826,487.6389036226973,490.75011848871424,15360436
2019-01-29,483.142333984375,489.106451168911,482.0621911904821,487.9911100056597,14762788
2019-01-30,477.76519775390625,483.0601448204378,476.19199110261167,483.0601448204378,18514160
2019-01-31,488.3902893066406,490.6914257737419,474.7831381335117,476.89641619642055,16579404
2019-02-01,490.8556823730469,497.08986287914377,487.60361728803116,488.39019179192684,15654188
2019-02-04,494.24871826171875,496.1506913103842,489.0242256532682,491.92413549231185,7938288
2019-02-05,496.3972473144531,497.5595386885016,492.3937482915469,494.9766434900243,8690288
2019-02-06,498.4165344238281,499.4379749335605,496.2915621028741,496.9137820654196,10875684
2019-02-07,497.14862060546875,500.142430931467,494.4718248915794,498.9801395642869,7217308
2019-02-08,498.4165344238281,503.6527785364931,494.65959620147885,495.91584535010804,12235644
2019-02-11,502.4083251953125,503.1714533384242,496.2211514154218,496.2211514154218,7036364
2019-02-12,500.07196044921875,504.3689701236385,498.92142101773663,502.020883670549,9772388
2019-02-14,495.4932861328125,502.4905965595168,494.4132005547037,502.4905965595168,7441388
2019-02-15,493.25079345703125,495.00016385197443,487.9793504544424,494.8240573552755,8416524
2019-02-18,490.7265930175781,497.3247392593423,489.81086217893676,494.6948937464669,7138744
2019-02-19,489.35296630859375,495.01182023684044,487.9793128097775,490.6796122175164,5268636
2019-02-20,495.058837890625,495.681057879743,488.8481032655062,490.3978632789404,4892500
2019-02-21,496.8316650390625,497.78265166207717,491.5954773155014,493.49739323519253,5261544
2019-02-22,491.0905456542969,499.69631717908845,490.53877971576736,497.6534360377441,8890708
2019-02-25,499.0622863769531,500.1306772095615,491.95932464901887,491.95932464901887,8140596
2019-02-26,495.5989074707031,498.96843489097216,493.3565304832037,495.7398156063835,9607428
2019-02-27,491.27838134765625,498.8392081566859,490.31564298468345,496.8785903912916,7030092
2019-02-28,487.8267822265625,494.4718793035095,486.8053415429955,491.47806864807086,11645376
2019-03-01,489.18865966796875,493.3095059156402,487.69760170093946,489.8695818722123,9352928
2019-03-05,494.76531982421875,495.70455440614404,486.05389614633003,490.49175661539516,11837276
2019-03-06,494.0960998535156,495.51670364579314,490.8792328262104,495.4462495857992,8458044
2019-03-07,499.3205871582031,500.1424174215719,491.9241147878841,495.3523439598972,10204852
2019-03-08,499.7198181152344,500.14248520179916,495.31715539338757,496.63210692351413,7053460
2019-03-11,499.7784423828125,503.359274171759,498.31088837094916,500.6120245268166,9224108
2019-03-12,509.7695617675781,510.7087963355516,501.786067939804,504.1341543597376,15097292
2019-03-13,522.813232421875,524.5625454703749,510.02791237377454,510.70883455598266,57166348
2019-03-14,522.3905639648438,527.7324609556068,519.0680443714517,527.1102409399631,15379864
2019-03-15,529.0238647460938,530.6440214279673,523.1654006563593,523.8580746775566,12763088
2019-03-18,531.008056640625,538.0992670271777,527.6150828158658,531.1137090771234,14358720
2019-03-19,532.4873657226562,534.401033468184,528.5543204681729,532.8982808984978,11957992
2019-03-20,539.8250122070312,540.0598208247811,530.914036628687,532.7807536745341,11711992
2019-03-22,534.4598388671875,541.7037107252837,533.2036466256396,540.060049704444,30403880
2019-03-25,535.6690063476562,537.2070145325475,529.0239098189734,530.6675704353661,9199260
2019-03-26,542.7249755859375,543.5820041954984,533.6261407424923,534.4009633971294,11786848
2019-03-27,539.9307861328125,546.6463370423439,535.1407121832228,544.415654671698,13885300
2019-03-28,540.7173461914062,545.9300865200091,537.2069684981883,539.7781116339524,19554328
2019-04-01,542.83056640625,547.5736889533604,541.1399558473016,545.9887308056609,9647076
2019-04-02,538.8506469726562,544.7560615193709,536.6434112931161,544.7560615193709,10910496
2019-04-03,538.3575439453125,543.8168451760304,537.3009049974316,538.2049412500402,7659452
2019-04-04,536.291259765625,543.1124632137542,535.3637769681624,538.3575875630502,9211552
2019-04-05,541.3748168945312,543.2884843573064,535.833310125715,537.1952116868302,8351180
2019-04-08,537.5709228515625,545.4487648536463,535.3872481763427,544.5212821126408,6398132
2019-04-09,537.0660400390625,540.7642759689412,532.3111652720755,539.2615236644732,10777600
2019-04-10,525.3491821289062,536.3029832655077,523.8581241967372,528.3194887685606,108128700
2019-04-11,530.0805053710938,531.3719528924851,525.2551763486294,527.1218935733749,8793300
2019-04-12,531.9003295898438,533.5322383500043,528.8126185686696,528.8126185686696,9170444
2019-04-15,537.4300537109375,538.3927347875293,531.6889936396315,533.0156395917834,10219780
2019-04-16,541.2457275390625,542.3845151744359,535.4342130500812,537.934902414806,8273776
2019-04-18,538.5687866210938,543.5937256555237,537.2421408035731,543.1123565029128,10614856
2019-04-22,532.7103881835938,545.9301270258738,530.9023729916132,545.9301270258738,20980420
2019-04-23,527.2158813476562,537.7118166974003,526.3471007946778,534.7884604256,15282400
2019-04-24,535.3051147460938,536.2795478858267,527.6268819950236,528.3195561700672,12354128
2019-04-25,531.4776611328125,539.7781703680324,530.1862134757891,536.9839128597633,18086636
2019-04-26,535.5867919921875,536.5377785134624,529.939632354821,532.0529102570622,11707568
2019-04-30,544.1573486328125,544.7561222151697,534.9880584725012,536.5378186472684,12536836
2019-05-02,553.1622924804688,554.0662714906894,544.1691086903511,545.5779607516854,17169300
2019-05-03,556.0151977539062,558.3750364337064,553.3266498553529,555.1346652111702,12351520
2019-05-06,546.740234375,552.2464862028912,544.0634384764508,551.3307553234757,13748092
2019-05-07,545.307861328125,553.6787663106451,544.2864208261558,552.2464106937296,9924204
2019-05-08,541.7622680664062,545.6483627634416,537.2422014675208,545.3548519453321,12064208
2019-05-09,537.9231567382812,540.0599385561462,533.3913952888565,540.0599385561462,9027724
2019-05-10,539.238037109375,545.9065794973313,538.0287955543353,538.0287955543353,10594200
2019-05-13,537.0543823242188,543.1946634835718,535.3637713536324,539.1324619988231,11071632
2019-05-14,537.21875,542.6428533775367,534.3188972304139,539.28507782603,10494744
2019-05-15,536.9369506835938,541.7505282075591,535.8803117149184,539.1206826841227,8956348
2019-05-16,542.560546875,544.5212218981783,535.3636851780278,535.4928413919106,8050136
2019-05-17,554.6414184570312,556.3320289162376,542.7835841256784,543.1122932360203,14758780
2019-05-20,571.136962890625,572.6279637359428,558.8447045470468,565.4193481299533,17699632
2019-05-21,564.4096069335938,575.14035203563,563.4116700537023,572.4635560412795,10325176
2019-05-22,564.890869140625,569.6457439614076,562.1905698596868,566.3232247332185,11386660
2019-05-23,547.5972900390625,572.9096173156408,544.5447775085488,565.6540527697989,33081996
2019-05-24,557.283203125,560.2887083653219,549.4875090946937,554.0780302499783,13692800
2019-05-27,565.5014038085938,568.6830149786518,557.0247890829756,558.5862435883819,12049024
2019-05-28,567.3446655273438,568.2369498891303,560.5000161069395,567.415119589704,7364840
2019-05-29,567.509033203125,570.7729080061649,565.9358266303697,565.9358266303697,7475216
2019-05-30,572.8274536132812,574.7880714451217,566.6050243878411,567.297698440124,9359200
2019-05-31,569.4932861328125,578.8034278737546,553.3971387727183,576.8780080576577,19785080
2019-06-03,576.9483032226562,577.5822750534674,569.3991714309913,569.8805405840178,8480860
2019-06-04,575.8212890625,578.9794540779587,573.1796916343841,576.4552609799813,6442988
2019-06-06,569.0236206054688,579.9774222696217,566.6755338756323,576.032625098229,15634924
2019-06-07,574.7294311523438,576.2791913398175,565.654098782773,569.5636402958801,7970932
2019-06-10,572.9800415039062,579.9655986614478,571.0781258837007,579.9655986614478,7077140
2019-06-11,574.9054565429688,577.6057559278509,573.0152928346142,575.6333862642075,7103292
2019-06-12,569.892333984375,574.9054641652375,569.0939501946361,574.107137701828,7308620
2019-06-13,574.0368041992188,575.750919134995,567.2860542297526,571.9822281215552,11107948
2019-06-14,571.7825927734375,577.3827449370204,569.4110023691194,573.6258063646881,11956920
2019-06-17,568.70654296875,572.9095948190358,567.6029537932426,571.7590553793998,12810020
2019-06-18,567.5912475585938,571.0546753800807,564.4800327359021,567.7673540579914,12419652
2019-06-19,570.1976318359375,574.0836692937438,567.462076554043,569.8806172147409,10744276
2019-06-20,573.2691040039062,575.7853360926836,570.492953942729,573.7416401845322,11171492
2019-06-21,570.3984375,574.0605930629467,568.37833370133,573.1864126263846,13250260
2019-06-24,571.284423828125,574.2732498136112,569.4061040256472,569.8668152703848,6915000
2019-06-25,573.8242797851562,576.8485227742788,567.7522016082703,571.7333418669679,8899800
2019-06-26,583.0860595703125,583.5822456862618,572.241376134464,572.8792885102235,10533636
2019-06-27,581.762939453125,589.3707605441867,580.30985606529,583.2868571230551,19879236
2019-06-28,577.380126953125,584.7635045356458,575.79714233596,582.1645556265985,12756844
2019-07-01,587.256103515625,588.0712168075379,578.8685871650154,580.2743706224641,8524160
2019-07-02,589.4888916015625,590.0795618336282,582.9206270844641,587.8350149517786,7246828
2019-07-03,588.224853515625,591.4499476980156,586.6536937198789,590.4339833290284,7463256
2019-07-04,586.8426513671875,590.1739965875495,584.0546765687225,589.4416001706891,7993964
2019-07-05,584.1491088867188,589.476964997623,581.2194081139929,587.1497592942242,7583060
2019-07-08,569.3115844726562,584.6690095602119,566.3464085538394,584.6571846197711,14607140
2019-07-09,562.1171264648438,569.5950451014382,560.6641009828837,567.9529936367715,16482688
2019-07-10,564.3854370117188,566.5709169875882,559.069404637982,562.0227559567246,11569148
2019-07-11,568.732666015625,570.3511253806663,566.0155831896608,567.7521765906135,9097596
2019-07-12,565.6021118164062,571.296195397767,563.5111739986626,571.296195397767,8976272
2019-07-15,565.8030395507812,567.7522514001575,561.6919976324263,566.0983746794747,8233184
2019-07-16,564.9642333984375,571.296229613895,562.7905785526459,571.296229613895,12770568
2019-07-17,566.44091796875,569.7841460349224,564.9878922956555,565.377711569128,7759736
2019-07-18,569.85498046875,573.895187861456,567.4922995800656,567.7522175508764,10802584
2019-07-19,561.290283203125,571.9341725405675,559.2465872311668,570.5874559202653,8939228
2019-07-22,542.766845703125,555.1945697595224,538.9865564306252,554.0486465007414,22171296
2019-07-23,534.7928466796875,542.117157811594,529.7249074491386,542.117157811594,27802864
2019-07-24,538.90380859375,541.7626752650182,531.839416494355,533.197957873672,17363740
2019-07-25,540.1206665039062,547.0669251202459,538.7503000762736,539.8725734784717,19462008
2019-07-26,538.0532836914062,541.9162320000765,537.0019023235773,538.2659018799078,12829828
2019-07-29,530.2564697265625,537.1673111479672,525.2357729674223,537.1673111479672,9976492
2019-07-30,532.1348266601562,536.6120956054616,529.2168925606803,532.7845639332455,10394136
2019-07-31,531.9929809570312,535.6197189333169,527.8819395795163,529.240480992779,13891840
2019-08-01,526.1087036132812,530.4183410722914,520.2362032749215,527.8373106620138,18241676
2019-08-02,524.3446655273438,526.6297038427216,516.6843587161953,523.5513827321302,27825536
2019-08-05,516.0331420898438,520.9466158530028,512.066843991872,520.24808536213,19822440
2019-08-06,518.3655395507812,523.3737073141476,513.1323713379744,513.1323713379744,24890940
2019-08-07,517.1578979492188,521.4201883169321,512.658813672188,518.5786614051232,18750136
2019-08-08,528.7963256835938,531.128768948053,516.9211335771734,520.4730424198932,19711600
2019-08-09,540.3636474609375,542.0212046617379,530.3709570411706,532.0758614569354,30436112
2019-08-13,525.7653198242188,538.3035443330222,521.5622284123144,538.3035443330222,15440068
2019-08-14,527.9201049804688,529.3290170063403,521.6687696636742,529.3290170063403,14254052
2019-08-16,527.5057373046875,528.7607564841602,521.917436186086,524.2616725731888,15247560
2019-08-19,522.5686645507812,530.8919473810793,521.3491412250062,530.0631686942667,8498200
2019-08-20,525.8245849609375,527.5294895678886,522.5686686656784,523.1369509309908,10270592
2019-08-21,527.0676879882812,530.7024394084053,524.3090045626948,526.8426875504603,10472712
2019-08-22,514.8136596679688,525.8837748919289,513.1442510506022,525.8837748919289,13992044
2019-08-23,512.1141357421875,515.5002999406553,506.6442315548242,511.71159769028765,20099616
2019-08-26,534.2425537109375,536.6104927967046,513.132399885729,519.7389268106141,25280244
2019-08-27,535.1423950195312,538.2088646472811,530.442070507641,534.20707062032,20660832
2019-08-28,532.1943969726562,534.526840479793,527.1862281077563,532.7863818413689,13662588
2019-08-29,527.3282470703125,533.6624848926344,525.753590511788,531.8391831377588,14783716
2019-08-30,527.56494140625,535.1541972255666,526.1560293076145,528.879159072258,19233320
2019-09-03,523.5394897460938,525.9192801310417,520.0349282757688,525.6824862183307,11428676
2019-09-04,532.2534790039062,538.46931876538,520.7097765897407,522.6041277551423,15060704
2019-09-05,529.2699584960938,538.090532871578,526.8665230993971,532.5495777305816,17296252
2019-09-06,531.8154907226562,534.3492321485351,525.990394441444,527.5769022891758,12870004
2019-09-09,532.691650390625,535.3673755625555,524.7590537008053,531.8391691144759,10643404
2019-09-11,533.0941162109375,538.4693261543216,530.6906234502475,538.4693261543216,15209116
2019-09-12,537.7235107421875,541.9739501576969,532.3482423655698,532.9520784399274,18132300
2019-09-13,534.5504150390625,536.9183542031692,529.944784927078,533.0231058404166,15371340
2019-09-16,531.4010620117188,535.781749610595,530.6551842746951,533.2362149247615,11030184
2019-09-17,523.6342163085938,532.431086609831,520.4966971190984,532.2889871447702,10656556
2019-09-18,518.0458984375,526.6651740003866,516.2107455576505,525.043170335129,12959884
2019-09-19,521.44384765625,524.2853743327779,513.3691528927131,520.8992101477138,10623310
2019-09-20,568.1159057617188,572.9938831612448,523.5039587194727,524.7352754208938,46150034
2019-09-23,595.4182739257812,607.4710605618943,582.0394182977014,596.5075490128261,41920410
2019-09-24,593.784423828125,597.6441182602333,581.3527437208729,591.9847670120035,23379048
2019-09-25,587.1068115234375,591.9374420908302,582.560379903726,591.9374420908302,15608976
2019-09-26,588.4328002929688,603.8244027151188,585.5202239647298,587.1541364469159,30671560
2019-09-27,589.2379150390625,593.6423046840584,586.1122471350382,591.1559687450147,14873170
2019-09-30,581.3053588867188,587.2489092784182,576.119595271932,581.9447487061157,18218458
2019-10-01,591.41650390625,594.3527253212801,578.2980863579686,583.2234113411605,18768352
2019-10-03,579.4584350585938,589.0485889890971,576.0485678633604,587.225229523867,16298876
2019-10-04,563.4274291992188,587.0594739386505,561.3436889554499,585.6624129373488,18403632
2019-10-07,562.1013793945312,577.7060745025601,559.3782495057151,568.8736503444584,22513220
2019-10-09,581.636962890625,582.465741675647,563.5695738149419,566.9320361805413,17427270
2019-10-10,568.5658569335938,580.5949408157695,566.9792915533363,578.6295976927835,11556858
2019-10-11,567.7371215820312,579.6715119387164,563.0722351431893,574.6514924334763,17186318
2019-10-14,570.38916015625,577.7297710855158,567.0740455430332,572.5676524827331,12267802
2019-10-15,579.2215576171875,580.1450306640453,571.5494008924131,571.6204506216349,8400374
2019-10-16,578.2980346679688,584.8809164640575,573.0885690152525,583.2944089411139,10586816
2019-10-17,577.7771606445312,582.441989272778,574.5093930098304,581.3290694189853,12243614
2019-10-18,582.0394287109375,584.3363180675698,577.9428825202974,580.3581688315088,11233806
2019-10-22,586.9174194335938,595.2999008800527,583.744346293607,595.2999008800527,20006228
2019-10-23,588.0065307617188,591.8662824334073,583.9336877298589,590.4928664150698,10190214
2019-10-24,585.40185546875,593.9501381999078,580.7843745177332,591.0375617301415,13107494
2019-10-25,582.0394287109375,590.4929597056838,577.7771383460893,587.2488947124186,12993542
2019-10-27,586.1596069335938,588.1487104141279,584.8809429761882,587.2251795017689,1750082
2019-10-29,588.4328002929688,595.4655670682729,586.1595558877563,586.3016553422095,14232568
2019-10-30,591.2033081054688,597.9992813530005,588.6696249825086,590.516628932025,12011366
2019-10-31,582.6787719726562,598.5676667088752,581.1396115333599,595.6313874919168,13217706
2019-11-01,587.2725830078125,589.0248347687501,581.3763801259324,586.7752926862162,11512260
2019-11-04,585.757080078125,591.9847714358326,582.0631297909731,590.3035115605496,9935176
2019-11-05,587.0121459960938,589.5221847508188,582.0631760380811,587.7225277782593,12367810
2019-11-06,595.1341552734375,596.2470751063895,581.5895549626913,588.4091734331271,12130336
2019-11-07,598.472900390625,601.3144272886943,591.9847704311052,597.194236410899,16963034
2019-11-08,594.6369018554688,600.0358149890019,592.6715006861584,596.2471121319285,13251496
2019-11-11,598.9701538085938,600.7461080104378,592.2215278415865,593.1924059296649,14286610
2019-11-13,595.5603637695312,601.4565087824031,593.6896572642707,597.6441038503623,9293496
2019-11-14,603.303466796875,604.7715773095834,595.3945164164026,598.5202419214672,11055218
2019-11-15,605.1978759765625,608.5603378765574,601.9774557334334,608.0157003310413,9279012
2019-11-18,597.6915893554688,605.931971974306,596.1050237556977,604.7717048271187,9130292
2019-11-19,602.3563232421875,603.8244338328341,597.2415519723761,599.230655382196,10570578
2019-11-20,603.04296875,607.5893997299098,600.0356980057007,602.8772245945202,11054258
2019-11-21,607.7789306640625,609.5075378074598,600.6751132070991,601.574941647184,12019526
2019-11-22,598.9701538085938,607.9209745480895,597.6677873939082,607.9209745480895,7688010
2019-11-25,601.9774780273438,605.9556273541223,598.6860657393921,598.6860657393921,7893556
2019-11-26,603.8482666015625,606.0741065761243,600.0121584162208,605.4584191902981,8716002
2019-11-27,605.4346313476562,608.9154899789958,602.0247646347251,604.2980091100126,9580666
2019-11-28,599.2306518554688,607.6368351005303,597.6677890291662,606.2870636546285,12366040
2019-11-29,603.80078125,606.1450756971117,592.9319636666191,600.3672694795663,15567626
2019-12-02,599.4437866210938,603.3271836430782,596.0576221263682,603.3271836430782,8946204
2019-12-03,594.5421142578125,600.9828965435161,593.7843853673195,600.6040031927653,6991906
2019-12-04,592.7662353515625,595.2525715277253,584.5020928032309,593.1687734559762,11395614
2019-12-05,589.9010009765625,596.1286926245755,587.604111518524,594.6368793688133,12772494
2019-12-06,590.1141357421875,596.7206628132138,586.3964250464844,591.4874941935019,13774650
2019-12-09,588.64599609375,591.9137638268414,586.0886679479555,591.7480196412462,8265350
2019-12-10,591.7479858398438,593.7133868708223,589.6641878529149,592.4583675755458,9788900
2019-12-11,591.3927001953125,593.8790358718093,588.4327767709116,592.0320320927822,11054642
2019-12-12,598.4255981445312,601.1960755161554,593.4055784762097,593.4055784762097,12913148
2019-12-13,598.5439453125,602.5694417190632,596.365452937033,599.0885828591198,11775186
2019-12-16,595.4656372070312,601.4565347253566,591.1322970678702,601.1013438583927,11327576
2019-12-17,601.9774780273438,603.7297876816821,594.5184697187642,596.7206646863573,12427354
2019-12-18,612.041259765625,615.1906305991793,603.1851899014221,607.6132248335235,17447172
2019-12-19,610.3599853515625,618.2688785595552,609.0812635932508,618.0320846573876,13018376
2019-12-20,614.101318359375,615.4747346337728,606.2161272088615,610.33631822104,15026044
2019-12-23,616.8007202148438,617.5584490809625,610.3599381363234,615.190510242462,10195782
2019-12-24,610.5258178710938,616.1851698274687,609.4838898641705,615.0012001452966,7179208
2019-12-26,601.6696166992188,611.8044075067481,598.9228420576536,610.7861821418609,14949758
2019-12-27,603.824462890625,605.7188141467524,601.4565238204657,602.4036994485294,7092992
2019-12-30,607.2106323242188,610.3363003603699,603.374582561169,607.1395825893263,9334190
2019-12-31,602.4510498046875,607.1158782349886,600.8171949621751,607.1158782349886,8357056
2020-01-01,605.5293579101562,606.1923924015477,601.7406554576465,604.345388393747,3673698
2020-01-02,609.3890991210938,609.981083868637,605.7187936863252,605.7187936863252,6137166
2020-01-03,600.6987915039062,608.5603376104458,598.4255468849254,607.2342686142049,10855550
2020-01-06,587.6988525390625,597.5732060182935,585.3546156735159,596.7207247157202,10890186
2020-01-07,597.0047607421875,602.1431767378965,593.050314229868,596.1996846178865,14724494
2020-01-08,595.4419555664062,597.7388448014235,587.2725661329978,590.5402756575533,11332110
2020-01-09,602.1195678710938,604.2033658480826,598.1887658278872,599.0885942510204,9546316
2020-01-10,607.4710693359375,609.4601728526172,603.871813491343,608.1341038414974,9214580
2020-01-13,609.0338745117188,614.0065461154303,604.2979967938983,607.4710117404351,7451568
2020-01-14,610.6914672851562,612.1359331976332,605.0084136927392,610.4546733854722,7886290
2020-01-15,608.2052001953125,609.9574521269482,603.3982719253166,609.2234256414325,11787448
2020-01-16,609.8153076171875,611.4018150949303,605.8845059759078,607.16322764993,7150400
2020-01-17,605.3162841796875,608.513001967246,602.3563603023184,607.0211887708494,16918814
2020-01-20,594.3053588867188,617.9610470531414,593.1687365718038,617.9610470531414,22178450
2020-01-21,589.3089599609375,591.9847425595085,586.4911357107582,591.9847425595085,14984804
2020-01-22,587.6514892578125,594.3527690930574,584.5968706605863,591.0613565639217,18368310
2020-01-23,589.5457153320312,590.49289085823,582.9865363753064,587.2488262432006,11508920
2020-01-24,589.4036254882812,593.8790063591711,586.8225377038674,590.0903045642162,11831756
2020-01-27,574.5567626953125,584.8810010611223,573.8700834298097,584.8810010611223,18888552
2020-01-28,579.29248046875,581.4710302464331,574.580305742634,577.208740733403,13412158
2020-01-29,585.283447265625,588.1960236793792,578.8426650097595,580.2871308654205,13788350
2020-01-30,580.6423950195312,586.7516319136959,576.4510963819321,586.7516319136959,12111984
2020-01-31,580.7607421875,586.2070018867788,577.8955128734751,583.1996731083684,11178268
2020-02-03,564.8955688476562,567.3344998460584,557.744346592457,566.8846145462204,13077010
2020-02-04,582.4182739257812,584.4073194738172,567.3581594243379,567.3581594243379,20897704
2020-02-05,589.4510498046875,591.0375573266558,581.234313274247,584.8335688880729,18020682
2020-02-06,587.1541748046875,591.3690599560683,585.9228002816666,589.4510640616896,11827550
2020-02-07,588.2908325195312,590.5640774335792,583.2708126296134,590.0904895607375,6815448
2020-02-10,587.3909912109375,588.6459526743174,580.6423648340666,588.6459526743174,9219834
2020-02-11,587.5330810546875,594.3527577254539,586.3254667116565,588.8118029491535,11613520
2020-02-12,591.5111694335938,593.3581734383829,589.1669329193304,589.7115126471815,6297930
2020-02-13,587.9119262695312,596.6733008644125,584.2179181807978,596.6733008644125,9112140
2020-02-14,577.4692993164062,591.2270486728398,575.4092038524705,588.7643573113077,14688858
2020-02-17,576.4273681640625,583.9337227869158,575.1486464932532,580.1450206114938,10152690
2020-02-18,574.5803833007812,577.06671918566,569.9629023717208,576.3089902877083,10529116
2020-02-19,581.1869506835938,582.513019706518,574.8882673522369,578.9611110497709,10012268
2020-02-20,576.40380859375,582.5131039288668,574.9830449256308,582.5131039288668,11123414
2020-02-24,573.017578125,575.2908228585611,568.3054022887617,572.5439902897593,16568084
2020-02-25,568.4474487304688,572.5676393882633,567.3581736866331,570.1997004329769,13886680
2020-02-26,567.9501953125,570.5312258169903,561.5094124980089,567.1214166243225,13814786
2020-02-27,568.0447998046875,569.489265556905,559.3071290001703,565.9373574557185,20655098
2020-02-28,557.720703125,561.201562010712,554.1450919894718,556.7024777583055,24313056
2020-03-02,558.6441650390625,568.8500053945262,552.2744321654279,568.4000622917009,14664898
2020-03-03,559.6861572265625,561.3673594464186,553.1506216206781,556.4657366475143,22369550
2020-03-04,544.081298828125,558.833569448218,536.6222914393035,558.0521380643305,34288870
2020-03-05,545.265380859375,551.7298668268896,541.1925367522988,546.0468124046383,19549708
2020-03-06,537.474853515625,540.3163805679825,521.4202141076019,532.7863223170319,23053566
2020-03-09,524.40380859375,529.6606217571953,504.3710209743091,525.6824725647729,34420590
2020-03-11,527.4820556640625,530.4182765706771,517.1578196564101,523.3144603666055,35538240
2020-03-12,483.6752624511719,511.4748748564138,475.2217309428317,509.1069356209674,59000770
2020-03-13,506.6442565917969,512.1615082677355,435.32191586076743,464.13972221452224,66342364
2020-03-16,473.35101318359375,491.1105559493614,471.2198680517016,490.1633803351871,31986322
2020-03-17,461.7955017089844,478.3237292625368,452.1343268968877,477.3765535610268,42676838
2020-03-18,415.2891845703125,470.2727207173597,409.6534777648702,466.4840180328291,61181406
2020-03-19,424.1215515136719,435.67710547774163,376.502303667405,401.12886944187676,67220048
2020-03-20,418.10699462890625,433.14340788887984,390.4968305499615,414.38934181029646,88637464
2020-03-23,365.39666748046875,397.2217739590976,362.294673119177,376.31286067374276,50276954
2020-03-24,363.5733947753906,383.606154859156,349.86302086691546,376.62073413795537,61057272
2020-03-25,405.746337890625,410.8137330098405,357.6771773468276,364.8757175147829,47228042
2020-03-26,426.7499694824219,444.0833008932357,398.2873532998881,412.0687471848041,57043156
2020-03-27,428.3365478515625,468.21265163955553,413.0159631623789,447.5168562753047,55235936
2020-03-30,393.85931396484375,420.0723877005265,392.13070689519276,416.75727302870723,39268444
2020-03-31,408.18536376953125,413.7263182768991,396.8666030278932,404.3492849888451,35211092
2020-04-01,392.9121398925781,409.10881994288405,388.3420059433593,409.10881994288405,29103504
2020-04-03,385.429443359375,399.70812797666855,383.6061417785563,399.2345401473123,34996280
2020-04-07,424.38201904296875,429.68620822188024,400.3474380216403,413.9157401505629,60412638
2020-04-08,420.9721984863281,447.54046196793706,410.17437373984075,416.7335819807689,56219352
2020-04-09,438.0924072265625,440.86291331760424,421.4931599122434,432.3856797751441,44457146
2020-04-13,424.02685546875,448.3456080798709,419.6935441323949,442.33103680896863,34158056
2020-04-15,408.8483581542969,440.6734653560616,399.23453121457277,440.6734653560616,57978752
2020-04-16,416.63885498046875,421.8246470213436,405.5095420028717,409.65343513282806,53854396
2020-04-17,431.10699462890625,435.70080234780517,420.1908009598806,433.3328632046106,55883462
2020-04-20,447.4694519042969,455.0942333496393,442.8046233171163,450.38202863591187,66232986
2020-04-21,436.48223876953125,442.33103695724475,430.0177532732101,438.06874645123276,33178006
2020-04-22,439.77362060546875,441.85741849282465,429.6862062216211,435.29823900880433,38289354
2020-04-23,452.2527160644531,453.9339471245536,432.17257997634374,442.8046328236386,40901222
2020-04-24,444.2490539550781,453.8865835478693,438.54232643857176,441.8574412172651,33284568
2020-04-27,440.2945556640625,453.41294267755865,438.6843456834443,447.611492493557,27421072
2020-04-28,441.0997009277344,446.9721724701217,436.6479639199274,446.9721724701217,29441436
2020-04-29,462.7426452636719,470.1306325655098,442.3783690959177,442.80460969418954,55877778
2020-04-30,474.44024658203125,482.58596242566557,469.84643919589695,474.25082880760095,43793134
2020-05-04,437.1215515136719,454.64430059926866,434.51681854148853,453.4603310664581,26722324
2020-05-05,431.651611328125,447.06688862405014,430.04140122638694,444.22536178957523,29672858
2020-05-06,448.2035217285156,449.9084263081122,428.9048181789834,435.22720397595276,33785846
2020-05-07,438.0687255859375,446.7353767542662,436.34011851196357,445.4093366633235,21831730
2020-05-08,439.98675537109375,447.04322540288103,438.1634538388063,446.119723379116,20807484
2020-05-11,433.7117004394531,451.8027601380309,432.8592481825579,443.75176755695486,28550784
2020-05-12,426.9631042480469,430.680786073331,412.5423489795209,426.7026367214937,49568418
2020-05-13,439.32373046875,454.64428410530485,436.69529507686207,450.3819939418176,44346966
2020-05-14,423.2453918457031,431.4384544084736,421.49311133209824,425.2818134564317,39554890
2020-05-15,420.61700439453125,422.62975248836386,414.3893134361181,421.7299241312722,24349628
2020-05-18,396.2272644042969,420.5459875978959,393.6935522032802,420.5459875978959,46649964
2020-05-19,393.3857116699219,410.7426869335507,391.2308640881771,407.68803988874686,47460692
2020-05-20,405.9120788574219,409.1798461352874,394.1197603572423,396.1325084429772,40014306
2020-05-21,407.0724182128906,418.65164657168174,403.63890640560027,407.97224666252146,48478908
2020-05-22,397.26910400390625,412.16344570269695,394.5223006173569,402.54961939702196,42047432
2020-05-26,403.686279296875,412.8501922779216,401.9576721489945,405.8647717604575,38005152
2020-05-27,427.9576721191406,430.8702200526852,405.9358370990581,407.2382036862673,56025754
2020-05-28,447.658935546875,449.9084779365578,432.8356409496461,435.7008417911928,75488806
2020-05-29,450.68988037109375,452.2763880759633,437.334697476126,447.0669218258737,53025166
2020-06-01,467.7389831542969,471.21984178011917,457.5331433561633,461.74808616644845,39190230
2020-06-02,474.0614013671875,475.95575262140204,461.842841558605,467.2891014144718,41623594
2020-06-03,484.1251220703125,495.49122911818483,480.90473085451634,483.05954953457444,50546088
2020-06-04,474.39288330078125,492.03399913682466,469.3728355075351,486.8719386021985,54275882
2020-06-05,489.3819580078125,493.667950866198,474.91385601288056,475.0559265765521,35195984
2020-06-08,481.1178894042969,505.152471843992,476.6188050067185,502.0031012034842,49812664
2020-06-09,467.5732421875,486.25628719919104,463.9029366352295,483.05956946011673,61844146
2020-06-10,469.7280578613281,473.5167603419333,463.2636015970991,468.8519319748906,36497730
2020-06-11,458.7171325683594,468.0941941542392,457.0122280466569,466.4839840683493,30897714
2020-06-12,465.41845703125,467.26546119830897,439.4895223861613,439.4895223861613,42644876
2020-06-15,449.8373718261719,461.27452905224675,446.5933068750192,458.43300217923496,32009936
2020-06-16,469.0413818359375,470.72261279198466,450.85559824373564,461.748117949204,45399970
2020-06-17,463.7608642578125,473.0668763129085,460.9193373897534,468.37834541840857,36957838
2020-06-18,483.035888671875,485.38015409345786,460.32734758550146,464.11605003476484,40870126
2020-06-19,489.3819580078125,493.9520919935411,479.34191943493755,482.088722986111,47877752
2020-06-22,487.2034912109375,495.3491789480895,484.85922561793393,492.27085798296577,29694474
2020-06-23,493.6205749511719,494.8992388553897,481.42566049492433,492.0577121251195,28830512
2020-06-24,488.9794616699219,500.81915807839454,487.8191945462986,496.55686737134437,39429246
2020-06-25,487.2034912109375,496.79364498690006,476.9029556737925,483.959426063741,70646790
2020-06-26,500.32183837890625,503.4238617805108,486.8482877802117,493.0049295517514,39969138
2020-06-29,509.60418701171875,512.706152486314,491.11055987281685,491.11055987281685,46005956
2020-06-30,504.7735595703125,510.78815948972283,500.25083063697764,508.63331181340817,35746130
2020-07-01,513.6533203125,519.0522328366897,502.61875917329024,504.7735489934417,34846718
2020-07-02,515.9265747070312,526.2744568521122,513.9374712071245,516.3528153006549,36954496
2020-07-03,508.6096496582031,518.9575904554594,506.73900077042003,517.6315213477282,27597254
2020-07-06,522.3673095703125,530.3709544341806,520.9465462623243,524.7115459040901,35558216
2020-07-07,523.3856201171875,526.4875858251261,517.65521873679,525.3983684647952,24349850
2020-07-08,525.84814453125,532.7388693903838,523.3144616411611,524.2616371373442,30056350
2020-07-09,532.7626342773438,535.0121765882539,524.3801523695173,529.471221809998,20114484
2020-07-10,523.3618774414062,530.4183473749359,520.7334997816465,529.4238245358104,17562978
2020-07-13,511.59326171875,527.1032634047384,507.35467369538213,525.6351526699472,29922114
2020-07-14,501.45843505859375,506.2180156165715,497.26719455242556,503.23438932485243,26612674
2020-07-15,498.759033203125,511.0012670090253,497.3145672016317,506.8336709933505,20974394
2020-07-16,503.2107238769531,504.60778471774654,489.73711671243143,498.99578102991984,23662456
2020-07-17,520.2124633789062,522.8408986295719,501.19796064222527,501.5531514700986,28405738
2020-07-20,536.5986938476562,545.9994003595516,532.3837507560095,537.5221669572308,65124096
2020-07-21,539.2034301757812,548.3909875427954,537.0485824919947,545.5968656816383,47512422
2020-07-22,533.4255981445312,542.0212281345551,529.2580602600719,539.1797013815561,24718012
2020-07-23,535.3436889648438,541.7371246026141,528.6424096786076,532.7863031475329,20149122
2020-07-24,529.9920654296875,531.7917220922633,521.5385352402088,531.7917220922633,19598440
2020-07-27,511.2379455566406,522.3672570161876,509.2725449494565,520.8754441306864,37970094
2020-07-28,514.6242065429688,518.2945120793429,501.7662859081783,511.00124822550674,35596450
2020-07-29,504.18157958984375,515.5003400046988,499.89564452262283,511.9484313689292,33592086
2020-07-30,497.5750732421875,513.2034718863025,495.7043665966615,508.6333376902901,26956266
2020-07-31,489.12152099609375,500.9138114020133,483.08324741798464,500.9138114020133,37726696
2020-08-03,474.5350036621094,486.3509968464558,470.27271321005446,485.8774090184497,31783542
2020-08-04,493.3127746582031,502.50039012196834,475.0085934673722,477.3765326172594,60306168
2020-08-05,486.6351623535156,500.01401757537576,483.0595513733578,496.29630713217466,33221360
2020-08-06,492.86279296875,499.63512153192795,486.0194724854418,491.1105412593453,33646888
2020-08-07,494.3546142578125,495.9411218281457,483.3436978902163,490.09232405100107,24836784
2020-08-10,497.5750732421875,503.89745931328554,494.3310081161424,494.4257025592764,22172854
2020-08-11,505.1524963378906,507.21259194183745,496.5568652203703,496.5568652203703,20136148
2020-08-12,503.75537109375,504.8446462692065,496.3200650001205,504.371058420924,20666432
2020-08-13,501.5531921386719,507.37828750151994,500.3455201015752,505.76807738906166,19892740
2020-08-14,489.9029235839844,504.7972960094688,486.5168167379499,504.7972960094688,20924512
2020-08-17,489.09783935546875,495.84646604229073,483.1543177737902,495.84646604229073,19561012
2020-08-18,500.345458984375,502.78444746448366,484.00668157314834,486.8482080794486,24040824
2020-08-19,505.1287841796875,506.644299971092,500.22716154357033,504.3710551894934,17715624
2020-08-20,501.5295104980469,506.24168626831124,498.2143956977765,499.6114566677705,19216734
2020-08-21,514.150634765625,515.6424479794565,504.1815879057319,504.56048129086855,28924302
2020-08-24,529.0213623046875,531.8154845363902,514.1506913715862,514.3164355667011,36779740
2020-08-25,530.2761840820312,533.7333978044568,523.8827494144534,529.9446957792255,27601738
2020-08-26,529.684326171875,535.9830679208438,525.4457378910326,530.8919983558789,25190062
2020-08-27,526.677001953125,535.1068882558171,523.906524774149,533.1651897600997,20645996
2020-08-28,527.8136596679688,532.7863321009106,518.5786965782196,526.6059875241332,38696610
2020-08-31,528.452880859375,544.0576319552542,521.278014863167,534.9173652284537,38501166
2020-09-01,533.8756103515625,541.5950576766639,524.7353416550061,534.2070987245911,28877884
2020-09-02,537.11962890625,539.4165182338052,530.7498381439231,532.3600482680174,19761682
2020-09-03,535.5803833007812,542.7078440555674,534.2069673013697,538.5876538683357,19833362
2020-09-04,530.0869140625,532.975788442155,523.0304433964122,525.6825238464066,23661370
2020-09-07,525.9192504882812,530.1815406768401,520.4729908029005,528.6660828453123,17615466
2020-09-08,526.8427734375,529.8501024928822,522.3673914403189,527.5768577194156,14624918
2020-09-09,519.2890014648438,525.6824365033987,516.8026656165168,521.4201464776954,15728872
2020-09-10,516.4712524414062,523.2435240032332,513.3692289025056,522.3673980437857,15188088
2020-09-11,510.8355407714844,523.2435191909366,507.2125821936125,519.2653697291756,20794730
2020-09-14,501.0321960449219,518.1050595692076,498.3801158945213,515.2635327342759,21650590
2020-09-15,506.9757385253906,509.6515211503377,501.10323825911115,505.7917690286008,16505110
2020-09-16,517.9393310546875,519.0522508698061,505.9575360808241,506.83366198587436,18710112
2020-09-17,513.1797485351562,518.1050734094782,510.52766831390994,513.3691952247481,18318686
2020-09-18,500.7244567871094,517.2526264985989,495.94117325465527,517.1579320530325,23481778
2020-09-21,496.93572998046875,507.37830687889436,493.2417218055749,499.63515746988145,19842878
2020-09-22,490.352783203125,501.1269048516,487.5586038287918,499.18520657825195,18620678
2020-09-23,495.96484375,499.63514934948677,489.8555493189743,495.37285897588924,16079828
2020-09-24,487.98492431640625,495.8464709371609,485.42753840553,491.5841803560392,19809510
2020-09-25,494.4256896972656,498.19068978463525,485.7353646637358,497.26721664954874,20321544
2020-09-28,499.2562561035156,501.52950076111574,493.78635147587335,496.7699200515837,16152422
2020-09-29,503.2107238769531,506.6915825331234,497.7407618379649,501.05587633165254,12644446
2020-09-30,510.81182861328125,514.7426307785333,498.21440373132714,502.0031064212992,18813842
2020-10-01,524.238037109375,525.6825031478362,516.2580935562258,516.2580935562258,21203080
2020-10-05,527.7426147460938,536.1014519504577,526.1561069937795,526.6296948488595,16940126
2020-10-06,541.8318481445312,543.6788523235131,533.3546140591651,537.5459127845144,19371990
2020-10-07,550.427490234375,551.6588071080581,538.753537924245,542.2107524263344,21248778
2020-10-08,564.4219360351562,569.7260960158046,550.948329086166,558.8335771393595,35060674
2020-10-09,584.1942749023438,585.8281297469175,564.350933803847,568.7789683314858,44972388
2020-10-12,574.7698364257812,588.5512296372209,570.9574315684628,583.247069481048,19220546
2020-10-13,567.5712890625,578.9373965283816,565.9374342386844,574.6514615247294,18353952
2020-10-14,573.7515869140625,575.0776558026911,556.7024270883041,566.1978850601087,22582918
2020-10-15,553.7425537109375,576.3563719189317,551.2562176775979,575.0303029100788,28246896
2020-10-16,567.99755859375,569.9629596720636,555.5185306982389,558.8336455446905,25822848
2020-10-19,569.9866333007812,584.8809468387893,564.8008120814739,584.8809468387893,42359556
2020-10-20,579.6478881835938,581.2818011283166,571.0996612589412,571.8573903381784,27411978
2020-10-21,590.421875,592.4583256225468,578.5821802433544,582.7971231389221,35640752
2020-10-22,584.0758666992188,591.9847599679864,579.1978891526778,587.2251793734391,21913060
2020-10-23,585.2598266601562,591.250666084375,583.0812765302468,588.9064295975948,15866230
2020-10-26,573.467529296875,588.1960996171958,570.4839027686133,582.4183510706442,19571976
2020-10-27,583.9811401367188,585.3545564024548,567.2871691713575,580.6186781144091,24317780
2020-10-28,572.851806640625,583.4601852065834,569.0157569202192,581.5658339559128,16571186
2020-10-29,562.2434692382812,570.4128596049055,558.1232780908251,568.5895579548477,23060024
2020-10-30,560.514892578125,567.973900810896,557.1050255565358,560.0413047538221,11522716
2020-11-02,575.5276489257812,580.145130577315,557.649707146766,565.629651054136,21926080
2020-11-03,591.0139770507812,592.3400462511466,580.3819521733202,580.8318375389686,28164230
2020-11-04,595.4893188476562,598.9938801743824,582.5130014005952,592.9319331329635,23404822
2020-11-05,601.0775756835938,604.2979956500186,593.0976333063729,599.5621179411627,21433928
2020-11-06,619.2871704101562,620.400090307665,599.3254307514122,599.6806216428098,35705724
2020-11-09,634.8681030273438,637.4254307157104,622.8626069068144,622.8626069068144,26288440
2020-11-10,660.0156860351562,660.6550180387974,640.0776500995573,642.6586806298552,41517356
2020-11-11,658.2633666992188,670.0320702645637,649.0521067328153,662.9756001906362,36116194
2020-11-12,649.6204223632812,657.6004237819327,644.0794677139719,652.3199077601627,27053948
2020-11-13,643.5111694335938,648.2470477549742,637.9228098899588,648.2470477549742,22472480
2020-11-14,648.6732177734375,651.1595538431708,646.542072570809,647.7734471589163,1835066
2020-11-17,667.0247192382812,668.9901201865498,653.8353104626648,656.2980017294028,31059900
2020-11-18,667.1431274414062,672.0211050279592,662.5730513057764,664.4437000382147,18862776
2020-11-19,650.8753662109375,662.7624081519232,647.8680953131696,658.14492720945,20266882
2020-11-20,664.7515869140625,667.0011291667048,646.4711077495306,650.070363791555,20405362
2020-11-23,660.4655151367188,674.2232634515739,651.3489502514798,670.1267175383426,25246636
2020-11-24,681.1139526367188,684.334372809639,663.9937998702551,666.8116241633022,40154400
2020-11-25,664.3489379882812,693.5219326676075,661.6021058346439,687.3179445258476,24152602
2020-11-26,675.6441040039062,678.1777873875996,656.8663345716484,670.1267941015735,27943126
2020-11-27,682.3690795898438,684.8080687135101,670.3873410133493,678.0831439985461,17994580
2020-12-01,678.7933959960938,686.2287011031041,675.0993881452553,682.3689490895632,17147574
2020-12-02,666.3143310546875,678.0830341152878,660.5602855423987,677.7041407514697,17892150
2020-12-03,652.22509765625,678.1777323249325,650.7333423290647,676.7569689192239,37933222
2020-12-04,656.2033081054688,663.7096639052261,650.3782122840587,654.0248155752419,26912322
2020-12-07,649.8809204101562,653.5275236928608,643.17964084008,651.1832869841245,24316318
2020-12-08,651.7988891601562,657.718736450316,646.518373815132,651.1832019175762,19457896
2020-12-09,666.4327392578125,667.7825107573249,651.206937503077,652.1304106028376,22069074
2020-12-10,656.3216552734375,663.9701099711853,651.5384299521099,662.0757587301833,19727966
2020-12-11,654.8773193359375,660.6550681335584,650.2361351594091,658.3108313387821,21356384
2020-12-14,649.8335571289062,657.3399127257109,647.8681560581934,654.9719735588316,17222050
2020-12-15,658.9027099609375,660.6312591314887,646.9209158475564,653.9300382066189,21561436
2020-12-16,668.09033203125,670.9792640576541,660.4182322709024,664.9173166786283,16832092
2020-12-17,682.8189697265625,684.334427687693,665.1541201988684,671.8316971698117,21924478
2020-12-18,668.3981323242188,681.8243349393504,666.0065486123938,679.5984953959074,22995918
2020-12-21,650.0703125,674.3179850066851,647.2524303718895,671.3107140052659,23761824
2020-12-22,650.283447265625,655.8244596437975,636.9756406113383,655.8244596437975,22851558
2020-12-23,651.4911499023438,654.0011308688444,644.576778722014,647.6313972886575,15467394
2020-12-24,661.6495361328125,664.9173036746126,652.1304324501009,658.0029330191164,14952188
2020-12-28,669.1085205078125,672.9682726910083,664.9172799846416,665.3908677908984,11699194
2020-12-29,675.904541015625,679.48015232617,672.4947316976208,672.9920220532118,14495346
2020-12-30,678.4146118164062,681.9191735548343,669.1796485141934,681.9191735548343,16216726
2020-12-31,680.2142944335938,683.8608979812462,674.8864307893492,679.5986070658506,22145750
2021-01-01,674.8863525390625,683.3872308658292,672.7788520330828,681.9664673920958,8810938
2021-01-04,670.6004028320312,681.0193356443933,662.549409295206,681.0193356443933,15740192
2021-01-05,675.6676635742188,677.5857172103831,667.2851829805555,672.1157552191057,14386824
2021-01-06,672.755126953125,681.9663859162719,669.2268633949402,679.5984470762849,22134050
2021-01-07,670.71875,678.4618992939315,668.9664981906012,678.4145520741395,19894842
2021-01-08,678.0120239257812,682.9136463718647,673.962824881487,678.1777681029891,13768764
2021-01-11,687.3889770507812,693.7587675349387,680.2141682562502,686.7022978773078,17331392
2021-01-12,701.383544921875,704.5565601168332,686.276082257034,687.8625898545131,20388156
2021-01-13,696.48193359375,708.9136137714456,692.4327346400382,707.019262506273,16934650
2021-01-14,695.5821533203125,704.6987194148936,689.5439082446808,696.7187757202818,12297166
2021-01-15,694.5875854492188,696.9555245413233,684.3343976182036,695.7478524799448,14165236
2021-01-18,702.3781127929688,711.7314726176702,694.7533601436431,696.1267764395999,42825632
2021-01-19,712.2050170898438,715.8990251352752,694.7533178392471,706.4983186612751,17360254
2021-01-20,706.593017578125,710.8553078986365,703.751490697784,710.8553078986365,13346052
2021-01-21,698.4474487304688,707.7060573653896,695.2980776752617,706.5931373774351,26333054
2021-01-22,683.647705078125,695.1795566696569,682.0374949646825,695.1795566696569,15392364
2021-01-25,692.7879638671875,701.3835947711163,689.1413606041951,693.853536512856,20344718
2021-01-27,667.5693969726562,697.073942054867,665.9355420753217,695.2269379463488,23556276
2021-01-28,649.5020751953125,663.6387196685218,635.5549352474135,658.2398062718762,42704446
2021-01-29,658.5238647460938,667.1668424746923,646.2105814067206,658.9264028315245,28704502
2021-02-01,699.370849609375,702.0939797162,663.496570375984,667.8772579391374,26370544
2021-02-02,739.0574951171875,747.5583733559366,709.1504127425507,710.8553173311757,42420206
2021-02-03,745.8060913085938,749.0738008830458,730.2723883286894,747.7951369461741,20237254
2021-02-04,747.8424682617188,752.0574111584991,730.9590519716828,741.6384797696535,24484684
2021-02-05,756.6038208007812,766.3834199558067,733.1138786291295,733.1138786291295,27054716
2021-02-08,760.2268676757812,772.7295980086683,755.7040807536468,767.2122882010688,17447580
2021-02-09,763.3526000976562,771.0010557944302,751.4418535518959,762.4764740964574,18421366
2021-02-10,749.0974731445312,764.7732171448926,742.1120533696732,761.6948965661414,19788006
2021-02-11,744.645751953125,756.6985959261269,740.7859998925289,749.215885700542,13648618
2021-02-12,749.1923217773438,754.1886970233193,744.9537333862991,745.3799740394425,9910106
2021-02-15,765.6019897460938,769.5801386403439,756.177581409158,757.7877914152841,10355244
2021-02-16,770.3616333007812,777.1576069056083,761.7423003535508,767.7805450141519,13897358
2021-02-17,751.34716796875,768.064843175917,749.689610396805,767.2123618716514,12794426
2021-02-18,736.0975952148438,760.5583606487642,733.1139687293299,760.5583606487642,14720560
2021-02-19,728.8990478515625,740.7860913158588,726.0101735308317,731.6932277267678,17139508
2021-02-22,733.114013671875,745.379950915023,729.0648143091637,731.7169525971016,29451838
2021-02-23,724.1868286132812,737.7077262268455,721.1085077743629,735.8370774568311,18239906
2021-02-24,760.7951049804688,764.3470135121918,718.0775081633502,722.9317831567051,14314332
2021-02-25,760.771484375,774.908069216845,758.6876864081806,762.3579920072215,20109570
2021-02-26,726.6731567382812,752.4836927211386,720.3270684390092,751.6075668233725,27912846
2021-03-01,738.276123046875,744.7406088677005,729.6567893487684,740.6914095593214,13536018
2021-03-02,742.6803588867188,751.8206264779094,734.53467191637,746.2322673582679,16110038
2021-03-03,751.5128173828125,755.8461574794367,741.1649351223799,750.1631036638017,11222410
2021-03-04,735.0321044921875,744.006571842905,728.8991066576652,733.3745468846445,16291438
2021-03-05,724.58935546875,731.9773138054445,720.3744123616639,725.0629432827818,17445822
2021-03-08,719.6166381835938,736.429004524836,716.3015236937714,730.2723633294515,15117050
2021-03-09,739.9810180664062,741.4964760669994,728.4965126660156,731.6932306640625,15066696
2021-03-10,736.7842407226562,745.9008061309231,735.0793361565595,744.4800426906737,11055016
2021-03-12,734.9845581054688,757.7404748656829,726.9809705885083,757.7404748656829,15631204
2021-03-15,723.9500732421875,733.3034332122131,717.6276870525,733.3034332122131,12230386
2021-03-16,716.1358032226562,729.5146585706096,715.1175778906098,725.0155744712979,13722366
2021-03-17,708.1795043945312,728.8516234041614,705.7405156649922,721.8662033617888,21064428
2021-03-18,706.119384765625,720.8243085586888,701.4545566632114,715.9463312672258,18065540
2021-03-19,709.1976928710938,715.6858222624396,698.0920826747441,703.2778456851914,21235020
2021-03-22,695.7716674804688,707.9665557763509,691.6277733993437,707.9665557763509,14015632
2021-03-23,710.452880859375,713.9100377508505,695.7479538309054,696.174194491778,19761428
2021-03-24,700.3417358398438,713.4363936460627,696.6477274847226,706.0721372637486,16368900
2021-03-25,693.0247192382812,708.2742816057414,686.8207304085842,705.7405405403921,23964356
2021-03-26,706.2615356445312,709.9081387163341,698.0684432741003,707.5401996278873,12021258
2021-03-30,735.8134155273438,740.0047142264807,711.1158555293341,713.5311419893512,25607644
2021-03-31,707.3744506835938,733.1139368392285,704.698667969491,733.1139368392285,30774506
2021-04-01,704.1066284179688,710.0975253674159,693.8060942541276,710.0975253674159,35763762
2021-04-05,686.5128784179688,703.2778984689253,677.704156706419,700.9099594168414,16006586
2021-04-06,682.0848999023438,692.6932792880586,678.4856438101414,691.4382599253059,15075734
2021-04-07,685.376220703125,689.8753046696546,673.2287402423026,681.6349234429235,25088180
2021-04-08,678.5567016601562,691.8645088213298,677.467426469423,688.123153205223,17613592
2021-04-09,673.323486328125,678.5566548887363,670.1741157477531,675.3362345728195,28157816
2021-04-12,647.4182739257812,662.54938215217,640.7643417097112,659.7078551379362,22549128
2021-04-13,663.188720703125,666.0775949671928,644.5530507466788,647.8681656292848,18600682
2021-04-15,677.2779541015625,680.4036222634213,658.7606812378839,665.3909109555909,34444984
2021-04-16,676.5912475585938,684.3343968185246,674.1522587343736,679.5748161245511,15606526
2021-04-19,668.8954467773438,671.4054275301584,649.9045868073125,658.2870680749406,24069242
2021-04-20,658.9501342773438,675.5257087311528,655.4218701712806,674.8626741907973,23186270
2021-04-22,673.6785888671875,675.7150393603974,649.312521729926,653.5511090592047,38485312
2021-04-23,669.7241821289062,679.4090292715103,663.1175977980581,667.285193457898,22713528
2021-04-26,665.296142578125,676.7569438349715,664.3252644958056,669.1795392853847,30170952
2021-04-27,681.350830078125,682.9136931382856,665.2962478960185,666.4565150269433,20592906
2021-04-28,699.39453125,700.4364013527586,677.7041854873546,680.1905215976332,24103940
2021-04-29,697.3580322265625,712.1103036895167,691.9117725521276,703.8461619317026,24078552
2021-04-30,668.8480834960938,688.5019775026257,666.5748388962347,684.3343816732215,35232902
2021-05-03,669.8662109375,673.3944745779464,652.2724711950027,659.7077762015139,22473700
2021-05-04,657.5055541992188,673.9153816245907,655.113970700858,667.7350382400332,21486328
2021-05-05,664.2542724609375,667.5693872393219,654.3562753461298,663.4965435023666,14421612
2021-05-06,663.4491577148438,668.1376884767826,660.6549781447178,666.622172836726,11477044
2021-05-07,670.0083618164062,674.8389344089317,667.8772166471722,669.1558806243075,12048334
2021-05-10,672.4236450195312,677.2305728857831,669.0848856230303,675.8098094461626,11060050
2021-05-11,664.7042236328125,674.4837660986876,660.678727067445,661.128612382698,14519034
2021-05-12,662.7861938476562,667.09583170597,657.7424716999027,662.9045908097584,13774926
2021-05-14,656.7952880859375,662.5020447148758,654.6641427937886,660.3471969061856,10604142
2021-05-17,682.0848999023438,683.1978197859106,654.166919312643,660.7260994627449,15120692
2021-05-18,699.3470458984375,702.2122750684749,689.0702142806481,690.9408628719897,22165280
2021-05-19,690.5857543945312,700.3653547002302,687.9100293890692,696.2688083859091,10130916
2021-05-20,678.5567016601562,694.232448095952,676.5202507595741,690.6568366668654,10684184
2021-05-21,709.1030883789062,711.2815808574237,683.3872458173004,683.3872458173004,19341646
2021-05-24,715.0939331054688,720.06660540615,709.6713754829415,711.9209177142021,22146102
2021-05-25,700.4126586914062,716.8935373735985,696.41086487721,715.3543770125982,19236974
2021-05-26,699.512939453125,704.225115318239,696.1741220698126,700.9100004512399,12283990
2021-05-27,702.1650390625,705.172310355068,692.5985297827585,697.6422519596574,20439496
2021-05-28,712.015625,716.5384120604125,700.3180283108625,706.0721322104973,17750020
2021-05-31,717.8881225585938,719.6167297533075,704.4619187285587,710.3817667851011,15661054
2021-06-01,715.9226684570312,723.168585066384,713.8152258292779,719.9955698673149,11030162
2021-06-02,712.2760620117188,715.2122832918838,707.0665961326437,715.1175888548506,10624016
2021-06-03,720.1139526367188,722.1976927085534,704.5802496675188,714.1704026204795,10287260
2021-06-04,710.8316650390625,720.1613804324387,710.0028862960756,717.959185353156,9424476
2021-06-07,710.3106689453125,717.0119480537238,708.4873674295712,715.1175968039121,8091668
2021-06-08,702.3544921875,710.9974705499297,701.6204078871059,708.7479282364206,9872540
2021-06-09,701.0521240234375,711.3289573399608,697.1450242244664,702.7570287371487,10223442
2021-06-10,701.4072875976562,705.1722877692647,697.9027260492259,701.9045201388227,11483540
2021-06-11,703.917236328125,708.7478667213167,701.4072555985663,706.1194312271526,7205974
2021-06-14,700.6494750976562,703.7514984338662,692.645887212192,700.0811928397461,8881964
2021-06-15,705.7642211914062,708.4873510500545,698.447312782573,703.751473035014,7569602
2021-06-16,703.0885009765625,707.5402382681639,700.0101799934681,704.6987112068459,7702098
2021-06-17,694.3270874023438,700.3179848535726,691.4382132789289,694.2797401828149,9283802
2021-06-18,700.8152465820312,705.6458189970701,689.0702460676088,695.9372691383855,11938060
2021-06-21,705.0302124023438,706.4983809928871,690.9646763172761,692.0775962076742,7260472
2021-06-22,702.7095947265625,714.1703962636843,700.9099379776212,708.9609305084452,14366824
2021-06-23,703.5147705078125,709.3399243472963,700.2470026908098,705.6459158913771,7844868
2021-06-24,713.3416748046875,716.7514840843272,704.6986968360997,705.6458725038901,14785024
2021-06-25,717.5328979492188,720.8006654850395,713.6968481510871,715.6385466601647,10383176
2021-06-28,714.3361206054688,721.2741931855088,712.749613095332,719.853429837146,9356786
2021-06-29,714.4313354492188,717.3564596471477,709.722512551715,716.7857178673613,10971692
2021-06-30,712.4574584960938,717.7370233979096,710.6500126812062,712.5050106362283,9679022
2021-07-01,707.154052734375,714.4075246053683,705.3704121103602,714.4075246053683,16911442
2021-07-02,704.1337890625,708.3431694594663,702.516609898695,706.321710020015,14827036
2021-07-05,711.2921142578125,715.5966570879147,706.107711679034,708.6761078676606,7373882
2021-07-06,729.9608764648438,732.4817785375456,711.5537277221872,712.029365240718,17669032
2021-07-07,732.2439575195312,735.0264253821098,726.6314115936917,729.627951175681,9629190
2021-07-08,723.1830444335938,731.3877916578379,719.8535817918715,725.3472183752016,8420922
2021-07-09,714.407470703125,721.0663951970289,712.2671021157987,719.425469171231,10695842
2021-07-12,707.2730102539062,714.4075732356201,705.8460976575634,714.4075732356201,14458978
2021-07-13,714.3361206054688,716.3575798470209,705.8935555378092,711.6012051610156,18178142
2021-07-14,713.052001953125,716.95220640485,709.2230966806467,712.2671884304233,9788494
2021-07-15,723.302001953125,726.1796323666229,713.2898663223192,715.8345156127509,10438802
2021-07-16,724.0867309570312,727.701564317052,722.3982526817174,726.7502893243508,5170628
2021-07-19,699.662841796875,708.152960521866,697.284654027341,707.2730426593835,25111600
2021-07-20,686.416259765625,691.5769149534121,683.0867973139923,685.8692650363275,24174250
2021-07-22,689.0560302734375,698.4736760969855,687.2961947294137,692.5757594227039,13207114
2021-07-23,686.22607421875,693.2179229686257,682.6825977011295,690.3879027749199,13126684
2021-07-26,682.3258056640625,686.8205568594655,679.2579089216915,680.161631792961,13167166
2021-07-27,684.7991333007812,689.6268658388828,683.0630447053469,683.0630447053469,22401430
2021-07-28,674.1210327148438,684.2996284750666,667.7950309210904,682.5635980986397,20670342
2021-07-29,674.5728759765625,680.1378114327916,672.2184936053619,679.3292509173456,13702230
2021-07-30,678.47314453125,680.994046713365,669.6738500565182,674.9296680888878,11655488
2021-08-02,676.6657104492188,682.5398220441142,673.6216187944088,682.5398220441142,13258786
2021-08-03,682.3970947265625,684.8704445513364,670.6488717578449,670.6488717578449,12033120
2021-08-04,696.95166015625,701.3275019831323,684.9180080404954,685.393645546079,22053948
2021-08-05,706.2503051757812,716.8094921374355,693.1940794890436,697.8077398506728,18822408
2021-08-06,709.9603881835938,713.4563125026119,701.0897364192333,705.632098166656,13339270
2021-08-09,715.3112182617188,716.9521443443277,702.0409209486176,709.6511206336975,10998048
2021-08-10,717.094970703125,722.8501735007229,708.2243186988494,708.2243186988494,14838346
2021-08-11,711.0542602539062,722.4220081617676,709.1993204454371,720.5432632537157,12585786
2021-08-12,714.1221313476562,717.0710605291638,708.3669293933626,712.0293148021268,8597674
2021-08-13,725.9180297851562,728.2011133257563,713.931986350072,714.0270906387526,16658428
2021-08-16,728.0107421875,730.1035587891065,723.6586474723767,725.8941785477451,6252778
2021-08-17,720.42431640625,724.8715152055369,715.977117606963,721.6371571363015,8282666
2021-08-18,719.6395874023438,744.539200641727,717.4278612617312,740.424924369185,22985932
2021-08-20,720.4718627929688,722.8738552579924,706.8210905316265,706.8210905316265,13150406
2021-08-23,725.1569213867188,729.2236452390042,717.570526480986,727.6540182634369,10843054
2021-08-24,741.4474487304688,744.1348120128122,726.5124207569589,727.7253195139677,18381314
2021-08-25,740.7578735351562,744.2776027396884,736.2868693056814,738.2369714945701,7727974
2021-08-26,739.5211791992188,747.226483172308,734.1226473371297,737.2380960643395,11119002
2021-08-27,736.5008544921875,741.35239176859,734.9788377356009,738.189390820678,6382138
2021-08-30,745.9185791015625,746.75094480437,737.9992023740358,739.9017525518813,9049166
2021-08-31,752.1731567382812,753.100626642032,743.040881869667,743.6592338463132,12062576
2021-09-01,751.0792236328125,760.0687847011596,748.8913025732014,749.1291213418814,12422558
2021-09-02,755.7880249023438,757.2149374729586,747.3454588595391,748.701014189379,9618524
2021-09-03,749.6286010742188,760.0688223113899,745.9424099772768,754.4087237244855,10735334
2021-09-06,744.7056884765625,751.9591611108099,742.9220476648624,751.4835235610232,7876896
2021-09-07,746.3941650390625,752.4585433116437,739.7114347769459,743.1836118359313,7245496
2021-09-08,749.7949829101562,751.7450850903009,744.6580745740106,747.6783611524173,6724080
2021-09-09,746.0850219726562,751.2456775887658,742.47018833739,748.6534762607636,8250948
2021-09-13,739.8779296875,753.4097932161694,738.9742068333936,742.9457683103893,8959164
2021-09-14,736.5485229492188,744.134918355455,735.620994925657,741.994549462774,9758506
2021-09-15,735.716064453125,739.5211642267409,730.1035190625556,730.1035190625556,14822998
2021-09-16,741.970703125,744.0397727219095,730.7219225742858,731.411573732443,10260550
2021-09-17,752.5298461914062,755.7879512981008,741.6139312525427,746.2752017537572,20498102
2021-09-20,741.9231567382812,752.3158246968031,741.04323895895,743.8970640127071,8781610
2021-09-21,738.1655883789062,746.1087693954601,727.2259259755568,742.9457684361612,14774996
2021-09-22,729.4852294921875,737.3095014073501,727.7253939209189,736.7625066558845,10582202
2021-09-23,746.7509155273438,747.702190578971,733.4330648045631,733.4330648045631,13664304
2021-09-24,761.7572021484375,764.8012354628914,749.1290042803687,751.0315541325093,20806702
2021-09-27,772.95849609375,777.9051377473095,764.8251063880609,768.487491944163,16415462
2021-09-28,768.1783447265625,776.2403768870238,752.458502595142,776.2403768870238,12773790
2021-09-29,758.0947875976562,764.1591654813507,753.9567647367983,759.5930572752828,16263036
2021-09-30,758.6179809570312,764.0402598802681,752.9816883907416,754.3610487049043,15975348
2021-10-01,752.7913818359375,755.7879210469525,744.4915314151935,752.9340962978766,11128596
2021-10-04,754.2421875,761.6621211029538,753.2195552330974,755.7880094198329,7051028
2021-10-05,758.8558349609375,759.8309150717456,749.7236180793985,757.2149087913734,10257178
2021-10-06,768.1070556640625,773.7909008998,754.8367570191563,759.1174947716279,18600830
2021-10-07,766.0142211914062,774.19516325999,764.3494898817696,773.6719736034911,11265724
2021-10-08,762.2804565429688,771.4840306228035,761.0913627843023,766.7276555881376,7245562
2021-10-11,777.0965576171875,782.4236743028476,760.5443496718865,760.9724350269096,13080848
2021-10-12,775.098876953125,780.7827800509983,772.9109560129631,772.9109560129631,8176946
2021-10-13,779.7601928710938,783.8506640933167,775.2891883932683,778.6186511655094,6225644
2021-10-14,802.5906982421875,803.8273440823788,779.0941950336901,779.0941950336901,14757288
2021-10-18,794.4573364257812,820.4746843514532,792.9115145567133,810.9619343879581,28856456
2021-10-19,803.2091064453125,804.9927472555581,794.7903450454429,796.906908915778,8987540
2021-10-20,796.1458129882812,807.9891982795003,791.6748089028501,803.3992848197823,10908568
2021-10-21,797.3112182617188,799.9985238690318,789.9625835542432,795.1708493673277,9738190
2021-10-22,799.427734375,812.3888563513312,794.6713593378141,799.1185583853392,12175554
2021-10-25,788.13134765625,803.827385358517,767.5838306159519,803.827385358517,16426766
2021-10-26,786.10986328125,796.1458027295024,783.0657717264866,784.8018601809484,12090656
2021-10-27,781.3773193359375,791.9602538614304,778.761313048737,786.1098893037489,13249642
2021-10-28,757.9759521484375,784.8019203094409,754.9081133208074,784.8019203094409,17797750
2021-10-29,752.86279296875,761.9712625572553,741.9944878834696,756.2636126504593,12406874
2021-11-01,763.5409545898438,766.2520653021783,753.1958382519653,753.8854894500015,8122320
2021-11-02,764.2305297851562,771.484001438633,761.0437818569678,763.8738016710508,13237722
2021-11-03,752.1969604492188,765.7288832277255,749.3907454269682,763.4457998232535,10207338
2021-11-04,758.1423950195312,759.9973929432354,756.3112021961033,758.6418376355663,1096808
2021-11-08,761.138916015625,763.2554796846038,746.9648951674751,757.2624587445608,18943580
2021-11-09,747.821044921875,758.4515312291761,746.2990281757783,758.4515312291761,12695476
2021-11-10,739.7353515625,746.2753683340701,737.2382542497187,745.7997307506832,13714126
2021-11-11,736.4295654296875,739.5687613215156,730.3889343351215,737.2619310557671,7999404
2021-11-12,738.6650390625,741.5426691680743,734.8837441539887,737.2381265594817,14914092
2021-11-15,740.6865234375,747.6308195742927,739.3309681261308,742.9933537829838,9533594
2021-11-16,736.2869262695312,740.662768498323,733.2428343419601,739.6163891144192,8245406
2021-11-17,728.1058349609375,734.3842261047051,727.0118455965297,731.0072118067511,7598878
2021-11-18,732.1964111328125,734.1465133558511,725.4661286012387,725.8466618423676,9152874
2021-11-22,720.75732421875,738.5223744689714,713.004467265438,735.3356262214785,15261272
2021-11-23,720.8524780273438,726.6790377392206,711.7202026626078,714.407566305228,11235214
2021-11-24,722.0415649414062,730.7456967746908,720.1390148495992,724.8715849784808,30802286
2021-11-25,725.799072265625,729.2950545918285,716.7857642148182,720.4957602069751,10251652
2021-11-26,708.65234375,716.6430191487968,706.3217083190601,713.4562710293536,18624936
2021-11-29,714.05078125,717.0948727956322,695.3820097835137,710.9829426666183,12990996
2021-11-30,710.3883666992188,727.2496917899412,707.0589044084865,711.0780178063845,25221542
2021-12-01,715.6679077148438,716.809449218188,708.2717220709286,711.0779946654629,8677634
2021-12-02,725.7039184570312,727.15463606218,713.4562527842353,715.596621542588,11203110
2021-12-03,719.9012451171875,730.5554799079396,716.8096010074438,725.727805170166,8124694
2021-12-06,715.263671875,722.3982341371078,712.1957752655638,719.6395135046063,7029532
2021-12-07,725.6801147460938,728.6766542380091,718.165077039117,720.0913740885894,12427534
2021-12-08,739.0455322265625,739.6400790705917,729.6278869926537,730.5791619431004,15295534
2021-12-09,726.2271118164062,739.4736046987022,723.9202815328325,734.9550484079257,11747744
2021-12-10,724.181884765625,726.7740858657247,717.4753496970789,725.2996212566436,7779384
2021-12-13,718.7596435546875,731.3640377223576,716.8808405306988,725.8228490514963,10322142
2021-12-14,714.6216430664062,721.0665553575825,712.0532466401035,714.6454481693718,9191100
2021-12-15,713.456298828125,724.5624236009718,711.387287173768,714.8832114257813,10115148
2021-12-16,713.5038452148438,721.5421310623909,710.6024679019197,719.5444766662719,13210432
2021-12-17,700.6378784179688,716.3101116196879,698.0931712139019,712.0293739008451,14994768
2021-12-20,678.0925903320312,693.4794513193636,672.5989541701382,690.6256264168148,21156668
2021-12-21,685.774169921875,690.0311023174055,680.1616242039565,684.6801804486681,9118750
2021-12-22,687.3912963867188,692.5282046456658,682.872740106407,690.7683691083477,8577484
2021-12-23,686.8681030273438,693.3843716225142,683.4197311478777,691.220197770224,9779166
2021-12-24,684.394775390625,690.6256147099941,679.2103152933,687.5339711179728,5561024
2021-12-27,690.0549926757812,691.5770096375636,676.4279650208153,679.6385185387338,4705098
2021-12-28,694.811279296875,697.7126564182305,691.2915502045277,694.7636690981695,5450678
2021-12-29,691.505615234375,694.9064352050838,688.4377763732563,692.5520526429435,7668702
2021-12-30,695.1442260742188,697.6888751595437,687.2962071004079,693.7173135335258,7215918
2021-12-31,703.6580810546875,706.2265349915142,695.1441587739171,695.1441587739171,6325736
2022-01-03,722.802490234375,724.3958641407609,704.1812717402472,706.3216403473604,9069184
2022-01-04,727.0357666015625,729.1047782359835,717.166287896205,722.9690425129386,8857352
2022-01-05,744.3013305664062,747.7021503050373,726.8216524342752,730.9597335226943,14332638
2022-01-06,732.3628540039062,739.4974166342414,727.7491933941105,733.9086759071455,9628930
2022-01-07,737.499755859375,745.2050602081262,730.5316548059,734.3843069802756,11179384
2022-01-10,741.5902099609375,747.7021401431209,735.0977465592833,741.0432152309048,8856496
2022-01-11,744.80078125,746.1325314282669,736.191754015291,742.731769713943,8389198
2022-01-12,740.401123046875,749.9138730090968,738.1893970684148,745.7995970381922,21085530
2022-01-13,726.7741088867188,739.6163215437484,723.1592754547615,739.6163215437484,41963896
2022-01-14,734.931396484375,736.6198750064044,722.4934625251691,727.7254757495119,11208968
2022-01-17,723.6824951171875,740.0919897485006,722.5647585444003,727.7254140843227,22989372
2022-01-18,727.3685913085938,737.666154009168,724.395857160692,729.1522317973348,12341152
2022-01-19,722.2318115234375,732.3629145201494,719.8060716409249,729.6279986191973,14317626
2022-01-20,717.7369995117188,727.0119309169397,713.5038140786304,726.9881258170541,15197846
2022-01-21,723.7300415039062,727.6303040191038,706.6070907204011,713.4562826460474,11537694
2022-01-24,707.1065063476562,723.5635523601698,698.0218416410312,718.1888253449379,11868508
2022-01-25,707.7723999023438,711.0780572785832,686.8205449567051,693.7886458927823,13594248
2022-01-27,701.54150390625,706.321683981928,682.5398091003816,689.6743715648455,28617838
2022-01-28,695.9766235351562,707.1303005135713,694.4308015454147,702.7544584132536,24925208
2022-01-31,706.654541015625,709.4370665658972,697.6650395988496,700.4950592209881,12842546
2022-02-01,712.0293579101562,721.542108182837,700.8280712395866,717.4991893169476,14739484
2022-02-02,728.296142578125,730.1035883666477,716.1198337589774,719.1401203787386,13969290
2022-02-03,720.75732421875,732.4579959215433,717.7370374956087,727.1308787749581,10564762
2022-02-04,724.87158203125,729.0809624800141,720.1627589609288,726.9643987359728,11579958
2022-02-07,698.3072509765625,722.4934077542481,694.4307934965123,719.211497186438,12268042
2022-02-08,695.3106689453125,703.2062398464973,687.0821750180488,702.23121780657,13981130
2022-02-09,712.314697265625,713.3135243877856,697.7602016051236,701.0896640531371,11308342
2022-02-10,725.3947143554688,730.3413557953064,714.2410385936968,720.1151499017218,14314530
2022-02-11,722.4220581054688,725.3472405566795,713.2184834195023,713.5752115705957,10711104
2022-02-14,700.947021484375,713.1946881745109,698.8542627513499,708.6999366331057,14656620
2022-02-15,721.922607421875,725.2996219974043,700.6378296890821,702.0409370637402,13135066
2022-02-16,720.9475708007812,729.9846836790362,716.7857425015849,729.7944170588287,10032264
2022-02-17,716.5479125976562,723.9202940415751,714.4075437913573,719.6871085679842,7351208
2022-02-18,719.330322265625,721.5420481321954,708.9138499717109,712.6476505919669,7796128
2022-02-21,723.9678344726562,728.0583054018553,711.3396935564448,715.3588072476773,7468066
2022-02-22,718.5455322265625,723.9678112195843,707.7247793394828,708.6047551441089,9536196
2022-02-23,713.8843383789062,725.6801135920207,711.3872414933543,725.3947427030585,9029562
2022-02-24,675.119873046875,701.5415010977686,669.2933137242217,689.6268166665427,23630766
2022-02-25,692.5758056640625,697.2370767488001,681.5172329343914,684.8942478331431,18318654
2022-02-28,678.3779907226562,684.2283552518861,672.5752363928466,678.2590813465437,24880832
2022-03-02,653.6448974609375,665.1315558068055,644.2035037869538,659.4714573982826,38505560
2022-03-03,652.0989990234375,662.0873863170132,648.2463469653018,656.8553739251402,17527922
2022-03-04,649.9586791992188,659.2336109550803,635.8798200435912,646.8670352805982,21219364
2022-03-07,630.1246337890625,633.715662365495,616.9256921049088,627.1280940741168,27054458
2022-03-08,631.551513671875,634.5004430311901,614.5236674634915,619.3751468768733,39212492
2022-03-09,652.1703491210938,653.8588273559873,627.2944854329724,632.5978550025679,23134694
2022-03-10,662.4203491210938,678.7347392382749,656.4986852373013,678.7347392382749,22273206
2022-03-11,664.3704223632812,670.1493710099126,652.9075132143932,660.1847895222286,15150780
2022-03-14,686.1309204101562,689.6743966720176,673.0270836488999,673.0270836488999,25018126
2022-03-15,677.307861328125,689.4366186763464,671.481301425548,686.5827934179413,18867928
2022-03-16,688.7944946289062,692.052600068531,683.1105913586209,688.2474998619687,13364108
2022-03-17,703.96728515625,708.6047506498716,699.4487290342597,700.1383801652347,14823954
2022-03-21,707.0352172851562,710.4360373761019,700.5190060819253,707.2730360598905,12257876
2022-03-22,710.6737670898438,712.5049598135698,693.0989270027054,704.561836957358,10461814
2022-03-23,703.5867309570312,722.398216212513,700.8993676260746,716.7856708144304,31188256
2022-03-24,686.178466796875,699.0206795927611,682.3258145703531,697.2845910655177,20160044
2022-03-25,680.5897216796875,690.6256614843303,674.9296237233227,690.1500239764209,16366462
2022-03-28,681.493408203125,683.9666998878296,666.6534839112492,680.589685374062,15754886
2022-03-29,690.5305786132812,694.5496924552175,680.16165739494,685.3936701441318,12377448
2022-03-30,702.4927978515625,705.2515186367268,691.6007453109708,700.1384153992661,20109742
2022-03-31,699.3535766601562,706.1789630767555,697.237013039462,699.6627526430442,14295714
2022-04-01,716.3101196289062,718.2126697474425,699.3298830454588,702.2312603639822,14568556
2022-04-04,788.0362548828125,819.0953496497071,743.2074192757403,751.5072706543655,97450970
2022-04-05,764.9440307617188,792.7450201895066,761.9712963036054,792.7450201895066,30922582
2022-04-06,737.642333984375,756.1684476559276,735.977602895238,755.1695625534752,27027860
2022-04-07,721.4231567382812,733.1238272791691,719.9724391818007,733.100080241604,40781732
2022-04-08,720.42431640625,725.7038807905826,712.1720177896111,719.2114176149829,41256322
2022-04-11,711.6251220703125,718.2126904332335,710.2457615824013,716.3101402599004,20799066
2022-04-12,710.3646850585938,716.7144347757979,704.0149353413896,705.8461283073004,27435402
2022-04-13,696.78515625,714.5502639320367,695.691224799288,708.6998992573039,28892520
2022-04-18,663.7283935546875,680.9465076399842,661.1599972428315,674.8583237972184,45620376
2022-04-19,638.4006958007812,660.9221802216326,631.1710282718929,656.8079038056561,74096022
2022-04-20,644.1558837890625,646.8194421533099,635.142518406885,644.2271829644586,49325736
2022-04-21,653.6924438476562,656.2847032867525,643.68030843123,649.2452444448392,52446270
2022-04-22,644.7742309570312,654.1680722750773,641.7063920801837,646.8670477236759,20659148
2022-04-25,649.6018676757812,651.9325028659932,628.9116379529942,642.1105776037376,20935488
2022-04-26,652.5984497070312,657.3072144691479,645.5114394033479,652.5746446077407,17016842
2022-04-27,652.8363037109375,655.9041425017765,645.0120316413157,646.8670295884091,18054334
2022-04-28,652.2655029296875,655.9041415782432,647.8658558596376,652.5746789306378,20773722
2022-04-29,658.5677490234375,668.1518573977863,652.3607137487355,656.5462894086016,28401476
2022-05-02,667.6524047851562,668.9604080458433,647.8421473040924,647.8421473040924,19494316
2022-05-04,644.9644775390625,667.6048118935288,642.1106524172083,665.8925284326605,29055916
2022-05-05,643.5137939453125,654.001625047842,640.4459550013958,654.001625047842,17862912
2022-05-06,626.699951171875,634.9760551888268,624.5120303093106,632.5978677162095,26731268
2022-05-09,627.7701416015625,630.9331425829555,616.1883801102291,618.32874885627,32762434
2022-05-10,637.8536987304688,643.537543685614,625.4871236116026,625.4871236116026,20113812
2022-05-11,641.4447631835938,644.4888549965599,631.9558176573953,643.5375799338344,17102924
2022-05-12,626.9856567382812,638.4133907389254,622.1498973824371,635.6706993369925,22382290
2022-05-13,621.3560180664062,634.1791515037851,619.2629499130284,630.353891041967,16768238
2022-05-16,627.9719848632812,631.292053906236,618.4448991695826,625.0368734940553,9804356
2022-05-17,632.2544555664062,633.6979588896172,624.6519812363082,631.580808934981,16641444
2022-05-18,632.2063598632812,641.5410265716883,630.3297937681616,637.0902245927911,15732384
2022-05-19,619.2869873046875,623.7858941010936,615.0767694162303,618.8779477207698,20537506
2022-05-20,635.5984497070312,637.1622447317521,621.837065236746,626.9615129880896,13919350
2022-05-23,627.4427490234375,639.9290287015857,625.0850152898169,632.2544265466233,19486320
2022-05-24,634.63623046875,637.5473190805823,624.0265159854545,625.5181243809486,12870796
2022-05-25,639.375732421875,642.8160348600121,636.6811460213428,639.9531102298189,12887112
2022-05-26,657.6119384765625,659.6809832899339,644.7647830842534,645.7993054909392,26992428
2022-05-27,669.8095703125,671.0846178237094,659.5606740424182,660.0659236596756,24031718
2022-05-30,674.3806762695312,683.4987815396562,672.8890092715018,678.5668121550864,12624674
2022-05-31,668.3179321289062,675.944488061126,664.0115042012508,671.662083279525,13485388
2022-06-01,671.1568603515625,673.8513881488794,663.6025497657505,664.0115306279351,12091896
2022-06-02,666.4654541015625,667.860852355906,663.3378636546508,667.4999765351084,11475020
2022-06-03,664.1558837890625,673.995741003826,662.231212745682,672.8169034842749,6957244
2022-06-06,663.2656860351562,667.3796939444019,654.7009350100217,662.2312223234171,6173266
2022-06-07,655.63916015625,661.2688580365657,651.5492343077399,655.3504712553794,10253966
2022-06-08,657.9487915039062,664.4926611407994,652.9446351687653,660.7876929692908,5986588
2022-06-09,662.90478515625,664.9979118561328,653.016823143348,655.4707669191479,7311816
2022-06-10,650.105712890625,658.213377451669,646.4969548898966,654.436222491499,9155430
2022-06-13,638.3170776367188,639.9530596115558,629.5117437124109,636.8735744947378,10892572
2022-06-14,631.2921142578125,638.0284630380025,627.9239398677174,630.9312384303023,11870356
2022-06-15,629.1027221679688,633.1205196838177,624.7481894734992,626.3119845887259,11810470
2022-06-16,616.520263671875,635.4060979237764,614.9323865969412,630.3297546494468,12169192
2022-06-17,620.5860595703125,625.0368609279597,611.8528538077786,613.4888357837941,14723922
2022-06-20,636.176025390625,637.5473418881802,622.7033268450634,627.7796119481263,15936840
2022-06-21,643.1047973632812,651.5011513361289,637.0902003236198,643.2731943331319,13220684
2022-06-22,640.0734252929688,643.2972258536737,636.6811690239211,641.0357608318419,8159698
2022-06-23,642.43115234375,648.6141463686242,634.419697319756,640.193710492177,15372244
2022-06-24,651.4049072265625,655.1820622227635,644.067099221751,644.067099221751,8013432
2022-06-27,652.5838012695312,662.0868649193548,650.5388382056451,659.1998582409274,9804164
2022-06-28,647.603759765625,650.0577038210937,643.9950012321992,646.6895291898963,9770574
2022-06-29,646.6653442382812,649.9373082816165,640.5545375901551,640.5545375901551,9994046
2022-06-30,648.6141357421875,651.5011422810993,642.8401226643639,642.8401226643639,12475822
2022-07-01,651.380859375,654.3881578947369,639.9772068826776,646.6653918015329,11472452
2022-07-04,652.2950439453125,654.4843218717582,645.8473846257052,651.35673163144,8487480
2022-07-05,650.8274536132812,663.6986902674247,648.7584676358872,656.3127774299695,14325718
2022-07-06,659.80126953125,660.835791929005,648.18105675633,648.6141194735643,15049078
2022-07-07,671.6139526367188,672.6724981664967,661.3409744346241,664.0114788767993,17743142
2022-07-08,672.2394409179688,678.4465165399553,671.1087084709948,678.4465165399553,12474030
2022-07-11,676.5940551757812,678.3984342696596,670.3869793455802,670.7478551643559,7462880
2022-07-12,669.6892700195312,676.1609524926532,668.5344557204256,676.1609524926532,9876974
2022-07-13,653.3535766601562,670.8440115296884,651.6213846159309,668.8231306008078,15945610
2022-07-14,650.081787109375,660.4749999608194,649.2156615649611,655.3505510850302,10372410
2022-07-15,655.3745727539062,656.7458891263111,648.0367643942972,651.0199810197498,13595646
2022-07-18,648.3975830078125,657.3232089503867,645.7511605542314,648.6140849867697,20332220
2022-07-19,648.6382446289062,653.6905062823398,643.3213172038678,643.3213172038678,15792538
2022-07-20,656.8180541992188,659.7290838164299,652.1025868008825,654.3400285637287,20347862
2022-07-21,654.7490844726562,658.9593027266601,653.4739780541829,654.6528744070862,12640278
2022-07-22,670.026123046875,672.19137802261,655.5429848453301,657.275177078658,12729592
2022-07-25,671.9988403320312,675.8481821741008,665.5993447613678,671.2289837108764,10143126
2022-07-26,670.6276245117188,674.5972588810258,667.0429478788055,671.7102520669844,8527964
2022-07-27,675.751953125,676.5218097245117,666.0564118856013,668.2938535156615,9212778
2022-07-28,681.7425537109375,685.182915066855,678.9277339602053,680.8764869533358,17420406
2022-07-29,690.0908203125,692.207970333886,680.9967960785934,691.9192814074022,20019736
2022-08-01,695.8408203125,696.9474710021221,688.0940305399319,692.4004588219614,13193036
2022-08-02,688.1902465820312,695.0949927711118,684.7258619133711,693.8439682372236,15036510
2022-08-03,689.8020629882812,690.8365853805471,681.8146902206062,685.6399502739025,10975498
2022-08-04,688.9840698242188,696.1053168364679,679.8659062909707,692.8815166078793,12012206
2022-08-05,686.6505126953125,691.4140267889854,683.8116110098687,689.5134375282818,9268982
2022-08-08,703.4913330078125,704.6701705018421,686.6744848885744,687.1075476112192,15357736
2022-08-10,705.5363159179688,708.0383647964982,697.2361719881424,703.154500244152,17353102
2022-08-11,714.870849609375,717.4210619895695,709.5058765842018,715.2558072753152,18301766
2022-08-12,714.6063232421875,716.6031812290219,710.1795445295438,714.5341363296417,8850370
2022-08-16,722.7860717773438,725.8414749228665,716.0016189595292,719.2495009321705,12563756
2022-08-17,726.5151977539062,727.8865140946783,714.8949848396419,721.7516252798,12384350
2022-08-18,727.3812255859375,728.4398298215469,721.5831897478574,721.7515867041628,8342138
2022-08-19,718.4075317382812,727.5256370949188,716.939946608088,726.563301596116,8063702
2022-08-22,707.4849853515625,716.1460048012029,706.2098790742172,714.4378945404134,8234066
2022-08-23,705.2957763671875,710.1795824902051,697.8857805878358,699.2811789385421,14966884
2022-08-24,708.6879272460938,709.9630335639699,702.1199755407531,703.4191637412739,13455520
2022-08-25,704.8385620117188,715.4002292936442,701.0614069473538,712.0801600941289,11823040
2022-08-26,704.9588623046875,712.9943990116683,703.0822963230394,708.303013425697,7706176
2022-08-29,692.5928955078125,695.7685910224809,687.3962601301372,691.4380811198513,8653178
2022-08-30,715.0633544921875,716.9158385123882,694.3731420244557,695.9850421787525,10135400
2022-09-01,708.3511352539062,716.6753023262013,702.023767412422,704.7904820543832,22403136
2022-09-02,714.7747192382812,717.1805580778581,705.0069900550793,708.351141283871,12038086
2022-09-05,719.369873046875,721.2704621778411,714.101050906599,715.0633864131738,12131932
2022-09-06,716.6271362304688,724.9513613297232,715.2317380870402,721.2223114778902,12238696
2022-09-07,713.2349853515625,716.9399535633776,707.9421400567993,707.9421400567993,9776206
2022-09-08,720.5968017578125,721.7516160908172,713.1627836065959,716.9880436773584,11164690
2022-09-09,721.0779418945312,726.0820979884301,718.888663984653,719.92312760574,15128888
2022-09-12,718.6480712890625,723.676250465666,716.9399023895229,721.751579586768,11080492
2022-09-13,728.0548706054688,729.4021637256475,721.0539154710427,721.2223124269915,13001966
2022-09-14,735.537109375,740.4690789237419,718.0706961615213,718.8887165967504,20219760
2022-09-15,731.7118530273438,741.4555010181163,727.5257166443482,736.1867370805904,13539372
2022-09-16,718.2632446289062,728.8248545087636,713.5718585058905,723.2433196891544,20560046
2022-09-19,723.0027465820312,728.488071416577,712.1283657176579,716.4588760497247,12076038
2022-09-20,731.7118530273438,733.2997302685097,726.5152760073807,728.4880522483752,10781668
2022-09-21,730.5811157226562,732.0968060364729,724.1575373545131,725.6010407512331,9072304
2022-09-22,715.0152587890625,726.6354714109892,713.4514636402978,722.7139425983661,12048144
2022-09-23,695.8408203125,709.7224994874169,691.438123229436,708.4473930800602,15806252
2022-09-26,686.4580078125,691.1734166960763,682.2958948729614,685.8324662197185,8923486
2022-09-27,680.2990112304688,692.881559633574,677.0030238919713,689.2246964827675,12639700
2022-09-28,668.606689453125,678.735235635856,666.8504153685985,676.5218756703962,11816132
2022-09-29,665.1422119140625,674.6933797809945,663.434101683277,671.8545371114053,14410388
2022-09-30,683.9077758789062,688.7675584504451,656.7939846693048,663.4341231736677,15781756
2022-10-03,679.9862670898438,682.22370896109,674.1641488370536,678.4224718418965,11541112
2022-10-04,699.1367797851562,701.5426186694823,686.2174367235855,687.8293370288237,11538526
2022-10-06,691.4381103515625,703.7559939592081,690.0908170525987,702.4808875755999,12549198
2022-10-07,688.4547729492188,690.4515719276419,683.4265352110768,688.1901072180511,13297994
2022-10-10,680.8523559570312,686.1452011270152,672.7687143847188,677.4841817579505,13109302
2022-10-11,673.9476318359375,681.8147129301799,673.3701952846903,674.1641338324686,14521620
2022-10-12,678.3502807617188,680.7801425260418,672.3356842119671,675.1745267944143,9225050
2022-10-13,670.555419921875,676.6422042083251,665.9362208884066,674.6213229862772,14714234
2022-10-14,692.400390625,696.249732615966,680.9726565893199,681.8147001498437,12849920
2022-10-17,696.033203125,701.3500712981873,686.6263505116987,690.475692350587,18410500
2022-10-18,694.7340087890625,703.9002774553204,692.8815247929514,701.5666257336586,10561108
2022-10-19,701.8554077148438,710.8773037655702,699.3292768206403,704.4296436407238,12967040
2022-10-20,697.1159057617188,699.0886819198254,694.0845252418784,694.8062769145736,7898078
2022-10-21,692.2078857421875,701.3741545079234,689.9945259278926,698.6555450817992,10492606
2022-10-24,703.0101928710938,703.9484465267632,699.7623104281301,699.7623104281301,2167794
2022-10-25,698.1263427734375,706.2580899913314,695.2874411281454,703.0342306280569,13773394
2022-10-27,699.810302734375,706.0414008489644,698.294612757875,704.6700846745274,15937276
2022-10-28,701.87939453125,705.8731104708331,696.4422340345699,697.6932584749202,10474278
2022-10-31,720.1637573242188,720.7892989018973,705.9933903964011,708.2789372387135,12830528
2022-11-01,728.1271362304688,735.7055286941263,721.2223903997298,723.4357504196331,19073756
2022-11-02,728.5841674804688,735.34459771333,727.33314310533,729.931460645262,12720406
2022-11-03,725.3844604492188,731.4952673413037,720.3081172240958,720.6449111524606,10332352
2022-11-04,720.38037109375,729.4984772519798,716.7475307718796,723.2914009917648,10818060
2022-11-07,725.9859008789062,727.5256141338776,717.9503644757295,726.5632786654467,9835834
2022-11-09,725.7694091796875,730.3886081201978,723.6763410840517,728.9932685473082,9269790
2022-11-10,733.6605224609375,734.7431498920162,719.3698638652188,720.3562225050898,12774182
2022-11-11,775.2334594726562,787.6716345011165,740.0360255728266,743.4041999414936,56722338
2022-11-14,777.1099853515625,783.341084117066,768.9060518544665,775.6424002436796,19195390
2022-11-15,779.0105590820312,781.0074169195871,772.3945027587589,781.0074169195871,11030202
2022-11-16,785.6987915039062,790.0774060630871,775.6423742836154,778.8421514086572,13578150
2022-11-17,778.6015625,785.0492217336395,776.5565996778271,778.5774806193391,12100930
2022-11-18,776.556640625,780.9352553866862,772.3945278555009,779.9729198902146,10459232
2022-11-21,768.59326171875,775.6423807100551,765.1529007022125,773.549312831949,8344816
2022-11-22,767.4625854492188,771.9614923063164,765.5379143885311,769.8684242750784,8546314
2022-11-23,769.45947265625,772.2742924421901,766.9814468242063,772.2742924421901,10185738
2022-11-24,781.9697265625,785.2657136747216,769.4593659279763,772.7312711598448,17197960
2022-11-25,778.3610229492188,785.1213945985398,776.6528539412901,784.1590590980275,8410496
2022-11-28,769.9887084960938,773.4530928760762,767.0054918764588,771.2638148082744,16105980
2022-11-29,768.8338623046875,775.8107945409757,766.4280236025191,768.5451734076865,12638236
2022-11-30,773.9342041015625,776.0754357204742,768.4729621678146,768.4729621678146,15184806
2022-12-01,779.2511596679688,787.6715951691663,777.0859048248036,780.4540790252827,20446366
2022-12-02,773.2847290039062,778.8181584847341,772.3464753255907,774.680127315897,7811078
2022-12-05,776.0995483398438,776.8934869252123,768.0399880135933,774.6560449978288,11592622
2022-12-06,775.2334594726562,776.4604020366052,769.8684271238768,770.3495948908293,12353092
2022-12-07,774.8966064453125,778.8181354914701,772.0095998448971,776.6769624240152,11674720
2022-12-08,779.2511596679688,782.378749996985,772.2742273955479,774.6800661101757,14803634
2022-12-09,784.8086547851562,786.6370569296665,779.491727838407,782.3787342378084,11963384
2022-12-12,790.9195556640625,795.659046653405,780.1654672932444,781.8976595918489,14434808
2022-12-13,793.1088256835938,797.2949616133573,791.5209486143468,793.9267873639345,17031702
2022-12-14,799.8211059570312,801.3849011709643,793.9268009198986,795.3703041942985,14227640
2022-12-15,785.1695556640625,803.2614512642567,782.8840088582007,797.3190413162754,18182648
2022-12-16,788.9467163085938,791.5690570624564,774.1989129626363,779.5158401167187,14647958
2022-12-19,791.4006958007812,792.3149263180803,782.4750101040391,791.0398199705028,9604542
2022-12-20,785.939453125,787.3829564457624,779.5880032718654,779.5880032718654,7174698
2022-12-21,778.3370361328125,791.4248357800961,773.0201670848606,789.5963746112762,9269198
2022-12-22,775.66650390625,783.1005222357195,774.1989187571569,780.5503096365309,9747096
2022-12-23,768.7376708984375,771.8652612871225,762.867389080973,763.6132225912555,10693152
2022-12-26,784.0387573242188,788.6339327760353,765.0567133092716,769.6278068793584,9907322
2022-12-27,784.832763671875,787.1664156857469,776.3642223890472,785.7469942121562,7926772
2022-12-28,784.2072143554688,785.7469276450677,780.9833552219441,780.9833552219441,8691870
2022-12-29,789.7406616210938,790.7992071900476,775.1612551160126,779.5398699494827,11012896
2022-12-30,783.413330078125,791.520995396169,779.4918009372607,791.520995396169,7122640
2023-01-02,783.677978515625,788.9949062418726,778.7941722963409,782.8600167437273,4381378
2023-01-03,788.8023071289062,790.5585810922254,780.5502688048173,780.5502688048173,8378030
2023-01-04,774.7042236328125,791.8818902379387,773.2366383790779,786.7093364964484,10351600
2023-01-05,769.7239990234375,778.5534739134582,764.7680066150712,777.0858888332178,10941436
2023-01-06,767.173828125,774.2469701477634,759.3788757825465,770.8306910669477,9092462
2023-01-09,768.6654663085938,775.4258965646997,765.0567082508069,767.9437146970364,10729340
2023-01-10,754.6154174804688,769.8684118966518,753.0275403864125,769.8684118966518,16371766
2023-01-11,765.48974609375,768.9060251968651,750.6216516314828,754.4469115539331,15195798
2023-01-12,769.5797729492188,771.7450279982426,762.2419641719711,763.9982383478842,9250070
2023-01-13,770.1812133789062,774.6320153125537,763.1320937043018,769.2669828560861,9244546
2023-01-16,762.7952880859375,780.1173277789237,760.3894492396894,777.0859473381312,14748094
2023-01-17,774.1508178710938,775.1612584159965,759.0421385172157,764.9605254372576,10786354
2023-01-18,787.8160400390625,789.8850262784646,769.7240842843244,772.2742970463503,19090642
2023-01-19,791.087890625,793.9267921137573,785.7469403162216,787.6716113274065,11172162
2023-01-20,799.1954956054688,803.0689192196495,790.751037418662,791.0878313258544,18843404
2023-01-23,805.0418090820312,809.6129030380878,799.4121694938297,801.7458215030824,15444400
2023-01-24,815.8198852539062,819.139954334254,805.9559468005266,805.9800286815163,24983940
2023-01-25,793.2772216796875,814.5929177332151,791.6653214666925,813.8471429635326,14704142
2023-01-27,777.4708862304688,787.6716191971464,765.032652707376,785.2657804091282,35179948
2023-01-30,776.6769409179688,782.0419731157772,761.2073858984988,767.4625666928607,18512822
2023-01-31,771.5524291992188,780.7908258111092,767.4625036312777,779.3473226694831,18596244
2023-02-01,783.1245727539062,801.1442809848427,772.7553845415359,781.4164037954262,17302790
2023-02-02,771.4803466796875,781.6570569523664,764.4553088538455,773.7658936298407,17497106
2023-02-03,798.1610717773438,798.9790334420251,773.2365593142633,775.1612302770866,14411100
2023-02-06,794.7688598632812,803.2614827057959,792.0983552594887,798.7384939446326,11167672
2023-02-07,795.9476928710938,801.0962231951561,785.5544809008483,798.4498004893098,10264588
2023-02-08,795.8514404296875,802.6839988300309,793.9267694733884,795.9717323644562,8444826
2023-02-09,794.1914672851562,799.5324176572361,786.9739509076702,798.738479108453,11777336
2023-02-10,797.3431396484375,798.0167863072628,790.1737277709518,793.3494822002282,8172116
2023-02-13,797.9445190429688,799.5805011250109,791.3044393965116,796.3326188427218,5736944
2023-02-14,805.3304443359375,807.1589052910266,797.7520522296284,801.1443083812574,10908592
2023-02-15,803.6945190429688,807.3994872360046,797.1746725138561,807.3994872360046,11438712
2023-02-16,800.783447265625,809.2760700053668,799.2196520403804,805.0898752375481,8062500
2023-02-17,796.765625,802.6599294642466,790.5344678960206,799.2195685807135,8956270
2023-02-20,789.2835083007812,803.2854781022144,786.6130625255412,798.7384663515395,8086706
2023-02-21,792.2427368164062,799.8692342574486,786.2281396647481,789.115146297544,12389296
2023-02-22,776.700927734375,790.0533322670238,774.222960909244,788.6339109553685,10359102
2023-02-23,771.43212890625,778.9383334140593,766.0670972074527,776.1235140656675,27882010
2023-02-24,764.5515747070312,778.4814181667792,762.7471954041861,778.4814181667792,17061740
2023-02-27,766.4521484375,769.3872600713753,758.9459430133319,763.0839740657053,14312972
2023-02-28,769.6759033203125,772.4185946735463,764.431163219567,766.0190402522969,18993992
2023-03-01,768.93017578125,776.1236104242643,767.8234664194171,775.6424426558673,14137256
2023-03-02,762.3861694335938,772.7312753996731,761.2073320156976,766.9813446479279,17391814
2023-03-03,777.5189819335938,779.4917579688479,764.094389910204,767.943731924865,14986234
2023-03-06,783.0043334960938,788.8504748967295,778.5535316356411,779.4917852900815,27004710
2023-03-08,784.568115234375,788.8745431955432,779.4917718675084,779.4917718675084,20099774
2023-03-09,784.6402587890625,791.9780672791738,782.859961535162,784.27938296168,20700166
2023-03-10,764.4071655273438,776.4844644274136,762.6508914747951,774.8965873418113,27387000
2023-03-13,754.7357177734375,771.6968814107662,753.0034668384583,764.0463022356049,26443550
2023-03-14,752.7147216796875,761.9772004206781,750.2848599011005,755.5536230150942,33185612
2023-03-15,741.91259765625,761.6404762620406,739.3623849761033,759.2827424375032,37264754
2023-03-16,746.7242431640625,750.1886274704333,737.1730750713688,740.5171674402086,21753342
2023-03-17,756.7084350585938,759.8600484180247,740.9982970778341,749.4187322719004,22950876
2023-03-20,751.4637451171875,754.5191486294086,743.596664030981,754.4469617185391,26503114
2023-03-21,759.9804077148438,761.4479929018443,748.793257108229,756.3716494546454,33050494
2023-03-22,758.2242431640625,763.1562131168565,753.1719812612004,762.1697956317762,14177324
2023-03-23,752.1373901367188,765.225129615806,749.9240302046185,754.350750068819,28364178
2023-03-24,750.9345092773438,757.3099823765483,748.1918176834523,750.6217384723866,31477748
2023-03-27,754.206298828125,759.980311312014,750.0923501751296,751.6801683664236,31872006
2023-03-28,760.3412475585938,761.6404357125624,752.5944586072359,753.3643152523856,39276302
2023-03-29,763.9981689453125,770.8307274292553,761.1592675027767,762.1697080199377,39763612
2023-03-31,774.4635009765625,776.0994241800914,766.2114631109374,767.7511762682442,34711228
2023-04-03,774.9447631835938,777.422730170773,771.1916311425683,773.5012598964762,40025398
2023-04-05,795.7311401367188,796.8137675382653,777.5670581774376,778.8180825386323,43365392
2023-04-06,801.7938842773438,803.1652006446278,792.5314049071793,793.2291334002176,44637344
2023-04-10,797.9926147460938,804.0312933763835,795.8514417980481,800.3022433921424,31813286
2023-04-11,800.3263549804688,803.2614665555587,794.4560730939902,798.2573101275717,42361542
2023-04-12,810.7196044921875,812.3074229248433,802.4916471991853,802.5878572606912,26955504
2023-04-13,814.352294921875,816.5657134519994,807.4716316772242,812.3554958466677,35330086
2023-04-17,801.938232421875,827.6085198214015,795.5146547856368,827.6085198214015,32405148
2023-04-18,798.5460205078125,807.0386434079419,797.00630713609,803.550177070361,29637226
2023-04-19,801.4811401367188,803.6945588930066,797.3671908980723,801.1443461883971,24741168
2023-04-20,804.46435546875,807.134801181368,801.8179329013308,804.368086679066,32922716
2023-04-21,805.763427734375,806.8941600948328,800.302186025216,803.0689003313305,20128618
2023-04-24,812.2833251953125,813.8711434821779,805.5228950106629,811.729970551708,35675852
2023-04-25,800.7352905273438,812.066755339811,799.6526631336261,812.066755339811,50353068
2023-04-26,804.4161987304688,805.9559119034689,796.3325577314871,798.7383962744825,27392750
2023-04-27,808.843017578125,810.8879805910382,801.5533141495392,803.7907560168101,47790392
2023-04-28,812.0186767578125,813.6546588421882,803.5501361717647,810.6232785465422,27916272
2023-05-02,811.8502807617188,817.5040017864336,809.3241500911014,812.547950500037,32221184
2023-05-03,814.6891479492188,816.0604642226169,808.193383640843,810.7435373497618,29407270
2023-05-04,831.3616943359375,834.5614130090665,811.7781309061464,811.7781309061464,56854638
2023-05-05,782.2103881835938,799.1955750303342,780.5022191249311,788.6339660930405,62770416
2023-05-08,791.2562866210938,794.0951881063704,784.3034360962322,786.7092748572636,37244524
2023-05-09,791.2803955078125,796.813824847028,789.0910586660377,793.8787132056606,43688938
2023-05-10,794.9371948242188,796.1641960299875,785.7950079560763,791.2803318242208,46340550
2023-05-11,795.4664916992188,812.2111527020498,793.5659026029952,801.2164814876731,35734618
2023-05-12,802.4916381835938,804.8974770572269,791.1601135942614,792.4833249747595,22478760
2023-05-15,806.3410034179688,808.7227604763904,801.1924728395238,804.5125423272495,18512260
2023-05-16,801.7174072265625,813.641207320555,800.1113205928083,813.641207320555,32722086
2023-05-17,797.4102172851562,803.0314612780545,791.0346460503185,803.0314612780545,30466868
2023-05-18,800.5980224609375,804.953835962047,798.1645938212387,802.0580796447568,49646942
2023-05-19,801.522705078125,803.0314188922503,794.0520913358603,802.0580474754112,30460332
2023-05-22,798.6756591796875,804.4428733296279,794.6117857136817,800.5980440930408,28334032
2023-05-23,796.8018798828125,802.8367950174272,794.9768083346355,802.5447954516952,22470074
2023-05-24,786.3867797851562,795.6094500592069,785.3160355965606,792.1053367744181,33588112
2023-05-25,783.3693237304688,788.455225154943,777.407423655138,786.3380947431477,29776930
2023-05-26,786.3867797851562,787.9441502650901,779.7921647697594,787.9441502650901,26635066
2023-05-29,795.9744873046875,798.6512587386072,790.7912725552128,792.5676872978805,21816292
2023-05-30,796.5828857421875,799.4543434930372,792.5920864341458,795.0498137776772,37125928
2023-05-31,783.977783203125,795.7068987144811,780.9603551065537,793.2491711514361,43334270
2023-06-01,780.6439208984375,788.3822359863269,778.6971779535536,788.3822359863269,50366938
2023-06-02,781.860595703125,785.9001108734474,779.1838242892643,784.7563519232599,17859710
2023-06-05,780.8386840820312,786.7275701890972,779.8896111568738,785.7541986206603,18697242
2023-06-06,778.4051513671875,783.4909933701617,774.9253365920524,782.4203085516023,32182852
2023-06-07,782.444580078125,784.805053262948,776.7503811233141,780.3761658426776,24949026
2023-06-08,782.9312744140625,791.350960923385,780.278861070367,780.278861070367,37395522
2023-06-09,783.8560791015625,787.7009085166137,782.1040222342899,786.4355374130215,18212578
2023-06-12,779.0865478515625,786.3868338718737,778.4294745818307,784.8051052341397,13408292
2023-06-13,780.4005737304688,783.0773452649356,773.8789730190645,773.8789730190645,27926108
2023-06-14,779.5488891601562,784.5374180278894,778.7945024942541,783.7830313619872,20113968
2023-06-15,769.961181640625,781.5929230405386,768.4767664026215,780.6439096325554,35377476
2023-06-16,780.0355834960938,783.1746828103192,770.9102257106925,772.4432977006162,15779272
2023-06-19,780.7169799804688,785.6324943134937,777.8941787861185,784.0507655809437,24829146
2023-06-20,782.3472900390625,784.0506900484788,774.146647589991,780.7169047691681,20005626
2023-06-21,796.0231323242188,796.8261756245972,784.050675786365,786.4841043269806,24308946
2023-06-22,799.9166870117188,806.7059888717916,797.7023024946114,798.1646301932708,56596140
2023-06-23,799.8680419921875,807.8497002925832,795.2688853504051,796.9722855006775,21339218
2023-06-26,795.9988403320312,803.3964393933287,792.6649956756461,800.5979965482512,16130314
2023-06-27,807.2169189453125,814.1765484676322,797.4589059580019,799.6002755865209,33831864
2023-06-28,815.7583618164062,817.5834334461853,808.1417176661517,812.7652324615918,59562950
2023-06-30,828.047119140625,831.6486054517263,819.2137611926184,829.3124901661796,40699016
2023-07-03,837.002197265625,855.3502267293802,832.2326530339916,833.449367439012,44104116
2023-07-04,841.0902709960938,850.2399866599931,834.0820438772298,838.778513734139,38795188
2023-07-05,814.3712768554688,837.0994772709068,812.0595195781218,835.2744057361592,37165754
2023-07-06,815.1986083984375,821.4525082286525,808.0930085295972,814.2252369257229,52156544
2023-07-07,808.093017578125,815.1986175265295,806.0976179186929,810.3317601084606,19926336
2023-07-10,806.1705932617188,816.0503378295722,802.8854644229833,808.3850372058562,38398442
2023-07-11,802.2527465820312,815.6852604691176,800.8413461228718,809.3583461576029,50670426
2023-07-12,794.7334594726562,810.9644765133695,791.9107178120092,805.6352319869237,70958358
2023-07-13,798.699951171875,806.6572510904781,797.2155953198356,806.2922367876993,41913546
2023-07-14,800.3546752929688,804.7835035114284,795.7311609024043,804.7835035114284,24727214
2023-07-17,817.0966796875,818.6053935606003,794.7577929158504,803.0314502823962,49252928
2023-07-18,816.415283203125,829.3124545920268,812.7651403572094,826.3923403152943,81076818
2023-07-19,820.1141357421875,821.8905505906512,815.1986216073076,818.1673927652148,32935134
2023-07-20,821.8905639648438,823.4722926593728,817.6320636334198,818.1917641303833,56210948
2023-07-21,815.5635986328125,822.4015567907909,814.3468843278255,817.6320129512904,42154248
2023-07-24,816.8533325195312,819.8951183000274,812.813817239081,816.9019892100436,32179444
2023-07-25,825.7109985351562,826.879056170404,816.8533420034627,819.8951278192749,55992596
2023-07-26,822.8395385742188,827.1710534459679,821.5255108693627,827.1710534459679,24794358
2023-07-27,814.2982177734375,828.8257745170246,811.5240735457453,827.3170606790924,59741302
2023-07-28,799.8680419921875,812.2298721075693,798.6999842928814,808.6283856221597,41015684
2023-07-31,803.615478515625,806.3409662159895,797.5319067020986,803.0558374366854,34565006
2023-08-01,808.993408203125,811.5241504025686,803.0315076162769,805.1972354940766,35394188
2023-08-02,798.407958984375,803.7615021412346,794.830830666086,799.1379875966741,28116322
2023-08-03,792.6407470703125,803.6884896703888,789.8909607409018,798.1646183703506,57673946
2023-08-04,804.1021728515625,806.1949453417267,792.9327586465489,795.8042164551875,37388304
2023-08-07,803.6398315429688,809.4070457041624,801.8391180613743,809.4070457041624,28300918
2023-08-08,802.9828491210938,805.7569341954113,799.1623777784342,803.8588478451442,43773828
2023-08-09,803.2747802734375,805.221523152016,793.8330654303563,804.4914945725491,33361236
2023-08-10,796.1448364257812,805.099865704745,793.7844225264857,801.5957522263969,50781118
2023-08-11,787.846923828125,797.3859527425766,786.5814933374278,797.3859527425766,28225822
2023-08-14,784.0020751953125,785.9974748594191,778.8188601509507,784.0507318876311,31304410
2023-08-16,781.714599609375,783.3937010320665,769.5961724006356,770.4721710730195,34137542
2023-08-17,777.3831176757812,783.5153458133944,775.7770310495571,777.529087744607,52884040
2023-08-18,774.1953125,776.8964420218484,771.6402124587459,772.6379419530916,25633366
2023-08-21,773.5869750976562,778.9405181779168,772.3702607612333,778.9405181779168,21837270
2023-08-22,770.2774658203125,777.7237811054864,768.963438139342,776.9207377849476,32273570
2023-08-23,772.1755981445312,774.0980425006611,765.6783552717781,768.9634840803492,36498588
2023-08-24,768.622802734375,776.8477441031978,767.0897307917666,775.4364030038525,43145792
2023-08-25,759.9597778320312,767.746749618975,758.4510639302869,766.3110504597091,30069756
2023-08-28,767.868408203125,770.2531801549441,759.9597651143588,759.9597651143588,28867238
2023-08-29,773.976318359375,775.1200179106506,769.669102242421,773.6842594017068,35538932
2023-08-30,768.3307495117188,780.6195643753474,765.8973208258516,780.6195643753474,28084204
2023-08-31,764.80224609375,770.4965046276685,760.7384322394234,768.4767470204652,100075772
2023-09-01,766.384033203125,768.4768057096691,758.9134187598048,764.5833196769412,43226776
2023-09-04,771.1778564453125,774.5359402767891,766.4813275172515,773.830269769566,25073638
2023-09-05,766.4813842773438,773.0516417713671,764.38861183011,773.0516417713671,38712082
2023-09-06,776.507080078125,778.6971658570981,766.4813659496907,767.4060807161218,56320910
2023-09-07,783.977783203125,785.5108553045627,772.4433538873283,776.5071683013815,34208342
2023-09-08,790.085693359375,794.7092081887672,782.3960344054848,782.7367500914759,34502210
2023-09-11,794.173828125,796.4612273788786,790.3776555229446,792.762427572447,31573022
2023-09-12,796.6559448242188,799.576059429664,790.888730360441,798.164658821722,39033340
2023-09-13,800.062744140625,803.8102007820438,792.61642814262,793.9305153592652,46420094
2023-09-14,799.5760498046875,803.0315068308923,795.7798770993519,800.2330637010272,23538848
2023-09-15,808.75,812.7651572137806,803.0314427561306,803.0314427561306,173411202
2023-09-18,792.8353881835938,805.464858730247,791.399629677695,804.8565015861909,37056288
2023-09-20,761.0304565429688,778.2104866731253,759.4244292708094,778.2104866731253,115474648
2023-09-21,755.9932861328125,763.5855718328563,748.0603441770149,755.8229580049356,72841442
2023-09-22,744.4588623046875,761.3711919566923,741.5874045249608,758.7430770496563,61704250
2023-09-25,745.1158447265625,749.8366724935371,742.195730377536,742.195730377536,40208754
2023-09-26,748.3523559570312,749.4960555884529,742.1957693327212,742.1957693327212,27575308
2023-09-27,743.0960693359375,745.8458554975613,737.3288555163493,741.2223412220462,39338538
2023-09-28,741.5630493164062,748.3279930851168,738.9592924506106,746.5759362770035,55354188
2023-09-29,742.8284301757812,747.2815569377753,740.8816873168103,741.5629997895483,32053782
2023-10-03,733.9464111328125,743.1690816035621,732.9486816600946,743.1690816035621,38971694
2023-10-04,744.4102172851562,747.0626308751249,724.7967576747751,727.5952007546005,54649430
2023-10-05,747.4276123046875,755.1172706279191,745.8945403681716,747.0869560565192,48512674
2023-10-06,746.600341796875,751.9295273041055,744.5562258825445,751.4428415259151,17759356
2023-10-09,737.937255859375,744.6291848078113,735.8688414571311,743.6558133244023,16454972
2023-10-10,742.1227416992188,744.1424994102023,737.426212407623,740.0300286548502,33266292
2023-10-11,749.3013305664062,750.5424029295025,743.8991308991633,744.6778161774354,31333360
2023-10-12,754.2898559570312,755.3362421435227,745.4078415117224,747.5979272653602,22025336
2023-10-13,747.4276123046875,753.7788848660191,744.6048112974557,749.4960266639874,39745300
2023-10-16,744.4345092773438,746.794923276397,740.0056808464606,745.3592240817852,17856084
2023-10-17,750.0800170898438,757.1613181665532,747.0625893528261,757.1613181665532,32902558
2023-10-18,739.640625,750.0800099587005,738.8375816778204,750.0800099587005,31216200
2023-10-19,737.3045654296875,742.8041382598725,731.5860077723223,732.6567520860139,30252364
2023-10-20,741.1250610351562,743.1691173582408,732.46203118805,732.46203118805,21094010
2023-10-23,732.9730224609375,744.0207640901824,730.0772068991747,741.4656641644435,22376136
2023-10-25,728.3252563476562,741.1251158897211,725.8674694399969,740.2490577379119,28311996
2023-10-26,712.2158813476562,726.1350808000519,710.6828094760561,725.7700665168079,55561798
2023-10-27,715.0143432617188,719.3215000369331,713.9193003827721,715.1846713831347,31940532
2023-10-30,722.7769775390625,725.1373914861161,711.4858921827074,712.1429060469561,23310982
2023-10-31,718.591552734375,731.9754116576363,717.3748382868058,731.9754116576363,32634824
2023-11-01,717.6181030273438,719.053802155173,711.6562028835086,711.6562028835086,33877466
2023-11-02,718.7131958007812,725.4051249981815,714.041024388573,722.7283533192214,45225154
2023-11-03,722.1199340820312,725.8430917067044,721.0979059562075,724.18834838353,18095340
2023-11-06,727.351806640625,729.0552066561768,721.7549208752405,729.0552066561768,25593730
2023-11-07,723.8233032226562,727.1084316790375,718.9320882014275,727.1084316790375,41952848
2023-11-08,725.9161376953125,726.8407930714139,720.7815793854345,722.2172785513859,31399546
2023-11-09,723.044677734375,726.4271198457463,721.9982915168673,723.2150058605088,22116740
2023-11-10,725.8917846679688,728.0818705084018,720.3192566823748,720.3435553235623,14015186
2023-11-13,724.5776977539062,728.0574529993991,723.1662973344708,726.1837249264701,20605914
2023-11-15,732.1700439453125,735.3577999173147,730.2963157159859,732.0240144584016,41245460
2023-11-16,734.0924072265625,739.2756221207742,731.8536647558356,734.7494210785321,29713838
2023-11-17,732.5106811523438,733.6787387876133,724.6750527726409,725.16173850318,23701874
2023-11-20,732.559326171875,736.3554985735485,730.7829708116128,736.3554985735485,19331452
2023-11-21,738.7645874023438,740.7356883923068,735.9174877356371,739.2756311878541,24959972
2023-11-22,736.1365356445312,739.7623206231069,731.7563640092628,739.7623206231069,29123650
2023-11-23,740.3950805664062,741.6360936254299,734.1654789893513,734.1654789893513,13046220
2023-11-24,745.6511840820312,746.1622278549652,739.6892839772345,740.3462978210936,16469192
2023-11-28,743.97216796875,748.1576534487249,742.5851254924052,747.1599239182611,28489338
2023-11-29,758.8160400390625,760.6897681490088,746.0891967833849,746.5272258063289,34042488
2023-11-30,758.6456909179688,765.2889031775027,750.5423621524202,763.6828760176745,69491440
2023-12-01,756.990966796875,762.0281520239192,755.3848801865702,758.207681074416,22153536
2023-12-04,783.2720336914062,784.5374047202694,765.873018667368,772.8569470817542,50662456
2023-12-05,790.2316284179688,797.6779441560443,786.7275147823341,796.4612297811876,52230820
2023-12-06,792.22705078125,797.4102062498663,786.8004930390686,797.4102062498663,38613060
2023-12-07,793.5167236328125,795.2444817359088,786.5814519897668,790.86431017188,20450386
2023-12-08,804.5888671875,805.4649253113081,793.5167662504412,793.5167662504412,33728038
2023-12-11,803.5181884765625,809.6990738547369,801.5714454396721,803.0558607692541,23187620
2023-12-12,795.5364990234375,806.0732571804058,794.1981132379304,805.0755276490755,36581476
2023-12-13,793.7357788085938,796.2178641804811,786.0461204150259,794.4901060535459,29346914
2023-12-14,803.1044921875,807.3872910879392,800.5980487244109,801.0847344683164,35172366
2023-12-15,806.2192993164062,811.7918273650013,801.3767404796611,803.0314839042278,138837130
2023-12-18,805.8056030273438,810.1857749432232,803.4938456272962,808.2390318694991,18014754
2023-12-19,804.4428100585938,807.2412528497581,800.1356534706899,803.0314096384661,24008446
2023-12-20,806.4382934570312,812.2541644467366,800.3303634873538,806.9249792104754,34232520
2023-12-21,820.8927612304688,822.3771764061897,803.1530909094922,806.438219443738,36589240
2023-12-22,813.1788330078125,820.5034769444852,811.3537615362043,819.3840760112807,48578850
2023-12-26,818.8244018554688,820.5278019503709,812.059517577905,814.3469167985355,18045856
2023-12-27,828.9718627929688,830.5292334309963,816.9506891067552,818.3620896655261,27009078
2023-12-28,829.9208374023438,837.7808237889657,828.3391087868577,831.8919383640549,44076470
2023-12-29,831.8675537109375,834.6173398672829,825.4189680232558,825.9056537355337,25011426
2024-01-01,826.4410400390625,831.8189412093673,823.4722689184366,830.285869252277,14239686
2024-01-02,826.9276733398438,828.7284461026671,821.8661301022644,826.7817032735886,29242092
2024-01-03,814.176513671875,829.653083176837,812.2540695245034,828.3390555600513,28389762
2024-01-04,822.9125366210938,824.907936188308,813.1058074949292,816.6586370098769,26734056
2024-01-05,818.7026977539062,829.7504992888211,811.8404409559379,821.1118277236433,31889470
2024-01-08,809.577392578125,818.7757651976441,807.8983504931613,816.9020369293803,17998470
2024-01-09,803.2747802734375,816.5613241836867,801.4497088247701,811.3781093874959,25326888
2024-01-10,805.92724609375,807.8739890989318,798.8460040583302,799.6246893784266,16115824
2024-01-11,802.5447998046875,809.309743595266,799.6246853117656,807.8983430417109,18314010
2024-01-12,798.7485961914062,805.95156875827,795.0497965259408,804.0048258385641,19773552
2024-01-15,814.1278686523438,818.0700109690749,799.9166104629336,801.9120099654888,28320356
2024-01-16,817.2183227539062,819.4084084513863,806.9735647828543,814.2251937520415,25322500
2024-01-17,748.279296875,777.1397839265529,743.8504686909188,764.0965828252033,170145236
2024-01-18,723.2880249023438,737.32889662945,720.3192537681881,727.1084960821111,161070930
2024-01-19,715.744384765625,735.0171279009493,714.6493418669147,732.924355486129,109600538
2024-01-23,694.6708984375,717.7154569857805,693.5271987986505,712.9946289403671,115469402
2024-01-24,708.5657958984375,709.8068089160445,671.7480069982282,671.7480069982282,86004404
2024-01-25,698.3453979492188,709.27146932584,690.8017687875753,706.9110553088505,98941852
2024-01-29,707.9573974609375,711.9238979776146,703.6502407027771,704.7452835773879,65645498
2024-01-30,702.9202270507812,712.1185398649957,701.2654836786888,707.90875580775,41728768
2024-01-31,711.80224609375,717.8371016849802,699.2700884068386,700.5841161285045,65761040
2024-02-01,713.651611328125,717.1800828855794,708.6387839338071,713.0189555223712,32690740
2024-02-02,703.8206176757812,720.7085896391353,701.8252179588541,717.8614898495053,44867754
2024-02-05,703.1879272460938,706.6190857097415,697.931756543557,703.7476277670278,38605046
2024-02-06,702.8228759765625,705.5483042801744,697.2259898811583,703.5286059562596,41075740
2024-02-07,695.9362182617188,707.5437201567751,694.330191039234,707.1543478186637,54837086
2024-02-08,682.8444213867188,700.3163911601653,681.6033490400813,695.8875630019661,69106124
2024-02-09,683.112060546875,688.2709172654594,675.033089526087,677.5395328507874,56642124
2024-02-12,676.4931640625,688.0032934481292,673.2566920790741,681.18969323455,34447812
2024-02-13,678.658935546875,683.4771364619307,673.7434212435891,677.4422211445823,57580994
2024-02-14,673.597412109375,677.2231970540489,663.6203545889955,669.6795681971766,91320810
2024-02-15,688.197998046875,688.903668609651,673.7433958465795,674.0597534612269,41584944
2024-02-16,691.0451049804688,694.8412181662663,685.4725175238648,692.9918479710976,32175742
2024-02-19,689.682373046875,695.4739454261017,688.7576582283627,695.4739454261017,34451756
2024-02-20,707.7870483398438,709.22274741334,687.1029057664576,688.660276266856,56133508
2024-02-21,700.413818359375,712.5079475266035,698.3940605878935,712.5079475266035,45893136
2024-02-22,690.874755859375,695.3765988884213,687.2975681948778,689.9986977762575,50560882
2024-02-23,691.3858032226562,697.8587478235042,690.1204320838871,692.3348761341468,29833452
2024-02-26,692.213134765625,698.3210050066913,687.9546346452112,687.9546346452112,23506870
2024-02-27,691.1668090820312,694.3545652339111,687.7113519923358,687.9546948776648,32087150
2024-02-28,685.9348754882812,693.1377886016653,683.3067606806109,691.1667470533215,25321986
2024-02-29,683.0147705078125,686.4215706434694,680.0459994144303,682.3820552900959,53295700
2024-03-01,696.3256225585938,697.2989940386686,681.360036052442,681.360036052442,34738898
2024-03-04,697.274658203125,699.3674307159147,693.186545384466,696.422958130924,35616474
2024-03-05,701.2410888671875,702.2874750189414,691.8967470591605,692.067075174591,37991672
2024-03-06,702.0927734375,707.0813018234176,697.688303532932,697.688303532932,42409530
2024-03-07,703.7962036132812,706.2053335588424,701.5088045068723,703.504204064998,49348046
2024-03-11,694.8899536132812,703.7232526512562,692.5538381955413,695.9606385239804,50531094
2024-03-12,710.3422241210938,712.5079519871562,695.5956218426523,697.9073792005341,65418454
2024-03-13,710.755859375,716.2067158438075,705.7429725398497,713.2379447418698,63067454
2024-03-14,708.3467407226562,713.4812990740788,702.9202422173576,711.5832127948388,52432158
2024-03-15,706.9840698242188,710.2205419583659,701.9225261192986,705.6943406988961,143613804
2024-03-18,703.77197265625,708.6144722431341,698.7834435762417,704.2343003680048,21437856
2024-03-19,705.3779907226562,706.8624060469253,698.6374048635253,698.6374048635253,36183594
2024-03-20,696.4716186523438,706.4973325344582,693.3568181834665,705.2319615530049,43606094
2024-03-21,703.6259155273438,706.3026871236781,700.0001304926251,702.0928435492851,28922860
2024-03-22,702.2144775390625,706.0593065998343,699.7323922549797,701.3141208411934,45980326
2024-03-26,693.7218627929688,699.8297331586394,692.1401341445468,694.5978614753975,56844290
2024-03-27,701.1681518554688,704.6966236214441,691.7021375713913,692.8215385852401,62168668
2024-03-28,704.6723022460938,710.8045307526719,701.1681292352769,701.1681292352769,55592142
2024-04-01,715.67138671875,717.2774734382766,708.4197572494843,709.5878149173326,25199570
2024-04-02,720.3678588867188,727.5221149937069,712.1428585816917,713.0675733041284,41225446
2024-04-03,721.414306640625,727.9115494819865,716.109420115624,716.450076374618,45584386
2024-04-04,743.461181640625,744.6292393883092,731.9754091764817,731.9754091764817,88935066
2024-04-05,754.1439208984375,756.5529915753328,744.7022055513205,749.0093625181328,59055902
2024-04-08,752.7081909179688,757.8914061879058,750.2504634550537,756.7720051664586,20482940
2024-04-09,753.6572265625,756.7233110790663,749.6420692068525,756.7233110790663,21884494
2024-04-10,747.7196655273438,754.3142814277871,746.0649220391629,754.3142814277871,27807400
2024-04-12,739.2512817382812,744.5561681914903,736.5745101656407,740.2490112702176,41084208
2024-04-15,727.4490966796875,734.8954117012732,726.1594270943376,728.8361984614614,23415248
2024-04-16,734.5304565429688,736.3068713842836,721.3899415012858,723.7016987771374,20744886
2024-04-18,727.4490966796875,739.2025682918519,725.6727413912242,734.7980983246009,34234884
2024-04-19,745.2619018554688,747.0382572891224,720.4165709168466,723.4827148610226,34576434
2024-04-22,735.9661254882812,757.9643557818745,734.0680986992392,757.9643557818745,42298438
2024-04-23,733.7273559570312,742.9257276507318,731.6102850251966,742.8284142738174,26827060
2024-04-24,735.7228393554688,740.6140550056098,734.4331696198528,737.3289261268269,22441580
2024-04-25,735.260498046875,739.616311752735,733.0704121681982,733.0704121681982,35445204
2024-04-26,734.7981567382812,743.6558134751455,732.729742335618,739.6650141563123,24854694
2024-04-29,744.3858642578125,746.7949349875348,733.216449914726,737.3289207914913,36093350
2024-04-30,739.8109741210938,749.2526892649995,737.2802320622603,744.2398024289921,52307382
2024-05-02,745.7241821289062,748.0359392606487,739.9326102747762,740.7356535814621,33475006
2024-05-03,739.567626953125,749.7880273318675,733.5327119903678,746.2108990812835,31865242
2024-05-06,741.0520629882812,746.819277196089,738.3752913854279,740.7357053714223,28793396
2024-05-07,733.021728515625,741.7334150168236,732.0483570497901,740.7113274497933,28480602
2024-05-08,721.5845947265625,728.5441648774708,720.465193806477,728.0574791574124,41687862
2024-05-09,704.4776000976562,723.5800151607533,703.4069152466064,717.83709973452,46281278
2024-05-10,709.361572265625,716.2928456267198,703.8856031439476,709.9042250216206,27276608
2024-05-13,717.9208984375,720.1655815796556,705.6122976051453,706.4509373389452,27047202
2024-05-14,720.7328491210938,722.9775322143812,715.4789152317669,716.4408878596623,25665142
2024-05-15,709.6575927734375,720.116199874965,708.3256213801538,720.116199874965,38931996
2024-05-16,720.3875122070312,721.5221990437014,708.1775543730138,713.3822271543565,34945236
2024-05-17,722.286865234375,724.210870736283,713.4562165510583,713.4562165510583,20920190
2024-05-21,719.6721801757812,725.0494465734148,715.3801590157026,715.3801590157026,43769978
2024-05-22,719.8695068359375,723.0268413842214,714.4182283327197,719.203521164468,39996278
2024-05-23,736.3468017578125,737.8514873644924,718.808897899437,719.5982164877166,40861920
2024-05-24,748.4827880859375,749.814819731989,733.0908640200075,733.8308615274302,31060206
2024-05-27,753.6627807617188,762.1974428837648,749.3955099218479,751.5168000055969,29385440
2024-05-28,755.0440673828125,757.7820820455768,752.2321011517142,754.846722684579,27908904
2024-05-29,744.0921630859375,751.763434227272,740.6141508121484,748.8774560751649,35147706
2024-05-30,747.3234252929688,751.6400771573121,738.8381451452329,739.6027730570852,33755350
2024-05-31,755.5620727539062,757.7573743920395,746.9040786650703,749.370736784836,74079588
2024-06-03,775.615966796875,788.8372786068238,764.6640286682782,788.8372786068238,72637256
2024-06-04,731.6848754882812,769.1040704644005,717.3042453208712,768.1174071283333,89531240
2024-06-05,765.5520629882812,769.4000136473305,731.2901444599279,737.062160780223,81631650
2024-06-06,769.4493408203125,772.2859977724349,762.9867083301413,772.0147015010076,46422870
2024-06-07,776.1832885742188,781.6099363682906,765.675361251112,770.115345809898,36712216
2024-06-10,770.23876953125,779.784725413951,768.4134061980604,776.5040577255814,22454058
2024-06-11,771.9653930664062,775.0240252200629,765.7493660748642,767.6240504407497,29545326
2024-06-12,776.5780029296875,783.5586575880445,772.7546827700062,776.9973227739393,39280436
2024-06-13,779.8340454101562,782.2760131134276,776.5040566032491,780.3273770852536,24120192
2024-06-14,787.8013305664062,788.8373149959045,778.329326673916,781.4373401835603,25540554
2024-06-18,793.1785888671875,794.5105601294592,784.1259056214269,787.8012622589033,32415714
2024-06-19,817.869873046875,823.8145435842582,791.3039754417663,795.941305047812,90131196
2024-06-20,823.5431518554688,829.5124525875813,814.983860042712,823.7651872236406,41408742
2024-06-21,821.7672119140625,825.2698546527171,810.6179284522095,825.2698546527171,51630776
2024-06-24,825.0478515625,826.3798229097616,811.9005512360641,812.5172157896385,28544994
2024-06-25,844.2631225585938,847.025767804676,824.4065232844747,824.4065232844747,74521548
2024-06-26,839.40380859375,844.041138181783,834.2731473521208,842.5857736709851,47596666
2024-06-27,836.7644653320312,845.0770913433391,832.0531241260426,836.7397746618053,55074650
2024-06-28,830.671875,841.9198007397313,828.3038589383985,837.4798157900913,26476046
2024-07-01,841.2290649414062,842.2651095333842,828.7971320491276,828.7971320491276,21187024
2024-07-02,853.7597045898438,855.8810546817267,840.0204307746837,846.0637432263002,45921690
2024-07-03,872.531005859375,885.0369507276009,870.5576793248654,883.5569558267186,123217802
2024-07-04,852.0578002929688,868.1404005851939,850.9231133709549,868.1404005851939,45848658
2024-07-05,813.0598754882812,831.2638253093144,810.1492067263514,831.2638253093144,82242548
2024-07-08,806.7698974609375,816.4391857049037,802.7246020410699,811.678583484828,39087800
2024-07-09,807.3372192382812,812.3691778178521,799.369901303005,801.6639054458949,48550878
2024-07-10,802.20654296875,809.063864597064,799.5672308205436,804.1058576798249,45507182
2024-07-11,800.1346435546875,802.0832795528332,789.8239996598078,801.1459373403621,44177074
2024-07-12,800.5292358398438,808.2745787950348,794.8312914757237,800.1839277769812,56049960
2024-07-15,800.2332763671875,804.031966294815,796.8292758573642,800.9239527377698,33375694
2024-07-16,799.0739135742188,802.6505679180453,797.6186093434653,799.5672452078501,28950324
2024-07-18,796.6320190429688,801.1459557272271,788.9113662252444,793.2773395385489,33717064
2024-07-19,792.9319458007812,800.677228233124,791.0572615353138,797.2239068544229,26002152
2024-07-22,810.3218994140625,814.4905276323838,795.5712715150735,797.7172520784763,53744822
2024-07-23,798.407958984375,812.9119216218081,791.7973027922226,812.7885887086006,52002152
2024-07-24,791.3286743164062,799.6906218755655,783.4353677463822,793.3513220807449,61728206
2024-07-25,797.5198974609375,801.6638951787058,785.8772830890329,785.8772830890329,25535732
2024-07-26,798.2846069335938,800.0605887969758,787.5792741911353,791.7972838101718,43810540
2024-07-29,791.822021484375,805.0432741154053,788.4920327099303,796.7306475152811,51001148
2024-07-30,797.0020141601562,806.4739582617092,788.8373508245744,790.317345854264,54595834
2024-07-31,797.1006469726562,803.0946388161857,793.8693004409521,796.2373165488889,37820484
2024-08-01,808.471923828125,814.0219048337823,798.1859108540549,800.627938629233,26215174
2024-08-02,818.51123046875,824.1105327295066,804.6239322848401,804.6239322848401,44119238
2024-08-05,797.1006469726562,812.0239300120638,789.824004829474,809.1132611105608,41333634
2024-08-06,789.922607421875,805.5858871810888,786.0253355957136,804.1305829139676,45116050
2024-08-07,800.9239501953125,804.1306059860544,790.4159617464212,797.7172944045706,42346264
2024-08-08,810.3958740234375,815.6252376687839,798.8272709671206,801.1705962949537,33976950
2024-08-09,814.0958862304688,820.1885804457108,811.9252750900921,814.9839073123685,26644618
2024-08-12,818.9797973632812,826.7990913723679,812.6898193077751,814.9838233487179,39316196
2024-08-13,790.9093017578125,805.3146225179424,789.8980079765901,803.1439511462899,54055042
2024-08-14,793.1785888671875,796.0891971974215,790.9092152779186,792.5372336839343,32334428
2024-08-16,805.1665649414062,806.177918901087,794.7572792867222,803.3905830654421,27849246
2024-08-19,804.895263671875,807.9045746403995,801.0225621096914,807.9045746403995,19502164
2024-08-20,807.92919921875,812.0238759013653,802.8725499307859,802.8725499307859,31134494
2024-08-21,802.05859375,806.3752455426795,798.1119406824072,803.1932203742449,47630904
2024-08-22,804.77197265625,808.2252943260683,803.1439540663039,805.1172807347715,21300638
2024-08-23,801.6885986328125,806.1038926835937,800.6772446912317,806.1038926835937,20333422
2024-08-26,809.0392456054688,812.9858989531632,805.2159251748899,805.2159251748899,22364266
2024-08-27,807.9539184570312,812.714580974844,805.2159036816922,810.7412543536698,35773244
2024-08-28,807.6332397460938,808.9405806750858,804.2292392849356,807.9539173658313,26921188
2024-08-29,808.3485717773438,811.2345497877237,804.6979056469421,810.0505418236547,49052604
2024-08-30,807.5346069335938,819.9172195651064,799.7646332824804,816.9572296027775,445342100
2024-09-02,802.6258544921875,812.4185353190471,800.7758609185206,812.4185353190471,34049680
2024-09-03,807.7565307617188,809.0391809529892,801.4665524914798,806.1038818486695,37282860
2024-09-04,809.9519653320312,811.4319603519671,805.1172908451134,808.5706125582972,24682744
2024-09-05,811.7525024414062,813.947864316631,810.0505324148638,812.0238589250097,22876318
2024-09-06,807.5592041015625,812.8872099026286,806.1532209716318,808.2252499925564,26029602
2024-09-09,812.2705688476562,813.2572321563082,804.1799176724811,808.0772497858858,23792914
2024-09-10,814.169921875,815.9705945420105,808.0772877024264,815.9705945420105,26606646
2024-09-11,810.9879150390625,815.2305552034559,808.6692201411954,814.1945707781381,22226684
2024-09-12,822.1865234375,823.8638631072175,812.541925723635,815.970556634334,32424046
2024-09-13,821.8658447265625,825.8371886289187,817.4752411837702,825.8371886289187,23860532
2024-09-16,824.3324584960938,827.7118283198007,820.9285184448568,822.383822656841,15172820
2024-09-17,823.2718505859375,827.8104775064535,820.9778464556504,827.8104775064535,20127122
2024-09-18,836.0985107421875,838.1211584780381,824.4065144173259,824.7765131575844,40917342
2024-09-19,842.8571166992188,848.0370989791965,838.2444778560398,838.2691083056365,30651776
2024-09-20,858.989013671875,860.8390072921377,842.3884524296358,846.8037464482039,60623386
2024-09-23,868.1650390625,871.3963251528371,858.5203814686755,862.8370332933276,26965350
2024-09-24,872.2350463867188,878.9443447710721,865.4270455398441,870.7303607683197,33039036
2024-09-25,877.6863403320312,882.0770041306025,868.3377295053485,868.3377295053485,31965312
2024-09-26,879.832275390625,882.0769584056752,872.2350164313859,874.7016745924757,31899644
2024-09-27,864.6377563476562,877.2423442796407,863.3304153886946,876.6503703689774,35613502
2024-09-30,854.47509765625,864.0456833682003,850.701098537286,862.738402689165,26383534
2024-10-01,851.5890502929688,859.3837142697525,848.5797393423385,850.5037447767241,24572284
2024-10-03,829.7838134765625,851.5644172954591,825.5164827720641,846.3844351066934,48473398
2024-10-04,817.771240234375,834.0511850540141,815.4772359655595,826.083866681385,48683232
2024-10-07,798.1119384765625,818.4371776300311,795.7439225540929,815.0824984433904,94458296
2024-10-08,814.5151977539062,817.351854577489,800.1838900610866,804.1305430330278,29734406
2024-10-09,805.6846313476562,817.3272467507278,803.4892692768091,813.750592132383,41125642
2024-10-10,820.114501953125,821.6191272702827,805.363874384187,808.5705299330368,21754766
2024-10-11,814.4906005859375,821.1258875682706,810.6672800804614,821.1258875682706,23672594
2024-10-14,832.7931518554688,834.741848018609,815.9705545228965,816.9819085005773,18527508
2024-10-15,830.81982421875,837.6771462351046,826.5771840500105,835.7038196244212,19651130
2024-10-16,838.565185546875,842.585790426718,828.8465156450762,828.8465156450762,20470682
2024-10-17,825.4178466796875,837.5044718768119,821.4958240034423,836.1724403142362,14695732
2024-10-18,829.7098388671875,834.2238355924767,816.0198853262701,820.4598702584595,24809724
2024-10-21,852.8223876953125,862.4177242903107,844.1151323678729,846.063768270474,46548354
2024-10-22,845.841796875,858.3970631644344,843.9424218629189,853.4884373802005,38875280
2024-10-23,856.3251342773438,861.603759041874,841.1551854708522,841.1551854708522,38036090
2024-10-24,863.15771484375,872.5310159915173,857.4597103207274,857.4597103207274,30832258
2024-10-25,860.0744018554688,867.2030200365818,852.8223905419693,865.7970368926951,26130478
2024-10-28,855.5357055664062,863.8237012026692,852.9210840084185,859.383716444917,22012142
2024-10-29,864.2430419921875,870.2370336046123,851.0464203091243,851.5644426318723,35794926
2024-10-30,855.7330932617188,865.6737383463702,850.6024319063034,859.3837596235229,32715724
2024-10-31,856.2756958007812,857.8543931673494,848.234426273393,852.4770662952162,22895912
2024-11-01,857.0651245117188,860.419743696405,851.5397737386437,854.9437742666823,1759692
2024-11-04,845.6197509765625,860.8637106769045,844.0411138190809,860.8637106769045,28089248
2024-11-05,867.2030029296875,869.5956493162819,837.6277954866241,840.1437747820238,44232406
2024-11-06,865.92041015625,873.9370497603172,861.0364145993881,873.9370497603172,27787910
2024-11-07,861.62841796875,868.7323455565536,857.4104082699865,860.5184217555121,18895456
2024-11-08,865.5256958007812,869.1517316326272,861.2830556229201,864.3170573375987,19902986
2024-11-11,871.3717041015625,879.5116762015548,863.9223481240455,865.5750573030832,24565362
2024-11-12,847.6423950195312,875.6636561032956,842.9311140165652,874.1836611915717,31395406
2024-11-13,829.463134765625,853.1677439816382,825.3438276461692,846.9270867373347,35728500
2024-11-14,835.087158203125,841.05645917869,824.8998474928816,825.39317914741,27146470
2024-11-18,841.1797485351562,847.987749103584,836.1971111266544,838.6637692715708,27081968
2024-11-19,859.507080078125,865.1803941380466,839.9957889401087,845.5704607570133,50981272
2024-11-21,858.989013671875,867.7703408111802,855.5356922473849,863.0343691875372,35716512
2024-11-22,861.1597290039062,865.4517505554312,853.2417920363309,860.1484352390544,24773612
2024-11-25,880.8929443359375,889.7482832055338,870.6810037082952,880.6216480727867,427737274
2024-11-26,880.8683471679688,892.9302818593218,873.0983737208503,892.9302818593218,30935566
2024-11-27,894.06494140625,896.5562300169572,880.6709755435701,883.0143007972586,32714976
2024-11-28,884.6176147460938,905.8061839354122,882.07694483503,897.3702251985009,35722392
2024-11-29,886.04833984375,890.2662893460416,879.561016559754,888.6383310231244,27669536
2024-12-02,890.3156127929688,892.0176431336934,875.6636867426915,889.7236388960249,15110876
2024-12-03,900.9715576171875,906.4475265301775,895.9395389832724,899.1955156163089,43410242
2024-12-04,917.6461791992188,920.0635162996781,903.3642521901575,906.7435619082082,44669084
2024-12-05,920.4335327148438,927.4388181075851,905.3622266087298,917.596875706611,39682714
2024-12-06,915.5494995117188,919.6688066050771,909.7035317020062,916.1168429341786,17783156
2024-12-09,922.5301513671875,927.4634676846591,912.1701871004972,914.4641912323508,26947912
2024-12-10,921.5928344726562,926.3288062229569,916.881553393078,926.3288062229569,13325480
2024-12-11,919.1261596679688,923.4675021564423,915.9935158212785,918.4354833328279,14045426
2024-12-12,917.2268676757812,921.864197216933,912.0221946944998,913.1568815747593,17293790
2024-12-13,923.3934936523438,924.9968214762359,902.4268990322158,918.8301759997277,19009002
2024-12-16,920.1621704101562,922.5054957499956,915.2535445762154,920.1128492893367,13107082
2024-12-17,904.4002685546875,918.7562078618506,901.0702798391582,915.7962178924912,21079532
2024-12-18,893.2755737304688,905.7568882727958,891.5242825465077,902.7228866518356,23422312
2024-12-19,884.790283203125,888.5395915672278,877.6369745293333,887.7995941182149,25380770
2024-12-20,873.93701171875,886.7883251977108,871.7417099804251,879.2156362475025,25692348
2024-12-23,888.4902954101562,890.956953642833,878.7716860618692,879.1169941259847,11044592
2024-12-24,887.0596313476562,892.2889348142179,882.8416818560752,889.0083275055933,14485834
2024-12-26,883.4336547851562,893.916952377888,878.5003382709294,887.2816657547127,10481678
2024-12-27,887.1336669921875,890.9322967259654,882.6196702111419,885.4316968356189,7259330
2024-12-30,877.0943603515625,895.3969526845203,873.6903598921683,884.1489668763874,22222218
2024-12-31,874.60302734375,879.0183818635131,871.0263727843891,873.3450677348718,14117236
2025-01-01,879.4869384765625,885.0369191568942,868.8062969452952,874.8989303590305,7313806
2025-01-02,884.9136352539062,889.6989281059142,874.6770036544534,876.699651347947,18558576
2025-01-03,862.9356689453125,885.6536147489581,861.5050553855514,883.5569553072743,24426194
2025-01-06,843.8438110351562,866.8823756490298,841.5251763034672,858.4464162412277,18816348
2025-01-07,845.2744140625,849.0237223493897,838.6637582765616,846.063732614296,13527906
2025-01-08,835.8518676757812,844.4111600559388,830.4498497882179,842.7338203435289,19738190
2025-01-09,822.778564453125,833.237171528912,817.9932112311335,830.844525028491,40420222
2025-01-10,817.3272094726562,826.2811909461473,815.9705474379197,824.3571854708366,17453280
2025-01-13,804.5499267578125,812.3939122066796,801.3186405131205,809.0639234971638,21669066
2025-01-14,812.3198852539062,817.0558570637163,807.5839134440961,809.0145872775671,26661432
2025-01-15,810.5685424804688,820.2624606383587,807.2385540448483,817.2038286822469,14022892
2025-01-16,815.008544921875,819.201863784551,810.469857784879,815.4031740939097,21212454
2025-01-17,807.4605712890625,814.2438814190301,803.3905852110819,810.7905598983193,23112076
2025-01-20,814.6138305664062,819.3991231510713,802.1572072678132,802.1572072678132,17557618
2025-01-21,810.2478637695312,819.4485105158285,805.6352251722408,818.0671578930118,31158144
2025-01-22,821.9152221679688,824.8012002853578,801.8859089377631,810.2479165643738,30619306
2025-01-23,821.347900390625,832.2505181334424,814.6139111249832,832.2505181334424,34909158
2025-01-24,813.8986206054688,824.0119199318104,811.2839386423929,818.9305795964561,24236200
2025-01-27,804.0319213867188,810.839861804967,802.157237088582,809.6065327196525,22804166
2025-01-28,824.0611572265625,830.918478848159,812.5171851743912,812.5171851743912,30179312
2025-01-29,827.4651489257812,829.3644636153648,823.2964606110903,826.3304621132276,12619890
2025-01-30,834.470458984375,837.627793486482,825.1218486077116,829.2904768269195,25744846
2025-01-31,838.047119140625,840.9824182950722,830.7457868177106,832.3738053097981,15821686
2025-02-01,834.1990966796875,845.0770832229423,826.8485035606199,837.4304429485957,5587528
2025-02-03,827.8104858398438,832.1518283284162,820.6324864421063,823.8638327488314,20276540
2025-02-04,848.9744873046875,851.391824544325,828.8219005259823,833.0891713164636,28616502
2025-02-05,857.311767578125,860.4690419690123,847.9877873258422,854.9437515638108,23675506
2025-02-06,860.29638671875,862.8370567631686,850.5037655001158,856.1770794811201,26760716
2025-02-07,854.8203735351562,871.7169816976605,850.9970534399911,863.3303440695562,23509600
2025-02-10,846.4337768554688,850.2324064646851,842.857122399865,847.1984649999539,17195950
2025-02-11,839.3544921875,844.090464044396,833.0891440189461,840.1438107934578,22724704
2025-02-12,842.0184936523438,844.5837941723514,829.389155095277,835.2104927183359,22809570
2025-02-13,837.5291137695312,845.6937766231139,835.4818356095761,838.1704689996619,12602434
2025-02-14,836.1231079101562,839.601120018604,828.7971451888767,839.601120018604,19959892
2025-02-17,847.2230834960938,848.5304243918573,829.413823260936,831.3624591587258,12938946
2025-02-18,850.0350952148438,854.2284140997132,841.697778564227,845.1017788797033,16350910
2025-02-19,852.0823974609375,857.3610822217985,844.8057556604201,847.0504387449713,11884112
2025-02-20,832.2998046875,845.9157460199498,831.4118438608401,844.0904430253034,26390510
2025-02-21,834.9638061523438,836.1724445897772,827.4404985932164,829.2411711352042,15680940
2025-02-24,827.3665161132812,830.8691588600108,819.4732095421047,829.3398427560753,20693646
2025-02-25,829.9564819335938,832.7438177754724,824.406500920576,824.406500920576,24138708
2025-02-27,839.0090942382812,843.9671012979777,830.0551731686357,830.0551731686357,35786800
2025-02-28,854.6477661132812,857.0404125816553,831.2638337603047,831.2638337603047,54516728
2025-03-03,839.4285278320312,859.9017921530082,835.7531707549724,858.2984642242569,21205364
2025-03-04,843.5971069335938,845.7184570804238,835.3338019387764,837.6771272358142,19920958
2025-03-05,833.73046875,843.991790915382,832.8671383829512,839.6257577393887,21583872
2025-03-06,834.3224487304688,838.6144701478811,824.973838204501,832.2504799228543,32966088
2025-03-07,833.3604736328125,839.2311321984157,827.6131479773222,829.7838192395386,13372914
2025-03-10,832.4971313476562,838.6144556459366,830.3018296675241,833.2371287977431,15604050
2025-03-11,831.510498046875,835.7038170818192,823.8885481247595,829.9811819724781,19898430
2025-03-12,844.1644897460938,847.7904654359072,834.4952011662076,834.4952011662076,18784106
2025-03-13,841.9197387695312,848.9250839737969,838.688452760047,846.5817587561914,15736264
2025-03-17,843.7944946289062,850.5037932506908,841.1304915849349,841.1304915849349,18950652
2025-03-18,843.7944946289062,843.7944946289062,843.7944946289062,843.7944946289062,0
2025-03-19,860.4197387695312,863.823739278078,854.5490799535085,855.930432694155,15221406
2025-03-20,872.580322265625,875.1703133281802,862.9850461318551,865.3036807089222,17833978
2025-03-21,873.3696899414062,875.2196836615442,866.0684175252852,866.0684175252852,33508264
2025-03-24,887.9969482421875,890.1676194932312,874.997671627427,877.6369838460287,17393736
2025-03-25,898.5789184570312,909.5555477752322,888.7369760332164,890.4143157035983,39101416
2025-03-26,891.2283325195312,901.5636066855513,888.9836493829623,900.3302775382388,24478442
2025-03-27,900.5029296875,908.2235821777275,887.0596420099644,887.9969842041877,41658100
2025-03-28,901.9088745117188,905.7568853680813,890.8829244709937,902.3035639097062,28773648
2025-04-01,872.1363525390625,892.8809726796349,870.9030234039785,888.9836405685396,28511006
2025-04-02,886.4676513671875,887.602278026219,873.5423260418547,873.5423260418547,11573564
2025-04-03,885.456298828125,889.9702954640933,876.6503409310941,878.6729886492828,11250038
2025-04-04,896.5316772460938,908.6922548603657,893.4729847277881,894.4103269547068,33540454
2025-04-07,867.1289672851562,878.0562747489253,857.5090006629878,869.6450067324856,37995450
2025-04-08,872.7777099609375,879.1170096868965,863.4784203033727,870.730371547347,35563872
2025-04-09,870.7303466796875,875.6636630914704,865.0570328061372,870.7303466796875,22454608
2025-04-11,891.3269653320312,897.567622795633,875.540352413462,875.540352413462,32775766
2025-04-15,920.0142211914062,925.8848799667485,915.1302257322174,920.0635423129839,49298344
2025-04-16,926.4768676757812,929.33821542373,917.8435635307726,929.33821542373,19136820
2025-04-17,940.6354370117188,947.048748489299,925.835487448072,928.4501692927759,35703084
2025-04-21,950.6994018554688,962.3420166432835,942.2634427629204,949.170085798879,34247298
2025-04-22,967.7686767578125,972.1593405008402,954.5967457498784,954.5967457498784,45961750
2025-04-23,949.1207275390625,976.2539669757358,947.4433879660209,976.2539669757358,30570642
2025-04-24,945.6181030273438,949.1207455952106,939.8460867592294,942.2634238174406,25931754
2025-04-25,942.8554077148438,953.6100615716746,933.2848220611925,949.5647662059754,18500878
2025-04-28,947.29541015625,951.982060830828,941.4741328194633,942.8554253066497,13920492
2025-04-29,941.6714477539062,951.5380804410966,937.4287475214969,946.6047640975014,18918308
2025-04-30,949.6633911132812,955.5340495753018,942.4114402150566,943.7434115323153,31936870
2025-05-02,948.1341552734375,958.0007887427045,947.1968130496268,952.0314875380283,17840404
2025-05-05,955.4847412109375,962.9833580251333,953.2647488384409,956.5700467268101,15068024
2025-05-06,952.9686889648438,957.112686715781,949.3180830668039,952.1300492793257,17490156
2025-05-07,959.8260498046875,961.355365881208,948.3807795701131,954.1034146874002,21420778
2025-05-08,951.3900756835938,964.364722012384,946.752746184645,964.364722012384,34803430
2025-05-09,932.248779296875,946.7034204881495,930.8181657127636,942.3127568324845,17188796
2025-05-12,965.5487060546875,966.880737676539,943.3981625785179,946.0127842578852,18618972
2025-05-13,948.4793701171875,967.7686246091653,947.1967199365026,961.9966686855105,24242102
2025-05-14,942.5594482421875,952.2287366384547,938.8101397074491,948.2327622761527,15445308
2025-05-15,954.0047607421875,959.4314088460198,935.85013208818,943.9901042439285,32241458
2025-05-16,954.44873046875,958.9380967138302,951.340777169636,954.0047801554118,15868010
2025-05-19,956.4220581054688,959.5300716290252,952.6234284399217,955.5834183781088,10202964
2025-05-20,944.6807861328125,954.3993955236706,943.7434439560598,951.1927398071444,23879090
2025-05-21,950.5514526367188,960.4674068130723,947.739426083267,950.6500948788123,15132040
2025-05-22,947.1474609375,949.2687509312965,939.895449442171,944.828766015395,21306670
2025-05-23,953.9060668945312,955.583406549638,944.4834444188342,947.246089616049,9566072
2025-05-26,957.1619873046875,961.9473401627192,950.6007128758197,954.5966869630639,10802860
2025-05-27,950.3047485351562,961.0100208805311,945.3714322062008,952.9193700568147,26162148
2025-05-28,948.9234008789062,954.3500488693757,946.0620533045636,947.2953823933067,18157594
2025-05-29,950.896728515625,957.4580633637506,940.9314535555673,951.1433943336576,28917794
2025-05-30,959.480712890625,961.4047183192448,949.8607459686729,953.0674016093235,28748078
2025-06-02,953.166015625,955.09002099665,941.2767355690125,952.1793523801688,14668822
2025-06-03,949.466064453125,962.9833634640112,947.1967509482078,956.0767204883472,24377584
2025-06-04,957.6553344726562,958.6913790708478,947.6407385330224,947.690059651711,12961542
2025-06-05,961.79931640625,966.3873245707182,957.1619871239031,961.0099978567567,22255418
2025-06-06,976.1552734375,984.8379583134906,958.3953347348495,959.0366899431259,30127008
2025-06-09,976.2540283203125,984.1966559557253,974.7740333489505,984.1966559557253,13202588
2025-06-10,969.5447387695312,978.1780428487654,967.472709657825,978.1780428487654,15533126
2025-06-11,962.1940307617188,970.6793107759778,960.516691162301,970.6793107759778,11096394
2025-06-12,958.74072265625,967.4233474890254,954.7447484104943,961.9966994408974,16349130
2025-06-13,946.0127563476562,953.6100757725884,943.7434428106371,947.19676434732,12117762
2025-06-16,954.7940673828125,956.520728121515,947.2460692080249,949.1700746468088,16513746
2025-06-17,951.9327392578125,957.852719054467,946.7527569357399,955.5834055099792,16978736
2025-06-18,954.0540771484375,955.2380851367438,945.7167603313338,945.7167603313338,18433816
2025-06-19,954.7447509765625,960.4180648603083,949.9593979158449,954.0540746334422,16876220
2025-06-20,969.2486572265625,971.8140179089729,952.9193918485255,952.9193918485255,32900408
2025-06-23,961.2073974609375,965.8940481289003,957.9514206200562,961.2073974609375,11739518
2025-06-24,967.3740234375,976.3033140635843,964.7593416610487,969.3966711141703,22625322
2025-06-25,976.8953247070312,977.7833457795492,968.854054817417,969.8900392545883,18405932
2025-06-26,997.4179077148438,1000.0325292056699,976.7966216145232,977.4872979366618,50084830
2025-06-27,1004.9491577148438,1007.393088107433,994.2258430942326,1004.0015037809444,28213384
2025-06-30,998.2658081054688,1004.400566128524,995.2732550959096,1003.2533964547342,13649020
2025-07-01,1003.5526123046875,1005.4977838847651,999.5126780283082,1000.0114368496795,14389386
2025-07-02,990.5350341796875,1007.4429706558585,986.4950998423908,1007.4429706558585,18878250
2025-07-03,991.0836181640625,1001.507689459166,989.6871300276722,994.9739612315547,16860506
2025-07-04,992.1809692382812,999.2633203019867,987.5424877454124,991.0836632772651,7863944
2025-07-07,991.2332763671875,996.7196233059492,989.4377568185034,992.0312782906421,11349426
2025-07-08,998.2159423828125,1000.0114620081927,986.0462146584523,986.0462146584523,15224316
2025-07-09,1003.1036987304688,1004.4005203490875,996.5699704674603,1001.0089360727129,13861428
2025-07-10,1000.6099243164062,1005.9965439473215,997.5176439735463,1005.4977851253348,17030310
2025-07-11,989.3878784179688,999.9117385623401,987.9913902076418,996.5201541247731,12516922
2025-07-14,989.0387573242188,991.8816582943851,982.8541356715338,989.0387573242188,13088850
2025-07-15,995.2732543945312,999.3131887778599,984.0511806165923,984.0511806165923,14498168
2025-07-16,995.6722412109375,1008.8394251469304,993.826797075495,1006.4952830829005,17994612
2025-07-17,990.98388671875,999.9116815490105,988.8890631972324,999.5126501495852,22529158
2025-07-18,976.2705078125,996.0213445308241,974.0759568696542,990.9838927216935,16129446
2025-07-21,997.7670288085938,998.5151670456409,985.7968170158388,986.6446826643673,22309078
2025-07-22,1001.058837890625,1006.4953213272488,999.0139388595042,1004.051390877723,14836814
2025-07-23,1009.6375122070312,1012.3806857402005,999.0139248978445,1003.0039954915454,13634916
2025-07-24,1004.5999755859375,1016.3208076773761,1001.7072110041944,1016.3208076773761,19107176
2025-07-25,1002.2999877929688,1007.5,999.5,1007.5,9306598
2025-07-28,1004.25,1010.7000122070312,1000.25,1001.5,12059580
2025-07-29,1010.7999877929688,1013.25,998.1500244140625,999.9500122070312,19895696
2025-07-30,1012.9000244140625,1016.2999877929688,1008.5,1014.0,15154036
2025-07-31,1009.0999755859375,1015.7000122070312,1004.0,1007.2999877929688,22183032
2025-08-01,1006.0999755859375,1014.1500244140625,1004.6500244140625,1007.0,11317258
2025-08-04,996.0,1009.25,994.0499877929688,1005.0499877929688,13933946
2025-08-05,988.7999877929688,997.2000122070312,982.75,993.25,23978058
2025-08-06,992.6500244140625,994.0,985.0,985.5499877929688,14080204
2025-08-07,997.7000122070312,1000.7999877929688,988.4000244140625,990.0499877929688,13081186
2025-08-08,986.9500122070312,996.4000244140625,985.0,993.5499877929688,13895264
2025-08-11,997.7999877929688,998.7999877929688,986.5499877929688,987.9500122070312,9105854
2025-08-12,984.9500122070312,998.0,983.75,995.9500122070312,12937802
2025-08-13,990.1500244140625,997.0,984.5499877929688,997.0,13577396
2025-08-14,995.5499877929688,998.0,985.5999755859375,989.0,17511716
2025-08-18,1001.7999877929688,1013.2999877929688,997.7999877929688,1005.0,19284796
2025-08-19,995.5499877929688,1003.0499877929688,993.3499755859375,999.1500244140625,12352438
2025-08-20,994.0999755859375,996.0,989.5,993.5,9950228
2025-08-21,995.5999755859375,998.75,991.5999755859375,998.75,12439850
2025-08-22,982.2999877929688,998.0,978.5499877929688,994.9500122070312,19833502
2025-08-25,982.0499877929688,988.7000122070312,978.5,980.0999755859375,17518044
2025-08-26,973.4000244140625,985.7000122070312,968.0,979.5,16917731
2025-08-28,957.7999877929688,972.2000122070312,955.0,967.0,25438255
2025-08-29,951.5999755859375,963.2999877929688,950.0999755859375,954.0,14823813
2025-09-01,950.5999755859375,957.4500122070312,946.3499755859375,949.5999755859375,20178344
2025-09-02,944.5,954.7999877929688,944.0,951.0,14196320
2025-09-03,954.4500122070312,956.2999877929688,940.0,945.0,16083481
2025-09-04,961.25,965.7000122070312,956.25,960.2000122070312,17597657
2025-09-05,963.4000244140625,967.5,954.0499877929688,967.5,11602111
2025-09-08,966.0,973.1500244140625,960.4500122070312,969.0,11711307
2025-09-09,965.1500244140625,974.4000244140625,962.7000122070312,974.0,13985539
2025-09-10,965.9000244140625,973.9000244140625,961.7000122070312,973.9000244140625,18091100
2025-09-11,967.7999877929688,969.25,959.9000244140625,960.2999877929688,15113633
2025-09-12,967.2999877929688,970.75,962.25,969.9000244140625,14363519
2025-09-15,967.0499877929688,972.3499755859375,965.0,969.5999755859375,14486377
2025-09-16,966.8499755859375,969.3499755859375,961.2000122070312,961.2000122070312,18661794
2025-09-17,966.5,974.4000244140625,964.3499755859375,965.1500244140625,17361476
2025-09-18,976.9000244140625,979.6500244140625,969.25,973.2999877929688,17791598
2025-09-19,966.9000244140625,976.7000122070312,962.0999755859375,974.9000244140625,31243267
2025-09-22,964.2000122070312,971.2000122070312,961.9500122070312,964.0,10854415
2025-09-23,957.2000122070312,968.2000122070312,955.5,967.0,21022298
2025-09-24,951.0499877929688,956.4500122070312,943.0,952.2000122070312,15117220
2025-09-25,949.8499755859375,958.0,947.4000244140625,952.5,31413279
2025-09-26,945.0499877929688,951.4500122070312,941.2999877929688,945.0999755859375,14874656
2025-09-29,950.2999877929688,956.7999877929688,939.0999755859375,946.0499877929688,32398179
2025-09-30,951.0,960.0,946.2999877929688,958.0499877929688,28296687
2025-10-01,965.25,969.5999755859375,946.0,952.7000122070312,25350832
2025-10-03,965.1500244140625,966.75,952.0,952.0,26658296
2025-10-06,973.4500122070312,977.4000244140625,962.0,971.9000244140625,18542683
2025-10-07,982.5,989.8499755859375,971.0,974.0,25535736
2025-10-08,978.7000122070312,985.9000244140625,974.5499877929688,976.0,15939710
2025-10-09,977.0999755859375,979.0,970.1500244140625,974.5,15370950
2025-10-10,980.9000244140625,986.2000122070312,978.0999755859375,979.0,13757080
2025-10-13,977.0,981.0,972.0,974.2999877929688,18634254
2025-10-14,977.1500244140625,980.4500122070312,967.0,970.0,22934382
2025-10-15,978.25,984.9000244140625,973.3499755859375,975.0,23310447
2025-10-16,994.3499755859375,996.5999755859375,981.5,982.6500244140625,22936566
2025-10-17,1002.5499877929688,1009.0,986.0,993.9500122070312,25210511
2025-10-20,1002.9500122070312,1020.0,997.0,997.0,22195202
2025-10-21,1007.7000122070312,1010.0,1004.0,1006.0,3471600
2025-10-23,1008.7999877929688,1020.5,1006.0,1016.0,43526526
2025-10-24,994.75,1011.9500122070312,991.2999877929688,1011.0,17707768
2025-10-27,1002.9500122070312,1009.0499877929688,996.2000122070312,996.5,15700796
2025-10-28,1003.5499877929688,1008.0,995.0,997.6500244140625,33904289
2025-10-29,1007.8499755859375,1012.5,1000.0,1004.9000244140625,17769445
2025-10-30,998.1500244140625,1009.5,997.0999755859375,1000.0,19962917
2025-10-31,987.2999877929688,1004.4500122070312,981.1500244140625,994.0,23221330
2025-11-03,992.6500244140625,994.5499877929688,983.2999877929688,985.0,16607180
2025-11-04,985.25,997.0,983.7000122070312,987.0,20024544
2025-11-06,984.6500244140625,991.0499877929688,974.0,981.0,22279516
2025-11-07,982.2999877929688,984.9000244140625,974.75,980.0,15004568
2025-11-10,984.5,990.9500122070312,980.2000122070312,982.2999877929688,15988262
2025-11-11,991.7000122070312,993.5,978.0,983.5,10200530
2025-11-12,989.5,999.0,987.7000122070312,998.7999877929688,13137263
2025-11-13,986.6500244140625,990.0999755859375,982.5999755859375,984.0,14124839
2025-11-14,989.5999755859375,991.6500244140625,976.0499877929688,976.0499877929688,21386965
2025-11-17,996.5499877929688,997.9500122070312,985.5999755859375,991.25,18396408
2025-11-18,992.4500122070312,999.0,990.0,997.6500244140625,20002640
2025-11-19,994.5999755859375,996.5499877929688,984.0,990.0,19813847
2025-11-20,1008.8499755859375,1011.5999755859375,992.4500122070312,995.2999877929688,19850865
2025-11-21,998.0499877929688,1008.2999877929688,996.5499877929688,1003.0999755859375,17499897
2025-11-24,999.1500244140625,1011.4500122070312,993.5999755859375,1000.0,32204053
2025-11-25,989.7999877929688,1006.0999755859375,988.4000244140625,1004.0,24989383
2025-11-26,1003.9000244140625,1006.9500122070312,981.2999877929688,981.2999877929688,19494356
2025-11-27,1009.5,1016.7999877929688,1001.0,1002.0999755859375,25536848
2025-11-28,1007.5999755859375,1012.0499877929688,1004.2000122070312,1007.0,15988807
2025-12-01,1002.0999755859375,1017.5,999.2999877929688,1017.5,16746566
2025-12-02,989.7999877929688,994.4000244140625,985.0,988.0,27316662
2025-12-03,1000.5,1002.2999877929688,986.0,986.0,15448777
2025-12-04,997.2000122070312,1004.7000122070312,993.0,1000.0,14528169
2025-12-05,1003.2999877929688,1008.0,990.2000122070312,992.0,12843366
2025-12-08,1003.0999755859375,1006.5,997.5,1000.0,12901022
2025-12-09,997.0999755859375,1002.7999877929688,994.0,994.9000244140625,15294322
2025-12-10,989.7999877929688,998.5,985.2999877929688,997.5,15322830
2025-12-11,1000.2999877929688,1002.7000122070312,988.5,990.0,11844809
2025-12-12,1001.5,1004.7000122070312,998.2000122070312,1003.0,11988618
2025-12-15,996.0999755859375,1001.7999877929688,992.0,992.0,9790060
2025-12-16,994.2999877929688,998.7000122070312,990.0999755859375,990.0999755859375,20049088
2025-12-17,984.0,996.0,980.7999877929688,996.0,19080922
2025-12-18,979.7000122070312,987.4000244140625,973.2999877929688,973.2999877929688,14912404
2025-12-19,985.5,988.0,978.7000122070312,987.0,25952384
2025-12-22,987.7000122070312,992.9000244140625,983.9000244140625,988.0,13540411
2025-12-23,996.5999755859375,998.9000244140625,987.7000122070312,990.5,17927849
2025-12-24,997.2000122070312,999.4000244140625,993.0,993.0,13699996
2025-12-26,992.0999755859375,997.2000122070312,987.7000122070312,996.0,9360853
2025-12-29,991.7000122070312,997.4000244140625,987.2000122070312,993.0999755859375,13545749
2025-12-30,990.9000244140625,995.0,982.2000122070312,990.2000122070312,33155849
2025-12-31,991.2000122070312,997.5999755859375,987.5999755859375,991.0,10963454
2026-01-01,991.1500244140625,997.5499877929688,989.5,993.5,7132074
2026-01-02,1001.5999755859375,1003.2000122070312,988.7999877929688,991.1500244140625,11751459
2026-01-05,977.5,1006.4000244140625,976.2999877929688,1005.75,27647379
2026-01-06,962.2000122070312,966.7000122070312,956.0,962.7000122070312,31988783
2026-01-07,949.0499877929688,956.4500122070312,946.0,956.0,52884712
2026-01-08,946.7000122070312,953.0,941.4000244140625,944.7000122070312,21928849
2026-01-09,939.0,950.5999755859375,933.2999877929688,945.0,38183839
2026-01-12,936.9500122070312,942.0,929.5999755859375,937.5,21071666
2026-01-13,937.3499755859375,947.7000122070312,932.5999755859375,947.7000122070312,32042827
2026-01-14,925.4500122070312,940.0499877929688,920.2000122070312,930.0,36688248
2026-01-15,925.4500122070312,925.4500122070312,925.4500122070312,925.4500122070312,0
2026-01-16,931.0999755859375,935.9500122070312,919.2000122070312,922.0,37780235
2026-01-19,927.9000244140625,936.1500244140625,919.5,935.9000244140625,38191942
2026-01-20,931.2000122070312,934.5,919.5999755859375,929.2999877929688,36022727
2026-01-21,920.3499755859375,932.1500244140625,915.5,925.0,32766854
2026-01-22,918.7000122070312,928.2999877929688,913.2000122070312,928.0,44444755
2026-01-23,916.0999755859375,926.0999755859375,909.25,920.0,30985247
2026-01-27,926.4000244140625,931.2000122070312,905.0,906.0,44753093
2026-01-28,932.7000122070312,941.4500122070312,928.4000244140625,932.5,35347138
2026-01-29,935.5,939.2999877929688,924.3499755859375,930.0999755859375,37175628
2026-01-30,929.25,938.9000244140625,927.75,930.0,29691233
2026-02-02,928.0999755859375,929.7999877929688,909.2999877929688,915.0,28032106
2026-02-03,948.7000122070312,994.0,945.0,983.75,50336968
2026-02-04,953.0999755859375,957.2000122070312,947.9500122070312,952.5,24366770
2026-02-05,949.7000122070312,956.0499877929688,946.7000122070312,956.0,28103169
2026-02-06,941.0999755859375,948.0999755859375,937.5999755859375,945.0,18120272
2026-02-09,937.25,950.0,935.3499755859375,945.0,23947829
2026-02-10,932.4000244140625,940.9000244140625,929.9500122070312,930.0,31525385
2026-02-11,927.0999755859375,936.0,925.2999877929688,931.25,24869804
2026-02-12,920.5999755859375,928.5999755859375,918.5,927.0,33872203
2026-02-13,903.9000244140625,928.2000122070312,901.0,913.0,50188359
2026-02-16,925.7999877929688,929.5,902.0999755859375,903.9000244140625,18806989
2026-02-17,925.7000122070312,928.0999755859375,918.5999755859375,923.0,22599629
2026-02-18,924.7000122070312,925.5,919.5499877929688,923.2000122070312,12738702
2026-02-19,915.5999755859375,929.2000122070312,912.4500122070312,929.0,21209234
2026-02-20,911.8499755859375,917.8499755859375,908.4000244140625,911.0,22654907
2026-02-23,923.5999755859375,925.6500244140625,915.25,916.5,23270122
2026-02-24,910.5,927.9500122070312,909.1500244140625,927.9500122070312,31313985
2026-02-25,907.5999755859375,916.0,903.0999755859375,910.5499877929688,27884303
2026-02-26,898.5999755859375,912.0,895.0,912.0,41165937
2026-02-27,887.75,898.9500122070312,885.0,898.5999755859375,34620755
2026-03-02,879.4000244140625,887.75,871.5499877929688,876.2000122070312,38378924
2026-03-04,868.6500244140625,879.2999877929688,848.0,848.0,39862322
2026-03-05,877.75,881.4000244140625,863.5,873.8499755859375,31324582
2026-03-06,857.0499877929688,871.7000122070312,855.0999755859375,868.0499877929688,34439647
2026-03-09,840.7000122070312,842.4500122070312,821.5,825.0,35592613
2026-03-10,849.4500122070312,856.7999877929688,840.5999755859375,850.0499877929688,52866024
2026-03-11,833.9500122070312,848.8499755859375,827.5999755859375,845.0,42261076
2026-03-12,832.75,836.4000244140625,820.0999755859375,820.0999755859375,46107561
2026-03-13,817.0,823.7999877929688,812.0,820.0,41700464
2026-03-16,840.5999755859375,844.5,815.6500244140625,817.0,52182605
2026-03-17,845.3499755859375,848.9000244140625,835.0999755859375,847.7000122070312,38826979
2026-03-18,843.0499877929688,846.7999877929688,831.5999755859375,845.3499755859375,23507063
2026-03-19,798.2000122070312,815.6500244140625,770.0,770.0,171637393
2026-03-20,780.4500122070312,793.75,778.2000122070312,785.0,103129469
2026-03-23,744.1500244140625,768.7000122070312,741.0499877929688,763.1500244140625,72341738
2026-03-24,764.9000244140625,772.75,747.7000122070312,755.0,61269986
2026-03-25,782.2999877929688,794.7999877929688,768.2000122070312,768.2000122070312,59230640
2026-03-27,756.2000122070312,774.9000244140625,754.5499877929688,773.2000122070312,65485199
2026-03-30,731.5499877929688,751.0,726.6500244140625,745.2000122070312,103500135
2026-04-01,742.25,755.9000244140625,739.0999755859375,743.0,78862761
2026-04-02,750.9000244140625,755.0,726.6500244140625,730.0,49310300
2026-04-06,771.0,772.75,745.0,759.0,42976659
2026-04-07,772.0,774.0,761.0,766.0,51309793
2026-04-08,816.0999755859375,817.7999877929688,796.0,800.0,70269512
2026-04-09,797.7000122070312,819.0,793.0999755859375,815.0,48879392
2026-04-10,810.2999877929688,812.25,801.0,804.0,38156026
2026-04-13,794.7000122070312,798.5,787.3499755859375,791.5,47549328
2026-04-15,809.9000244140625,814.7999877929688,804.0,804.9500122070312,39769515
2026-04-16,795.4500122070312,820.0499877929688,792.2000122070312,818.0,62861293
2026-04-17,799.9000244140625,803.9500122070312,788.2000122070312,790.0999755859375,37282544
2026-04-20,795.4500122070312,809.9500122070312,790.0,797.0999755859375,52148044
2026-04-21,811.75,814.9000244140625,795.2000122070312,795.2000122070312,49135752
2026-04-22,799.9000244140625,813.0499877929688,798.0,810.0,23876412
2026-04-23,784.3499755859375,796.6500244140625,782.5,792.0,37677616
2026-04-24,784.8499755859375,787.5999755859375,777.0,777.2999877929688,27720358
