Price,Close,High,Low,Open,Volume
Ticker,ICICIBANK.NS,ICICIBANK.NS,ICICIBANK.NS,ICICIBANK.NS,ICICIBANK.NS
Date,,,,,
2010-01-04,133.35313415527344,134.15655925045235,132.64067052559147,132.943845726187,9162186
2010-01-05,134.618896484375,136.39249221227269,133.62597904216403,134.6113142427345,14659997
2010-01-06,135.64968872070312,137.54456199595995,134.92964298260836,135.67242272190413,20410054
2010-01-07,134.3687744140625,135.93772598224388,132.8680375783289,135.93772598224388,10852286
2010-01-08,132.4814910888672,134.91450032046194,132.03430418038394,134.7780708474292,20580934
2010-01-11,131.791748046875,133.67145695247157,131.26876421293366,133.09542287192886,18184672
2010-01-12,127.751953125,132.18595093522714,127.33508229714288,131.79181412132817,22781935
2010-01-13,127.43357849121094,127.9717141552279,124.55338227545566,124.55338227545566,31684856
2010-01-14,126.62258911132812,130.5184374337043,126.00107413594552,128.39618528079254,33858143
2010-01-15,127.70643615722656,128.63870847867668,125.88735952481831,127.37293198961402,19521925
2010-01-18,130.87464904785156,131.70080809918954,125.86461904591886,126.42550140279272,22909535
2010-01-19,131.2005615234375,132.79224717388834,130.21523897509707,130.97318331132288,20804140
2010-01-20,133.0878448486328,134.0959140629443,131.72353749225553,131.85238471398407,27480893
2010-01-21,129.26022338867188,132.33748154657428,127.68368945877178,131.859978383119,33727122
2010-01-22,127.4411392211914,128.39615821352186,124.4320959788282,125.66754342561977,32621154
2010-01-25,125.9404296875,127.20619352692175,125.09910606089927,126.0616946849106,15865157
2010-01-27,119.34627532958984,125.42500734828671,118.23967504974563,124.30325530566664,38013514
2010-01-28,119.4599838256836,122.45387579035597,118.1260051836699,121.27147840204582,56519067
2010-01-29,125.87217712402344,127.18343415882323,117.48171470334738,117.48171470334738,59256560
2010-02-01,126.6983642578125,128.6083895939226,123.54530918525742,124.31840528848363,28587542
2010-02-02,124.15167236328125,127.70644669916406,123.66658691751388,127.48663798340301,29159537
2010-02-03,127.25169372558594,128.09301748087074,124.79594993356555,125.07639118532715,18166148
2010-02-04,125.63724517822266,128.69935183088091,125.13700796742906,126.5467835711546,18276049
2010-02-05,120.99104309082031,122.75705701640003,119.75559538383273,122.75705701640003,27352501
2010-02-08,122.08248138427734,128.85094350965176,119.14922202757705,128.85094350965176,22972361
2010-02-09,123.15116882324219,124.00006187935735,119.9677975995159,122.18099806089198,20874557
2010-02-10,121.24112701416016,124.53819325259444,120.79394018203698,124.00004497272637,19253811
2010-02-11,125.22035217285156,125.78881674765994,119.77071775075551,119.77071775075551,19596379
2010-02-15,123.90153503417969,126.12231781166464,123.16632469588751,126.12231781166464,10649243
2010-02-16,126.1905746459961,127.00158223353618,123.84852609879097,123.84852609879097,11282936
2010-02-17,127.47904968261719,128.50228350465983,125.91011066237334,127.335037959954,28238435
2010-02-18,127.34260559082031,129.30569378435882,126.47854807587007,127.33502334904834,25365791
2010-02-19,126.35730743408203,126.8802913888529,123.86365266440865,126.1223342251833,18276038
2010-02-22,126.06169128417969,128.85093881198574,125.62966884020408,128.11572843889482,12621301
2010-02-23,128.50985717773438,129.15410604355293,125.15214521206977,125.80398904190747,20701076
2010-02-24,127.50939178466797,128.22945054398053,126.27394397133999,127.35022826633299,17102217
2010-02-25,129.09352111816406,130.03337599855325,126.22847572930245,127.52456890253865,23944123
2010-02-26,132.2086181640625,134.45971695297177,127.63820585694008,128.13844296454124,35508192
2010-03-02,135.99835205078125,136.8851562526081,134.17170612266924,134.17170612266924,28273393
2010-03-03,137.69615173339844,138.32524878376267,135.72549409148604,136.4152236300613,25091231
2010-03-04,136.18785095214844,138.63601180113412,134.79322733554037,137.3399191623286,17625426
2010-03-05,136.69570922851562,137.79472750261553,135.1646557112288,136.14240896948482,14922803
2010-03-08,140.03065490722656,140.49300633713887,137.94630143401767,137.94630143401767,32294977
2010-03-09,140.24290466308594,141.67542720407744,137.80231258908356,139.7654013900508,34059690
2010-03-10,139.1287078857422,140.9023040148147,137.70376773217671,140.22015655051172,22191510
2010-03-11,141.10691833496094,141.99372257240896,138.41621482127175,138.7042255107518,21146158
2010-03-12,141.9861602783203,142.7820031703662,141.16000113690592,141.74361756148838,20491075
2010-03-15,140.03065490722656,141.7360361782051,129.7604815108278,140.9780917737444,16240301
2010-03-16,141.05389404296875,141.72087700187606,138.27979808145102,139.6137894430346,14485526
2010-03-17,143.7900390625,144.55556552699983,141.2812332509332,141.73600232938028,23114982
2010-03-18,146.0790557861328,146.96584733869136,143.8582730618217,144.01743653575593,25947581
2010-03-19,145.00282287597656,146.87495034371432,143.774944494892,145.980576234003,17969248
2010-03-22,141.77394104003906,143.8582946068909,139.61379048495905,143.8582946068909,20087584
2010-03-23,140.29592895507812,143.40351622032838,139.7653755152101,142.34238389682488,20200125
2010-03-25,141.56167602539062,142.4939481942881,138.340406677674,139.46215854367657,26513751
2010-03-26,143.63088989257812,144.29788551449684,141.77392746817577,142.34237938170062,21544611
2010-03-29,144.40396118164062,145.37413175320756,142.41813931737707,143.2518804474349,21909514
2010-03-30,145.49545288085938,146.7991152049739,144.7450780066157,144.93457046633898,18572757
2010-03-31,144.3888397216797,147.1629225769966,143.8127928727567,146.25338429482125,28237176
2010-04-01,144.4115753173828,145.81378124467795,143.14579886172905,145.0709886709438,19839534
2010-04-05,149.3685760498047,150.17958354167587,144.767846024976,144.767846024976,28263136
2010-04-06,151.25584411621094,153.05975633938732,149.36855266716995,150.36147024731656,30864163
2010-04-07,149.6717529296875,152.9536557075198,148.57272202694125,151.99864926216964,19863459
2010-04-08,145.6925048828125,149.77026275105948,145.17710323830295,148.89104069755322,23439388
2010-04-09,148.2998504638672,148.8531506290266,145.8289426054544,145.8744233396226,12637042
2010-04-12,146.23068237304688,149.30035884651411,145.71526790401964,148.55757883988372,20644701
2010-04-13,142.82745361328125,146.5110615976196,142.54699974186488,146.23063316996567,21935727
2010-04-15,139.1590118408203,145.2074278961352,138.74972339840437,143.6763746365344,29869411
2010-04-16,139.83358764648438,142.02405427139416,138.7497213369471,139.00741580935795,24517465
2010-04-19,139.43186950683594,140.45510332525168,136.81696266777578,138.52233116199605,23085573
2010-04-20,141.43284606933594,143.2519099041356,139.4621755589692,139.76536346633802,24374751
2010-04-21,144.29788208007812,144.69201873862278,142.3423759938247,142.4863877098676,20722333
2010-04-22,143.0775909423828,146.23065886847067,141.75876417242958,143.32771589293603,23026162
2010-04-23,148.2089080810547,148.5272350682493,143.25192766604076,143.85829083407913,26901132
2010-04-26,145.54849243164062,151.3088846771896,145.28321572942244,148.5727002688363,31212868
2010-04-27,143.54751586914062,145.52575590381562,141.75875555508412,145.22258071769647,15461006
2010-04-28,139.37881469726562,142.63798305819282,138.46169413978302,141.1751446003943,21680010
2010-04-29,143.5626678466797,144.1614486996219,139.9169452000588,139.9169452000588,25572305
2010-04-30,144.3054656982422,146.19275706561513,143.5778375906797,144.44947741565818,18736987
2010-05-03,142.02406311035156,145.2150170188547,141.43286442489065,143.41868695522186,16415217
2010-05-04,138.73455810546875,143.49446358622785,137.79470350878978,142.7819999374899,19283099
2010-05-05,136.9837188720703,137.94630754506522,134.49764635792033,137.94630754506522,29067978
2010-05-06,136.86244201660156,138.33286288662342,135.06611190596942,136.1954590488946,17990027
2010-05-07,132.8832244873047,135.21770298998106,131.73114336118618,134.14141885090322,28132593
2010-05-10,139.78054809570312,140.6749221002203,134.7023021158001,134.8993768463053,24365786
2010-05-11,138.94677734375,141.5844307826691,137.64311510878483,139.76536690313904,22917191
2010-05-12,138.66635131835938,139.9776086608362,137.3551066977669,139.76538218600626,19398219
2010-05-13,140.52333068847656,141.58445037152293,139.6213745052275,139.76538624031704,16082291
2010-05-14,138.10545349121094,140.227705281135,137.18834567205462,140.227705281135,14222945
2010-05-17,136.59713745117188,137.17317154826736,133.86095322667478,136.12720385032802,18725272
2010-05-18,134.79324340820312,136.7714836075892,133.77759181997433,136.7714836075892,20063351
2010-05-19,124.97783660888672,134.00498070190153,124.00008343457874,133.39863023097064,67251569
2010-05-20,126.06925964355469,128.39615550072006,123.62108608372205,125.97072866619625,35100450
2010-05-21,126.5467758178711,127.19103744084363,122.3780690405787,123.23455712369159,24783665
2010-05-24,126.13748931884766,143.94923326198568,125.06120523840593,127.25925413341285,23350662
2010-05-25,122.68883514404297,124.47001345324527,121.62771549036174,124.47001345324527,24955590
2010-05-26,128.50985717773438,128.9646263214404,124.48516234172489,125.06877871421804,23904468
2010-05-27,129.88172912597656,131.12475880067868,126.31180357118893,128.09298158860173,32111810
2010-05-28,131.0868682861328,132.9438433911665,128.64628951747437,130.68516210654056,22395593
2010-05-31,131.62503051757812,132.55730292844532,129.97271217143884,131.08688208548668,20342899
2010-06-01,127.0242919921875,131.0944550689874,126.28908162263834,129.10106314282834,21329060
2010-06-02,127.6836929321289,128.83577398279382,124.75802865466927,128.04751335734247,18265478
2010-06-03,129.47244262695312,130.2228046991279,128.57806884515477,129.06315422394871,13719871
2010-06-04,131.2536163330078,131.67048696419155,129.47243834834575,129.47243834834575,16301560
2010-06-07,127.63067626953125,128.85097238086385,107.93163591607896,107.93163591607896,19093156
2010-06-08,123.92430114746094,128.04752767008927,123.2573054412704,127.18346996597981,25602786
2010-06-09,124.99298858642578,127.31988468366227,123.84848978324551,123.84848978324551,19901849
2010-06-10,127.53113555908203,128.3233560878946,125.21602772360376,126.56971967371017,19786860
2010-06-11,130.13853454589844,130.75385265624445,127.95417655528166,129.98471470063538,20875123
2010-06-14,131.31532287597656,132.1383074518391,129.73858879116003,131.52298934740867,15172569
2010-06-15,132.30751037597656,133.03819010620902,129.10788992792158,131.31531755725632,14494936
2010-06-16,134.86874389648438,135.3532989801005,132.299817039665,133.6765788261051,20689289
2010-06-17,135.96092224121094,137.19923971255315,130.13852831498374,135.06103423277295,64208595
2010-06-18,133.72271728515625,136.13781114173437,132.9151212601077,134.76874371745933,17517863
2010-06-21,138.41448974609375,139.98352957743103,134.69184305059204,135.19948079853998,28587960
2010-06-22,137.153076171875,139.3374338805751,136.6608269110345,137.98375486814518,18128176
2010-06-23,138.50680541992188,139.16826312185034,135.60714278490903,136.30705868099494,17704599
2010-06-24,136.24549865722656,138.752897449316,135.08409761445276,138.16835627332415,19182339
2010-06-25,131.76141357421875,135.66864397831984,130.99227566227376,135.36868561476211,20190291
2010-06-28,133.85348510742188,134.13037373445997,131.0615032685139,131.0615032685139,13951817
2010-06-29,130.49232482910156,133.85347203295254,129.46938101680252,133.85347203295254,18167385
2010-06-30,132.55364990234375,132.9612886548162,128.33107219415717,128.61565506277583,22055880
2010-07-01,129.43861389160156,131.83063826589887,128.68486440368156,131.43838799287175,18383568
2010-07-02,129.22323608398438,130.4077196948252,128.16951545659015,129.60012368776947,17940307
2010-07-05,129.307861328125,130.09238767870673,128.29259876783541,128.90790393356565,8028047
2010-07-06,132.1074981689453,132.5536078809055,128.97710051628746,129.13862744984593,12755105
2010-07-07,130.16928100585938,131.99984665125913,129.86932266562042,131.83062547958482,11463655
2010-07-08,132.6459197998047,133.18432147671928,131.5306711709761,131.98446225946006,9200433
2010-07-09,134.7379913330078,135.21485218850069,133.2150910455473,133.29200741830778,17697773
2010-07-12,137.43768310546875,137.67611355902065,134.7610756662017,136.1224620460199,22222106
2010-07-13,138.3606414794922,138.59907191171112,132.33058106060415,132.33058106060415,13894930
2010-07-14,137.09922790527344,140.66804112236528,136.31470169479724,138.90671071262184,14287663
2010-07-15,135.65325927734375,138.57599089097232,135.10716339273353,136.76081366453272,15469250
2010-07-16,138.814453125,139.2144105841488,136.29167830052617,136.29167830052617,16519811
2010-07-19,138.45294189453125,139.11441242553434,136.44548637127795,137.69149814458734,17190327
2010-07-20,136.42237854003906,139.3835679339684,135.83014324320544,138.45290324625756,8007180
2010-07-21,138.84519958496094,139.1990045861846,137.00695242250606,137.5222843950247,16133474
2010-07-22,139.78353881835938,139.98351103936474,136.32240567465507,138.29140264997707,15511622
2010-07-23,140.4219512939453,141.64488040036466,139.2759256562308,140.7526736476939,26262956
2010-07-26,141.01416015625,142.50628339612294,140.16810597218588,141.33720113903559,11298100
2010-07-27,142.16787719726562,142.67551490842592,138.1760363879072,140.79880971263006,22837809
2010-07-28,139.806640625,142.36787354200828,138.82983613177933,142.29097006920594,11353760
2010-07-29,142.86012268066406,143.3677604770242,138.49140641904305,138.75291953742126,27850388
2010-07-30,139.19903564453125,143.29086382043695,138.4452859761911,142.59864210262103,13123495
2010-08-02,144.52914428710938,144.89064349520172,140.1373588039246,140.2911786405227,35178759
2010-08-03,147.98255920410156,148.59787717841763,145.0598278730642,145.27518851858673,36030291
2010-08-04,149.09780883789062,149.67466863634579,147.22111675791956,148.1440872715431,24579956
2010-08-05,146.96734619140625,149.674717786591,146.54431897622845,149.674717786591,16833531
2010-08-06,146.10589599609375,148.13643427302307,144.99064717917074,146.90581088235322,19349913
2010-08-09,150.76687622070312,151.05915328483644,145.98282739922513,145.98282739922513,26036059
2010-08-10,152.12057495117188,153.05892121164635,148.69789935626542,150.31309167975726,32136478
2010-08-11,149.49778747558594,153.6742251265257,148.0902617601315,150.76686888524247,24126129
2010-08-12,148.1825408935547,151.9821034857648,147.21343083646647,148.29022122320475,27957517
2010-08-13,150.19769287109375,151.48985684916104,148.18254344699977,149.19781883255632,18807717
2010-08-16,147.2288360595703,150.9053173945461,146.6135179757347,150.29001222047455,17307295
2010-08-17,147.50575256347656,149.18247303504228,146.52125377104048,147.29039183891035,17407340
2010-08-18,148.8901824951172,150.29002707856233,146.30587985290293,147.98260017326533,18024050
2010-08-19,155.82785034179688,156.2739473157981,149.52858152177072,149.52858152177072,31322681
2010-08-20,152.9051055908203,155.35867123053177,152.53592500310188,154.6818250916539,13829926
2010-08-23,155.59706115722656,156.39696298030563,151.5206227643224,152.82816228671416,21478556
2010-08-24,154.08956909179688,157.5199388353513,153.5204033894804,154.75102670134115,20445177
2010-08-25,151.41294860839844,154.42029092356182,151.00529700661988,152.78971033597463,21110166
2010-08-26,151.297607421875,153.05893848258106,150.1515945541885,151.5206623646816,23825681
2010-08-27,147.28268432617188,152.28978844604075,146.63660221078064,152.28978844604075,15228587
2010-08-30,148.8901824951172,150.89763809333118,147.39036468899812,148.73636264127427,9860900
2010-08-31,150.397705078125,150.98224633311344,147.6749452454024,147.98259785804026,16651382
2010-09-01,153.0589141845703,154.24339796791114,150.80533409110961,150.80533409110961,23069332
2010-09-02,154.42796325683594,155.10480920760304,153.13581219428985,154.3202829258102,13626541
2010-09-03,153.9818878173828,155.35864965638254,152.93586123604481,154.44337317027063,10505940
2010-09-06,159.8965606689453,161.2117944613447,153.98187507730685,153.98187507730685,26211993
2010-09-07,159.76580810546875,161.38869444590196,158.92744807883815,159.98116877630724,20394539
2010-09-08,158.07373046875,160.1734780546294,157.48917627387135,158.45060526139778,14453131
2010-09-09,161.55023193359375,162.13478609918687,158.7659441562978,159.21973531077577,19452207
2010-09-13,168.90321350097656,169.77233758075496,162.30398714111138,162.90391681019005,27495979
2010-09-14,169.2339324951172,171.78748387536757,167.98023946357586,169.518515339537,21616595
2010-09-15,169.8107452392578,170.73371567238902,168.46474776675484,169.2877321030863,18293869
2010-09-16,169.75692749023438,172.9027139692779,168.74935922377327,169.210844518803,24753080
2010-09-17,171.3951873779297,172.5950464591235,169.9799676503922,169.9799676503922,17280802
2010-09-20,173.47958374023438,174.4025543830968,169.9799920984493,171.51826789671085,17251201
2010-09-21,173.38729858398438,174.2564356109178,169.98770558613046,173.51806159488405,26808430
2010-09-22,173.22581481933594,174.88715987351426,171.36449746846387,172.97199588290624,24402427
2010-09-23,169.2493133544922,176.59459453399543,166.18813726895357,172.90272485116725,11279944
2010-09-24,171.3798370361328,172.0566830879819,167.43414820165296,169.2108674740362,16652922
2010-09-27,171.53366088867188,173.9564492081804,170.74913453043575,171.9105356291028,16681098
2010-09-28,170.85682678222656,171.53367284612702,168.90321787955952,171.05681195028015,19714788
2010-09-29,169.5108184814453,171.8259393886427,168.54170830940873,171.53366232924444,13729534
2010-09-30,171.2029266357422,172.44124411548466,168.79552674098616,169.210859670775,21504956
2010-10-01,174.62559509277344,175.03324669677565,171.67209938502327,171.83362634671298,17485077
2010-10-04,177.8483123779297,179.97882373939558,175.51781585306742,175.51781585306742,17268410
2010-10-05,176.54847717285156,178.25596146721057,175.6332006291359,176.60231089435703,13780156
2010-10-06,176.77149963378906,178.932787760609,175.13323768246104,178.59437120918614,13735144
2010-10-07,174.99476623535156,177.05605501116796,174.11794811558707,176.74840247488052,12894359
2010-10-08,173.2411346435547,175.65622841931074,172.01819286417546,175.51778412877908,15274957
2010-10-11,174.22567749023438,176.2792726261044,172.84891554279605,173.82572004362567,12662463
2010-10-12,175.16400146484375,176.08697212563064,173.73340597745886,174.74866854041883,13894050
2010-10-13,178.24058532714844,179.17893161833396,174.77945142937838,175.16402042804557,23386759
2010-10-14,175.31787109375,179.85579606921883,172.94122178772864,179.20203257765607,15209738
2010-10-15,173.002685546875,175.82543079124594,171.9951173650728,175.517778256997,12092877
2010-10-18,171.69517517089844,172.90272867744417,168.29558246369683,172.28742350490484,31960313
2010-10-19,172.21820068359375,177.5791092682019,171.2875357992697,173.0565607555594,21956495
2010-10-20,171.3490753173828,173.525752037575,170.40303484022348,171.36446375707078,12450344
2010-10-21,173.76417541503906,174.1102861962889,169.68772368652884,172.44124731699438,20931966
2010-10-22,174.1102752685547,175.21014838975591,171.8413068742469,174.5948303318922,11809754
2010-10-25,175.68701171875,178.11749419862295,174.59483280115037,175.05631812363396,13466711
2010-10-26,174.00262451171875,175.8254834282893,173.36423659794812,175.67166356999653,12090254
2010-10-27,170.24920654296875,173.71803462653514,167.45723744763964,173.41807623264435,19789264
2010-10-28,167.52645874023438,171.99516102337404,165.8343500077068,171.44138373920578,50115582
2010-10-29,178.90200805664062,181.0556017747297,165.2113079008807,168.9493297153784,53175655
2010-11-01,189.51617431640625,191.36211577368832,182.44008691309966,182.47854510260677,52388754
2010-11-02,189.41616821289062,191.7774285049398,186.01656273317676,188.90083627369805,25181574
2010-11-03,190.53912353515625,193.0234398552247,189.66999947057425,191.5159279440883,17747581
2010-11-04,194.75399780273438,195.4462322448117,190.90061405983704,192.11584885098353,16242809
2010-11-08,193.100341796875,196.59223914303936,191.35439957867453,195.82310126075464,29505399
2010-11-09,195.23086547851562,196.5614747868132,192.00046830566237,192.43888386896677,19700472
2010-11-10,193.08497619628906,194.57709963351562,192.07739493268465,193.82335015041798,12210517
2010-11-11,190.3007049560547,194.57711629882627,189.53156696834844,193.51570122827619,12496528
2010-11-12,184.66285705566406,189.9622238384616,183.6475817616485,189.66995974480898,15188365
2010-11-15,188.16246032714844,190.26991464622327,184.18600792795024,184.6628816765631,23387001
2010-11-16,184.94747924804688,190.823707071791,183.6091756132493,189.5161674055243,21744272
2010-11-18,179.11740112304688,185.73969751754242,175.17940637059266,185.6704753569646,39112364
2010-11-19,176.70228576660156,179.97882273268402,175.4485927139182,179.50196185060952,17577142
2010-11-22,181.52481079101562,183.53994763079808,176.15620760546986,177.3483727534355,17846708
2010-11-23,177.97137451171875,180.8095088999172,173.51806068850877,180.2864955883459,20635851
2010-11-24,173.07191467285156,180.7325547440477,171.40288895665637,178.44051680640308,27031867
2010-11-25,171.7105712890625,178.0329090327555,169.61082389745079,174.74867782992098,41819998
2010-11-26,172.92581176757812,177.3022088702351,167.86486151648862,173.67186703193744,30729622
2010-11-29,177.56373596191406,178.94049785742106,174.34103257909163,174.74868423059357,20550194
2010-11-30,175.68701171875,177.93291039744045,173.46419569753013,176.91763494211835,32235126
2010-12-01,179.58656311035156,181.20944952458342,176.10234694348304,176.90226173147633,23061665
2010-12-02,183.23226928710938,184.9013080056876,181.5170910753169,181.82474363905158,21933323
2010-12-03,181.74014282226562,183.1630439735612,179.5173269454093,182.44005852480913,14783175
2010-12-06,177.0868377685547,183.85527125037953,175.8562017629844,182.97844019171418,21383741
2010-12-07,170.82606506347656,176.70229319843452,169.21087271659363,176.70229319843452,34666654
2010-12-08,169.8876953125,171.28752676505272,166.94188097724154,169.97998721022668,23239832
2010-12-09,162.79623413085938,172.3951086985525,160.7657089306617,169.83386308471262,46268178
2010-12-10,171.84127807617188,173.05652555014558,160.15035312386047,162.5962235975637,37551387
2010-12-13,172.34893798828125,173.29497833131222,167.08032169709097,173.21036774455405,20001096
2010-12-14,172.2105255126953,174.28720328376772,169.72619607977106,173.04119145721813,15565874
2010-12-15,165.93431091308594,170.54915103572355,164.7652156721953,169.51850009482862,26295830
2010-12-16,170.09536743164062,171.07986601257812,164.30373759457657,166.74960851833526,22559251
2010-12-20,169.21852111816406,172.11816975549635,167.37258013024785,169.1646745026397,17667639
2010-12-21,175.1101531982422,175.8254444276142,169.51849598267694,169.62617631447966,22757977
2010-12-22,174.09486389160156,176.13309581425383,172.3027694874743,176.13309581425383,14806913
2010-12-23,173.77183532714844,175.3639446065708,172.71810184260912,175.2101247951416,10596553
2010-12-24,172.00283813476562,173.50265576679394,171.056797731823,171.82593564105616,11189920
2010-12-27,173.1411590576172,174.7486699626707,172.01821614476714,172.01821614476714,8825591
2010-12-28,171.03375244140625,173.2104165566304,170.5491972600911,173.2104165566304,8497280
2010-12-29,173.7410888671875,174.1333520470778,170.61069055718775,171.51827278765177,12598855
2010-12-30,174.8794708251953,175.91781635593443,172.76433447532656,172.76433447532656,20579317
2010-12-31,176.14852905273438,176.62540290019405,174.59486453030345,174.84868344026052,10779400
2011-01-03,176.1100311279297,178.19440275192366,175.20244896109872,177.5175567813285,7588053
2011-01-04,169.83384704589844,176.77918343829694,168.91857065735613,176.2407946754578,22965195
2011-01-05,164.49603271484375,169.05702653214107,163.82688091513933,168.78013791292048,29191800
2011-01-06,162.0501708984375,165.89587363694636,161.09643620617481,165.24979154903025,26233795
2011-01-07,161.39637756347656,165.81123228270874,160.13497759107642,160.7502955954006,33983851
2011-01-10,155.98162841796875,162.88082513868864,154.61256097992762,160.6349266094373,35807255
2011-01-11,157.35838317871094,160.38879495239433,154.25105504147498,156.28927412680704,34005752
2011-01-12,164.5114288330078,165.2498028799275,157.57378531618983,158.56597826574938,37752814
2011-01-13,157.8275909423828,164.28837299177374,156.2893021250433,164.28837299177374,28324004
2011-01-14,155.24327087402344,162.1040101334448,154.59718881557635,158.4428913786755,24588250
2011-01-17,154.0049591064453,156.8892329085096,152.75126604023728,155.38172095921075,18208866
2011-01-18,155.58937072753906,157.51992254787677,153.84342852209767,155.36632874735974,19144675
2011-01-19,157.4045867919922,159.21207028451207,156.27394944528666,156.27394944528666,18071174
2011-01-20,161.60406494140625,164.0576172387252,154.8202421268633,156.7046416563799,19835882
2011-01-21,163.9114990234375,164.45759502031973,159.1274497068581,160.46575347302894,23706760
2011-01-24,166.73423767089844,167.9648610269044,163.0577431330878,163.82689402663596,47351716
2011-01-25,159.6581573486328,167.82642427689603,158.90439486105458,167.36493888385544,38448415
2011-01-27,156.03549194335938,161.51945650829285,154.82793841722247,161.05797116651928,33297764
2011-01-28,156.66616821289062,158.4736511921645,152.7897020991516,156.59694606477967,26788206
2011-01-31,157.1507568359375,158.44290818008824,152.52822163253924,153.6588588998332,21694667
2011-02-01,153.02816772460938,156.90463473044,152.28979367158286,156.7661904023579,25132965
2011-02-02,155.58168029785156,157.49683065832662,154.1587662726033,156.13545747102387,17083781
2011-02-03,157.98141479492188,159.6273840003274,154.32800296687012,155.36634826765894,16068459
2011-02-04,153.2127227783203,159.17356021368684,152.3205161991744,156.90459203894812,19283671
2011-02-07,150.55918884277344,153.05889325052908,149.8823429034037,151.52061758722178,18498540
2011-02-08,146.3750762939453,151.6744436601566,145.6443837049668,151.65906813235674,38561842
2011-02-09,147.22113037109375,151.65906797319948,144.56759312650055,146.29046555335202,36993066
2011-02-10,147.65184020996094,149.9438651816286,146.90577215204988,147.2595770904505,18715125
2011-02-11,153.9126739501953,155.05868671959698,147.8518490081803,147.8518490081803,22211942
2011-02-14,159.09669494628906,159.7273886740089,155.3817418376421,155.3817418376421,19183411
2011-02-15,162.16554260253906,164.00378979588058,159.0582139151933,159.0582139151933,26982532
2011-02-16,161.61175537109375,162.9961984356676,160.63493809693318,160.98104886307664,9236227
2011-02-17,162.59625244140625,164.59601355699522,159.38893785538764,161.1887267323468,21857841
2011-02-18,157.8583221435547,165.0574766833721,157.30454499734162,163.36536837237716,35232444
2011-02-21,159.61965942382812,160.2580471767958,154.766389149305,157.85832889423472,15063350
2011-02-22,157.9967803955078,158.90436255641453,156.15853341738728,157.93525246488164,14653699
2011-02-23,154.76641845703125,158.4121360622362,154.3049330914744,156.75079132818442,14496949
2011-02-24,146.34432983398438,154.44337393415998,145.16754024183524,154.3203051482244,43431096
2011-02-25,151.71292114257812,153.2973494737668,148.62867507803352,149.1209244059802,26761487
2011-02-28,149.34397888183594,154.82024941171858,147.9979809988134,153.48963996817125,36869228
2011-03-01,157.8583221435547,158.4428632523616,150.48995935459013,151.35140194626547,26361698
2011-03-03,156.8353729248047,159.3197018014801,153.220419957823,155.21248668047213,34432750
2011-03-04,156.34312438964844,160.97335273996714,155.58168077420518,158.442871450864,18568319
2011-03-07,155.389404296875,155.98163970943565,152.59742259793055,155.0202108728225,17101144
2011-03-08,156.9969024658203,157.6045263175777,154.61257237406238,156.13547265817985,15472270
2011-03-09,159.25047302246094,159.98116560896918,157.104573485232,158.39673748468044,17054807
2011-03-10,156.06625366210938,158.13523699590937,155.074060837085,158.13523699590937,10533066
2011-03-11,154.8894805908203,157.67376842658362,153.8511481587104,154.90486903119177,14535279
2011-03-14,156.7661590576172,157.1507279931485,154.74331535432609,154.88945387358535,10378098
2011-03-15,153.3050537109375,154.3587745939965,151.63601467285608,152.28979101942775,21340874
2011-03-16,158.05064392089844,159.04282386509064,154.13571913245113,154.13571913245113,22552920
2011-03-17,155.65089416503906,158.04291811610116,154.47410482488175,156.9045869564532,31400270
2011-03-18,154.22032165527344,157.21227584039536,153.8357526710243,155.9124303498756,11674993
2011-03-21,154.3818359375,155.80473718928357,153.36656047641554,155.35094608338127,10459223
2011-03-22,154.4664306640625,155.88934479838574,153.4127099466634,155.05098475589844,18005289
2011-03-23,160.11961364746094,160.54264077173568,153.7126788513849,154.08955357181193,28313109
2011-03-24,161.99632263183594,163.8191812543325,160.97336587271408,160.97336587271408,16644864
2011-03-25,167.841796875,168.7493791347481,162.92698500339748,164.7190797738372,21900758
2011-03-28,169.3339385986328,171.59521318173296,165.83435927694526,165.98049782616135,31802133
2011-03-29,169.13397216796875,170.74916466604054,168.13408495022605,169.21088855545145,19421473
2011-03-30,170.6106719970703,171.58748918573434,169.29545120084072,169.9799784540188,14285155
2011-03-31,171.70285034179688,173.5180275099193,168.8416467505438,171.08754523751858,39723216
2011-04-01,169.65696716308594,172.13360227723172,168.44173226561884,171.48752018403763,17402236
2011-04-04,172.16436767578125,173.35653283330157,170.0184678102917,170.0184678102917,16912005
2011-04-05,170.94142150878906,173.50265407814646,169.841548370799,173.01809900741253,14686804
2011-04-06,169.2877655029297,172.2104971779821,168.59553108662567,170.5645410903389,17832133
2011-04-07,169.82614135742188,171.42595782949402,168.2417133219976,169.21083626722958,15195235
2011-04-08,168.9493408203125,172.11819722141666,167.8802445644984,169.90307542829407,18281763
2011-04-11,169.3031463623047,170.50300561793418,166.9034278510457,166.9034278510457,17869494
2011-04-13,173.3411407470703,173.82569581982415,167.0880255676371,168.25712086346257,27268070
2011-04-15,169.4723663330078,175.2101494873388,168.941658861821,172.27972352204876,32808215
2011-04-18,166.76498413085938,171.87976796866243,166.37272096016906,169.53389607346259,32784537
2011-04-19,167.68028259277344,168.21099013935367,164.9036889759052,166.74963051353478,19193520
2011-04-20,171.11061096191406,171.3490413614744,168.4416983470728,169.78000176365305,13743636
2011-04-21,172.0566864013672,172.8950465351392,170.9798958193255,172.54893573768882,13116108
2011-04-25,171.15679931640625,173.2642409928431,170.6107033474582,171.44138217590108,15140691
2011-04-26,172.5104522705078,173.11807608686772,168.9262631224579,172.05666119036957,22127270
2011-04-27,170.2646026611328,173.59498657312307,169.51853438813697,173.5103759683366,24888902
2011-04-28,171.90284729003906,173.51034521796706,166.90342519787995,171.979750751038,63212490
2011-04-29,171.4336700439453,173.51804175255774,169.68771487948746,171.67210046867984,26534112
2011-05-02,168.9493408203125,172.02590532119794,168.34941119448158,171.33368379514826,12139336
2011-05-03,164.25759887695312,170.4337981800011,162.50396224724736,168.59555095185385,34744754
2011-05-04,162.6962432861328,164.9036709235885,160.4118992747352,163.0192843108306,23253048
2011-05-05,158.44288635253906,164.1806825020001,157.05844328516153,162.59625428396294,26183866
2011-05-06,166.71885681152344,167.47260633124063,158.83516045533642,158.9043826134689,31367308
2011-05-09,166.59576416015625,168.19558069753492,164.01914332910957,168.19558069753492,11077110
2011-05-10,165.54974365234375,166.90342270040526,164.01914920831788,166.28811756304,11888525
2011-05-11,165.62664794921875,166.3957857697435,163.21154125022767,165.82662016782174,11803324
2011-05-12,161.8501739501953,165.97276469464964,161.51943873688853,164.59600304028757,12828887
2011-05-13,165.06520080566406,168.65708450821106,160.79647107414522,162.28859453395933,23128644
2011-05-16,162.71160888671875,164.10375902278264,162.2885817656143,163.596121313552,10263132
2011-05-17,159.9427032470703,163.48073989609907,157.36608244399616,162.75006023844003,19981456
2011-05-18,158.7890167236328,161.7886521025901,157.6814493132724,160.75031975828128,17008519
2011-05-19,158.45828247070312,160.5964880193203,157.48147805698696,160.5964880193203,9594981
2011-05-20,160.47344970703125,162.15017009106654,157.6737733435895,159.67353479761027,14523778
2011-05-23,154.8894805908203,159.50432152298367,154.28955088234613,159.50432152298367,20182530
2011-05-24,156.719970703125,158.58898123955274,155.07401500384734,155.07401500384734,14121596
2011-05-25,155.17404174804688,157.0584412123216,154.35105722792895,157.0584412123216,22213400
2011-05-26,157.86605834960938,158.7505709210453,155.96628310349735,156.6892686911515,24824552
2011-05-27,164.31143188476562,165.1651803791624,158.47366254965962,158.4813438590736,21147302
2011-05-30,165.78050231933594,166.6496393400695,164.61140690818073,164.9036839884108,12552633
2011-05-31,167.0726318359375,168.41093525947838,165.07285800922307,166.25734161439064,12853775
2011-06-01,166.85726928710938,167.44181040981988,164.4498568318198,166.71882499726314,14988578
2011-06-02,163.45999145507812,165.50149029169538,162.44703032311568,165.45473441648537,16240906
2011-06-03,163.22622680664062,166.4365310059758,162.24444496727708,164.41060872158337,12010872
2011-06-06,164.88592529296875,165.81316952201826,161.37174055070312,162.07302638113367,8044250
2011-06-07,164.5897979736328,165.7741796989879,163.6391825107033,163.6781435544409,7526590
2011-06-08,163.4833526611328,165.56381241762568,162.07301245279476,163.6547734214604,7484163
2011-06-09,163.31973266601562,164.70670152793414,162.46261575463797,162.85221316175816,11750871
2011-06-10,161.43409729003906,163.63142745085847,159.98478273077853,163.63142745085847,11831715
2011-06-13,162.01068115234375,163.00805257790688,160.19514080938774,160.54579023622716,10309585
2011-06-14,164.49632263183594,164.79242137478545,162.22885234202198,162.22885234202198,13611840
2011-06-15,160.69381713867188,164.2235910480189,160.07826139812082,163.78723780517385,10068916
2011-06-16,160.28086853027344,162.6807985892208,158.6601333152341,158.95623206420314,17063546
2011-06-17,160.85748291015625,162.05744144908417,159.5873840154325,162.05744144908417,8868018
2011-06-20,159.71205139160156,162.35352942991238,157.39783831815015,160.65487215856592,17278728
2011-06-21,158.02117919921875,161.76132196999643,156.3692779043299,160.0003454387817,25492472
2011-06-22,158.78482055664062,160.10945710000706,157.39785156098026,159.6341427244893,15268286
2011-06-23,160.54579162597656,161.44185648884778,158.07573443771653,158.3328590429658,16378895
2011-06-24,165.82876586914062,166.57679452751992,161.29383804066387,161.30941461435265,30416006
2011-06-27,168.2130889892578,169.04682141304744,163.19505248161363,164.31710189232743,31891365
2011-06-28,168.8208770751953,170.17667980839224,167.2702690855887,168.30660166112736,18590737
2011-06-29,169.43643188476562,170.5974292648942,168.85202924275794,169.84940068397867,23534104
2011-06-30,170.5896453857422,171.34546884047725,167.83907892056968,170.02083235787737,30256534
2011-07-01,170.62083435058594,173.19218555741563,169.56892508155664,173.19218555741563,15351198
2011-07-04,171.38442993164062,173.26228979090848,170.6831571789196,172.98178068982006,9907144
2011-07-05,171.00262451171875,171.71169207857423,169.56110490092468,171.71169207857423,11382959
2011-07-06,167.59751892089844,171.42337871959413,166.99753971109303,170.2234202999833,13279783
2011-07-07,169.8416290283203,170.51953043095898,165.68072193158105,168.21311192813775,21552668
2011-07-08,165.22097778320312,170.62080389069257,164.68333100438144,170.04420914166167,22574838
2011-07-11,164.2547607421875,165.18978660990354,163.07817377371032,165.18978660990354,11887007
2011-07-12,163.10934448242188,166.03912628614262,161.62106910519364,162.38468731733147,14191237
2011-07-13,164.2547607421875,165.2365424807872,163.062584123894,163.63139708514484,7449898
2011-07-14,166.60015869140625,168.92996149562794,163.03923116227983,163.61583901363483,13062016
2011-07-15,165.2910919189453,167.37153851824192,164.80018797481526,165.9689931880566,8569632
2011-07-18,163.2574005126953,165.11188888219914,162.36910429801577,164.72229147437983,8912761
2011-07-19,165.47032165527344,166.73261256044177,162.24444096271068,163.00026438784832,9965032
2011-07-20,162.90672302246094,166.59232772905193,162.43142185233646,166.12480830446222,9530686
2011-07-21,162.22885131835938,164.2781449508128,161.6444617402795,162.38469551441605,7679364
2011-07-22,166.44430541992188,166.74819898061844,163.07818332612752,163.31973136247223,14966286
2011-07-25,167.50399780273438,168.92992749252423,164.64434359893417,166.4209095930061,11831814
2011-07-26,162.0028839111328,168.25983970318546,160.94316697835163,167.67543707906762,23305628
2011-07-27,159.71983337402344,163.03921247314315,158.74583338328753,162.29896567932994,14696011
2011-07-28,158.55886840820312,161.37176779493717,157.39787075871124,157.72513579102173,21029090
2011-07-29,161.56649780273438,163.78721162863076,156.4004262154922,157.55362850055099,35954077
2011-08-01,162.90672302246094,165.14302666781853,161.87039069569042,164.06773329911854,11485974
2011-08-02,159.2211456298828,162.28338701795133,158.66011442307678,162.0574155702698,16090563
2011-08-03,156.143310546875,157.779622097561,154.3355651693879,157.779622097561,21226898
2011-08-04,154.7719268798828,158.17702295013132,154.2810360035065,157.1640618972966,14940392
2011-08-05,150.61880493164062,152.6758932953484,148.04745428593014,151.16424651427894,25544739
2011-08-08,148.187744140625,151.9434641028517,145.46054889674735,146.49688151999274,18978404
2011-08-09,146.51243591308594,150.7902385703206,141.88400998838927,142.59307750559316,29403467
2011-08-10,150.1824493408203,151.35124140211326,149.2474104603602,150.22141038405317,18588124
2011-08-11,146.88645935058594,151.1408776081456,146.4890671251552,149.37209311764263,21163912
2011-08-12,146.48129272460938,150.38507517422372,145.25016790734915,149.496791931753,26148012
2011-08-16,145.8033905029297,150.49416266147477,145.3436657708149,149.9331444227676,16205882
2011-08-17,141.78271484375,146.80073810313348,141.2918239650358,145.39819273537864,32595326
2011-08-18,134.61410522460938,142.59307652302522,134.22450783408925,142.59307652302522,43620357
2011-08-19,129.6818084716797,133.00118823626045,128.31041600053314,131.6843464717567,47374162
2011-08-22,132.61936950683594,133.6401255497871,128.63767807668756,130.12594059656743,20057889
2011-08-23,132.798583984375,134.53620245901016,129.61167713364307,133.55440747728213,25564489
2011-08-24,131.2479705810547,133.85828226073428,129.95450043961105,131.68432384494878,16749628
2011-08-25,129.9467315673828,133.0868958038433,128.9571547794297,132.44795543063196,31804679
2011-08-26,127.8272933959961,130.4064256844037,126.83770376195218,129.74411406532465,19450365
2011-08-29,133.718017578125,134.59850578566727,130.1259113272044,130.1259113272044,16352996
2011-08-30,136.0867919921875,138.19841817668225,134.02192168454894,135.58032448694115,19674077
2011-09-02,138.25294494628906,140.20872658840653,136.53871131540777,138.93084618980004,38295103
2011-09-05,137.6374053955078,138.5724444980969,134.86346739258528,136.6712000666414,18440438
2011-09-06,138.5802459716797,139.67111625798185,133.28949434847925,136.35953126614993,28641646
2011-09-07,139.84251403808594,141.2762387510913,138.71268288334693,139.32045692131373,18460090
2011-09-08,143.20867919921875,144.61901973191593,137.76208311328452,140.55161102807162,23734656
2011-09-09,139.75682067871094,144.26836388934439,139.27371149508053,144.26836388934439,17818630
2011-09-12,134.38815307617188,137.76207036324314,132.98559442165063,137.18547555899963,20189950
2011-09-13,132.83755493164062,137.19326752486242,131.2168325723669,135.96993746789607,14670975
2011-09-14,134.653076171875,135.369938561995,130.9129200221823,133.53102671125387,22201311
2011-09-15,136.5465087890625,137.51270085275198,132.60376613011763,136.35949838895021,15777349
2011-09-16,137.74649047851562,139.46851925934328,135.73615776321213,138.85295033882187,34330356
2011-09-19,133.9439697265625,136.78025251657,133.39854129193972,136.78025251657,11492277
2011-09-20,137.50491333007812,138.35423530176203,134.03748510250264,134.3725317651235,14962002
2011-09-21,140.44248962402344,141.00352085281983,136.68677025323876,138.21399359473685,17767211
2011-09-22,134.38815307617188,137.6997379106602,133.04792687423358,137.15430933270815,16171727
2011-09-23,131.48953247070312,134.9413717415677,130.64800515468298,132.19860005999425,16569982
2011-09-26,133.718017578125,136.28936801569418,129.8142360531682,131.5284696782143,22269373
2011-09-27,138.08152770996094,139.8425041758167,136.14911741380618,136.28157712034172,16565763
2011-09-28,135.385498046875,139.00877058993123,133.64789299199856,138.77500432079734,17561780
2011-09-29,138.8061981201172,139.58539301491717,133.7258416514515,134.35698716209734,25041192
2011-09-30,136.42184448242188,138.57243160252943,134.95695351230654,138.57243160252943,20190109
2011-10-03,130.76486206054688,134.02190882627986,130.28956082595013,134.02190882627986,14760988
2011-10-04,124.81958770751953,131.60639511686355,123.2923644394402,129.97008353830964,32054121
2011-10-05,121.43789672851562,125.29492313380746,118.65615088136954,124.82740359269022,46823914
2011-10-07,128.48182678222656,129.59608144342192,127.00915399609654,127.33640589619196,34183363
2011-10-10,131.31809997558594,132.1206661688567,127.18835970911567,128.551944063008,17562314
2011-10-11,129.73631286621094,134.1777410675098,129.2064609812676,132.77518272837892,16706844
2011-10-12,133.9751434326172,134.54395631600332,129.93110773674874,130.9050945171114,22795839
2011-10-13,137.11532592773438,138.51008952866727,134.9569441321588,136.43742465034535,32000985
2011-10-14,138.75942993164062,140.2554869947857,135.90755725904486,136.67117544023074,18327496
2011-10-17,140.07626342773438,140.73857500578853,138.2451467094274,139.4762712088838,14377132
2011-10-18,136.59327697753906,138.39322789098318,134.96475992523617,138.38543306482816,14456079
2011-10-19,140.9022216796875,141.48661120308793,138.38540877312056,138.38540877312056,14040647
2011-10-20,136.83482360839844,138.22180566393976,135.60369883862688,137.9724497009888,14801732
2011-10-21,135.66603088378906,137.65299220540211,135.04268021398013,137.13871678602763,10742424
2011-10-24,135.33877563476562,139.86592199622308,134.18557288907297,137.886755358254,17946791
2011-10-25,136.8893585205078,138.99318968220376,132.8764883550802,136.9828571869028,41863701
2011-10-28,145.4527587890625,145.70989651627542,142.0476620369148,142.0710465166593,37484238
2011-10-31,145.10989379882812,148.61628349524796,143.61383663635468,145.70987301316916,29742339
2011-11-01,139.4762725830078,143.91770077117118,139.08667522527332,143.05278914400355,29988117
2011-11-02,137.91790771484375,140.87106118227356,133.89725546610404,138.02699604072288,24366930
2011-11-03,136.83482360839844,138.94644983887028,135.4322780578444,137.13871719672997,26032380
2011-11-04,137.80880737304688,139.00877885308853,137.02181776159821,138.63475803166716,17798830
2011-11-08,137.34130859375,138.22959183035317,135.68162527968212,137.8399943784594,14542528
2011-11-09,134.35694885253906,138.59577676504856,133.60112557338005,138.1905897807149,30353092
2011-11-11,127.94418334960938,133.55440477559665,127.27407680148445,133.4375346990105,45793786
2011-11-14,127.94418334960938,130.8194278792652,126.81435208549524,130.57787982146868,29633483
2011-11-15,123.08979034423828,128.24808208743832,121.9833304352951,127.63251313985815,24873563
2011-11-16,122.9339599609375,124.82740961633368,120.55740108902825,122.64565601202675,28535793
2011-11-17,121.27426147460938,124.49234765897667,120.65091078607531,123.19108249791786,23036904
2011-11-18,120.011962890625,120.50285381569498,116.56790543220791,119.99637323903755,28100193
2011-11-21,114.01213836669922,119.37300337356989,113.12384215748897,118.88990729913219,26758259
2011-11-22,116.17051696777344,117.19125990158841,114.41732195680784,115.3289896402222,38140432
2011-11-23,113.24851989746094,115.32118489093195,110.6460029568396,115.31339006555486,35767616
2011-11-24,113.77837371826172,114.69782308518032,112.04855022723555,113.1394334410087,29724508
2011-11-25,111.92388916015625,114.4874451823232,111.05897738507133,113.03034898420451,27487955
2011-11-28,116.856201171875,117.46397520557396,113.45889982764578,113.76278030521233,31005744
2011-11-29,114.37834930419922,117.81461170030816,112.61737272436179,116.95749480759524,47558362
2011-11-30,111.0278091430664,114.42511065406492,109.85122206558381,112.82775993534347,175381222
2011-12-01,118.77302551269531,120.93140745726915,117.36268524308055,117.50293978749382,56778700
2011-12-02,122.75474548339844,123.42485206873637,118.1418953366598,119.26393183702696,38640305
2011-12-05,121.484619140625,123.15989176575535,120.261289407253,122.4897853314162,25876042
2011-12-07,119.66129302978516,122.47420453339397,119.15482561806823,122.17810583226367,35551543
2011-12-08,115.99129486083984,119.3184690900376,115.17313897871797,118.20421446323104,39494048
2011-12-09,113.9419937133789,115.62506124208416,112.53165351316397,113.91862231664884,41202469
2011-12-12,110.19406127929688,115.94453682375539,109.72655485128737,115.94453682375539,31186853
2011-12-13,110.09276580810547,111.03559962980147,107.55258786939008,109.08760608021872,32788915
2011-12-14,109.77330017089844,111.73687691223728,108.05906630022855,109.08761054620044,45207921
2011-12-15,108.86943054199219,110.00706307620736,107.3811616502385,108.77592533355423,27702009
2011-12-16,105.34746551513672,111.42520642534981,103.6098601707499,108.96294383590029,42420169
2011-12-19,102.41767883300781,104.72410365377289,99.89308390511242,104.72410365377289,34087234
2011-12-20,101.82550048828125,104.56827222603764,101.00733801547437,103.16571359204039,25864234
2011-12-21,109.45382690429688,110.49015940706808,104.66955662275956,105.3318748301964,43980706
2011-12-22,113.47450256347656,115.47702740479636,106.53184970898232,107.52922125585265,48452464
2011-12-23,112.47710418701172,114.44847563986765,111.31610682584015,113.51343665934924,30488474
2011-12-26,113.7004623413086,114.49524688934657,112.05635561868468,112.36024921352113,14152754
2011-12-27,113.15502166748047,114.38614633202117,112.41477482510847,113.31085278279606,18044147
2011-12-28,108.67463684082031,112.32907610995562,108.20711731639567,112.31348645842922,20522848
2011-12-29,106.8980712890625,109.24345735855881,105.534480211779,107.74740000919725,26730649
2011-12-30,106.69548034667969,109.05644944252364,106.0643283147291,107.58376354773344,14003913
2012-01-02,108.54995727539062,109.00968193962797,106.7655962375665,107.5525858522522,14927627
2012-01-03,113.10826873779297,113.60695447691582,109.86681143349452,109.86681143349452,18500311
2012-01-04,115.8042984008789,116.7237609696647,113.8251448568023,114.29266442846192,32952243
2012-01-05,116.58349609375,117.93929880806634,115.16534785111054,116.10038691172184,23203350
2012-01-06,117.14451599121094,118.90549273295265,113.45111557200354,115.6328690520966,22273933
2012-01-09,116.5367431640625,117.65877960231597,113.91863634385905,116.25623405449913,18357806
2012-01-10,120.69763946533203,121.39892525609369,116.88736926479247,116.9886627589356,22240036
2012-01-11,121.57814025878906,123.11315847138859,120.4872570689099,121.25867012716002,27287084
2012-01-12,121.77294158935547,124.17287170922046,120.6353155189453,121.53918836167634,27573436
2012-01-13,123.02745056152344,126.18320413942928,121.67944266538616,122.77031285660489,32983258
2012-01-16,123.36251068115234,124.11053932008761,121.13400133763044,121.86645340328181,27942612
2012-01-17,122.4196548461914,125.35723125109976,122.08459509855173,124.67153518532824,23766616
2012-01-18,119.94184112548828,121.85867540377478,118.74967726555825,121.5236155498183,24342285
2012-01-19,124.2352294921875,124.96768170683214,121.63271183908505,121.63271183908505,24162462
2012-01-20,131.28692626953125,132.71285606554056,126.85329269974044,126.85329269974044,53063989
2012-01-23,133.5154266357422,135.82965265018035,131.37263445834796,131.37263445834796,25234418
2012-01-24,138.3932342529297,139.47630970267986,132.00381757563989,134.02193216422623,46604728
2012-01-25,137.146484375,139.47627371589152,135.47121179956514,138.9775880476557,31109006
2012-01-27,138.3776092529297,138.77500143935418,134.66863295105395,138.38540407745197,25271570
2012-01-30,132.80633544921875,137.33346702376735,132.15181875366775,136.67115550454668,24137976
2012-01-31,140.59054565429688,141.32299767722694,133.85828829654793,133.98295318981573,56490241
2012-02-01,138.68153381347656,141.86845376396556,136.82704524756073,141.50222771511528,43818566
2012-02-02,140.62168884277344,142.0943743943017,137.02180100014306,140.09963180024033,46734902
2012-02-03,142.7957000732422,143.17750270147585,139.02437735632972,140.87886594856136,27169367
2012-02-06,144.62680053710938,145.998192959305,143.26320294109422,144.15149924004638,32126297
2012-02-07,146.13845825195312,147.4553000661913,144.30734097196986,146.4423387882073,21908854
2012-02-08,143.44241333007812,144.90730437742468,141.98531710862832,144.60342387455347,123255759
2012-02-09,146.4579315185547,147.22933165480978,142.30480588585192,142.76453065255197,31702544
2012-02-10,145.00079345703125,146.33321149148122,142.7956689442172,145.39818565138884,21887888
2012-02-13,145.65533447265625,147.39295289382682,143.21645636365832,144.7748461016758,26742848
2012-02-14,147.06564331054688,148.04742488576193,144.41637109648747,144.46312695959017,21797572
2012-02-15,152.90187072753906,153.80573043857902,148.37472503261102,148.37472503261102,30846134
2012-02-16,150.97723388671875,153.01873257013642,149.76168585100842,152.87847803359796,17470497
2012-02-17,152.9720001220703,155.41867293047608,152.02137144505957,153.47068585872412,23888958
2012-02-21,154.483642578125,155.6524479653654,152.09930208329007,152.2551462892067,17884201
2012-02-22,149.2474365234375,154.2810498610844,148.2422702053389,154.2810498610844,26260360
2012-02-23,147.10464477539062,149.46561379315932,145.25795115738873,148.35915397179545,31112955
2012-02-24,145.18785095214844,147.09687737496776,143.07622441480999,146.67611364865516,24143553
2012-02-27,138.29971313476562,145.30469829700928,137.4036481891226,145.30469829700928,27078117
2012-02-28,141.9385528564453,143.34109816319076,139.5074568866666,139.632121767904,27126286
2012-02-29,141.2372589111328,143.6761495638012,139.84249543165072,142.59306134785268,27450786
2012-03-01,137.68414306640625,140.64509111399465,135.59588847487703,140.64509111399465,22889075
2012-03-02,140.67623901367188,142.55409847357635,136.35948893243352,138.8529171657953,23122115
2012-03-05,135.6348876953125,139.75684734075884,135.35437853839818,139.75684734075884,22522533
2012-03-06,132.97000122070312,138.8529363135716,132.46352068002213,135.58031294081104,43440551
2012-03-07,134.04530334472656,135.25305666316177,131.44277320436254,132.61936029840436,33588164
2012-03-09,142.46841430664062,142.9203441492606,136.50755711779885,136.66338822978892,33285477
2012-03-12,144.7670440673828,147.1124364621679,143.22424405813496,147.1124364621679,30684005
2012-03-13,144.9073028564453,146.98776279216105,144.5566664804408,145.75663806323786,15392685
2012-03-14,148.65525817871094,149.23186609926424,147.21375145589602,147.54879821938573,28866101
2012-03-15,144.96182250976562,149.07598562367738,143.9332850009287,148.82664280097256,17542272
2012-03-16,143.01382446289062,148.6552107999627,141.88399346205375,145.86569692838916,26255856
2012-03-19,141.48663330078125,145.01639470252516,139.49189024347257,144.46317131330306,17366497
2012-03-20,141.595703125,143.6839576643253,140.26327195939643,141.77491870683988,15039469
2012-03-21,145.5618133544922,146.45789123926846,139.82692797048907,140.58275132361035,19473910
2012-03-22,140.200927734375,146.4578829229752,139.18018502545053,145.8734803552201,20007922
2012-03-23,141.8996124267578,143.90215027072531,139.80356282971178,141.3152097450012,18745826
2012-03-26,135.96994018554688,141.03472054700248,134.97256853573046,140.83213351768626,21647994
2012-03-27,136.81143188476562,138.4399617566914,132.77519045635412,138.2295668767962,45526915
2012-03-28,133.9206085205078,136.32053828253817,132.88427610589687,136.32053828253817,37140526
2012-03-29,133.35960388183594,135.63485591351284,132.01937779458947,132.6193570261331,46255594
2012-03-30,138.728271484375,139.35163522699787,134.49723732764588,134.64528670696507,32431927
2012-04-02,138.76722717285156,139.20358046796738,137.30233616679595,138.35425835476687,11001446
2012-04-03,141.5333709716797,143.18527225797897,139.9438021282612,140.41132160699811,17691256
2012-04-04,138.7360382080078,140.3879393667109,137.201020179602,140.09963549244958,14909625
2012-04-09,135.12057495117188,136.8737697772989,134.60631266474252,136.72572041226798,11466477
2012-04-10,134.61410522460938,136.29717275251036,133.25050781850618,135.7127701274474,20557586
2012-04-11,134.75437927246094,136.35952493894573,132.61936852272933,133.25832193740138,32322361
2012-04-12,137.03741455078125,137.90232630163027,135.5958949660329,135.75953398839155,17417158
2012-04-13,134.80108642578125,140.38014026988367,132.54142444685903,137.917878255566,24283341
2012-04-16,136.14134216308594,136.58549029506716,133.73363031075343,133.73363031075343,20013075
2012-04-17,137.988037109375,139.15682940868723,132.8531301240676,137.2945591714479,39678342
2012-04-18,137.33351135253906,140.0840779463973,136.6400333933608,139.17242332542415,19053287
2012-04-19,136.80364990234375,137.7075227132744,134.98812253340162,137.4503850168772,16033732
2012-04-20,134.18556213378906,136.98287145607637,133.32065033491816,136.0478323804628,16000858
2012-04-23,131.51290893554688,135.34656403951448,130.29737379177595,132.46353769422316,17939993
2012-04-24,132.1206817626953,133.00118323377825,130.64021409108273,132.46353640687033,17862146
2012-04-25,130.65577697753906,133.32063943298252,128.918171774466,131.69210947053017,29238880
2012-04-26,131.131103515625,131.78563349170648,130.20385925545986,130.92851650908096,24080837
2012-04-27,134.15440368652344,136.35952869734177,131.06877717381113,131.76225515545846,80624329
2012-04-30,137.50491333007812,138.54124569401807,135.65820695921673,135.65820695921673,28953732
2012-05-02,137.4582061767578,139.47632092776243,136.6400501340728,138.04260895520525,21254607
2012-05-03,133.6400909423828,137.09192947003285,132.62712998802903,136.37506720914817,25787019
2012-05-04,129.86878967285156,132.9544024203291,127.04808325821212,132.50247260886428,30391718
2012-05-07,132.19076538085938,133.08684312974782,124.20400079821027,127.74935075437214,36282735
2012-05-08,129.3701171875,133.08688915522075,128.72339509848914,132.69729170512986,21579195
2012-05-09,128.0922088623047,129.03504259677075,126.23772069179073,128.10000368690922,28400064
2012-05-10,126.87665557861328,130.35967341011187,125.69227388098949,128.41167358310105,20493286
2012-05-11,126.72863006591797,128.25586661192514,125.23257282288647,126.07411319619587,15680747
2012-05-14,124.7806396484375,129.33115678447447,124.06377727030451,127.00914888107987,25823094
2012-05-15,127.29744720458984,128.02209129785666,123.26898737806896,123.7676730906371,19189131
2012-05-16,123.79884338378906,125.00660973608083,121.55475760343903,124.51570575399943,25680253
2012-05-17,122.71577453613281,125.7312604663281,121.64827575012094,124.34429152709882,17934966
2012-05-18,125.48188018798828,126.2299085978277,119.73920088901461,120.01972298644701,24381560
2012-05-21,126.4013671875,127.60132557653337,124.21961396134026,124.21961396134026,17162794
2012-05-22,124.79620361328125,128.54414067598353,124.42218285012252,127.79611222822972,22998915
2012-05-23,123.62741088867188,125.42736146889546,123.14431485643742,123.5806680975298,14613428
2012-05-24,127.88185119628906,128.72339160536015,123.39367927646741,124.8274041316078,16923032
2012-05-25,126.94682312011719,128.47405986348232,125.48972673894455,127.47667516067374,19192052
2012-05-28,130.03244018554688,130.37528175168111,127.32083464691324,127.34420604687821,15097219
2012-05-29,130.7025146484375,131.52067038911252,129.97007581753093,130.51550425893814,14274419
2012-05-30,127.35981750488281,130.50777690561682,126.7130822356374,129.95454033080688,18202316
2012-05-31,124.57637786865234,127.04165727217861,124.21851645176078,127.04165727217861,39922690
2012-06-01,124.32984924316406,126.57245629387805,123.88450467057898,124.69566609235083,22170296
2012-06-04,125.46709442138672,126.42934273592431,122.05545035695276,122.46103116730141,19790419
2012-06-05,125.97604370117188,127.79717277456898,125.20464602698001,126.71561960285118,20350445
2012-06-06,128.57652282714844,128.95029520347526,126.6679237708723,126.7633490518651,28167216
2012-06-07,132.0199432373047,133.2048635848112,129.6262362167874,130.10337585407848,25033805
2012-06-08,131.87681579589844,132.91859171784284,129.30814211379484,132.91859171784284,18841009
2012-06-11,131.49510192871094,134.95445187644899,130.8986705675519,133.37986133669642,18055312
2012-06-12,133.45144653320312,133.84111648395174,129.63422138212968,129.90461305795316,17886242
2012-06-13,135.0896759033203,136.41774133615377,132.83115710974994,133.3957801341115,25697248
2012-06-14,130.23863220214844,135.03400366891182,129.7853320067132,134.71590599643193,19523289
2012-06-15,134.5091094970703,136.07575781239754,130.92251278898044,130.9940850803588,21824440
2012-06-18,129.87277221679688,137.4515325162274,128.8628047658544,136.4654180447049,26764353
2012-06-19,131.50303649902344,131.90066179270127,128.5128846799645,129.30813526732015,16859507
2012-06-20,132.48916625976562,133.50708926478237,131.50305168014825,131.89272157636452,12698994
2012-06-21,135.13734436035156,135.82921426807985,131.662097284232,132.33010086365556,19538656
2012-06-22,135.46339416503906,135.8292110431091,132.48915318111867,133.43550379855316,16548279
2012-06-25,134.69996643066406,138.48538265437435,134.07966875994566,136.13142567418177,17258890
2012-06-26,134.25465393066406,135.30438551707454,133.34011150930533,134.000173141593,12241757
2012-06-27,135.59063720703125,137.15728538250852,135.0816757697612,135.20096736076258,16390385
2012-06-28,136.29840087890625,138.37401023149533,135.59062021201427,136.79940681103494,21821090
2012-06-29,143.0660400390625,143.9328630429337,138.37405018821923,138.37405018821923,26272482
2012-07-02,142.25486755371094,143.78175199814518,140.6166469509497,143.30459894075213,25763358
2012-07-03,143.40005493164062,144.871264801095,142.82746318457356,143.12966327207613,17527620
2012-07-04,143.59088134765625,145.10186818296472,142.58091387526886,144.57699584011718,19609062
2012-07-05,146.46176147460938,146.94685662559394,142.1912502993783,143.43978767039928,20610463
2012-07-06,148.72825622558594,149.18949846093844,144.9587505533016,146.46178222534326,27997271
2012-07-09,147.9170379638672,149.95288339316295,146.97864296406158,147.83751024902492,26408041
2012-07-10,149.9687957763672,150.30280420294307,148.1397248941681,148.71230314083715,25745714
2012-07-11,148.95883178710938,149.507557068653,147.99658369493494,148.87136196857924,20032639
2012-07-12,147.5751190185547,148.71233365138306,146.66057671579478,147.6784997400737,17641354
2012-07-13,147.288818359375,148.9508919138008,146.8434737339404,147.90116054531825,11895856
2012-07-16,146.3424835205078,148.71233813562856,145.8414774367763,147.91708741743824,11950724
2012-07-17,146.787841796875,148.23519877203006,146.07210540572856,147.72623719737808,12351042
2012-07-18,149.38037109375,149.82570246679913,146.82760774003017,146.82760774003017,19347801
2012-07-19,151.23329162597656,152.19553991531865,150.39032159980306,150.62094937856614,17223024
2012-07-20,148.73619079589844,152.21145164363304,148.26699314014607,151.97286841985795,19528844
2012-07-23,145.2132110595703,147.86935462326187,144.67244115441966,147.7580184650198,17632895
2012-07-24,145.7460479736328,146.60492894781797,144.73608029889903,145.37228892229768,11203478
2012-07-25,146.00051879882812,146.70829967614617,144.3145920904895,145.67446573913463,11564822
2012-07-26,144.21913146972656,147.12181348559886,143.30458928369094,146.95480258533354,34698053
2012-07-27,147.63873291015625,150.92312969071912,146.6526183316518,148.23517759288418,38883861
2012-07-30,153.40432739257812,154.21548899479495,149.98474131020976,149.98474131020976,40639208
2012-07-31,152.91127014160156,154.796016122835,151.17761084423202,154.51768238911916,32326305
2012-08-01,152.62496948242188,153.48383694908688,151.41618266603317,151.41618266603317,16975645
2012-08-02,152.51365661621094,153.24529050237416,151.7422588581423,152.35460112858925,13503539
2012-08-03,149.49964904785156,151.41621709418604,148.3147282903775,151.09810609518723,20106465
2012-08-06,151.73426818847656,152.68857419654032,151.1298815023334,151.487742918343,18837725
2012-08-07,154.96299743652344,155.38448906262698,151.8217589133633,152.68858179708135,21468397
2012-08-08,152.41024780273438,155.869610887572,152.06034178147414,155.5514999430891,18885493
2012-08-09,151.5195770263672,154.91531002918688,150.9151902377608,153.34070618374085,20166140
2012-08-10,151.85357666015625,152.9589694516146,148.71232459604724,152.21143811595422,24225063
2012-08-13,150.9310760498047,151.8138098557329,148.90318560747968,151.25712907522973,19828479
2012-08-14,154.24728393554688,154.82781770745925,151.11398731660154,151.44799579113857,12958462
2012-08-16,152.11602783203125,155.20160544701108,151.5831999692904,154.50178000446286,14593001
2012-08-17,153.03053283691406,154.12004137502265,151.45594252303877,152.32276540953856,16247143
2012-08-21,155.10618591308594,155.71057274837483,152.47389497321737,153.642918119369,11457798
2012-08-22,154.89141845703125,156.2990244999918,153.77011489681638,153.99278719003112,11877387
2012-08-23,154.89141845703125,157.28513893506104,154.12797631517674,155.44809919006812,22625014
2012-08-24,151.7899627685547,154.5176786768387,151.44799884409883,154.10414245982918,14489772
2012-08-27,148.7520751953125,152.33865822447933,148.31468604433672,152.33865822447933,13891509
2012-08-28,146.70034790039062,149.45987248524239,146.10391652402205,149.03043869072255,19070854
2012-08-29,145.75396728515625,148.21130463082284,145.41995884177794,147.16155999504602,13951624
2012-08-30,146.3186492919922,149.94499730313373,143.9408389283357,145.165523589558,30491835
2012-08-31,143.4875030517578,146.74009117788506,142.35824396461925,145.6187875335419,19478376
2012-09-03,143.59088134765625,145.65854894840027,142.45368018491683,143.97260911482869,13718111
2012-09-04,145.15750122070312,145.4994650558039,141.952633083473,143.59085328901398,14125210
2012-09-05,139.9088592529297,144.6247148417341,139.4317195670619,144.1952811156182,33446655
2012-09-06,142.58091735839844,143.52726800872836,140.92679925506434,141.71409444051045,15364459
2012-09-07,149.1656036376953,149.6666229980543,145.84939873808318,145.98460121846352,25978452
2012-09-10,148.60096740722656,150.44594917826453,147.19337476427603,149.92904567529865,13318657
2012-09-11,150.43008422851562,151.08219034095282,147.59897409747578,148.01251033748514,13007412
2012-09-12,150.95494079589844,152.65679169350025,149.74616721839115,151.24124332537076,17858472
2012-09-13,152.60110473632812,153.4838385404809,151.89333728288054,152.0205709764205,20175160
2012-09-14,160.32301330566406,167.8620235947713,156.6807552053597,157.10224685712285,45380571
2012-09-17,168.69703674316406,170.1364379969886,163.82212549909406,163.82212549909406,42722014
2012-09-18,166.85202026367188,167.95742625377818,165.62733603646086,166.9951648266431,15733366
2012-09-20,162.63722229003906,165.7148444589444,162.1282607591159,163.98119841550616,16886831
2012-09-21,169.4684295654297,172.76873723526342,163.75851687692642,163.82213372770266,32631197
2012-09-24,170.33523559570312,172.87208721285484,168.36300678788726,169.4683994287745,26437147
2012-09-25,169.6911163330078,171.9735011924298,169.20602111948003,170.93171176902393,20529877
2012-09-26,169.4684295654297,170.3591188685345,167.59163903111505,169.01514281857476,16583418
2012-09-27,167.85409545898438,170.50228400936984,167.26560614821852,170.0251308749127,25812880
2012-09-28,168.40280151367188,170.75674513774428,167.61549292580642,169.0708051465784,22840686
2012-10-01,167.10653686523438,168.73681550179916,166.36696091370376,168.59365756001986,11890164
2012-10-03,167.48031616210938,169.07081764611888,166.40671831676067,167.3530824504576,14719534
2012-10-04,172.31541442871094,173.98545665191637,168.15623977741035,168.15623977741035,26381146
2012-10-05,169.6593017578125,174.95569182706868,137.85713505520343,174.95569182706868,24384492
2012-10-08,167.3530731201172,170.18416987519294,166.88386212739485,170.18416987519294,12172028
2012-10-09,169.2537078857422,170.7646948112368,168.28350422069587,168.593646370484,11088011
2012-10-10,167.67117309570312,168.54595154509406,166.78843920265012,167.9972261533092,10838525
2012-10-11,168.26759338378906,169.83424171558005,166.7168559382755,168.5936464199456,23597805
2012-10-12,166.16812133789062,169.05489253998087,165.9056851653264,168.73679496466025,11267652
2012-10-15,167.5438995361328,167.89381886936846,164.14022490484967,166.22378997528327,9156532
2012-10-16,165.92958068847656,169.06287772903775,165.42856123522458,168.75272219378363,10115490
2012-10-17,166.9315643310547,167.75068127541664,165.746643849551,167.52005352446847,8096214
2012-10-18,169.38095092773438,169.67519553235303,167.33714958130037,167.83815561422347,24908741
2012-10-19,168.16421508789062,171.13846967180763,167.01905839731825,168.75270431968326,14180017
2012-10-22,171.0748748779297,171.92580047676464,167.0031820722603,167.44852680989587,25355198
2012-10-23,171.6872100830078,173.0232307884582,170.47046764457352,171.5838160077721,12511774
2012-10-25,172.911865234375,173.66735197202473,170.20004706454176,170.20004706454176,22144919
2012-10-29,169.9376220703125,172.4744738627704,169.11850515040567,171.2974955110821,12828508
2012-10-30,166.2317657470703,172.93574900880375,164.2436388865824,170.50227746018723,22333806
2012-10-31,167.0349578857422,167.78250259908972,164.7366756864548,166.36695425779638,11476465
2012-11-01,168.17214965820312,168.75268337468873,166.2555955191856,167.32122434108183,7583587
2012-11-02,171.71900939941406,172.14844317323107,169.48434399957642,170.50226702553957,11431942
2012-11-05,171.40089416503906,171.9178111086481,169.77858438842128,171.1384713196289,6995868
2012-11-06,171.885986328125,172.96752607629307,169.89785982810167,170.42271881704,9482401
2012-11-07,173.83436584472656,174.9159056148778,171.78260911047474,172.74487063184077,14058995
2012-11-08,171.13845825195312,172.2359089058929,170.3750160598287,171.77465340469433,8693828
2012-11-09,168.4664306640625,171.45658306184228,167.71888589058736,171.1861914027414,8468267
2012-11-12,168.33917236328125,170.3273124317553,167.50415780590117,168.83223633270214,11718536
2012-11-15,167.7427520751953,168.1721858733368,165.96138667885776,167.76660505907194,9099585
2012-11-16,163.39271545410156,167.32921870103542,162.5497453831868,166.62145113591288,13092530
2012-11-19,162.41455078125,164.36292707717683,161.62725549747793,163.5199570345188,9793987
2012-11-20,162.8837432861328,164.48220013461273,161.4363864737675,163.94938563447266,8967777
2012-11-21,166.1204071044922,166.52598786574347,163.27339968085266,163.82212502277397,9800725
2012-11-22,164.2356719970703,167.63936042877444,163.82213576576135,166.2874289186339,15855147
2012-11-23,163.0427703857422,165.24561364718187,162.26341735809478,165.03089679578113,12372706
2012-11-26,161.96124267578125,164.61739973024902,161.43638362848927,164.61739973024902,11108696
2012-11-27,164.47425842285156,164.97526449783015,163.0666521290701,163.88576916421522,30901959
2012-11-29,172.05299377441406,172.72895276642865,166.3112599972368,167.00312987407753,50446946
2012-11-30,174.9318084716797,175.74295658803553,173.47649644038006,174.9556614507303,22979440
2012-12-03,175.32150268554688,177.12672095141633,173.87414589546125,174.16043507608836,17887342
2012-12-04,178.03330993652344,178.55021350894214,174.24789393102475,175.27377232900568,16095821
2012-12-05,178.10488891601562,179.4091010825917,176.25193803645863,178.43888405287305,11804232
2012-12-06,180.63375854492188,181.79482595148679,175.27375274410807,180.0452693995545,15910317
2012-12-07,179.99758911132812,182.02547964095723,178.47864672685202,181.36541811881352,16483456
2012-12-10,178.36729431152344,181.37335703365864,177.85039077025596,181.31768228425574,11639776
2012-12-11,178.5581817626953,182.82869322316688,176.2917079321824,178.92399868515045,19806627
2012-12-12,177.05514526367188,180.17254446111494,175.96564997024615,179.46476361852473,16439901
2012-12-13,178.33547973632812,180.27590019094075,177.42093758247498,178.1366737691751,15190774
2012-12-14,180.68943786621094,181.23020772081748,177.0869306201477,177.50046679040332,15357897
2012-12-17,181.96978759765625,182.74912724464252,179.76693108031583,179.76693108031583,9314893
2012-12-18,182.74119567871094,183.44897648542272,177.9458255420574,182.43105353738233,15076039
2012-12-19,181.118896484375,184.28400166865748,180.21230964047976,183.71937875759036,9690604
2012-12-20,181.26199340820312,182.11291862079355,179.74306474043559,182.08109685563934,12803494
2012-12-21,178.75698852539062,181.15865133483092,177.69134625917192,180.34748980770485,11991144
2012-12-24,178.3752899169922,179.72722156729867,177.2142221892367,179.6795022496457,7691233
2012-12-26,182.69349670410156,182.9082135827848,178.29573836852958,179.09098903359177,7557676
2012-12-27,180.7530517578125,183.51257573374602,180.124798744427,183.26605046329715,16870650
2012-12-28,181.5642547607422,182.35155005718283,179.69540617711738,181.73125234396704,7501631
2012-12-31,181.03936767578125,181.93799907098025,180.39521703083798,181.55628461962624,5533500
2013-01-01,184.2521514892578,184.8088321788527,181.8107252446744,182.33558416795842,7229216
2013-01-02,186.72543334960938,187.20258644014703,185.29397407799638,186.08922477953925,10345197
2013-01-03,186.415283203125,187.36163390010543,185.34168545835314,187.21053387062904,9034338
2013-01-04,188.06143188476562,188.4590571887901,185.30190773649608,186.55045839908428,12765126
2013-01-07,188.0216827392578,188.9521359010807,187.20257908718182,188.9521359010807,9683993
2013-01-08,187.60816955566406,187.99783946766806,186.12899095227846,187.54455270228786,8639152
2013-01-09,187.75131225585938,188.93623286729255,186.67771446268162,187.40139286970037,19800115
2013-01-10,187.60020446777344,188.95213594684634,184.6975355160324,188.67380221658925,12068754
2013-01-11,185.06333923339844,188.37954417053905,184.35555844523594,188.31591397691017,9227372
2013-01-14,188.49884033203125,189.58833564521058,185.29397124410937,185.29397124410937,14894011
2013-01-15,191.55262756347656,192.63416746045493,186.74134608856647,188.1887029136493,17996797
2013-01-16,187.65586853027344,191.97408556514677,187.10714319624375,191.5526072721374,18080590
2013-01-17,184.89634704589844,188.82489455247716,184.2124325166354,187.24234860737064,13615173
2013-01-18,187.0753173828125,188.66583194687908,185.37348001383882,185.37348001383882,18630606
2013-01-21,187.29006958007812,188.06940939426318,185.29397403503546,187.67973948717065,9208034
2013-01-22,186.1130828857422,190.04163025443728,185.1349237651869,187.07533111982343,10433076
2013-01-23,187.83876037597656,189.58831706033226,184.75318319835114,186.88446765110288,7832247
2013-01-24,185.21444702148438,188.7374271304827,184.117009592065,187.6558872402394,12884718
2013-01-25,186.55841064453125,187.6797142496247,185.07127681617973,186.12102148279445,8369614
2013-01-28,189.3099822998047,189.9700437741173,186.4311665596748,186.66179430796953,15775364
2013-01-29,191.0515899658203,195.31414564315162,187.99782112499642,190.20067792777135,27676544
2013-01-30,192.8806610107422,194.44730918863405,191.47306828776397,191.6559767216916,16929517
2013-01-31,189.453125,195.95034562057756,188.6817273804965,191.97407927683005,38534611
2013-02-01,186.2720947265625,191.38557516834328,185.71542735941964,189.90641023716313,13833055
2013-02-04,187.9580535888672,191.3060669675562,187.36162229919807,188.31591503228032,21575075
2013-02-05,185.4609832763672,187.56840162027515,184.8247747122137,185.45302783285263,12408572
2013-02-06,183.74327087402344,186.56641272676146,183.0354898755391,186.56641272676146,10558658
2013-02-07,182.0890655517578,185.60408944380532,180.76894273177308,183.2819546940874,16021500
2013-02-08,179.75103759765625,182.86843653155688,178.90012558748998,182.27994734437908,13064034
2013-02-11,178.56613159179688,180.419069128387,177.66750020100284,180.09301608584693,12921150
2013-02-12,179.54429626464844,180.36341329197396,177.19829469611503,178.37527320215182,14740935
2013-02-13,181.73126220703125,182.33564906509386,179.9498967143581,180.84057278666413,18682229
2013-02-14,179.122802734375,182.87639691668366,178.23211348688616,182.59009440994902,11742126
2013-02-15,178.43093872070312,179.88625089082072,176.72114580689313,179.09098688723049,10179257
2013-02-18,178.4547882080078,179.7271919015569,178.0571628880274,178.8365026420432,8438243
2013-02-19,179.94984436035156,180.3633805206465,177.2777902247098,178.65357448091837,9649772
2013-02-20,178.3832244873047,180.97575130873014,177.92992439279777,180.68150668908024,8424042
2013-02-21,171.7110595703125,177.23806409818968,171.13848118650156,176.90405559161331,18339766
2013-02-22,173.770751953125,174.79663041649317,171.30547214209662,171.30547214209662,12275747
2013-02-25,173.98548889160156,175.24993727170718,171.9655403128875,174.79663715254213,13709701
2013-02-26,169.22984313964844,173.182256513292,167.4087141909693,173.0470540335496,11043499
2013-02-27,172.275634765625,173.19813228792705,170.0250723769277,170.11255553823585,14729671
2013-02-28,165.4762420654297,174.1285997390168,163.82211074093206,173.6832551499531,37422676
2013-03-01,168.0131072998047,169.714958066687,166.61346992617547,167.87791816297914,19070529
2013-03-04,168.37892150878906,170.16029998002602,166.47827813645733,167.7188600248343,16475178
2013-03-05,173.93775939941406,174.73301007430769,169.60363120799047,170.18416500154638,21050260
2013-03-06,176.2837371826172,176.54615999245624,174.31945039354773,176.3473540245141,19993539
2013-03-07,177.6833953857422,178.48660149054015,174.6375818812848,175.28968795772644,13692519
2013-03-08,181.20635986328125,181.7630406591997,178.00944636740184,178.00944636740184,15786001
2013-03-11,180.037353515625,183.13088635214984,179.25004494380363,182.2242995239191,16292661
2013-03-12,178.62973022460938,180.96777603894805,177.34141572436658,179.72718084554623,13388914
2013-03-13,172.68125915527344,177.29373458592775,172.20410606423818,177.16648753255714,14724347
2013-03-14,176.64955139160156,177.50047675870152,168.59363782386325,172.88801517691203,32873681
2013-03-15,169.7865447998047,175.41692989288453,167.95746018338764,175.13064070910787,39011340
2013-03-18,167.22581481933594,167.90972930548295,164.68896286176263,167.16219797133593,23564761
2013-03-19,164.2356719970703,170.48636803911262,162.4065874040531,169.5479594122215,34783644
2013-03-20,159.29714965820312,164.57762840605702,158.5018856577421,163.98118374272596,18850507
2013-03-21,164.67303466796875,168.4743478313476,160.82401554763337,161.2136853857511,36062972
2013-03-22,163.55972290039062,166.8441065767936,161.8340189228417,165.88981370084582,20358745
2013-03-25,161.05465698242188,166.78843611109536,160.45822563583965,165.46831301781643,15002658
2013-03-26,162.374755859375,163.344959425853,159.3925595270453,159.5834234026327,14911814
2013-03-28,166.2396697998047,168.0130792120123,160.02079702071612,163.03480148173034,30690621
2013-04-01,167.2496795654297,168.59365565127982,165.17406963193667,168.11651590965678,11418841
2013-04-02,166.5100860595703,167.64728723284017,165.27743292153625,167.43257036733922,8498853
2013-04-03,164.04481506347656,169.0310496411008,163.07461131764362,166.85205892383107,14162923
2013-04-04,160.4502716064453,162.70879000480346,159.46415699955236,162.03281756517714,18866171
2013-04-05,158.75636291503906,160.45025824679792,156.66485561386736,160.45025824679792,28818724
2013-04-08,157.31695556640625,159.86176283873866,157.0306664167761,158.20763143769355,12105428
2013-04-09,157.4680633544922,162.19186125261328,156.37856810438782,158.50188385161104,20901188
2013-04-10,159.7345733642578,160.21171318034334,156.14002041755222,158.66097540791094,22694012
2013-04-11,165.44448852539062,166.84412625065883,162.90762262348758,163.01101671086303,30178714
2013-04-12,166.26351928710938,167.14625292793778,163.233617354627,163.99705941878932,11153571
2013-04-15,166.54193115234375,170.00923688280372,164.0607401406029,165.0150464294357,20935975
2013-04-16,171.59970092773438,172.5699045452459,166.11246098938125,166.2078862581656,31681606
2013-04-17,174.58189392089844,176.79270607668434,171.94960348468234,171.94960348468234,26780105
2013-04-18,178.5581817626953,179.281860164061,172.09276876749297,172.09276876749297,20986465
2013-04-22,182.66168212890625,184.45098939101925,177.5720540173736,178.9637493084025,19837163
2013-04-23,184.7054901123047,185.27808184618766,178.8762854844621,182.90822721279176,22457715
2013-04-25,187.25823974609375,188.952135146413,184.8168129900505,186.10512761356011,34175350
2013-04-26,182.03341674804688,189.07934920720803,178.9319287899283,186.4868360390919,38868885
2013-04-29,183.41717529296875,184.49871513088638,180.28387859224168,182.92411133728982,12108723
2013-04-30,185.07925415039062,186.40733267772384,181.65171273761345,184.10109500267106,16337541
2013-05-02,186.35958862304688,188.7930596781094,184.49869585198547,184.5305042735347,15253199
2013-05-03,179.71925354003906,186.0892280561926,178.43889428182544,185.71546902960574,21828449
2013-05-06,181.73919677734375,182.7491643556026,176.42690933905578,179.32957837014288,13608061
2013-05-07,185.12696838378906,186.40732756330522,181.63581021525357,181.79485233975117,16100205
2013-05-08,184.17266845703125,187.0117206407449,182.2083947057692,186.0892228953048,13112506
2013-05-09,183.32968139648438,185.31782129332566,181.92208860082954,184.4987043455086,8672928
2013-05-10,185.34963989257812,186.07331826302834,182.96387455499473,183.38536621619633,10691846
2013-05-13,182.7173614501953,187.12306216459828,182.15272516584972,184.65778227456363,10484056
2013-05-14,182.50265502929688,185.5405268217195,181.61992107740772,183.385388981186,11398414
2013-05-15,189.46905517578125,190.66988663931403,183.22631464525006,183.37741467712084,19773429
2013-05-16,192.05361938476562,193.88270388950738,188.4431696856846,188.47497810993332,16552888
2013-05-17,195.70384216308594,196.72972062264552,191.34584757082067,191.67190061979096,15429496
2013-05-20,192.41946411132812,196.3321010806043,191.43334942478174,195.46527801328537,15072865
2013-05-21,192.61029052734375,196.61836535077265,191.21063984218586,192.4194266433571,13731074
2013-05-22,192.4671630859375,195.15511519417188,191.56851833669097,193.2465028805057,14560749
2013-05-23,186.45504760742188,191.87868479370536,184.8565907101384,190.8607617278122,18462532
2013-05-24,191.52078247070312,192.56257171862364,187.3139016577596,188.69764146114892,14106999
2013-05-27,193.94631958007812,194.8369954979007,190.03366985190604,191.49693744696322,13687630
2013-05-28,195.94239807128906,196.9682764577651,194.02584378319975,194.5984221019553,14966160
2013-05-29,193.2305908203125,196.02987888140996,192.1490376947538,195.63225357062137,11424242
2013-05-30,191.2738800048828,193.6429712402348,189.5678096857099,193.24676555335282,23897703
2013-05-31,186.68931579589844,192.24414837840044,185.64626637771633,190.9827881849909,18191398
2013-06-03,185.1853790283203,187.26338911226125,183.48739740888024,185.96968818452234,13596192
2013-06-04,184.0614776611328,188.581349262049,183.49549281464314,185.96969508249956,12805567
2013-06-05,183.4469757080078,185.12070517073283,181.11831394001157,184.33639598150143,14967551
2013-06-06,186.7135772705078,188.03961909145283,181.61152998549267,182.41201638092397,10282987
2013-06-07,184.6274871826172,187.23106649036376,184.14234759110948,185.48456667523152,13126982
2013-06-10,180.76255798339844,187.23107719224828,179.35565715905267,185.3228595470499,16822921
2013-06-11,174.08380126953125,179.9782328747263,173.5663208640605,179.01604232169547,31926708
2013-06-12,174.85194396972656,176.10521553376174,172.8386154387169,173.07310340877947,17971541
2013-06-13,172.84669494628906,175.1996088371998,172.38580763037112,173.03266487826858,14672218
2013-06-14,178.23171997070312,178.60365980460452,173.84121221088992,175.7655930285168,19640098
2013-06-17,178.1185302734375,178.8300555855433,174.66596050395546,177.8840423215308,14558142
2013-06-18,176.42054748535156,177.79510732424203,175.4664455551789,177.38273801542726,10463062
2013-06-19,175.7332763671875,176.42863810877293,174.32637568402504,175.7494535671791,7688026
2013-06-20,169.17581176757812,172.7092404216184,167.64762290870013,172.7092404216184,26143441
2013-06-21,168.96560668945312,169.79842036940278,165.94156949223284,167.56678099392485,22564300
2013-06-24,169.6609649658203,170.44527417121748,166.442882858001,167.61529558032547,22071538
2013-06-25,167.02503967285156,170.84954952186982,166.26498272004937,170.60697295636763,28836703
2013-06-26,165.94155883789062,169.2809290864697,165.15724966673736,168.14894584242265,22165990
2013-06-27,166.65310668945312,168.82813941174496,165.7879386177383,168.34299983215013,34649395
2013-06-28,173.1539764404297,174.0272195924643,168.82814939747126,169.4750067323498,26626495
2013-07-01,172.69308471679688,173.65527530853788,171.25384312939607,171.84409381652407,11799568
2013-07-02,174.50425720214844,175.29665500152785,172.81436408924444,173.1296973461095,15842376
2013-07-03,172.06239318847656,173.30757614057336,170.80103303660974,171.67428968023555,18527223
2013-07-04,172.01388549804688,173.00034188491628,169.1839203718992,172.06240352879638,16176704
2013-07-05,170.049072265625,174.16466335689083,169.6447915395721,173.67952377133196,15904383
2013-07-08,166.23263549804688,168.00340092937577,165.12490451070101,167.291862031339,19362282
2013-07-09,167.26760864257812,168.50471659929272,165.85263291250274,168.01957702243268,21259342
2013-07-10,167.94680786132812,169.79841872270399,167.37273439403845,167.68806765674472,11910833
2013-07-11,171.08404541015625,173.62294320970994,169.79034427937273,170.97084571299533,11951973
2013-07-12,171.480224609375,172.7900891677117,170.04098317223455,172.7254075140477,10987867
2013-07-15,171.5853271484375,172.12705972099013,169.89543420886017,170.76867720428385,10010192
2013-07-16,162.27069091796875,167.53444259581235,161.24381867492792,167.37273844620577,35235590
2013-07-17,158.5189208984375,163.59670165899243,156.5621992746117,163.15199158214682,33010593
2013-07-18,159.19813537597656,160.34629581000146,154.17696071633273,158.47852143697187,40802025
2013-07-19,155.131103515625,159.88546421220656,154.32254191029006,159.12540707458564,29801794
2013-07-22,157.5810546875,158.06619436669178,154.66214158202183,155.24430376846013,14668846
2013-07-23,160.03903198242188,160.7667480670266,158.9232259861154,160.09563860648495,19862078
2013-07-24,153.91822814941406,157.18481470692188,152.4547208285226,157.18481470692188,25522145
2013-07-25,151.1772003173828,153.94248373292206,150.04520343045314,152.17173171495017,29546368
2013-07-26,150.64352416992188,153.9020353689827,148.67062524647886,152.6649275457824,24788945
2013-07-29,150.16650390625,152.15556686280866,149.2770835249709,150.50610299988932,17053421
2013-07-30,149.75411987304688,152.7134617867344,149.26089169694006,150.59502213812553,23377365
2013-07-31,147.0050048828125,149.58433196200076,144.26397365404372,149.58433196200076,42761911
2013-08-01,147.83782958984375,149.90775124049912,144.24780753055373,149.90775124049912,29563572
2013-08-02,143.45541381835938,148.7515063853242,142.9864514220426,148.45233674086157,32469283
2013-08-05,145.93768310546875,147.07775488173422,140.34242172828291,144.07798385540443,13765306
2013-08-06,140.09988403320312,144.8946599524378,139.49345612482242,144.8946599524378,24008127
2013-08-07,140.40711975097656,142.2587306177087,139.1538481537263,140.36669032156752,24653909
2013-08-08,141.5067596435547,142.99450547571928,139.4368246657893,140.69010969140348,23881990
2013-08-12,140.21307373046875,144.14269519109763,139.3317419478639,143.0349640121667,31439567
2013-08-13,144.3367156982422,145.1614542000469,137.63372375720462,138.76572044036294,22996369
2013-08-14,146.503662109375,147.79736281413614,143.36642602528997,144.7328969705854,24325284
2013-08-16,138.8465576171875,144.95929863537285,138.42611336350944,144.57119520340282,34698262
2013-08-19,131.8524932861328,139.33170573606046,130.98732535870352,139.33170573606046,32644062
2013-08-20,134.2863006591797,135.0059282809204,127.57521835228385,128.8770080949522,36937593
2013-08-21,134.14883422851562,142.31533452641966,129.97665019374554,140.41520566643155,63672988
2013-08-22,134.3994903564453,135.1191179246375,129.69364856233312,133.73646941884115,41854169
2013-08-23,137.94906616210938,140.04323960232145,132.83085616834902,135.19185835909096,43210046
2013-08-26,134.29437255859375,138.78999194932686,132.78236080951535,137.86823084866663,36175271
2013-08-27,129.79066467285156,133.25130934834021,129.37020680838685,132.42658438898914,39921134
2013-08-28,128.7799530029297,130.7690154602965,122.40038280424702,128.07650276103413,43588979
2013-08-29,130.5345458984375,132.28103188344588,128.17352995036214,131.69886988844308,30345694
2013-08-30,129.97665405273438,133.80115054337384,128.80422773043287,131.12481457424786,81385683
2013-09-02,133.67178344726562,134.65822622155483,130.84180486756026,131.65037986995935,25276520
2013-09-03,126.71005249023438,134.86846434365108,125.57805560979726,134.86846434365108,31504698
2013-09-04,132.24063110351562,132.98451088035148,126.13596377342007,126.71813940625464,31392993
2013-09-05,144.52267456054688,146.7624019592854,139.7844931941041,140.2049510116202,48903976
2013-09-06,154.9855194091797,155.85876244035202,145.81639972449187,145.81639972449187,57729875
2013-09-10,156.79672241210938,158.8019625074959,155.4140738497836,155.7294207023656,38762086
2013-09-11,156.8209686279297,158.13893547765676,153.33605761079895,156.0528365989768,20022057
2013-09-12,153.82119750976562,155.0825577312972,152.0504454680132,155.06639410211076,25472507
2013-09-13,152.32534790039062,155.22808298736416,150.7648181918522,152.0100010902781,21111519
2013-09-16,156.85328674316406,159.93391658464986,153.78883409996652,156.86137534230818,28962010
2013-09-17,155.64047241210938,157.6376238962669,154.32251909030896,156.0528417555778,17370347
2013-09-18,157.36273193359375,157.79935354031022,155.62432053644312,156.52181598197853,16914892
2013-09-19,167.57485961914062,172.1189969589717,165.91730738666362,165.91730738666362,49554114
2013-09-20,159.6509552001953,167.53445017298756,155.27662364751734,166.9684516950731,30961557
2013-09-23,152.54367065429688,157.58102284086743,150.8133345053326,155.40597654014184,21412435
2013-09-24,152.79429626464844,155.01784664516575,150.7486272002776,150.7486272002776,13807678
2013-09-25,151.23377990722656,154.43569816340795,148.46849673796132,153.1419972446164,16844844
2013-09-26,152.9964599609375,154.72678243160289,151.06399035582533,151.5087004801323,17722391
2013-09-27,149.3094024658203,153.3845638490513,148.02379011619269,153.36838664966402,16665368
2013-09-30,142.89749145507812,148.20976075804188,142.17786393695948,146.64114241199405,18900326
2013-10-01,147.2799072265625,147.96718032779043,142.9540807741268,143.91628483020702,21525163
2013-10-03,151.66233825683594,152.0504417770909,146.38240951811827,148.61404886688365,23232891
2013-10-04,150.48989868164062,152.68919700739033,148.79191709087806,150.7162980366057,13725492
2013-10-07,148.16123962402344,148.77574247568907,144.40950014605338,148.6625427962407,17777111
2013-10-08,151.54104614257812,154.01524843259065,150.77291415012346,153.15816898384614,16082632
2013-10-09,153.69183349609375,154.4357132937124,146.83521116900687,148.93747367157056,24777016
2013-10-10,153.31178283691406,154.76720139207765,151.08014376662493,152.65685059425422,15558823
2013-10-11,161.2357177734375,162.0038497470277,153.78884528649343,155.4059680880467,28277942
2013-10-14,161.2519073486328,162.50517897317005,159.5377483616837,160.43525728544756,15013905
2013-10-15,157.59713745117188,162.51321339198117,157.03922778495777,162.0685033785412,10947931
2013-10-17,156.03665161132812,159.39219914186054,154.90466833944063,157.7912399328039,23994982
2013-10-18,163.14395141601562,163.87974263544504,157.1848242557364,157.1848242557364,24448578
2013-10-21,163.37034606933594,165.86071210249582,162.27877860114475,163.32991663929354,14406821
2013-10-22,163.3541717529297,166.07902581415053,161.3893611326762,161.3893611326762,17948997
2013-10-23,165.8768768310547,166.24072810260196,162.5617588171748,163.65332620329258,16787435
2013-10-24,165.09259033203125,169.44266970298648,163.70994173881078,165.1087675336441,17110005
2013-10-25,165.30279541015625,167.8578565684908,162.71539342342206,165.82027580750307,35171977
2013-10-28,164.1384735107422,168.32683477421904,163.1681943597903,165.59389223717,18652799
2013-10-29,173.78465270996094,174.5527847512243,162.22218837435318,165.10067155758745,29328299
2013-10-30,177.7223358154297,178.99987316090838,174.55277182274727,174.97321615702532,28588340
2013-10-31,181.2719268798828,182.7354204720404,175.8868876914318,176.76821928639745,31071430
2013-11-01,183.29335021972656,184.35256325466605,179.04030730837349,181.0859766921491,18527624
2013-11-05,177.23721313476562,183.67339135981837,176.58228077143164,180.52807929562343,21797308
2013-11-06,174.7144775390625,177.88405513182622,174.09188606039638,177.88405513182622,15238751
2013-11-07,170.03292846679688,176.59038187963876,169.63672272330533,175.5392437264255,20711839
2013-11-08,169.78225708007812,171.02744008811604,168.34300195198634,169.45882164195757,14738262
2013-11-11,167.72848510742188,170.2512053148148,165.80410412504853,167.8659370143126,14205246
2013-11-12,163.77459716796875,168.66640803182102,163.02262890529474,167.85783314873817,17580420
2013-11-13,164.12229919433594,165.4160002278442,161.0174167139162,161.61575598656566,19424333
2013-11-14,170.1380157470703,172.6849883330912,166.0709427809031,166.0709427809031,18201832
2013-11-18,173.6229248046875,175.91115716486908,171.2699972162164,171.90067729883503,18228419
2013-11-19,175.45834350585938,176.21840040895668,173.03265943832497,174.27784229774892,17385560
2013-11-20,169.6609649658203,174.1646594824588,168.35917535686903,174.1646594824588,12389960
2013-11-21,166.60458374023438,168.36726066072183,165.2704533286145,168.16511352041138,13863921
2013-11-22,165.03598022460938,168.77963129208723,163.62907954575059,168.18129203785222,17010537
2013-11-25,173.7765350341797,174.47998529713922,166.94416595302877,167.4535576951607,20881300
2013-11-26,168.78770446777344,175.37751122051583,167.9953202517899,172.38581498218107,20095630
2013-11-27,168.60983276367188,171.01126491998568,167.67190798211104,170.93041963097167,14816301
2013-11-28,167.87403869628906,172.15942251439563,166.6369307234375,170.9789211715124,21809337
2013-11-29,172.81436157226562,173.5097233044231,168.82813397636772,168.98985168818513,12891444
2013-12-02,175.99205017089844,177.88409078588353,173.09738939485771,173.09738939485771,15862258
2013-12-03,175.5230712890625,177.8355561100382,174.49618541946032,175.59584155315827,13775069
2013-12-04,172.42625427246094,174.39106486799005,171.4559750894752,174.39106486799005,16082533
2013-12-05,183.6814727783203,184.43342760521654,179.25862341990546,179.25862341990546,43417099
2013-12-06,184.98321533203125,185.58155450218268,181.58725239724953,183.6086556747447,18361233
2013-12-09,194.33021545410156,195.12261313842063,192.61605679009062,194.05531166569716,33902616
2013-12-10,187.3199920654297,194.55664261511643,186.58420089622,194.05533941664612,27365360
2013-12-11,187.3199920654297,189.65674245840754,184.52236790243578,185.64626258473913,16227854
2013-12-12,183.15589904785156,186.93997960031967,182.46052372651366,186.78635048447703,14555046
2013-12-13,175.45834350585938,180.3097252124035,174.64978215001457,180.3097252124035,25356595
2013-12-16,177.4878387451172,178.5227993918505,175.45833330276483,176.1051904927104,11417488
2013-12-17,177.609130859375,181.36087035745018,176.29117769674446,179.50117102188645,13249758
2013-12-18,177.20484924316406,183.17205071365134,174.90043979897808,176.0081843664217,40179903
2013-12-19,171.98153686523438,179.8084380876828,171.14872320876933,179.50117985933815,21106184
2013-12-20,175.89498901367188,176.3639513707231,172.36964880733478,173.0326697013119,15528089
2013-12-23,177.56871032714844,178.99987681299623,175.78179472705625,175.78179472705625,11206459
2013-12-24,177.69808959960938,179.48501879517886,175.99201926228338,177.8840595449787,9597725
2013-12-26,177.82745361328125,178.81390997335913,176.64695227842975,177.07549880021085,14374063
2013-12-27,179.54159545898438,180.11568244291144,178.27214678631546,179.17774420158895,7796519
2013-12-30,177.3503875732422,181.9106883797502,176.78440275433323,180.3097292592199,7419764
2013-12-31,177.68191528320312,179.30714036014024,176.9218718606274,178.06194378022946,4356632
2014-01-01,177.51210021972656,178.8624077187179,176.59033919391655,178.02958057005762,3102869
2014-01-02,173.93824768066406,180.7948693235523,173.04882745239195,177.26145420892803,11321513
2014-01-03,172.51516723632812,173.84120885455758,168.98982748121185,172.7092257484158,15567502
2014-01-06,168.3106689453125,172.87097040570387,167.3808191604517,172.38583079745138,14802265
2014-01-07,169.79840087890625,171.28616029178409,165.56961059122966,168.9979281202917,18566515
2014-01-08,170.49375915527344,172.03812516095252,168.71491877479653,170.44525470337047,18955475
2014-01-09,169.93588256835938,172.3211512066477,168.54515896040314,172.19178788101348,19238686
2014-01-10,165.67474365234375,170.54230321584842,164.7287302666295,169.3698904484384,21835286
2014-01-13,170.59078979492188,171.59340962694628,166.5803104668243,166.5803104668243,17981914
2014-01-14,167.60720825195312,171.5772587665042,167.0492984153124,170.1218400311618,16934159
2014-01-15,171.14871215820312,172.83860516203418,168.65024420717367,168.98984324213137,18898968
2014-01-16,171.23764038085938,172.46665960280387,169.64476990900783,172.46665960280387,8986741
2014-01-17,167.2999725341797,171.72280846311128,166.73397406715353,170.34824851260626,9672228
2014-01-20,168.82814025878906,169.47499755865317,166.24073820228628,167.29187622526166,10617040
2014-01-21,174.33445739746094,174.6497906415524,169.60435016428124,170.2835482505219,14897789
2014-01-22,175.9354248046875,176.42863940739073,172.9032990735402,174.68213965483784,12788578
2014-01-23,174.56085205078125,176.42862638034606,173.3722622176602,176.42862638034606,10274170
2014-01-24,171.1244659423828,173.67952723922247,170.21888198367407,172.0785815035365,10283619
2014-01-27,163.2975616455078,168.0599960908794,162.88519235202472,167.98722583741036,27904404
2014-01-28,164.72869873046875,166.38625077397475,158.27635830182643,163.44308651833236,26612800
2014-01-29,161.9391632080078,167.90636462297508,161.0012385257034,166.85524026225795,26522925
2014-01-30,157.59713745117188,160.4675446158628,155.81022237122804,159.58621318663944,27447838
2014-01-31,159.7237091064453,160.64547020666447,157.09587771796294,159.20622871434065,14484481
2014-02-03,155.8102569580078,158.8019394657509,154.50037884841814,158.64022176261187,19562653
2014-02-04,156.64306640625,157.3465166819009,152.59215747896016,153.602865953842,16988900
2014-02-05,156.25497436523438,158.2602006918082,154.47613383355863,157.66187501950603,16441700
2014-02-06,154.92892456054688,157.5729332250318,152.98837981994546,156.8613942725047,22979121
2014-02-07,155.31704711914062,157.18482166736374,153.70799921206066,156.8613997944576,15640619
2014-02-10,155.33319091796875,156.50561711122688,154.63782922997643,155.75364879910327,8923442
2014-02-11,156.6754150390625,157.42738337613594,155.56768403255424,156.0366463825321,11240361
2014-02-12,161.5834197998047,161.99578913662697,158.0338270630203,158.0338270630203,21465790
2014-02-13,159.06068420410156,163.16818640961995,158.47852217048623,161.7936266079913,24636953
2014-02-14,159.84498596191406,160.30585969333447,156.8937193607652,159.44878031053776,15133266
2014-02-17,163.1924591064453,163.95251614253357,159.93394731505907,160.25738277117034,14271416
2014-02-18,167.82550048828125,168.79577953799773,162.40813400840221,163.6533168602707,19122130
2014-02-19,166.70968627929688,168.6259922138978,166.1679536853955,167.51826122761585,11779856
2014-02-20,162.98223876953125,164.94704947323652,162.68306911211474,164.60745038334656,10389857
2014-02-21,165.80410766601562,167.02503836938192,163.49969816910922,163.49969816910922,8404451
2014-02-24,167.56675720214844,168.58555425687874,164.65593367851537,164.96319187189872,10661106
2014-02-25,166.7420196533203,169.47496164819438,165.7636520963841,168.79576366297547,15457821
2014-02-26,167.60720825195312,168.15702948846646,166.25691417531368,166.74205375376116,10073030
2014-02-28,168.80389404296875,169.61245551799448,166.7258837235549,168.9898639965133,15521473
2014-03-03,166.5317840576172,169.9601012368641,165.1734016577787,167.72846234525701,18154565
2014-03-04,172.88714599609375,173.35610839872805,166.88760296809374,166.88760296809374,15723317
2014-03-05,177.7870330810547,178.2883362765879,172.33731172936461,173.84123488744063,21977021
2014-03-06,183.37420654296875,184.4900261914247,178.42578838149115,178.64409915121385,23331583
2014-03-07,194.36257934570312,198.90671670726763,184.22319379423388,185.16920711121628,45170196
2014-03-10,193.02035522460938,196.39206600580212,191.1849082525683,191.4679006459713,42221157
2014-03-11,193.75616455078125,199.28673107031423,192.502879445535,193.85318703356256,44639886
2014-03-12,195.93930053710938,197.77473424883988,192.11479042091608,193.08506960775495,21739498
2014-03-13,197.28958129882812,200.76640350672068,196.3193021776776,196.3193021776776,17975842
2014-03-14,196.4810028076172,197.21679389860665,192.11476071348793,193.45697959534675,24014875
2014-03-18,194.78302001953125,199.06840323763964,193.85317041289878,196.48100153721666,19604816
2014-03-19,195.6643829345703,197.87177011820611,194.54047462756802,195.8341892564146,18888683
2014-03-20,194.17662048339844,197.2572507463609,193.59445840897308,195.4298920920539,16807334
2014-03-21,193.9825439453125,196.31928046307812,192.64841369416587,195.6724368348417,19290540
2014-03-24,200.87960815429688,201.96308698540716,194.70218416847263,194.70218416847263,20422748
2014-03-25,202.5532989501953,203.58825955489777,199.55352820196023,200.20038536563624,16143154
2014-03-26,203.19210815429688,205.16500729089825,202.39971034532022,204.29175062385588,13291063
2014-03-27,203.59637451171875,206.34549406317353,201.51027583527147,203.7742558440298,35664090
2014-03-28,203.62872314453125,205.5369405618195,201.8175417823876,205.2135051399724,11252411
2014-03-31,201.3404998779297,205.860371672505,200.60470868878627,205.860371672505,13578647
2014-04-01,197.9283447265625,203.47508834117286,197.06317671168676,202.512897845343,23417124
2014-04-02,201.01705932617188,202.51289379454272,198.93096066984023,198.93096066984023,21486437
2014-04-03,199.51316833496094,201.44563832972534,198.10626742425495,201.3243500246014,27446622
2014-04-04,198.97947692871094,201.31622714702365,196.52143843410144,198.90670667722796,13921022
2014-04-07,195.53500366210938,199.82038721681104,194.44343627416075,199.27865460842938,21844784
2014-04-09,203.72576904296875,204.32409474504712,195.99589008814368,197.8555895677136,25150895
2014-04-10,201.71241760253906,205.35095729027412,200.0386882604629,202.30266820902082,21686857
2014-04-11,199.88507080078125,200.814920489423,198.37305907106852,199.7152780626276,16585882
2014-04-15,197.20066833496094,200.7421725742333,196.54572239439315,200.28129876425504,12426375
2014-04-16,197.70196533203125,200.03871585381637,196.09293099105957,196.09293099105957,10880776
2014-04-17,204.21896362304688,205.90078158990954,198.47816160023635,198.92287171166163,15660562
2014-04-21,207.31576538085938,208.91672445462544,203.32953810916317,205.21348958411747,17192499
2014-04-22,208.5933074951172,210.00020816913818,205.3752254361534,206.91957802330396,10952617
2014-04-23,210.15383911132812,211.03517079737907,207.2187494530197,208.47203459640969,28399723
2014-04-24,210.15383911132812,210.15383911132812,210.15383911132812,210.15383911132812,0
2014-04-25,205.4561004638672,213.21830701029123,203.16786793136197,210.94625167894577,26271410
2014-04-28,206.26463317871094,207.6391929408963,202.3269238221651,206.18377432714553,19357426
2014-04-29,204.21090698242188,206.91150872041777,202.23800782992652,206.3455102808747,12507649
2014-04-30,201.0736846923828,206.82257624885895,199.71530191052145,205.13268297941602,19888929
2014-05-02,202.52908325195312,204.4372871217115,201.66391520201694,202.14096616945653,9145994
2014-05-05,202.5371856689453,206.50723636378464,200.20043512903942,201.5345656374864,14052241
2014-05-06,206.28082275390625,206.9923481188301,204.4372869706245,204.4372869706245,7045379
2014-05-07,205.48033142089844,206.5072171583398,203.2244399527861,206.34549944939445,28329075
2014-05-08,208.44776916503906,209.70912933919706,204.76879972849883,206.1676253887024,16439945
2014-05-09,222.9372100830078,224.9262861885238,207.31576366573907,207.8251554122538,34424511
2014-05-12,226.1876678466797,228.7103745943659,219.95363730523067,223.4951412147986,28438118
2014-05-13,226.52723693847656,230.92581997887672,225.34673572070403,229.30869725395138,22394201
2014-05-14,227.91798400878906,228.59718209774397,222.71082580308672,224.29562134398154,20961468
2014-05-15,225.60549926757812,227.99885634842198,223.99646497533962,227.91799748950532,22401164
2014-05-16,236.9577178955078,257.6407822680789,229.26019413707292,234.48350219760331,64509505
2014-05-19,237.4590301513672,241.52610294118972,233.71539277798183,239.49662441760753,42620820
2014-05-20,234.46737670898438,240.1434840727412,232.94726272221206,239.32683402060172,22394427
2014-05-21,232.9553680419922,235.6074519659898,229.81004232544038,235.29210510566105,19602885
2014-05-22,234.72607421875,240.14345427429697,233.205987563553,233.205987563553,17050280
2014-05-23,236.23007202148438,237.67738880144444,233.67499685992328,236.12494734707633,18774596
2014-05-26,235.2193145751953,242.26190670568033,233.674961952863,235.77723798331945,22024612
2014-05-27,234.01454162597656,235.38908773793625,230.8530394254549,233.67492904026852,10500330
2014-05-28,235.48619079589844,237.5237583181851,233.07665618609892,234.4916456956679,13082932
2014-05-29,232.37313842773438,237.63688888557638,230.73175008218877,235.7771898100529,24559144
2014-05-30,229.31680297851562,234.2247917152612,227.166022536579,232.9472543528433,17143027
2014-06-02,236.7798309326172,237.71778277862782,228.0311689606743,228.2171524671237,15135730
2014-06-03,235.8338623046875,238.96301096480676,232.87451998384955,236.45646745341426,19736579
2014-06-04,241.4283905029297,244.2462167315171,237.25505574710493,239.86750941705105,12880208
2014-06-05,244.22427368164062,245.53457385155983,239.91781299788383,241.52856130700238,21069081
2014-06-06,248.08837890625,250.93431530312793,243.69848538259103,245.80162232198748,21390919
2014-06-09,249.0731658935547,252.32805779623794,247.6209906797295,248.06331395401173,21202940
2014-06-10,247.2454071044922,249.12323564337854,246.0352658770781,249.12323564337854,10364431
2014-06-11,245.35093688964844,250.7256634704788,243.69847224066368,246.702953420636,12749231
2014-06-12,243.59829711914062,246.03527747491617,241.72046849173546,245.36761814839076,11788678
2014-06-13,238.41558837890625,246.86990933591298,237.2888797645069,244.08241496577023,16782672
2014-06-16,236.01194763183594,238.5240402357213,233.85036850106954,237.6226958621954,13089175
2014-06-17,241.94583129882812,242.3380892512253,234.85187662754507,236.0203015903852,15687243
2014-06-18,237.272216796875,243.32292463534654,235.72823147957092,241.3366159613087,13210807
2014-06-19,235.64471435546875,239.61733075632097,233.22441778895754,239.0915465875518,16235054
2014-06-20,233.15768432617188,237.8563888940387,232.43159666464922,236.18722636444568,16995341
2014-06-23,236.05364990234375,236.9383244507904,233.25780713029022,233.6834466171723,11711777
2014-06-24,240.2432861328125,241.34491987161826,236.47095892778268,238.02329285112515,12547546
2014-06-25,237.10525512695312,239.35861600933873,236.57112202708143,239.35861600933873,6914721
2014-06-26,234.12579345703125,238.87459142382815,233.6834701464818,238.02331236434972,14728395
2014-06-27,231.1212921142578,235.38600817962288,229.76091263147677,234.51804536174475,14970114
2014-06-30,236.71298217773438,238.80776997444468,232.3481078382389,232.3481078382389,13310649
2014-07-01,240.03460693359375,242.2879956696139,237.11358689149307,237.11358689149307,15801005
2014-07-02,242.36309814453125,243.86533856507617,241.7788997624126,242.863835612573,13500459
2014-07-03,242.70535278320312,244.53308843458055,242.02931640459346,242.4799886460487,13249676
2014-07-04,244.17417907714844,244.86688517599865,239.5255538212649,242.8972744920202,7890861
2014-07-07,242.25457763671875,245.18397431703488,240.73563951104907,245.18397431703488,10595145
2014-07-08,235.55291748046875,244.6749245051298,233.4497666816826,244.6749245051298,11441408
2014-07-09,234.19253540039062,237.75619604904458,232.86553765179593,235.53620291907743,15815585
2014-07-10,231.84735107421875,243.16431791635452,228.95134973605659,234.5513979083911,21087066
2014-07-11,226.43923950195312,234.58477543738314,225.50451367787326,231.34659560505477,12540753
2014-07-14,224.37782287597656,229.49381733830512,222.5500876482285,229.49381733830512,17222782
2014-07-15,232.78208923339844,233.98389567230348,226.24730086686628,226.8398621967198,20701505
2014-07-16,243.84031677246094,245.08382554176407,235.75318123521333,235.79492569992576,34666637
2014-07-17,242.1294403076172,243.59831333690127,240.5604365833616,243.59831333690127,13358004
2014-07-18,247.11192321777344,248.27199930229781,239.52555177343393,239.52555177343393,22105369
2014-07-21,247.47080993652344,249.81600901962346,246.37752490020898,248.37215443049647,10873830
2014-07-22,247.57925415039062,248.68923669299923,244.82512800211342,248.29697879706387,9693398
2014-07-23,251.3765869140625,252.4448529529536,248.90621119296995,249.81593231934897,22595353
2014-07-24,251.44337463378906,251.84398144166227,248.71429503696905,251.19301989323694,18655884
2014-07-25,246.31069946289062,251.26814952274964,245.27582882117062,250.59211322991558,11547481
2014-07-28,242.19622802734375,247.7712445761926,240.79414600761854,247.7044814339605,7511350
2014-07-30,248.4471893310547,249.87434568648663,241.19466313824745,242.84715554720782,16305135
2014-07-31,245.5762481689453,251.20967782870213,244.73331814162677,249.4987991110413,21827960
2014-08-01,246.31069946289062,251.12624633902794,243.4063489310658,244.08238522389982,25283104
2014-08-04,248.9396209716797,250.54202012147053,247.13693243432252,249.05647746007512,11518006
2014-08-05,248.13006591796875,250.17478813919385,244.71660160450364,248.7226131547076,10886089
2014-08-06,241.54522705078125,247.99654030952672,240.77740901548697,247.02008398667363,11961031
2014-08-07,241.16970825195312,245.00045019136383,240.52706747579097,242.6969956907753,10130070
2014-08-08,239.88436889648438,240.58542375161716,235.6530491198506,238.69092547567362,14898592
2014-08-11,240.5103302001953,242.51333622111792,239.3753009260515,241.35326026637568,7812183
2014-08-12,244.2493133544922,244.85020968456817,240.37685477376522,242.9557108624837,7573830
2014-08-13,242.39651489257812,244.53304724018787,241.02777259199493,242.8972524043645,9495711
2014-08-14,246.9783935546875,248.63920716949238,243.39800663300048,243.39800663300048,13636485
2014-08-18,255.49948120117188,256.5510776939784,247.34560903732714,248.12177606108392,21247732
2014-08-19,257.53582763671875,260.2649069581796,254.77335274446241,257.0517599586959,18915512
2014-08-20,257.51080322265625,258.8127543171287,255.7164355148885,257.88636334448285,9462876
2014-08-21,257.8780517578125,261.0244363593377,255.80828233341578,257.0518193702645,15249839
2014-08-22,256.9767150878906,259.68077645423466,256.49264728338267,257.90310622250456,13225470
2014-08-25,252.76205444335938,259.0548235964273,251.74385352029296,257.46912197452934,6260974
2014-08-26,251.7188262939453,253.28783007336867,247.38731908323282,247.87138685283227,9349499
2014-08-27,257.1018371582031,258.5540122428398,254.09735630476155,255.88334703065854,12302625
2014-08-28,259.85595703125,261.057777360124,257.55250308809866,257.55250308809866,22862356
2014-09-01,266.78302001953125,267.53414022431235,260.056277715617,260.056277715617,14692249
2014-09-02,265.58123779296875,270.21316457623533,265.06377450651,267.05008268644235,12260539
2014-09-03,263.86199951171875,267.29213414754344,262.64350927149525,266.8998762184215,9697814
2014-09-04,262.33465576171875,264.5713463571397,257.43564917442615,264.17908851250405,15945864
2014-09-05,258.22857666015625,263.8202905026403,256.5427164149618,262.33471966637484,12019744
2014-09-08,261.6920166015625,262.38472249831204,258.53731207635366,260.8073702357076,8527112
2014-09-09,258.0115661621094,260.8575024917025,256.96834661151695,260.8575024917025,8552346
2014-09-10,262.0760192871094,263.3613008678909,258.2369563842209,261.05784631630195,14187943
2014-09-11,261.3665771484375,264.5630264675021,260.6571733935026,263.2276798709434,9666635
2014-09-12,261.1245422363281,262.72694133581064,259.9060521299431,262.72694133581064,6356713
2014-09-15,259.2801208496094,260.63213727045286,256.8180938482649,259.81425390658194,7465540
2014-09-16,254.67324829101562,259.91444890575747,253.98889109171535,258.88789909859486,7520914
2014-09-17,255.34088134765625,257.66938217370296,254.54804463483146,255.7498370527025,10495633
2014-09-18,261.2247009277344,261.5585446154124,254.13074669595377,254.54805130555133,6706084
2014-09-19,262.4265441894531,263.14426895731566,259.8059438562373,262.04263512184366,10378769
2014-09-22,263.5364990234375,266.0903359462722,259.78086967405557,260.39011478100485,10506210
2014-09-23,256.8014221191406,265.69809338682956,255.96684088396282,263.5615609421466,21190009
2014-09-24,253.1125030517578,258.72091356092744,250.06627797439353,256.8848296220868,17279366
2014-09-25,244.5831298828125,253.6550441079204,242.44659738411195,252.21121769406605,30332934
2014-09-26,246.6946258544922,247.42072754670875,239.52555883987208,244.69996844510646,18873354
2014-09-29,243.44805908203125,247.0367662784813,242.52166816170134,246.91990979361177,7073148
2014-09-30,239.2834930419922,245.01708171364785,238.2736411298597,242.86385162462426,13333391
2014-10-01,238.49900817871094,240.860876587731,236.8548644639755,240.860876587731,10776667
2014-10-07,238.63253784179688,243.1142408554925,236.18720847735685,236.18720847735685,18449612
2014-10-08,241.78726196289062,242.8054347411114,238.19020563223896,238.2903363215065,10532802
2014-10-09,248.4388885498047,249.50715467140242,242.86384496026955,242.86384496026955,12238358
2014-10-10,243.52320861816406,247.45408094900617,242.59681755511883,245.53456370187976,9018405
2014-10-13,246.686279296875,247.253808027769,239.82600925594642,241.52856743220295,9459494
2014-10-14,246.71127319335938,248.24690917804773,242.24626840397443,247.8546512888698,11288403
2014-10-15,246.71127319335938,246.71127319335938,246.71127319335938,246.71127319335938,0
2014-10-16,243.7902374267578,249.39029971442667,242.3046947259981,245.7014336099527,15670605
2014-10-17,251.24310302734375,252.2696527921248,245.36763882273547,245.6597380516759,14839423
2014-10-20,256.5343322753906,258.5289892622341,254.6815504357657,258.5289892622341,13952152
2014-10-21,264.0789794921875,264.79673219640756,257.0517885681355,257.0517885681355,15513168
2014-10-22,262.2262268066406,266.0486196944004,260.7824003596355,265.73150178320117,8615480
2014-10-27,262.568359375,265.0637537361254,261.6753640582623,264.12069307989435,11126714
2014-10-28,267.27545166015625,268.38546237663917,263.728488340144,263.728488340144,10254244
2014-10-29,268.04327392578125,269.2283966931997,266.349064711074,269.2283966931997,10474618
2014-10-30,269.4119567871094,271.37324634579664,264.3961208858037,267.0834840135638,26322631
2014-10-31,271.51513671875,272.6084495967959,266.9833402707102,268.9529508168454,21065660
2014-11-03,274.6948547363281,275.4126073800118,269.1281883546797,271.40659563033194,13022333
2014-11-05,278.9763488769531,280.42020347641255,274.786744315913,276.33072962669013,16438026
2014-11-07,281.20465087890625,282.381424706706,277.3488906224736,280.16978023511257,9347464
2014-11-10,278.2502746582031,280.6622088837845,277.6577272209741,280.5370314866432,8030726
2014-11-11,281.3465270996094,282.2562483839347,276.6227900152895,277.24873294696386,11662277
2014-11-12,285.0855407714844,286.2539379138734,282.6235130504297,282.6235130504297,10523271
2014-11-13,282.506591796875,286.4291430635883,281.5050887497052,285.12719190390976,15610947
2014-11-14,282.47320556640625,283.5915370205532,281.2880829659636,281.42160922571423,10524866
2014-11-17,279.3935852050781,281.5885316681085,277.4156259187172,281.5885316681085,13396053
2014-11-18,280.6204833984375,281.67205194660136,279.018083890998,279.75250649241457,11248880
2014-11-19,280.9042053222656,284.4261499272811,279.0848187766471,281.0127129306916,14558984
2014-11-20,281.74713134765625,282.73193663764846,279.50211932815023,281.3382036354226,8960451
2014-11-21,288.8828125,290.23482896497893,279.91937871237855,282.25622842318074,17794084
2014-11-24,295.99346923828125,296.9449069256234,290.4351512176616,290.4351512176616,13578185
2014-11-25,289.97613525390625,295.1004789894612,287.6392854631261,294.9502549326555,17101408
2014-11-26,285.494384765625,289.4503313529411,284.7599623193257,287.01332301803063,15505330
2014-11-27,287.6309509277344,289.5671939915487,284.5930740644924,286.1620778454071,15438511
2014-11-28,292.8387145996094,296.6110414808999,287.9313585016135,287.9313585016135,16467154
2014-12-01,293.46466064453125,296.4107553205734,292.2712171794884,294.7749605979701,17857713
2014-12-02,295.526123046875,296.31063895567434,289.608914186152,292.7219311381672,14228054
2014-12-03,299.4653625488281,300.14137082477407,293.79853665637364,294.6247689936409,12067709
2014-12-04,302.2862243652344,305.4993716164461,299.07307711402257,302.53657910013976,13537613
2014-12-05,300.28326416015625,304.5813759725287,299.1148391589504,303.6215892876873,8548679
2014-12-08,295.2757263183594,302.1193259365069,294.27422325188843,301.2012837936105,6475662
2014-12-09,292.4381408691406,298.73925853327006,291.43666581257537,296.2772313128583,8119718
2014-12-10,293.81524658203125,296.1103522861106,288.4321983047352,288.4321983047352,11679797
2014-12-11,290.3934020996094,294.73322982995904,287.3054601448931,293.5230885222715,8902775
2014-12-12,289.016357421875,292.8971643513422,287.59757773305864,290.0178605030961,7508487
2014-12-15,288.1400451660156,291.2697316304175,285.55281266077327,286.0952946363546,7925545
2014-12-16,275.996826171875,285.8449344490085,274.78668487108723,285.3024524837552,16369716
2014-12-17,277.3739013671875,282.381416642409,266.39914024764505,274.9953351135101,25141233
2014-12-18,288.55731201171875,289.6005594755838,283.2159813732174,285.38590920229274,10631579
2014-12-19,297.11181640625,298.3637022678916,289.39191896444794,291.26974775691036,25004771
2014-12-22,299.7825012207031,300.99267070569215,292.98064550279327,296.6945588554756,9977669
2014-12-23,294.6080322265625,302.035829417941,293.1475082607664,298.6140440203368,8114147
2014-12-24,294.6915283203125,297.86295937172304,292.8554440317124,294.0655854007583,13035476
2014-12-26,292.89715576171875,297.6960327232928,290.5186175320488,295.56784924426864,3566406
2014-12-29,291.3949279785156,296.0268832986269,290.76898504158993,292.10433184145967,4125797
2014-12-30,292.31292724609375,293.7734512124209,289.8091838822841,293.7734512124209,6246150
2014-12-31,294.6915283203125,296.1103079904022,292.18778465851864,292.18778465851864,5069990
2015-01-01,294.0238952636719,294.98365394751454,292.27127174190565,294.3577109719355,2583280
2015-01-02,302.36968994140625,303.37119294572136,293.77346749454347,293.77346749454347,8272990
2015-01-05,302.99566650390625,306.6261191358723,301.70206403000327,304.8734955255384,10316090
2015-01-06,290.1430358886719,300.3667049344391,288.9328945119674,299.9494003132877,13282427
2015-01-07,282.2979736328125,288.97465175129776,279.96115170037604,288.4321697280417,21254332
2015-01-08,289.97613525390625,290.852432913132,284.7599817022095,287.93138468286804,12558144
2015-01-09,285.302490234375,292.43816161299736,281.33822213149034,292.0626014360396,15701030
2015-01-12,289.2249755859375,290.1013012271431,282.6735035682234,286.0535727299258,8304115
2015-01-13,284.5096130371094,291.26975196127665,283.54985440804086,291.26975196127665,13100848
2015-01-14,281.1712341308594,285.2606786586188,277.9163426743144,283.13249548433396,13127934
2015-01-15,294.48291015625,297.1118313751533,290.05962097968586,293.8986836503855,16662989
2015-01-16,295.3174743652344,295.94341729141297,289.9761432903106,294.482893135804,14726646
2015-01-19,301.1178283691406,301.952409603704,295.0253769519012,296.69453942102786,10277015
2015-01-20,306.91815185546875,308.170037598456,300.1997581364678,300.1997581364678,11477610
2015-01-21,307.50238037109375,309.5888192683902,304.74825413089843,305.874934497409,12457852
2015-01-22,308.6291198730469,310.7155871865456,304.28929139476764,307.8779994847867,9320935
2015-01-23,309.38018798828125,313.3862000707128,307.7110256260753,312.8854345521981,13525550
2015-01-27,320.06280517578125,321.14776896582305,311.04930725552526,312.551575586513,13932787
2015-01-28,320.5218811035156,328.3252392172344,318.4771585434371,319.6038389724899,14787690
2015-01-29,317.3921813964844,320.3132295133364,313.42791381636573,317.22525955842065,22085259
2015-01-30,301.03436279296875,318.8110072522871,295.98513099283986,318.3519861795481,31372235
2015-02-02,293.6483459472656,301.0344004896937,292.10436068808633,300.70055675265183,37165959
2015-02-03,289.2667541503906,297.77951674321037,288.014868234368,293.77350422507766,25975650
2015-02-04,287.63922119140625,289.809148652781,283.9670534976435,288.807645825717,15639435
2015-02-05,280.0863037109375,288.1817608378135,277.7077375218048,284.5095924077731,18771838
2015-02-06,274.8701477050781,283.7584694839102,273.4930845567076,280.4201447665591,17811770
2015-02-09,267.10858154296875,273.3262110271619,265.8149510691073,273.3262110271619,15330887
2015-02-10,276.2889404296875,279.5855205013568,264.06226657609113,265.8148897598776,31301276
2015-02-11,279.3351745605469,283.71671864964827,278.7092316859836,278.8344090543279,13732188
2015-02-12,283.04901123046875,284.8850950751204,275.41257669774336,282.25617467163397,14372362
2015-02-13,286.9716491699219,288.68255618940407,283.9254233195862,287.0968265551817,9926537
2015-02-16,282.1309814453125,289.558778046982,280.7539185025831,289.558778046982,11084024
2015-02-18,285.761474609375,287.0967932854875,283.5080858208558,283.5080858208558,8830098
2015-02-19,282.54833984375,286.9716286818456,277.29044177542636,283.8419421259695,10326464
2015-02-20,276.20550537109375,280.25323405738095,274.1607547849106,279.585546674257,17197010
2015-02-23,274.5780944824219,279.16830574578086,272.908931844187,277.9164197588916,12236793
2015-02-24,272.1160583496094,276.58109207917795,270.822455945201,274.9953624083852,12177664
2015-02-25,269.1532287597656,276.2471820527534,268.1099813820431,273.40959513227455,18029910
2015-02-26,268.1517333984375,271.61526323981974,267.19194690455623,270.98932039883965,18356309
2015-02-27,279.7942199707031,281.2964605873685,269.5705508339693,270.9058976171122,17157486
2015-03-02,291.31146240234375,293.73177318539325,284.21750793541383,292.8137310302697,16237130
2015-03-03,290.9776916503906,291.6870675951233,287.18031704829673,290.4352095643772,16309976
2015-03-04,291.56182861328125,302.1193127974493,288.8077023043678,300.45015043139665,27007377
2015-03-05,290.22650146484375,292.0208693399215,283.84195078206443,289.0998209943104,12677758
2015-03-09,277.7494201660156,286.2204644116125,276.87312263355835,285.4275997729355,13711772
2015-03-10,278.4588623046875,281.9223924982172,275.70473593749034,277.66602557306607,15690129
2015-03-11,277.62432861328125,281.21303679529467,274.5781025070122,278.4171934970062,11762499
2015-03-12,282.2562561035156,283.5081139846786,279.29346321474947,281.71377408232286,12265104
2015-03-13,275.57958984375,288.7659967245272,274.57808668596084,287.9314154291072,14368069
2015-03-16,276.62274169921875,277.91634379106875,271.7821489583621,274.9952959644067,12496540
2015-03-17,279.46038818359375,280.83745147971257,275.5378366083516,277.0818217615317,11214858
2015-03-18,279.4186706542969,280.87919487333653,276.28898390390464,277.9998628911501,9603665
2015-03-19,275.57958984375,284.9269339721651,274.035604641474,283.34120429608413,15488184
2015-03-20,265.8984069824219,274.786730164399,264.31270529299724,274.49463090798207,23389273
2015-03-23,261.89239501953125,269.06981035730195,260.7656865529336,268.77771113130365,11517028
2015-03-24,260.3066101074219,264.27090509951927,258.2618879439561,259.13821345196544,18209548
2015-03-25,264.4796142578125,266.2322377272511,259.63902047647395,260.3901408181727,15109255
2015-03-26,257.01007080078125,261.8089195777983,252.54503768507044,259.55553078597956,34971712
2015-03-27,262.518310546875,263.89537362552716,257.2604129618977,261.22468036715327,17383920
2015-03-30,265.9818420410156,266.6495294380755,261.51683666350505,263.9788358826823,14140124
2015-03-31,263.3111877441406,269.361922931582,261.8924079976598,266.1487752535267,14317689
2015-04-01,269.69580078125,270.73902049110774,262.10107948551604,262.89394439552177,9190830
2015-04-06,268.1100769042969,271.6153523606315,266.52437506556385,271.6153523606315,10512775
2015-04-07,264.8968811035156,269.9461130119007,262.89390293842007,269.5288364003313,9849292
2015-04-08,262.97735595703125,266.81641833701883,262.51833488825224,266.1487589687283,9158573
2015-04-09,267.56756591796875,268.6525018823352,264.4795958213267,265.39763795639084,13516230
2015-04-10,265.6480712890625,268.4439146796422,264.730028979256,266.6495745376175,9053218
2015-04-13,264.4796142578125,266.9833580689499,263.72849391611373,266.9833580689499,8810668
2015-04-15,262.8939208984375,268.98637276838525,261.26647476271876,265.6897640395103,11297754
2015-04-16,260.8074035644531,263.72845154974374,258.8461420965906,263.64499063447084,9682703
2015-04-17,258.8044128417969,262.8521413965438,257.26042784313205,262.10102113136134,11639567
2015-04-20,259.6807556152344,265.0638032148738,257.3021892743989,261.1412797900079,11663690
2015-04-21,259.43035888671875,264.2292077649489,258.67923861241104,259.55553626029604,9953639
2015-04-22,261.1830139160156,262.8939209835889,253.21273311386653,261.4333967099978,12256206
2015-04-23,260.2649841308594,263.6450539537273,258.5123605220439,262.2679905456275,10352840
2015-04-24,257.2604064941406,260.8491136983059,256.30064801636985,260.76565278505376,13482295
2015-04-27,252.29464721679688,260.7656641242629,247.62097595354166,259.30516811988997,24819034
2015-04-28,272.78369140625,274.2442155312595,255.04879162367766,255.04879162367766,37447522
2015-04-29,275.5378112792969,279.41864604173685,271.3231608498452,273.57654968017874,24501414
2015-04-30,276.37237548828125,278.41712589902914,271.40660509267394,276.2471981228968,20787994
2015-05-04,274.8284606933594,281.1712951456292,272.24122794220204,277.7077646696871,11308400
2015-05-05,274.1190185546875,276.16374097692653,272.99233820158685,274.8284223398637,10109107
2015-05-06,260.5153503417969,282.0893423610814,258.84618777462583,272.82545929521456,19967506
2015-05-07,254.2141876220703,261.22468038050494,250.8758630735624,260.5570210740874,16086181
2015-05-08,264.56304931640625,266.14875077342754,258.7209529785926,258.7209529785926,15672276
2015-05-11,269.98785400390625,271.9073992350918,266.3156853905813,267.1085501653394,9605442
2015-05-12,257.2186584472656,270.4050608749101,256.2171556276904,270.0295008196214,13692241
2015-05-13,265.1055603027344,266.3574182146728,255.79993280251188,261.34993053406936,15431501
2015-05-14,262.8521423339844,265.35588589899584,259.7642003420635,265.147247606017,11672149
2015-05-15,260.6822509765625,264.1040367622975,259.1799823752861,263.1442501536455,12014773
2015-05-18,263.9371337890625,264.4796158204778,261.141290719237,262.8939141990309,7629436
2015-05-19,263.1860046386719,266.14876946773217,260.3901336459508,262.0175796857546,9064851
2015-05-20,266.02362060546875,267.90142160930316,263.9371532550986,263.9371532550986,7555070
2015-05-21,261.6837463378906,267.73448163328857,260.97437046020576,267.23374407160367,11132704
2015-05-22,261.7254638671875,265.52280970301723,260.1814788516011,262.89388874606664,8944914
2015-05-25,260.5153503417969,262.14276843575493,259.51384719820925,260.3901449385828,5481212
2015-05-26,258.4705505371094,261.22467665527887,257.5942529630116,260.39009553005354,5505501
2015-05-27,261.34991455078125,262.72697778119436,256.63449838770345,260.2232340940132,12557150
2015-05-28,262.4765930175781,263.7284788598891,259.97284934937915,262.2679547160006,11520281
2015-05-29,264.7716979980469,266.1487612160114,262.7269754061543,264.6465206205675,22664703
2015-06-01,264.1040344238281,266.2322179056681,263.72847428094,264.5630554891827,7621775
2015-06-02,254.1306915283203,264.98027282552266,252.87883400413,264.56299632293127,13982208
2015-06-03,246.82815551757812,253.9221097881581,242.69696593386738,253.9221097881581,22831293
2015-06-04,246.2763214111328,248.5684615237618,242.32877685416778,247.71952812973333,20759124
2015-06-05,241.18272399902344,248.22887980516953,240.24889440434038,247.21015402022275,23735127
2015-06-08,240.37623596191406,242.4985838237959,237.99921376614333,242.4985838237959,21145729
2015-06-09,243.72950744628906,244.32375223903964,239.44237837486034,240.16398169335434,19411474
2015-06-10,248.3137969970703,249.88433390245362,243.3899600364205,243.64464862875238,17487792
2015-06-11,244.9180145263672,252.30375425368248,243.22014791060508,251.28502858458234,21760535
2015-06-12,251.24256896972656,252.13396462668618,243.7719329807877,245.76695049942506,20748570
2015-06-15,254.0016632080078,254.97792670042563,248.90803401346957,250.4361370209406,17020704
2015-06-16,256.42108154296875,257.2275809806272,249.5022568088996,252.17638665811094,15828124
2015-06-17,255.82684326171875,258.3311808190933,254.7232214238444,258.28874697835073,16849471
2015-06-18,257.52471923828125,259.5197082883323,256.6757859085862,258.5434449335583,15455462
2015-06-19,258.54345703125,259.7744089919954,255.02036502432426,255.02036502432426,9060393
2015-06-22,267.457275390625,268.1788787390734,259.81684646105185,260.113968869761,17123638
2015-06-23,266.14141845703125,268.9429070723684,264.8680041779813,267.3723703943977,13093667
2015-06-24,269.74945068359375,271.9991287123574,265.41985852590744,266.3112543666201,14984900
2015-06-25,267.2450256347656,271.36236214566554,265.8867152454371,268.5608736847513,18385230
2015-06-26,264.61334228515625,267.4572647242331,261.939183716988,267.41483088105986,11342004
2015-06-29,264.1888427734375,265.716916991606,254.80811427063426,256.3786223289903,11605396
2015-06-30,261.4722900390625,266.22633426688344,258.1189902221651,263.21261921562257,15125139
2015-07-01,265.0378112792969,266.1414332493849,262.0665301285114,262.0665301285114,15481941
2015-07-02,265.71697998046875,267.79689410161916,264.1040092013529,266.820602065524,9252723
2015-07-03,267.0328063964844,267.839277384673,263.9341669740054,264.65577027772366,5716323
2015-07-06,267.5422058105469,268.9005164932915,259.1377386123098,262.4061425227353,8562220
2015-07-07,265.37738037109375,269.96163186231695,264.48598467919845,266.56589846088224,10617091
2015-07-08,261.09027099609375,264.52846699872805,260.0291113525574,261.81187437277185,13252578
2015-07-09,262.74566650390625,263.9766183544139,259.5196971904457,260.62331902131945,6959346
2015-07-10,265.84429931640625,267.3299398274345,263.38236691328297,265.29248835526914,10664155
2015-07-13,268.60333251953125,269.2825020264997,265.5471837310412,266.9903619369151,8964077
2015-07-14,266.09906005859375,269.1976719513774,264.9105416277233,269.1127757421564,8304877
2015-07-15,267.11767578125,268.2637600056904,266.01408239574533,266.4809971543795,7378092
2015-07-16,269.19757080078125,270.1738340926576,266.90543100952965,267.20255338104795,13466904
2015-07-17,269.4947814941406,272.5084970329929,268.7307441460623,269.96169637332434,9339699
2015-07-20,268.0939636230469,271.4896969083472,264.95289038539374,270.7681221090605,9420104
2015-07-21,264.40106201171875,269.53712394097533,263.5096949073193,269.53712394097533,10702263
2015-07-22,268.9429626464844,269.70699997250796,263.0003994472403,263.84933297595774,11141670
2015-07-23,265.632080078125,269.7069546312855,265.0802691024919,268.9853512788088,15214876
2015-07-24,255.19015502929688,264.6982428763896,254.08653310983172,264.6982428763896,21177605
2015-07-27,247.12525939941406,254.55346235803097,246.27632598960324,254.55346235803097,11212545
2015-07-28,241.94677734375,250.7332628887697,239.99422183394344,247.6346514813222,25395273
2015-07-29,245.55474853515625,246.10653102225078,241.14026065265995,244.0691079590419,13165836
2015-07-30,247.0403594970703,249.2900657722198,244.0691068564815,246.1914261000139,13705803
2015-07-31,256.7182922363281,262.23637468650645,249.67213506088362,249.96925753543835,38967790
2015-08-03,265.632080078125,266.5659096525476,258.24631117294905,258.458565893112,28709585
2015-08-04,266.6083679199219,267.62709377608513,260.6658051753394,266.14145308993955,16797983
2015-08-05,264.3161926269531,271.48970651940505,262.32120352594643,267.20257742092576,13798462
2015-08-06,264.06158447265625,265.5896591058433,261.0054067080607,265.50476290419715,12210084
2015-08-07,263.2975158691406,265.33493897188146,261.8543091108706,263.0852611411363,6215341
2015-08-10,262.8305358886719,266.56585339808316,260.75062245859624,263.17009207248407,7698226
2015-08-11,256.5909423828125,263.08528796246685,255.31752787783512,263.08528796246685,10431195
2015-08-12,247.5921630859375,254.80813949274932,246.27631493488494,254.68078096315293,10292540
2015-08-13,247.80442810058594,253.57716956843126,246.91303234923336,250.64835073924854,13754705
2015-08-14,256.88800048828125,257.90672613744516,247.93172434228342,249.79938328271496,9669851
2015-08-17,257.1427307128906,258.6708051852597,252.00666779404975,256.33623113124116,8331141
2015-08-18,255.6146240234375,258.2463204645491,252.72823900789695,257.2276231632694,5936462
2015-08-19,258.5009765625,259.26501369157984,255.10524332293872,255.57215806828913,8754270
2015-08-20,253.19512939453125,260.4111054866046,251.15770649023676,254.89302456209958,15936951
2015-08-21,251.7095184326172,252.89803663973518,245.00294715253818,249.3749443641097,13769807
2015-08-24,229.17025756835938,241.81941879304347,227.09037225895608,239.73950498542405,33312582
2015-08-25,240.67333984375,241.43737703564014,226.79324061339267,234.77324003077786,26553623
2015-08-26,236.04664611816406,239.61218635247226,234.05165689978801,237.65963097996448,16189880
2015-08-27,239.78196716308594,241.52226772763174,237.8718457286083,240.0366272224434,27884874
2015-08-28,240.8431396484375,245.59718382021887,239.10281049239208,241.98919547162424,14365759
2015-08-31,235.9193115234375,241.39494468035656,234.6034491027952,240.16399269713625,15079961
2015-09-01,230.01918029785156,236.38620870886854,227.7695027205959,233.4573759247829,17342438
2015-09-02,224.8406982421875,234.9430459398072,223.35507186672535,234.30633874381684,18825908
2015-09-03,226.53858947753906,229.04294177891765,222.16656360102124,228.06666401766503,16509187
2015-09-04,218.81321716308594,225.05290104189325,216.1815211253041,224.88310868496274,21605844
2015-09-07,211.46995544433594,221.7845290977483,210.28145152603864,220.76580331114556,21698736
2015-09-08,221.40249633789062,222.67589636519327,211.55483811204604,213.7620676758589,18300349
2015-09-09,224.58602905273438,228.36379572056939,222.9730441022312,227.47241417524984,24478703
2015-09-10,227.0054931640625,229.21272291852006,217.53985270392363,220.7233601717028,13718266
2015-09-11,227.13282775878906,229.127831321598,224.45868314211504,226.9630496198775,14872838
2015-09-14,231.2501678466797,232.01420505712576,223.35506442533807,226.02920891100814,13300446
2015-09-15,227.93931579589844,231.75953033980443,226.4961233182204,231.75953033980443,14825729
2015-09-16,231.63217163085938,232.56600116125716,228.40621636667683,231.33503498539147,13377086
2015-09-18,235.87684631347656,242.24386048746425,233.28758400334044,236.21641679298202,21286324
2015-09-21,237.10781860351562,237.9992000945867,230.06164861529433,230.82570007129004,11510079
2015-09-22,229.67962646484375,237.99919641909815,228.4486744840671,236.0041929941253,14741229
2015-09-23,232.05665588378906,233.45740028550208,224.24644856035835,226.6234706586388,12489166
2015-09-24,227.76951599121094,232.26887140786974,226.66589405922673,230.4012122916554,10557228
2015-09-28,227.5997314453125,231.5048421859291,226.19898705997508,230.910583106029,8561999
2015-09-29,228.36376953125,231.4623805358564,217.62472987257402,223.8643999742301,29415623
2015-09-30,229.50985717773438,231.16529026577595,225.56231227383816,230.31635679713867,13700514
2015-10-01,226.7508087158203,232.14156028532105,225.8594271785762,232.14156028532105,7677876
2015-10-05,238.50856018066406,239.3999559103734,231.25016405316936,231.25016405316936,13756761
2015-10-06,240.03662109375,241.8194124530301,237.70206153691402,241.09780914077058,10497246
2015-10-07,240.2489013671875,240.9280424107622,235.32506468027935,238.46612406730816,7765703
2015-10-08,236.38623046875,239.73951597325916,235.28260849947563,239.73951597325916,6649535
2015-10-09,242.88058471679688,244.4086591067865,238.16898876640911,238.97547405547127,11102562
2015-10-12,244.1540069580078,247.4648444097546,242.15898921947496,244.23887465067764,7892259
2015-10-13,244.0266571044922,245.93677872009528,241.5222906297515,242.7108088462455,6102034
2015-10-14,240.1639862060547,242.1165414880582,239.35748668798274,240.63090098005082,5325426
2015-10-15,243.09280395507812,243.6446149129938,240.8006924359356,241.09781483676338,6759388
2015-10-16,245.7245330810547,248.4835882396386,239.86689497212555,243.22019501184144,8890588
2015-10-19,243.8144073486328,246.10651886837937,242.4560968753557,245.68206643800383,5806930
2015-10-20,242.9654541015625,245.76694250630123,241.35248370137728,243.22014263786977,8710318
2015-10-21,239.99420166015625,244.36622714072988,236.68335004120792,242.4136717950541,5616168
2015-10-23,243.00791931152344,245.34249328350722,241.64963727230602,242.75325924055608,8208290
2015-10-26,242.24386596679688,245.97918407316865,240.88558401805196,244.28131738812976,6085533
2015-10-27,240.8431396484375,242.7107988409867,239.48485759833864,241.09782821966266,6090339
2015-10-28,230.23143005371094,238.29632543394712,228.4486671562849,237.70206638510243,15503186
2015-10-29,230.44366455078125,232.86313467672366,229.50983497579352,231.16526790369457,9035266
2015-10-30,235.15525817871094,237.4049359053089,229.6371769721968,231.12281750836024,27623495
2015-11-02,237.320068359375,238.8056947365278,234.0516646812422,235.15527244000972,11398428
2015-11-03,237.23516845703125,239.99420918447177,236.173994562136,238.04165377757934,9079788
2015-11-04,232.05665588378906,238.50856690093224,231.33505251066538,238.50856690093224,7389933
2015-11-05,229.25515747070312,232.18399043763796,228.15153553411972,230.91057612646995,11422504
2015-11-06,226.7508087158203,229.12783089817435,224.7558194058075,229.12783089817435,12121540
2015-11-09,223.39749145507812,224.96802817208618,217.32759930430734,220.12908798927847,13448248
2015-11-10,223.10037231445312,226.15654960594347,221.10536888104488,221.9967503621191,8652695
2015-11-13,222.208984375,223.27015820223966,219.87441050453762,221.02048051781375,10160904
2015-11-16,226.8781280517578,227.81195758321468,220.38376942381768,221.57227325971374,8992376
2015-11-17,227.3874969482422,231.20771136003484,225.01047496421805,230.65590039513683,17959700
2015-11-18,221.1053466796875,227.72704923058447,220.29886146809702,226.66587547905567,9500657
2015-11-19,226.1565704345703,227.51486682840437,222.93060046896593,223.2701852542568,9618626
2015-11-20,224.92559814453125,229.42496818879272,223.69464607769783,224.62847571436026,9819811
2015-11-23,225.77450561523438,227.30259418556517,218.43121365778754,225.81695370739143,12735592
2015-11-24,223.56727600097656,225.30759078245842,220.4262169260588,223.56727600097656,11775700
2015-11-26,224.11907958984375,227.2601385616115,223.4823724776972,223.4823724776972,13255344
2015-11-27,229.25515747070312,230.06164275176346,224.4586653797707,225.60473541000027,11608418
2015-11-30,232.22645568847656,235.57974134140144,227.68463757475735,227.68463757475735,16528998
2015-12-01,232.5235595703125,234.94302964837377,232.01419669866235,233.49983722021634,6603705
2015-12-02,229.55227661132812,233.7969576735807,227.98175416519712,233.07536859007857,7161062
2015-12-03,225.64718627929688,229.2551602907347,225.05292721004915,228.0666421522392,8549273
2015-12-04,221.9542999267578,224.11908132625643,221.4024889918365,223.31259609396776,9085607
2015-12-07,223.3126220703125,224.58602220348965,222.08165578404305,224.37378172340556,5522740
2015-12-08,221.9542999267578,222.84568134120474,220.4262113952313,222.20897422412517,11624224
2015-12-09,220.25643920898438,222.37878696094324,219.36505771287645,221.40250927489956,8129762
2015-12-10,219.83197021484375,222.33633654627596,217.3276038834115,221.4449550594681,11053207
2015-12-11,211.63973999023438,221.65717660639518,209.81452896060244,221.19026182557985,18851171
2015-12-14,211.3850555419922,213.8894218693213,207.98930772931564,209.94186307783238,13279719
2015-12-15,209.17784118652344,210.45124136606734,206.33390414449866,210.45124136606734,13675557
2015-12-16,213.97433471679688,215.20528680451284,206.84326802973308,209.89943132469776,18885293
2015-12-17,214.90817260742188,216.7333838846368,212.31890979034497,215.58731369939895,17692297
2015-12-18,212.3188934326172,214.78081176185796,212.10666720114128,214.0167745299701,14450734
2015-12-21,219.19525146484375,220.29887336596653,212.23397806717267,212.31887425173718,14307700
2015-12-22,220.34133911132812,223.69463892652703,217.70964267363226,217.75209076931532,21342967
2015-12-23,222.29388427734375,223.22771384114046,219.959310367852,220.38377705602247,11533960
2015-12-24,218.98304748535156,223.77953990914327,218.43123647876615,223.27017699914978,6097366
2015-12-28,224.1615447998047,224.9680300874362,220.7233489302102,220.76579702420221,12041784
2015-12-29,224.7558135986328,226.24143995624817,221.9967586152252,224.1191064102912,9054719
2015-12-30,222.7183380126953,224.50110084915133,222.20897516669254,223.48237515714575,10025565
2015-12-31,221.86941528320312,223.9917487019973,220.85068954253865,222.50610818428729,8546444
2016-01-01,223.27015686035156,223.77951972440093,219.02547582601224,221.82696445372972,5998096
2016-01-04,216.94558715820312,221.86942367460486,216.18154994836195,221.57228701035984,9435792
2016-01-05,217.92184448242188,218.60099968813512,213.67716363175938,217.53982591319266,8966977
2016-01-06,212.3188934326172,217.96431922686963,211.55485620072932,216.8182633790378,17416181
2016-01-07,209.47494506835938,210.2814446015088,206.3763339644958,209.17782266084646,18240712
2016-01-08,208.03173828125,210.3663120338916,206.67344212054104,207.5648235307217,14404391
2016-01-11,203.27772521972656,207.05547737006393,202.089207077665,205.35761059467146,14208668
2016-01-12,200.98558044433594,205.3151577197047,200.0093170455931,204.59356863169734,11895899
2016-01-13,203.32017517089844,206.20656031699713,196.1891227500778,201.87699684695875,18215710
2016-01-14,200.1366729736328,203.57486923265978,196.78337291220578,198.82082465816399,14600781
2016-01-15,190.54367065429688,200.60355494108865,188.25154494022902,200.0093101534802,22333902
2016-01-18,189.39759826660156,194.15164200172012,184.89824307931482,190.33142777710316,30239009
2016-01-19,194.19410705566406,196.316440560775,190.71346300835162,190.71346300835162,16222439
2016-01-20,190.50120544433594,193.47248611181482,186.8507838665859,190.925672075532,14353478
2016-01-21,192.11419677734375,198.22653688295586,190.33143388177103,193.98185585825,15665863
2016-01-22,197.58985900878906,199.41507013575188,195.08549259664727,197.46251472111007,15148522
2016-01-25,200.39134216308594,202.47122755734443,198.8208054068881,200.30644597370627,17137268
2016-01-27,201.45248413085938,203.15036502235097,199.24525464593845,202.0467431553368,12155561
2016-01-28,197.97189331054688,203.362630926826,196.31646018686598,202.5136974399123,24258166
2016-01-29,195.38262939453125,198.90572186910686,185.91700254522618,185.91700254522618,47755494
2016-02-01,184.388916015625,193.00562373884063,183.2852939257312,192.70848704204062,40395715
2016-02-02,178.6161346435547,186.511238445234,178.02188978418454,185.06806014466986,31821419
2016-02-03,173.2253875732422,177.25782831663372,171.95198748308306,175.72975390808622,23592288
2016-02-04,173.1404571533203,175.22035638023792,170.2116247008018,175.22035638023792,30869158
2016-02-05,177.7671661376953,179.125462225503,172.84334460053077,174.45631497081826,36189377
2016-02-08,177.0456085205078,182.9457086433139,175.00815690299618,179.1254939850342,19366081
2016-02-09,177.7671661376953,179.54992886237375,170.42387479599293,173.18291506020603,20906682
2016-02-10,175.9419708251953,177.85207798395052,171.48506362083842,172.41889315404728,22742128
2016-02-11,169.15049743652344,175.6873044645691,168.0893235783176,172.97069767766914,31817116
2016-02-12,164.3115692138672,168.42890641629913,161.7223207692514,166.900817658483,41775526
2016-02-15,172.75848388671875,175.9844395386156,164.6086914377992,164.6086914377992,34130349
2016-02-16,166.9008026123047,175.72974958434708,165.966973052676,175.72974958434708,20895952
2016-02-17,161.93450927734375,167.3676934848717,160.32153894971788,166.8158968459089,28792115
2016-02-18,166.518798828125,168.93826912943763,164.0144465812952,164.2691209160657,32260277
2016-02-19,168.76844787597656,171.01813965238406,165.7547332259272,166.2216479674087,17617480
2016-02-22,168.4713592529297,170.8908296252566,166.7734923069999,167.66487387852405,17567788
2016-02-23,162.99571228027344,169.27783086890864,161.5100716987786,169.27783086890864,20001984
2016-02-24,158.75100708007812,162.316532538886,157.77472953795564,160.44887363206158,20654961
2016-02-25,155.3552703857422,160.4488846402659,154.12431847601073,159.34527700540212,38340699
2016-02-26,156.88336181640625,157.85963944342942,153.44516607562434,156.4588951414972,24687792
2016-02-29,161.34027099609375,166.3065553766089,154.25166746424588,156.88336373061406,43510436
2016-03-01,173.9894256591797,175.26284000490026,165.75475175233743,165.75475175233743,27223692
2016-03-02,186.76593017578125,187.9544341636682,179.21039677337743,179.71975969650316,40766551
2016-03-03,185.06802368164062,187.0205645120437,181.84205444212498,185.5773722467151,22903720
2016-03-04,187.1903839111328,190.50123555709757,185.95943191099678,188.2515577814172,24493722
2016-03-08,184.0917510986328,186.7234471685057,181.92695551779858,186.7234471685057,18883002
2016-03-09,183.66729736328125,184.98314549073064,178.3189944189064,180.65356827377082,17300650
2016-03-10,182.94569396972656,185.7896306872698,182.18165679899568,185.06804160925816,13551255
2016-03-11,181.5449676513672,185.53497476958924,180.48379372642185,181.12050093121093,14879621
2016-03-14,188.16665649414062,189.14293414849567,185.61984212427788,185.91697877940837,16726756
2016-03-15,187.91195678710938,190.88323766753103,187.19036773709385,189.1429229299934,13475557
2016-03-16,192.19911193847656,193.04804537741126,185.53497446846268,186.6810303362917,17144832
2016-03-17,193.34515380859375,200.56110123443187,190.96813197738274,195.25526089169378,32391146
2016-03-18,195.425048828125,196.48622264965476,191.9868673050128,193.72718211296382,18370981
2016-03-21,199.3726348876953,200.00934211801155,196.4862496756231,196.57114587287992,14818419
2016-03-22,198.3114471435547,199.16038055892778,195.7646468974354,199.16038055892778,12269251
2016-03-23,198.82080078125,199.49995603137788,195.9344159041461,196.4862268731672,16987529
2016-03-28,191.3926239013672,198.65102037607238,190.07677566463616,198.65102037607238,20214214
2016-03-29,189.6522979736328,192.66601288988448,188.80336459579033,189.5674017860269,20447782
2016-03-30,201.622314453125,202.89571467464958,192.53870625749556,193.98188462575737,23016348
2016-03-31,200.90069580078125,204.89068827594824,198.3963295749255,202.2165439282584,30614104
2016-04-01,202.30145263671875,203.2777303318539,197.54740844713263,200.3488972464485,15677352
2016-04-04,202.68345642089844,204.63601166835195,199.20281259946725,203.95685644132593,16716587
2016-04-05,191.51995849609375,201.6222914142169,191.0105956158656,200.68846184198338,26547328
2016-04-06,188.93069458007812,193.55739431234142,186.85080922980342,192.96314949746773,19185947
2016-04-07,187.0205841064453,190.37388371400607,186.04430646440454,189.1429317627455,17724531
2016-04-08,187.82708740234375,189.9918689461215,186.3838949567891,187.23282833673693,9986871
2016-04-11,190.7559051513672,191.1803718391451,186.001875398433,188.63357171247767,19813955
2016-04-12,194.19410705566406,196.0193181447921,189.99187389134653,190.41634059236873,20594261
2016-04-13,204.29644775390625,207.31017711678803,197.84453656051093,197.88698465709595,26283492
2016-04-18,201.32518005371094,207.09793593127057,199.1603841316555,206.71591731241057,17531597
2016-04-20,202.08920288085938,203.40505102937306,198.73590324489987,202.98058434433986,18650423
2016-04-21,214.8232421875,218.8556827449416,209.05047257974078,209.05047257974078,36699098
2016-04-22,213.931884765625,218.1765662628811,212.40379600682652,217.53985905110434,25884500
2016-04-25,214.7383575439453,216.77580910304115,213.2102688746234,214.86570182866598,18121694
2016-04-26,215.6721649169922,216.22397584483025,209.2627027338214,212.95557261744347,30185498
2016-04-27,207.64974975585938,213.08294943389424,206.50369388371547,212.99805323985927,36932788
2016-04-28,203.82949829101562,210.53609692384708,202.89566882310777,208.328867522185,41386507
2016-04-29,201.15538024902344,207.47996114705603,196.35888801918182,204.38133571579857,71191415
2016-05-02,192.49623107910156,195.67973830962777,191.35016106657594,192.9631458528883,36440547
2016-05-03,187.69973754882812,195.25527005447586,186.7659080087842,191.64728192313672,29305611
2016-05-04,182.0543212890625,187.44505833474642,181.20538789200614,185.45006912639658,36781786
2016-05-05,182.22412109375,186.68102873446918,181.46006960597725,181.9269844182959,27512684
2016-05-06,185.577392578125,186.97813690830844,180.99314099736245,181.67229624037935,22266141
2016-05-09,191.2652587890625,191.85951782289422,186.00186641517703,186.42633308245465,19006901
2016-05-10,191.43505859375,193.1329253288304,188.97314042859688,191.35016240717434,22357177
2016-05-11,190.11923217773438,192.32646203542313,185.66231011510783,186.7659321685071,32481385
2016-05-12,196.7833709716797,197.71720063785014,193.7696557303713,193.9818819731683,23932051
2016-05-13,192.28396606445312,195.63726523881138,189.65227012969413,195.63726523881138,23963285
2016-05-16,189.9494171142578,193.3027167232607,184.81335459262527,193.3027167232607,21535308
2016-05-17,191.81707763671875,193.1329257844209,188.67601846976717,191.30771476517145,18859442
2016-05-18,192.24154663085938,193.09048001060026,188.29400214033168,189.31271364655572,17541869
2016-05-19,191.47747802734375,193.98182966183373,190.3314081783286,192.24151509394986,16422069
2016-05-20,186.85081481933594,192.11420761771643,186.4263481178249,191.43506659494227,14666521
2016-05-23,187.69973754882812,190.0767594915861,187.06303040821348,188.5486709035757,14239474
2016-05-24,190.62857055664062,191.18036726316862,188.12420433449645,188.97313768973274,10907585
2016-05-25,199.49998474121094,200.00934768983166,192.3689177096314,192.66604015919748,20767970
2016-05-26,204.7209014892578,206.29143821598822,197.80207592126038,200.2639941215353,33650773
2016-05-27,206.4187774658203,210.70590660257074,202.13164832906986,202.89568550230933,26582685
2016-05-30,207.56483459472656,209.34761175922415,202.72590871711347,206.50367501358548,15860236
2016-05-31,207.69216918945312,211.38503912744932,204.84823257642728,210.9181243738049,18249239
2016-06-01,203.78707885742188,208.3713449119519,202.9805935442166,207.05548245468995,11862710
2016-06-02,204.89068603515625,205.78206747463756,201.70717885856467,202.98057887937972,15349530
2016-06-03,206.9281463623047,209.17782410384334,205.44250581627472,206.2065430117834,16566716
2016-06-06,206.7158966064453,208.83824421947202,205.44249658809397,206.631000422067,11592082
2016-06-07,215.71463012695312,216.35133728638968,207.73463070803237,208.41378596137193,25311345
2016-06-08,218.7283477783203,221.74207698837043,214.61101086035308,216.64846239667477,25139392
2016-06-09,216.09666442871094,220.08667155271615,214.95060855736074,218.17656418468974,13787240
2016-06-10,214.4412078857422,218.7283224356088,213.50737841464328,214.780778352749,13236448
2016-06-13,206.9281463623047,210.8756908712442,205.82452441402904,210.8756908712442,14297870
2016-06-14,207.94686889648438,210.06920232281144,207.39505793090686,209.68718373098338,11988708
2016-06-15,210.49368286132812,211.55485676888495,205.10294562930028,208.41379739155462,15761615
2016-06-16,207.1146697998047,211.14347054993425,206.24826510194188,211.14347054993425,17042021
2016-06-17,206.5948486328125,209.84388844958644,203.73570406455156,209.1940775777594,15150943
2016-06-20,206.2915802001953,207.46123668459208,202.43606632976318,202.43606632976318,17780316
2016-06-21,206.0749969482422,208.8041908979475,204.68874639805006,208.15438004471082,12191664
2016-06-22,207.0713653564453,209.973831515667,204.29886427543497,205.42519920187826,13478056
2016-06-23,208.71754455566406,209.19406862999207,204.51547127156454,207.1146855629751,7979235
2016-06-24,200.09678649902344,201.786274308652,191.56267498261755,198.40729868939485,33755632
2016-06-27,201.61300659179688,203.0859005178632,198.66721873966424,198.66721873966424,13172968
2016-06-28,202.0028839111328,202.912610358754,199.2737045682692,199.79355033010427,11302737
2016-06-29,205.03530883789062,206.4648810036986,202.95592585403898,204.38549801984698,7959976
2016-06-30,208.414306640625,210.36371008229304,207.33129341786227,207.50456564469908,16851065
2016-07-01,208.24099731445312,210.23373677492464,207.54786485510513,209.4106392527566,9108853
2016-07-04,214.9990234375,215.69214150423352,209.58397128271923,210.6236629251817,10389222
2016-07-05,212.3564453125,217.5548883136161,211.87992124954468,217.29497270762243,10375132
2016-07-07,212.1398468017578,214.04594301228232,211.40339260640425,212.26979733075902,8365966
2016-07-08,209.62728881835938,211.83662260796282,207.54790557471242,211.83662260796282,7658211
2016-07-11,216.47190856933594,217.20834830262865,213.6560856369741,213.6560856369741,9682385
2016-07-12,226.73880004882812,227.17200240026293,217.2516409219224,217.98808055665367,28558549
2016-07-13,226.26229858398438,231.9372659506122,224.48616731164708,228.94815633934132,28248930
2016-07-14,232.717041015625,233.58344580166914,224.96269055004376,226.13233264849507,14269365
2016-07-15,230.24777221679688,233.8000346712349,228.2117108339688,233.49679736538508,11510449
2016-07-18,228.2117156982422,235.01301798859714,227.47527599304092,230.2910988179933,14310274
2016-07-19,233.1935577392578,234.36319980077846,228.08174348674945,229.59795908563376,14880049
2016-07-20,231.76400756835938,232.37048223170794,229.98786164751868,231.33079060545046,7892214
2016-07-21,226.91212463378906,233.06361650048098,226.39227881693432,231.24416341267045,12060367
2016-07-22,228.25503540039062,229.0781184854608,224.26955596975873,227.3019872358796,8537587
2016-07-25,232.76036071777344,234.75310055854473,225.9157509050587,226.91212082544436,11311554
2016-07-26,226.69549560546875,233.49679776242058,225.3525667596206,232.58707130096343,11896758
2016-07-27,234.44985961914062,237.22236085822806,227.691878759889,227.691878759889,26003949
2016-07-28,235.66282653808594,237.39565074193567,234.31989759619663,234.70977831579523,9781546
2016-07-29,227.7784881591797,235.09963542123612,227.0420339929201,233.9733005986553,21115025
2016-08-01,216.16864013671875,226.39225402549275,215.04231977550805,221.71365672849942,42583051
2016-08-02,212.5297088623047,216.12529251622058,212.26977874234427,216.12529251622058,20758831
2016-08-03,209.75723266601562,214.21922148949398,208.41430384980018,212.00988792361443,17910406
2016-08-04,208.24099731445312,212.3131050682505,205.03529422807142,212.1398328601828,29931529
2016-08-05,213.09291076660156,215.43220951340732,211.4900517275994,211.4900517275994,16307350
2016-08-08,212.48641967773438,214.60912447933345,211.87993051408307,213.2228593788845,11906856
2016-08-09,212.57302856445312,215.30220754440637,211.836574440466,212.61635025070876,12642014
2016-08-10,207.37461853027344,213.61275327357507,206.334926982663,213.1362291927837,12527824
2016-08-11,210.27706909179688,210.84022197443247,205.81506592399012,207.93777055458202,9477854
2016-08-12,213.09291076660156,214.5224830308918,208.9774662060817,210.97020594582466,11727486
2016-08-16,215.3455810546875,216.1253425102253,211.2734724479115,213.13624723575566,13111524
2016-08-17,214.52249145507812,217.9881107465213,212.4431082463229,214.95569386650854,12875115
2016-08-18,219.1144256591797,219.89418701981464,214.6524223253321,214.7390657081494,20725328
2016-08-19,219.9808349609375,221.54037225688353,217.9447881343431,219.2010735841448,14519513
2016-08-22,218.55125427246094,220.89055285454552,215.47551603442898,220.28407827048068,9076842
2016-08-23,216.775146484375,218.3346838879298,215.51886094788904,216.99175496085275,10995821
2016-08-24,215.25892639160156,218.07474927428808,214.73908060100516,216.7751420689777,9228359
2016-08-25,213.95932006835938,216.7751429626544,213.22286580266112,214.82572487547148,14901359
2016-08-26,212.5297088623047,215.56213967435713,210.71025619201671,215.04229397679504,11490424
2016-08-29,217.0350341796875,218.89782321055566,211.92323475871927,212.2697937341172,9206563
2016-08-30,222.0168914794922,222.58005892481037,218.3346640527847,218.3346640527847,15251016
2016-08-31,223.53311157226562,226.0023753179326,222.66670681226051,222.75333565437253,16906022
2016-09-01,226.08900451660156,228.73155503538126,224.18290822464004,224.18290822464004,18098850
2016-09-02,226.3922576904297,228.99147198978744,225.48253123141842,227.4319492271171,8034006
2016-09-06,236.269287109375,237.30897859723996,227.6052107669802,227.6052107669802,23274042
2016-09-07,240.9912109375,245.8431094953447,235.79276793301258,237.39562688848733,35379184
2016-09-08,239.43167114257812,243.20055645979454,238.73855317189845,241.38108906645,13116475
2016-09-09,237.48228454589844,239.12845074938093,234.0166508204746,237.87216524975685,16649877
2016-09-12,232.37046813964844,233.4534813965177,227.60522726025698,231.33077657644284,20617372
2016-09-14,235.18629455566406,237.2223560194222,230.7676271582826,231.07086447618565,16807794
2016-09-15,234.44985961914062,237.1790391630209,232.37047641864424,235.40290782897452,12135372
2016-09-16,231.634033203125,238.78189466943886,230.72430670217244,235.44622598515906,32955498
2016-09-19,235.3162384033203,236.00937090758524,232.02389172837195,232.19717849002816,15144399
2016-09-20,235.74945068359375,237.56890358809252,233.36683032237858,235.5761784570076,11030397
2016-09-21,233.84336853027344,236.5292408995044,231.28747578797032,236.35595412008257,12736748
2016-09-22,238.69525146484375,240.77463463569205,235.9227502652869,239.1284538683769,14886284
2016-09-23,235.01300048828125,238.99846511454396,233.84334393492983,238.95514342424502,17977571
2016-09-26,227.4752655029297,232.80365905243912,226.8254546723835,232.63038682869106,15868805
2016-09-27,225.2659149169922,228.9914640083009,224.3995101807381,228.34166772729043,17356843
2016-09-28,225.91575622558594,227.38865029291526,224.4428621582566,225.61250434732383,17881785
2016-09-29,216.9051055908203,228.29836212279116,210.79693577323383,227.86515972413946,48140661
2016-09-30,218.46461486816406,219.46098468601446,213.9593043844896,214.91235251092385,15104920
2016-10-03,221.9302520751953,222.58006291488203,216.6884872926467,217.46826320874288,18062317
2016-10-04,223.7063751220703,225.2225906644509,220.8472307995332,222.53673310413788,16201324
2016-10-05,221.32374572753906,225.7857487895889,220.58730610317212,225.2225813779415,16039581
2016-10-06,217.6848602294922,222.71003116533726,215.90872899602522,222.66670947258336,13854468
2016-10-07,217.1217041015625,219.980848718426,215.0423354526191,217.38163427165637,10506728
2016-10-10,216.68850708007812,219.37437952600436,215.8654239390442,218.24804451232285,6611211
2016-10-13,208.9341278076172,215.21558383801332,207.1579966782701,214.6957380978015,20736801
2016-10-14,209.45396423339844,210.5369773558747,207.677833183036,208.97744020459197,10761830
2016-10-17,224.1829071044922,225.17927693779916,212.74632940986692,213.1362246386605,69082439
2016-10-18,234.23324584960938,235.142972343677,224.83272904933636,224.87605074356446,41861705
2016-10-19,229.6413116455078,235.4029229703106,228.08177414482464,235.09968562671773,19968759
2016-10-20,240.5146942138672,241.64102914044923,231.46073673555077,231.46073673555077,36280178
2016-10-21,240.34141540527344,242.63739234596073,237.48227101671336,239.345045584197,26362877
2016-10-24,246.53623962402344,248.1824058096905,241.85762760127253,241.85762760127253,22219428
2016-10-25,250.6083526611328,252.64439946667147,246.57953711483236,250.565016426914,25090671
2016-10-26,241.20785522460938,246.44962069915064,239.99487676937733,246.44962069915064,30017739
2016-10-27,246.3196563720703,246.92613102340567,238.26205369936307,240.34143691068903,19868027
2016-10-28,239.86489868164062,244.7600900113682,238.73856375142321,244.32690216726712,18314125
2016-11-01,238.56527709960938,242.37746973627563,237.82883740496285,242.1175541212124,11675305
2016-11-02,235.576171875,236.7458139056291,232.84697805214503,233.92999124308176,15140657
2016-11-03,233.71340942382812,239.47502047864162,232.5437672598971,235.66282757274166,12484687
2016-11-04,233.7567138671875,236.09601256475756,229.90119954988333,235.5761813362849,16361493
2016-11-07,241.4677276611328,243.63375399687442,236.09599805424227,238.9551423469221,18741014
2016-11-08,245.36659240722656,249.0488054013957,241.0778611735694,247.61923317096355,35153751
2016-11-09,243.85035705566406,246.70951599799542,212.26980358079604,220.8472367807088,51055067
2016-11-10,253.51080322265625,258.53597403486447,248.39898902707193,249.9585408431205,29137485
2016-11-11,239.47499084472656,254.94036903437572,237.82882477126344,248.87550685831565,33036653
2016-11-15,233.71340942382812,243.2872133845416,230.59434911098356,239.99486628784268,37961485
2016-11-16,230.63766479492188,241.03455162320427,228.90485517099532,239.6483010155907,26473183
2016-11-17,231.89393615722656,234.49316497675372,228.73155442396575,232.15386631035958,14654093
2016-11-18,229.25140380859375,233.06359644253504,227.25866410587702,232.5870723632924,9983933
2016-11-21,226.3056182861328,231.33077474536904,220.80393774272932,230.637656736959,21625818
2016-11-22,227.60520935058594,230.98419939393952,224.65942166742022,229.59794893286625,23906788
2016-11-23,229.5546417236328,230.3344176550497,225.6991273866187,228.81820202756447,17154845
2016-11-24,224.65943908691406,228.5582751732705,223.5331186800376,228.5582751732705,22563160
2016-11-25,225.35255432128906,227.34529390491483,222.71001846812268,227.34529390491483,16611698
2016-11-28,221.19381713867188,222.3634592243666,219.63427981538467,222.3634592243666,32939718
2016-11-29,221.32374572753906,224.74605734383366,220.327390512913,221.36706741630883,32329662
2016-11-30,230.07449340820312,230.89757651139345,221.75698990337594,223.05659709931246,20731093
2016-12-01,224.5294647216797,232.19717099986474,223.31648651393405,230.68095551136244,15792045
2016-12-02,224.83273315429688,229.25141516498758,221.67035121443595,223.53312593080958,12275345
2016-12-05,226.0023651123047,226.4788891630251,223.35981471702257,224.91935194002383,8305074
2016-12-06,226.13232421875,227.56189642513968,224.8760387800538,227.21533743211324,8335181
2016-12-07,224.13958740234375,229.07810005785976,217.46825078742518,227.69184961575354,13635680
2016-12-08,227.64854431152344,228.21171177530533,223.87967337853186,225.74244799863754,11336250
2016-12-09,232.5870819091797,233.7567240376741,227.86516261582813,228.68824572947545,17533272
2016-12-12,229.46800231933594,232.45711193318513,228.60159752927095,231.76399391807757,7515935
2016-12-13,229.07814025878906,229.9012234220913,227.43197393218452,228.2117353982222,10265621
2016-12-14,225.74244689941406,229.3380455861373,225.26592282351297,229.16475881586027,14369017
2016-12-15,225.52584838867188,226.73881212884075,223.3165002820508,224.13959788175296,24089601
2016-12-16,221.4537353515625,225.26592804717168,220.80393903267705,225.26592804717168,24984316
2016-12-19,222.75331115722656,224.3561699666151,220.7172645578356,221.28043195261313,7417692
2016-12-20,217.9880828857422,222.40676436842014,216.81844088707905,222.40676436842014,11590031
2016-12-21,219.41769409179688,221.23716176205937,217.6415626614527,219.20110014637953,7685724
2016-12-22,219.15774536132812,220.76060430181815,217.1650057440595,218.94113690625102,8951470
2016-12-23,218.2047119140625,220.71729745008227,216.73181794759304,219.15776009575677,6932571
2016-12-26,214.9990234375,218.72457303768869,214.08929688593588,218.55128624982422,6767153
2016-12-27,219.67759704589844,220.37071503614987,213.74269972477256,215.73543939587645,9094498
2016-12-28,218.11807250976562,220.76062317583123,217.5115833260579,220.06749060268504,9176829
2016-12-29,217.55490112304688,219.20108186580006,216.64517463496475,218.42132045954713,6379633
2016-12-30,221.19381713867188,223.0999134641248,217.77150518299757,218.33467265049248,11565801
2017-01-02,218.29135131835938,222.06022228243103,214.9556827433014,222.06022228243103,10404350
2017-01-03,220.4140625,221.28048190266028,215.99539480400782,218.42133713825956,10236706
2017-01-04,217.55490112304688,221.58370232086313,216.94842649256623,220.2840951296545,6901181
2017-01-05,222.88328552246094,223.96629866974735,218.5079257863947,219.37434502963958,13830668
2017-01-06,223.66310119628906,226.47892424652616,222.84000349582362,223.7497300479087,9055143
2017-01-09,224.13958740234375,225.13594263749158,221.80027433003227,223.4464549101108,7875294
2017-01-10,225.439208984375,226.91210290066599,223.79302829827543,225.26592221456642,14784040
2017-01-11,229.33807373046875,232.283847390158,226.6522011733686,227.43197719294847,19565679
2017-01-12,232.50042724609375,233.49679709003203,229.98784178997275,230.98421163391106,11711279
2017-01-13,232.2405242919922,233.93001222410552,229.4246868345341,233.93001222410552,7810375
2017-01-16,233.32350158691406,234.66643037863142,229.4246657421887,231.67733550105413,8863676
2017-01-17,232.54376220703125,235.22962004424178,230.0311766075482,233.49681041279777,6968061
2017-01-18,232.5870819091797,235.7494638221773,231.11418791812784,231.67735540623022,10085606
2017-01-19,233.6700897216797,234.53649450969985,230.63765842124798,232.89031377857265,8605687
2017-01-20,228.25503540039062,232.15387144472862,227.47527400846738,231.33077381729754,12207059
2017-01-23,223.14321899414062,226.8254462991323,221.0638360470414,226.8254462991323,43793368
2017-01-24,222.79669189453125,224.00967038051715,221.49708455300026,224.00967038051715,26520047
2017-01-25,225.22259521484375,225.95904942681534,221.4537243992041,224.3995121623699,41078083
2017-01-27,235.66282653808594,237.39565074193567,225.87242868290028,227.90849021480184,89433645
2017-01-30,234.62313842773438,238.78189014505574,233.670090250284,236.52923478263514,17037472
2017-01-31,233.02027893066406,237.3956391080997,230.85425241759089,232.890313849713,20535165
2017-02-01,243.46047973632812,245.6264916409183,227.6918636268855,230.33441414708219,44647342
2017-02-02,247.61924743652344,249.09215598682383,243.0706148696254,244.326914944187,28910922
2017-02-03,243.93701171875,246.8827850960314,241.55439127526873,246.8827850960314,20058936
2017-02-06,251.51806640625,253.20756877402408,245.6698270132059,245.6698270132059,22521926
2017-02-07,249.61196899414062,253.5974483174531,247.18604149740145,249.52532561017983,12829302
2017-02-08,247.61924743652344,249.9585608050557,244.93338959153238,249.52534385357816,16662978
2017-02-09,246.9261474609375,250.1751730381462,241.38113004239804,248.31238363761906,16631183
2017-02-10,243.98033142089844,247.92247463712556,242.68072424661568,247.44595055231912,16771421
2017-02-13,244.0236358642578,246.14635518918539,242.20419747433903,244.7600901011658,13144434
2017-02-14,246.6228790283203,247.70587772263636,243.72039831877646,245.19330679115677,12889195
2017-02-15,243.24388122558594,248.13910177764845,241.3811065487257,247.09941020396803,14420745
2017-02-16,241.55438232421875,243.85035929515522,236.39926092705332,243.72039421877375,20257845
2017-02-17,245.1933135986328,247.87917137610555,238.9984858565719,242.33415450256405,28496342
2017-02-20,244.63014221191406,247.92247456891346,243.54712896246258,245.23661683432923,9947581
2017-02-21,246.75282287597656,247.6192276248887,243.63376287142077,245.19330014487886,11288626
2017-02-22,247.9224853515625,249.43870105826565,243.59046125007006,249.43870105826565,30787289
2017-02-23,246.49290466308594,250.1751468378274,244.37021437968923,246.6661914382045,25499159
2017-02-27,241.59768676757812,247.4026185898496,240.0814712784589,246.92609455283267,15037984
2017-02-28,239.43167114257812,242.6807107106047,238.86851824478597,241.68434090318752,18179839
2017-03-01,241.8142852783203,243.4171441760515,240.21144092294892,240.51467820960735,19983162
2017-03-02,241.42440795898438,246.49288577688478,239.99483580087298,244.37019565612786,20040929
2017-03-03,239.08511352539062,241.6410205950034,238.3053521683238,241.38109044774095,9256168
2017-03-06,239.77825927734375,242.03091463282257,238.6952460220254,239.0851267220789,12565060
2017-03-07,239.1284637451172,241.9442867555656,238.26205890226566,239.9948685879687,9116307
2017-03-08,237.7421875,239.6049620743498,235.74944785050198,239.30172477469765,12969749
2017-03-09,236.96243286132812,239.08512310387835,236.1826569306608,237.39563524842737,11647809
2017-03-10,234.4065399169922,239.5616617244962,233.41017000347944,238.39201957104322,15749231
2017-03-14,248.87551879882812,249.6986164174102,243.5471251073694,243.5471251073694,43486006
2017-03-15,247.05609130859375,248.65895047572062,246.14637929572143,247.70590222334513,13414846
2017-03-16,246.49290466308594,249.04881188427905,244.71678792992634,248.26905048096776,10712223
2017-03-17,243.11390686035156,248.39897851429154,242.2908092954745,247.87914732075632,25016303
2017-03-20,238.30535888671875,242.33414540162542,237.39563243037335,242.33414540162542,12153226
2017-03-21,235.7061309814453,239.82157543979355,234.88304790671995,239.12844290051484,16304076
2017-03-22,229.59796142578125,232.84698657515688,229.16475904202187,232.11054688547418,24534011
2017-03-23,231.2874755859375,232.4137960241111,229.42468633586444,230.89758033257897,13209523
2017-03-24,238.04542541503906,239.8648928447368,233.62675827218007,233.62675827218007,19227304
2017-03-27,236.65919494628906,242.59409272103622,235.83611181656966,242.59409272103622,12341637
2017-03-28,239.99484252929688,240.47136659536037,238.34867641509234,239.99484252929688,13884032
2017-03-29,244.50015258789062,245.0200128870284,239.69160478683054,241.68434443075043,18910842
2017-03-30,243.76368713378906,245.40986761320227,242.3774367764532,243.67705830212213,16543030
2017-03-31,239.86489868164062,245.10666355442638,238.86852883007003,242.89731538687383,19741901
2017-04-03,248.3990020751953,249.0055057906868,239.86490466921313,241.55439256435184,20449617
2017-04-05,246.79620361328125,248.22577606948056,245.10670096012043,248.22577606948056,10569529
2017-04-06,243.3305206298828,245.79978444135574,241.9442700684589,244.24026164872947,17014957
2017-04-07,240.29808044433594,245.19328589628958,238.91183001816174,242.68070063656654,18994042
2017-04-10,240.5580291748047,241.72768585864264,239.21510025280074,241.2078400594215,10395338
2017-04-11,245.7564697265625,246.2763009465315,239.77825073095295,241.12117955765405,13734771
2017-04-12,243.28720092773438,247.74921904462343,240.99122387103282,245.88642984065382,18252914
2017-04-13,245.02001953125,247.61923384325954,242.07423167708387,242.85399306221458,15178825
2017-04-17,244.6734619140625,247.53260656878155,243.02729565111855,245.19332226113332,8250861
2017-04-18,245.53985595703125,252.64441012856986,244.80343079144322,245.53985595703125,19072022
2017-04-19,243.07058715820312,246.9261012479099,241.59769331818256,245.5398362459471,15189575
2017-04-20,236.3126220703125,239.34505332314842,235.4895389888482,238.21871839098404,31912290
2017-04-21,233.1935577392578,237.22234422986529,231.3307686030098,236.22597439466588,18165879
2017-04-24,232.76036071777344,235.09967412553925,229.77126549897832,233.75673063815907,24418208
2017-04-25,236.09600830078125,236.7891408301612,233.92999641339486,235.66280592330398,13685114
2017-04-26,239.90821838378906,240.81795943955217,236.52924250107571,237.39564731932845,15205419
2017-04-27,237.52557373046875,240.0381590820192,236.8324557632301,239.95151570052434,14909618
2017-04-28,241.29446411132812,242.07422547648568,236.44258006902237,236.96242582658087,9367499
2017-05-02,238.78189086914062,243.33052330151025,238.26204508510392,242.7673558236071,16780204
2017-05-03,236.3126220703125,240.03817132574125,235.01301490868033,239.04180147244833,24205196
2017-05-04,258.0161437988281,259.70564634444236,245.9297539685614,252.64442791192036,122120948
2017-05-05,258.6659240722656,261.43842508082867,255.11366169953186,259.9222095017319,48189321
2017-05-08,262.4781188964844,266.9834294393195,259.9222117811718,259.9222117811718,30347849
2017-05-09,260.4420471191406,264.5574765819681,258.5359510239601,263.6477356798509,15194182
2017-05-10,258.7525939941406,262.21821333911157,257.626258981608,260.87528438869913,15054831
2017-05-11,260.0954895019531,262.0882290945057,259.5323220680978,261.39511113157613,10261128
2017-05-12,256.93310546875,260.39872433541103,254.1172683260481,259.92220028700916,16605029
2017-05-15,261.48175048828125,262.95462977242875,258.36267607602116,259.48901092639727,17095696
2017-05-16,262.21820068359375,265.0340380790238,260.83196464639923,262.3914874594237,19569431
2017-05-17,268.3697204589844,268.75960118220416,263.8210732417883,264.7741214729309,23363685
2017-05-18,266.8102111816406,271.05559219988965,263.9943734983323,263.9943734983323,27753950
2017-05-19,266.03033447265625,270.66562381788486,263.1278834170857,266.7667885644072,16728969
2017-05-22,263.25787353515625,269.92921033719216,261.8283013632914,268.19640087154755,14850717
2017-05-23,265.1639709472656,268.3696888323138,262.3481628242113,262.65140011934386,29771017
2017-05-24,265.7271423339844,268.2830494332835,262.78135455162345,265.8137857174115,20506719
2017-05-25,275.25762939453125,277.12041854991656,265.1206732544349,265.42391056038286,41775676
2017-05-26,278.5932922363281,279.8495776694238,273.39486373702437,274.6511491701201,21336089
2017-05-29,272.8317565917969,277.5969983117962,271.878708247797,276.6006137241269,11266657
2017-05-30,278.4633483886719,281.14920608626466,272.4418221442929,272.7883666017336,15573191
2017-05-31,282.83868408203125,283.66175254659356,276.0807041858026,279.84956025050144,128437479
2017-06-01,277.3370361328125,282.1455844574291,274.43458427646266,282.01563391085597,19883562
2017-06-02,275.64752197265625,279.8062883042021,273.4815245026386,278.9831906513728,13469524
2017-06-05,277.0337829589844,278.67994915524594,275.64751784100673,275.9507551554862,9831353
2017-06-06,276.3406677246094,278.16012071452707,275.2576399102071,277.72690377182164,10757211
2017-06-07,281.322509765625,282.40550852289095,277.9001976276076,278.1601277998518,15076040
2017-06-08,277.4236755371094,283.3152516424574,276.81720088218844,282.3622034220253,20130322
2017-06-09,279.1131896972656,279.93625832263945,273.8714242660005,276.34068831157145,10190305
2017-06-12,273.56817626953125,277.85689372946734,272.7884147467659,277.25041900836686,10376913
2017-06-13,272.7884216308594,276.12409085054423,271.9653529292702,272.9617084368973,9305516
2017-06-14,276.42730712890625,279.3297881967807,273.2649249565313,276.4706433694731,22264301
2017-06-15,274.4345703125,276.73054738838465,273.52482927860643,276.38397383552564,11206355
2017-06-16,274.2179870605469,276.6006078701205,273.48156178102533,275.9074897486245,23228635
2017-06-19,277.7702331542969,278.72328132000916,274.69446564879127,275.51756327725985,10719809
2017-06-20,280.909423828125,283.74299408662495,276.6350168767574,279.27649707262924,16849368
2017-06-21,279.61273193359375,281.1015547167221,278.12387983715996,280.47721062422653,7142413
2017-06-22,278.1719055175781,281.7739242458445,276.87517291274156,279.9969224772391,9180870
2017-06-23,280.3331298828125,281.9660275281147,273.3692266820378,278.1238740380321,14937649
2017-06-27,276.53900146484375,281.53381290570286,272.26462314241604,281.4377532023583,18053262
2017-06-28,278.8923034667969,281.72587388615875,277.3554363120178,277.3554363120178,17157094
2017-06-29,281.6778564453125,285.1838153772825,278.6521666632919,279.99691442048965,34774280
2017-06-30,278.7001953125,280.4771971157917,276.1547745575004,280.4771971157917,12435467
2017-07-03,278.6041564941406,280.717352739659,277.355468275711,279.90088922146754,6106230
2017-07-04,278.07586669921875,281.2456316927477,277.2113880021932,280.8614221955481,8335899
2017-07-05,281.29364013671875,282.1581187229115,277.115292771268,278.5561001860233,6958589
2017-07-06,282.15814208984375,283.45487473317286,280.8133942540339,282.3982766788564,9967582
2017-07-07,278.26800537109375,281.91803981716845,277.7877361380151,281.91803981716845,8477468
2017-07-10,279.9489440917969,281.6779015833539,278.5561516084318,279.516690062254,1114874
2017-07-11,278.2198791503906,281.38967274576885,277.30738546351284,281.0054340215055,10893055
2017-07-12,280.81341552734375,282.97462699218227,277.2113964192796,278.2679945536397,8091465
2017-07-13,286.14434814453125,287.6812152573142,283.4068081800901,283.9351218228009,13747313
2017-07-14,286.4805603027344,287.5851735326072,282.8785415227335,287.5851735326072,6196683
2017-07-17,291.5233459472656,292.53189933972044,287.0088046471446,288.1614622213499,12506474
2017-07-18,291.9076232910156,293.92475985858886,289.60233691949196,289.8424715272195,11772154
2017-07-19,290.32269287109375,292.8681134306283,289.506229476786,291.04309657548856,10780451
2017-07-20,288.73785400390625,291.8596038590594,287.9213904868203,290.0826019250033,8458004
2017-07-21,290.1305847167969,291.90758645238554,284.5114590557478,287.6812237524064,9705981
2017-07-24,291.09112548828125,294.5010541045037,289.6983625154325,290.2746913687817,15604131
2017-07-25,292.1477355957031,294.6931563806328,289.8904645927261,294.6931563806328,18129742
2017-07-26,298.1030578613281,298.7274018739671,292.53191830913806,294.6931294159433,26050717
2017-07-27,295.0773620605469,302.0412643715182,293.3003604357767,302.0412643715182,28535869
2017-07-28,284.4634094238281,292.0036408816226,282.2541830766894,292.0036408816226,30571846
2017-07-31,290.6589050292969,294.356983468929,284.5594807604625,287.05688628549353,21526493
2017-08-01,290.6589050292969,293.1563105543279,289.50624730595837,291.9075931351606,10722862
2017-08-02,289.9385070800781,292.43591265506393,287.8733554883164,290.27470136555195,8348096
2017-08-03,284.0312194824219,289.60233053353227,282.92657686058783,289.45825563473403,14389817
2017-08-04,284.55950927734375,285.76018231226925,282.30223810902254,283.35883624241825,10099985
2017-08-07,288.3055725097656,291.04311259985064,284.9917328750761,285.5200172287314,11870705
2017-08-08,283.8390808105469,289.65032606967134,282.2541984047224,287.9693839667324,10288608
2017-08-09,279.1324157714844,282.7824493237056,278.4120120982854,282.7824493237056,12959158
2017-08-10,277.3554382324219,281.8219355309068,251.22878436018507,277.59557281097807,17225844
2017-08-11,275.6264953613281,278.2199313569565,269.2388917880867,272.74488026842687,17211539
2017-08-14,280.28509521484375,281.2936781293769,276.20280698833346,276.20280698833346,8428420
2017-08-16,283.310791015625,284.12722514218774,275.9626493701329,280.1890414557217,8605873
2017-08-17,281.5818176269531,286.09635969647144,279.80481577774674,286.09635969647144,8168684
2017-08-18,281.5818176269531,282.7344753976018,279.32454659219394,280.4772043628426,6700778
2017-08-21,281.9179992675781,287.92136381756916,280.7173263575799,283.5989413415756,10623264
2017-08-22,282.3502197265625,285.6160437914556,280.6212333534074,285.2798495539004,7549155
2017-08-23,286.8167419433594,287.39307078541844,283.64694796868554,284.31933650330495,9142592
2017-08-24,285.9522705078125,288.3055718113895,284.943687680591,288.16149692558736,12766567
2017-08-28,289.0259704589844,290.32270303495244,286.3364749270752,287.8733420795816,8827300
2017-08-29,287.6812438964844,290.8510088150969,286.33649603141555,288.1615130849593,12737088
2017-08-30,288.4496154785156,290.3706919167696,287.5851369439614,289.8904228072061,8552010
2017-08-31,286.2884521484375,289.025992391371,285.2798985757644,289.025992391371,14865124
2017-09-01,286.5285949707031,287.8733721906218,285.4239816657464,287.8733721906218,7472688
2017-09-04,285.3759460449219,288.1615013620947,282.8785405037896,288.0654416656466,6244661
2017-09-05,285.8562316894531,287.2009795773213,284.99175299820257,284.99175299820257,7683590
2017-09-06,283.69500732421875,284.3193513885937,282.6864244694862,283.2627533417185,4854030
2017-09-07,281.10150146484375,286.72065585942204,280.5732171743423,283.88705641287834,15630577
2017-09-08,280.4772033691406,283.16669907338587,278.6041418267988,283.16669907338587,8077662
2017-09-11,279.32452392578125,282.1101084265889,277.64358191275016,281.4377198960555,7639794
2017-09-12,279.70880126953125,281.82196821793906,279.0364126462659,281.10156439871463,8497603
2017-09-13,280.4772033691406,281.67787632876883,279.7087844003005,280.5732630685718,8297426
2017-09-14,282.11016845703125,283.9351857397227,280.1890914619226,280.1890914619226,12267908
2017-09-15,280.09295654296875,283.88706500158366,279.46861254986004,282.8304963886155,22632513
2017-09-18,281.4377136230469,282.7824613408379,280.6212502293982,282.30219220496247,11181986
2017-09-19,283.02264404296875,283.83910757547494,278.1719366709779,280.3811633464119,7558625
2017-09-20,279.08441162109375,281.2936674596247,278.17191775776325,280.4772039826308,14617079
2017-09-21,273.7054138183594,278.9403302237339,272.4566963787505,278.0278363816816,14496834
2017-09-22,266.1651611328125,272.744854161119,264.8684286024701,272.40865990313364,23451953
2017-09-25,268.4704284667969,269.6230860388436,264.67629082933445,267.9421441790336,13358067
2017-09-26,271.59222412109375,272.79289708360966,265.8289939010175,268.47047441855244,11325047
2017-09-27,265.4927978515625,273.5132990507421,264.53225948790754,273.5132990507421,17853590
2017-09-28,265.0605773925781,266.8375499429648,258.5288988278336,265.0605773925781,32223724
2017-09-29,265.6849365234375,270.5356438864623,264.86847299244045,266.50140005443455,9980756
2017-10-03,267.41387939453125,269.6231352587052,264.2921296564354,268.4704774762401,6752832
2017-10-04,265.2046813964844,268.37444666957333,264.244142912117,268.23037175957984,7417758
2017-10-05,261.0743408203125,266.4533620407943,260.4019814885694,265.1086140640007,10975305
2017-10-06,261.2184143066406,263.61976016600187,259.8736371747551,261.4105043874072,25447787
2017-10-09,261.0263366699219,265.3967751077931,260.54606742121916,262.5632041284323,20478222
2017-10-10,259.15325927734375,262.2269940093697,258.52891515426853,261.1223806664971,18594444
2017-10-11,257.04010009765625,261.2664634974535,255.6953521040809,260.4019847382485,12687990
2017-10-12,256.9920349121094,257.37627371934116,253.63015054196916,257.04007941966603,11831125
2017-10-13,260.5940246582031,263.8118337714526,257.0400505962801,257.0400505962801,14402254
2017-10-16,263.4276123046875,265.1085542245898,259.6815190315654,263.7638065513281,12848154
2017-10-17,263.0914001464844,265.63682044638114,262.4190410122789,263.9078634575113,9183764
2017-10-18,252.76564025878906,257.80846618368975,251.90116167718074,257.80846618368975,30669948
2017-10-19,247.67483520507812,250.700525337874,246.47416219100785,249.3557774247765,3822821
2017-10-23,252.18934631347656,254.01439273221763,246.37810069301815,248.15510260356268,22939775
2017-10-24,256.0315246582031,257.56839211611396,244.93731674282228,252.86175934332536,15126641
2017-10-25,293.6365661621094,298.5352879768507,273.1290678649529,281.6298375704841,123615362
2017-10-26,287.44110107421875,302.23338579315515,283.3588130890377,287.969385441097,43256025
2017-10-27,289.2660827636719,293.3964147501022,274.2336652924383,280.3811041158433,36889009
2017-10-30,288.6898193359375,296.27809653931644,283.59897727778116,286.8167869469814,38047961
2017-10-31,288.2575988769531,291.28328917555456,286.5286120539611,288.40167378387554,19050731
2017-11-01,301.0326843261719,306.36368924838376,290.4667634835517,291.043092301264,38829935
2017-11-02,304.15447998046875,307.75649899803307,299.11165335587873,301.080774673464,27736221
2017-11-03,303.4340515136719,306.0755319118514,301.6570497467813,305.2590684715716,14258432
2017-11-06,303.62615966796875,307.6123877132236,299.35175254741335,302.3774423016043,16349376
2017-11-07,300.1202087402344,305.40316948141543,297.1425340961808,304.5867060496632,12752869
2017-11-08,293.4444580078125,301.6090337625307,291.9075908266167,299.6879571143617,11942186
2017-11-09,299.01556396484375,302.3774480474508,294.6931415729204,294.6931415729204,12716330
2017-11-10,305.93145751953125,311.40653771537484,298.7754352494045,300.16822755056046,21000915
2017-11-13,301.8491516113281,309.10120383084603,300.6484787727787,304.4906318561369,13679015
2017-11-14,301.705078125,304.5866929508103,297.5747459533574,300.93662991680276,12362405
2017-11-15,303.04986572265625,306.98807903210945,300.3123254152738,300.6005045237542,14408468
2017-11-16,306.36370849609375,307.372262005478,303.5301087304095,303.6741836155639,8983382
2017-11-17,312.27099609375,319.2348985212351,311.02227876015104,311.2143981386437,20440466
2017-11-20,305.9794921875,311.118378432938,304.68278881258374,310.5900940441429,13606336
2017-11-21,307.27618408203125,309.4854396721152,305.0189133041786,306.17157094363995,13102056
2017-11-22,306.315673828125,309.3894082722002,305.4992103682953,306.79594300293024,9342622
2017-11-23,306.8439636230469,307.8525170863084,302.7616759549757,307.1321133801782,9998609
2017-11-24,304.68280029296875,308.38084978048704,303.4821272610975,307.27623645382675,7867381
2017-11-27,304.49066162109375,306.02752886733117,301.12877734452013,302.6176000845381,9334428
2017-11-28,300.8406066894531,302.90575816770223,299.4478144318908,300.7445469969829,13929413
2017-11-29,302.4255065917969,303.81826961698647,299.9761162013392,300.2642952954953,12384876
2017-11-30,295.41357421875,303.3380160462207,294.1648860197436,302.52158185403493,23832543
2017-12-01,293.204345703125,297.7188878946378,292.3878822029613,297.47875329537237,6602231
2017-12-04,292.2437744140625,295.36552385316094,290.3707130252825,295.1253892809226,8763567
2017-12-05,293.204345703125,295.46161679888144,291.7155229130014,292.7720916991249,8219441
2017-12-06,287.6812438964844,292.96420496970865,286.38451122494104,291.8115471920468,6751957
2017-12-07,293.73260498046875,294.6451281049741,288.35361386749963,289.60230195158823,7414305
2017-12-08,298.4873046875,299.59191797332045,294.8852857250603,295.12542032255635,10732806
2017-12-11,299.15972900390625,299.92814808231645,296.08599406364783,298.7274749514825,6829121
2017-12-12,295.46160888671875,300.02416615058183,294.2128914159944,299.73598705119707,11995276
2017-12-13,290.9950866699219,296.2300027622444,288.3536063725208,295.84579330891927,14805881
2017-12-14,292.3398742675781,293.92475679942356,289.4582590048387,291.85960505712154,11140346
2017-12-15,291.18719482421875,298.4392769518217,290.61086595178676,298.1510978589536,23227021
2017-12-18,296.71026611328125,299.9760903727258,275.6744838365013,286.2404048197818,16300443
2017-12-19,301.3209228515625,302.377491693677,296.326111196828,296.99849983572545,13135113
2017-12-20,303.3380126953125,305.30713398836957,299.2077093319433,301.7051150156736,14003657
2017-12-21,303.0018310546875,304.058399777962,299.7840217532777,302.9537865497089,9705688
2017-12-22,304.1064147949219,306.60382009922415,301.4168901159421,302.569547737405,7628532
2017-12-26,305.59527587890625,306.4117393542667,300.8406285458746,303.77025884259194,7632721
2017-12-27,300.4564208984375,305.3551729451821,299.78406155919504,303.4821405216056,6354635
2017-12-28,302.85772705078125,306.6038500295778,298.24715474145233,300.45638119940077,22689602
2017-12-29,301.6090393066406,303.2899814046872,300.1682317940293,301.51297960980577,9637881
2018-01-01,298.0550537109375,301.6090575152612,296.9024252192447,301.6090575152612,7739502
2018-01-02,297.4787292480469,299.3998058868762,295.3655332200133,298.6794021473152,7046560
2018-01-03,302.569580078125,303.86631271254925,300.1682342044891,300.1682342044891,8898342
2018-01-04,302.28143310546875,303.19392695794096,299.2076986333517,302.5215676950621,6385367
2018-01-05,300.55242919921875,302.7136403813511,299.30374113041887,302.0412811571138,6366054
2018-01-08,301.75311279296875,305.6433106469236,300.2642900955106,301.1287687363993,7329648
2018-01-09,300.2642822265625,303.3379872373155,298.4872804865084,302.37744892521084,9190909
2018-01-10,299.6879577636719,300.60048089885055,298.2951654654104,300.2162421177416,6736971
2018-01-11,297.2865905761719,300.168205347508,296.37406750659494,300.168205347508,8366713
2018-01-12,305.16302490234375,306.21959356531465,297.3826589303541,297.3826589303541,11699345
2018-01-15,316.3052673339844,317.6500444763466,307.6124069806947,308.1406913485483,30242005
2018-01-16,320.9158630371094,327.3034370912702,313.6637810322847,316.73751542434735,26707100
2018-01-17,329.70477294921875,330.61729606362,320.8678088243847,320.8678088243847,43305353
2018-01-18,332.4903564453125,339.262169654475,329.46466639212747,336.1884350940077,31504669
2018-01-19,339.6463317871094,340.99107947731744,327.3514245729043,333.7390273996696,18812611
2018-01-22,337.6292419433594,338.9739898181683,331.1936230458595,338.4937206262148,15269782
2018-01-23,348.0030212402344,350.0682020766786,336.6206656109933,336.6206656109933,22485663
2018-01-24,338.8299255371094,345.02541003270636,337.9174023184907,343.6326176070897,12815095
2018-01-25,346.5622253417969,350.40437874608864,336.86081144660346,338.5897687532131,30183655
2018-01-29,343.5364990234375,351.26884951882226,341.56740733755566,345.7937697721101,17855095
2018-01-30,339.3101806640625,342.7200801669286,336.66870013518445,342.7200801669286,13358981
2018-01-31,339.0220031738281,339.9825414694748,330.04096424687083,335.0837902990161,22638319
2018-02-01,332.5383605957031,341.85556422101706,330.2330452984733,333.83506380876776,29472295
2018-02-02,321.8764343261719,330.1370707014748,320.5316863844497,329.03242805437156,16957983
2018-02-05,316.68951416015625,321.0599520438076,314.14406401417625,314.6723777087384,17339547
2018-02-06,317.6500244140625,324.61392702063455,300.64848494580013,302.8096960995639,18491736
2018-02-07,319.4270324707031,323.1251111649826,316.8816115791334,322.11655757259075,11819190
2018-02-08,320.67572021484375,325.0461577940079,316.4973727094334,319.4270028255805,10294899
2018-02-09,313.85589599609375,315.6809129410615,309.917683022235,312.174953936436,9493398
2018-02-12,313.3756408691406,316.2092407647735,310.4940257806888,315.8730464751265,8356351
2018-02-14,306.36370849609375,314.09603023684775,304.0583930804101,314.09603023684775,15189066
2018-02-15,315.6808776855469,318.70656719235853,309.4373793040975,309.4373793040975,23779772
2018-02-16,308.38079833984375,320.8197806004202,306.21958724298463,317.31382179484234,17585994
2018-02-19,307.13214111328125,316.59344983744586,302.7617032934414,316.49739013862757,19044107
2018-02-20,304.7308349609375,311.40658917003867,303.8183116730834,307.85258504327965,16030558
2018-02-21,306.6038513183594,308.0446588352439,303.24196711229536,306.4117319241198,9974873
2018-02-22,305.7873840332031,306.69987786115314,301.56102123259893,304.4906514215861,25530698
2018-02-23,310.0137634277344,311.262451601579,305.7874004009081,306.45975968170706,7949765
2018-02-26,314.1440734863281,314.86447728974883,310.3979795712017,312.17498148230055,7133735
2018-02-27,309.43743896484375,314.14407125104117,307.03609297052816,314.0960560564771,9623651
2018-02-28,300.8885803222656,304.4905984426439,298.8234291292418,302.7135969739309,17481687
2018-03-01,292.91619873046875,301.609059582279,292.24381012072735,300.31232687109525,18986889
2018-03-05,291.37933349609375,294.40502363490054,287.4891353347941,292.4359316132358,14456193
2018-03-06,283.4068298339844,295.5576634718002,282.5903956831182,295.2694843774025,18951451
2018-03-07,275.3863830566406,282.2061825444407,274.08965029723254,281.7259133234234,31472773
2018-03-08,285.23187255859375,286.24042609299585,277.83571559529884,278.79625393789274,21413552
2018-03-09,281.14959716796875,287.68124646420455,279.2285203969223,287.2009772714429,12489587
2018-03-12,288.78582763671875,289.9865004851279,282.1581193761604,283.9351210544664,12163952
2018-03-13,292.3398742675781,294.88529522033673,287.77731676824067,288.25758597869725,15966647
2018-03-14,293.97271728515625,295.31749427480906,286.0482767874061,291.187162245577,12964285
2018-03-15,289.55426025390625,293.68456290467805,288.545677527578,293.68456290467805,13282019
2018-03-16,286.33648681640625,289.93850561404645,285.66409824885847,289.3621767437632,28835112
2018-03-19,282.92657470703125,288.16152072553405,279.75680970437264,286.33650362360015,13601784
2018-03-20,280.4772033691406,285.4720146065157,278.79626122566117,281.4377417368432,10880002
2018-03-21,277.7876892089844,283.4068148360719,276.0106874841358,283.35879964619875,13618228
2018-03-22,272.0724792480469,278.2199186358275,269.8152083324898,278.075843750431,24593489
2018-03-23,264.67633056640625,266.88558635896493,262.75525386677475,266.16518259660313,31922568
2018-03-26,270.53564453125,271.9764521846882,265.06059303616894,265.2046679388514,24618534
2018-03-27,272.6968078613281,275.9626321031467,270.29546219627014,273.2731366836024,22377328
2018-03-28,267.3658447265625,272.1204917779783,266.1651718378257,271.83234201000266,27172599
2018-04-02,251.51698303222656,263.04344370068094,248.58732335767786,262.2269802073377,73359584
2018-04-03,259.3933410644531,260.78613324356047,251.08469111659105,251.08469111659105,40773239
2018-04-04,258.0486145019531,262.51511183935,255.0229246484458,256.7038667129836,33486876
2018-04-05,267.6540222167969,268.95075493360224,257.13614421005565,257.2321746004586,26759108
2018-04-06,269.5750732421875,271.78432896286546,266.0691142420913,267.4138620254196,31577015
2018-04-09,269.7671813964844,272.2645867834031,263.5236825858386,266.78950687028527,31712527
2018-04-10,277.40350341796875,282.83056932207666,268.03825316642065,268.4224920120026,44741783
2018-04-11,273.3211364746094,276.5389453471789,271.2079699963801,276.39487047805187,16811454
2018-04-12,275.43438720703125,278.4600773154325,272.3606525904709,274.0415947966167,22954325
2018-04-13,276.87518310546875,279.6127233023902,274.5218523910458,276.63504851474414,17497198
2018-04-16,276.25079345703125,277.5475258956731,272.8889097415226,273.7533882628506,16874313
2018-04-17,280.237060546875,281.6778680561134,275.48238404106667,276.2508323006428,15406113
2018-04-18,278.6041564941406,283.26277368541554,277.5956028802787,282.11014517147424,20755245
2018-04-19,278.1719055175781,279.5166533134702,275.96264977625935,279.5166533134702,17282341
2018-04-20,271.0158996582031,278.7002067436786,268.66259820125936,277.8357280592237,19745690
2018-04-23,268.3743896484375,271.64021393873963,264.388161647923,268.9507184792678,11620499
2018-04-24,272.888916015625,275.29026158191294,268.32635943967784,268.32635943967784,15412234
2018-04-25,267.8941650390625,274.377799508717,265.92507296249016,272.8409321421375,7961352
2018-04-26,267.84613037109375,269.33495311946047,264.48424607566784,268.75862423472654,14112673
2018-04-27,276.53900146484375,280.1890649987964,265.1086002861805,266.4533481930869,16488361
2018-04-30,272.9850158691406,279.51666504521904,271.1599695195762,277.5475731164423,9737559
2018-05-02,265.9730529785156,272.5527462845206,264.6763203934441,272.4566865905703,14211445
2018-05-03,270.7757873535156,272.4567296668477,266.35730455295266,266.35730455295266,14724116
2018-05-04,271.6882629394531,274.3297432539703,267.36584060660687,269.3829768912623,11861951
2018-05-07,278.3639831542969,281.4377173903657,271.6882596642473,272.7928728288869,19673100
2018-05-08,297.0945129394531,302.0893243034977,288.16151761859874,290.08259440272275,87176185
2018-05-09,294.69317626953125,297.57479153675604,292.24381501771273,292.96421883451893,20140490
2018-05-10,294.74114990234375,300.5523942351635,293.6365368448614,296.2780168712884,16239386
2018-05-11,298.679443359375,299.54392210346913,295.41358917209703,295.7978280035231,16671145
2018-05-14,297.86297607421875,298.72745480746323,293.10829907141385,297.76691636756783,10425585
2018-05-15,296.0859680175781,304.97094840415593,293.0122333477098,298.43929887231855,16400700
2018-05-16,285.5200500488281,292.86816322022406,283.6469883736477,291.9076247843996,25515791
2018-05-17,284.3193359375,288.1134739363113,282.446274532861,287.20095082875844,10668400
2018-05-18,274.80999755859375,283.646931818228,273.36919019213485,282.54231869993635,17469524
2018-05-21,277.88372802734375,281.43773158496685,276.3949053364307,278.0758474192761,23155638
2018-05-22,278.8442687988281,282.2541974989728,275.53042910879356,278.07584985098634,11284988
2018-05-23,280.5252380371094,286.62466295812186,277.4034881253549,277.4515326350582,15887229
2018-05-24,285.9522705078125,287.20095860250206,279.70877140775815,282.11011721547135,11489424
2018-05-25,283.9831237792969,289.07399402109894,282.9745703562185,286.6246039298647,13541580
2018-05-28,287.44110107421875,290.37073131473295,281.7739306750988,282.15814015221974,19063427
2018-05-29,278.4600524902344,286.96082246611724,276.9231853189686,286.96082246611724,12969969
2018-05-30,273.6573486328125,276.779098025969,271.5921972046155,274.6178869076299,25142319
2018-05-31,274.5218200683594,277.5475390058795,268.27832144464026,273.7534011938375,23698686
2018-06-01,277.88372802734375,288.11348472501703,275.5304266993424,283.3588082510758,29675949
2018-06-04,275.43438720703125,281.72590202471173,274.2817293974947,281.72590202471173,17188567
2018-06-05,272.888916015625,276.6350092363742,271.9283777891098,276.6350092363742,12376050
2018-06-06,272.6968078613281,275.57842265939775,270.00731244178377,274.42579432815086,16873633
2018-06-07,279.4206237792969,281.485775543759,275.8186046622211,276.1547989758095,20297969
2018-06-08,276.87518310546875,279.42060390448864,274.2337026074981,278.65218493949175,11340014
2018-06-11,275.0981750488281,278.8923132217767,272.024469945062,274.1376367076567,16876061
2018-06-12,276.0587158203125,277.7396579321608,273.993564231274,277.1633290597234,14257648
2018-06-13,279.2765197753906,281.34167132465456,275.09817217232427,277.5955776959171,10927770
2018-06-14,273.5132751464844,279.3725645153557,272.8889311273354,279.3725645153557,11400592
2018-06-15,271.3520812988281,277.11531134411297,268.9507354466261,275.86662322628945,47186222
2018-06-18,281.4377136230469,282.5903712744688,272.2165403515768,272.79286917728774,27792317
2018-06-19,281.24560546875,283.8390706313116,276.97122757683553,283.8390706313116,27176748
2018-06-20,281.6298522949219,282.97460010483087,279.51665622699085,281.0535234297313,20364143
2018-06-21,286.1923828125,288.4976687458097,282.9265293175685,283.1666638796487,30192796
2018-06-22,288.78582763671875,290.754948696091,283.98313624308196,286.4325264418179,17490606
2018-06-25,278.26800537109375,288.6418090802695,277.40349730090605,287.96942042863634,15461874
2018-06-26,276.7310791015625,277.6916173634122,273.46525487393376,276.20276546956427,11614686
2018-06-27,268.0382080078125,276.538978051223,263.18750118931615,276.538978051223,25318055
2018-06-28,260.69012451171875,267.41389353390247,259.1532571582726,267.02968402386756,34197884
2018-06-29,264.5322570800781,265.1085859556861,258.96114634691077,261.2664325360385,20930477
2018-07-02,266.45330810546875,268.8546537612738,260.3058690892681,263.1874838762342,69733139
2018-07-03,262.13092041015625,265.8770142633764,261.4585611260582,265.01253557621874,14020388
2018-07-04,262.46710205078125,264.0039692612234,260.30589078046376,263.379625201348,8233522
2018-07-05,260.83416748046875,264.62830554665857,260.0657485544748,262.2269597612987,7505990
2018-07-06,259.3933410644531,261.2183871786768,256.51172633248007,260.40192380862425,26025797
2018-07-09,260.49798583984375,263.8598697240651,259.3453282113617,263.09142153397664,18374471
2018-07-10,262.6111755371094,265.0605658850383,261.1703680312584,261.26642772764257,14450561
2018-07-11,258.1446838378906,264.0519888797991,256.94401088980743,263.715794591675,12717543
2018-07-12,261.5545654296875,262.8993424903809,258.43281597778235,259.7295485358496,15837704
2018-07-13,257.18414306640625,262.5151191805563,255.55121614701218,262.2269694010417,19159840
2018-07-16,249.0196075439453,256.0795714218356,246.37812665389382,254.83085377673504,29794402
2018-07-17,255.9354248046875,256.94397822755013,249.7399414548151,249.98007601390626,15128995
2018-07-18,252.3334503173828,256.7999480308659,250.70052330615835,255.50321532351768,22908592
2018-07-19,250.8926239013672,253.91831378278974,249.16363731676606,253.53410431286844,15145144
2018-07-20,255.3110809326172,257.13612724274157,251.46892754423587,251.46892754423587,13794388
2018-07-23,264.67633056640625,265.39673432876805,254.87885698626815,254.87885698626815,16917863
2018-07-24,263.5237121582031,266.9336117044289,262.5631737718516,262.85132356243497,12012225
2018-07-25,263.8118591308594,265.6849206895597,261.5065728909008,262.22697667296944,17947377
2018-07-26,274.3778076171875,275.1942711779337,262.467136472497,264.1480787920829,36630780
2018-07-27,281.6298522949219,283.50288446516174,271.0639305818741,273.65736650527634,30926969
2018-07-30,295.2214660644531,296.2780641061345,282.6384078880019,288.1615033692458,56119080
2018-07-31,292.2437744140625,296.3260621421143,290.274682647029,292.2917896031893,20824059
2018-08-01,287.4891357421875,293.5885605370862,285.0877897058735,290.6589300981056,15581508
2018-08-02,286.76873779296875,288.8819340734421,282.4943593489434,283.3588380770255,14089168
2018-08-03,292.9642028808594,294.64514502853643,285.8081802982837,288.1615110303535,14478297
2018-08-06,302.6656188964844,305.45117405508097,294.69313355800887,294.83723775112935,25849864
2018-08-07,300.7926025390625,305.5952946738497,298.1511218649295,301.5610508686123,20751115
2018-08-08,306.12359619140625,307.3722843713427,296.08595830458245,300.64851565071956,17916047
2018-08-09,319.8592529296875,332.202175909905,307.6123896418391,307.6123896418391,76423347
2018-08-10,315.6329040527344,326.8711850308625,312.51115445103704,320.86782041221375,36321097
2018-08-13,312.0788879394531,314.52827819347164,309.2933327309344,311.2144093317477,15332907
2018-08-14,319.33099365234375,320.3395472181133,311.8868212657159,311.8868212657159,15314006
2018-08-16,321.1080017089844,325.81466370533263,315.7770248774413,316.5454439350898,37463597
2018-08-17,326.5830078125,328.69620370601905,322.59677990333125,323.5092736607089,24090696
2018-08-20,325.0942077636719,328.9363610629876,323.41326569522124,326.5830304418354,13032778
2018-08-21,325.47845458984375,328.3600698950866,320.8678525134711,324.9501408625652,16009673
2018-08-23,323.8935241699219,325.33433160962204,321.54019362642396,323.2691508287432,18867868
2018-08-24,318.5387268066406,323.7005749487792,315.7889544837925,322.6392556994344,17805968
2018-08-27,327.94580078125,330.26138752554505,319.3105875866916,319.3588173221691,28083933
2018-08-28,326.9809875488281,331.41921288239837,324.4724228433941,329.9719674112962,16427306
2018-08-29,328.66943359375,330.59909418076074,323.99000078139215,324.5206751093904,18868248
2018-08-30,332.23931884765625,333.3006380638099,325.8232032578547,327.2704487041686,22349447
2018-08-31,330.5509033203125,334.6031733630574,326.59509276283575,330.9368295942472,19809916
2018-09-03,322.39801025390625,331.90159375463213,320.8542760220052,331.5156675577272,12859450
2018-09-04,316.9467468261719,324.61715932616244,315.7407089767572,323.02516580950834,15470215
2018-09-05,318.0563049316406,319.6965282318626,313.18392365719745,315.4995105059993,14548867
2018-09-06,317.0914611816406,319.6000257632807,314.0522517311634,318.3939879302117,11322771
2018-09-07,323.3146057128906,324.568873194418,311.1095095791445,315.9336605762205,16435004
2018-09-10,321.1920166015625,323.94178897914804,318.77994073425685,320.1306973310909,16673909
2018-09-11,315.0653076171875,324.8583582491968,313.66632141567374,321.96386748764513,13005562
2018-09-12,311.5436706542969,315.5477101592284,307.2984235955227,315.49948042617245,15263406
2018-09-14,316.8020324707031,320.32365714991016,312.7497334639847,315.69248352304663,10736693
2018-09-17,314.2452392578125,315.9819220133018,310.0482215803821,315.7889441763435,7227361
2018-09-18,307.6361389160156,316.51255977492747,306.5265899891871,312.846216509507,14825218
2018-09-19,309.66229248046875,313.28040605777153,305.8512010679963,308.7456919298386,15942065
2018-09-21,305.9476623535156,321.9638495647097,297.50539810228327,312.0743400132661,34169460
2018-09-24,297.891357421875,305.6582296190474,294.8038886603556,305.6582296190474,24382310
2018-09-25,300.15869140625,302.47427807683346,289.49729966392636,296.2028815616838,30472132
2018-09-26,302.08837890625,304.21098794245233,294.3697363507114,303.9215506243335,23224979
2018-09-27,295.865234375,304.8864044460425,294.56270745449024,304.5487079193493,24888615
2018-09-28,294.8038635253906,300.6411040542859,291.18575018097357,298.2290284913412,26289107
2018-10-01,302.95672607421875,303.96978615121145,289.9797462528797,295.5275206953216,21104376
2018-10-03,293.0189514160156,303.4391060791777,291.812913633507,300.1586891996105,19105555
2018-10-04,305.3688049316406,309.95174908148357,284.4319746167492,288.4842738532719,56268976
2018-10-05,296.4923400878906,310.5306386514495,288.82195685198286,303.58384869790655,36131946
2018-10-08,299.9175109863281,303.00495034504894,288.09833956138357,296.4923456823244,20488368
2018-10-09,295.479248046875,300.93053277504686,292.3435499043367,300.4963768526486,14852835
2018-10-10,308.6009826660156,311.5919625364551,293.7908314167417,296.2993961288614,23972064
2018-10-11,300.73760986328125,304.3557234109902,293.3084049342722,299.09738661060646,21691068
2018-10-12,308.1667785644531,312.84621120534024,302.5707748448926,302.81198240943024,25930022
2018-10-15,302.3295593261719,306.7195251075457,298.66318677509076,305.7546948747794,23756416
2018-10-16,309.37286376953125,311.59199136972063,302.7155398575377,302.7155398575377,18042549
2018-10-17,303.72857666015625,316.60906747800175,300.68936700397103,313.6663467438495,20203287
2018-10-19,304.3557434082031,310.1929552043183,299.29038410859914,301.8471786281136,18322589
2018-10-22,315.59600830078125,318.2492917206308,304.982874621383,308.9386848816521,33593953
2018-10-23,311.4954833984375,317.0432578933425,307.1537468372075,311.6402020616214,21509920
2018-10-24,310.6753845214844,318.39402761518585,305.12760979788646,317.187989631795,33104174
2018-10-25,308.69744873046875,310.7235686899695,300.83405867663697,307.29843309721116,26920180
2018-10-26,304.5486755371094,312.02611029412265,301.9918811542132,308.5527153568468,22952163
2018-10-29,337.1116638183594,340.53682867285175,316.75374084071603,317.4291337540753,80069836
2018-10-30,333.54180908203125,341.4051692563229,330.8402668784304,335.2302619176765,34460428
2018-10-31,342.5147705078125,344.0102457562593,330.2614134189738,333.3488822829555,31233009
2018-11-01,341.260498046875,345.8434420948776,338.75193331069033,344.4444263446155,22157128
2018-11-02,341.9841003417969,345.216258184846,339.33081710424227,341.5499149433929,26714413
2018-11-05,337.3529052734375,339.4755436908108,335.7609411825494,338.65543205481276,22873951
2018-11-06,340.6816101074219,345.6987103732674,335.4232728043854,336.4363623611568,21349153
2018-11-07,343.383056640625,344.44437573201674,342.08053000320245,344.2031681859859,2074764
2018-11-09,344.2996826171875,345.50572043674873,340.0061762018366,344.34791235225686,15130936
2018-11-12,339.9579772949219,345.60224069115935,339.1378656143942,343.4796021585329,10642857
2018-11-13,348.2072448730469,349.22033434150126,335.5679622178257,335.5679622178257,17684864
2018-11-14,353.706787109375,356.89071526081517,348.5931689505279,352.1630527700196,31774158
2018-11-15,356.9872131347656,361.71487574418,349.3650596080423,353.22438083112087,21967798
2018-11-16,354.62335205078125,362.1007866030077,352.6936915211744,357.0836868925997,29972926
2018-11-19,349.6545104980469,357.6626200134352,348.06254632057284,355.34700363425253,16002154
2018-11-20,345.3127746582031,352.597261431034,342.1288462967575,349.26858496238,19591217
2018-11-21,344.2032165527344,347.62835240995315,340.633332592133,343.81729031371157,29323882
2018-11-22,339.66851806640625,345.8916856955468,338.65545796133034,345.07157399681176,12547369
2018-11-26,343.8172912597656,345.2645367432969,338.3660058273215,342.273556855142,20673027
2018-11-27,342.17706298828125,343.5760787131876,339.2343423253485,343.23838221638766,17933339
2018-11-28,346.37408447265625,348.834390008049,340.8263101391806,344.39619409669615,18163000
2018-11-29,349.4615783691406,353.51384833283913,347.53191759282134,350.2334309019537,38692771
2018-11-30,342.6594543457031,352.163038112387,341.35692763095153,352.163038112387,21893877
2018-12-03,342.9971618652344,346.2775789027963,339.71674482767247,346.2775789027963,23427270
2018-12-04,345.3609924316406,346.4705413067234,340.8745083089829,340.8745083089829,18651442
2018-12-05,339.0413818359375,343.81730388467554,338.1248106626156,342.8042143424324,12068267
2018-12-06,335.4232482910156,337.64237565013235,331.27448977396887,335.95392262319496,17784829
2018-12-07,339.813232421875,340.58508485913995,333.1558800122613,337.30466783433917,14979672
2018-12-10,334.16900634765625,337.15998639970763,332.1428566708288,334.3137250150825,14107881
2018-12-11,330.74383544921875,332.86647401777105,324.18300078252486,325.5337573969282,36885929
2018-12-12,337.64239501953125,339.3308481433295,327.4634170923478,330.7438344154414,24740214
2018-12-13,337.2564392089844,341.7429239204369,335.3750376810942,340.48862679089103,19129928
2018-12-14,339.5237731933594,341.5981524281933,336.87048989561544,336.9187490766901,12104234
2018-12-17,345.8434143066406,347.82130453809015,339.9096847237271,339.9096847237271,18378122
2018-12-18,349.5097961425781,350.1369299845496,342.1288498147597,344.2032291894127,15405953
2018-12-19,353.6103515625,356.2636352372527,348.3037842129945,350.23344506736015,19442031
2018-12-20,349.4132995605469,352.6454870682235,348.4484692265709,350.28164097226824,12109613
2018-12-21,341.742919921875,350.715830351221,339.62028138550147,348.30375448910803,13555416
2018-12-24,340.3439025878906,344.5409204576331,339.1378646623488,340.9710364203153,9025217
2018-12-26,343.3348693847656,344.34792942571346,335.90566427020076,338.31774002891865,8695108
2018-12-27,343.14190673828125,348.0625473927742,342.4182839786289,346.85650946002033,10122458
2018-12-28,348.0625305175781,350.0404208536858,345.6986845062732,345.6986845062732,13004606
2018-12-31,347.4836120605469,350.7157993186399,346.85647828074565,350.0404063592953,7314108
2019-01-01,350.95703125,351.97009131506957,343.8655224616585,348.7861630154639,7759872
2019-01-02,351.7771301269531,354.9610583108022,347.62834220743764,348.7861503348103,18243156
2019-01-03,350.474609375,354.38216034461936,349.3168012277061,352.1630624139711,12884409
2019-01-04,352.3560485839844,355.82941421941774,345.4574881633734,349.1238610869647,22896026
2019-01-07,354.7681579589844,357.9520865739758,353.658579418217,354.5751800968628,12719847
2019-01-08,366.7802429199219,368.37220707061374,353.7068037667955,354.8645824926237,21501136
2019-01-09,368.806396484375,370.0606641453259,362.39028062929196,368.2274923930572,21730142
2019-01-10,366.1531066894531,368.70990115033806,362.8244303054715,367.5521224321201,14497154
2019-01-11,365.2365417480469,367.7933659027195,362.0526131568938,367.2144617649769,12537973
2019-01-14,360.2193908691406,365.3812387551702,359.5922570760978,365.3812387551702,14844029
2019-01-15,359.6404724121094,362.1972666624671,357.56609328235805,360.4123248273668,12960779
2019-01-16,362.1007995605469,366.39430617027557,358.96510108772685,358.96510108772685,15106484
2019-01-17,361.42547607421875,364.6576638240505,359.6887636763766,362.7762327541267,13171721
2019-01-18,358.9168701171875,363.16211753079205,357.3249060176213,361.4254347756805,12212121
2019-01-21,358.62744140625,362.9209186599025,357.56612216632664,359.88170904343286,8908581
2019-01-22,356.0706481933594,359.3993248590304,353.22441617312865,357.51789379681856,14756076
2019-01-23,354.4786376953125,360.5570861037994,353.5620665992125,355.82939419354847,9726450
2019-01-24,351.9700927734375,355.53997677384683,349.027372043254,353.7068050348332,17521254
2019-01-25,344.6374206542969,351.8253892590872,342.08059661308135,349.6062911812134,22978238
2019-01-28,331.4674377441406,342.41826753657205,324.810114563864,340.77807369335596,34362360
2019-01-29,334.6513671875,337.7870653977367,329.344800985561,330.8885352240723,20738442
2019-01-30,353.03143310546875,355.63648693096883,338.6554662121029,338.6554662121029,39400056
2019-01-31,351.6324157714844,363.40332780370386,341.64641624471966,359.5922657727153,85917249
2019-02-01,342.17706298828125,352.06657364947023,336.4845700575269,351.68064741496363,25605469
2019-02-04,342.0805969238281,344.3479541889331,333.8313090134925,338.6554608778493,17039321
2019-02-05,340.2474060058594,343.5760823831387,336.5810625724576,342.12883690506675,12197271
2019-02-06,346.66351318359375,349.1720778392176,340.77807194006743,341.1639981691748,15396216
2019-02-07,346.036376953125,349.0755864719143,343.9619977224773,346.4705623605022,10247434
2019-02-08,342.6112060546875,345.79513390115784,338.41418884304517,344.34788861743846,9308651
2019-02-11,337.7388000488281,342.22528403845786,336.77396984792387,342.1287951295112,9419635
2019-02-12,332.1910400390625,339.62024466890773,331.1779800642119,336.72575394729773,14924394
2019-02-14,331.8533935546875,334.6513955366062,324.3276995460313,327.8975834347343,15172596
2019-02-15,330.11663818359375,335.51969304747746,328.6211631914321,331.94980962555064,20316848
2019-02-18,326.8362731933594,330.93680208213215,325.6784650235213,330.16494959843004,10601490
2019-02-19,331.177978515625,338.07650881434824,327.1739389249771,327.1739389249771,14384763
2019-02-20,333.0594177246094,335.37500446110784,330.3096455931437,332.8664398947833,9474758
2019-02-21,338.9449157714844,342.4665703703378,334.07253391377833,334.6031788686338,18631331
2019-02-22,339.66851806640625,341.64643798033035,338.9448952929846,339.04138421829805,10997730
2019-02-25,343.0936279296875,344.8785697037393,340.6332932321735,340.6332932321735,10344411
2019-02-26,335.95391845703125,340.2956547581712,334.410184105547,337.69060119977377,18096382
2019-02-27,333.39715576171875,342.2253780813979,331.2262872131332,338.65549357934157,17325417
2019-02-28,337.8353271484375,339.3790615332523,332.86645694092977,336.1951332880528,18347113
2019-03-01,341.7911376953125,342.51476042861236,338.31774268661616,339.6684992332524,14190221
2019-03-05,350.474609375,351.3429507633283,340.3921208788589,342.5147593341363,17638277
2019-03-06,358.86865234375,359.73699375025376,352.4042773672393,352.4042773672393,31436190
2019-03-07,357.7590637207031,360.84653246064687,355.5399658068138,358.4344567089046,15355303
2019-03-08,357.56610107421875,360.2676140307717,354.71984002290384,356.7942191978587,16143455
2019-03-11,362.6314697265625,365.09177518387935,356.9872066514597,358.72388939259116,11449587
2019-03-12,374.5470886230469,375.3189409913323,364.07867525409836,364.7058089838653,37108265
2019-03-13,378.1169738769531,379.4195006198129,370.78425799518976,374.2576528280548,19574619
2019-03-14,374.2576904296875,379.17833115026565,373.19637114575323,378.2135007911047,13182462
2019-03-15,381.39739990234375,384.24366102095314,374.4506395165577,375.1742622303448,31466545
2019-03-18,384.0506896972656,385.83563164372504,379.66072360357833,382.314006932447,21220626
2019-03-19,384.3883972167969,386.84873222252304,380.04666073593484,384.3883972167969,11670392
2019-03-20,379.0818176269531,384.1471766838582,378.40645408593616,383.61653179846746,14181408
2019-03-22,378.0205383300781,382.36227512304663,376.28385539060554,380.57736244136703,17409249
2019-03-25,370.01239013671875,374.30589640232813,369.0475599147195,374.30589640232813,12345034
2019-03-26,380.2396240234375,381.59038054358456,369.9159281197661,371.411432739162,14063632
2019-03-27,379.37127685546875,384.4366358118732,376.4285268427971,381.49388579920156,17950017
2019-03-28,386.4627380371094,387.76526474047085,378.9370739976817,378.9370739976817,23117485
2019-04-01,384.24365234375,395.1462225408877,381.83157668559716,387.33112096389885,16106604
2019-04-02,383.1823425292969,385.9321147356451,379.61248813456234,385.9321147356451,13010810
2019-04-03,378.3099365234375,388.6336022483248,376.91092092164894,384.96725917673524,12317200
2019-04-04,375.0777893066406,381.78337185138,373.67877355595016,380.5290747607612,14521564
2019-04-05,376.814453125,378.6958839439636,372.0385609176271,375.56018554187983,10853927
2019-04-08,373.48583984375,377.6828578165746,371.4596901902189,377.6828578165746,6305407
2019-04-09,383.1823425292969,384.34015065121724,373.5340396609057,373.7752472326155,13206348
2019-04-10,380.33612060546875,384.7743164833433,378.88887513808766,381.6386179706842,14000018
2019-04-11,376.3320617675781,380.6255685517697,373.9199859212424,380.6255685517697,8704774
2019-04-12,380.7220458984375,381.63861702560513,374.59536754617255,376.862724661645,7035256
2019-04-15,378.9371032714844,382.9894023407073,378.0205027016436,380.3361189950763,9770752
2019-04-16,392.6859130859375,394.0366695516763,383.52002567975467,383.52002567975467,24487788
2019-04-18,390.1773681640625,396.5452540448809,388.4406853985139,396.5452540448809,18660434
2019-04-22,380.62554931640625,390.3703411319948,379.8536968622994,390.0326446417167,10493872
2019-04-23,382.55517578125,385.883851761851,379.7571740792724,382.16924958861193,10203957
2019-04-24,386.9934387207031,388.48891390606445,379.61249282406095,383.134117525671,11397163
2019-04-25,381.493896484375,388.2477086154135,380.4325772606407,386.8004631587624,16524091
2019-04-26,392.87890625,393.6507587050415,380.3843422045652,385.93211637749164,14286163
2019-04-30,393.1683654785156,395.3874634936863,389.1160662529247,393.40957306469875,19375553
2019-05-02,381.6386413574219,390.7563001383649,380.5290923199603,389.50203243415376,16572948
2019-05-03,387.6687927246094,390.949239215098,380.8185213274066,383.1823378346313,24431248
2019-05-06,387.1863708496094,390.65976566809053,380.7702555212427,382.555197387823,20751521
2019-05-07,372.9069519042969,393.02367175746116,370.78431323346564,384.0025015728594,41519416
2019-05-08,368.7581481933594,376.2838126690264,366.73199869782326,372.7139288224016,22509400
2019-05-09,367.9862976074219,372.13508586925843,364.27169479024616,367.5521416070473,19739885
2019-05-10,371.55615234375,375.51196244051397,368.8063801152504,370.0124179835148,18361701
2019-05-13,363.0656433105469,372.18330175470805,362.05258323643346,371.45967900340275,13828080
2019-05-14,367.0214538574219,373.14813237874176,363.2586214365773,364.80235586274785,21481226
2019-05-15,363.78924560546875,370.9772429752912,362.5832077544437,368.90286376038483,16183425
2019-05-16,369.047607421875,371.45968328737746,364.27168543046594,365.67070121017156,13430281
2019-05-17,375.9943542480469,378.21345201018977,367.3591118695912,367.79329725292797,19096980
2019-05-20,393.361328125,399.43974728422006,387.8617835948224,390.99748209403424,33350816
2019-05-21,386.07684326171875,396.35228019043933,383.61653774508295,394.22967117168884,18286421
2019-05-22,391.093994140625,394.0367149746483,387.42762108893754,388.82663689518296,15370847
2019-05-23,396.4005432128906,412.89914758839956,393.07186682822066,399.43975283473276,43279956
2019-05-24,416.56549072265625,418.3021735212036,398.13722571902747,400.88699802029805,37708344
2019-05-27,420.18359375,423.36752194788914,414.53933063166556,417.0478952891791,23397222
2019-05-28,419.02581787109375,423.7535102390467,413.0438872442678,419.7494406485209,23389724
2019-05-29,408.41265869140625,415.311218967491,407.25487998527916,413.5262770040585,22132254
2019-05-30,411.2106628417969,412.94734550780834,404.8427773259508,406.04881513409276,18281037
2019-05-31,408.7986145019531,415.07001152274034,399.7291860241564,411.9825427501775,24644955
2019-06-03,408.0267028808594,411.4036087231247,404.84277486443636,411.01768251572224,17125380
2019-06-04,404.36041259765625,407.8820375474703,402.81667812198424,403.00965597305054,14514451
2019-06-06,397.0758972167969,403.154345758511,395.918118526197,402.72016034685856,17762399
2019-06-07,401.9483337402344,404.21569097438856,393.5542978331226,398.9573537363045,14107696
2019-06-10,401.4658508300781,407.88196575078484,398.474871330749,404.1673636037607,13074522
2019-06-11,406.53125,408.7986070782746,398.52314089846476,403.7332480380859,10939138
2019-06-12,403.2991027832031,407.15842434093713,400.2116337593012,407.15842434093713,11136959
2019-06-13,404.8428039550781,407.4478281254446,400.6940159556077,402.0448019450026,12164077
2019-06-14,403.0578918457031,407.15842096681445,401.4659276051878,405.5181975406553,8601256
2019-06-17,399.6327209472656,404.939287582786,398.61963146845954,404.21566485976047,9539802
2019-06-18,407.3031311035156,411.0659636234474,400.501088834573,400.83878534986,17761348
2019-06-19,405.03570556640625,411.0176645750227,402.67188924656915,408.84679662832366,17010384
2019-06-20,418.1574401855469,419.36347804339874,404.26388995195,404.9875126666611,24315929
2019-06-21,415.6488952636719,419.8941722800611,413.7674937827714,418.92934194802444,13909654
2019-06-24,414.3464050292969,418.5433934907374,413.14036709341497,416.2760657267079,8545999
2019-06-25,418.3986511230469,419.50820007234,409.66694873966804,412.8508769322976,12964387
2019-06-26,423.2228088378906,424.52533564292463,417.2891083308293,417.2891083308293,12261068
2019-06-27,425.4419250488281,428.28815671698936,422.20973771205615,422.59566393638335,18787957
2019-06-28,421.7273254394531,425.0077425349753,418.35041942612185,424.0429122454521,13459208
2019-07-01,423.56048583984375,426.45497663146,422.30621827452325,424.04290097177983,6871979
2019-07-02,421.3896179199219,424.5253162787993,418.35040847632797,423.5604860145294,7787303
2019-07-03,420.6177673339844,424.52531814373043,418.9293143640945,422.49916869100605,10415896
2019-07-04,420.8589782714844,425.87607804133717,418.8328288025339,422.5956609909943,11810688
2019-07-05,421.0036926269531,424.4288282949148,417.9644831766897,421.10018154244847,12154330
2019-07-08,410.9212341308594,420.03889258193885,407.1584017100736,418.7363657397439,12184946
2019-07-09,413.4297790527344,414.6840466513769,409.7151765492848,411.0177033289728,11679067
2019-07-10,415.745361328125,417.48207349687783,412.1755069624304,414.87701996589027,16494282
2019-07-11,411.5483703613281,417.67504891829657,409.85991726381707,417.43384133293785,16535185
2019-07-12,412.03076171875,417.7715136962151,409.08804112516214,412.2719692901681,8824728
2019-07-15,407.4477844238281,413.3332545722851,406.7724209458525,413.3332545722851,7825336
2019-07-16,409.6669616699219,415.4076844341031,406.7242115136377,406.7242115136377,12149205
2019-07-17,409.7634582519531,412.03078600148,407.64081972066396,409.66696932884264,10961022
2019-07-18,403.9261779785156,410.5352710750432,402.81662908068284,410.05285595039567,10651654
2019-07-19,395.8698425292969,405.5664042752851,394.1331598450245,405.1322188820757,12260757
2019-07-22,397.9976501464844,399.4000838064653,390.98554087901897,396.305072047441,17937246
2019-07-23,398.43292236328125,402.3500201277479,396.30509795034783,399.2550081664304,14207080
2019-07-24,395.09613037109375,398.33621469965817,388.5192665679784,398.33621469965817,16505930
2019-07-25,395.5797424316406,400.2706083612753,392.00113637821437,395.77319176499174,16852479
2019-07-26,402.1082458496094,405.63847469645754,395.144483303211,396.7887140344011,17493739
2019-07-29,415.261962890625,421.0650879446003,411.3448357694595,418.7921913952159,46754670
2019-07-30,411.3932189941406,424.3051783351736,408.8785255299788,418.792197645135,23617273
2019-07-31,410.6678466796875,416.0841029558666,407.37941485650725,409.9908035765818,22329888
2019-08-01,403.36553955078125,412.3604011104658,397.1755453852409,409.36211392390425,18269866
2019-08-02,397.12725830078125,404.13936882168275,392.19459534145386,400.31896576587405,30939803
2019-08-05,389.43804931640625,393.30679939930354,382.76446132665257,390.4052368371306,25033370
2019-08-06,396.7886962890625,397.99768073845024,387.7454867043977,387.8422113635931,30665326
2019-08-07,394.9993896484375,401.3828333838099,392.96828988951603,395.86985254048335,20977349
2019-08-08,400.8025207519531,402.9303451999512,390.8888482176486,397.5140889365014,19046657
2019-08-09,406.3638610839844,408.54003316710055,400.8992570896261,402.83363227461825,17664017
2019-08-13,396.7886962890625,407.8630056519431,395.72478407035686,403.3172123157564,18389104
2019-08-14,403.6073913574219,408.3466344180486,397.75591792753096,398.3845839918311,13307755
2019-08-16,405.2032470703125,406.2187822193719,398.57800626658536,404.0909577441148,15154141
2019-08-19,409.5072021484375,413.8595461168659,406.3154950447453,406.3154950447453,12304262
2019-08-20,403.22052001953125,409.3138198432344,398.9649003193695,406.99254590112406,16181488
2019-08-21,398.5296325683594,404.96145362119375,397.0788511909482,402.35003533536457,12868183
2019-08-22,386.0045471191406,398.96485405050686,384.94063493842845,397.5140727630505,18182520
2019-08-23,382.42596435546875,390.2601896797947,373.1409576568685,376.23596972847616,26883695
2019-08-26,398.1427307128906,400.41562725392873,379.9596174170264,393.6453147158188,26701988
2019-08-27,404.8647155761719,406.7023660235691,397.75588115860353,399.25501005921717,28793372
2019-08-28,399.4001770019531,404.52626006296697,396.256816941691,404.2844631352545,12154347
2019-08-29,391.1306457519531,397.3206402705516,386.24636035058154,396.45017736447437,30331105
2019-08-30,396.2084045410156,399.3034167464351,389.4380911683565,393.1617694265638,18314194
2019-09-03,379.2825927734375,393.0650153952473,378.2186805625447,391.7593062962526,20194305
2019-09-04,384.4570617675781,386.53650915439727,377.10643028085286,378.1703425185485,18614965
2019-09-05,376.2359313964844,381.071868818033,375.2687439121746,376.76787270636686,25022673
2019-09-06,378.50885009765625,381.55548494875563,376.4294027876183,378.17032855504044,17564286
2019-09-09,382.4743347167969,387.2618954579576,376.3326877704865,380.104713374007,18651819
2019-09-11,381.6522216796875,385.90784109174047,380.4432372151144,381.94236614469617,17463978
2019-09-12,389.4864196777344,393.8387634458511,386.53648008072315,386.53648008072315,19577114
2019-09-13,399.8353576660156,401.28613910131776,387.5037154659477,393.4519134474416,17775449
2019-09-16,398.6263732910156,402.01152997469853,393.40356602514964,395.0961443669911,17629622
2019-09-17,387.503662109375,398.3845213759218,385.2307656037857,392.5330488657334,20793363
2019-09-18,386.2463684082031,392.1462185865954,383.48987788460266,392.1462185865954,18477377
2019-09-19,373.9147033691406,382.7161157569675,371.7385314361394,382.7161157569675,22647508
2019-09-20,403.8008117675781,410.08753099270206,373.9630692343222,376.23596593434223,75217723
2019-09-23,431.6557922363281,435.23439798177805,414.3915180626949,421.5003229500866,57490445
2019-09-24,426.4330139160156,433.92871793869483,419.1307592229918,427.0133323887581,26639931
2019-09-25,419.9528503417969,426.4813663715374,415.50378166272935,424.6920634823641,19987241
2019-09-26,437.1204528808594,443.6005921690195,424.1601152720922,424.5953615038133,40909369
2019-09-27,434.460693359375,437.023734664757,428.75426275360417,434.7508378406545,19432963
2019-09-30,419.4692687988281,430.5435489737204,416.85785050426125,428.75424603234853,27524660
2019-10-01,410.6678466796875,428.65754132160794,403.02707080682757,422.61261903038616,30623906
2019-10-03,413.27923583984375,420.33972279324246,408.44329800171676,410.08752867316883,23275379
2019-10-04,400.31890869140625,415.213590598642,398.5296058758642,414.43985238900143,17952697
2019-10-07,402.44671630859375,409.60389775694705,397.99764799760027,401.4795288286482,21933703
2019-10-09,422.370849609375,424.01505086979154,403.4139661679196,406.46060129760156,34533981
2019-10-10,409.7973937988281,417.34144519635186,406.7023817035132,415.8906638109647,19074005
2019-10-11,414.4881896972656,419.03398273597304,408.2498480563986,413.90790081251146,18004922
2019-10-14,414.7784118652344,422.08066650391936,412.02192127738743,415.89067171191687,17211042
2019-10-15,417.6799621582031,421.1618433480468,414.1497333958679,415.8906592326785,14971985
2019-10-16,421.01678466796875,425.07898472438484,417.0029617052157,420.243046331616,17833051
2019-10-17,426.1428527832031,428.80261862278525,419.46926439804156,421.69378402102126,12452421
2019-10-18,423.4346923828125,429.1411224707024,420.96837596709287,423.3379972419774,15988455
2019-10-22,436.3466796875,443.6489637747361,423.19292242875474,426.046137654268,34966169
2019-10-23,440.1670837402344,443.939109486219,433.49349518715024,437.1687962696536,25196183
2019-10-24,439.82855224609375,443.93909946334696,436.2015988191056,442.39159343125414,23542540
2019-10-25,453.7076721191406,455.20680097058164,439.490003750355,442.681740280195,34397573
2019-10-27,454.1429138183594,457.96331654427786,449.7422221606953,455.54534760793007,8206762
2019-10-29,461.7353820800781,466.1844512106446,451.53156409347207,454.77164865139684,33686172
2019-10-30,455.6904296875,463.28285821493506,454.57816985599055,463.28285821493506,22396012
2019-10-31,447.856201171875,461.10668294446623,446.1636228915335,459.41410466412475,21198377
2019-11-01,447.08245849609375,451.6282519249335,445.3898802324525,451.33807794143297,13522994
2019-11-04,455.0617370605469,456.80266282410935,447.8078305186678,447.8078305186678,16254715
2019-11-05,452.9822998046875,458.4469036175596,451.5798660356556,456.6092531560922,14952189
2019-11-06,464.92706298828125,468.0220454112336,449.5004098954403,451.8216540917099,24922680
2019-11-07,462.8475646972656,467.1515608636778,460.0427268603343,467.1515608636778,18312032
2019-11-08,473.38995361328125,479.7250201985273,464.54016400269023,464.975410202504,52207121
2019-11-11,480.4988098144531,482.6266344381049,468.69913826538044,471.98757035229494,24766065
2019-11-13,469.8113708496094,481.1758250080919,467.44174945262813,480.4987818900337,24272664
2019-11-14,482.2880554199219,483.44869226117976,467.8769671414451,473.6800923152925,35396276
2019-11-15,483.4486999511719,492.9755031663539,479.7250220021448,481.5143248624535,42074833
2019-11-18,481.9979248046875,487.89777480404666,480.35369415174057,482.38479392413916,22910109
2019-11-19,477.3070983886719,485.52819329506235,473.77686942034904,481.611095175566,27939336
2019-11-20,478.7578430175781,481.65940570253315,476.33987411344896,478.9512923363972,22606112
2019-11-21,481.90118408203125,487.26906303651685,475.13087141053256,481.75611185660046,25745594
2019-11-22,480.4988098144531,485.28640045955734,476.0013931723329,484.6577343940953,18462401
2019-11-25,481.4659729003906,483.59379741550805,475.4210504326968,475.8562966568599,25692878
2019-11-26,493.94268798828125,500.5678990176486,484.56095705321746,485.33469527795165,286857658
2019-11-27,488.913330078125,498.92369808989156,487.7526931557233,497.03772950249066,29866539
2019-11-28,502.1154479980469,502.9375338153443,491.33128303499024,492.8304119542971,35706498
2019-11-29,495.78033447265625,499.5523896824624,493.5558148246059,499.0687958879973,13324549
2019-12-02,494.1361083984375,497.1343956763837,490.6058797798553,496.60245433574767,10130049
2019-12-03,492.63702392578125,494.4746745146201,488.0912302704531,493.0238930735014,12795657
2019-12-04,511.8840026855469,513.915072895224,492.5885995638451,493.2656426445515,30992538
2019-12-05,510.77166748046875,519.8632531011663,508.7889450193145,515.07566342891,32354118
2019-12-06,507.5799865722656,515.994529601877,504.5333813764608,512.657720931047,24868376
2019-12-09,509.2242431640625,511.93235648741125,505.065348521158,506.8546218689662,12980877
2019-12-10,511.35211181640625,512.8512408365013,507.48336129618747,508.78904098378206,12021443
2019-12-11,516.04296875,517.6388520160928,509.9013506676682,513.1897533212783,13768156
2019-12-12,517.7838745117188,519.4764528655401,512.415994967518,517.3002806963412,12385216
2019-12-13,519.4281005859375,524.9894294124089,518.1224209092233,520.2502454841018,17884861
2019-12-16,521.555908203125,523.6353851357819,519.0895916537162,521.7977051007621,13070575
2019-12-17,523.3935546875,525.1828280023396,521.0722810060046,523.2001053753017,11516163
2019-12-18,523.6353759765625,525.0861573370083,518.364191893787,524.2640124799556,12906168
2019-12-19,522.4747924804688,523.4419801529493,516.1880726093453,519.5732294630272,12082790
2019-12-20,528.1810913085938,531.4695525533842,521.5558802810053,523.2001109034006,27691592
2019-12-23,523.53857421875,530.8408279295179,519.959968715064,529.0515546938946,11521942
2019-12-24,523.34521484375,526.1017350712065,521.6042888767745,524.2157073434624,6715007
2019-12-26,521.072265625,524.602523612976,520.008382987976,523.3451326370239,7831074
2019-12-27,531.3728637695312,532.4367464619274,520.6853941123245,523.2484647337017,11247684
2019-12-30,526.1016845703125,534.0809819327568,524.7959459460826,531.5662588596717,13180302
2019-12-31,521.2174682617188,525.9566525096792,520.3469757302303,525.9566525096792,12491978
2020-01-01,519.1380004882812,524.6993297902051,518.1224652048553,522.1846653710119,7642793
2020-01-02,522.861572265625,524.1189633218469,518.2674313473428,518.4125330945819,10264223
2020-01-03,521.1690063476562,523.0550339441114,518.6543422406796,520.3469205137261,9594690
2020-01-06,508.4505310058594,519.6215359327784,506.6128509605454,519.6215359327784,12534334
2020-01-07,505.7424011230469,518.0256359670435,504.533416667343,513.8667412459108,16101835
2020-01-08,508.6922607421875,510.04628777830015,498.10154615816225,499.0687336264305,16094310
2020-01-09,528.37451171875,529.4384533726594,512.8995119449924,513.286410552312,18934019
2020-01-10,522.5231323242188,528.5680551877567,520.8305539224282,527.0205785476709,12335407
2020-01-13,520.9271240234375,528.1326821535253,520.3468351808198,521.7009211901753,7901800
2020-01-14,519.9600219726562,521.2657606315963,516.6232720310708,518.6059947734109,13939440
2020-01-15,518.025634765625,519.3313733942234,513.2381035580961,517.542040984465,12353176
2020-01-16,519.5248413085938,522.2813023468906,515.7044384941968,516.381481618543,11249232
2020-01-17,514.5921020507812,520.3468795323953,513.1896683570775,516.9617232529095,18312609
2020-01-20,517.30029296875,526.1500836130897,513.5766441149827,515.5110194223838,19159996
2020-01-21,513.6248779296875,522.5230141793963,512.8027922191036,515.4625576776752,13477994
2020-01-22,505.6939697265625,517.3969741034881,503.6628995535334,514.0601653628478,17527408
2020-01-23,510.3848876953125,512.8512041691279,500.0843165587117,504.29161786810863,17061293
2020-01-24,516.3330078125,519.7665705607144,509.7077972487132,511.88396905859855,17851868
2020-01-27,519.6215209960938,527.1172246493645,514.0601924791509,520.8305054562987,38149166
2020-01-28,510.8685302734375,522.8616217547443,507.24157657360587,520.4436526215231,24009224
2020-01-29,509.3209533691406,517.251903290429,508.0636213281614,514.1085436717585,16400827
2020-01-30,514.7372436523438,516.4298219231634,506.9513954130622,510.3365519547016,14319317
2020-01-31,508.4021301269531,515.269137725333,505.2587707696423,512.6093721153009,16292578
2020-02-03,498.6335144042969,502.1154248976805,485.52813530756305,487.46251034862905,22531888
2020-02-04,513.3831176757812,517.1068250027565,499.6974498507579,502.93750439107026,17781475
2020-02-05,521.4107666015625,522.6681575991328,508.45048929820246,511.69054386593217,18782476
2020-02-06,523.8287963867188,529.051633197627,518.6543661832312,522.6198118501611,15296851
2020-02-07,518.8477783203125,523.9738605813478,517.590446298918,523.2001223399084,8297149
2020-02-10,516.4298706054688,524.457516497324,513.0930613219555,520.9756644821064,12536053
2020-02-11,522.0394897460938,526.9237751572385,519.8633177184352,520.0567670384937,11243552
2020-02-12,531.276123046875,532.630209264613,524.892708665984,527.8909665349748,14026335
2020-02-13,523.2484741210938,530.9859746626256,520.3469114180193,530.9859746626256,9227235
2020-02-14,527.8909912109375,530.6475113475179,518.9445057255743,523.4902993462483,14458649
2020-02-17,523.8287963867188,527.4557499963917,520.1051476271005,525.1828826806426,7793293
2020-02-18,523.4419555664062,526.5369677794586,518.4125680992523,523.2485062345065,15918303
2020-02-19,526.9237670898438,528.5679977365008,522.7648724182593,525.66643507738,8704234
2020-02-20,529.0515747070312,531.324441771498,524.022187784498,527.6007934235568,13588526
2020-02-24,512.4642944335938,524.0705449130858,510.23977489817963,521.7976778071624,16940750
2020-02-25,513.5282592773438,521.1206581950111,508.06362581746794,514.9790406526263,14942960
2020-02-26,506.5161437988281,511.9807181669434,505.0653624392931,509.56274923438497,15743918
2020-02-27,498.4400329589844,506.12918505798586,495.82867404785424,505.64559132889696,26315054
2020-02-28,480.93402099609375,490.2190276063518,476.0497355556641,485.14129284470374,32737933
2020-03-02,489.4936218261719,503.46946412451314,482.0946430192593,491.573069142122,28642076
2020-03-03,497.8597717285156,502.4539124098375,491.8148497794079,493.1205588236592,19661945
2020-03-04,491.6697998046875,500.51956003540244,480.74056271640364,500.51956003540244,21883404
2020-03-05,487.9461364746094,494.37792800953366,483.59379234351775,493.02387129421635,16671516
2020-03-06,470.3916931152344,480.4987857814958,461.63862766360995,469.0859839576746,31024353
2020-03-09,442.7301025390625,459.41408783408997,428.41573855619424,459.41408783408997,42027175
2020-03-11,450.3708801269531,456.27073012937973,434.8475316396919,435.23440075934474,31018779
2020-03-12,411.6833801269531,431.3173053579198,402.350026050892,423.6281524285834,50757033
2020-03-13,432.5262756347656,449.50040499595667,382.2325240268264,387.84219989968506,67104335
2020-03-16,389.6798400878906,410.2809516661042,384.4086858923071,410.2809516661042,34833637
2020-03-17,355.1996154785156,395.0477529697277,352.05625604950217,393.64531926414116,47232699
2020-03-18,343.39996337890625,363.1789626309428,331.0683208395067,356.9889675732343,61202289
2020-03-19,327.44134521484375,357.47253744979486,312.4015900690903,325.07175334046195,57985870
2020-03-20,334.3567199707031,347.99403967596743,312.401552609319,317.2374899562125,88640642
2020-03-23,274.6812744140625,303.4067575237123,270.81252407020247,300.9404114697679,56867949
2020-03-24,286.7711181640625,294.99221261395974,259.4964165355614,285.6104812587644,67895418
2020-03-25,306.501708984375,323.1856931491318,272.36000247109973,274.68124653860457,66544138
2020-03-26,319.4136657714844,352.4431123620972,303.93866606718836,311.43436904895674,76173940
2020-03-27,328.69873046875,347.75230956331245,315.30317554319447,344.1253558569107,72889985
2020-03-30,303.1165771484375,322.9439222427562,300.89205755410035,319.26862130005424,36559880
2020-03-31,313.126953125,323.862740278244,305.63124999999997,314.04579305648804,46279768
2020-04-01,300.9404296875,313.1269999116299,297.99051917822,308.5328586001852,33141186
2020-04-03,277.2442932128906,299.34453366978437,272.2632834508701,299.34453366978437,57326314
2020-04-07,315.39984130859375,318.78499746903145,287.10960768207894,298.1838865543506,57661076
2020-04-08,308.4844970703125,341.1754261696618,304.76081890412473,312.25652281004926,73931321
2020-04-09,331.4551696777344,333.6796891321271,312.0630424981496,321.49312066927496,52431174
2020-04-13,319.8005676269531,334.4534535700189,318.44651091733726,329.85931256209983,30994190
2020-04-15,316.60888671875,340.35333198884666,314.33598981224725,331.4552232177427,49132329
2020-04-16,330.7781677246094,336.3878441426892,308.8713739232857,314.62612258185965,56494027
2020-04-17,363.227294921875,372.85082344237645,337.59682327149113,350.1219146203379,69006835
2020-04-20,349.4448547363281,366.4673617498786,345.285960021549,363.6625237201749,55810736
2020-04-21,320.961181640625,334.8403283358878,317.237503817571,329.81094146887716,50118175
2020-04-22,324.9266662597656,326.9093889126586,312.4499233658025,315.30313841871805,49115085
2020-04-23,341.3688659667969,343.158139365284,326.9093999325233,329.0855719734942,45953398
2020-04-24,323.8627624511719,331.9871321041544,320.62267820109884,326.8126727216464,38513206
2020-04-27,336.4845886230469,341.3205270324503,326.90943647567315,328.1667686556278,38980019
2020-04-28,348.04248046875,350.9440434080206,338.75747315983926,342.1426299223216,32933194
2020-04-29,358.294677734375,364.1461512264779,340.11153215463276,341.41724138896865,39341745
2020-04-30,367.6763610839844,380.05638010224527,361.87323547061237,369.46566405135206,45734705
2020-05-04,326.9577331542969,347.220323741819,324.97501052159106,347.220323741819,38837299
2020-05-05,319.9940185546875,336.58127974218576,318.73665698384804,336.58127974218576,45069968
2020-05-06,330.1978454589844,334.2116681531423,314.577771398843,320.62269398529276,49952812
2020-05-07,325.7004089355469,331.6486064917045,322.750498701194,325.94220582414044,27656346
2020-05-08,326.6192626953125,340.93362729733553,322.7505123146335,332.71253273839267,42968091
2020-05-11,309.64508056640625,332.27726277307875,307.7590826003124,329.8109463881018,83665601
2020-05-12,310.66064453125,313.7556268984765,297.8937574073057,307.85577709852924,69072308
2020-05-13,326.9577331542969,336.96813000664366,321.3964048492399,332.228917006448,72816461
2020-05-14,316.6571960449219,323.5242335114893,314.96461784269434,319.1718895629042,33999095
2020-05-15,312.1114501953125,319.703849239143,308.33939494391933,318.4948647396511,31828868
2020-05-18,288.7055358886719,309.9836658369157,283.627800332841,309.50007197445564,74034133
2020-05-19,290.4464111328125,301.278923561746,287.3514286647042,296.9749271329466,61827491
2020-05-20,295.6208801269531,298.1355737569391,287.73830719445056,289.18908857526293,42238419
2020-05-21,294.41192626953125,302.53629694398427,292.0906817220055,295.95943247329035,43075357
2020-05-22,281.4998779296875,297.60357157910585,276.18034728701804,291.1234042624581,80358245
2020-05-26,283.0958251953125,288.12518305654487,280.48440684235976,286.3358800751679,46681705
2020-05-27,308.38775634765625,311.38604365713445,285.1752551381035,286.38423957610104,80541990
2020-05-28,316.1252746582031,318.9301128099971,310.2254243633255,311.6762057711041,66136408
2020-05-29,321.0579528808594,323.33082025002983,309.50004863322255,312.30488692071617,60487477
2020-06-01,328.11834716796875,336.58123747812266,325.1684372092027,327.87655030196436,44024770
2020-06-02,336.9681396484375,338.5156456460639,321.5898633637607,325.94220737921006,47558213
2020-06-03,345.140869140625,360.7609415371811,342.19092952288094,346.15640422050154,69689299
2020-06-04,336.4361877441406,351.0890728999437,334.163291148569,345.28594772804377,57061575
2020-06-05,345.47943115234375,348.1875446934701,335.6141055795392,338.5156684519848,37251097
2020-06-08,347.9940490722656,361.48632644089537,341.5622581304743,354.52256466685037,46827341
2020-06-09,337.11322021484375,357.2307396489891,333.9215129977482,348.23587741824446,47621969
2020-06-10,341.4172058105469,345.1408837884955,333.9698498546497,337.1132093982312,36292403
2020-06-11,330.0527648925781,342.5778559821702,328.9405050679796,340.8852777006698,36999490
2020-06-12,332.906005859375,334.7920040950296,313.46552790365183,313.5622525733271,47509067
2020-06-15,320.2358093261719,331.0199447946147,314.81955304790966,330.0044096557877,43500660
2020-06-16,331.6969909667969,336.4845517578464,315.3514973208427,331.01994785716687,57511237
2020-06-17,330.7297668457031,339.4828016340536,325.0717142485584,327.48968292116564,37107002
2020-06-18,340.4500427246094,343.06146110881605,326.1356777347233,328.8437912680886,39285919
2020-06-19,351.86285400390625,353.458737233673,337.74193797743624,339.48286393471415,51367236
2020-06-22,355.4897766113281,362.9371326453157,353.1685323657417,354.95783525870985,40133602
2020-06-23,363.8075866699219,365.88703397426053,352.2497132956473,356.89220167352994,32493320
2020-06-24,336.67803955078125,367.5313208447679,333.6797518195919,367.5313208447679,57955780
2020-06-25,339.4828186035156,343.9318870867488,327.39297463615395,334.55015636158794,69902888
2020-06-26,337.64520263671875,346.7367603235475,334.743639788823,343.931922140493,34596104
2020-06-29,331.842041015625,334.26000979376823,327.3929725605973,333.9214882615841,27384244
2020-06-30,339.9180908203125,342.8196535946516,334.9370511113854,335.61409423188707,47526095
2020-07-01,352.1046142578125,353.74884489223496,340.0631470217947,342.62618811503546,36922617
2020-07-02,350.94403076171875,358.7298792283745,349.49324934436254,353.99066583492214,50964311
2020-07-03,349.15472412109375,355.1029219667265,347.9940871928723,352.6849529631178,28779044
2020-07-06,349.9768371582031,355.7799627282729,348.6711280016928,355.7799627282729,33334074
2020-07-07,363.71087646484375,365.5969040461741,350.21862747763504,351.08909039354813,46030825
2020-07-08,356.8438415527344,366.5640641654081,355.48975543360626,365.5001520073305,46315597
2020-07-09,358.1979064941406,363.6625101179346,353.3135917735156,361.19619373080394,35144463
2020-07-10,348.52606201171875,356.1184906718707,347.22035283180844,352.9267538413985,27864858
2020-07-13,341.99749755859375,354.9578038391216,340.9335854313089,352.15296606080295,32379935
2020-07-14,334.2117004394531,340.8853192325732,329.42413899821975,339.9664791041794,34031256
2020-07-15,334.4534606933594,345.0925243067149,332.47073791735966,338.0320666243409,30442553
2020-07-16,333.3411865234375,337.1615891904671,329.81095783403026,336.5329231799516,35535437
2020-07-17,342.19091796875,344.31874222720364,334.1149261390369,334.64686744554064,27511781
2020-07-20,351.089111328125,354.3291958069875,343.5934071606512,346.2531731555613,36312529
2020-07-21,366.3706359863281,367.43454820576073,357.9077448348309,358.8265848234822,45559912
2020-07-22,368.5951843261719,376.71955391165113,362.9854787789867,374.20486035713515,45500191
2020-07-23,379.37933349609375,382.66776541027866,366.4190256482927,369.9976020339969,37838027
2020-07-24,369.272216796875,375.9458349026856,359.9388622862316,375.5589362466442,52980980
2020-07-27,346.73675537109375,373.14096510332377,344.8991048302517,372.3672268280923,73275058
2020-07-28,340.5467529296875,350.8472947567231,331.9387893681909,349.25144115245945,125939354
2020-07-29,339.5311584472656,345.914601820029,336.7746976984037,341.6106351753123,50194622
2020-07-30,333.63140869140625,342.9647640867244,329.23068694970544,341.80412704103435,40820253
2020-07-31,335.4206237792969,341.4171982750352,330.826483009307,335.08213175659023,37345191
2020-08-03,331.98712158203125,337.88697145221033,329.32735585923274,335.42062552679175,32119883
2020-08-04,339.4828186035156,341.6106429482595,332.90595529175914,335.6140685339599,30811518
2020-08-05,340.6434631347656,348.18751413452514,339.2410293963464,341.80407047214794,37057881
2020-08-06,346.9785461425781,351.81448406791026,337.1615980573985,341.8524637482152,48021824
2020-08-07,346.20477294921875,347.8489739681994,341.5622552995928,347.6555541804357,28510964
2020-08-10,351.6210632324219,352.9751495741998,345.6245174289091,347.70396500203225,22856010
2020-08-11,355.2963562011719,362.0182920359347,352.10461954225354,357.85939733287915,45446107
2020-08-12,354.812744140625,356.6503945073851,351.8144569547426,353.7488319757996,25706005
2020-08-13,355.9733581542969,360.1322822377053,354.232432409014,356.8438505431593,26257336
2020-08-14,349.5415954589844,359.60034067407724,342.5778623944847,359.60034067407724,28893259
2020-08-17,348.3809509277344,354.32914817717125,342.7228981231597,353.99062664735186,24232497
2020-08-18,357.4241638183594,357.8594100424678,349.7350401501537,350.0251846220773,26517363
2020-08-19,362.16339111328125,363.5174477845582,358.24626381296866,361.7281449078393,35790233
2020-08-20,355.6832275390625,357.5208780119546,350.70221747541046,354.95783686427177,68444775
2020-08-21,358.9716491699219,360.76095202018314,355.0061743570724,357.85938940339884,34109928
2020-08-24,367.8697814941406,368.69189679465643,361.5830625738282,362.5502501000301,32907235
2020-08-25,373.67291259765625,377.0096919064189,368.8853224602829,369.94923465927934,53072303
2020-08-26,376.574462890625,378.798982356953,371.5934531177807,375.462203157461,37163882
2020-08-27,379.33099365234375,384.4087286209586,374.88192472897936,377.15482152293737,36910405
2020-08-28,396.2567443847656,398.3845392492878,380.00797610799594,380.97516364174817,83472297
2020-08-31,381.6522216796875,408.15315523988585,374.78518401766775,401.23777000577206,72744175
2020-09-01,378.1219787597656,386.5364926077603,372.65734557194276,381.74893201740673,34872793
2020-09-02,379.5244140625,381.0719201490913,368.5952058241043,374.543403750598,31295799
2020-09-03,370.1910705566406,379.6694976566305,368.5468397561697,379.5244254133476,26135555
2020-09-04,360.3257141113281,367.4829256770418,356.263544064103,362.6953354427093,33118984
2020-09-07,361.1478271484375,364.4846360198119,356.8922078095089,361.82487024345374,22323904
2020-09-08,363.37237548828125,368.7886021723974,357.0372793060549,360.1806388534753,32052920
2020-09-09,355.53814697265625,360.18063537599676,350.02516616699563,358.63312940280946,25285238
2020-09-10,358.5364685058594,362.695363534566,353.4587334163754,359.5036561419515,24852274
2020-09-11,358.3429870605469,361.38962193797926,353.1201801969168,360.7609559340998,22678353
2020-09-14,351.7660827636719,361.5830293493351,347.5588115080396,361.2445078430257,27140598
2020-09-15,359.3585205078125,360.0355635957437,351.76612189318297,352.10461392092714,24967618
2020-09-16,362.4051818847656,364.3395569585755,353.02345097029934,359.1650977328899,22068622
2020-09-17,356.8921813964844,359.55194697599745,355.34467551970556,357.8593688799437,24084936
2020-09-18,357.4241638183594,362.3568264546218,352.58822584481254,357.8594100424678,78166508
2020-09-21,339.19268798828125,355.34470247768115,337.064863556757,354.6193118100554,28932482
2020-09-22,342.7712707519531,344.46384900857447,338.03205753665793,342.38440162511273,28593292
2020-09-23,340.3049621582031,345.38269704619097,331.21340464295514,344.899103247335,22740143
2020-09-24,324.68487548828125,335.5657355312367,322.7988479410135,333.63136041248913,25840472
2020-09-25,337.2099304199219,338.9992332748307,325.5553323520546,327.9249241188506,23231600
2020-09-28,351.089111328125,352.00795138740176,337.6452091116427,339.96645353122847,18495592
2020-09-29,345.33428955078125,351.81445769137866,342.6261763221193,351.81445769137866,17080848
2020-09-30,343.1097717285156,345.76953740082973,337.8869650388521,345.2375960728551,19565058
2020-10-01,357.08563232421875,359.0200072999378,346.4949175256692,346.4949175256692,23237122
2020-10-05,360.8576965332031,370.09432623171557,358.58479978841365,358.58479978841365,26530105
2020-10-06,368.11163330078125,369.2722407956626,362.7921011129556,364.7264764539831,18093629
2020-10-07,370.09429931640625,371.7385299099674,361.8248578114402,366.8542152151069,21845743
2020-10-08,374.7851867675781,376.9130112473282,370.0943211073717,372.36721782069054,21085500
2020-10-09,388.3258361816406,390.26021145527267,374.20489078088156,377.88022151051706,41641237
2020-10-12,390.7921142578125,396.546891935066,387.5520596074177,390.21182534600655,25742564
2020-10-13,383.248046875,387.84218749999997,380.58828124999997,387.84218749999997,19922778
2020-10-14,393.4518737792969,395.82149502453933,376.23594762259205,381.4104067900544,23368177
2020-10-15,378.1703796386719,396.4502207307488,376.381076542763,393.54865771561833,34234586
2020-10-16,383.1029968261719,388.13235440752493,377.6867406094501,381.0718970553735,25339096
2020-10-19,403.4139709472656,405.0098246516032,387.987316267479,388.85777924109726,41072871
2020-10-20,400.9959716796875,403.2204912800626,397.5140905309168,399.93205945142114,26158669
2020-10-21,406.5089416503906,414.4398918778803,396.8370655272196,402.3500467239165,43124966
2020-10-22,399.35174560546875,405.8802617660011,394.27401081394356,402.7369021331522,33088074
2020-10-23,403.26885986328125,406.7023638514961,398.2394728082129,403.3172074341828,22151463
2020-10-26,391.17901611328125,405.3966553779823,388.2774534654376,404.33274317052866,21712057
2020-10-27,396.49853515625,398.8681268676834,380.3464917850806,393.0166541851704,33571163
2020-10-28,383.0545959472656,396.4501486688141,381.84561157738256,396.4501486688141,28145103
2020-10-29,386.7783203125,389.67988314982745,376.8646472849647,379.3793409805598,32615425
2020-10-30,379.7178649902344,389.48646584197274,375.3171436155847,386.2947289906515,27225165
2020-11-02,403.75244140625,408.9268710172733,393.6453200313883,403.31719521643464,72698777
2020-11-03,429.28619384765625,432.23610402659176,410.28096466448005,411.0547028869553,61813071
2020-11-04,422.70928955078125,427.4968795330353,411.3448363052764,422.9510864283452,43426662
2020-11-05,424.1117248535156,431.6074280863885,421.3068869663944,430.39844369398963,30129938
2020-11-06,428.2706604003906,430.30176027751617,421.8872458097437,425.4174746706253,27831424
2020-11-09,447.5176696777344,449.3553200311477,434.2671890732431,435.23437657674697,40995422
2020-11-10,467.9737243652344,471.0687069636092,457.4797330423089,469.85972246825423,57535138
2020-11-11,470.5851135253906,474.4538639134854,456.609270458132,468.8441876572372,45609279
2020-11-12,461.0583190917969,467.68353022793707,455.8838597713585,465.79753220616954,31071572
2020-11-13,469.617919921875,471.11707838782104,452.2085433981173,457.1895830720594,34815091
2020-11-14,470.92364501953125,473.7768602974157,468.74747288033177,473.7768602974157,3636073
2020-11-17,470.4400329589844,476.8234768895535,462.46073542482856,474.4055079398093,36127378
2020-11-18,481.3208923339844,482.62660146765234,470.2949598469859,471.987538108646,29156543
2020-11-19,463.0410461425781,477.1619904764891,460.18783102304366,473.92190623470134,31896908
2020-11-20,464.4434814453125,467.5868410378285,452.7405059822393,463.76643834197404,30089190
2020-11-23,452.88555908203125,467.4900966289245,451.1929809114097,465.9909382537843,29513544
2020-11-24,462.5091552734375,464.25008127171634,455.73884158822494,458.4469552558199,23135994
2020-11-25,457.1896057128906,473.87359237437875,455.64209959756573,469.0860017867664,34168305
2020-11-26,459.7042541503906,461.54193420207747,450.51597195684894,459.5108343402605,28707911
2020-11-27,457.8182373046875,463.8147824653229,455.83548509749374,460.7681475553961,48390771
2020-12-01,469.18267822265625,472.47110993204035,458.737035155163,463.9598714470202,20120049
2020-12-02,464.6852722167969,471.0203388902489,456.70597489473414,470.39167288327013,21244707
2020-12-03,466.039306640625,469.0859413876305,463.1377441165778,466.28110351762894,22701738
2020-12-04,485.5765075683594,487.4625351357903,467.15159617179904,467.82863927708763,39547014
2020-12-07,493.700927734375,498.68190851047666,487.60762807666237,488.4297434490787,37778332
2020-12-08,491.7181396484375,495.200020697209,488.8165770271648,494.7164269269969,19339943
2020-12-09,494.7164611816406,498.10161780751696,489.44527691485814,493.2656797705508,21272782
2020-12-10,490.31573486328125,497.52129383768204,482.3847852343927,491.42799463025165,20419020
2020-12-11,498.5368347167969,499.9392684715248,489.49362521628535,492.5402600971471,25335765
2020-12-14,508.5472106933594,510.48158582648927,501.09985462432047,501.09985462432047,26369591
2020-12-15,501.0514831542969,507.0480575874754,496.2638931216608,506.8062607073669,26969145
2020-12-16,495.63525390625,504.5817384206861,494.3295448576557,502.9858554078373,24263586
2020-12-17,493.65252685546875,499.552376900226,492.39519482852046,497.13440798976995,23883288
2020-12-18,500.18109130859375,501.24497405637163,492.4435609868694,497.13442675344913,21735833
2020-12-21,478.2742614746094,497.8114625263707,472.1809914867809,497.71470834826346,29157759
2020-12-22,483.8839111328125,485.3346924328504,473.05142846892903,480.98234853273675,32328041
2020-12-23,487.07568359375,488.91333413929794,480.2569932713908,482.62661470921796,19205951
2020-12-24,496.6991271972656,499.02040080266494,488.5264105586737,490.1222640252208,17576807
2020-12-28,503.0342102050781,504.0981519064119,496.74749126676363,498.9720698093516,14470472
2020-12-29,511.4487609863281,513.383136072534,500.85804558286276,505.40383884193494,19092649
2020-12-30,511.4003601074219,515.5109067371269,507.33816104334363,514.2052273030188,21365141
2020-12-31,517.49365234375,520.8304609754287,509.22421114867814,512.7060624837276,27817770
2021-01-01,510.1914367675781,519.3797185671838,508.8373505736061,517.9772848018079,13592625
2021-01-04,514.253662109375,517.4453694038815,507.0964502093146,514.8339510602137,16549750
2021-01-05,519.6215209960938,522.2329392366254,505.8390981497572,509.3693563865334,23311516
2021-01-06,528.761474609375,532.533470843339,518.2674536925388,521.0723213555052,28178838
2021-01-07,523.34521484375,536.2088578403149,522.0395351266308,534.0326856234831,21138034
2021-01-08,524.2639770507812,529.1482621610521,518.7509964471592,529.0515670232015,21937965
2021-01-11,526.8270263671875,528.0843582708685,517.4452961079023,527.2622725348874,19394393
2021-01-12,530.018798828125,532.5818695522247,519.4764304939304,523.248485704408,16388310
2021-01-13,538.2398681640625,542.5922121114808,530.2605709271289,533.4039304447089,21920297
2021-01-14,535.1448364257812,540.1258757054776,532.5334183474205,535.870227056857,13330898
2021-01-15,525.182861328125,532.9203620475081,523.7320799432407,531.9531744575852,15708956
2021-01-18,515.6561279296875,530.4057398415881,511.5455803476824,526.6336843298268,21580313
2021-01-19,528.5197143554688,529.7770465206387,516.3815208970861,521.3141544036956,20575358
2021-01-20,532.9202880859375,536.4021393134515,528.0843508074807,528.5195969690293,16097138
2021-01-21,534.5645751953125,542.5922201214586,531.6630125208662,536.7890947725659,18189277
2021-01-22,516.2847290039062,535.3383365278268,513.1897168778343,534.9514378749004,24515997
2021-01-25,520.395263671875,524.5058108715461,513.7700523865595,518.9444823072852,23415249
2021-01-27,505.21038818359375,521.5075336610132,502.06702867686676,520.1534474912922,28049286
2021-01-28,510.91680908203125,512.4642855060281,495.2000118315192,497.7146757786245,29836591
2021-01-29,519.3796997070312,527.0688523192382,512.0774457168937,515.8494416360832,33172808
2021-02-01,583.98779296875,589.452425884442,532.9203054507387,533.8874929379452,69354326
2021-02-02,597.0931396484375,603.5249597070075,579.055129397169,592.8858979173007,42362384
2021-02-03,601.9291381835938,606.9101775967672,593.8531458875141,602.9447323202672,27155908
2021-02-04,607.6839599609375,610.9240738547344,589.017251004875,598.4956777203032,29982222
2021-02-05,593.9982299804688,614.4542102976689,590.9515657258617,607.6838977607114,32015570
2021-02-08,608.9412841796875,613.1485856234531,601.9291741391906,601.9291741391906,18230551
2021-02-09,612.5682373046875,622.0950704979593,607.9740962462539,610.6338621221892,27155615
2021-02-10,611.4076538085938,617.2591268754472,605.8463252099625,612.5682316814824,23967387
2021-02-11,609.9568481445312,612.8100041729464,603.621722506333,606.1847931105234,16072702
2021-02-12,626.3507080078125,628.5752868624444,608.7479397373266,609.2315335696467,19049709
2021-02-15,651.8360595703125,654.592520468244,630.6062810920887,633.5078437351505,27155194
2021-02-16,636.7478637695312,657.1072077668081,628.2366256193608,651.3040827963591,24966739
2021-02-17,635.78076171875,643.1314230886578,628.0432607182878,633.3144450813422,21684753
2021-02-18,623.4974365234375,630.9931395406657,616.6787175205237,628.6718659610644,27845347
2021-02-19,603.5734252929688,614.6477354005381,598.6891395954887,614.6477354005381,24055811
2021-02-22,589.8392333984375,608.6510408085518,587.3729172466086,601.5905843422124,27092321
2021-02-23,596.0777587890625,602.6062756664275,589.0656480689298,594.5786296829727,23534585
2021-02-24,620.0638427734375,623.8358973939102,594.9169693901171,594.9169693901171,17762047
2021-02-25,607.393798828125,627.1244490272395,605.749568139458,621.6114680275654,38571809
2021-02-26,578.1364135742188,594.820400415131,571.511201832981,594.820400415131,57349273
2021-03-01,588.3884887695312,591.7736450008763,580.5059461074345,587.6147505802832,21527318
2021-03-02,590.468017578125,596.2711430580083,579.3453604083487,589.9844237881347,24051433
2021-03-03,611.3592529296875,612.9551360685247,593.7080793860969,597.7219315035081,21036174
2021-03-04,600.3817138671875,610.1986918027633,595.5941233516484,598.4473386312079,25057198
2021-03-05,589.452392578125,594.5301265990473,581.7632406828126,593.0793454502124,26645968
2021-03-08,588.0984497070312,595.7876034739398,581.424890217459,591.5319541218602,19632433
2021-03-09,604.5889892578125,607.732349187152,592.2089988810582,594.6753156345112,23056249
2021-03-10,605.072509765625,609.8117523900396,601.3972088693664,608.1191741716692,15838994
2021-03-12,592.740966796875,617.0657614122351,588.3886220847197,610.7306936932554,21757862
2021-03-15,583.6976928710938,592.7408729504853,571.220949725329,591.8220919937933,24347946
2021-03-16,575.4282836914062,587.0828826525666,574.1709515976513,586.9377808972519,17925629
2021-03-17,570.1570434570312,583.842770488018,567.7390746552627,577.9428911922378,20214082
2021-03-18,559.6146850585938,581.6666081188232,556.6164273081386,575.2347873875159,22776537
2021-03-19,567.400634765625,569.5768068871514,551.296937453351,556.3263248295902,29162618
2021-03-22,554.6336669921875,567.5939436827399,550.8132646756579,567.5939436827399,21755401
2021-03-23,567.1588134765625,569.9152744323284,555.4558084845356,557.1000391565908,29486417
2021-03-24,548.8789672851562,561.5007537572067,546.4609982662789,560.968812379543,24434219
2021-03-25,552.7960205078125,560.0015794068414,538.8201489043831,549.4592117255838,27170186
2021-03-26,559.5663452148438,565.3211229435119,555.4557981275727,565.3211229435119,20724410
2021-03-30,572.0430908203125,573.6389148655057,562.9031566253199,562.9031566253199,28011943
2021-03-31,562.999755859375,570.3020678766227,560.0014985646619,566.7718102916958,20119972
2021-04-01,574.8963623046875,576.5405340823887,561.162285879385,568.2710914881146,15631940
2021-04-05,552.5059204101562,572.5750632521882,545.0102164571082,572.5750632521882,23260127
2021-04-06,547.3314208984375,559.5179595858626,545.8806396721993,555.842658952547,23284697
2021-04-07,558.6959228515625,560.968790025758,541.0447497171314,547.9601054160856,23984399
2021-04-08,557.777099609375,566.626830712183,554.4886381629826,562.9031820726192,19262565
2021-04-09,547.6216430664062,560.001632814362,546.4610061141875,555.1173471325743,23239564
2021-04-12,520.8788452148438,533.8391820468089,513.721692737257,533.3072406987869,26601702
2021-04-13,542.2053833007812,545.3003956462012,520.2018638443274,523.2485286128166,25445897
2021-04-15,556.3262939453125,557.8254228504287,535.9670077006499,547.3798090534764,37614884
2021-04-16,548.3470458984375,558.7926606343113,545.5905256969555,555.7459959464757,24045008
2021-04-19,541.3831787109375,543.8494949182292,516.8650003045784,531.9531010111937,28526176
2021-04-20,540.754638671875,553.8600796985179,534.4679183984864,546.6545192709893,24425842
2021-04-22,560.195068359375,561.5490955766029,528.9549207621035,533.8875538970873,34942633
2021-04-23,551.24853515625,561.4523516177502,548.4436677539687,551.2001875870606,33749097
2021-04-26,571.7045288085938,585.6320529373389,568.7062710605372,582.2468965619786,62584522
2021-04-27,579.1035766601562,582.198588792846,571.7045678923548,573.7840448494992,24239685
2021-04-28,600.9619750976562,602.3644088855251,578.3781688725504,578.3781688725504,33292864
2021-04-29,601.0587158203125,607.8290286823235,589.0172189949614,602.1225985142227,34537860
2021-04-30,580.796142578125,596.1260421289493,578.4748687699971,590.0811197457465,23653258
2021-05-03,577.169189453125,579.2002597619761,568.2227043212583,573.1069898029775,18010557
2021-05-04,572.1397705078125,588.050017153402,569.6734541173581,577.072462321163,15115127
2021-05-05,583.0205688476562,584.9549437005234,565.5145000421833,575.7666631494046,17253943
2021-05-06,588.2434692382812,590.8064807806612,579.5871290134854,583.0206329483368,16949763
2021-05-07,587.1795654296875,594.6269217191755,583.8911630254934,591.9188082591196,10941083
2021-05-10,593.1278076171875,596.7547611900607,590.9516354734636,590.9516354734636,12060808
2021-05-11,589.8392333984375,592.7892023000195,583.4558199428291,586.5024839749,13818480
2021-05-12,575.2348022460938,586.744357841801,573.7356733321429,583.4075489478822,14785569
2021-05-14,577.7010498046875,582.1984950424604,571.7044758318025,572.5749681463511,12675754
2021-05-17,603.1380615234375,604.0085538288796,581.4730983748178,583.4558208122844,20453101
2021-05-18,612.4231567382812,614.6476762541919,605.4593947051521,607.3937697681079,19242627
2021-05-19,604.927490234375,613.1969323259727,602.8963608750266,606.5233143390998,13911576
2021-05-20,598.30224609375,612.1330764700582,596.41627743557,607.442181031065,13900762
2021-05-21,621.36962890625,622.8204101742858,601.8807769259918,601.8807769259918,23975898
2021-05-24,626.1088256835938,632.0087050525594,617.0656458657791,622.1433804124802,20323003
2021-05-25,628.9620971679688,630.6063279276439,621.418045542195,628.768647837575,14884778
2021-05-26,631.0899047851562,635.1037569113275,622.1917671180947,628.0432402525254,14487031
2021-05-27,630.8480224609375,634.9585691768577,626.834170878299,629.7357332660075,23349546
2021-05-28,621.949951171875,638.3437921867975,618.2746502354701,636.4577646306658,14191446
2021-05-31,641.0035400390625,643.1797119969469,622.6269768391497,622.6269768391497,21786138
2021-06-01,628.7686157226562,643.083038986402,627.0760374749445,642.7444879173929,14123196
2021-06-02,627.0760498046875,628.0432373938256,620.0639397834365,627.2211515560365,16025108
2021-06-03,628.9136962890625,632.2021575296948,623.5941648325614,632.0087082156971,11805702
2021-06-04,621.6114501953125,633.4111501118738,618.4197430867815,631.5734701538852,15111572
2021-06-07,626.9309692382812,628.6718949871419,623.1105666853325,624.0294066460328,7556341
2021-06-08,621.3212890625,626.7375155842017,616.4853514422515,626.7375155842017,11912935
2021-06-09,615.2279663085938,624.416247874786,608.1675091221133,623.2556700607997,15823094
2021-06-10,619.3869018554688,621.3212768655952,610.2953156948982,614.5993118989177,10712418
2021-06-11,614.8411865234375,623.4007734126527,610.7789866820082,622.8688320240907,9015059
2021-06-14,614.3092041015625,615.2279850602316,602.8963436350101,614.8411454545931,10170497
2021-06-15,624.1261596679688,624.9966521393501,615.1313266043011,615.4698186584785,11039987
2021-06-16,619.0967407226562,627.8981830401924,616.6787717946152,623.7392882904506,8601339
2021-06-17,612.229736328125,616.6304279976123,606.1364663986469,612.2780839004929,9720060
2021-06-18,609.715087890625,615.7116037968401,600.3333563450919,611.842853388987,13820690
2021-06-21,610.537109375,612.3263826370239,596.029296875,602.412710762024,13407446
2021-06-22,610.1502685546875,622.9655041435304,608.8929364920826,614.1641206728506,15270093
2021-06-23,604.2021484375,614.164169618523,602.9931638516368,612.9551850326598,10950633
2021-06-24,613.2451782226562,615.4213499402898,603.9602025070607,606.4265186472248,12815724
2021-06-25,627.7046508789062,628.6718383224793,615.2279092438392,615.2279092438392,14785922
2021-06-28,628.9620971679688,631.5735155471648,624.9483039664254,629.6391403081229,12093491
2021-06-29,619.0967407226562,627.4629368266561,615.566541507183,625.093315470687,12225470
2021-06-30,610.1986694335938,619.7737910812119,609.1347276733394,617.3558221248772,14276494
2021-07-01,610.1502685546875,616.4853945056948,609.376530287888,613.1485855081484,10517081
2021-07-02,619.2418212890625,620.3057039680308,611.5043209840059,611.5043209840059,10999396
2021-07-05,626.5924072265625,627.2211027235332,620.1606456790087,621.6597745189683,7358568
2021-07-06,628.9620971679688,633.5078907862066,624.0294639213911,624.0294639213911,9209891
2021-07-07,632.5406494140625,633.2660400670603,624.7064539746634,629.5423916613154,7741559
2021-07-08,620.8377075195312,632.5406531778881,617.1623476298522,629.1554967770891,10782941
2021-07-09,617.5975952148438,620.1123182519674,613.0034543748918,618.5164351893227,7069698
2021-07-12,625.0449829101562,628.9137332879367,621.321334284521,624.803186011545,6992783
2021-07-13,643.13134765625,644.4853747530493,631.573445085938,633.652921848891,19825411
2021-07-14,642.551025390625,646.0812835619874,636.6028573760996,640.2781582605325,11648541
2021-07-15,645.5493774414062,647.6287953684289,639.4077007427688,643.2764511548442,8244429
2021-07-16,638.6339721679688,645.8395317264038,636.1193079748996,645.5493872475801,9212875
2021-07-19,634.3783569335938,635.3455445129817,624.3679300674605,624.4646842448664,9121737
2021-07-20,620.8377075195312,629.8808874344031,618.1295351729377,627.366223435358,13169127
2021-07-22,634.4267578125,638.634000523365,627.0277485955166,631.0899485767536,13123569
2021-07-23,654.447509765625,655.608087653661,629.3973274423037,634.4267147427613,19298083
2021-07-26,654.5441284179688,665.1831907195537,641.8255894171892,657.6874877343462,31054759
2021-07-27,655.2212524414062,663.1037959741483,651.2074002822104,657.8326707719405,12598869
2021-07-28,662.5718383789062,664.4578659621436,648.0640247116105,655.6564826169622,18367497
2021-07-29,666.888427734375,671.738525390625,662.6203181147575,671.738525390625,11043138
2021-07-30,662.038330078125,667.0339543461799,657.6732421875,666.40341796875,14536250
2021-08-02,660.9713134765625,667.4219076527314,657.3822294719592,663.5418296380883,9348206
2021-08-03,669.7014770507812,671.1565062802903,656.3637091136156,662.5233091697539,10162609
2021-08-04,693.2244873046875,695.8920410372308,672.417556349791,673.1935601400174,28730606
2021-08-05,681.3902587890625,695.0190219065333,678.0921685689368,694.0490023365312,17774554
2021-08-06,676.7340698242188,684.8337082725227,674.842520120369,683.9121779854896,14701949
2021-08-09,681.7781982421875,685.1247774384981,673.5330322944652,676.4916392046472,8602980
2021-08-10,679.88671875,687.0648278173533,676.3946128854847,682.9907339113992,10843554
2021-08-11,672.757080078125,685.9493821287363,669.3135223476855,685.0763408087723,9748084
2021-08-12,680.3231811523438,681.8752479405593,672.5145356911748,672.7085514403636,8840339
2021-08-13,683.6697998046875,688.6169352702516,679.9837371788716,685.8523438969164,12787590
2021-08-16,681.5842895507812,686.1918826097383,677.7042111853438,681.3417846529414,7920846
2021-08-17,680.1776733398438,681.8267183020483,670.7684725134202,678.8196223814891,8669653
2021-08-18,667.6644897460938,679.8382240839077,663.1053857105554,679.8382240839077,11069373
2021-08-20,660.2922973632812,663.8813814188723,655.1026574217951,663.3478233200453,13121808
2021-08-23,662.2322998046875,669.2649409175282,653.647592026529,669.2649409175282,10917371
2021-08-24,673.630126953125,676.346170007758,660.0013633354409,662.7658955292947,9821388
2021-08-25,670.3319702148438,679.4501772864774,666.5489296508792,678.9651675317158,9535359
2021-08-26,677.8496704101562,680.5172242541614,669.3135099503988,671.302038247598,10756731
2021-08-27,678.7711791992188,679.4502047243641,668.3919581871249,675.2305841643647,9135827
2021-08-30,692.2544555664062,693.563958239006,679.8867066607456,683.3787532578738,10797869
2021-08-31,697.4925537109375,698.3171058612189,688.0833521252788,692.593966767437,19760246
2021-09-01,698.317138671875,712.7703952911427,695.6980738922512,705.7862422805786,13729351
2021-09-02,703.4097290039062,706.2227502902614,695.989055462156,700.6451376506692,8627956
2021-09-03,702.5851440429688,709.8602906246755,699.4810696603816,703.02166467893,8993813
2021-09-06,699.5296020507812,706.1742120951084,698.4140559182391,703.6521850197431,5329995
2021-09-07,695.4070434570312,700.7906401523801,690.3144407874563,699.2871216814693,6242711
2021-09-08,699.3355712890625,701.0815945503086,693.5639434153866,695.0189726673069,7118011
2021-09-09,698.6566162109375,702.1972114295646,696.0860405913536,699.1901151493518,6243422
2021-09-13,686.1918334960938,696.377038476369,684.057778706787,696.377038476369,6967906
2021-09-14,686.2402954101562,692.5939111857178,685.3187650598175,691.8663965731278,5241865
2021-09-15,692.9334106445312,694.5339665120459,685.1247654598607,685.9007692238437,5936741
2021-09-16,705.3981323242188,707.5321868840095,691.4783181583991,698.4139806763974,13557169
2021-09-17,698.5595703125,712.3823482608204,692.5939266737396,710.9273190031025,17075003
2021-09-20,688.7138671875,698.8020939946174,685.318798828125,688.7138671875,7943459
2021-09-21,690.5083618164062,693.0789371899905,673.5815687972035,689.82939552629,10009615
2021-09-22,682.2632446289062,693.5639963636635,681.1962467781576,693.5639963636635,9740470
2021-09-23,695.5040283203125,698.4140870162134,685.949359284223,689.6839109285107,10412491
2021-09-24,701.2756958007812,702.8761926498731,695.0675465534881,700.9361534107563,11780868
2021-09-27,708.1142578125,709.8117919921875,700.6450955808162,702.779150390625,7712240
2021-09-28,695.6495361328125,713.3523927210091,685.415782631291,712.0913199559708,13491800
2021-09-29,688.2288818359375,690.6054416128642,680.2747095564644,686.1433160876496,11453404
2021-09-30,679.8381958007812,692.4969986251765,677.8496675120839,688.3258670863279,18487517
2021-10-01,671.5929565429688,674.0180052185848,667.2764172646043,672.2234928807449,10935810
2021-10-04,679.2076416015625,682.2631673947919,673.2419982064688,676.1520566030433,8976533
2021-10-05,676.2006225585938,678.0436834345975,671.1080197860163,672.2235659802233,7497208
2021-10-06,668.8284912109375,683.8637944941421,667.712945027162,675.7156064520935,13200810
2021-10-07,681.147705078125,683.815258704445,672.6600344489249,676.6370907187762,10041549
2021-10-08,682.311767578125,688.7138728549405,677.3646324048638,684.8337946980113,9383924
2021-10-11,691.9149780273438,697.8321331891003,679.3047230598837,680.953768242842,9337637
2021-10-12,687.3558349609375,691.6239446972885,683.2818001824968,685.3188175717172,7376091
2021-10-13,688.6654052734375,694.4370335535737,686.725366134252,692.4484460716717,6357766
2021-10-14,705.4951782226562,707.9202269991712,687.7923221540975,688.9563574078832,8950350
2021-10-18,723.10107421875,726.447653455614,710.1027887674178,716.8444363768378,15345601
2021-10-19,725.0410766601562,732.364711938483,716.6018952908004,732.364711938483,11349799
2021-10-20,723.4890747070312,734.741337274942,719.6575447586221,724.3621160046894,12762996
2021-10-21,732.8497314453125,737.0692925835626,715.2924021967076,726.4476264344589,12166996
2021-10-22,736.5357666015625,742.8893822447653,730.7641389541915,735.7597628720237,13248928
2021-10-25,816.4654541015625,841.0069364855135,774.4636200950748,776.0156276682939,96124084
2021-10-26,804.5343017578125,816.4655313205759,797.6956160279669,803.8552761783236,16925115
2021-10-27,809.96630859375,823.54658203125,799.4901094973087,803.9036865234375,22898400
2021-10-28,774.7545776367188,807.0077256431113,772.378018047821,805.2131540654456,18750423
2021-10-29,778.004150390625,784.5032930676069,760.3983314851432,774.0755831442972,15701200
2021-11-01,779.7987060546875,785.4248073592453,769.2254697368435,783.4847683435156,11406421
2021-11-02,776.9370727539062,785.7157367368843,774.0755036000415,784.745717308814,9452457
2021-11-03,762.3868408203125,781.8357200296188,757.0517335496389,781.8357200296188,11839149
2021-11-04,758.6522827148438,765.3454414361375,755.6452457271877,764.86043165069,3149310
2021-11-08,756.7607421875,769.2254691722987,749.9706056374293,769.2254691722987,13967995
2021-11-09,762.9688110351562,764.9573391303975,755.8391915310285,760.4952731993542,10084357
2021-11-10,757.4882202148438,760.7862508566225,749.9220210604275,759.0887168011323,9507347
2021-11-11,748.3215942382812,753.7051909036771,743.131954118792,753.4141968795224,9221059
2021-11-12,753.317138671875,756.5182504653758,748.0790687653425,749.5340980513727,15380106
2021-11-15,750.1160888671875,761.0288085529081,748.4185546938531,753.7051729604387,10934583
2021-11-16,741.1434936523438,752.4927352745344,739.1549652326074,750.1161753169127,12785837
2021-11-17,738.4758911132812,748.8066232762401,733.6257932349524,738.0879188061928,11657214
2021-11-18,740.0279541015625,744.4900204442565,733.7228268925884,741.9679932427853,20644385
2021-11-22,729.4546508789062,747.351522173044,718.0569219589233,745.2659566034415,20403786
2021-11-23,729.3092041015625,735.2263591159697,709.2783351175478,718.7360261076268,24913042
2021-11-24,737.4088745117188,749.0975982602171,724.3136105732106,727.7571681382037,23186419
2021-11-25,728.5331420898438,732.31624186587,722.9555299001058,732.2677527313655,17749726
2021-11-26,700.5481567382812,719.8030218351846,697.0560507060612,716.844473939417,18987552
2021-11-29,696.862060546875,705.9317195550211,689.1988825061388,704.9617000159554,15878074
2021-11-30,692.9334106445312,710.3452726237059,689.7808472490506,695.2614811417723,23965914
2021-12-01,705.8831787109375,710.781765183323,693.5639196261699,694.9219705634979,15214913
2021-12-02,700.7421264648438,705.3011708545943,693.7579740644888,702.8761220492831,21924640
2021-12-03,694.8250122070312,707.6292824837109,693.6609768718247,698.8991062776062,20130259
2021-12-06,688.27734375,705.0101805958118,686.2888155601072,697.4440401239817,20129080
2021-12-07,712.6248779296875,718.735989183653,690.6539116916487,695.5040093861126,30513303
2021-12-08,730.8128051757812,736.0508755990655,721.7915753481878,725.477697267346,33432411
2021-12-09,732.3646850585938,740.1248406618637,725.9625803680117,736.2932519916914,16007459
2021-12-10,735.2747802734375,737.0208035306538,728.5331329140408,733.8197510248752,7627774
2021-12-13,731.3947143554688,746.624032582974,729.9396850828783,740.1248899910115,16855546
2021-12-14,735.9053955078125,741.4344598807473,723.9256178874251,728.533211001736,17488089
2021-12-15,729.697265625,736.7299079324526,728.3877628084907,734.8868469559659,7358740
2021-12-16,718.9300537109375,735.1778820897848,716.7959987395218,735.1778820897848,14123215
2021-12-17,706.4652709960938,719.754551510597,704.2827268708932,719.754551510597,13227787
2021-12-20,688.6654052734375,698.6081058617633,677.2676753307227,696.5710292424409,16900016
2021-12-21,698.7535400390625,707.0957434639558,694.6795054047839,698.4140568879703,14563335
2021-12-22,710.830322265625,712.9158880033236,698.4625728662525,704.4767059838692,9843359
2021-12-23,709.3753051757812,717.3294775522406,706.1257632733157,716.8929569013119,9994049
2021-12-24,705.3012084960938,711.8973889628089,698.0260616918899,711.8973889628089,8800690
2021-12-27,713.934326171875,716.6018797003704,694.6309151381012,702.2940925929857,7955163
2021-12-28,713.7404174804688,720.1910715716506,710.5393646072569,718.2025432114203,17833655
2021-12-29,713.6433715820312,722.6160521279113,709.9573092528904,715.8744046334617,7143073
2021-12-30,713.6433715820312,718.2994534296456,707.1442289672,711.3153010555776,14326182
2021-12-31,717.9600219726562,723.8771177792522,714.4679159315479,714.4679159315479,6973055
2022-01-03,741.77392578125,743.034939294085,720.7244907252026,720.772979859294,9653095
2022-01-04,749.6795654296875,754.6751896603275,740.7068848328263,744.9265052853369,12114437
2022-01-05,764.4238891601562,771.9900297558837,748.0790835397291,749.8251068763901,19741360
2022-01-06,761.5137939453125,768.7404510358562,750.7950903492147,751.8135989795604,13018067
2022-01-07,769.468017578125,778.2466827734125,762.6778806439341,768.4495088790554,12250210
2022-01-10,786.443359375,788.431887634735,775.0456295289855,776.2581539806891,10905080
2022-01-11,786.3463745117188,790.2749418612598,777.8587034209163,785.4733332316896,9982061
2022-01-12,799.0536499023438,800.7026950724887,787.7044086787562,794.0580252527016,13034848
2022-01-13,799.9751586914062,803.1762114612432,792.8940276053314,796.3860744078269,9372244
2022-01-14,795.416015625,797.3560546875,787.2678278803825,796.3860351562499,7552844
2022-01-17,794.7369995117188,804.0492226450341,790.1294066837855,795.4160250326835,6722700
2022-01-18,798.4230346679688,810.9363100238994,793.669974594114,796.38601737993,10835146
2022-01-19,784.3577270507812,796.3859922727045,779.1681465201582,791.535894877621,16416144
2022-01-20,785.9583740234375,788.5774387615821,771.5536067715879,778.9257319849679,13567654
2022-01-21,780.3806762695312,787.0252860646632,771.6505008979641,778.9256470409367,12078277
2022-01-24,774.5121459960938,792.2150033426144,759.8163256674114,788.6259190532194,29612316
2022-01-25,777.6162109375,780.1867272714006,762.4838701424657,765.3454397112157,19513184
2022-01-27,770.8260498046875,777.4706599600323,757.6337485604175,763.3083983827408,23984679
2022-01-28,757.7308349609375,781.6902717400607,755.1602593363119,779.6532542601936,14072314
2022-01-31,765.1513671875,774.7545838873432,760.495285444206,765.2968937941276,14824509
2022-02-01,786.0068359375,788.4803739691243,765.6364252212842,778.0041745847009,20031583
2022-02-02,789.3533325195312,794.1549406690028,784.6002135018141,790.5658568398378,11214375
2022-02-03,784.6973266601562,793.8640232469231,781.8357571471566,789.6444026820711,9755335
2022-02-04,780.9142456054688,787.6558934806294,771.9415645528877,785.5218385784158,10314067
2022-02-07,762.8233642578125,780.8657034123029,758.021755855399,774.1240559952004,14659368
2022-02-08,768.740478515625,771.8445528566837,751.0861112058162,766.3154296875,14642455
2022-02-09,778.731689453125,780.1382296535221,770.3895449350314,773.348092746373,8855292
2022-02-10,781.3507690429688,784.5518218050651,772.4265770961425,781.7872896935493,13159771
2022-02-11,767.0913696289062,773.493533525501,764.2783487455761,772.9599754634849,13138408
2022-02-14,731.103759765625,750.7466560048083,728.6302217098981,748.8551060073834,16170656
2022-02-15,752.7836303710938,754.6751802603627,720.9185130872045,730.3762033282566,18880659
2022-02-16,741.1434936523438,754.2387587844175,737.6029574916669,752.4442461336238,10549784
2022-02-17,727.8541259765625,744.2474796103446,723.9255587463642,743.5199649675193,16683808
2022-02-18,726.4475708007812,734.1106887323259,723.1979702050392,724.4589836160237,8945567
2022-02-21,731.8312377929688,740.0279145678118,717.8144439053794,723.8770658978235,10967164
2022-02-22,728.775634765625,736.9723113395816,715.6318824491955,716.2624188030735,13156371
2022-02-23,722.2765502929688,733.7228286173266,720.4335486276524,731.9767460218848,11624282
2022-02-24,686.1918334960938,705.3011707138996,681.2446984110699,691.5269408667141,28023104
2022-02-25,708.1627197265625,717.1354000457194,698.6565405267843,703.2156439894683,16935750
2022-02-28,720.4335327148438,722.42206095429,693.9520108008815,701.2756465733906,20547432
2022-03-02,693.41845703125,703.2156900856645,686.5313418547755,695.5040227620968,25252492
2022-03-03,677.3646240234375,700.3056095245371,672.6600529984909,696.0859890579119,23190595
2022-03-04,667.4219360351562,685.3672976160152,664.4633882642357,670.2835055337035,18697223
2022-03-07,634.1503295898438,647.0030896159477,622.8981256264688,643.608020929807,27799873
2022-03-08,645.06298828125,649.3795870363712,623.72255859375,624.0135526120663,26716975
2022-03-09,647.4395751953125,654.2782013370947,638.2728783985298,644.7720213722183,33728639
2022-03-10,656.3152465820312,679.9837488252581,653.4537360874477,673.1451223935388,35959638
2022-03-11,657.5762329101562,664.1723535705743,650.4950433016918,654.4236695822449,20546724
2022-03-14,675.2791137695312,677.5101468285675,656.9457211257647,657.7702140371608,24648981
2022-03-15,676.443115234375,686.8708254851132,667.3734560472463,680.4687200830572,27714580
2022-03-16,686.7738037109375,690.0718936820614,680.2261721077612,685.7068059466105,14621688
2022-03-17,698.510986328125,703.264105342903,694.7279459742814,696.2799534211983,18329844
2022-03-21,689.44140625,701.2271676541549,684.3488035306015,699.3841067973971,12866839
2022-03-22,696.6680297851562,699.3840725949519,678.5286529544644,687.4043552277658,11761758
2022-03-23,696.7650146484375,705.0101806308414,692.8364474037626,703.2641573226852,7140403
2022-03-24,683.0877685546875,691.3329346041988,677.0736355951617,681.3902343680235,17727969
2022-03-25,678.2861938476562,684.930804313348,675.7641666123579,683.8638064534825,15263007
2022-03-28,689.0533447265625,692.0119516370017,674.794105097614,680.9537053887425,13806166
2022-03-29,693.85498046875,695.4555364272713,684.6882837719272,692.8849609072935,11489374
2022-03-30,708.9873046875,709.8117976134745,697.5410267638673,699.4325767058435,20154520
2022-03-31,708.4052124023438,717.7174349072195,705.9801637091923,717.7174349072195,16046383
2022-04-01,714.1768798828125,716.1654080808163,701.4210993647575,703.26416015625,12658848
2022-04-04,724.2164916992188,727.3205657546083,703.2640954345931,719.7544259482318,17192197
2022-04-05,719.5604248046875,732.8012141382112,715.8743626915073,724.4105221128956,12290391
2022-04-06,719.3665161132812,722.5676281772567,710.1513298564631,710.345345618719,13518142
2022-04-07,726.108154296875,735.0808355296261,715.0014181190587,715.0014181190587,15087175
2022-04-08,731.6857299804688,733.334775045837,721.3065090216976,727.369131169894,15480705
2022-04-11,736.8267822265625,742.5014317762851,729.1151746316407,729.7456517780823,13216391
2022-04-12,740.9493408203125,745.8479864574211,727.7570998467589,734.3047312015948,14020000
2022-04-13,739.3973999023438,749.3885893981088,737.8938814451427,746.5270198926197,16119956
2022-04-18,735.080810546875,740.0279458248403,726.7386660150366,728.4846893815499,17651530
2022-04-19,743.3259887695312,754.5782513670702,734.3048185595942,738.9609006803395,31088359
2022-04-20,732.8983154296875,746.9151108443856,731.2007810868594,743.8110362050113,15984202
2022-04-21,739.494384765625,741.288956467235,728.6787022404092,736.2933320721821,8953098
2022-04-22,725.2351684570312,736.099340475498,723.5376341784837,734.3048279202951,14411607
2022-04-25,729.648681640625,739.3488766658785,721.6945098788588,725.2351047451931,35417460
2022-04-26,731.1522216796875,745.5084989011287,729.1152043461799,744.9749999999999,18727514
2022-04-27,714.6133422851562,727.5145891585095,710.5877378763637,726.544569706298,21441480
2022-04-28,724.7501220703125,729.3577148794458,712.6248778357512,716.9414174190198,18649559
2022-04-29,721.0155029296875,737.1663517442317,717.9114286007149,727.6116238754458,19560317
2022-05-02,718.7845458984375,721.5005890216362,709.1813278784033,710.0543692276062,10903446
2022-05-04,702.5366821289062,724.6046276151784,699.529645107401,723.8286237907864,12212165
2022-05-05,706.9502563476562,720.7245461912948,704.7192231601288,708.8902955029491,9121547
2022-05-06,697.6864624023438,701.3240351990191,689.0047768198879,694.7764041650034,12455025
2022-05-09,689.0533447265625,698.4140568089666,683.3302650619983,684.1547579747249,13055889
2022-05-10,689.974853515625,698.4140349456094,683.8637425509091,683.8637425509091,12797419
2022-05-11,692.7880249023438,698.2201110958097,685.9493984178897,696.474087619717,13516852
2022-05-12,674.9395141601562,689.3928274907596,672.5144655614166,686.3372425742325,16685166
2022-05-13,657.042724609375,681.3417619266664,654.7632023278333,681.3417619266664,15717043
2022-05-16,662.5233154296875,670.2349822600079,655.4906740872786,656.4122044490664,9025623
2022-05-17,688.7138671875,690.65390625,664.6089055180549,665.5303767085076,12765052
2022-05-18,686.143310546875,695.5040229620245,684.9307860995912,690.9934083360105,11835013
2022-05-19,669.6044921875,677.7526801950419,665.0453884024539,672.3205351215821,16661023
2022-05-20,688.27734375,690.5569251623157,672.9025579245164,673.9695557224218,11695528
2022-05-23,689.732421875,704.1857375371053,686.240375011619,688.2773924810416,17438451
2022-05-24,686.9193725585938,695.8435051133911,684.8822959669416,689.732393749025,13779981
2022-05-25,691.9634399414062,699.2385867517748,690.2659056856536,690.702426335335,10457589
2022-05-26,706.6592407226562,711.024328688685,694.0004974622318,701.3241332086211,14028733
2022-05-27,717.6204223632812,718.9784733607349,709.3267673856765,711.5578004198139,8110620
2022-05-30,726.0596313476562,729.4062106277925,721.9855374068509,726.3021362345459,7628515
2022-05-31,730.2791748046875,734.0137854944626,718.2994573679736,718.7844671298695,20272212
2022-06-01,730.0852661132812,732.9467765317738,721.8885887589776,725.5746513499096,10102092
2022-06-02,727.2720947265625,729.2121336588108,720.9184790645074,728.5331081914659,10949759
2022-06-03,721.9855346679688,734.304794716289,718.9784977640621,733.4803017861097,8563791
2022-06-06,724.3621215820312,728.4362156603112,717.4264579008345,718.0085051721869,9107831
2022-06-07,713.2068481445312,720.6760102483751,710.3937678699366,718.784460353754,9938912
2022-06-08,707.6292114257812,718.7844354578532,704.6706638496377,714.5163260591181,9369224
2022-06-09,710.7817993164062,712.0913019789867,700.4996161438609,703.2641480783276,7444368
2022-06-10,698.4140625,706.4652127683163,696.4740234375,703.0216552734374,7990818
2022-06-13,667.3734741210938,681.2447423380745,661.6503348905528,681.19625319991,16622521
2022-06-14,664.9484252929688,673.8241281748404,660.243853989426,661.9413882626029,13348598
2022-06-15,666.6459350585938,675.4730892724864,665.530388895112,666.8884399458468,9199591
2022-06-16,658.1583251953125,679.0622365789525,656.0242701480186,679.0137474380526,13237239
2022-06-17,666.2578735351562,671.8840340301465,649.8645794187131,651.1255929345484,16335613
2022-06-20,665.3849487304688,667.1794612875005,657.2852496413942,665.4334378688459,10981042
2022-06-21,675.2305908203125,686.7738472456844,667.9554441333879,669.8469941130473,13319648
2022-06-22,666.015380859375,677.9466683573997,664.5603515747664,673.4360538929959,6838249
2022-06-23,678.189208984375,684.8338193855298,666.4034474757209,669.5075219542216,14960412
2022-06-24,692.0604858398438,693.8065092545105,685.3673270107747,689.5869477352911,10856736
2022-06-27,695.8434448242188,706.9986687565013,694.6309204837532,706.9986687565013,8285225
2022-06-28,689.0048217773438,695.7949581075266,685.8037693484586,689.7323363841491,8339931
2022-06-29,681.6812133789062,685.5128022997893,679.9351900949814,683.8152681505,9570557
2022-06-30,685.9978637695312,690.5569676695045,680.1777462475137,681.6812647663088,11970404
2022-07-01,682.7967529296875,685.5612848355172,673.2905144209359,682.3602323115849,9884899
2022-07-04,698.510986328125,699.4810057837703,683.7181896295328,683.7181896295328,8303732
2022-07-05,697.880615234375,710.1998760337988,696.5710532471181,701.3726621231307,11460367
2022-07-06,704.1857299804688,709.9573583556275,700.3541407764358,701.3241603619987,12163533
2022-07-07,719.7545776367188,721.6946169295401,711.0244008190227,713.8859706169943,10374018
2022-07-08,733.0437622070312,734.7897854998337,722.2280208901641,728.7756526421427,9797700
2022-07-11,746.4299926757812,748.4185207762245,732.3647101627223,732.3647101627223,12440573
2022-07-12,737.1178588867188,744.4414944411,734.9838040959955,742.4044179205171,10219829
2022-07-13,730.6187133789062,741.8224269796456,727.4176608080226,741.8224269796456,8674121
2022-07-14,729.8427124023438,736.7298273298937,726.3506065982099,727.5146418662545,7044542
2022-07-15,728.6786499023438,736.2447900539347,721.8885134986842,730.6671780080716,6358018
2022-07-18,748.8551025390625,749.9706487184862,735.129302042271,736.4873531124134,8045363
2022-07-19,757.2457885742188,758.555291290108,744.1505245941465,744.7810017811212,12825591
2022-07-20,759.6222534179688,765.8788910888006,756.9062106352496,765.8304019544345,8152179
2022-07-21,762.4353637695312,765.2969332735929,756.712224761408,761.3683659501904,8312338
2022-07-22,776.0640869140625,779.7986975015549,765.4423615783869,765.4423615783869,12267898
2022-07-25,776.888671875,793.281966548427,773.2025502653746,778.9256892232296,21034148
2022-07-26,772.4265747070312,778.7317019361692,767.916019212441,777.5676666066537,7374145
2022-07-27,776.5006103515625,779.701662862984,770.8260199542831,771.1655030974293,9536564
2022-07-28,790.1778564453125,791.0508976723771,781.1566869885742,782.7572428364289,11124518
2022-07-29,794.0579833984375,798.7141246229065,783.7757998058745,796.0465708488148,11095993
2022-08-01,798.7140502929688,800.2660577531622,792.7968960397413,796.0949858992641,7974903
2022-08-02,793.2335205078125,797.3561037693938,787.8499236190421,795.4160645874732,11106772
2022-08-03,800.0720825195312,803.1761568023379,787.2193239716678,793.2334567936133,11073975
2022-08-04,795.6585083007812,805.0677094506085,784.1152523738859,799.2960814871609,11113742
2022-08-05,813.0704345703125,815.6894993120746,798.4231031950561,798.4231031950561,16056522
2022-08-08,816.7297973632812,821.9505207188839,811.069933828099,816.3882174189047,12142951
2022-08-10,828.2446899414062,832.3920123947211,821.8041659557855,821.8041659557855,23658553
2022-08-11,838.93017578125,845.5658799495219,837.3687950848084,839.2716961670366,22787391
2022-08-12,853.2750854492188,856.0562074685697,837.7591953397174,843.0775387772877,10792853
2022-08-16,858.0078735351562,863.1310368403135,855.2267515651621,860.1547348322915,13804836
2022-08-17,861.9111938476562,864.106835156637,857.1783908503086,860.4962130919745,9058040
2022-08-18,863.7164916992188,866.2049328790207,853.909305576073,859.276428878953,13137856
2022-08-19,849.3717041015625,865.4730744193198,843.4190405507679,863.6189534069804,10787199
2022-08-22,831.6600952148438,846.4441031311904,829.0740939751595,844.6387624066966,13848023
2022-08-23,843.0286865234375,847.0296090090403,822.4384148998874,824.9267964243761,13254855
2022-08-24,852.2015991210938,854.202060474313,836.3441890909899,836.3441890909899,10494109
2022-08-25,851.2745361328125,860.1547214600488,845.7610723978989,852.2015966285933,9827829
2022-08-26,849.8107299804688,856.3000935449566,846.3465078959074,853.0310514850003,5976725
2022-08-29,835.1731567382812,840.198759670883,826.53699122095,829.5132931497114,7755134
2022-08-30,865.8633422851562,869.2300042276803,838.3446257766652,839.7108264248318,12544701
2022-09-01,853.2261962890625,864.302022725116,842.1504294135921,842.1504294135921,15877583
2022-09-02,851.3233642578125,860.0083098715986,846.053801187429,852.9822456312818,8401284
2022-09-05,861.1305541992188,864.4972162001684,850.4938677754845,850.4938677754845,8744999
2022-09-06,862.3015747070312,868.4493586083719,856.8856116990898,861.1793341866904,9879326
2022-09-07,855.0315551757812,861.3257390281522,851.4209330033636,857.324756787144,8814960
2022-09-08,877.0855102539062,879.0371914336259,864.1068423208869,864.1068423208869,12163106
2022-09-09,879.476318359375,889.9178244256609,876.0120962296875,888.1613233024965,9936230
2022-09-12,885.2825317382812,886.9414725345509,880.9888096256512,883.184450795855,6016978
2022-09-13,888.0149536132812,891.8695359284446,883.4284908418431,891.8695359284446,10400475
2022-09-14,895.9192504882812,899.9690128904444,876.3536579455829,876.5488379819374,14712947
2022-09-15,895.4312744140625,914.0210847384641,893.6259932015241,897.7733155832948,16253099
2022-09-16,887.1366577148438,895.4313027407838,883.330915145174,892.7965807927752,11966860
2022-09-19,877.475830078125,890.4544974160177,873.71880824309,883.0869132125273,11235656
2022-09-20,894.6018676757812,900.2129511108898,885.4289422358922,887.2342830774511,12090663
2022-09-21,893.1380615234375,894.8457824823732,883.7700160872216,889.9665797425566,8917640
2022-09-22,881.5744018554688,889.6738667395215,873.6700574385206,884.1115635336504,11125669
2022-09-23,860.9353637695312,883.0381770404971,857.5199216916697,879.9154752286213,15927517
2022-09-26,840.2474975585938,856.6904466386289,838.4422163569614,848.981282433677,14208640
2022-09-27,831.9528198242188,853.7140514142088,828.0982378747345,844.0532660442398,12493809
2022-09-28,828.9765625,842.394370309741,823.6094393761035,823.6094393761035,11411458
2022-09-29,823.5119018554688,840.78423273663,820.7795005412984,837.271230419244,13803629
2022-09-30,841.1746215820312,846.1026048427556,817.2665261890385,823.5119300342992,13175031
2022-10-03,827.8543701171875,840.1499977244196,825.2684281981548,838.9301969435782,8232026
2022-10-04,846.6881103515625,851.5673132935744,839.3204662606582,844.1021089680631,8975095
2022-10-06,864.05810546875,870.1571094607641,851.9576577243595,851.9576577243595,12116698
2022-10-07,861.22802734375,863.1309282440803,851.7135824026761,856.0073044567253,9705750
2022-10-10,860.4473876953125,868.3028920530546,849.664361746319,850.9329425237454,7357588
2022-10-11,849.5668334960938,861.911241360188,844.5412899593006,861.911241360188,11130051
2022-10-12,847.3711547851562,850.6402565068132,840.6866705498809,846.9808542844545,14557532
2022-10-13,832.9775390625,844.541286279882,829.9524569296713,841.5161445864678,11563124
2022-10-14,849.2252807617188,862.4479089579862,847.566339832314,862.4479089579862,8199540
2022-10-17,863.8140869140625,866.0585083192806,847.5663175534736,850.9329794415917,8936947
2022-10-18,875.2314453125,878.9396276267804,869.62036194361,874.4019450781407,8097552
2022-10-19,870.54736328125,878.8908479432257,864.1556193526078,878.3053078550508,5529462
2022-10-20,867.1807861328125,871.7184092551068,858.8373012281268,868.2054068661961,8107159
2022-10-21,885.2338256835938,888.0149475742908,864.3020328643687,866.546454336231,17022807
2022-10-24,903.9210815429688,910.9471453528248,895.4312569210836,902.6525007513261,4390050
2022-10-25,902.7013549804688,920.4616662033744,900.6521134996117,919.2906455454911,15838120
2022-10-27,902.067138671875,911.1424449857235,898.0173760693862,903.6772400401293,16080842
2022-10-28,885.9168090820312,905.0920994884167,879.232325217319,895.8216143723628,9854094
2022-10-31,886.746337890625,894.8945828260715,882.7453558171879,890.5520803773597,9000840
2022-11-01,886.6487426757812,898.7491899037128,877.8173971843925,898.7491899037128,9823761
2022-11-02,882.843017578125,898.5052475593865,880.549756393211,898.3588476426912,7690974
2022-11-03,886.6975708007812,891.7718941909748,875.3777842858833,879.2811466233138,9022366
2022-11-04,883.428466796875,891.3328112458532,878.4517036538972,884.404307378681,7099336
2022-11-07,895.3338012695312,897.8709631491665,881.6232519741969,888.258956518355,11100219
2022-11-09,888.5028686523438,899.62747534603,883.8676257900718,897.7733543768877,11590409
2022-11-10,888.6980590820312,890.8937004635314,882.1111349375303,885.624137323697,10009741
2022-11-11,884.6483154296875,905.5801089550436,881.6720134061227,903.5308674465132,17921457
2022-11-14,873.3285522460938,884.6482793217701,869.7179301331439,883.135738311916,12641308
2022-11-15,889.673828125,891.5767290813355,877.0854613928531,878.7931823299733,15176911
2022-11-16,891.5279541015625,895.9192368299623,886.1608307668516,890.5033333770526,13008311
2022-11-17,897.5781860351562,900.0177875733908,888.3564803085126,890.942481763275,12584194
2022-11-18,898.1148071289062,899.7249678261456,888.5515818558852,897.5781067500195,10874061
2022-11-21,899.1395874023438,902.4574098341772,891.9671229788867,891.9671229788867,9245704
2022-11-22,901.3839721679688,904.1163139298982,898.1637101071026,901.4327522857458,11256509
2022-11-23,905.0433959960938,909.3370589927953,901.3839936667877,904.6042558044601,10959704
2022-11-24,916.1679077148438,917.9244684130731,905.1409210367791,905.1409210367791,10844395
2022-11-25,907.824462890625,920.1200897078235,905.0921212292191,917.582868510347,9815055
2022-11-28,914.7530517578125,920.9983961993727,901.6279830655516,901.6767631860741,9381474
2022-11-29,923.8770751953125,926.9509968667758,910.9959675424216,910.9959675424216,13096845
2022-11-30,929.8785400390625,935.0504833540824,918.2660129689936,925.1456773495776,20858573
2022-12-01,917.4852905273438,933.8793997391756,913.6307084700137,932.9035591960835,15920653
2022-12-02,908.1172485351562,911.9230507412958,903.7259657868033,905.824046924139,14228874
2022-12-05,911.0447998046875,914.3626818126604,905.9704761133208,914.3626818126604,10984608
2022-12-06,900.3593139648438,907.2877580970394,897.9684926874812,902.6525154501334,18220912
2022-12-07,899.8714599609375,910.6544870005209,898.4076990172678,899.7250600423364,15675663
2022-12-08,909.3858032226562,910.995904342203,901.4814592846488,902.6524798192328,10136870
2022-12-09,907.4342041015625,912.215787338606,902.7013414221591,909.4834455516406,9575331
2022-12-12,907.824462890625,911.3375246500736,902.7012999402709,902.7012999402709,8493863
2022-12-13,910.4105224609375,913.2892642150814,905.3849194209615,907.0438603945855,10415140
2022-12-14,899.4810180664062,913.4355258812766,897.7732971207961,913.3867457663752,12319827
2022-12-15,886.8438720703125,897.6757378156889,883.1356899252837,893.8699358801766,8929748
2022-12-16,880.208251953125,891.6255992841462,877.9150502872375,883.6236941724553,9157260
2022-12-19,884.5507202148438,888.6004229521618,879.3787769678182,886.0632612266272,7015083
2022-12-20,887.7222290039062,890.4057907242563,874.0604602457607,884.1116067771366,6384331
2022-12-21,870.6937866210938,893.7236012549803,865.5706234047746,888.2589176484736,11341147
2022-12-22,869.1324462890625,882.0134944431401,864.9362840988583,878.7444522871822,9788367
2022-12-23,857.6663818359375,868.1566689546379,854.1533197156482,861.7160848477346,11059215
2022-12-26,871.620849609375,875.3290320358716,854.1044986503864,859.8131424263865,6943159
2022-12-27,878.8908081054688,880.9400494197373,866.7415814436704,876.0120665940304,4994381
2022-12-28,877.23193359375,882.111136673352,874.1580118293671,874.353191864668,8980300
2022-12-29,886.112060546875,901.0424100780956,867.8638290929013,876.207314018528,11994220
2022-12-30,869.3275146484375,886.5511238731773,867.0830933355579,886.5511238731773,9688527
2023-01-02,880.6473388671875,885.0874015715547,872.4014740958874,872.4014740958874,4315403
2023-01-03,879.5739135742188,884.0628161348139,875.0850705742079,876.7927916486487,5846855
2023-01-04,877.3782958984375,885.9657411818296,873.1821930571263,877.2807356586387,12454582
2023-01-05,857.9102783203125,881.184052562088,850.9329942792257,879.1348111478047,16547196
2023-01-06,849.078857421875,857.7150822158359,839.7108117598847,857.7150822158359,14804613
2023-01-09,852.2503051757812,857.5198678751491,841.4672792045169,853.1285854792023,16811853
2023-01-10,840.540283203125,857.1784132046618,835.9050403188388,854.2508913830072,13470142
2023-01-11,845.3706665039062,849.810729146555,834.1972801627661,842.0528443311998,15558460
2023-01-12,839.8572387695312,848.3470043668949,834.294935420491,844.5900418696975,16659001
2023-01-13,852.3480224609375,853.7630033069328,837.5640128792874,843.8094168254664,11223103
2023-01-16,844.3461303710938,856.2513983254271,840.2475876903445,856.05621828147,8319812
2023-01-17,844.24853515625,846.9808769766993,837.3688111454281,846.0050363579256,12624859
2023-01-18,848.4933471679688,850.9329485111774,837.905501162675,843.5653643668032,11313898
2023-01-19,845.224365234375,849.5180281670827,841.1746028927344,847.029646532359,6694679
2023-01-20,849.3228149414062,855.3242582617137,844.6387921248788,852.3967365563113,8127162
2023-01-23,850.6402587890625,861.9599858696962,843.7117548264578,860.6914050079915,16882379
2023-01-24,849.7131958007812,860.3986621992815,847.0296341717808,857.7638806877826,11504090
2023-01-25,834.6364135742188,855.616985476424,827.512789445121,852.2015435388557,14918485
2023-01-27,797.4569091796875,822.6335834514962,793.4559271893047,818.876621159135,39718683
2023-01-30,803.604736328125,806.2882979855656,776.7691197537189,780.6724821645415,36301441
2023-01-31,811.8018188476562,818.0471629504093,794.4318085216838,806.0443354842496,27291226
2023-02-01,827.4640502929688,854.0557066947356,803.2632152779729,823.0727675844201,39237711
2023-02-02,837.1736450195312,839.8083668980825,806.1418673862072,808.3863483354639,16798190
2023-02-03,842.9310913085938,851.5673162826182,831.5137444720939,843.760591547997,14914366
2023-02-06,833.0751342773438,846.8344629485416,829.1229917492834,840.6866790648273,8463833
2023-02-07,832.1481323242188,835.3196145054602,826.7322285114469,834.343773834309,9337066
2023-02-08,838.3446044921875,839.9059851305341,831.3186000816627,831.9040805956793,8082983
2023-02-09,840.0036010742188,844.0045833872938,831.0258553801846,837.7591795408565,6299265
2023-02-10,833.221435546875,841.076999677084,831.4161543411412,834.8803764054466,8656405
2023-02-13,830.0988159179688,838.5398012262449,828.830175511351,832.7823775217515,9394365
2023-02-14,844.3948364257812,846.3465175729854,831.5137289421172,833.2702896230664,13402934
2023-02-15,849.761962890625,852.1527842173793,839.8083770889955,845.4683000864001,12070288
2023-02-16,848.4446411132812,856.5928864866202,843.9557385135968,854.787605159296,10715685
2023-02-17,841.8088989257812,846.5904820244143,834.4900945865224,846.5904820244143,9990618
2023-02-20,831.5137329101562,845.6146411781135,829.7084516646102,841.8088986592531,9013430
2023-02-21,833.5631103515625,838.6862738575413,826.3906457068396,833.7582903972411,11704445
2023-02-22,818.9741821289062,833.4653904817538,814.5828996510032,830.6842687366475,13880984
2023-02-23,819.4620971679688,824.0485596388099,813.4118738805132,816.339395513742,11743574
2023-02-24,819.4133911132812,825.1708151093187,815.3636286637227,823.5607138018664,8246139
2023-02-27,835.7098388671875,837.5639001048967,813.4118474165347,813.4118474165347,14422574
2023-02-28,834.1973266601562,837.2712484244097,829.4645234973756,834.2461663394178,19600146
2023-03-01,835.6123046875,843.1262893169088,831.269802049156,843.1262893169088,11015843
2023-03-02,833.3678588867188,841.0281836482711,830.5378973683739,832.3920183025423,12327141
2023-03-03,847.5663452148438,851.9088478174389,829.3181139966719,836.0514379926584,12823098
2023-03-06,846.78564453125,855.6657697882442,844.443603366914,850.6890067647562,13904231
2023-03-08,851.0305786132812,852.5431792187243,840.686691893039,845.7122948969003,16144568
2023-03-09,835.270751953125,848.7861200905347,833.5142508305153,846.2489584201631,10624440
2023-03-10,822.2921752929688,824.9268974884017,816.0467710979982,824.292636780852,17273189
2023-03-13,808.3864135742188,834.6364911699224,804.0439107949028,821.1211220704034,16413159
2023-03-14,810.2892456054688,814.2902279362222,798.4815977730528,807.0202033098866,15456802
2023-03-15,805.94677734375,823.5606883048955,802.3361552027651,816.2418837869195,12914488
2023-03-16,803.9951171875,811.2163020979362,790.7236489111071,809.6549809174596,14987868
2023-03-17,816.0466918945312,818.1447729834259,798.8719213661859,811.7041893648593,11104490
2023-03-20,816.2418823242188,817.5592433108602,805.0684955346812,816.7785827424584,14838651
2023-03-21,831.8065185546875,833.8557599098707,818.7790113206246,822.6335934511657,18755854
2023-03-22,839.4180908203125,841.7112923918411,830.4403454439372,836.9297092178792,17431520
2023-03-23,834.7828369140625,846.4929238858591,832.1968355502246,836.2953779024698,17920621
2023-03-24,831.8065185546875,839.2228829988167,828.6350367294012,831.9040787866177,17295696
2023-03-27,828.1958618164062,835.7098457377868,823.6581795709955,834.2948650706796,17047675
2023-03-28,834.0997314453125,838.1494936556207,827.7079875914543,834.8803919931624,24469018
2023-03-29,830.4403686523438,841.2721757235752,827.5128467887045,836.344192498566,34881515
2023-03-31,856.0560913085938,859.7154932378126,837.7590816624995,841.1257433494965,25739021
2023-04-03,862.4478759765625,865.6681379160334,847.8590476761958,858.9348737808818,26416933
2023-04-05,863.2285766601562,866.3024983947739,852.8846900557955,865.1802578730985,21068934
2023-04-06,853.8605346679688,868.5957040705766,851.6161131746726,860.6914189453125,26042745
2023-04-10,847.46875,861.4720382738286,843.5166076266008,858.7884767219354,30906205
2023-04-11,860.5938720703125,864.2044347387856,844.1021416632927,852.5919670233527,39504022
2023-04-12,868.64453125,870.4498125302297,859.0324656331312,862.1063873379366,22686032
2023-04-13,877.2807006835938,879.8667021016108,865.0826931657463,869.5715361080806,34439635
2023-04-17,879.5250854492188,895.1385344204618,871.5720206158405,895.1385344204618,29957514
2023-04-18,875.1826171875,886.0144835702572,872.4990555408676,886.0144835702572,26699379
2023-04-19,870.3522338867188,875.2314367685581,865.8145513823755,874.2555961921902,24377956
2023-04-20,872.7918701171875,877.573453395635,867.717487005693,870.6937889701342,16999919
2023-04-21,864.2532348632812,878.9396237033103,861.0817529732831,872.9381803026192,29578071
2023-04-24,882.8917846679688,884.5995057214851,873.3773387983774,883.135744818471,30881665
2023-04-25,891.3815307617188,893.8699121640335,881.2815456903305,884.4042472519276,41383839
2023-04-26,892.8453369140625,894.7970180441831,883.8675918033912,889.4298949363513,30371555
2023-04-27,896.1632080078125,897.6758086146725,886.599981860416,887.5270423599347,25835108
2023-04-28,895.4801025390625,898.2124441608663,888.2588586608995,892.9916614936355,20381002
2023-05-02,899.8225708007812,903.433192842073,896.504748580591,901.6766917183744,17515017
2023-05-03,900.5545043945312,901.5303450275906,889.5275171530784,897.3342422175527,18715142
2023-05-04,899.4323120117188,901.5791732893766,889.7714660425504,897.773371044411,20485002
2023-05-05,904.555419921875,919.6809486172212,901.1399779584096,902.6525189158281,19002035
2023-05-08,915.2409057617188,918.9490880615251,904.6042195927597,904.6042195927597,18623913
2023-05-09,911.8255004882812,922.1693872512037,909.2882791362127,918.2660247654843,21507610
2023-05-10,913.435546875,918.2659695728609,905.8240023974581,912.0205661468576,25910923
2023-05-11,916.509521484375,924.121066402181,911.2887384351924,917.3389621864789,20027372
2023-05-12,921.095947265625,925.0968698193026,912.5085025133513,917.0461850344827,13873480
2023-05-15,922.9012451171875,926.0727270591709,915.5336605179272,920.9495639221207,10453762
2023-05-16,923.4867553710938,929.1954587867314,920.2177130883861,927.048597490951,19612293
2023-05-17,916.6558227539062,925.4872276297442,913.1916006155064,924.4137672580238,19273344
2023-05-18,923.633056640625,929.2441396577233,919.3393345076573,925.0480373135742,21550141
2023-05-19,931.2446899414062,932.9036309042945,918.8515021794102,928.4635680040531,15427412
2023-05-22,927.3900146484375,931.1958165018618,923.2915321116159,928.0731149247673,15509525
2023-05-23,930.366455078125,935.6847387180298,922.1693701855753,929.0002544091722,16579935
2023-05-24,917.9244995117188,930.8055479979184,915.8264183625203,923.828323327991,18049620
2023-05-25,917.143798828125,918.8515199428152,910.4105341694121,914.3626768370067,19328582
2023-05-26,927.731689453125,929.439410538322,912.9476802341859,917.0950028696642,10957182
2023-05-29,925.2433471679688,934.4649937720943,923.9259265383885,930.8055912909057,12108079
2023-05-30,926.9998168945312,929.2930185471208,921.8278734759396,922.5109142673763,18483624
2023-05-31,926.2191162109375,929.0002380573593,917.7780713161202,926.5606365918726,27254425
2023-06-01,913.484375,931.1959059694744,910.2641128857094,931.1959059694744,21650700
2023-06-02,915.48486328125,921.827827046608,912.4597217491146,920.2176662665535,12494376
2023-06-05,923.8770751953125,928.8050582446286,920.2176729962289,920.2176729962289,10751684
2023-06-06,919.3394165039062,924.9017199029888,915.4360540569128,923.6331390198327,11894330
2023-06-07,917.4852905273438,922.9987538594663,911.239887227322,921.5349930448281,16486469
2023-06-08,915.2409057617188,927.5364732717563,912.6061242779729,913.9722653565424,17608140
2023-06-09,915.3872680664062,921.1935315811797,913.581986770486,918.6563698311431,12253128
2023-06-12,913.3380737304688,920.7056587698215,910.7520721683007,915.3385351627903,10520125
2023-06-13,920.75439453125,923.3891760871558,911.5326888658717,913.2892496101983,13528776
2023-06-14,917.0950317382812,924.0723162159532,913.6308093399507,923.1940358059712,13489262
2023-06-15,904.2138671875,920.1688965759562,902.0182258592284,917.9732552476846,19366819
2023-06-16,911.6303100585938,915.0945323130579,904.6042457522844,906.848667243868,11249387
2023-06-19,900.8472900390625,911.386356797931,896.5047873782526,910.9472166078564,19351375
2023-06-20,903.1892700195312,906.1167918668598,892.6989833999372,898.7004270111945,15212286
2023-06-21,902.3598022460938,905.97042432825,897.7733395774403,905.580064269418,9210553
2023-06-22,903.3843994140625,912.9476250004694,898.456416492756,902.0670384808453,27291569
2023-06-23,901.1888427734375,909.3859280803975,896.7975598362632,903.6772245257189,8767733
2023-06-26,905.0433959960938,909.2882788738549,900.8960733562135,904.701816042341,11749040
2023-06-27,913.484375,917.2413971004926,899.920226200877,907.5317710784503,13422726
2023-06-28,914.8018188476562,921.1935631203252,911.7278970108912,921.1935631203252,25708001
2023-06-30,912.0205688476562,919.4369928830703,908.1660462617388,917.7780520093211,13843218
2023-07-03,919.7785034179688,922.9012051068142,913.874679970956,914.36260024857,12350359
2023-07-04,921.8765869140625,928.3171107716475,919.2418054957484,924.3649684244667,14041699
2023-07-05,934.855224609375,941.4421481648168,918.2659356549289,919.2905562958817,13817767
2023-07-06,936.2214965820312,940.6127792872743,930.9519335115064,931.6350338444386,16334427
2023-07-07,923.5355834960938,931.9765690944446,920.998362156249,929.9761077422681,8593807
2023-07-10,925.4872436523438,929.8785263276142,918.6075198126201,923.1452024012996,12069184
2023-07-11,922.1205444335938,929.6833087354524,919.1442426527203,925.4872062607309,16977595
2023-07-12,921.5838623046875,928.1707861820097,918.5099406710377,925.4872246023599,21511161
2023-07-13,932.61083984375,936.0750619372393,919.436992216799,924.8041153240754,23222286
2023-07-14,936.8557739257812,941.6861968997155,928.3659486322887,936.5630336523335,12871569
2023-07-17,945.2967529296875,950.2735159116797,929.8296444720338,939.636889650411,16290763
2023-07-18,951.8837280273438,964.0817355638042,947.687625346918,954.3721096526649,29709508
2023-07-19,949.9320068359375,956.3237506038779,944.174523696845,956.3237506038779,15994261
2023-07-20,971.546875,974.0353161719719,948.6146209598538,952.46920323191,26487838
2023-07-21,972.9130859375,977.2555885541523,964.9111810417447,971.2541449921898,16903003
2023-07-24,968.0338745117188,984.3304244322484,966.1797535488037,980.6710221848502,21687719
2023-07-25,970.6686401367188,974.8647427328618,964.3744564622128,974.8647427328618,29325327
2023-07-26,972.3763427734375,973.6449235956478,966.0821592179317,969.1072411447856,12780537
2023-07-27,966.3261108398438,982.1835198791242,963.3498090553566,978.3289377697675,25932395
2023-07-28,972.1324462890625,974.5720478609782,953.4450744239546,964.1305412210621,12584130
2023-07-31,974.1817016601562,975.2551621034391,964.7160355141905,971.9372800941444,14303116
2023-08-01,970.522216796875,979.4511817429085,966.5212943260926,977.4507205075173,15508569
2023-08-02,963.1058959960938,970.0831205780985,953.8841903765009,961.4469550572353,15787996
2023-08-03,941.6861572265625,959.2512876204258,936.8557344561337,952.9571039838418,30994707
2023-08-04,947.0532836914062,952.4204068859481,938.026758318768,945.2480024411116,20582882
2023-08-07,952.078857421875,957.7875008210797,944.8088334046981,947.492394919989,16686062
2023-08-08,956.2262573242188,962.7643418978649,948.8098327986035,952.1764948847944,23784778
2023-08-09,957.0133056640625,959.5713515147028,948.0600250851338,959.2270199754856,19317331
2023-08-10,948.552001953125,957.9480378042437,943.9770282120568,955.8818683285078,24858441
2023-08-11,937.4833984375,947.961670292414,934.679384304923,947.8633070091408,17162177
2023-08-14,944.0753784179688,947.3713891844818,930.7439105257865,933.6955296923587,19026691
2023-08-16,941.0745239257812,944.3212928136318,931.3341572113877,939.0575962871804,17930805
2023-08-17,936.3027954101562,942.353578529597,931.1866436309263,941.5173104722998,27077611
2023-08-18,935.3189086914062,939.5987322998694,930.7438751368339,932.6132578915899,13257508
2023-08-21,939.7955322265625,943.8293876376395,933.1052076187755,935.368103582327,13358017
2023-08-22,936.6471557617188,941.5173394326239,933.9906864820573,940.9762212582668,16872719
2023-08-23,951.2576293945312,952.4382890585223,934.5317876320523,938.6148847885249,14707331
2023-08-24,953.3237915039062,966.5568958657866,951.159258811673,956.8165287761593,28389740
2023-08-25,954.7504272460938,956.9148999052287,944.7149101731643,947.4205610479281,10275758
2023-08-28,954.8980102539062,959.2762574905711,949.4867082885748,954.3077104234818,10481574
2023-08-29,952.1431274414062,961.4899212525077,950.0770180929742,957.6036107629861,13209913
2023-08-30,943.4359130859375,960.1617553156957,939.992357332752,954.7996350612804,13936165
2023-08-31,943.2882690429688,950.6181351385301,938.6640537842972,944.5181103324641,36675400
2023-09-01,953.0778198242188,957.3576435007852,937.4342145669208,941.4681300358887,16268147
2023-09-04,951.7495727539062,953.4221689523384,945.0592480110233,953.0778374045047,9512956
2023-09-05,952.7826538085938,954.3568266156637,946.7318107329097,948.551951794262,16623486
2023-09-06,942.0584716796875,953.8649486093547,935.466510050454,947.027018710753,30802100
2023-09-07,950.0770263671875,953.8649135559165,939.3036045546078,941.9600737763301,13462347
2023-09-08,954.8980102539062,959.2762574905711,945.7480025772426,951.8972093560283,13086915
2023-09-11,962.4738159179688,966.1633398736982,953.7173217093658,959.2270468470958,7894110
2023-09-12,974.5262451171875,979.1012787688176,966.802865781473,974.1326718812546,20959591
2023-09-13,973.8375244140625,978.8060712632008,964.7366987806778,973.8375244140625,21997553
2023-09-14,971.7714233398438,976.887575209195,966.4093032080317,976.2972153487822,11464188
2023-09-15,976.44482421875,981.4133711300916,972.6568769312493,974.3786547753372,13307980
2023-09-18,974.2311401367188,980.1835602868862,971.3778841717555,974.132716797775,16713222
2023-09-20,971.2302856445312,979.9375379402288,964.8351109491382,965.7205606456862,25741856
2023-09-21,943.8294067382812,966.6552735540002,942.0092656124872,964.1464092816628,19742813
2023-09-22,934.9744873046875,945.403576994813,932.1212916735981,941.0745118327471,12701888
2023-09-25,940.9269409179688,945.6987611069428,926.3164505561931,934.9745211428321,8997098
2023-09-26,933.4003295898438,943.4850278666348,931.8260967551563,943.4850278666348,10521409
2023-09-27,927.890625,931.2358173022473,919.3309777310822,931.0390306872603,15152973
2023-09-28,927.398681640625,931.973715189207,919.6753024788718,930.2519374097601,25991282
2023-09-29,936.5487670898438,940.5826225175415,928.4809961836039,931.4326152919225,10447334
2023-10-03,925.1358032226562,936.2535565130627,923.8567802867412,936.2535565130627,11131636
2023-10-04,915.0510864257812,920.4132063725941,910.0825397056649,919.9212698646451,17334739
2023-10-05,925.6769409179688,928.7269834227375,919.4785526739939,920.1180941808709,10478856
2023-10-06,929.9568481445312,931.2850527835039,922.8729499513662,930.743934599139,6355755
2023-10-09,923.4632568359375,926.8576310013959,921.2003607425811,925.0866714522842,6725306
2023-10-10,935.8600463867188,942.0584345201288,925.184987886715,925.2342295793238,11452715
2023-10-11,937.7293701171875,946.5350458326664,935.4172924942318,939.5003896293223,12233117
2023-10-12,938.86083984375,944.6164730548359,933.105206632664,937.4833935799946,7836818
2023-10-13,935.9584350585938,941.9600967877449,929.317291867472,934.6302304407079,6650442
2023-10-16,936.056884765625,939.4511988960326,930.8915510270158,933.2036287753874,5763024
2023-10-17,938.5165405273438,945.4528336239722,936.1552211514996,939.9923501245347,7747527
2023-10-18,928.5301513671875,935.3188991432158,923.9551178593193,933.892271271344,12000153
2023-10-19,920.6591796875,929.7600051345846,918.9374019002138,920.9051479428266,8612676
2023-10-20,917.7075805664062,924.8406601258879,915.0019296990167,916.9696757843909,6586576
2023-10-23,914.9527587890625,929.5632496240031,910.4761484024964,926.8084170823352,11856890
2023-10-25,901.3260498046875,918.7406142727789,896.7018946503207,911.1155983660612,12593434
2023-10-26,893.9962768554688,901.8180196143733,884.5018778394127,899.5551235944749,21693345
2023-10-27,898.0301513671875,903.3430900053108,896.6035233948352,901.227738868632,8645505
2023-10-30,909.9841918945312,911.3615781096987,893.553500239537,894.4389499383923,7687791
2023-10-31,900.5881958007812,915.9858334554681,899.3583544561848,914.3132372166475,17211107
2023-11-01,899.3091430664062,902.8018803593627,894.63574611152,899.0631748056227,12927203
2023-11-02,905.114013671875,909.8857738877014,898.0792974270889,905.2123769553756,9747311
2023-11-03,918.7406616210938,919.4293847809116,911.8535501246075,913.5753279987291,7146961
2023-11-06,930.2028198242188,932.4657159085782,922.2826535035373,925.8245725876783,10338367
2023-11-07,932.8099975585938,935.122135214151,915.4446745754223,928.3825689148798,15704942
2023-11-08,920.6591796875,933.1543790682605,919.035765182007,933.1543790682605,17606074
2023-11-09,922.2333374023438,927.1527024283356,917.953513850068,918.9373868552664,9406117
2023-11-10,923.4632568359375,926.2673311686412,917.3632917279805,919.8229744492044,9560455
2023-11-13,919.3801879882812,925.7261812013599,916.9696869940611,925.7261812013599,11470096
2023-11-15,925.9229125976562,929.169741735814,923.6108349273643,929.169741735814,19492138
2023-11-16,920.9051513671875,930.9406682319986,918.9374053172576,923.8567704420823,19706373
2023-11-17,906.9833374023438,923.2664842460193,905.3108012759441,911.6075526979567,10956653
2023-11-20,906.58984375,911.8043589612981,902.7035331502466,907.1309619231906,10562301
2023-11-21,911.164794921875,913.0833593528811,907.1309394932731,909.4922588007951,8989572
2023-11-22,907.8688354492188,910.2793363749666,899.9978512350831,908.3607719626023,12197979
2023-11-23,908.1148071289062,910.4268847301861,903.6873784917665,908.1148071289062,5534614
2023-11-24,914.41162109375,915.3954941269687,905.3599771779697,906.639000110985,7452002
2023-11-28,910.5745239257812,916.0350074399643,906.8358182796372,913.9197163754527,14231987
2023-11-29,924.4470825195312,925.9228920765872,911.0664332225615,915.8874351292822,11680078
2023-11-30,919.8721313476562,925.6769463830785,913.2309881790077,923.8076235957443,23950292
2023-12-01,931.4326171875,936.6471322793062,917.9535445552444,920.8559820278334,16986046
2023-12-04,975.2149658203125,978.8060663731462,945.8955613418391,948.1584573156929,33131257
2023-12-05,997.1061401367188,999.3690361088786,979.002852257751,986.3327183845934,31378461
2023-12-06,987.0706176757812,999.8609670700351,984.1189985847997,997.6472527517989,18786590
2023-12-07,982.88916015625,986.037565872625,972.2141617664823,980.2818725979603,11841945
2023-12-08,994.5480346679688,996.5157807404588,977.2318932503937,978.4617345457,16116363
2023-12-11,1000.697265625,1003.5505215202488,988.4480940647678,990.8585350218602,11714606
2023-12-12,999.3198852539062,1004.5344004940981,992.3343504540468,1000.6972715159467,12380856
2023-12-13,997.5488891601562,1004.2392137541405,992.9246739088817,998.43433885667,15887040
2023-12-14,1016.9804077148438,1023.2279775961745,1004.7803578077819,1005.7642308631628,16317672
2023-12-15,1020.6699829101562,1026.8683114091973,1009.1585955233128,1026.8191898149773,14306067
2023-12-18,1004.9771728515625,1013.3400340079713,1001.5827987043302,1013.3400340079713,8592711
2023-12-19,999.0739135742188,1008.9618258446333,996.2698393148889,1008.9618258446333,10094256
2023-12-20,990.415771484375,1005.5181978922636,985.8407380509277,1005.5181978922636,16490281
2023-12-21,988.2020874023438,994.5972620458951,973.2472054564856,980.4786481484716,18064916
2023-12-22,978.2649536132812,993.2690175032114,975.6084843898132,986.775479446596,20881976
2023-12-26,979.052001953125,981.4133211823217,973.9359103746029,978.8552753930608,14339699
2023-12-27,986.0867919921875,988.6940796680807,976.002092947119,981.856149768816,12996468
2023-12-28,989.6779174804688,995.3843691168538,982.9875327507294,991.7440268494004,24915990
2023-12-29,980.5278930664062,992.2851884492294,977.6746971487394,987.8577595641297,12280140
2024-01-01,983.28271484375,988.6447747328209,975.0181575005023,975.5592756483813,7683792
2024-01-02,966.4092407226562,981.5609087309073,964.4414947501999,980.9213672695223,16263825
2024-01-03,968.1802978515625,972.06660854976,959.3746217254817,968.8198393775264,16826752
2024-01-04,971.2302856445312,973.1980317046522,966.0649522367138,970.4923808719859,22789140
2024-01-05,977.6746215820312,982.2004134055409,967.9342547673281,972.0665334175308,14875499
2024-01-08,966.1632690429688,982.1020233733977,964.4906729621558,977.9697448357546,8393164
2024-01-09,963.9495849609375,978.9536484165683,959.6697613726194,970.3447595485834,14660414
2024-01-10,977.0350952148438,978.9044779822007,958.5874760008375,958.5874760008375,9409181
2024-01-11,975.165771484375,982.3972141884088,970.9350694416869,979.2488085023233,6451345
2024-01-12,987.3165893554688,992.432741141072,975.7560812090544,978.7568819517846,12255743
2024-01-15,993.5641479492188,995.3351674307465,983.1351179289786,987.3165782754367,12388044
2024-01-16,992.777099609375,999.4182427672283,988.3988524803248,989.8746620709588,11505126
2024-01-17,965.9173583984375,991.5472391168444,960.9979931914172,971.9682016234104,41914771
2024-01-18,970.443115234375,978.2649176405237,954.5044205813539,958.2431259931632,17902484
2024-01-19,983.0859375,994.5972638899035,971.6237927511231,975.3133165907817,23271148
2024-01-23,1012.45458984375,1042.3151122922168,1004.7311505255955,1042.0199023424595,50797448
2024-01-24,983.0859375,1019.2432110778104,980.5770732992008,1012.8480364224022,34578943
2024-01-25,993.66259765625,998.7295078271164,972.214177202352,982.2988759526587,28315035
2024-01-29,1000.0086059570312,1015.3570017302902,993.7117943290631,1003.5505249659846,14078922
2024-01-30,1000.5005493164062,1007.338419115052,991.7440549694523,998.5819848189448,16085742
2024-01-31,1011.569091796875,1022.2440902784828,987.070629039353,1000.4020967435955,25627447
2024-02-01,1008.617431640625,1017.2754419939521,1000.9924158779978,1017.2754419939521,13058880
2024-02-02,1007.4859619140625,1033.0666601657867,1005.1738843616477,1020.3746743205556,14774650
2024-02-05,1006.9940795898438,1009.8964570838909,995.7779026556566,1006.0102065272255,12948430
2024-02-06,1009.8472900390625,1018.2102106949073,1000.3037097510473,1007.0432159063025,12886927
2024-02-07,1005.6658935546875,1014.9143245344969,996.6634308450767,1011.4215270569979,16410895
2024-02-08,973.3456420898438,1011.6675111981591,969.3609680602832,1007.5844138284667,20565502
2024-02-09,994.4005126953125,997.401313514954,969.6068995994941,972.9028503266528,12799837
2024-02-12,980.0359497070312,995.8763423051639,969.3609508231015,994.1053827736114,8050066
2024-02-13,1003.3536987304688,1010.4868382114652,984.1681747459204,989.7762629977263,18706292
2024-02-14,1006.2069702148438,1018.997259686499,991.3012696355923,993.2690157159769,17878720
2024-02-15,1000.2545776367188,1010.0933083072188,990.3666052721892,1006.3545426117516,10069878
2024-02-16,1006.7481079101562,1009.650485394361,1000.5005380040549,1006.6989262673613,7159395
2024-02-19,1026.91748046875,1029.1311947979043,1006.8464465307476,1006.8464465307476,9388255
2024-02-20,1031.8369140625,1035.6740431744663,1016.5868810060339,1024.2611392299666,11293528
2024-02-21,1034.9852294921875,1046.8409480440782,1031.0989789005582,1039.7571099701715,15946325
2024-02-22,1045.5618896484375,1048.808718901475,1023.5232284095382,1038.969987954932,13432573
2024-02-23,1044.1844482421875,1052.7440951810236,1040.5932878224016,1052.7440951810236,13142759
2024-02-26,1037.198974609375,1045.1684428055735,1033.5586921778424,1036.116738219057,7875941
2024-02-27,1043.10205078125,1049.0052884655845,1029.6230394426907,1033.8044994690943,10580973
2024-02-28,1029.327880859375,1047.6771362637548,1025.3432672847086,1045.8569952406344,7730332
2024-02-29,1035.231201171875,1043.5941223069317,1021.7521880889905,1026.22885861961,20944844
2024-03-01,1069.37158203125,1072.3723226042753,1037.0021364831193,1037.986009477885,14909562
2024-03-04,1074.733642578125,1077.3409300364494,1062.6811983836533,1063.5667080999103,11424581
2024-03-05,1070.5030517578125,1081.768349420518,1059.139270715041,1068.682790650156,9222544
2024-03-06,1079.4071044921875,1095.5918883060335,1062.878109231162,1062.878109231162,21796484
2024-03-07,1070.4046630859375,1077.3410163000535,1065.2393294461426,1077.2917746056637,9963926
2024-03-11,1061.3038330078125,1070.4046589090813,1059.3853285611954,1070.4046589090813,13310362
2024-03-12,1059.483642578125,1077.1442354316735,1038.625582496139,1059.6804892440682,21785435
2024-03-13,1066.4691162109375,1072.0772645081547,1055.8433596138777,1059.77885170946,24855870
2024-03-14,1066.124755859375,1079.4070413229927,1057.7127137934276,1062.5828370894137,14231421
2024-03-15,1062.9271240234375,1068.7319984843327,1052.744062948894,1054.711808860948,66192734
2024-03-18,1063.763427734375,1067.3054665763489,1042.9546100970365,1057.7127049329833,8769440
2024-03-19,1066.4691162109375,1071.1917547663113,1057.9094689437209,1061.0578145795118,16708715
2024-03-20,1067.01025390625,1072.4215553322383,1050.2844131350132,1062.582825466805,18725251
2024-03-21,1064.3538818359375,1082.2603227720363,1061.7465943107402,1074.3893386064215,19992607
2024-03-22,1072.716796875,1076.061869046459,1061.303773813482,1063.7143347625467,17214415
2024-03-26,1066.22314453125,1071.585324555275,1059.58200164128,1063.5667354159368,13367635
2024-03-27,1066.2724609375,1074.8813504721743,1062.1402420015347,1066.223219242338,26907245
2024-03-28,1075.66845703125,1087.2289654055658,1067.5022626495677,1067.5022626495677,22070566
2024-04-01,1081.916015625,1085.162724605495,1076.7998037410023,1078.3740966909645,10848191
2024-04-02,1063.763427734375,1076.7997448394613,1061.844923446375,1076.7997448394613,14380396
2024-04-03,1059.8280029296875,1066.1740561722456,1054.9578793659232,1057.663530257279,15477184
2024-04-04,1061.451416015625,1068.2894057744195,1046.2997470246664,1067.2562910312008,21419689
2024-04-05,1065.9281005859375,1068.4861465296663,1050.235253168432,1052.7441775200211,15340637
2024-04-08,1069.6175537109375,1074.1433454810406,1058.9425557038237,1060.9594232885527,8023461
2024-04-09,1089.19677734375,1097.264488826385,1070.749156482513,1074.3401972621416,12298463
2024-04-10,1091.5087890625,1098.5435054120717,1087.3273285870816,1093.0337202336968,10598000
2024-04-12,1086.5894775390625,1093.9192841060571,1078.1281928847723,1085.703967727192,12216657
2024-04-15,1060.95947265625,1088.3111913118553,1059.2376948297706,1082.4570746408115,10526597
2024-04-16,1049.8416748046875,1057.2698434841036,1045.5617314093265,1053.2852301148173,11278092
2024-04-18,1038.4287109375,1060.664336843005,1033.5093459321554,1056.6796031480021,16564216
2024-04-19,1050.0384521484375,1054.7118488668307,1031.1972603055262,1035.9690203029174,11284433
2024-04-22,1069.1256103515625,1071.1424779233496,1053.0884325476727,1061.4022313877736,10346714
2024-04-23,1072.6676025390625,1082.2603648639933,1065.239312903183,1082.2603648639933,9848215
2024-04-24,1079.062744140625,1080.686158658188,1071.4377281688085,1074.6353155118281,5461309
2024-04-25,1095.78857421875,1107.4966871577883,1072.3723483406734,1072.4215900322672,19905338
2024-04-26,1090.032958984375,1101.9377986819404,1084.9659888361693,1094.2144193811591,14190059
2024-04-29,1141.4403076171875,1144.6870165205935,1090.032942347235,1090.1313056288498,28578063
2024-04-30,1131.8475341796875,1150.6887263324581,1128.2563736745785,1141.2434493596547,29568491
2024-05-02,1121.0740966796875,1136.8653071432534,1114.9741318218018,1124.5668940413143,25118334
2024-05-03,1123.6322021484375,1138.734628603609,1117.1385442991193,1122.8942974020772,19933604
2024-05-06,1127.813720703125,1139.767682131019,1119.7458896646774,1123.1403237344898,14970524
2024-05-07,1113.6458740234375,1134.1596020771042,1108.1362092373274,1129.4369636309043,15097728
2024-05-08,1104.889404296875,1113.7442614996105,1098.0515348309932,1108.3822015675178,19913090
2024-05-09,1097.7071533203125,1110.6451084134283,1092.0991247743116,1102.4790338657724,12229853
2024-05-10,1099.035400390625,1110.6942716080541,1094.1160353113987,1099.9700317150034,8573656
2024-05-13,1109.808837890625,1112.4161255815404,1088.8522931770124,1094.4604418124766,9707983
2024-05-14,1102.47900390625,1109.7104468669584,1100.5112577889583,1107.7427007496667,8944262
2024-05-15,1106.2176513671875,1109.612085486358,1095.5426526828924,1104.003936981434,10743423
2024-05-16,1112.8095703125,1118.220871645328,1094.8538886172073,1114.7280745625576,14265565
2024-05-17,1112.2684326171875,1125.5507181902365,1102.528065843281,1112.8096108108375,8641784
2024-05-21,1102.8724365234375,1115.5153011731006,1098.2482812745363,1104.1022778238569,10452900
2024-05-22,1093.1812744140625,1107.742642963088,1080.3909253188892,1106.857133236162,17527411
2024-05-23,1116.2039794921875,1118.6636621265907,1093.4765359706398,1097.5596331640875,13787687
2024-05-24,1113.6949462890625,1116.6958068503454,1106.0208092809664,1111.7764420624583,6312670
2024-05-27,1111.579833984375,1129.2895491082788,1103.4628812192523,1113.6459433951586,11599857
2024-05-28,1108.775634765625,1116.8925870555686,1106.8571304468578,1114.2361779831701,9311718
2024-05-29,1084.2281494140625,1105.4306626270395,1080.7845935856149,1097.067741329381,19268547
2024-05-30,1095.7393798828125,1102.9217012680538,1079.2103845207203,1079.308747806472,15255387
2024-05-31,1102.970947265625,1112.366862972861,1093.328943190512,1099.970086377496,26197718
2024-06-03,1141.292724609375,1154.0830741093077,1117.974981638635,1151.1314549939386,25699977
2024-06-04,1054.1707763671875,1140.70248686833,1036.5595441020037,1139.2266772303517,43476837
2024-06-05,1090.7708740234375,1105.1353964425034,1034.0998107211954,1067.5022525173526,42172104
2024-06-06,1092.4925537109375,1099.9699641517404,1078.9150588855664,1099.9699641517404,18574162
2024-06-07,1103.6103515625,1110.104009770429,1085.8022733872265,1092.4926581643756,17197635
2024-06-10,1105.676513671875,1114.9248236920885,1097.1167466019742,1098.0022563128857,10851455
2024-06-11,1100.166748046875,1110.8418662508757,1093.0829104393374,1101.691799247928,12250002
2024-06-12,1101.4951171875,1115.1217348604168,1094.0668276461688,1102.9216850641683,16096514
2024-06-13,1089.4918212890625,1105.0861854460427,1087.1797435922592,1104.1023123749185,12494254
2024-06-14,1087.8192138671875,1096.0345294527124,1081.719129164698,1096.0345294527124,11377979
2024-06-18,1104.7418212890625,1116.7451444635597,1083.4409459075023,1095.9853271941342,18306176
2024-06-19,1125.993408203125,1146.75322461017,1107.9886043418487,1109.75950368303,34309514
2024-06-20,1138.1444091796875,1141.2927549457575,1117.1878648628515,1135.4387582520144,15475933
2024-06-21,1139.964599609375,1151.0331720647125,1132.0936147522461,1144.7856018547059,69259425
2024-06-24,1151.2298583984375,1156.6904019928488,1134.0613213197169,1136.0290674652065,12210295
2024-06-25,1178.6307373046875,1186.550963835312,1148.819454304172,1151.3775003551193,27309845
2024-06-26,1198.357421875,1203.1291823342124,1174.59686276576,1182.6154524579229,25403461
2024-06-27,1200.226806640625,1215.0832662808862,1189.600929226802,1208.5404862113423,20516632
2024-06-28,1180.2540283203125,1207.2121725758393,1177.0564410661386,1207.2121725758393,12507092
2024-07-01,1192.3065185546875,1195.7500741919466,1172.8259044392062,1180.25407382428,8636894
2024-07-02,1171.3992919921875,1197.37356592243,1166.430804884834,1197.37356592243,16153925
2024-07-03,1182.2218017578125,1196.24199235147,1160.428990253299,1177.54840489326,22330897
2024-07-04,1213.115478515625,1215.033982934888,1194.7171004020095,1209.179986290108,15275791
2024-07-05,1213.509033203125,1222.5606171427328,1201.1613784936928,1205.2444756355717,9535575
2024-07-08,1215.1324462890625,1219.5106332770943,1197.2751265898385,1209.0816030717467,6617190
2024-07-09,1228.1195068359375,1230.038011199292,1209.4751610015549,1215.0339475267522,13366874
2024-07-10,1223.1510009765625,1232.5470372074883,1216.4114942007566,1232.5470372074883,18226503
2024-07-11,1218.4775390625,1237.5155787915146,1205.2937361837155,1226.2501602309792,11307116
2024-07-12,1213.01708984375,1232.6945505595163,1210.2621973028672,1215.9687089511149,12208290
2024-07-15,1210.1146240234375,1218.4775450466864,1204.309869041595,1213.213848187686,15612671
2024-07-16,1219.9041748046875,1224.9219031587354,1209.1799349253702,1210.1638079399554,12320605
2024-07-18,1230.136474609375,1236.187197550179,1211.8363405098085,1214.984806208363,10999632
2024-07-19,1228.51318359375,1230.333324828054,1220.2486254442174,1223.9381496090357,7958817
2024-07-22,1221.134033203125,1225.2171302912695,1213.0170807189304,1220.002555200142,9958965
2024-07-23,1206.96630859375,1228.5131532036169,1192.9461171142627,1221.1341050565184,19369832
2024-07-24,1203.2767333984375,1213.7550053424823,1182.6646411572679,1205.2444794873966,20122521
2024-07-25,1178.58154296875,1198.6033353860112,1171.3992217096722,1186.0589540798987,14154461
2024-07-26,1187.7314453125,1200.3250678353813,1166.824143926023,1170.808877642708,19309265
2024-07-29,1193.1427001953125,1222.708130922957,1184.7306583803272,1195.5532610278044,28458261
2024-07-30,1189.9451904296875,1211.0000973333736,1184.976703679443,1193.4379877337221,23972277
2024-07-31,1195.3074951171875,1204.9002581785046,1191.4703658723204,1199.341350948273,22297629
2024-08-01,1190.584716796875,1202.9323712314479,1187.4363711753606,1192.946036063854,8725046
2024-08-02,1177.25341796875,1182.271146810082,1170.9073643473816,1177.69611282763,10735395
2024-08-05,1153.689453125,1169.7266310287719,1148.1797883580148,1162.937883324056,14306771
2024-08-06,1148.0322265625,1168.5459553164283,1142.768529846995,1156.0508158159441,13575619
2024-08-07,1153.5419921875,1160.7735557051485,1142.8669928495083,1159.9371674712932,15753644
2024-08-08,1145.818603515625,1155.4606080648502,1140.210574811538,1148.13068131111,10806438
2024-08-09,1152.70556640625,1161.9047548052447,1150.1475206629223,1157.5758097480823,8687307
2024-08-12,1163.8199462890625,1169.228167312303,1147.1485350418181,1162.0336803927066,10860455
2024-08-13,1159.4039306640625,1180.143923785119,1154.6903013699869,1174.1402001247322,13117927
2024-08-14,1152.7552490234375,1161.090954297597,1144.1714580038308,1158.0642597488902,13431801
2024-08-16,1178.1591796875,1183.8651517095705,1156.7245959708455,1161.0412636212889,10961370
2024-08-19,1166.8961181640625,1186.5941018157116,1164.3160506791048,1181.8804727263328,6686394
2024-08-20,1170.4189453125,1180.6897926432184,1161.041352076898,1165.2091443736933,10427061
2024-08-21,1165.8541259765625,1169.625077755297,1156.178781920312,1167.9876876109618,17234142
2024-08-22,1181.979736328125,1183.468250844818,1167.5907626667606,1172.9494391539793,8564142
2024-08-23,1194.2847900390625,1195.7733045260243,1179.449310773257,1183.8651886303296,7518309
2024-08-26,1204.009765625,1205.647034605679,1191.8535643266057,1196.3191076607097,10920226
2024-08-27,1216.9598388671875,1223.0627726699063,1199.6435016150756,1204.0098351320562,16295325
2024-08-28,1214.47900390625,1217.009527109644,1207.9792296829603,1213.2882407138438,12291305
2024-08-29,1212.5439453125,1225.5436144859966,1207.681440347739,1209.6164607584685,10806748
2024-08-30,1219.7879638671875,1226.0894388087463,1209.5669036760319,1220.5818867193016,21211148
2024-09-02,1220.5322265625,1229.7113993287953,1213.1393196536237,1229.5129791826912,12516759
2024-09-03,1238.1463623046875,1241.371477184039,1211.055469999512,1217.8033299887798,19114907
2024-09-04,1226.88330078125,1234.176997942738,1223.3605556490777,1230.3565014424944,13505843
2024-09-05,1226.486328125,1235.3182053814185,1221.8720299114532,1228.5206798050983,9142811
2024-09-06,1198.899169921875,1224.4520011114125,1195.7732653744783,1216.5628019074484,10170479
2024-09-09,1225.5435791015625,1228.8183593866072,1191.2580807218426,1193.6893937018356,13863250
2024-09-10,1227.8260498046875,1231.844966297702,1217.6048683884173,1227.4786328440832,15545130
2024-09-11,1226.88330078125,1229.8107854485313,1217.009535927106,1222.0704612349368,11993242
2024-09-12,1242.5623779296875,1247.3752175091806,1216.9598787103319,1228.520699503871,15376442
2024-09-13,1240.7760009765625,1246.333097348584,1232.5396270556282,1242.4133910945052,9877288
2024-09-16,1253.1802978515625,1255.9092410243197,1235.169248684242,1241.4210578615323,8973335
2024-09-17,1258.39013671875,1262.508384404533,1248.7644580527592,1250.302517024621,11513121
2024-09-18,1278.485107421875,1285.4315085718288,1252.3368930345305,1252.3368930345305,12466597
2024-09-19,1282.107177734375,1290.0459218689532,1275.5080724453824,1278.4851014958492,13172268
2024-09-20,1328.201416015625,1351.9184375163336,1281.6606270608918,1285.0841618950908,73257767
2024-09-23,1311.7781982421875,1321.60241788708,1298.4807781970735,1320.80849505564,11380409
2024-09-24,1308.50341796875,1321.2054564579635,1305.377513381459,1310.8850653274296,13886037
2024-09-25,1313.7132568359375,1317.583418764573,1300.0685405806087,1300.7135877579847,8728019
2024-09-26,1318.87353515625,1323.1405374478413,1306.8165432729581,1309.892782398436,11100869
2024-09-27,1296.5953369140625,1322.793216287465,1293.8663936696585,1322.793216287465,17117379
2024-09-30,1263.252685546875,1286.870498271365,1261.168789397214,1282.2064133181361,12622212
2024-10-01,1264.6419677734375,1270.4471502080723,1257.8939867892805,1260.0772141126831,10972413
2024-10-03,1246.7301025390625,1256.0581509565811,1238.5929384016897,1244.0011592918727,17648551
2024-10-04,1230.2572021484375,1254.7184806872842,1226.734336136113,1237.5508987809962,13488887
2024-10-07,1224.4520263671875,1253.2795172340534,1215.6201496244253,1232.0434743858432,20667247
2024-10-08,1227.13134765625,1238.245662101406,1220.3338222332038,1231.4976811477177,12219259
2024-10-09,1234.62353515625,1255.4130720043904,1223.2115909568488,1233.5319821121263,14765997
2024-10-10,1233.978515625,1245.0927087268437,1228.520629146562,1237.2036303622588,9118195
2024-10-11,1213.635498046875,1231.299252032795,1212.6431550394777,1227.528300150437,8472512
2024-10-14,1222.3184814453125,1228.4214150784755,1208.0783837250117,1211.6507942721546,11833929
2024-10-15,1245.8865966796875,1248.6652054451272,1225.9405272443164,1229.4632721003522,11657338
2024-10-16,1233.6312255859375,1245.340800313192,1232.0930454805564,1238.9402364127245,7869727
2024-10-17,1221.8223876953125,1247.3255557801638,1215.024861988864,1239.8829828601924,8459497
2024-10-18,1254.8177490234375,1259.1840825393742,1215.8682854811916,1218.547563181441,11018126
2024-10-21,1249.4095458984375,1262.607635574402,1240.9746301061532,1254.8177669815936,7742775
2024-10-22,1257.7947998046875,1275.0615928812024,1250.1041412654479,1256.9016668439735,20090801
2024-10-23,1242.0164794921875,1258.2412633793258,1233.5320194899548,1251.3445279562577,14055447
2024-10-24,1243.15771484375,1250.7987076222266,1231.547349996325,1240.6768573006573,12223031
2024-10-25,1245.8370361328125,1259.184122863092,1224.7497462785968,1237.6998715609657,13546055
2024-10-28,1282.95068359375,1297.7862848220739,1270.794481272672,1275.6569864282283,24096412
2024-10-29,1321.6519775390625,1325.1251779791885,1289.3016205238707,1291.3855165608227,20656117
2024-10-30,1302.1029052734375,1320.7093367177222,1295.6030101013187,1313.8621457191011,15055031
2024-10-31,1282.355224609375,1308.8507339009743,1278.6836040126998,1297.2403694104125,23497314
2024-11-01,1281.90869140625,1286.2749035463628,1276.4011394929669,1280.0727600114117,1007022
2024-11-04,1267.42041015625,1281.908714624808,1260.3252547322475,1280.221658871375,14309121
2024-11-05,1286.7711181640625,1291.3359928673021,1253.4284176295798,1263.2526375453915,16431920
2024-11-06,1292.3779296875,1304.9310933295442,1282.8017951557133,1290.2940335374446,12037405
2024-11-07,1268.908935546875,1292.824498565034,1265.4854006783698,1287.2177364325325,9909035
2024-11-08,1249.2109375,1265.2373008714958,1243.108003939261,1260.2755859661174,11195808
2024-11-11,1259.5810546875,1266.1304944492979,1237.1044608620273,1252.3369021242906,8387780
2024-11-12,1260.8709716796875,1285.084164724792,1254.817703702316,1266.3785236970411,13486168
2024-11-13,1244.100341796875,1266.477724382224,1240.4287212362626,1260.8709623351128,12260404
2024-11-14,1247.325439453125,1257.993126310203,1233.5319691696748,1244.149990424334,9506892
2024-11-18,1243.852294921875,1252.9322576721884,1239.8333784208526,1250.3521900785158,6195554
2024-11-19,1239.53564453125,1251.3445507199667,1231.3488145998942,1247.4248442373848,11537317
2024-11-21,1240.974609375,1247.2759633109613,1223.1124350544421,1238.9899233393824,9593870
2024-11-22,1268.2640380859375,1271.588362957257,1246.3828261628269,1248.3675121917486,11604338
2024-11-25,1290.9886474609375,1301.160163762971,1280.1225394754547,1286.0765977985961,22717581
2024-11-26,1294.9580078125,1304.1868465830694,1292.4771502005863,1300.5647702425501,7646955
2024-11-27,1290.740478515625,1300.812784090288,1287.9123252215186,1288.5573723920809,21938082
2024-11-28,1276.5003662109375,1300.4654733696732,1272.4814498292426,1291.0878806767676,22803745
2024-11-29,1290.1451416015625,1293.2710463550777,1273.275310189296,1273.275310189296,11397228
2024-12-02,1294.6602783203125,1300.5151260626694,1279.2789623057151,1289.946649219065,9626400
2024-12-03,1298.381591796875,1302.747925178162,1286.1757245707627,1293.9655928118616,11509276
2024-12-04,1305.9730224609375,1309.8927287632168,1291.7328038420255,1292.625936747851,11570281
2024-12-05,1326.2664794921875,1332.6174992065928,1298.5800843127004,1306.171532833215,19210697
2024-12-06,1318.5758056640625,1336.7852761002946,1316.5414539912906,1332.2205223736623,8942672
2024-12-09,1312.1751708984375,1318.8734860133875,1310.1408193352056,1311.9766296210685,8000764
2024-12-10,1320.2626953125,1321.8008754160685,1305.1791301734115,1308.9004164217674,8218214
2024-12-11,1317.3353271484375,1321.0566133833202,1305.9233826947975,1314.5567183054773,8138066
2024-12-12,1319.0718994140625,1328.4991576758143,1311.4309069614158,1311.4309069614158,9076896
2024-12-13,1334.6021728515625,1336.8349446817394,1303.4425773055236,1315.201818050664,13536684
2024-12-16,1335.7928466796875,1340.1095143687996,1329.7892443970975,1334.6020835708346,9071006
2024-12-17,1323.5374755859375,1337.7775734016686,1315.8964829440192,1331.7243053318298,9879257
2024-12-18,1304.087646484375,1324.728309292061,1297.4388753521955,1315.1026301384318,8510595
2024-12-19,1277.0462646484375,1293.0229631431896,1274.614951552865,1276.1531316977298,11517304
2024-12-20,1278.5347900390625,1287.8131731856893,1262.657301485049,1274.1187908536028,58491181
2024-12-23,1286.8704833984375,1296.992333800165,1277.1951389037538,1284.736921667357,6827512
2024-12-24,1287.3170166015625,1294.5115036860577,1280.3706152786017,1286.8705106850512,7138516
2024-12-26,1287.4161376953125,1302.6982437766815,1279.3285182011693,1296.9922716557783,7338444
2024-12-27,1297.5382080078125,1305.8737927483876,1288.6071205266592,1288.6071205266592,4756066
2024-12-30,1284.7369384765625,1316.343040012265,1279.576681997175,1294.957999087405,14207425
2024-12-31,1271.83642578125,1280.0727999714104,1270.2982456823183,1277.0462265132433,8449607
2025-01-01,1273.8211669921875,1283.0995501851953,1257.3978412327829,1271.8364809130148,4705399
2025-01-02,1280.7178955078125,1283.4965044573805,1268.6113589467466,1275.26000882058,7433222
2025-01-03,1255.363525390625,1278.1377481475479,1252.5849166143184,1276.3514823434055,11194997
2025-01-06,1254.4207763671875,1267.9662826986646,1247.3751652140256,1258.3406039432266,7504047
2025-01-07,1269.454833984375,1279.0805130186131,1256.8024602237333,1256.8024602237333,7539758
2025-01-08,1254.073486328125,1275.1607754157394,1242.7607517198803,1270.7448974492877,7566309
2025-01-09,1252.73388671875,1255.0658686519982,1238.543332692866,1248.3675530849682,8684920
2025-01-10,1240.2799072265625,1255.264262696962,1233.5815917988612,1249.359870144571,7854524
2025-01-13,1220.3338623046875,1234.4250851207983,1215.5210227528514,1225.4444532249365,9669336
2025-01-14,1230.8031005859375,1235.3181886617992,1218.0513958245872,1223.9062438907645,10342698
2025-01-15,1228.7686767578125,1234.8716102214069,1220.5818472942535,1224.551219155373,5355382
2025-01-16,1239.53564453125,1245.8866640990627,1230.1580514277643,1235.56627244332,11895924
2025-01-17,1216.066650390625,1239.4363759086416,1208.6737436803246,1233.8296138721637,9790533
2025-01-20,1223.50927734375,1232.2419443689244,1205.944854354206,1214.5286456993424,7676418
2025-01-21,1186.9910888671875,1229.4632960558952,1183.567432878532,1227.4786100806577,20520898
2025-01-22,1191.258056640625,1198.2541229556057,1182.6743869540314,1191.8038937223043,10377123
2025-01-23,1192.5482177734375,1198.6511515402387,1176.9188152937772,1188.0826742078204,8770650
2025-01-24,1199.941162109375,1208.6738293636251,1192.7963406363526,1193.8878937592276,9216792
2025-01-27,1218.547607421875,1225.1963785798748,1183.9644761399952,1185.8499521739243,16164687
2025-01-28,1237.3525390625,1254.3215805212242,1226.535975889425,1237.7990449684048,18066499
2025-01-29,1242.066162109375,1246.1844098592185,1233.5320363858045,1242.4134579383835,7666777
2025-01-30,1245.98583984375,1250.203297570973,1230.0091418571585,1240.428743300886,11921041
2025-01-31,1243.2073974609375,1246.3828467053002,1229.6122252573796,1244.8943321590757,10195417
2025-02-01,1245.936279296875,1251.6917959101459,1224.3528194419691,1241.5699459496786,3011914
2025-02-03,1243.40576171875,1250.3521626222068,1228.3221967826344,1237.3028281264465,6176831
2025-02-04,1258.4893798828125,1270.6952475836679,1250.3522155059911,1253.1308244391428,14839077
2025-02-05,1257.9931640625,1267.966259598702,1255.462762111137,1260.4740215455731,6840709
2025-02-06,1262.6572265625,1269.2066659752802,1253.5275985042942,1265.2372940723083,8396554
2025-02-07,1247.2760009765625,1265.2373859141799,1239.9823038025354,1262.2603567708522,7382039
2025-02-10,1252.9322509765625,1255.3138984101563,1239.7837061908433,1247.5735745348811,5740361
2025-02-11,1243.15771484375,1252.188012073483,1238.8410469458931,1246.2339539700604,6586627
2025-02-12,1242.2149658203125,1260.0274734986122,1235.119689428972,1247.5735208959845,8809352
2025-02-13,1239.337158203125,1256.3061987457909,1236.3601292961446,1242.9592342670746,7263785
2025-02-14,1250.451416015625,1253.8254065127483,1234.9212235163006,1242.5126718509223,10368438
2025-02-17,1241.5699462890625,1248.5163471638045,1223.8069826822411,1241.5699462890625,8386151
2025-02-18,1233.531982421875,1247.9705000138076,1227.5779245772142,1243.3065364897366,8135042
2025-02-19,1251.9896240234375,1254.7681118615644,1220.8300282561831,1225.3947820253827,10683412
2025-02-20,1240.379150390625,1254.3216187366877,1237.203701075922,1245.7378271028595,8398849
2025-02-21,1223.50927734375,1235.1693078219741,1215.173692889092,1231.5968971791747,7786428
2025-02-24,1209.0211181640625,1222.467414805944,1200.9831637697991,1217.3071583182455,11522480
2025-02-25,1214.7767333984375,1222.2193060560244,1211.6508286551266,1217.2079253456668,11059417
2025-02-27,1213.0897216796875,1225.3947998146707,1209.1203494513463,1215.769120615194,12008162
2025-02-28,1194.8802490234375,1215.620243112648,1190.9108768010287,1206.6891556122284,20215075
2025-03-03,1196.964111328125,1207.6814644794808,1194.929880803104,1201.2312348006667,8158881
2025-03-04,1201.1319580078125,1207.334101585249,1197.0137104452713,1197.9068433475454,9574490
2025-03-05,1206.391357421875,1216.5628733470458,1202.0251450551775,1207.6814517983407,9052846
2025-03-06,1208.7235107421875,1218.5476101118768,1199.7427576093883,1218.5476101118768,11949475
2025-03-07,1205.250244140625,1208.5249033729367,1197.0634143564148,1201.8265880949464,6620284
2025-03-10,1205.5478515625,1216.4140799337886,1198.7503263397664,1198.7503263397664,7363437
2025-03-11,1235.864013671875,1238.4440812807522,1207.8798680000234,1207.8798680000234,10927950
2025-03-12,1234.425048828125,1242.3637929723905,1225.8413786306357,1237.4020778822246,11548372
2025-03-13,1240.4783935546875,1245.9858244254206,1235.7647643884725,1241.4707365370484,8132940
2025-03-17,1259.2833251953125,1264.1953748180651,1245.1424367918191,1247.4248742515454,11164812
2025-03-18,1259.2833251953125,1259.2833251953125,1259.2833251953125,1259.2833251953125,0
2025-03-19,1303.0455322265625,1308.2057883620175,1292.1794251380722,1295.6029599370165,11278014
2025-03-20,1311.5797119140625,1314.1102350516276,1301.0113557334153,1309.8927772461004,10886735
2025-03-21,1332.81591796875,1338.6707661545943,1301.5571120874529,1305.923445707521,60494318
2025-03-24,1347.750732421875,1362.4870024308004,1334.7510627437973,1345.5675050388625,9352280
2025-03-25,1333.4112548828125,1353.3574463042776,1319.8658696966822,1348.5941513991709,16419207
2025-03-26,1325.6710205078125,1347.6017762925185,1321.304687138062,1333.7586400786652,10859639
2025-03-27,1326.415283203125,1341.1515523929718,1322.9420827344788,1322.9420827344788,15109614
2025-03-28,1338.025634765625,1347.5521031600986,1317.0375564815454,1325.7702231722565,8266544
2025-04-01,1308.3546142578125,1341.995067068455,1305.328040709696,1329.739654923708,14288024
2025-04-02,1321.056640625,1327.705290380845,1312.026343402594,1312.026343402594,8042214
2025-04-03,1319.3697509765625,1322.7932860458366,1311.1332552048473,1311.8278468858045,4591008
2025-04-04,1325.07568359375,1328.3007984100484,1311.9766830431024,1319.3697112264526,8648542
2025-04-07,1277.6912841796875,1314.854481252151,1255.3139009690346,1285.3322768617725,19185012
2025-04-08,1289.9466552734375,1300.0189606799747,1277.4927025037578,1289.8969896705237,13085762
2025-04-09,1290.83984375,1295.106846037701,1274.6646041339118,1294.9579703581671,13005622
2025-04-11,1301.606689453125,1314.8544439632922,1295.1067945023049,1295.1067945023049,13064247
2025-04-15,1339.8614501953125,1343.9301533432258,1325.9686484021752,1340.655373037739,15202603
2025-04-16,1346.0140380859375,1349.2886972283168,1332.6174078978706,1346.6094196449503,14039073
2025-04-17,1395.9288330078125,1398.112060263163,1349.6856739861041,1351.5711498907554,17490424
2025-04-21,1399.0052490234375,1425.004587897116,1393.9442026732427,1425.004587897116,16882426
2025-04-22,1405.6539306640625,1407.9363681338637,1388.1887172069748,1401.9823098324273,16135274
2025-04-23,1413.493408203125,1418.9512947601793,1400.4937389943566,1418.0581618237188,13990764
2025-04-24,1391.95947265625,1410.3178180904442,1388.0894318786184,1405.4554343163697,15678099
2025-04-25,1394.04345703125,1403.966886762009,1377.769008045682,1399.2035920369979,11705093
2025-04-28,1417.8597412109375,1424.0122194189871,1393.0511659597357,1394.8373106964493,10948561
2025-04-29,1418.85205078125,1427.2869661678633,1411.7071085959242,1417.8597077945897,10786910
2025-04-30,1416.073486328125,1422.7221360927958,1389.2802248488963,1422.0275444346203,14192027
2025-05-02,1419.149658203125,1435.5233172200462,1413.6917718641512,1415.9742091510598,8842434
2025-05-05,1418.455078125,1435.7218701832576,1415.081087769954,1428.9738894731652,4565705
2025-05-06,1420.63818359375,1422.7220796211836,1409.5239906903596,1418.0581160771362,6301690
2025-05-07,1424.4091796875,1430.9586193213472,1410.119416127347,1414.0887881642996,10480453
2025-05-08,1424.5084228515625,1437.8058437113664,1415.1803741209164,1427.5846620245352,15306490
2025-05-09,1378.2652587890625,1409.0278927234135,1376.379782804671,1404.3638078003796,13491197
2025-05-12,1437.4088134765625,1441.8743569081432,1393.249550653154,1398.6082269981746,9925445
2025-05-13,1419.6458740234375,1436.8134564073198,1416.4704248722041,1429.0731325397105,12475424
2025-05-14,1415.279541015625,1429.6685145448027,1406.4477852062123,1418.9512828044426,8026837
2025-05-15,1439.6912841796875,1445.3475908699352,1404.6615275498752,1414.9819190581854,18209264
2025-05-16,1442.86669921875,1447.5306627908633,1435.920298328426,1442.172107583965,6439208
2025-05-19,1437.905029296875,1448.5230511072755,1432.7448940711074,1435.4241717584057,6005334
2025-05-20,1427.1876220703125,1447.8284044606678,1424.5083444847762,1439.0957378026826,11352383
2025-05-21,1433.637939453125,1440.1875004165765,1427.485461067875,1431.8517946649677,5510460
2025-05-22,1431.057861328125,1434.2334317099203,1416.867428660744,1430.0655182967434,7245933
2025-05-23,1438.698974609375,1440.6836606711147,1423.4168677068544,1431.1570706662649,5203706
2025-05-26,1449.4161376953125,1460.331910515487,1443.8590412139838,1446.8360701649403,5608725
2025-05-27,1435.324951171875,1451.7978208795425,1424.7068083036186,1441.3782192942826,14842959
2025-05-28,1442.6683349609375,1446.836127202333,1431.454810349359,1436.5157355383742,8618343
2025-05-29,1445.3475341796875,1451.698553407669,1433.9355900375203,1445.4467442494526,15545514
2025-05-30,1434.7296142578125,1449.7139699197687,1433.2410996992944,1448.7216268807567,11803975
2025-06-02,1439.3935546875,1448.8208134048605,1421.8291316367724,1430.9586389930196,9458990
2025-06-03,1426.8900146484375,1443.8590556109682,1421.035166759386,1443.7598455387374,11167345
2025-06-04,1420.0428466796875,1429.0731438395549,1415.4780930628378,1426.3938661679927,8025388
2025-06-05,1443.66064453125,1447.8284366760695,1416.3712120373557,1419.9436226094324,11385668
2025-06-06,1448.5230712890625,1450.2101271201,1431.0578582020253,1437.5080878919146,11580994
2025-06-09,1423.8138427734375,1455.5688200651953,1422.4245382897982,1453.7825541382838,11022031
2025-06-10,1412.0048828125,1430.660858582463,1405.6538633679,1427.9815809293386,12905272
2025-06-11,1420.0428466796875,1423.5160472131458,1407.737769134025,1410.9133394459884,7136877
2025-06-12,1414.2872314453125,1425.5007560873705,1409.127096167119,1419.5466979345517,7953247
2025-06-13,1405.2569580078125,1410.6156346634868,1392.8526699787633,1392.8526699787633,7573103
2025-06-16,1415.9742431640625,1418.0581392255135,1403.3714144517853,1405.7530618658518,5451137
2025-06-17,1412.302490234375,1418.8520508551696,1406.9439350146247,1415.9742319665809,6970098
2025-06-18,1401.78369140625,1421.0351697486842,1399.402043989603,1406.150024814166,6751745
2025-06-19,1400.4937744140625,1403.8676438261634,1393.9442134714564,1397.2189939427594,8849883
2025-06-20,1416.1727294921875,1422.3253290273638,1399.4021078732494,1400.4937821267788,12408178
2025-06-23,1409.226318359375,1412.3025575376569,1401.0891539348067,1406.1500791810931,5514384
2025-06-24,1413.1956787109375,1424.9053748687675,1405.6538959425357,1416.7680893764307,11188438
2025-06-25,1414.8826904296875,1417.9589294864209,1404.463088984364,1411.1117385952273,7527388
2025-06-26,1428.080810546875,1436.4165161110168,1410.814017835929,1413.8903780949927,13617435
2025-06-27,1451.00390625,1454.774858156496,1426.0961208320166,1427.882386711014,22532899
2025-06-30,1434.7296142578125,1450.706312958781,1431.2564136212704,1450.6071028820047,6325073
2025-07-01,1421.03515625,1436.5156826077227,1418.653508855977,1434.6302067068036,7761449
2025-07-02,1416.867431640625,1439.8897415628453,1411.707175185214,1421.2336440793872,13372280
2025-07-03,1414.98193359375,1435.027214103107,1412.798706272776,1421.1344118511029,10177738
2025-07-04,1431.7525634765625,1433.3402880878325,1410.2186471744621,1416.0734952431667,5066503
2025-07-07,1424.706787109375,1429.8670433562065,1418.6535190770169,1425.9968814549877,5177477
2025-07-08,1430.9586181640625,1433.935647189369,1419.050502062836,1421.035188079707,5315847
2025-07-09,1420.93603515625,1427.683895203639,1415.6765685457565,1425.2030375827696,8827347
2025-07-10,1413.1956787109375,1427.981614021397,1411.2109926594833,1425.7985078190466,7795964
2025-07-11,1411.0125732421875,1417.0658414751456,1403.7684206963636,1411.111783317687,7158015
2025-07-14,1412.1041259765625,1413.9896019530586,1405.2569348701418,1413.9896019530586,5846154
2025-07-15,1419.844482421875,1422.8215115677394,1408.134785993891,1410.218682168871,6041457
2025-07-16,1415.4781494140625,1418.25663727007,1408.2339967016344,1415.081187967311,5649093
2025-07-17,1407.8370361328125,1412.3025798563917,1398.7075285299677,1410.1194736013367,12927394
2025-07-18,1414.8826904296875,1418.0581395587762,1397.7151081655259,1404.9592604817603,11297246
2025-07-21,1454.576416015625,1456.4617708047458,1425.9968891975022,1436.9126621837045,13867136
2025-07-22,1462.316650390625,1470.6523559877205,1458.4464883845856,1462.8128219007424,8930165
2025-07-23,1477.2017822265625,1478.5910866693491,1461.3242940475627,1471.5454755170424,11974174
2025-07-24,1472.0416259765625,1477.3009711792895,1466.782159638216,1476.3086281822896,6700578
2025-07-25,1465.789794921875,1488.5144734435703,1462.31659448384,1488.5144734435703,8696077
2025-07-28,1477.00341796875,1482.3620946590604,1465.7898930637602,1465.7898930637602,7507479
2025-07-29,1474.8201904296875,1478.3927223132807,1464.1029581857863,1468.5685019046516,9776027
2025-07-30,1471.04931640625,1477.1025845983731,1465.9883912336757,1476.308661728485,7238625
2025-07-31,1470.0570068359375,1483.0566764606926,1452.7902136757805,1458.6450618514623,12406146
2025-08-01,1460.3319091796875,1473.7285394467383,1458.5457644921182,1469.0645758820863,4416771
2025-08-04,1451.9962158203125,1467.4768633867377,1450.1108610461113,1465.492177404952,6140054
2025-08-05,1433.3402099609375,1450.3092505192255,1429.96621963613,1441.8743352750153,14799343
2025-08-06,1432.54638671875,1442.866778550362,1430.561700640964,1431.2564134495642,7805252
2025-08-07,1429.271728515625,1436.8135113901221,1418.1574137897542,1430.0655302659995,7432535
2025-08-08,1424.9053955078125,1436.5157606227415,1421.0352334242946,1434.8288259088201,5415511
2025-08-11,1425.5999755859375,1427.3862414978396,1409.5240669213151,1416.9666396615337,8492484
2025-08-12,1422.0,1433.800048828125,1420.0999755859375,1431.0,5913947
2025-08-13,1420.800048828125,1427.699951171875,1415.199951171875,1424.5999755859375,9009465
2025-08-14,1427.300048828125,1431.0999755859375,1412.0,1412.0,7577793
2025-08-18,1434.5999755859375,1452.4000244140625,1431.0,1450.0,6908844
2025-08-19,1436.300048828125,1438.5,1426.300048828125,1431.0999755859375,6709554
2025-08-20,1430.5999755859375,1435.9000244140625,1423.0,1432.5999755859375,5817858
2025-08-21,1446.0,1447.800048828125,1436.4000244140625,1440.0999755859375,6238645
2025-08-22,1436.4000244140625,1446.0,1429.4000244140625,1444.300048828125,6657207
2025-08-25,1433.199951171875,1435.9000244140625,1424.0,1435.9000244140625,6738427
2025-08-26,1416.5999755859375,1427.9000244140625,1413.0999755859375,1427.9000244140625,8720155
2025-08-28,1399.0999755859375,1411.800048828125,1396.300048828125,1408.0,12990789
2025-08-29,1397.800048828125,1405.0,1392.0999755859375,1392.0999755859375,8519507
2025-09-01,1411.0,1412.4000244140625,1398.0999755859375,1398.0999755859375,4927348
2025-09-02,1394.199951171875,1413.9000244140625,1390.0,1413.9000244140625,7163073
2025-09-03,1397.0,1400.0,1384.199951171875,1389.0,9813382
2025-09-04,1405.5,1415.0999755859375,1401.9000244140625,1409.9000244140625,10564859
2025-09-05,1402.800048828125,1411.5,1387.699951171875,1411.0,6621077
2025-09-08,1402.699951171875,1410.5999755859375,1397.5999755859375,1402.199951171875,5880943
2025-09-09,1403.699951171875,1407.5,1395.199951171875,1399.0,6470679
2025-09-10,1403.9000244140625,1413.699951171875,1402.0999755859375,1410.0,7452347
2025-09-11,1401.5999755859375,1408.0,1396.0,1398.0,10192026
2025-09-12,1417.699951171875,1419.699951171875,1400.0999755859375,1405.0999755859375,7770038
2025-09-15,1419.4000244140625,1426.800048828125,1416.300048828125,1422.0,5845637
2025-09-16,1421.5999755859375,1424.9000244140625,1413.699951171875,1414.0,8213151
2025-09-17,1419.199951171875,1426.0999755859375,1416.4000244140625,1420.0999755859375,7484283
2025-09-18,1421.699951171875,1432.800048828125,1415.300048828125,1431.0999755859375,8130537
2025-09-19,1402.199951171875,1418.0,1400.199951171875,1416.0999755859375,13457344
2025-09-22,1401.5,1409.9000244140625,1397.199951171875,1403.9000244140625,8847948
2025-09-23,1394.300048828125,1403.300048828125,1391.0,1391.0,12827524
2025-09-24,1382.699951171875,1390.9000244140625,1376.5,1386.4000244140625,9735678
2025-09-25,1375.800048828125,1391.5,1371.800048828125,1377.0,21613389
2025-09-26,1359.5999755859375,1372.699951171875,1357.0,1368.0,18342280
2025-09-29,1348.0999755859375,1366.5,1346.199951171875,1359.5999755859375,20563163
2025-09-30,1348.0,1356.5999755859375,1342.5999755859375,1353.699951171875,20166871
2025-10-01,1372.0,1379.4000244140625,1347.0999755859375,1348.0,20952632
2025-10-03,1365.199951171875,1371.9000244140625,1361.300048828125,1371.9000244140625,12163695
2025-10-06,1363.4000244140625,1372.5999755859375,1359.0999755859375,1371.0,14314283
2025-10-07,1375.9000244140625,1383.0999755859375,1363.5999755859375,1363.5999755859375,16126464
2025-10-08,1370.300048828125,1381.5999755859375,1364.300048828125,1372.300048828125,8100832
2025-10-09,1376.199951171875,1378.699951171875,1365.0999755859375,1369.800048828125,7909575
2025-10-10,1380.300048828125,1385.0,1370.300048828125,1370.300048828125,7673816
2025-10-13,1379.4000244140625,1386.4000244140625,1373.0999755859375,1373.0999755859375,8923018
2025-10-14,1384.0999755859375,1389.0,1375.0999755859375,1389.0,10610855
2025-10-15,1398.4000244140625,1400.4000244140625,1385.5,1386.5,8988550
2025-10-16,1417.300048828125,1418.9000244140625,1399.4000244140625,1401.0,12185032
2025-10-17,1436.5999755859375,1439.5999755859375,1410.9000244140625,1412.0,17037215
2025-10-20,1390.300048828125,1445.0,1389.199951171875,1442.0,23330227
2025-10-21,1382.0,1387.5999755859375,1375.9000244140625,1384.5,3415560
2025-10-23,1363.699951171875,1389.800048828125,1360.0999755859375,1385.0,21124942
2025-10-24,1377.699951171875,1381.5999755859375,1368.0999755859375,1368.0999755859375,10570263
2025-10-27,1377.5999755859375,1386.800048828125,1374.0,1382.0999755859375,11499836
2025-10-28,1363.0999755859375,1375.800048828125,1356.199951171875,1373.0,26477914
2025-10-29,1370.4000244140625,1371.699951171875,1358.4000244140625,1364.5999755859375,16129382
2025-10-30,1362.4000244140625,1370.199951171875,1361.300048828125,1362.4000244140625,9324401
2025-10-31,1345.300048828125,1362.0,1343.300048828125,1357.0,15926798
2025-11-03,1346.4000244140625,1351.5999755859375,1337.9000244140625,1340.5,11071450
2025-11-04,1336.9000244140625,1349.800048828125,1333.199951171875,1342.5999755859375,15211183
2025-11-06,1320.4000244140625,1342.199951171875,1317.4000244140625,1330.0,24221853
2025-11-07,1343.0,1344.300048828125,1318.5999755859375,1320.4000244140625,7719245
2025-11-10,1348.0,1349.5999755859375,1341.0,1342.9000244140625,8542340
2025-11-11,1358.300048828125,1360.4000244140625,1346.199951171875,1349.0,8305184
2025-11-12,1358.9000244140625,1370.0,1355.4000244140625,1370.0,9736761
2025-11-13,1385.9000244140625,1390.4000244140625,1358.5,1358.9000244140625,18296626
2025-11-14,1373.0,1381.199951171875,1363.199951171875,1374.0,9694498
2025-11-17,1379.0,1382.5,1373.5999755859375,1375.0999755859375,7660717
2025-11-18,1373.4000244140625,1382.800048828125,1369.0999755859375,1380.199951171875,9529560
2025-11-19,1383.0999755859375,1384.0,1371.5999755859375,1373.5,10393918
2025-11-20,1383.0,1388.300048828125,1375.4000244140625,1380.0999755859375,10131863
2025-11-21,1369.5,1376.0,1364.5999755859375,1373.0,11483595
2025-11-24,1368.4000244140625,1377.0,1361.5,1373.300048828125,15896003
2025-11-25,1357.800048828125,1376.9000244140625,1354.300048828125,1365.0,12235000
2025-11-26,1375.0,1377.0,1359.9000244140625,1360.0,9659004
2025-11-27,1392.199951171875,1394.0,1375.699951171875,1379.0,15158741
2025-11-28,1388.800048828125,1398.5,1385.5999755859375,1392.0,7683986
2025-12-01,1390.0999755859375,1400.0,1385.4000244140625,1394.0,8867593
2025-12-02,1373.0,1381.800048828125,1370.5999755859375,1381.800048828125,12126396
2025-12-03,1391.5,1394.199951171875,1367.0,1367.0,7955933
2025-12-04,1386.699951171875,1391.5999755859375,1379.9000244140625,1387.0,7373909
2025-12-05,1392.5,1395.300048828125,1381.0,1381.0,4942638
2025-12-08,1389.5999755859375,1394.9000244140625,1383.300048828125,1387.0,7826227
2025-12-09,1375.199951171875,1384.300048828125,1373.4000244140625,1379.9000244140625,10492030
2025-12-10,1363.5999755859375,1379.4000244140625,1357.9000244140625,1377.9000244140625,8725381
2025-12-11,1360.0,1366.5999755859375,1352.800048828125,1363.699951171875,6734750
2025-12-12,1366.0,1370.699951171875,1363.300048828125,1368.0,3890885
2025-12-15,1365.199951171875,1370.0,1356.0999755859375,1356.0999755859375,5342530
2025-12-16,1366.0,1368.699951171875,1355.5,1364.0,12359741
2025-12-17,1352.4000244140625,1365.0,1343.0999755859375,1365.0,9440391
2025-12-18,1356.800048828125,1369.5,1345.5,1346.300048828125,7314573
2025-12-19,1354.0999755859375,1360.4000244140625,1350.800048828125,1354.0,14318512
2025-12-22,1368.5,1371.300048828125,1354.800048828125,1358.0,9375294
2025-12-23,1363.0,1365.0,1357.0,1361.0999755859375,9105467
2025-12-24,1359.800048828125,1368.199951171875,1357.5999755859375,1363.800048828125,8955140
2025-12-26,1350.4000244140625,1362.0,1348.5,1356.5,2812144
2025-12-29,1343.300048828125,1355.699951171875,1341.5,1352.0999755859375,6057201
2025-12-30,1342.5,1347.0999755859375,1338.0999755859375,1343.300048828125,18621277
2025-12-31,1342.9000244140625,1350.0,1339.5,1342.800048828125,6150634
2026-01-01,1338.0,1348.4000244140625,1336.0,1343.9000244140625,4179311
2026-01-02,1355.4000244140625,1356.9000244140625,1336.300048828125,1338.0,8226205
2026-01-05,1371.5,1375.5,1352.5999755859375,1354.199951171875,6920565
2026-01-06,1411.199951171875,1413.5999755859375,1366.0,1372.0,17260416
2026-01-07,1427.699951171875,1429.9000244140625,1404.199951171875,1408.0,15813795
2026-01-08,1435.0,1442.199951171875,1423.300048828125,1429.0,14861699
2026-01-09,1404.300048828125,1429.5,1401.5,1427.0999755859375,12555636
2026-01-12,1413.0999755859375,1424.300048828125,1391.699951171875,1399.9000244140625,10923811
2026-01-13,1437.0,1441.800048828125,1411.0999755859375,1420.0,14295581
2026-01-14,1418.4000244140625,1443.9000244140625,1414.9000244140625,1425.5999755859375,13832255
2026-01-15,1418.4000244140625,1418.4000244140625,1418.4000244140625,1418.4000244140625,0
2026-01-16,1410.800048828125,1429.0,1400.199951171875,1417.9000244140625,12530886
2026-01-19,1380.5999755859375,1400.0,1360.0,1399.9000244140625,23302883
2026-01-20,1375.800048828125,1387.800048828125,1371.5,1374.699951171875,15012785
2026-01-21,1349.0,1371.5,1339.5,1367.5,21766068
2026-01-22,1345.5,1358.0,1338.0,1355.0999755859375,17179765
2026-01-23,1343.4000244140625,1355.199951171875,1335.699951171875,1340.5,14056524
2026-01-27,1361.4000244140625,1369.0999755859375,1328.5999755859375,1340.0,25263634
2026-01-28,1367.699951171875,1380.4000244140625,1362.5999755859375,1362.5999755859375,13242696
2026-01-29,1383.5999755859375,1387.699951171875,1354.4000244140625,1359.0,23118234
2026-01-30,1355.0,1381.9000244140625,1353.199951171875,1368.199951171875,24013717
2026-02-02,1352.800048828125,1354.4000244140625,1329.0999755859375,1329.9000244140625,12800245
2026-02-03,1389.699951171875,1417.0,1373.4000244140625,1412.0,24896698
2026-02-04,1408.4000244140625,1414.0,1386.9000244140625,1387.0,11080683
2026-02-05,1396.5,1414.0,1393.199951171875,1414.0,8982761
2026-02-06,1406.0999755859375,1410.5,1394.699951171875,1396.699951171875,10851190
2026-02-09,1396.300048828125,1414.0,1388.800048828125,1413.5,7889742
2026-02-10,1406.5,1409.5,1395.5,1401.0,16497628
2026-02-11,1406.0999755859375,1413.0,1400.4000244140625,1407.4000244140625,8551341
2026-02-12,1430.0,1433.0,1405.300048828125,1406.0999755859375,19646265
2026-02-13,1414.5999755859375,1434.4000244140625,1410.699951171875,1425.300048828125,12228083
2026-02-16,1411.5999755859375,1414.0,1400.5,1404.0,5000042
2026-02-17,1407.5,1413.5999755859375,1393.5999755859375,1406.199951171875,11756187
2026-02-18,1408.199951171875,1412.300048828125,1398.9000244140625,1410.0999755859375,4758071
2026-02-19,1388.800048828125,1412.300048828125,1384.800048828125,1408.5,14323091
2026-02-20,1394.5,1403.699951171875,1384.0,1388.5,10337877
2026-02-23,1399.4000244140625,1408.300048828125,1395.300048828125,1400.0,10728445
2026-02-24,1384.800048828125,1400.9000244140625,1382.300048828125,1400.9000244140625,18274784
2026-02-25,1400.5,1407.4000244140625,1388.199951171875,1391.800048828125,16297015
2026-02-26,1404.9000244140625,1410.0,1392.0999755859375,1405.0999755859375,27288792
2026-02-27,1378.9000244140625,1402.199951171875,1376.699951171875,1400.0,15096898
2026-03-02,1374.0,1379.199951171875,1355.0,1355.0,16928683
2026-03-04,1365.4000244140625,1376.0,1326.0,1326.0,20009132
2026-03-05,1357.5999755859375,1370.800048828125,1347.5999755859375,1368.9000244140625,17590491
2026-03-06,1313.4000244140625,1357.5999755859375,1310.4000244140625,1339.0,22778852
2026-03-09,1278.4000244140625,1282.699951171875,1251.0999755859375,1272.699951171875,16116652
2026-03-10,1311.9000244140625,1315.0,1285.5999755859375,1287.5999755859375,19136143
2026-03-11,1294.5999755859375,1306.5,1290.9000244140625,1300.0,13224259
2026-03-12,1266.5,1280.5,1258.300048828125,1275.699951171875,19676187
2026-03-13,1254.800048828125,1262.300048828125,1248.699951171875,1251.9000244140625,17344394
2026-03-16,1272.9000244140625,1276.800048828125,1240.0999755859375,1255.0,22740688
2026-03-17,1288.699951171875,1294.4000244140625,1273.0,1278.9000244140625,22303102
2026-03-18,1289.300048828125,1297.0999755859375,1270.800048828125,1286.0,12961135
2026-03-19,1250.0999755859375,1285.9000244140625,1243.699951171875,1267.5999755859375,14422899
2026-03-20,1245.4000244140625,1274.0,1241.699951171875,1258.4000244140625,16421006
2026-03-23,1222.699951171875,1234.9000244140625,1218.0999755859375,1226.5999755859375,17049534
2026-03-24,1251.199951171875,1253.9000244140625,1223.699951171875,1237.0999755859375,20617782
2026-03-25,1259.699951171875,1272.9000244140625,1254.4000244140625,1258.9000244140625,17290030
2026-03-27,1233.800048828125,1260.9000244140625,1230.0999755859375,1256.0,23630905
2026-03-30,1205.9000244140625,1222.5999755859375,1200.4000244140625,1216.5,23952775
2026-04-01,1212.699951171875,1234.0,1210.0,1228.0999755859375,25472333
2026-04-02,1215.800048828125,1222.0999755859375,1187.5999755859375,1196.0,20851722
2026-04-06,1231.4000244140625,1234.4000244140625,1200.5,1213.0,10058414
2026-04-07,1245.5,1250.4000244140625,1216.5999755859375,1229.0,25600557
2026-04-08,1309.199951171875,1333.5,1292.4000244140625,1310.0,25148651
2026-04-09,1281.300048828125,1308.0,1275.9000244140625,1299.9000244140625,22923062
2026-04-10,1321.9000244140625,1324.0,1288.5,1289.0,18174755
2026-04-13,1351.0999755859375,1357.0,1296.699951171875,1304.9000244140625,30572141
2026-04-15,1348.0999755859375,1364.800048828125,1338.0,1358.0,23827473
2026-04-16,1345.5,1366.9000244140625,1340.199951171875,1352.0,24017236
2026-04-17,1346.800048828125,1352.9000244140625,1334.0,1347.0,18151993
2026-04-20,1356.199951171875,1376.4000244140625,1353.0,1364.699951171875,21551520
2026-04-21,1388.4000244140625,1393.0999755859375,1360.0,1368.0,23312455
2026-04-22,1367.5999755859375,1380.0999755859375,1365.0,1380.0,13613487
2026-04-23,1348.0,1354.0,1343.5,1348.4000244140625,20111792
2026-04-24,1326.199951171875,1348.800048828125,1324.0,1336.300048828125,14056743
