Price,Close,High,Low,Open,Volume
Ticker,INFY.NS,INFY.NS,INFY.NS,INFY.NS,INFY.NS
Date,,,,,
2010-01-04,222.17860412597656,223.6583124128019,220.7073875002893,221.9574887442635,4069264
2010-01-05,222.92269897460938,223.71782152713828,221.1155739524897,222.80788508016633,6895528
2010-01-06,219.66983032226562,228.16543396417404,218.98950103724385,228.16543396417404,6817288
2010-01-07,214.73316955566406,219.96745672446812,214.1506293473323,219.96745672446812,10892600
2010-01-08,209.55848693847656,214.5844293490631,209.03123573629523,214.21874809590224,12649312
2010-01-11,211.72268676757812,213.00256020314598,210.3918011001798,210.485354668201,7849656
2010-01-12,219.9971923828125,220.59673662511477,212.60286875974825,212.60286875974825,24859680
2010-01-13,228.2079620361328,229.18593541545667,210.63421392030162,210.63421392030162,19704040
2010-01-14,228.7394561767578,229.85773910672785,225.37607420419178,227.82526372247764,8413904
2010-01-15,227.55313110351562,228.97331426708953,225.71197760494724,228.73945108631534,5049504
2010-01-18,228.475830078125,228.76072627624401,225.86932676197176,226.46461489726312,6140088
2010-01-19,224.15997314453125,228.59062564429732,223.49666874221765,227.91029640130833,5837512
2010-01-20,226.01388549804688,227.33202347057272,224.33857880794667,225.24425885201046,6091992
2010-01-21,223.25001525878906,226.60914056990515,221.10698250384388,224.763751829869,6682792
2010-01-22,219.03199768066406,221.9574049817539,217.0250182043816,221.10699346841386,13486496
2010-01-25,216.20013427734375,218.55151392752694,214.1336300415403,216.85494702379975,6498712
2010-01-27,212.7942352294922,215.48154409708695,211.340023139129,215.32420965174313,9840856
2010-01-28,211.9012451171875,217.27158441112527,210.8594912282799,213.7083692101905,12732872
2010-01-29,210.5194091796875,212.60291777387144,204.50700281744315,208.55494991465545,15012280
2010-02-01,208.45712280273438,215.1541134894107,203.25686468861042,208.09569790853277,12308784
2010-02-02,207.49618530273438,212.6879525511968,205.93992783898355,212.6879525511968,9889384
2010-02-03,210.32382202148438,212.60292957897192,208.35087098739248,208.35087098739248,6405608
2010-02-04,206.56924438476562,210.05167591195803,205.16180896259058,209.6264700902739,6176408
2010-02-05,200.07632446289062,203.96695736727688,198.06085320908417,203.28237190601746,13544872
2010-02-08,204.4049072265625,207.67047893449217,199.37896718342216,201.96420972203327,9252480
2010-02-09,210.37481689453125,211.072150224743,203.60978874923083,204.43894002428775,10387392
2010-02-10,209.7923126220703,212.279766873536,208.18078658420544,211.83755693678748,7187984
2010-02-11,212.47108459472656,214.14639131439415,210.0516677161455,210.3067911992015,6453888
2010-02-15,212.48812866210938,216.2086801568375,210.4641652585822,213.19823079504852,8950128
2010-02-16,216.12779235839844,216.93993936494715,211.6036080457976,212.6028414003794,4418096
2010-02-17,214.18890380859375,218.249619093931,213.75946257126395,216.8719564898399,7991184
2010-02-18,215.46444702148438,216.5997543922959,213.6233148933833,214.55876730732726,3721696
2010-02-19,215.35824584960938,216.38725228869794,213.04087401826055,214.72043708868767,5998992
2010-02-22,218.41546630859375,220.40116488937002,217.28867096584443,217.28867096584443,5855400
2010-02-23,219.51670837402344,220.1715210280805,217.2801221424278,217.5437579926836,3786032
2010-02-24,219.09158325195312,220.96248910150098,216.94003737257196,218.38573734722257,5427016
2010-02-25,222.58253479003906,223.63278087758195,218.60685973198997,218.60685973198997,8729568
2010-02-26,221.2728729248047,223.65828194740516,219.58481812092168,222.72282905713084,10546368
2010-03-02,224.59361267089844,225.42276364535556,223.0330997116099,223.7899781865156,8534656
2010-03-03,226.74095153808594,227.61262326926845,223.88356077789814,225.4525865036252,5904976
2010-03-04,223.13092041015625,226.5495696740093,221.44710188855862,226.37948741449426,6755240
2010-03-05,224.14300537109375,224.50868655083116,222.21683119469228,223.98992711422642,4984808
2010-03-08,226.1712188720703,227.85503797491322,224.34709016149125,225.61419512747813,8664992
2010-03-09,228.24624633789062,229.73872303862686,222.62503740221786,225.36335895103616,7958752
2010-03-10,226.145751953125,228.88407372453332,225.35912105886294,227.47663808023614,7330952
2010-03-11,228.1612091064453,229.18595938522552,225.35910663111227,226.63472421581668,4298424
2010-03-12,227.3362579345703,229.95127333959718,225.89481457102866,229.602596314127,3176920
2010-03-15,229.71739196777344,230.67410484501082,224.16845727979668,225.73320603643455,10582856
2010-03-16,232.36221313476562,233.4337192534639,228.10589908365557,229.61112340692293,5881344
2010-03-17,232.8682098388672,234.1778353826483,230.71666436379672,232.58756986177073,6352000
2010-03-18,237.06068420410156,237.59642676302408,233.01271773715385,233.01271773715385,8923048
2010-03-19,235.76385498046875,237.69002884141372,234.71784461885593,236.42292393342797,12582544
2010-03-22,234.49249267578125,236.1593077620501,233.25939582214434,234.0417911250884,4108528
2010-03-23,236.03172302246094,238.0301901422692,235.06649761937035,235.56825288537357,4792560
2010-03-25,239.30154418945312,244.06810488499028,233.93545998524436,235.64903088373103,15207528
2010-03-26,235.9765167236328,240.2413234168319,234.9687704781262,239.47595282895526,9105680
2010-03-29,231.02700805664062,235.56396124682516,229.63234164503237,234.54346755189306,13981704
2010-03-30,224.85740661621094,230.8868183561408,223.7093506133351,230.8868183561408,10649936
2010-03-31,222.46340942382812,227.62965968654564,221.66828706693153,225.69071716394032,13070104
2010-04-01,227.09823608398438,227.74030120505608,222.80791230666426,222.82491639184317,8187000
2010-04-05,227.73594665527344,228.76069667941576,224.33855681795492,227.82524401641444,7318616
2010-04-06,225.46542358398438,228.33556334672252,224.95517651505315,228.08043981225688,5348808
2010-04-07,224.82760620117188,227.4681388349144,222.58676293716363,225.83109621765766,8380880
2010-04-08,226.5283966064453,227.7317207510037,223.6582573721074,224.50866899709644,7227984
2010-04-09,227.58709716796875,229.41548169767054,226.63464054210496,227.05984624668676,8260312
2010-04-12,228.17393493652344,229.44103986149926,225.53340287911968,228.4120335647329,8325648
2010-04-13,236.57598876953125,237.59224721566076,224.0834509834517,228.76071466621826,57635400
2010-04-15,238.25131225585938,240.21575051298964,234.65406718500907,237.0947442231412,22395128
2010-04-16,237.1458282470703,238.88065990741987,235.6533514775901,237.4434723587385,6244344
2010-04-19,234.02476501464844,235.95945144693792,232.6726188458932,235.95945144693792,8754896
2010-04-20,231.93276977539062,237.26059037326993,231.31196512834416,235.1813380744249,9542128
2010-04-21,230.66989135742188,233.84193079250633,229.63664956343956,233.26790295984904,6496288
2010-04-22,231.1759033203125,234.95599985624597,229.01586595292534,230.29148347587144,6978144
2010-04-23,231.9029998779297,234.17785103318056,231.04409657184058,232.58758540602264,5888336
2010-04-26,232.92352294921875,234.2033967899601,231.7414589172816,232.17092100497294,4454288
2010-04-27,232.79595947265625,233.21690913491625,231.85625034005207,232.08587812128985,3280256
2010-04-28,229.56858825683594,232.3281694679975,228.85425088971243,230.47003276668218,5544496
2010-04-29,230.38929748535156,232.4090254489254,227.48514958147834,229.5261378394056,11319960
2010-04-30,232.85540771484375,234.6115198527784,227.6636623143267,230.6315900316902,8067024
2010-05-03,229.17739868164062,230.8824779797152,228.08037609471015,230.2914461090511,5408952
2010-05-04,226.73243713378906,230.12133501746706,225.82675725753282,230.03629387370597,6576208
2010-05-05,229.0159149169922,230.29153271266796,221.95749644758618,225.3081108860912,12122080
2010-05-06,226.05213928222656,228.78622488989748,224.98063317967816,228.78622488989748,7808360
2010-05-07,222.53994750976562,224.9636203482323,221.706540065542,224.34707199458728,8984392
2010-05-10,227.54464721679688,228.23348897680282,222.80785835007578,222.80785835007578,5635408
2010-05-11,226.2732696533203,227.4425856197708,224.1685009137094,227.04289631454816,5802824
2010-05-12,228.05490112304688,229.5176050926349,225.55044282239112,225.86934720945266,9185176
2010-05-13,230.1341094970703,231.56706123995096,226.31577000544235,228.25045624973498,4923880
2010-05-14,225.52056884765625,231.90716614304566,223.65817636824718,230.46146690416344,6824496
2010-05-17,222.49745178222656,225.19325245648704,219.07028881233597,224.08346114358417,8170824
2010-05-18,223.59024047851562,226.20951267238627,219.5805576094441,226.20951267238627,7144600
2010-05-19,221.34945678710938,225.5589954466073,220.55005719052514,223.31815191599054,11939240
2010-05-20,221.17080688476562,224.04520237532063,219.95897029989283,222.12751997808624,6508872
2010-05-21,219.55502319335938,221.787353728394,217.56506827835815,218.3857071988174,7127200
2010-05-24,221.14100646972656,223.65823290916978,219.3423943844016,222.04245099841913,7186104
2010-05-25,215.44326782226562,219.9887344630474,213.46182539114704,219.9887344630474,8838128
2010-05-26,224.2247772216797,225.8373386480027,218.68128272834232,219.43410657804657,7868856
2010-05-27,226.13243103027344,227.89898197699455,222.00475615024718,224.80216064828312,11312696
2010-05-28,229.04962158203125,229.64417375479354,225.61489073510492,228.41657713209185,6793992
2010-05-31,227.38572692871094,233.97289810008445,224.52416129178593,233.97289810008445,7020752
2010-06-01,224.5070037841797,227.3429002819755,223.92955709484633,227.12903113777796,5782888
2010-06-02,225.86724853515625,226.86815215382384,224.48566194051776,225.418123242169,6557144
2010-06-03,230.80763244628906,231.47490850373347,227.55682072169344,227.55682072169344,5517096
2010-06-04,233.4552764892578,234.22948696919127,229.4773104030389,230.80758065846533,4950400
2010-06-07,228.55348205566406,231.83424438489794,226.7013828856013,231.83424438489794,7781952
2010-06-08,227.08627319335938,230.0376675897319,226.51738958426463,228.55340727091533,6651144
2010-06-09,224.55845642089844,228.24128950096238,223.83558245100002,228.24128950096238,5427120
2010-06-10,226.32070922851562,227.04358307587006,224.18201684837368,224.57980527681298,5187448
2010-06-11,225.05459594726562,230.20028138611013,224.22050593092587,227.97604134253743,9912864
2010-06-14,234.94810485839844,236.01319002363329,226.70988121505584,226.70988121505584,9728848
2010-06-15,233.94725036621094,237.8225646800367,232.86936206488764,234.95671722795709,7946312
2010-06-16,236.91575622558594,237.77979621928915,234.5717579540532,235.67531476302804,5720064
2010-06-17,236.5264892578125,238.14761346490428,234.05843056661536,237.48033744624422,5639240
2010-06-18,238.35296630859375,240.81674392266223,231.65031742388672,231.65031742388672,8356232
2010-06-21,239.60194396972656,241.1418021946147,238.7849594566115,239.48216468750363,7164752
2010-06-22,236.71896362304688,239.47787595271268,236.11156681791013,238.67799689201786,4763688
2010-06-23,239.34097290039062,239.95691189362154,232.5057230168773,235.0079921464766,4948088
2010-06-24,241.47535705566406,242.41638124298854,238.08340095288938,240.76530735536954,12316104
2010-06-25,237.62583923339844,240.5558479228936,237.05267382747766,240.3890340870488,3345664
2010-06-28,240.30345153808594,240.98783303054046,236.96709176237027,236.96709176237027,3834168
2010-06-29,238.9817352294922,240.69697045944318,236.71900317984029,238.93896138777603,3773072
2010-06-30,238.7635498046875,240.27345784384906,233.716237214764,237.65143008148402,9449976
2010-07-01,236.71475219726562,238.76361530300815,235.34170752367444,238.76361530300815,5847248
2010-07-02,233.33126831054688,237.39050104682815,232.34747011235393,237.39050104682815,11169440
2010-07-05,234.69586181640625,235.4272989171385,232.68977218554386,233.54524928916717,3616720
2010-07-06,238.25880432128906,239.44790848145604,234.65723935856875,234.65723935856875,5872600
2010-07-07,237.97218322753906,239.4992171846102,236.55636539626335,239.4992171846102,5923392
2010-07-08,241.97161865234375,243.5029138066079,239.54207283665147,240.04679580642625,6278192
2010-07-09,245.846923828125,246.42008909968794,242.79287586817782,242.79287586817782,7859112
2010-07-12,247.7374725341797,248.94370295430483,243.81084309957689,243.8151246599212,8597240
2010-07-13,239.25547790527344,245.9538655346215,237.908101923506,245.52184556650923,25502384
2010-07-14,234.64874267578125,240.30345314936878,234.14401967597806,238.67376553240098,14193928
2010-07-15,236.07733154296875,237.480304816584,234.40058904806924,235.16623643005425,8328136
2010-07-16,237.56591796875,238.76358554223305,235.34167818942427,235.68386892470514,8205560
2010-07-19,237.005615234375,238.91761463480714,234.03711429732888,235.17062129337737,7047120
2010-07-20,236.08169555664062,238.03646880296466,235.5555855701575,237.00561486875077,5054736
2010-07-21,237.10824584960938,237.73702972329525,236.11162361867395,236.73612593074068,2634480
2010-07-22,235.64112854003906,236.51799242369688,233.2928484628891,236.51799242369688,8226952
2010-07-23,238.3744354248047,245.52623302730106,236.53944104482852,238.42149084699352,5323096
2010-07-26,239.91415405273438,240.3889477886663,238.6779944236224,238.6779944236224,4470816
2010-07-27,241.997314453125,242.44215827282247,239.79017983017692,239.79017983017692,5093960
2010-07-28,242.27960205078125,242.8270988692344,240.56008526344448,242.01439587847952,3725168
2010-07-29,242.3694305419922,242.95544057511077,240.46173375586878,241.65511985902518,3613008
2010-07-30,238.54119873046875,242.20692603595603,236.1116524006141,240.81677590859735,4472672
2010-08-02,239.27255249023438,240.62849142001087,237.9208951211092,239.53347706202356,3815232
2010-08-03,238.1904296875,241.15893025669797,236.9243197395974,239.96126263569982,2434584
2010-08-04,245.90679931640625,247.40388367474233,238.67802055758338,238.67802055758338,9536024
2010-08-05,245.45767211914062,248.66999156614304,244.79895918367686,246.37730964646687,6594296
2010-08-06,244.991455078125,247.40389552541,243.98198825673214,244.75191739218465,3676480
2010-08-09,245.9196319580078,246.62540032374844,240.92365575963692,243.6825684620775,4201544
2010-08-10,242.01870727539062,245.52188115869214,240.81675800059875,245.52188115869214,4811984
2010-08-11,240.46597290039062,244.48671398650856,239.53351151340792,242.44213272464214,5344800
2010-08-12,237.19802856445312,239.19129352092665,235.59829125773678,239.19129352092665,6973400
2010-08-13,237.5872802734375,239.3623945287886,235.6838445056514,237.39479800478497,5561808
2010-08-16,236.27410888671875,237.65143477151693,235.2560999358069,236.1115766628462,5193608
2010-08-17,235.29891967773438,237.523159601974,233.5451920451608,235.6838842800066,5140640
2010-08-18,240.15370178222656,241.20166076230754,235.95330274045358,236.54787576829446,6128144
2010-08-19,239.92706298828125,241.67222753372712,238.50268139902755,240.8167506221033,4826744
2010-08-20,236.9328155517578,239.79009913871147,235.59826365608683,239.79009913871147,4624824
2010-08-23,239.802978515625,240.3889884966532,236.22282052439576,237.13817655257037,4511832
2010-08-24,236.56069946289062,238.59245666829472,235.700941184103,238.59245666829472,5247552
2010-08-25,237.04408264160156,239.01596104640623,235.76514887063556,236.28271656522702,3502008
2010-08-26,236.59494018554688,238.07491927264266,235.02943430145896,237.39481937265393,7834984
2010-08-27,231.82569885253906,235.9405514876461,229.38758945536793,235.9405514876461,6973800
2010-08-30,231.01719665527344,234.05842044009773,228.09575213745117,232.6340601173419,4781168
2010-08-31,232.1636199951172,233.03192074347356,228.93845519112455,229.69556064472337,7722280
2010-09-01,237.49325561523438,238.20758731447503,231.68457473313953,232.16365024092215,10131800
2010-09-02,235.5127410888672,240.73114908248178,234.90534426321443,239.44793400208474,3402512
2010-09-03,237.60438537597656,239.87568032076834,236.20569342333553,236.20569342333553,7606688
2010-09-06,242.24099731445312,242.9553285537242,238.30154469907058,238.35714231789228,6391192
2010-09-07,245.08982849121094,245.76992838909268,240.4060928802607,242.95541799266883,8321272
2010-09-08,246.32598876953125,246.94194879239632,241.67220319327876,244.40972903476018,9386496
2010-09-09,247.66053771972656,248.0882761268418,244.49527350707376,245.53040880655843,7591392
2010-09-13,251.24502563476562,251.93797034209615,246.5484653738272,247.23284695709947,6650488
2010-09-14,254.55569458007812,256.64304969667853,252.3656655350672,252.41700249927248,9767144
2010-09-15,261.1641845703125,261.7758419906347,253.99100485954065,254.50429082422818,14344648
2010-09-16,253.7301788330078,259.3848897604707,253.0714657663651,259.3848897604707,7088984
2010-09-17,254.0894775390625,257.71243077072046,253.16983981929977,253.7301813977771,8616488
2010-09-20,257.3787536621094,258.1828934850339,254.5043433127819,254.5043433127819,5025976
2010-09-21,261.7031555175781,262.2036177589196,256.35216527967395,257.9262341086926,9223912
2010-09-22,257.8663330078125,262.02393703122857,256.16820348867117,261.8186309877243,10806440
2010-09-23,258.6021423339844,259.6158909660172,254.33760188255198,257.07512837103127,11181376
2010-09-24,260.8434143066406,261.6646594241046,256.09977919921977,258.60204859809386,8791520
2010-09-27,259.4319152832031,261.77591347442706,258.6405992048899,261.3481750537172,7210320
2010-09-28,258.06317138671875,259.04696982697374,256.7286190613236,258.78176363229056,6209144
2010-09-29,259.2992858886719,263.4012927499808,256.8654586988876,258.8672659504521,8972920
2010-09-30,260.963134765625,263.05905241904503,257.28030385462654,260.6594363978956,13665816
2010-10-01,265.3817138671875,266.0575530367393,258.8929351955496,261.0059586085947,8086512
2010-10-04,263.35430908203125,270.50182349087356,261.9941090259556,266.2244385526877,7636640
2010-10-05,263.88885498046875,266.1387625504247,262.6313085920295,263.0590468796387,5189152
2010-10-06,265.52288818359375,267.1568363083343,263.1959955100996,265.7110888987911,5788528
2010-10-07,261.2156066894531,264.9839868539692,260.2360897529538,264.256831442102,6833672
2010-10-08,263.17034912109375,263.970207449242,259.81260246470447,261.7759176700971,6548160
2010-10-11,263.0120544433594,264.94115875934364,261.66039695386064,263.51251671391225,4493832
2010-10-12,263.07623291015625,263.9103228267799,260.94610393889104,262.80248449926916,4625624
2010-10-13,269.7190246582031,270.7413153079195,263.0762344443895,263.57241519020255,13024504
2010-10-14,272.49072265625,276.22915175125576,270.00555860370304,270.766945417069,9193376
2010-10-15,263.17034912109375,277.0034056914295,261.874289154171,273.7525936419316,25870360
2010-10-18,265.8008728027344,266.81460008666585,260.0050185843006,263.52957815328625,12591096
2010-10-19,257.515625,265.6298308917885,256.72859051244956,264.7444040397541,14077712
2010-10-20,258.2342834472656,260.45852354281254,255.7876109878968,257.4814595454854,7093856
2010-10-21,263.0762023925781,263.41864935023244,258.36426009873287,259.9031230451014,9231920
2010-10-22,264.69744873046875,267.4500630029422,260.34962709410473,260.54469424727216,11345744
2010-10-25,261.74981689453125,266.5831483831539,260.96523024050475,265.1873469668439,5224432
2010-10-26,261.2902526855469,263.84346035478706,260.32357401939527,261.82342768938645,6925872
2010-10-27,258.3729553222656,260.9565157580152,257.24590060304496,260.2629436231102,9072696
2010-10-28,257.5624084472656,262.94191148971237,255.58572322389475,258.70245941152484,18232152
2010-10-29,257.6360168457031,259.91613931239215,255.23452773038105,259.1358707153903,6886024
2010-11-01,260.23260498046875,262.85951381198225,258.6157233228991,258.6157233228991,4552944
2010-11-02,262.4347839355469,262.91595399932055,258.7718548651903,260.2630312239163,4998504
2010-11-03,262.20062255859375,263.9692230585196,261.3943407083379,262.85950339540403,3047536
2010-11-04,266.77813720703125,267.45871322577915,262.9461559865865,263.90415658323235,5514792
2010-11-08,261.4679870605469,267.37202765518623,260.6747224877533,267.37202765518623,5381520
2010-11-09,265.2740173339844,266.59180021074064,262.69045679302246,263.2799973649284,5266960
2010-11-10,267.2549743652344,269.1926497307179,262.6990899315275,264.25094891440517,9728432
2010-11-11,264.82745361328125,267.3720043389281,264.5110198567022,267.3720043389281,5586392
2010-11-12,259.903076171875,263.44895408037365,259.13580378321245,263.3839317140848,7499456
2010-11-15,262.69476318359375,263.98653271035914,258.1475354876633,260.3496183653565,5850488
2010-11-16,257.5710144042969,261.7367863029296,254.90943555057595,261.1299106804982,8375136
2010-11-18,260.43194580078125,262.85079083986653,256.50459013476006,259.13583736468723,7128224
2010-11-19,256.95111083984375,260.84377552496267,255.32121228034407,259.01015287436263,5664792
2010-11-22,263.8782043457031,265.98493409999764,257.60572357011705,257.60572357011705,8780144
2010-11-23,261.1385498046875,265.1872723336839,258.35124448390127,262.5083376435782,4579872
2010-11-24,259.7341003417969,263.11526468090096,255.776412601072,262.1616029442306,4038888
2010-11-25,265.66839599609375,269.7127787637539,260.5706381816039,260.5706381816039,18331976
2010-11-26,263.7351989746094,269.10604509368477,262.4260728274438,266.1583628987153,9515792
2010-11-29,265.6337890625,268.38206441851906,264.52406941153134,265.7248246385899,4964328
2010-11-30,264.51104736328125,267.25932244877373,261.1472186011463,263.86082354970387,9072544
2010-12-01,264.6324157714844,265.8548450156087,263.1239049803921,264.4070175476266,4624096
2010-12-02,268.629150390625,269.5741339329656,262.863832171817,264.944548521462,7197360
2010-12-03,270.92657470703125,272.9119161800289,269.01925162109376,269.3660376367188,6647816
2010-12-06,272.52178955078125,275.38277425987616,271.01327880698693,271.3600648323318,6023648
2010-12-07,275.5735778808594,276.9953923988594,272.24441868098046,272.7342667381168,6085496
2010-12-08,271.4598083496094,274.31647570300504,269.9729714530545,273.8743149711622,6951112
2010-12-09,273.2197570800781,275.87701824769266,272.3267786471867,272.66056873196464,7931128
2010-12-10,272.59552001953125,274.1343831761971,270.3024014080377,272.6605424064326,6125120
2010-12-13,272.68646240234375,273.64878069992164,266.5916951864796,273.00723516820307,6849080
2010-12-14,273.8439025878906,275.17470238440296,271.0826316483352,274.28172416423155,3933584
2010-12-15,277.7279052734375,278.2090750930679,272.80787878184145,272.80787878184145,8254392
2010-12-16,285.5176086425781,286.0984710019907,278.2957854292091,279.11072412257727,8509144
2010-12-20,290.4289245605469,291.62967950494715,281.93700695155263,281.9456850676676,11346320
2010-12-21,288.6343688964844,292.1325816987441,287.0564965767604,290.48100887575004,8059840
2010-12-22,288.9161376953125,291.27427868198293,287.2905780308603,288.2659138295316,5927280
2010-12-23,291.98516845703125,292.3406326155763,288.6343568017222,289.9131303281397,6231504
2010-12-24,292.1802978515625,293.1903251110182,289.74413809378115,290.17328167779306,3620064
2010-12-27,292.7655029296875,294.0572939230173,291.04025045362914,291.04025045362914,3691760
2010-12-28,293.26397705078125,293.89686588462644,291.6037471471276,292.25397105187074,2554440
2010-12-29,295.19293212890625,296.06857532766355,292.26260708639336,293.1208940506092,3802920
2010-12-30,298.8385009765625,299.44971554406504,294.9414974756541,295.63506948617885,8991688
2010-12-31,298.4744567871094,299.18970310720044,295.2146590315095,297.62916568154714,5859728
2011-01-03,299.8269348144531,300.8109276706099,297.16967363136695,298.58283121792095,5048544
2011-01-04,301.82965087890625,303.35117931820423,299.7099248079543,299.7099248079543,8119288
2011-01-05,299.93524169921875,301.44375244257054,298.6781423577125,300.4033943668412,3523160
2011-01-06,301.54345703125,302.83090866796636,298.59145780609043,301.7038540408024,4691840
2011-01-07,292.2323303222656,303.00437424202875,290.9839087489282,300.26043751685296,8550928
2011-01-10,294.3996887207031,298.50909503606545,290.6067162163872,292.60073604722754,10390408
2011-01-11,288.3265075683594,296.7967502614983,285.0667323004727,289.56627158712405,12319416
2011-01-12,292.8001708984375,293.90121250556894,287.6763979307769,290.43335159104896,10035400
2011-01-13,277.8796081542969,286.0117438120687,276.99530811747786,285.49156482968846,22352872
2011-01-14,277.8016662597656,284.18251750076996,276.12841917252456,276.22811170514075,10321640
2011-01-17,283.39361572265625,284.5119924704096,276.67029572492504,277.42889034696753,8218616
2011-01-18,288.0924987792969,289.19354020796993,281.7636536360863,281.7636536360863,9797168
2011-01-19,281.7289733886719,287.31221988928627,280.5325573767862,286.7183403587867,6935088
2011-01-20,285.74298095703125,286.73999068984176,278.9980103062319,280.2030831690001,7231848
2011-01-21,281.23046875,284.19114595602707,280.11641018423535,283.58427041554745,4626824
2011-01-24,284.76763916015625,285.2314738835341,279.7956077786163,280.8966490524773,7501360
2011-01-25,282.6002197265625,286.51891820943075,280.5541951567966,283.0640544384215,9925912
2011-01-27,277.1600341796875,283.4108603366512,276.1717025397377,283.4108603366512,12710648
2011-01-28,274.6675720214844,283.3719153497669,272.2834177158428,277.9317087068938,12684296
2011-01-31,270.293701171875,272.0969927876049,267.56276114548996,272.0969927876049,7749368
2011-02-01,267.8228454589844,271.2213443035549,263.82614918197146,271.03929433835646,10301688
2011-02-02,267.82720947265625,274.3077739812201,265.72481897991145,269.8862517078187,9174728
2011-02-03,270.2850341796875,273.3540820098217,267.5627512056278,268.88053385681144,6049408
2011-02-04,264.2422790527344,270.81387861190956,262.37830412518997,268.6724790911679,6959880
2011-02-07,267.6711120605469,269.9642303154471,265.37799380564667,266.5830667223663,7341128
2011-02-08,268.46441650390625,270.49310633496253,266.3316739298093,268.7591761661487,6023992
2011-02-09,271.4207763671875,273.9349753122835,265.97623097009614,267.45874984900587,7504144
2011-02-10,264.7017822265625,269.9729343101624,263.6440890292883,269.2490099793871,8252152
2011-02-11,263.63116455078125,266.04565032913376,261.85388559926156,262.7078337616456,11214152
2011-02-14,269.15362548828125,270.34570237293667,263.600710385077,263.9041481375347,6979048
2011-02-15,269.32708740234375,271.2734201078885,266.5181073611763,268.75922094421685,4599952
2011-02-16,269.019287109375,270.8139007437471,267.1206418898196,267.22033441600746,2920384
2011-02-17,269.9165344238281,271.1866295773572,268.94985582907384,270.3630128954567,3392984
2011-02-18,268.7851867675781,272.66051642438845,267.8141901156063,270.926586272246,7102304
2011-02-21,274.4161376953125,275.50418316638167,266.6784739122601,268.7591902236691,9398952
2011-02-22,272.3874206542969,274.5678292722102,269.97291454173114,272.24435872243834,6085648
2011-02-23,266.9212341308594,269.27069698341114,266.162639625986,269.27069698341114,7076384
2011-02-24,260.8525085449219,267.0252968891301,259.6560922671899,264.42440114021,16486520
2011-02-25,260.7224426269531,263.7871518363618,257.1418722029021,262.100908795704,10366720
2011-02-28,259.838134765625,271.7762407026932,257.263231325393,261.99686953257714,14514472
2011-03-01,267.23321533203125,269.4526536353779,260.7830058350118,262.6903283510924,8377632
2011-03-03,262.3522644042969,265.2045705409142,260.17617397622865,265.1265521641234,12571856
2011-03-04,265.48199462890625,267.8921613493541,264.25090867081923,265.8981420253945,9770912
2011-03-07,263.79144287109375,266.5917441238993,262.3002672672706,263.21058053988884,7357728
2011-03-08,270.1723327636719,271.5334637093189,261.84078985837004,262.71209399909435,8514512
2011-03-09,268.3689880371094,271.6027713864031,266.244924006449,270.4930520677698,6676440
2011-03-10,267.9139404296875,268.75923156121064,265.5081118245831,268.32574892966034,3438200
2011-03-11,264.762451171875,266.9385419386424,263.99086073503287,265.98488037276877,7278272
2011-03-14,268.8284912109375,269.4527017307545,262.7467194937486,263.1238577068339,3557952
2011-03-15,262.7034606933594,265.1959857295274,260.6097481294355,262.8638577273614,9037824
2011-03-16,262.7684326171875,265.41701511928113,261.82778822301856,262.2569316962026,5594720
2011-03-17,258.242919921875,260.0028635113155,257.57536095102313,258.71109382961697,8321376
2011-03-18,254.9831085205078,259.63870677373137,254.24618820142328,258.3685902299784,7468000
2011-03-21,253.35313415527344,256.361497854256,251.79693653307777,255.87598908750377,6607096
2011-03-22,255.15219116210938,256.33992922375387,253.5006182633825,254.46727597122006,5119744
2011-03-23,259.5130920410156,259.9855839427124,253.76076824384978,254.4326664173687,7266720
2011-03-24,260.3322448730469,261.1471834766648,258.2471898913888,259.4782759129521,8189232
2011-03-25,274.2253723144531,276.1283562822919,263.5617026683866,263.90414961484976,12662792
2011-03-28,272.1880187988281,273.7485559019737,269.604458694837,272.14033148744863,12056632
2011-03-29,275.1184387207031,276.4492177409345,271.2691001340865,271.5335287807194,9860592
2011-03-30,274.906005859375,277.73232107376606,273.67058036372924,275.0013805044439,5608128
2011-03-31,281.0094299316406,283.0641331889414,274.29910669326495,275.86832214615976,18839928
2011-04-01,279.0024719238281,282.3056186849194,278.12251047715057,280.4719952634137,5588288
2011-04-04,284.6376647949219,285.7517235184211,279.24948466408813,279.5962707363192,7375992
2011-04-05,284.64630126953125,285.49159219692876,280.12508698072725,284.1001090524466,4302536
2011-04-06,283.94403076171875,286.011750733171,281.9413543307749,284.2778207499448,6766920
2011-04-07,281.4082336425781,282.7953780012289,280.6973263919983,282.7953780012289,3800288
2011-04-08,279.795654296875,283.03375628435253,278.0747200863717,281.0700887758632,4832928
2011-04-11,281.035400390625,282.78666556659886,275.78158369656427,277.0213479570982,8000064
2011-04-13,286.6360168457031,287.58102156939157,277.0820650197401,278.38251275919447,11068904
2011-04-15,259.1792297363281,285.9771307973653,258.1388715637789,285.76470740422354,81019736
2011-04-18,251.9487762451172,257.22858607731445,249.68598850780776,253.06715293551767,41086712
2011-04-19,250.32318115234375,253.7606893696964,249.77264983740872,251.9400626266955,19210632
2011-04-20,252.05279541015625,253.8387310124158,250.6396379088839,253.06714045521693,17949856
2011-04-21,252.28684997558594,254.93109359216854,251.5152594850722,253.041105396924,23953696
2011-04-25,255.00042724609375,256.9640945628776,252.06140310924482,252.72030499524178,15527240
2011-04-26,255.09152221679688,256.18388570391886,253.15384646659695,254.45429430803495,18230880
2011-04-27,256.02783203125,257.0248420597699,255.10452251477378,255.32126382532158,9981328
2011-04-28,253.947021484375,256.44822374905795,253.2404535398912,255.66795531980117,23419304
2011-04-29,251.96173095703125,253.93407654989917,250.37518059855122,252.28684286794353,16254336
2011-05-02,253.37481689453125,255.23445226767046,252.28677177273133,253.07137919652283,13468184
2011-05-03,252.3778533935547,256.3745493887728,251.41551376628826,253.15378284404431,13234040
2011-05-04,248.79734802246094,251.85340047225333,246.45654189070504,251.50661437865986,16924400
2011-05-05,246.95513916015625,249.59070598963,245.9581287686022,248.58503864218798,12661232
2011-05-06,250.81297302246094,252.28681351377855,246.91163054544376,247.7699174239325,11930664
2011-05-09,252.16116333007812,252.89374467879546,248.60226700940896,252.2868690487812,4938200
2011-05-10,249.69021606445312,253.57854072024588,248.9923051263978,252.0873654102366,4873368
2011-05-11,251.9443817138672,253.50057973998716,249.68159447476677,249.85932654262757,6410072
2011-05-12,249.7943878173828,252.20021662846565,248.99244488035524,251.23787663757415,4996480
2011-05-13,249.5429229736328,252.4602522434371,248.92736924930247,249.9633883726364,8282336
2011-05-16,247.11976623535156,249.3392057403883,246.42187614246333,249.3392057403883,6469368
2011-05-17,246.5778350830078,249.45183667696946,244.8265700654225,246.94629519765903,7570472
2011-05-18,246.4348907470703,249.88975599321913,243.0103777533995,247.08511473321033,10176496
2011-05-19,246.7772979736328,247.92602683036344,245.83665345856122,247.92602683036344,7455960
2011-05-20,247.07203674316406,248.2727706061536,245.53749171210865,246.6515502385165,8023672
2011-05-23,245.9623565673828,247.32782670335607,245.16475284816963,246.89868317956424,6778880
2011-05-24,246.60813903808594,248.28572440395445,245.6111295113016,245.6111295113016,7625464
2011-05-25,241.7662353515625,245.15173859724985,238.9876288952492,245.15173859724985,11075416
2011-05-26,242.4561004638672,244.30733937574152,240.83625842133682,243.97987890834486,8476176
2011-05-27,243.4123077392578,245.11510235842036,241.01093071223377,241.01093071223377,6264944
2011-05-30,242.809814453125,245.0365461121556,241.09827884640882,245.0365461121556,6867352
2011-05-31,243.25070190429688,246.07560246159036,242.45607737052484,243.8925328868779,20410608
2011-06-01,245.51235961914062,246.5995239364268,243.10661283251142,243.97984060849026,8105864
2011-06-02,244.77015686035156,246.2502739238516,242.4953938604737,242.75736223698846,7117288
2011-06-03,245.91847229003906,248.24126736560493,245.45565717269173,245.46439798056463,6293384
2011-06-06,247.8134002685547,248.5163531707265,244.08035004619435,246.42497608189169,3769264
2011-06-07,252.58555603027344,253.58539777352667,247.1278813192385,247.1278813192385,7978664
2011-06-08,250.7647705078125,252.5548871226463,250.37618848205776,252.27545854901555,5945968
2011-06-09,249.8741912841797,251.6206472777787,249.2673020902126,251.6206472777787,4221616
2011-06-10,249.94833374023438,251.5594345474958,248.97467208472582,250.4853602363098,7187264
2011-06-13,251.28004455566406,251.68171655911488,246.22404271572,248.73894308656403,7733184
2011-06-14,250.8173065185547,251.79531770760687,250.15801505214733,251.29758196415617,7870104
2011-06-15,247.61248779296875,249.8959700019837,246.85276253855312,249.8959700019837,7335880
2011-06-16,244.52992248535156,247.0360813658361,244.0714780077373,247.0360813658361,7628960
2011-06-17,241.8535614013672,244.7963565356376,238.50474513252183,244.51255746273338,8525168
2011-06-20,236.6055145263672,242.73557127653905,231.62374415361808,241.73572940630123,12458152
2011-06-21,238.14234924316406,240.5742975848416,235.18648545627795,237.7799681755077,7542816
2011-06-22,240.57862854003906,242.90577209204548,239.44780280643204,240.39961257779902,5625000
2011-06-23,242.67877197265625,243.55199986458183,238.87148983624456,240.13767027953665,4158768
2011-06-24,249.73880004882812,251.2887795157941,243.71789815785846,243.71789815785846,11219288
2011-06-27,250.70811462402344,255.24452955640228,246.27211237818798,247.26758371267974,10724296
2011-06-28,250.20594787597656,251.21453017654113,248.3285082404544,250.62073105126635,4486792
2011-06-29,251.64239501953125,253.8472949845675,250.44170691975904,250.44170691975904,4800752
2011-06-30,254.14862060546875,254.89523475525078,251.620629992208,252.01795296726547,11341840
2011-07-01,256.21820068359375,259.3443613776333,255.3406235454264,256.29243359572814,6402464
2011-07-04,256.6372985839844,259.9599348671729,256.29237784183823,259.05613550117096,4114592
2011-07-05,258.1654968261719,259.3399842634439,255.5065217369762,258.2135286316605,6423728
2011-07-06,257.9252624511719,259.56256439480387,256.47571725516445,257.34020415378785,3440224
2011-07-07,261.5927734375,261.96826554859274,256.99086850316945,258.056201852594,5751472
2011-07-08,259.9206237792969,264.05534460029736,259.10851766553077,261.9683386962987,5669792
2011-07-11,255.08290100097656,259.8813042666346,252.23619149103305,257.94272171783854,9206520
2011-07-12,243.76596069335938,248.8699739657968,239.85826548810695,248.8699739657968,29652656
2011-07-13,242.5215606689453,245.1456144664635,241.10256549680568,241.53480899312675,13338168
2011-07-14,239.2949676513672,241.36014268909173,238.47849120257217,241.0326822928963,10891224
2011-07-15,238.50917053222656,241.26855859361748,237.51804809070035,239.6137955738536,6392624
2011-07-18,236.94163513183594,239.5482287789455,236.41334934040273,238.82781580622105,9408656
2011-07-19,240.1813201904297,241.18553221813008,237.2254353899741,237.60529803241562,8324424
2011-07-20,240.3516082763672,242.1286355746032,239.70105775682796,242.1286355746032,6222712
2011-07-21,241.71824645996094,243.15033182421575,238.98503860983604,239.71854158781193,5897088
2011-07-22,246.97059631347656,248.34592978538933,241.8840455364024,243.1327652699457,7749624
2011-07-25,245.18055725097656,246.69124574252632,243.7266413628758,246.07561582521663,7404256
2011-07-26,244.66099548339844,246.599557143309,243.4122753317896,245.28971530295857,6848736
2011-07-27,244.21124267578125,247.63866176995938,243.73533779148002,244.59110529408878,8506440
2011-07-28,240.2337188720703,242.2246612860891,238.78415213438677,241.4474970384273,9481376
2011-07-29,242.39926147460938,242.9712298648311,237.98946172133577,239.35170542025804,9757592
2011-08-01,245.82235717773438,246.58206107109933,242.76605999370744,242.76605999370744,6094952
2011-08-02,240.2206268310547,244.3772001963145,239.7010604901574,244.3772001963145,4932528
2011-08-03,238.6182403564453,239.23821931133887,236.51375280260044,238.8278065036412,5646088
2011-08-04,236.57052612304688,241.00652808364313,236.12082228573271,239.26444270077945,6529888
2011-08-05,226.27081298828125,230.8465400526332,220.49004845690254,230.8465400526332,15758072
2011-08-08,215.73097229003906,218.3069948290215,212.2817217717405,218.3069948290215,16170240
2011-08-09,207.3523712158203,213.0632741445466,205.22605238297365,205.2959148908968,16849744
2011-08-10,213.68760681152344,216.24614748981998,210.543986388075,213.7661887944935,13955960
2011-08-11,213.12002563476562,215.59998452739094,210.88018311343856,212.36904105735715,8206232
2011-08-12,207.40904235839844,217.25905523578967,204.54050210942788,217.25905523578967,14098080
2011-08-16,209.5135498046875,212.91476781354993,207.15583475046176,212.1943548803143,10146704
2011-08-17,213.8490753173828,215.29427130297594,209.22533929909972,209.22533929909972,8531328
2011-08-18,205.56658935546875,215.52138745851246,204.5972978546614,215.2506782807257,10674664
2011-08-19,194.26698303222656,198.5720003196753,189.63015623834818,198.5720003196753,28899200
2011-08-22,191.63858032226562,196.0483806848054,189.92704531730826,193.32389291054056,15708072
2011-08-23,198.82958984375,201.073780915178,191.5861698640642,192.21925998781737,17143440
2011-08-24,196.55482482910156,199.52816956818378,194.72978736748735,199.09592609770007,8606144
2011-08-25,190.66058349609375,197.7948729559884,188.74822279896046,196.49375050936803,26853752
2011-08-26,192.33279418945312,196.72948339015582,190.59505806847116,190.93125930054885,21021960
2011-08-29,200.51492309570312,201.9120875026846,194.90443477391807,195.51569420197245,11222528
2011-08-30,204.59292602539062,206.0817838547596,199.09596067324233,203.54942295145958,12142920
2011-09-02,202.51904296875,208.26488774131283,198.6855803970621,208.26488774131283,14960904
2011-09-05,197.79483032226562,200.29224894814357,195.620480387809,200.29224894814357,10902544
2011-09-06,201.06503295898438,202.58881091520792,194.05301080013825,196.8167677317774,10816696
2011-09-07,200.0957489013672,202.09108264219728,198.01746279622344,200.6589764811158,13157432
2011-09-08,204.199951171875,205.5578246683046,200.75507175549376,200.84239453572667,11027872
2011-09-09,198.5981903076172,203.2961598394881,197.43679314296884,203.2961598394881,12392104
2011-09-12,191.9748077392578,193.625221470827,190.42045761647825,192.80874475324467,8198264
2011-09-13,194.03561401367188,197.32330860123398,191.73902032279344,194.1273072089791,10365216
2011-09-14,205.35260009765625,206.68427244751078,196.38892556215208,196.56357111623137,17236880
2011-09-15,210.439208984375,212.06342160582315,203.46212573257893,207.65362016827154,13703456
2011-09-16,209.15115356445312,214.6306581555131,207.26936466052322,214.6306581555131,11304104
2011-09-19,206.3131866455078,210.58765438269714,205.7412394113267,209.4873786723912,6558432
2011-09-20,212.7663116455078,213.06757095538737,207.40468047020832,207.56623613153926,9008904
2011-09-21,212.68772888183594,214.36869246245382,211.32113584910502,213.06759151727945,7402480
2011-09-22,205.43557739257812,210.6050816201443,204.04276201914843,208.1775041120768,9037856
2011-09-23,204.23057556152344,208.68403850670194,202.67622540704457,203.28748502697104,10448432
2011-09-26,205.64517211914062,206.51840002622828,200.9384822275545,204.771944212053,6544288
2011-09-27,213.42999267578125,215.56940107112658,207.5837360388397,207.5837360388397,10341024
2011-09-28,215.70907592773438,221.79983922940806,214.15909673626902,216.56047294839843,20061760
2011-09-29,222.76914978027344,224.41517137112214,215.7964173574661,216.73513723064477,23256344
2011-09-30,221.19296264648438,223.8955983076464,219.02298312903136,221.09252866237338,10730656
2011-10-03,216.20245361328125,219.87875102822264,215.48641111043602,217.43371328843304,9885128
2011-10-04,212.93663024902344,216.7133410377338,210.76230123585637,214.13294824661017,7838480
2011-10-05,213.67445373535156,218.2196083041737,212.0284322664557,214.63500423208862,10771856
2011-10-07,219.06663513183594,224.8473984081856,217.22848650669482,223.54629762540225,18457728
2011-10-10,226.16163635253906,227.11781655744656,220.78691482394393,222.2364815415752,16946432
2011-10-11,218.70431518554688,226.6026578993876,217.43376422715804,226.46293289676532,22339248
2011-10-12,233.96835327148438,234.72368696568753,226.60266654611576,226.60266654611576,34633704
2011-10-13,235.4833526611328,238.30388291176743,234.4616803290933,237.43065505206877,18041536
2011-10-14,239.59190368652344,240.72272954672098,234.57521369364238,236.7408231370134,19600992
2011-10-17,239.8363494873047,241.43870946712448,237.53538605384918,241.10690000841697,14145496
2011-10-18,235.90687561035156,237.9545906680726,234.69744650264303,235.76278022274357,10518136
2011-10-19,238.19473266601562,238.8278228728999,235.86758891591208,237.692626639866,10135320
2011-10-20,241.25035095214844,242.0801098268477,235.9820134151115,236.37274416172434,5573680
2011-10-21,239.06396484375,241.37765152608858,237.68981545330004,241.25033766334042,6858312
2011-10-24,242.98455810546875,243.64310042239703,240.69282226778859,241.465516207036,6075592
2011-10-25,251.0099639892578,254.54853536012388,246.82163949544955,246.82163949544955,15677584
2011-10-28,251.00558471679688,260.9012975142675,249.81144087254594,256.4802749565933,24868784
2011-10-31,252.6650848388672,254.43875420689827,250.7728693002852,250.7728693002852,10291624
2011-11-01,249.0695037841797,252.3622155060837,247.43631019534521,249.3680344055289,7906192
2011-11-02,248.87635803222656,250.58856842907824,247.38366178881736,247.61196508316922,5317856
2011-11-03,246.04017639160156,249.54361262461663,242.97574689306558,248.8411675503742,10779624
2011-11-04,248.13426208496094,250.3250077917353,245.11375764173061,249.80696326167111,7643688
2011-11-08,249.55247497558594,250.07051979505277,245.05243489851554,247.17732758410742,6107336
2011-11-09,248.95530700683594,251.76069259773138,248.0509047305227,249.80701733038478,6679648
2011-11-11,243.72207641601562,246.5318565012225,229.23414785166753,229.23414785166753,9441224
2011-11-14,246.62847900390625,248.70067918764732,245.68017383111203,246.7470037524285,4633040
2011-11-15,245.7064971923828,247.6118750641804,244.23575289900515,245.86455161278676,5098024
2011-11-16,243.95046997070312,246.2070711499917,242.19435676706553,245.41682020835478,6552648
2011-11-17,241.7728271484375,244.8899273350253,239.96402240905655,243.07235489389265,6366984
2011-11-18,240.6576385498047,242.7342328100879,238.83127743497712,239.80153378694035,4737896
2011-11-21,234.44985961914062,240.13527509238992,230.60396810815223,238.83135269865855,9365792
2011-11-22,239.1824951171875,242.7737361937761,228.2945988636885,228.2945988636885,14859512
2011-11-23,232.9175567626953,236.1575968281907,229.81803569331169,234.88002083867528,12792816
2011-11-24,234.10736083984375,235.6703053039831,227.11804572055178,231.89466330395655,13231776
2011-11-25,228.26824951171875,233.12390423380253,227.50434496037,233.12390423380253,8022528
2011-11-28,231.4688262939453,232.67615382820736,229.3878369404566,230.0551683705272,7290208
2011-11-29,228.11465454101562,230.757612837964,226.64830466360334,230.2439412773226,10659368
2011-11-30,228.89614868164062,230.48981252490012,224.8702513814359,226.62636423876847,11640232
2011-12-01,233.15464782714844,236.27174715245755,230.9814588609118,234.79221396835362,8125208
2011-12-02,236.5616455078125,238.43191063144002,232.5006331286504,232.77283928991835,9451408
2011-12-05,237.1762237548828,238.63380612476737,234.8976714167736,236.19719932871834,7468184
2011-12-07,242.2514190673828,243.43240089577364,235.6747837706552,237.5143080427876,8070392
2011-12-08,239.13426208496094,242.16795118505178,236.73279073213635,241.2020891607459,7295584
2011-12-09,237.97964477539062,240.56991131208255,233.58057337050985,234.27862396335198,10570752
2011-12-12,240.609375,241.992313657513,236.88203033427774,238.82252187409568,11025800
2011-12-13,241.65863037109375,242.77375749137013,237.8390857858006,239.82350143246788,9648336
2011-12-14,240.609375,242.980126984308,239.27033915701122,241.46547988322232,9857632
2011-12-15,238.5107879638672,240.09128901454324,234.00196111397725,239.38444953505186,10053168
2011-12-16,239.22642517089844,244.87233114244057,236.36834779145613,236.63615923493165,13669288
2011-12-19,235.0029754638672,237.38691113899577,233.19419237952602,236.19714058583534,12064432
2011-12-20,234.33131408691406,236.9127914640524,232.78155303409287,236.19718403514713,10484608
2011-12-21,240.85089111328125,241.88700204125578,235.31913532030396,238.74355557309943,8422920
2011-12-22,238.90597534179688,241.28988980494773,232.684937402879,232.684937402879,12707136
2011-12-23,236.61424255371094,240.5874476657085,235.60447771861766,240.5874476657085,7045296
2011-12-26,243.7352752685547,244.71429950306432,236.28495872362615,236.28495872362615,4236568
2011-12-27,242.2908172607422,245.76792835891558,240.2581257492257,242.78253730346609,6178200
2011-12-28,244.2753143310547,246.20703859966835,241.60163661938142,243.13384089960118,6851248
2011-12-29,240.77188110351562,243.65188926995248,239.80162438498542,242.16798236179537,8837168
2011-12-30,243.01524353027344,243.66062348616754,240.7191348783165,240.93864895352928,5308816
2012-01-02,246.64170837402344,247.31780767961465,240.76312362896604,242.27337671810037,5826176
2012-01-03,251.50169372558594,253.4904828555875,247.61189966683924,247.97191135814546,8903008
2012-01-04,250.63241577148438,252.44122057016554,249.460223313774,249.8070513120421,7341424
2012-01-05,249.38121032714844,252.52905148035106,248.6173054532406,249.29779924634653,7125272
2012-01-06,248.6787567138672,251.79148407631396,246.83046497817014,249.19242832800282,7087632
2012-01-09,249.06507873535156,251.67729638172725,247.3660311199986,250.02654615310362,8265784
2012-01-10,251.4402313232422,252.47632069292143,250.2636229223156,252.00217882669273,11179176
2012-01-11,248.1914520263672,254.1885606065882,246.99728664449944,251.82659726143774,13795800
2012-01-12,227.26290893554688,241.46546878112775,226.36729584781546,241.46546878112775,48970600
2012-01-13,226.90725708007812,229.96289664940085,224.1018720784396,229.87509103785086,20898944
2012-01-16,231.82005310058594,232.1581133911482,226.45953589969784,226.64830945192938,13188736
2012-01-17,233.74298095703125,234.68689147681815,231.2668664855327,232.68491883118818,8740424
2012-01-18,229.3527069091797,232.15809258323029,226.97756026007954,232.15809258323029,9700424
2012-01-19,227.8292999267578,230.2966470949749,226.24003063441467,229.69956442910453,9652336
2012-01-20,227.3112030029297,229.1463319641456,226.21363270628868,227.94339920641096,11635712
2012-01-23,228.321044921875,229.65568656674517,227.32883675064167,227.41664240407954,5160864
2012-01-24,230.1210174560547,231.7717677170241,227.85562773683566,229.87515738537022,5653208
2012-01-25,234.07225036621094,234.88005786662967,230.48977641117867,231.36783270226886,10545360
2012-01-27,239.27037048339844,240.14842688884212,235.86350734289223,237.250840750878,12218872
2012-01-30,238.15521240234375,239.28789644442554,236.19714258350518,236.97860410873417,9588456
2012-01-31,241.1142120361328,241.87372200984103,237.60198753451397,238.1288212097568,8658896
2012-02-01,240.82449340820312,241.289867527427,236.6932342928839,240.56107652225614,6269336
2012-02-02,242.08006286621094,244.3630086893961,239.70931143444176,240.59615665590707,11538256
2012-02-03,244.38504028320312,245.15333961042057,240.59184103506834,240.59184103506834,11637200
2012-02-06,243.84498596191406,246.54938179841687,241.64984555116953,246.30354322194796,7937680
2012-02-07,239.48988342285156,246.29482053202517,238.2737667324426,246.29482053202517,7221640
2012-02-08,243.1469268798828,244.2752376847905,240.70594776499073,241.28984657002312,6671496
2012-02-09,246.72506713867188,247.79631313041372,239.87185386740146,241.37771206671098,10156840
2012-02-10,245.0127716064453,246.03132528230947,241.56640132902538,245.7679084458188,5177616
2012-02-13,244.8372344970703,245.89969130063375,242.0889351539436,243.68259892236523,5734008
2012-02-14,245.94796752929688,246.7250345031664,242.69476460636056,243.7484321806284,5477768
2012-02-15,251.48410034179688,252.44117308411288,247.17283555887923,247.17283555887923,7178328
2012-02-16,255.42221069335938,256.1905100388557,251.17242631704065,251.47535148588017,8256552
2012-02-17,258.8334655761719,261.48519157270107,254.6495140375775,256.063193392844,11457280
2012-02-21,257.994873046875,259.8958562193937,255.6241212142312,257.27047665356713,6049224
2012-02-22,259.2242126464844,262.89009828557005,255.09295280654894,255.09295280654894,10413120
2012-02-23,257.547119140625,261.8891254368252,256.05881774477666,258.0607907388119,10474960
2012-02-24,258.8553771972656,261.13392887976386,256.6997448150604,257.4460926279313,8536440
2012-02-27,253.17446899414062,260.34379286018986,252.17786613641326,260.34379286018986,6910568
2012-02-28,252.212890625,255.51439098709344,250.68068662278824,253.40705580369473,7950200
2012-02-29,253.1831817626953,255.34760376533634,251.4929231032894,254.10953560107941,8868408
2012-03-01,250.82997131347656,252.44121337185422,246.29481861149603,250.38217541451897,9806632
2012-03-02,249.86843872070312,251.56309140744582,247.0059884834185,251.56309140744582,6077656
2012-03-05,246.72064208984375,251.46214580349897,245.5659852677924,250.95726346361903,5780456
2012-03-06,250.4612579345703,252.88030822599305,245.9524500233235,246.30367267363738,10349688
2012-03-07,253.21829223632812,254.197316504053,248.93776747654485,249.54361779085272,7908568
2012-03-09,250.7114715576172,254.8997966887835,250.0704860384621,254.10954585509455,6644808
2012-03-12,247.38351440429688,255.95335042378426,244.187398809106,255.95335042378426,7294472
2012-03-13,251.1064910888672,251.98894176843007,249.5435469227978,249.7147635771806,7710424
2012-03-14,252.77926635742188,255.95343155650085,250.59289313651783,253.75829063406087,10602088
2012-03-15,253.04702758789062,255.08850841331198,252.04605201600066,254.19728987504683,6251360
2012-03-16,251.55870056152344,255.77776478642437,249.99575627647468,255.07531984365355,9031008
2012-03-19,249.1485137939453,254.6363665206842,246.8480102182813,254.19733830254506,6061528
2012-03-20,248.60842895507812,250.52696872164205,246.1191312716593,248.1386603545163,9225384
2012-03-21,251.76507568359375,253.75825910614375,247.6996709129521,248.70504104313386,6250664
2012-03-22,248.3406982421875,252.40170913049838,247.1114192705907,252.35341174065798,5664640
2012-03-23,252.23919677734375,253.12164753345047,248.52501481563345,248.75331799922478,5497736
2012-03-26,248.55575561523438,251.9143205369981,247.7084399679098,251.9143205369981,4922664
2012-03-27,252.5202178955078,254.9656134125201,248.6919050599306,251.12411686949892,7590752
2012-03-28,249.6402130126953,252.41485825621442,247.9631167854467,251.65095350817643,5919920
2012-03-29,245.1533660888672,249.22316639652385,243.02847372175708,247.65582702494623,14000208
2012-03-30,251.67726135253906,252.26555473892847,246.11916113234128,246.72501135593703,7963600
2012-04-02,250.26361083984375,253.6485222787104,249.45580330378755,251.47533286238914,4851584
2012-04-03,250.98806762695312,252.67393189796655,249.59196630179994,251.67735058627773,5451584
2012-04-04,250.34263610839844,252.43678748695189,249.71920757098798,250.15823571369364,5254144
2012-04-09,247.85336303710938,251.0670579415778,246.94456611500715,249.14849618910563,6541568
2012-04-10,243.3445281982422,250.03970786517664,240.3240229298303,249.5436146023302,7243056
2012-04-11,246.2421112060547,248.05091583969005,240.86841069719526,243.12940577077828,8179640
2012-04-12,241.52255249023438,248.65238694058374,240.4513280698613,247.8533471165861,11805608
2012-04-13,210.95741271972656,221.50725019317625,209.77643132797184,221.09456803506203,75255568
2012-04-16,207.62081909179688,213.0647684766158,204.85494158176792,210.73352457363544,33491480
2012-04-17,209.03884887695312,210.64569611511106,205.12273083175478,210.64569611511106,23687088
2012-04-18,208.20909118652344,210.95741157475652,206.7822497603638,210.73350294049814,19165328
2012-04-19,211.20767211914062,212.04622024564844,207.92374984750091,208.9686283602254,17113512
2012-04-20,211.38323974609375,213.2271577550404,207.44077600649447,210.27250723451965,11507520
2012-04-23,202.9099884033203,209.85542116821543,202.39194384633328,209.85542116821543,18136696
2012-04-24,206.30377197265625,207.64280815286114,193.02316723455866,202.88811928033837,53037912
2012-04-25,206.33883666992188,207.66031569353777,202.23831802162402,206.31688526234325,24638504
2012-04-26,206.88763427734375,208.8720502163276,205.67153908664895,206.343243624103,17137064
2012-04-27,209.9432373046875,210.5578766443499,206.7822349864237,206.95784622632726,14062464
2012-04-30,216.18624877929688,216.70429341812925,209.88619486813369,210.0310655819146,10869608
2012-05-02,217.0555419921875,218.46043223161914,216.1555341825516,216.44090251243617,10124688
2012-05-03,218.01260375976562,219.2726232036799,216.00186328203125,216.00186328203125,11400728
2012-05-04,214.41696166992188,219.338471697353,212.7881628869466,217.93358156638516,10800888
2012-05-07,214.03501892089844,215.01843772010602,207.91494916998025,211.5237692500108,10710000
2012-05-08,210.1979522705078,211.41406918635715,204.51253601889672,210.29454706731406,11526640
2012-05-09,207.7700653076172,210.27692025090516,206.57152707141918,207.92372515517698,10498144
2012-05-10,205.83396911621094,209.4032811076439,203.91103424863786,207.9237475555474,9084024
2012-05-11,202.9451904296875,207.2213210296517,201.25493177298378,205.81643071758626,8901312
2012-05-14,205.37298583984375,205.94811703688146,202.31297232010206,203.72663018243955,7918416
2012-05-15,212.06814575195312,213.2798676902742,202.39196995721778,202.39196995721778,10267152
2012-05-16,207.9632110595703,209.41639832062543,206.69442417054603,208.80175899641395,8589288
2012-05-17,208.14759826660156,208.7534484159522,206.0270798700403,207.96319790623377,5807416
2012-05-18,209.22772216796875,211.17260893117057,202.14178836946746,204.1788967985125,5938160
2012-05-21,205.5046844482422,209.4603324056643,204.06028610805444,209.40764045238242,4776760
2012-05-22,205.56173706054688,207.92809413435748,204.02951190534125,206.78222655333437,5823208
2012-05-23,206.18521118164062,207.6427934625625,202.5851797387354,206.7822938546782,5402032
2012-05-24,211.9358367919922,212.65687560143422,205.900361410513,209.10503629627974,7612048
2012-05-25,211.22805786132812,212.30962651069623,209.28744560782113,210.35121486154097,4313728
2012-05-28,212.38092041015625,213.46694472309667,210.31568992876126,213.11086975274955,4725784
2012-05-29,214.49066162109375,215.87045213992624,211.68657121185345,212.84381487280976,5144760
2012-05-30,216.52027893066406,218.8792754674717,212.99512824280222,214.268100531924,8051488
2012-05-31,216.2576141357422,227.1757503403306,212.85264844196567,214.35705596376022,21626352
2012-06-01,212.68357849121094,216.44907570324037,212.13166662587776,214.98026642949844,6543040
2012-06-04,212.36314392089844,213.32009550695534,208.74897388869252,211.33051770224137,4812088
2012-06-05,212.65240478515625,214.70426915347056,211.3927766984392,212.30967397669633,5992720
2012-06-06,215.0247344970703,216.6137274630326,213.3244681226537,213.39568745068198,8777184
2012-06-07,218.35848999023438,219.41782591991745,216.86297097562138,217.91785162217488,6647088
2012-06-08,215.35861206054688,221.55875933714196,213.00407045738714,221.55875933714196,5564824
2012-06-11,215.92823791503906,218.34065379112465,214.97128672626948,216.04842187383937,3553784
2012-06-12,218.81246948242188,219.8762388419428,213.84076526719457,213.84076526719457,4134680
2012-06-13,219.8851776123047,221.62993171176308,217.38374256117845,218.20716582845566,6157784
2012-06-14,222.3955078125,223.43702265515117,219.0751046829988,219.0751046829988,7883336
2012-06-15,224.55421447753906,225.39543717725806,222.79163917669138,223.4414802892627,6311512
2012-06-18,223.5883331298828,226.49480761760253,222.2352528208318,225.66247382367658,7117032
2012-06-19,220.49940490722656,222.991929468148,218.79913838850513,222.5468357965549,6414080
2012-06-20,219.8851776123047,221.21154801987242,218.35849332555372,220.76645436188477,6535976
2012-06-21,221.7723846435547,222.81389952363523,217.219063189544,218.630018869376,6536616
2012-06-22,220.27243041992188,221.16707315866938,215.99953063661897,218.073671753049,6414328
2012-06-25,219.71157836914062,221.47860892214504,218.8303016008292,220.31245482019548,7949448
2012-06-26,217.2412567138672,218.97712160299946,216.27541672566193,218.371811746077,10330160
2012-06-27,219.70713806152344,220.32135861047482,217.95790696239928,218.27392780318556,8677384
2012-06-28,220.17001342773438,222.27975283044887,217.94900062051926,219.43115367523285,7612976
2012-06-29,223.36582946777344,224.23821751094096,220.42821089776112,222.01274889729524,9364968
2012-07-02,222.4933624267578,224.22033849762693,221.7189039708045,222.81383848657228,5175216
2012-07-03,221.70562744140625,223.99340471472587,220.46382036397256,223.99340471472587,6428808
2012-07-04,220.7130126953125,222.97855657784476,219.787226671099,222.5468070788771,6390816
2012-07-05,220.7887420654297,221.47863733848968,219.20865934325997,220.78874206542966,5780464
2012-07-06,217.61965942382812,221.2115743647989,217.20573096583877,220.41040568500688,4887440
2012-07-09,217.02320861816406,219.77833396709386,213.82298961890348,215.5232560564024,7314680
2012-07-10,218.93264770507812,219.2798337789851,217.32587707496305,217.56176800743165,7054720
2012-07-11,219.96531677246094,222.76049664525223,217.6508294247944,218.0959231454995,16945880
2012-07-12,201.57403564453125,202.9627367470902,197.53259335166365,200.29217442147058,54271864
2012-07-13,198.49400329589844,201.0755469184337,197.44357775114497,197.44357775114497,26756504
2012-07-16,193.28639221191406,199.52659277191108,192.56978701681086,198.51178784120572,18441096
2012-07-17,193.2819061279297,195.66315701517073,192.48519288797485,194.49700302762344,13503128
2012-07-18,193.96290588378906,194.85309320113737,192.54751674244076,193.2819212792531,7873264
2012-07-19,199.8648223876953,200.29211658302287,195.24030430920664,195.84118065895572,10912392
2012-07-20,197.5102996826172,199.83813069043023,196.31300215622906,199.83813069043023,5153832
2012-07-23,194.87095642089844,196.72252905440232,194.2923345396551,195.84125211313065,3890800
2012-07-24,193.05047607421875,196.9094470318447,192.7344769430765,194.99554417868708,7153512
2012-07-25,193.0415802001953,194.06084035913344,191.39027833584262,193.5267279544753,7036544
2012-07-26,189.0579833984375,192.90358819347094,187.05060668737002,192.90358819347094,11975336
2012-07-27,191.2700653076172,192.63651136194488,187.76719169215804,192.4584739207601,9862488
2012-07-30,196.70469665527344,197.17650030284176,192.0623782646298,192.28046982128137,7166920
2012-07-31,198.24026489257812,199.04588878009935,194.5059333562241,197.17649537026836,6914440
2012-08-01,197.4925537109375,198.54741286687022,195.90801560186816,197.1765327993357,3047984
2012-08-02,196.35305786132812,198.22690641874968,195.39610654227144,197.44353727141598,2420032
2012-08-03,196.59786987304688,197.38569434548842,194.51484023482246,195.50739040465436,3095592
2012-08-06,197.33676147460938,198.9479877454796,196.49997221813396,197.81745401219663,3250784
2012-08-07,200.58592224121094,202.01911085142711,197.8085420237179,198.68981881717104,5465344
2012-08-08,203.28318786621094,204.29799273164227,201.1823370690682,201.360374535501,8039104
2012-08-09,203.1451873779297,205.76678450379185,202.5176010149801,203.87513658222338,6931096
2012-08-10,205.90478515625,206.61247973850814,201.5384119465672,202.78467421125444,5635688
2012-08-13,206.53236389160156,207.50265935407597,204.751989293969,204.85880742320927,4013928
2012-08-14,207.35580444335938,207.8587516159177,203.7950549510096,205.92704936293597,4044816
2012-08-16,206.11842346191406,207.24895703801892,204.83656238450357,207.24895703801892,3729624
2012-08-17,209.28753662109375,209.63915633712122,206.19413505730822,206.8795750859744,8493280
2012-08-21,214.4461212158203,217.1166831238629,210.5292970840245,210.5292970840245,12206136
2012-08-22,216.63595581054688,217.20566689934395,213.12415008015304,213.90306384464864,5149168
2012-08-23,220.51724243164062,221.03355552656942,215.80370398118643,216.76065554055438,14722856
2012-08-24,217.6329803466797,218.83918840108538,216.67157378278455,217.91783591629277,6724512
2012-08-27,214.7042694091797,217.78432620654203,214.14346878825182,216.33331653919402,7891360
2012-08-28,215.5277099609375,218.22498208329088,213.37791612004804,213.37791612004804,5666056
2012-08-29,212.60348510742188,215.60341263771946,212.08271672635192,215.60341263771946,5616416
2012-08-30,212.99513244628906,214.1924301391513,210.97886670129262,212.20732964603926,11175392
2012-08-31,210.23101806640625,212.39863224800425,209.61679768901425,212.39863224800425,5811064
2012-09-03,210.53819274902344,213.54700823265904,209.90615111561866,210.61830090735953,4321512
2012-09-04,210.1553955078125,211.1524008108927,208.66878725175596,210.11534143100428,2333328
2012-09-05,208.25494384765625,209.81722750813552,207.60955780631812,208.92703986491048,4013224
2012-09-06,215.60340881347656,216.12861073625902,209.23856829730664,209.23856829730664,7623384
2012-09-07,221.411865234375,222.01274174069002,218.1938464160133,218.54101081531437,6075696
2012-09-10,223.64614868164062,224.9502639961417,220.65511154746193,222.1906841845547,7337320
2012-09-11,225.17286682128906,225.74703325585259,220.28574747005325,222.54681441123645,5441904
2012-09-12,226.0808563232422,226.99329827381356,224.42955459290775,225.30639774596014,5083328
2012-09-13,227.4473114013672,228.50217031650473,224.1491630942092,226.00075703270917,5249704
2012-09-14,234.30621337890625,235.42783636315514,230.21135170361242,230.38047860131292,10627848
2012-09-17,228.2884979248047,235.81057945128,226.73067038973582,235.81057945128,9859272
2012-09-18,231.5199737548828,233.14011068911245,229.4903418696189,229.66837937300883,7184200
2012-09-20,232.97979736328125,235.45452220796335,227.58527579224378,227.58527579224378,11625136
2012-09-21,230.8522491455078,235.89960618403586,229.98877191477206,232.81511625301476,12293872
2012-09-24,231.4620361328125,232.32996872787584,229.23656794034238,231.4486920168928,8854032
2012-09-25,231.27513122558594,232.4279195092417,230.3849438663012,230.55852605474377,8849752
2012-09-26,230.49618530273438,231.44868129838343,228.52440753566722,229.4902693797048,8489904
2012-09-27,226.9398651123047,230.8255232489266,225.64018320679395,230.78101389234178,13822880
2012-09-28,225.65802001953125,229.6594074933671,224.87910615014377,227.97696222872528,9685224
2012-10-01,232.30772399902344,233.24687596310073,226.90874662601038,227.11349405510748,8826288
2012-10-03,229.51251220703125,233.15336912002897,227.93242994515796,231.91601761945824,7823624
2012-10-04,229.28109741210938,230.99470807059478,227.62536197155654,229.23215449405302,7164280
2012-10-05,224.93701171875,230.11344275321164,183.42756893661053,230.11344275321164,11632000
2012-10-08,221.4964141845703,226.36573468871032,218.98609018034048,224.75450860975764,8077440
2012-10-09,225.7737274169922,226.99773481057863,221.12249932136365,222.99189243156843,9084320
2012-10-10,222.91624450683594,225.0526940313459,221.62103936907246,223.17886714736102,5932104
2012-10-11,225.50225830078125,229.67279478693948,220.8732840162144,222.1907656592091,14966400
2012-10-12,213.2310791015625,217.90456364304373,205.72233857834505,209.1940699520168,56701776
2012-10-15,210.582763671875,214.71322497821868,209.44331932537193,212.37202750683753,14790120
2012-10-16,209.7014617919922,212.6657904678614,208.9270030255633,211.8557111621263,7282048
2012-10-17,210.98773193359375,211.77555637880565,209.83939902225288,211.5129554747644,5707320
2012-10-18,212.99893188476562,214.73688541276255,210.08739714304065,211.78055782885718,10192576
2012-10-19,213.51405334472656,214.73688920926855,211.95973294498515,211.95973294498515,10937200
2012-10-22,213.711181640625,214.8265192868071,212.16134457922473,212.16134457922473,4566864
2012-10-23,210.80410766601562,213.57229689308215,210.52638326289556,211.60141160296143,4743144
2012-10-25,210.05606079101562,211.16245288571923,208.74810088022087,209.89928582294473,11256776
2012-10-29,209.22735595703125,209.54090583750636,206.70104415150405,207.92836359506296,4736664
2012-10-30,211.2744598388672,211.87019603895607,208.37635348271112,208.37635348271112,5728256
2012-10-31,211.6909637451172,212.7211990743888,210.12769798934934,210.52634989463624,6517320
2012-11-01,211.8387908935547,212.31808307864267,209.72906541333256,211.60139756614092,7010976
2012-11-02,213.93960571289062,215.41776967164895,212.23747751795682,212.40768158884723,7049216
2012-11-05,213.07513427734375,214.16361381098795,212.09417509629054,213.49172096485398,4959200
2012-11-06,213.36175537109375,215.5879685739087,212.43007291954333,213.5722904966542,6815768
2012-11-07,215.3998565673828,216.25988806887034,212.77052929475366,213.39314555925813,4695264
2012-11-08,212.7929229736328,213.62159071962017,211.87018586596122,212.49728578184354,5229160
2012-11-09,210.4099578857422,211.87020936901493,210.07849512487948,211.87020936901493,5938920
2012-11-12,211.3282012939453,212.2285420327172,209.05273306170074,210.9743421220131,3696192
2012-11-15,205.71560668945312,209.36173958564245,204.14785724882466,209.19599732474566,9133048
2012-11-16,209.9306640625,213.84107121610958,205.2408438023071,205.2408438023071,13693104
2012-11-19,211.2924041748047,213.32151198318607,209.3304637848761,209.9889275751528,4036128
2012-11-20,208.2643585205078,212.95864050702608,207.19381376723888,212.95864050702608,5440304
2012-11-21,210.51296997070312,211.77163158287317,207.96423925913368,208.7078049578364,6989808
2012-11-22,213.44686889648438,214.2889656147628,209.18258140069864,210.34719534425713,5827312
2012-11-23,212.99449157714844,214.9161005234922,211.15798467396726,213.39314357939074,3477736
2012-11-26,216.56443786621094,216.8869550982309,214.176987980626,214.176987980626,3788056
2012-11-27,221.33486938476562,222.1725043088873,216.9631053455695,216.97653445005042,5717304
2012-11-29,219.05941772460938,220.31361743758126,217.37968596616486,219.48494977008198,10365096
2012-11-30,218.3069305419922,221.85451128125194,217.24981486532778,218.73246263404488,7050712
2012-12-03,218.51290893554688,219.7536793879904,217.18705833045036,218.3203084665848,5202984
2012-12-04,218.36062622070312,219.21617389730056,216.34943194196194,217.6036315474226,4510288
2012-12-05,213.4379425048828,217.6932634992089,212.99001397916427,217.6036777940652,13995024
2012-12-06,209.47824096679688,214.46815994630012,207.2968204827331,214.46815994630012,11011928
2012-12-07,207.94183349609375,210.39201107712597,207.0415147312926,207.92840439004019,9485912
2012-12-10,207.2610321044922,209.98891270971657,205.95755559711537,207.9239576366262,6829920
2012-12-11,205.51406860351562,209.27666780476537,204.5107131908172,207.48047024034344,11384424
2012-12-12,205.84999084472656,208.17921864881356,204.8152718113023,206.94293182465097,15359688
2012-12-13,204.57339477539062,207.26991076333374,203.5745012675728,206.490519680347,9967112
2012-12-14,204.1479034423828,205.60367110951302,203.00120207489528,203.62830199304366,8507992
2012-12-17,203.02357482910156,205.31697729667837,202.19042351782912,203.09076409821213,10961640
2012-12-18,203.44912719726562,203.73579706648263,201.1198989686752,202.46368448516967,8292000
2012-12-19,205.70217895507812,206.0381253017405,203.3640055052122,203.71786461606183,9991896
2012-12-20,206.0112762451172,206.9429587393231,204.07621645375673,206.59358327187286,8441728
2012-12-21,205.76492309570312,207.95528907897224,204.8645824394551,205.95752360144638,6924016
2012-12-24,208.04481506347656,208.59127455186734,207.21166392114037,207.93731662899825,4323992
2012-12-26,207.41322326660156,208.8152302589025,206.43674820844006,208.10751221177645,3263560
2012-12-27,204.94967651367188,208.64508648250106,203.95526653709288,208.53758802134578,8110232
2012-12-28,208.12548828125,208.33153976002296,205.01238528978115,206.23524318487455,7064256
2012-12-31,207.72238159179688,208.20615754914402,206.37859594057358,207.39091883879738,3451824
2013-01-01,206.83995056152344,208.72571203443673,206.5443133795544,208.51968242326944,2959992
2013-01-02,206.87130737304688,208.55552301568866,206.36067322450123,207.49840731338614,4349944
2013-01-03,209.44244384765625,210.42342496860158,207.0325967534799,207.39093962972996,10599288
2013-01-04,210.48611450195312,210.96986859929308,208.91388087833056,210.38307781000228,8454008
2013-01-07,212.74807739257812,213.20495123800708,209.23183945002827,210.62490114933925,8761624
2013-01-08,209.98890686035156,212.1344802673229,208.15239978243466,211.8702067938274,12867424
2013-01-09,208.82424926757812,211.5834929715412,208.13444380946407,209.64843326447436,6149968
2013-01-10,208.04481506347656,209.86787040611563,206.871233985707,208.82420605282238,10901016
2013-01-11,242.96539306640625,243.8522827746242,225.84555653006157,225.84555653006157,92852568
2013-01-14,251.42225646972656,254.15013654563103,246.5622324492446,247.2386088300833,50924760
2013-01-15,249.67984008789062,251.6865511039068,248.55553513117877,251.37748480017575,20377880
2013-01-16,247.9239044189453,249.83656757963658,246.85335983659706,249.13779484869406,11660824
2013-01-17,250.6563262939453,251.4357175760394,248.97659427585006,250.12329570783857,11767072
2013-01-18,249.7694854736328,251.73588776711924,248.81986803807615,251.2879591411991,7290592
2013-01-21,250.50851440429688,251.78959437614887,247.52978967572793,247.52978967572793,5899560
2013-01-22,249.36622619628906,250.71895685363558,248.77943561267494,250.26656666274235,5110280
2013-01-23,249.9082489013672,250.66075994674344,249.137803220834,249.137803220834,7458712
2013-01-24,250.67869567871094,253.34835385244784,250.01128660315376,251.73581128903058,11211296
2013-01-25,252.15232849121094,253.34830608217365,250.0470649859312,251.73576382281044,8442536
2013-01-28,251.7940216064453,253.31251661401993,250.929528409617,251.91497104171475,6723008
2013-01-29,250.7504119873047,253.07964053738326,249.81424565590243,251.3775119815566,6197184
2013-01-30,250.0022735595703,251.37293886208326,249.09747129848978,251.26544041848513,6805528
2013-01-31,249.89932250976562,251.476039656352,248.1524012733647,250.12328677084267,17480440
2013-02-01,248.23751831054688,251.01019165583398,246.5398734833558,250.0426834867565,7899648
2013-02-04,247.9373779296875,249.944088746649,245.91273247654175,249.13781749262753,7500016
2013-02-05,246.88925170898438,249.2588112574665,245.96205272487137,247.54771543213928,6166112
2013-02-06,248.68984985351562,249.76936168125118,246.8847071343405,248.62266059292838,9097344
2013-02-07,249.89932250976562,250.7503867018584,249.05274197719638,249.58577254425776,10704472
2013-02-08,249.894775390625,252.33598521643088,248.35390604001353,249.33038122173417,5482696
2013-02-11,250.1278533935547,252.1793579568659,249.4873022715084,250.9520377733843,7394792
2013-02-12,246.83096313476562,248.51966207666803,245.6215563650281,248.1523520128122,4442392
2013-02-13,249.90379333496094,250.58463153076335,245.91274603323455,246.98777443119405,6322888
2013-02-14,251.9821319580078,253.34831363514215,250.33376412567387,250.33822591265735,6894000
2013-02-15,249.81866455078125,251.60141103794692,248.71675618653273,249.94407576851413,5194256
2013-02-18,249.05718994140625,249.64844238300438,247.52526586659334,249.31697969841812,2754784
2013-02-19,252.67198181152344,253.07960111860027,247.88811420623904,249.05721195915945,4643344
2013-02-20,252.58238220214844,253.7380507851023,251.60142322082663,253.10198360499928,5545224
2013-02-21,251.5387420654297,252.6227159523048,250.22629838935953,250.98331507934805,5558744
2013-02-22,254.4727325439453,255.76724188073754,250.58023721256765,250.72356124798083,8703536
2013-02-25,261.39312744140625,261.7693829604774,256.8959302330189,257.1109271377721,10457648
2013-02-26,265.1557312011719,266.0157407073436,261.23187358171316,261.23187358171316,12173544
2013-02-27,260.7435607910156,264.09853956004105,259.9865662985306,264.09853956004105,7029760
2013-02-28,260.42559814453125,263.01015402298225,258.49053851188273,261.16916373816497,11808104
2013-03-01,261.03472900390625,265.29899376293594,259.0817570282176,261.05264176356366,8414632
2013-03-04,260.1075439453125,263.6058692005932,257.3035077253095,262.12770544806654,10108320
2013-03-05,261.7066650390625,263.32815280892373,260.9854959030625,261.9978185142826,7171944
2013-03-06,266.0785217285156,266.66977428207366,262.1501796597641,264.0090831122853,12205480
2013-03-07,269.1468200683594,269.6350577835918,266.96539941513845,267.0773815457656,13715360
2013-03-08,266.0919189453125,267.77165077940884,264.92730487367237,267.6820650815904,6162896
2013-03-11,263.8970947265625,267.8612622362461,262.48611985023445,267.12666381779326,4866160
2013-03-12,261.41998291015625,263.8029488875922,260.8735015107252,263.3819005637129,5714056
2013-03-13,256.524169921875,258.90267464630114,255.3282139421755,258.90267464630114,10730136
2013-03-14,257.4782409667969,258.8040916846258,254.68314993519573,256.75258812753384,8332320
2013-03-15,257.85009765625,260.8422519448091,256.93632768986174,257.67989353747186,7260792
2013-03-18,256.2822265625,258.90260762584114,255.40876620805298,256.7749477880855,6446824
2013-03-19,255.8567352294922,258.5622187417212,254.5219171731511,257.55886337002454,11976144
2013-03-20,256.7212219238281,257.53197678670455,253.30802028267493,256.6450872107883,8994640
2013-03-21,257.36181640625,259.3058218206884,256.39428642280535,258.27558621836056,9940080
2013-03-22,256.501708984375,257.60361719854427,253.5274688478109,255.3146987503702,7370288
2013-03-25,255.5655517578125,256.6629763512866,253.76487081910233,254.88917549120723,5036856
2013-03-26,255.72677612304688,257.07950660365844,253.8857862486024,254.87122860877693,3415584
2013-03-28,258.8443908691406,259.52522890795854,255.42668408576165,256.6629708326595,12348048
2013-04-01,263.7581787109375,264.59581364385036,260.7615418162348,260.7615418162348,7422040
2013-04-02,265.9844055175781,267.83434132484626,261.1288653432981,262.48607984028587,9720888
2013-04-03,265.9306335449219,268.7167572152133,264.09861058325714,264.17922895457497,8355472
2013-04-04,258.01129150390625,264.2016500553319,257.2946059265597,263.8298781606867,7499960
2013-04-05,256.7391357421875,259.70889235459117,255.3191939325922,257.91717871295896,4372960
2013-04-08,253.69776916503906,257.4379726425258,253.28120435267817,255.3192793014883,3716360
2013-04-09,247.82540893554688,254.32931760618624,246.92058462062383,253.84556357675748,10840656
2013-04-10,252.241943359375,253.33042263329634,248.71227586517253,251.10869311123946,6551616
2013-04-11,261.294677734375,262.9878610468316,253.9665611111298,256.79747874808015,17018672
2013-04-12,205.74697875976562,235.1669342760468,203.24306294559312,235.1669342760468,98027744
2013-04-15,209.54541015625,211.15346889893473,197.44685848674254,205.15122773804012,66559976
2013-04-16,205.71115112304688,208.37632553607273,204.88248344840858,207.7492256741843,14301736
2013-04-17,204.60031127929688,207.11765634590154,201.56782656219102,206.04711159690638,15149144
2013-04-18,205.661865234375,208.10755895846802,204.3718400402303,204.82871393871608,13224368
2013-04-22,201.07960510253906,205.42002827731494,199.1983052360656,205.294617034821,15401288
2013-04-23,202.665283203125,203.41333266992913,201.06616944615413,201.56785819738369,7869960
2013-04-25,199.570068359375,201.56783393220502,199.16244903201013,201.38866252426527,13762344
2013-04-26,198.16354370117188,200.47485884739453,197.3124796572473,198.88919652933103,11129584
2013-04-29,199.71340942382812,201.46033060916244,195.834344161066,197.62605819730632,8965680
2013-04-30,200.26434326171875,200.88249769786643,199.0773327688975,200.13444837454182,8840720
2013-05-02,204.85560607910156,205.28113813387642,200.3136156792799,200.3136156792799,9376184
2013-05-03,206.7593231201172,208.19717805716337,204.09414840101195,205.7559676001678,9117192
2013-05-06,209.72911071777344,210.0784862319856,207.39091497955084,207.39091497955084,6000104
2013-05-07,210.41891479492188,210.9743418088213,208.2643741486443,210.52641326994907,6983104
2013-05-08,210.58457946777344,213.21392804329588,209.45581297162363,211.8701427825188,7278352
2013-05-09,211.547607421875,212.21949999461935,210.52633945990473,210.6965434963988,4561424
2013-05-10,212.4569549560547,213.66187815457465,211.16244606438812,211.610374530121,4534040
2013-05-13,209.59469604492188,211.6148359244182,208.7615447259052,210.97430696821309,5014960
2013-05-14,210.53091430664062,212.38981789639232,209.38869643823895,209.38869643823895,4484448
2013-05-15,211.4625244140625,212.5599490482032,210.29342685808504,210.7951154394371,8893176
2013-05-16,208.9676055908203,211.40433217515212,207.23411360510104,210.83993790969643,6991752
2013-05-17,210.6831512451172,212.22850443273418,209.18259090351808,209.3527949697833,6431752
2013-05-20,212.50180053710938,213.4827597461979,209.98891684644897,210.16808827720533,8758288
2013-05-21,214.79067993164062,216.53311739689102,212.04486514383728,212.33601866458505,5660128
2013-05-22,213.68881225585938,217.96204652489322,213.05722858521466,215.0057179037171,6245672
2013-05-23,211.4088134765625,216.73019507092218,211.0773289041212,212.8556137185124,5100584
2013-05-24,210.33819580078125,213.66183306370658,209.09296367743866,211.56553703507876,3688648
2013-05-27,212.5599822998047,213.75147646327719,208.76155743481084,209.73803279913696,3325168
2013-05-28,211.97769165039062,213.21397875867152,210.85338667381075,212.31812170506365,4234952
2013-05-29,210.74139404296875,214.19941084622067,209.00344019415843,212.31811112737054,5166528
2013-05-30,212.1959686279297,212.84847055829346,209.9348572796022,211.47549728553926,6338632
2013-05-31,218.56243896484375,220.66495503842347,212.2458193055643,212.2458193055643,18498304
2013-06-03,227.84251403808594,237.89291441002572,224.31261861723627,228.8303271944057,33215248
2013-06-04,226.19313049316406,228.32737444369204,223.2659321989846,225.65844663846156,11714560
2013-06-05,223.05288696289062,225.67650105586023,222.48647536572736,224.7521217543804,5078784
2013-06-06,220.18907165527344,222.45471774118553,218.94296630802177,222.0333164193859,7509232
2013-06-07,221.74342346191406,224.10874582373967,219.3146452791847,219.7677747115797,6618168
2013-06-10,225.36387634277344,226.38341735367368,222.6858775290509,222.93963438352174,4289040
2013-06-11,224.34429931640625,227.87870758679196,223.46976868429948,225.65837418616505,5957704
2013-06-12,219.43695068359375,227.14466292847945,218.66663081840122,223.1435397729851,5927288
2013-06-13,215.68048095703125,219.76771619920663,215.2364230816972,219.67709033685642,4154328
2013-06-14,217.04437255859375,218.31767016167137,215.43122802188964,216.74983854945077,5584064
2013-06-17,219.55023193359375,219.85835102796844,217.035364150813,218.5397402519058,2720504
2013-06-18,221.7207794189453,222.9396932353225,219.74059483819482,220.22091648855027,4284904
2013-06-19,220.9775390625,221.91550328746447,218.16360213670552,221.67081792988463,5836832
2013-06-20,214.70179748535156,221.8521711109238,212.31379651557054,220.03965337308944,6802928
2013-06-21,219.20130920410156,220.40210190568473,214.83768268966242,214.83768268966242,6161368
2013-06-24,215.72573852539062,217.79654779883177,213.14290211125694,217.72857841951244,7336552
2013-06-25,215.13668823242188,216.31031064537348,212.5176101178239,215.68951474644814,5790640
2013-06-26,217.44769287109375,218.82522372731515,214.93282510299946,216.7408288204262,5567232
2013-06-27,225.00588989257812,226.56011454318886,218.64395893833205,219.4052073130283,10670944
2013-06-28,226.4604949951172,227.26705649797174,219.67713884999839,223.9546760724807,11707392
2013-07-01,222.12400817871094,224.16309026113484,221.22682091262706,223.75527384465008,4209080
2013-07-02,217.86012268066406,223.261435041947,217.50215480929975,221.86126934545482,5110832
2013-07-03,217.909912109375,222.20556964887157,216.83147306847806,217.59272155317504,5349856
2013-07-04,223.66456604003906,224.3125319253484,219.31452585773684,220.49266174044368,5210784
2013-07-05,222.59524536132812,225.0738716211913,221.00929272259256,223.57400912918175,4337360
2013-07-08,223.67822265625,226.02091014607785,222.98494363048297,225.2052773508434,5415168
2013-07-09,226.40158081054688,227.83347421439285,224.8428200182612,224.8428200182612,8611368
2013-07-10,226.66888427734375,228.3771907647947,225.93029229231476,227.01780272452808,6865416
2013-07-11,229.1338653564453,232.31481925872947,227.44821577969773,229.73651837893567,15704960
2013-07-12,254.13302612304688,263.3225013830495,249.22110905334083,252.04409567479996,52873040
2013-07-15,248.5595703125,252.84617840736493,247.2545666289672,252.39758477399158,12874240
2013-07-16,247.29981994628906,251.08798484073807,242.9724356780623,244.8755784975966,6301536
2013-07-17,249.2981719970703,249.97786599114548,247.55813767187348,247.55813767187348,6575048
2013-07-18,253.82044982910156,255.33843341729667,248.21071634440352,249.58368966503463,13078696
2013-07-19,258.05267333984375,259.64316205606457,254.0243571529316,254.0243571529316,16402840
2013-07-22,260.70794677734375,262.35279731153975,255.74618086579093,255.7643016129797,6751136
2013-07-23,262.99163818359375,264.36914645433006,261.9086638774255,261.9086638774255,6168480
2013-07-24,263.5944519042969,265.26195929979673,261.00254280266984,261.00254280266984,4875280
2013-07-25,264.2015380859375,266.92484923298036,262.90558403941895,263.63059082063756,7177688
2013-07-26,264.02032470703125,267.61816695588163,263.0506324215133,265.53377215737663,6899640
2013-07-29,264.736328125,266.80260270692554,263.72132264848955,263.72132264848955,4362952
2013-07-30,267.8629150390625,269.4307472229695,265.62446017844724,265.62446017844724,6336208
2013-07-31,269.1271057128906,271.1163612576683,265.370667830424,269.06820774763503,11807328
2013-08-01,269.58026123046875,271.438091743858,267.9580668518879,270.7901255613228,8690632
2013-08-02,272.67510986328125,273.6901151367104,270.1647778018535,270.5182098288346,11962296
2013-08-05,272.69775390625,274.143231977038,271.5603949154362,271.76883882269146,8502784
2013-08-06,270.731201171875,272.9651200137036,267.44147767092136,272.60261653426977,10031832
2013-08-07,268.55615234375,272.13133811246723,267.45957058241294,269.6119347675319,6503608
2013-08-08,268.66485595703125,269.8837691596096,266.4399870145239,266.4399870145239,5765368
2013-08-12,272.3669128417969,273.6900590636093,269.2493925423786,269.70252177923885,7594376
2013-08-13,279.4539794921875,280.39647981786203,272.60265394057177,272.611725378985,10334312
2013-08-14,278.189697265625,280.47800051825124,275.73374942619927,278.22142517079465,9211208
2013-08-16,269.9200439453125,275.4980698750912,268.94581598145555,273.6900884509775,12087616
2013-08-19,272.3306884765625,274.31992152636735,267.4323566930167,270.98037211599444,5259328
2013-08-20,272.48028564453125,273.7807758364069,270.2916795538178,273.69014995893707,10362056
2013-08-21,268.1392517089844,271.40631824615235,264.8178229334337,271.40631824615235,7526584
2013-08-22,273.708251953125,275.18092236109334,268.61508241342733,270.88072919491714,10965816
2013-08-23,271.9410400390625,273.68558801318017,270.27353290359486,272.3307356999307,5498864
2013-08-26,274.65985107421875,276.3953499577074,272.6479609561078,273.6856228607309,5571544
2013-08-27,276.9571838378906,279.1276689162227,274.76855588588774,274.7776273227231,8525552
2013-08-28,282.41290283203125,283.6590087009251,276.5901899537455,276.5901899537455,14329696
2013-08-29,281.3570251464844,283.38249963589226,277.4057292027912,278.2213618597089,20086288
2013-08-30,281.4703369140625,283.0154901309969,275.2760505156521,280.21515989938973,12678560
2013-09-02,279.6623229980469,283.4414389316871,277.7320099461599,278.864833157574,5125040
2013-09-03,274.93170166015625,280.44175906674974,273.40013328357276,278.40267696010835,6267312
2013-09-04,282.09112548828125,284.55614459055994,276.9164018733776,277.2879546445094,8979400
2013-09-05,272.3126525878906,280.6411622301727,271.43358596426737,280.6411622301727,9457072
2013-09-06,274.51031494140625,278.3936204643104,272.41231263047575,272.41231263047575,13465928
2013-09-10,286.2780456542969,288.91526726400963,274.7776318520945,274.7776318520945,21879136
2013-09-11,282.67120361328125,287.5513941910375,281.6425909797748,285.01840515852035,9145680
2013-09-12,277.8453674316406,282.6711956177758,276.2276865979355,281.3933618394323,6957440
2013-09-13,274.419677734375,277.8453401410357,273.08294611458274,277.33782640469445,9255384
2013-09-16,271.2794189453125,277.12932216915993,270.07411280332786,274.1432047442265,6332184
2013-09-17,273.9257507324219,274.59183757057224,271.06196452384665,273.41823703391685,8027280
2013-09-18,273.4317932128906,274.5283749232092,272.3306979101241,274.14321503431796,7439816
2013-09-19,273.5994873046875,275.04950114929665,271.1797811265871,271.7869699989261,15327808
2013-09-20,271.43798828125,274.777559488672,270.3822060469832,271.87753247559897,7991712
2013-09-23,273.63568115234375,275.86055018283975,271.9727100891546,272.3306777696184,8886376
2013-09-24,273.2461242675781,274.6870670392758,271.5967154025393,274.5964411511071,11752256
2013-09-25,272.7521057128906,275.0494800720761,271.21146612105366,274.7594817504681,8080776
2013-09-26,272.9923400878906,275.2172098452938,271.9682632287818,274.9589172396281,10682440
2013-09-27,272.4757385253906,276.4995181397794,271.06196616062937,274.05261974916186,5701568
2013-09-30,273.0557556152344,276.8620422849456,271.65559030111064,273.7082574763791,8679184
2013-10-01,273.2369689941406,275.348555965687,272.1494586697858,274.5963568995841,5310216
2013-10-03,275.24432373046875,276.136997307753,273.69009907102526,275.0494869803184,14686712
2013-10-04,273.3638916015625,275.4120453099244,272.3307654347887,274.2565653567485,7352816
2013-10-07,273.8577880859375,275.4799822730733,272.4576007248706,273.2369920399098,9795344
2013-10-08,274.9724426269531,276.5901230684756,273.8985394676379,275.52980493789755,17982912
2013-10-09,281.83282470703125,283.78579418666635,272.7838242131031,274.3244637518482,17371792
2013-10-10,283.4414978027344,286.463857483262,280.10192543167204,283.21493311339384,17434688
2013-10-11,296.75439453125,302.5091369507749,286.0877346606232,302.2372593561517,41290600
2013-10-14,301.27215576171875,302.2871612018364,295.0778679573325,295.0778679573325,12231712
2013-10-15,304.03167724609375,305.14184416872916,300.2253906542009,301.24039598694765,9221320
2013-10-17,297.9870910644531,306.13762398195666,297.2121514058795,303.6122368403521,11513008
2013-10-18,302.1855163574219,303.03793682803274,297.3033909051864,299.58262573273305,10944776
2013-10-21,304.0909118652344,307.94281826898424,297.6771591726971,303.86755133013804,9383368
2013-10-22,304.719970703125,306.7120082002794,303.1746319839229,304.32337501696463,7208760
2013-10-23,303.1199035644531,304.39627465070777,298.9443422735052,302.6822861689653,6561584
2013-10-24,301.6567687988281,307.6967418801798,299.95190537693054,301.06873058819934,6480560
2013-10-25,303.7353820800781,305.41745285386685,301.43335501006015,303.41172629781164,6011344
2013-10-28,302.9968566894531,304.04074158776564,300.2344201589371,302.4270480923231,3412448
2013-10-29,304.1046142578125,306.78042239445455,301.47436855623135,302.6367782331322,5200392
2013-10-30,303.0378723144531,304.40087225767974,301.53814056883505,301.8617962970743,5591088
2013-10-31,301.761474609375,303.411649031706,300.51245875098783,301.2509395163726,9687544
2013-11-01,298.7347106933594,302.2265024889797,298.06916975057715,300.85896175373546,6166704
2013-11-05,297.74560546875,299.9974852846657,294.7506816590543,296.48290032639795,5320232
2013-11-06,301.4195861816406,301.9711652896718,298.607024635701,298.607024635701,3704664
2013-11-07,306.1103515625,309.9713618589131,302.0988984182879,302.83279419837805,7192712
2013-11-08,306.3336486816406,308.99122693610406,305.41739205384965,305.41739205384965,8616112
2013-11-11,306.566162109375,309.7935492161958,304.5148510860188,305.41741903303586,7803200
2013-11-12,304.2185363769531,307.696639112851,303.4208043496235,306.5570219309516,6452184
2013-11-13,303.78094482421875,306.2014963765502,302.3222347070352,302.3222347070352,4687512
2013-11-14,305.8049011230469,307.6966658091327,305.42199416833665,305.62712527887606,4343528
2013-11-18,310.3497314453125,311.3434688995936,308.8682288480597,309.1554035251894,6326536
2013-11-19,313.8915710449219,314.3519808048645,309.9804140617162,310.5228673495849,8975208
2013-11-20,310.17645263671875,313.9235229667995,309.52003756832147,310.796408857263,4306608
2013-11-21,304.90240478515625,309.9759732080793,302.05336091375847,309.61129559254044,8495496
2013-11-22,305.1985778808594,307.69660960072986,304.14100433423255,305.05269799230877,2720936
2013-11-25,303.2293395996094,308.0430870250392,301.49712148403734,305.59974333670795,5707296
2013-11-26,302.3359069824219,305.3262672313612,300.1888635360774,302.6823550934963,7321096
2013-11-27,300.2481384277344,304.1274001898686,299.56436804397924,302.68235654227254,6779624
2013-11-28,303.3934326171875,304.32335573551086,297.6679917544766,300.9865479047746,7499968
2013-11-29,305.832275390625,306.8761604330406,301.7706746979692,304.14107878925233,5411560
2013-12-02,304.38726806640625,307.8699346574534,303.1473775945861,305.5998255250427,4711376
2013-12-03,305.3034362792969,306.2835070340568,302.68231681889233,302.68231681889233,7001240
2013-12-04,306.81689453125,308.6995334025803,304.2140041733459,305.41743558731366,8443120
2013-12-05,305.5359802246094,309.8847556626848,304.68810044857094,308.1525372579802,6317072
2013-12-06,303.21112060546875,305.32624571507813,302.51822443214814,304.41911485919366,6544848
2013-12-09,304.3963317871094,308.5217462509678,302.77807528471186,306.7849651023986,8856632
2013-12-10,307.3183288574219,309.0505471641187,303.73536759246616,304.0498975175784,12345896
2013-12-11,307.63739013671875,308.3074716896094,304.50571319506116,306.7849475752637,6256960
2013-12-12,306.6801452636719,308.6721829751117,305.23510160520175,306.730270619004,5520232
2013-12-13,307.5917663574219,308.1524490404355,304.9615213136854,304.9615213136854,8315624
2013-12-16,314.739501953125,315.81074220164385,305.7638806629098,308.15251404201973,10117696
2013-12-17,315.1133728027344,317.71624143402204,314.08771702601354,314.08771702601354,10713952
2013-12-18,315.213623046875,316.69968864999754,314.30649201032503,314.53441549981767,9183344
2013-12-19,320.20965576171875,323.19089004406516,314.99020874275413,315.67397909458356,7331456
2013-12-20,323.7743835449219,325.7481917002433,319.85864090394256,321.37206150107966,8685456
2013-12-23,316.2164306640625,322.73047839395934,315.4962014674754,319.0928290460936,8845904
2013-12-24,317.85296630859375,319.35726130945295,316.0022454170892,317.81650745425827,7109912
2013-12-26,320.9754333496094,322.2290121861813,317.6112925023588,317.9075929546394,6869928
2013-12-27,324.6815185546875,325.6570264723898,321.8233495786647,321.8279124993102,7382064
2013-12-30,319.30706787109375,325.93051402915427,316.8135765737933,325.2649731432833,11863432
2013-12-31,317.7845764160156,321.0712373881687,317.2922706116253,319.0928660701641,3590808
2014-01-01,316.1754455566406,319.001696655907,315.6329921359924,318.3635109238146,1478688
2014-01-02,317.319580078125,319.82217502916075,315.7423454018646,315.7423454018646,4404744
2014-01-03,325.0325012207031,325.9305285031954,314.9218260369685,316.8135906429661,10046344
2014-01-06,320.72479248046875,326.4320052742954,316.2301592996918,325.93969946495156,11098328
2014-01-07,315.186279296875,321.4541754870199,314.2335635276038,320.82967845787607,7713688
2014-01-08,312.5378723144531,316.81370886318535,311.8905605815704,315.5373370864704,8990392
2014-01-09,314.6072998046875,317.45177999865155,311.60327319630716,313.6226660526598,12590808
2014-01-10,323.7652587890625,325.93053155111534,314.35202036034843,318.18113429745245,30258176
2014-01-13,334.1358337402344,335.04752769314086,326.56877393111034,326.56877393111034,17119912
2014-01-14,336.1186828613281,336.87083018176105,331.8975364780571,332.3123615730768,7425832
2014-01-15,338.42535400390625,339.5467420035744,335.5945398639368,336.8982666519038,17130144
2014-01-16,339.61041259765625,340.74090370406606,336.7476814763549,337.2354464321703,17608232
2014-01-17,340.0389404296875,343.22074237728947,339.1500391174844,339.9705634056719,25667896
2014-01-20,341.8213806152344,342.7923256650166,337.73242478296396,338.4207580933238,9761944
2014-01-21,342.6464538574219,343.7085682486172,338.9996785974896,341.8851806186511,12102464
2014-01-22,343.3347473144531,344.4379056773993,340.9780322781933,341.08286815829257,6769760
2014-01-23,345.7599182128906,346.35251925926735,342.87441586725555,344.9941042254493,7907344
2014-01-24,342.628173828125,346.1655499892334,342.31364393960763,343.2526929429803,6876584
2014-01-27,340.2623291015625,343.15239377099726,338.34777227057356,339.1500672037604,8099048
2014-01-28,335.05670166015625,338.11998042700924,334.3045540409774,337.96499688438547,14108544
2014-01-29,338.9495544433594,341.3108326843201,333.1010248606001,334.2269757032866,8102080
2014-01-30,337.7141418457031,338.84919606073464,333.6798971870887,337.6639942401248,7183632
2014-01-31,337.4269714355469,340.9506587582404,336.1004526220129,337.32667622314045,5369928
2014-02-03,330.8673400878906,336.5973444126935,330.4707666474942,335.95915876510713,4384112
2014-02-04,324.663330078125,327.4758924605745,323.33681097565795,326.4775920718846,4535112
2014-02-05,326.5003356933594,327.206898374441,322.9903146325023,326.38637397060427,4326992
2014-02-06,324.9002380371094,326.65981110563433,322.83069805332156,325.6569481633619,5749904
2014-02-07,325.1601257324219,328.3784089916419,323.54643231169007,327.0245349242833,7551456
2014-02-10,325.82110595703125,326.93336784329585,324.3350407424777,326.37722577108985,6049424
2014-02-11,327.867919921875,330.21553172249736,325.79381629219887,326.75109489051096,5833592
2014-02-12,328.2188720703125,330.7123410930296,327.5897900351502,328.25533091663436,4208712
2014-02-13,326.91522216796875,329.8463093240472,326.3909981449142,328.64744067893156,3588320
2014-02-14,332.24859619140625,334.04462863500254,328.5060884631749,329.62747635700225,5962168
2014-02-17,333.5112609863281,335.95916776051604,332.6634035526381,335.95916776051604,13569920
2014-02-18,335.6856689453125,336.83441207690254,332.4947405332848,332.4947405332848,4978240
2014-02-19,342.1951599121094,342.97922552443663,336.8800025862336,336.93012794133955,7064304
2014-02-20,338.3524169921875,341.4202582288487,337.8737776687226,341.4202582288487,8816848
2014-02-21,341.9490051269531,342.3774967813884,339.8110875174699,340.60881962982563,5517984
2014-02-24,341.87603759765625,342.22248568157045,340.0617759002682,341.52048593093957,4357608
2014-02-25,344.8846740722656,345.7234502608153,342.34105701263616,342.34105701263616,8099512
2014-02-26,347.1274719238281,348.0665211452067,343.9000842398002,344.62031355799616,7352168
2014-02-28,348.709228515625,349.83059413622783,342.89718026529147,342.89718026529147,9839496
2014-03-03,346.28411865234375,350.9975714334724,345.70974707177004,348.7228997157151,7204176
2014-03-04,346.4026794433594,348.6727884770365,342.97013836454266,343.7086193677718,6937912
2014-03-05,348.42205810546875,350.49159883531416,347.34625483703593,348.98730387961587,4943504
2014-03-06,349.3519592285156,350.9975710876404,348.0254624766403,349.90810138306216,6226312
2014-03-07,341.0008544921875,349.54342139814906,338.0834341779619,348.90523570441223,15072744
2014-03-10,334.7375183105469,340.03444615201886,332.3397590660713,340.03444615201886,7432472
2014-03-11,335.0794372558594,338.1381525825708,331.04062869685947,333.04179242032507,4124272
2014-03-12,334.7101135253906,337.63209629418674,332.95054022754226,334.90155584807025,3940104
2014-03-13,306.1103515625,313.61357452344805,304.5057614015545,311.7993125728492,40790880
2014-03-14,309.4425048828125,310.3314062305473,304.05440852989244,304.5056924548054,11167544
2014-03-18,305.4676208496094,311.06084987761466,304.50577928078945,309.97594298044436,11804312
2014-03-19,298.2834777832031,306.13317185101994,295.2748876504467,305.41748317375425,15777848
2014-03-20,301.1370849609375,305.37189905267036,298.12393190095,298.12393190095,8023032
2014-03-21,301.3741149902344,304.32345395201844,298.1695195176981,303.5940987598027,12380320
2014-03-24,298.6526794433594,302.54104485733365,298.1238925523397,298.32446075013314,8160344
2014-03-25,296.7016296386719,299.0082194685931,295.9358157285862,296.1181544936685,7548064
2014-03-26,296.2001647949219,298.02811516136825,294.5317830881657,297.21215373082265,8458568
2014-03-27,294.5728454589844,297.4765770124316,293.196178844079,296.11816208102215,13599368
2014-03-28,297.4492492675781,298.944418302764,294.2309654728288,295.39793807153904,7146824
2014-03-31,299.2908020019531,301.3101945747942,294.48161789972954,299.51872541912013,9176928
2014-04-01,302.1307373046875,303.13816332164157,298.5796947002635,299.31361259993486,8628352
2014-04-02,302.8692321777344,305.4174118036907,301.8162214257069,305.30801300333104,5644400
2014-04-03,304.3370361328125,305.2350633676641,302.5957144487758,304.4601236906554,4700216
2014-04-04,302.32220458984375,305.964416599221,301.41507377771813,305.5085697330124,3925584
2014-04-07,300.2572326660156,302.176352601654,296.84750669507537,300.67662072492584,7097544
2014-04-09,296.7153625488281,301.7524716836917,294.5227341208451,299.13135154564054,10664680
2014-04-10,291.8514709472656,297.0071048296747,290.4793670626868,296.71080428767596,21263240
2014-04-11,294.94659423828125,296.8110257610864,288.5510714937409,292.65369336332014,18678336
2014-04-15,297.1939392089844,308.88184887352526,296.07255142171584,303.7945931919242,20782384
2014-04-16,287.8490905761719,295.56656976097537,286.95562619231487,295.56656976097537,13198304
2014-04-17,291.0171813964844,292.65822999691585,287.94477819063906,289.91858607623294,8391912
2014-04-21,290.18756103515625,293.5653908693038,289.00692206698545,292.65369710884016,6119624
2014-04-22,287.24285888671875,291.7420776436409,286.49071134279376,289.19389738585306,6626896
2014-04-23,289.24859619140625,290.99906652746154,288.4599897623533,289.37624670991084,12016720
2014-04-24,289.24859619140625,289.24859619140625,289.24859619140625,289.24859619140625,0
2014-04-25,289.5174255371094,291.741948994938,288.4006008886131,290.647916686207,5962904
2014-04-28,289.7408752441406,291.10385313021686,288.55111029036533,288.91578783891555,6042480
2014-04-29,289.7135314941406,291.2862034847862,289.0981381064967,290.19217079564146,4835464
2014-04-30,289.9915771484375,290.8303310182394,289.09811274571695,289.70438023783976,7741936
2014-05-02,293.5381164550781,296.027045558308,290.37454268654477,290.37454268654477,4764392
2014-05-05,289.6359558105469,294.750566250034,289.4217211509938,291.0126221682983,4196688
2014-05-06,288.564697265625,290.3288333237944,287.6393371444721,289.63593726925336,4566024
2014-05-07,279.6484680175781,289.00699802513014,278.06667002417885,287.2747794249795,15596072
2014-05-08,279.4615783691406,281.5675782454139,277.7430262014851,279.8900701160586,9161992
2014-05-09,283.6689147949219,284.904264135844,278.3264033887339,279.4341022644358,6179400
2014-05-12,289.4718933105469,290.51121528891116,283.085474099467,284.284342485098,7044200
2014-05-13,297.6907958984375,298.5796972873081,290.1921149512982,290.1921149512982,7299968
2014-05-14,296.6742858886719,297.66802321912996,293.3055595192285,296.3232748753376,5184688
2014-05-15,298.34716796875,300.3893749896107,292.22059142245706,296.6742235660197,8409192
2014-05-16,289.6952819824219,304.50574403324714,278.8917099261525,300.7677992711624,14188792
2014-05-19,274.8802490234375,291.55968297064413,273.5172712172779,291.55968297064413,17246512
2014-05-20,284.6490783691406,286.1670621387931,277.35552682674694,277.975483159481,8787344
2014-05-21,287.83087158203125,288.48728669623284,282.53848438088335,284.2661397587686,6788304
2014-05-22,283.892333984375,289.91863912864244,280.90653667888347,288.0952514611667,9832744
2014-05-23,279.8489990234375,289.0981289723903,274.6158628041458,284.90433712983906,9081776
2014-05-26,282.1556396484375,283.62345370198005,278.08034947190845,279.981240453797,5750544
2014-05-27,285.7294006347656,287.63939469944427,282.57949409538116,282.6250787855078,4984128
2014-05-28,289.3077697753906,290.64795507898737,284.26609910171976,284.7675306427908,5389320
2014-05-29,270.287353515625,279.5757375225733,269.40934706720697,279.5757375225733,41341328
2014-05-30,271.66448974609375,273.51755039290595,266.17464668380205,271.71995182304795,28035616
2014-06-02,276.6321716308594,277.05269513600194,273.6146103046409,273.6146103046409,6229856
2014-06-03,278.8548583984375,280.6801876913238,274.9315602032164,278.0045829368098,6824936
2014-06-04,275.8327941894531,279.79307636999073,272.96771909483994,278.6516583954435,5508008
2014-06-05,281.0684509277344,283.5869441075273,273.75327701088986,277.2653041973901,12153720
2014-06-06,277.5471496582031,278.1894763283065,272.644171152327,277.2791130363547,16882424
2014-06-09,276.01287841796875,278.65152339272623,275.05632702525884,277.81972780050916,10858344
2014-06-10,284.2107849121094,285.5093152382088,276.9279677967271,277.2652982173284,10479176
2014-06-11,295.135009765625,301.04075067267013,285.61556934217424,286.96953897878296,20375704
2014-06-12,293.44366455078125,304.7191173860551,288.4205337088503,303.14332212867276,21128856
2014-06-13,294.5480651855469,296.3964998588167,289.3770736998545,294.68669778604215,10151744
2014-06-16,299.8300476074219,301.26721050703577,293.9012006512925,294.45573121855915,9375328
2014-06-17,300.0796203613281,301.9419099231392,297.4640798672718,300.27831813292903,10079392
2014-06-18,299.49267578125,302.68122610201937,296.9279722623703,299.90857364917645,9791280
2014-06-19,306.0915832519531,307.11747369732814,299.91782843428837,299.98714474643793,11313704
2014-06-20,306.5260009765625,308.6331989347501,304.3309843001963,306.8402259173014,8853000
2014-06-23,298.7579650878906,305.81897853311386,297.7320745253422,304.9918082931002,6328112
2014-06-24,296.10076904296875,298.97507155959073,295.02404225574355,298.5222140684528,10638024
2014-06-25,296.7893981933594,299.908632818202,296.3041839183839,299.908632818202,6433520
2014-06-26,294.1322326660156,298.98437476027044,292.8614335460918,297.5980484476262,7376552
2014-06-27,297.9122619628906,299.039825371729,293.1617930059473,295.74960202365423,6890744
2014-06-30,300.8835754394531,301.5721128330804,296.8031424154927,297.5979783397238,7290576
2014-07-01,297.69512939453125,300.81436394995853,296.30417732444073,299.90862614404557,4662512
2014-07-02,297.1636657714844,299.779205883936,295.5832447758035,296.8586694749963,6119632
2014-07-03,296.7385559082031,298.37441663336085,294.8716407709071,296.69234502577547,7504912
2014-07-04,299.996337890625,301.1469840233946,295.7541891145199,295.7541891145199,5752968
2014-07-07,309.1923828125,311.27649808293285,301.2949476693471,301.7570564847909,11638312
2014-07-08,308.8872985839844,314.82079213696227,305.2736222138726,309.5203965065496,11460480
2014-07-09,305.94830322265625,312.7551550630517,304.0675118668558,307.76438131204554,8270752
2014-07-10,304.31707763671875,312.5426130062652,300.4261356800278,306.3780870791722,11345616
2014-07-11,307.45477294921875,317.19141230290006,305.02409923356646,314.3632980277857,15826360
2014-07-14,298.08319091796875,306.378041358985,294.4371581059788,306.378041358985,8231600
2014-07-15,298.1202392578125,301.1054665999624,297.3254256651168,299.3540787716744,4139800
2014-07-16,298.48529052734375,299.9085764408235,296.04996840803324,299.44646769438157,4589488
2014-07-17,299.3818054199219,309.23395129154386,298.67476543236415,301.30418250050116,4946672
2014-07-18,300.513916015625,302.65347029104106,299.77916768854504,300.64792302709594,4098368
2014-07-21,295.8143005371094,302.528754435959,294.64979998677507,300.8328062415699,7435968
2014-07-22,298.8642578125,300.0657407608962,295.5694309064997,296.21175766228384,8733360
2014-07-23,309.56201171875,310.07495692032575,300.27825187306655,300.27825187306655,11827336
2014-07-24,312.5934753417969,313.77185269728744,306.97422822401006,309.0583432753252,5571560
2014-07-25,309.8161926269531,314.1415351345253,305.426159405744,314.1415351345253,5337672
2014-07-28,311.56304931640625,313.032546487818,306.91885520332306,309.150832005241,4601448
2014-07-30,311.6646728515625,313.6794718505971,309.20626742961656,313.6794718505971,9934720
2014-07-31,311.244140625,313.76263366257155,308.98443303618046,312.38555842171905,8457168
2014-08-01,308.8088073730469,313.4945857307103,307.7644370528494,309.61287211022386,7607008
2014-08-04,320.2922058105469,321.89570966266655,309.54817718569217,310.07497665709775,13086960
2014-08-05,324.67767333984375,325.324625720538,320.70816288822283,321.2580678990313,10985624
2014-08-06,330.486328125,333.49003503964457,325.7866730499099,325.7866730499099,18004184
2014-08-07,324.15545654296875,327.57966456866023,321.8449126314871,323.3837258509717,7754224
2014-08-08,321.8725891113281,325.3245503974992,321.16557177025845,323.4761154520589,3811352
2014-08-11,330.2691345214844,331.21183188980575,324.40035320285716,325.6942577455466,5628672
2014-08-12,330.5740966796875,332.625854872707,327.2653937494458,332.625854872707,5916936
2014-08-13,333.49462890625,335.02883895987594,328.16652412049086,329.02605089598245,8941360
2014-08-14,333.878173828125,335.27835421589475,331.47983409826986,333.4576503826281,6762480
2014-08-18,329.0029296875,333.8273402244752,328.0971920810872,333.8273402244752,6777888
2014-08-19,327.89385986328125,331.7016311102508,326.24874834750216,329.11382234148874,6424824
2014-08-20,328.5177307128906,331.1009140712309,327.81994199878744,329.2986899751,3938224
2014-08-21,328.0002136230469,329.3357035951307,326.24882571449973,328.67489701053535,4298880
2014-08-22,332.8106689453125,333.45762109266525,327.91231697249896,328.0001131082882,4855040
2014-08-25,335.28765869140625,336.0177815551463,329.21092809373147,332.62590754420637,4198352
2014-08-26,334.9502868652344,336.4151806747784,332.71831055747316,334.751589121991,5842128
2014-08-27,335.54180908203125,337.3394077144684,332.81999289421196,335.4909726037042,5569872
2014-08-28,332.6073913574219,335.8282757382573,330.9807595663649,335.39852363543486,7599304
2014-09-01,332.68597412109375,334.4650929730858,331.33200438397125,333.6471739483057,3643152
2014-09-02,333.9891357421875,335.0288805438754,328.6101938142367,332.71833654012454,3583832
2014-09-03,345.12591552734375,346.2488307499332,333.6425132365832,333.6425132365832,11857560
2014-09-04,342.7691345214844,344.2709878240726,341.76174656253977,344.2709878240726,6238464
2014-09-05,344.80242919921875,350.74052638505265,342.4549258742712,344.91795638182253,6468352
2014-09-08,349.5067138671875,350.3246554083446,344.98267356207145,344.98267356207145,6517296
2014-09-09,345.2922668457031,347.08523968314137,343.8088933173999,346.396702191832,4316800
2014-09-10,338.93829345703125,342.69985422661915,338.26361015896066,342.69985422661915,5080752
2014-09-11,340.4955749511719,341.9327376499217,335.5464083811597,339.5575032315508,5013032
2014-09-12,339.1786193847656,342.69989758453846,337.33943532458613,340.85146232248593,3907552
2014-09-15,336.5352478027344,339.0029034651233,335.24134359103545,338.72563827690215,4958800
2014-09-16,337.4549255371094,341.0824793412399,334.8994730930098,336.9697113340091,5034904
2014-09-17,345.75439453125,346.40597238564084,339.2894975907511,340.10279094475817,7926120
2014-09-18,341.68316650390625,344.705352833614,337.7506170263597,339.55284092325616,9104776
2014-09-19,342.1499328613281,350.08432629985657,340.23218161182245,341.8680420203069,14755016
2014-09-22,337.39483642578125,340.36618654691296,335.6757829172189,340.1120267443187,8612040
2014-09-23,333.3744812011719,340.4308678043868,332.3070055471344,336.8772562668354,12962304
2014-09-24,336.8587646484375,339.39573691510293,332.5565281107684,335.4909183747903,5564560
2014-09-25,341.1286926269531,343.69802189048704,336.9697137138637,337.33940072836054,24975512
2014-09-26,340.12591552734375,343.8320369598924,338.3098370517267,340.57417006846407,8864840
2014-09-29,346.4938049316406,347.59361485354066,340.21375083265053,342.0529348368783,4996144
2014-09-30,346.37359619140625,347.16380662705694,342.06213079569346,346.04549448258024,6927368
2014-10-01,355.57421875,356.7433449127782,343.99376845864094,343.99376845864094,9470864
2014-10-07,354.0953674316406,359.79315787987554,348.3652203533723,348.3652203533723,20063456
2014-10-08,337.353271484375,350.46330690346485,336.50762142286806,349.81635459641734,20327680
2014-10-09,337.0437316894531,343.25447042178257,335.112103064458,341.96056557905104,12432832
2014-10-10,359.3958435058594,361.1842134655457,330.1951949366446,338.2636185475684,45893056
2014-10-13,364.37744140625,368.3007408962402,359.45598232150104,359.45598232150104,17726984
2014-10-14,362.1361389160156,366.45223002547704,360.444816418502,366.45223002547704,6860512
2014-10-15,362.1361389160156,362.1361389160156,362.1361389160156,362.1361389160156,0
2014-10-16,359.9939880371094,366.79282921236984,358.97416640841845,363.23508399428374,10017392
2014-10-17,358.7227478027344,365.34930439551067,357.3676542584543,359.95678426214727,8190016
2014-10-20,355.0625,359.73786288808355,354.10786820287376,358.8484209099922,7702720
2014-10-21,351.39306640625,358.55978731483185,345.53023317000776,358.55978731483185,26081384
2014-10-22,353.5444641113281,355.0206374745204,351.6957287026359,354.7785005674389,5353320
2014-10-27,354.1964111328125,358.569086746972,352.2545408795172,358.569086746972,4767752
2014-10-28,352.8179931640625,355.06255149314217,350.6526085297156,350.6526085297156,6666368
2014-10-29,361.4981994628906,362.545966352872,355.1184632883377,355.1184632883377,8229336
2014-10-30,367.561279296875,370.79305345062244,362.8533089465934,362.8533089465934,15245208
2014-10-31,377.3124694824219,378.68620818649237,371.3332181112868,371.3332181112868,8670800
2014-11-03,380.5395812988281,382.7841397291777,375.5615293334041,379.7013678541657,8578408
2014-11-05,384.1624755859375,386.88203043708324,377.84795317362705,380.4557280538,10241080
2014-11-07,388.0555725097656,389.58297455074575,383.55713315847754,383.55713315847754,9970400
2014-11-10,387.953125,389.40603740812566,385.5781868923299,388.8425444146334,5594168
2014-11-11,384.19976806640625,387.9065156195071,382.206646587357,387.9065156195071,6255088
2014-11-12,382.4115905761719,386.5747354345544,381.5826997307637,383.8086129479796,5392896
2014-11-13,389.17315673828125,391.2640061014691,383.0076136414659,383.90171698291135,4956680
2014-11-14,390.38861083984375,392.2327078055684,388.7447901444219,390.60748679101715,5233176
2014-11-17,392.8846130371094,393.7647098305744,386.33256913114803,389.76923501131904,5458184
2014-11-18,389.5224609375,393.75541162750125,388.56782894080345,393.4946522968487,5267120
2014-11-19,388.6842041015625,390.2302511847323,385.5548651029991,389.30354154974,5201120
2014-11-20,393.550537109375,394.1931583254459,389.6621580520596,390.2349281473404,5347928
2014-11-21,386.1508483886719,389.21033571508065,382.00171116960917,388.3721225010496,10463272
2014-11-24,398.1606750488281,398.7706899247939,390.41652391992665,391.16624102482984,11047440
2014-11-25,400.7778015136719,402.33780984948356,395.4504712750118,400.0140777499236,14886576
2014-11-26,400.52166748046875,402.12824317609454,397.83471874360146,400.479738619753,7930800
2014-11-27,406.6173095703125,407.5952251996187,401.5973517684049,402.5193774094104,17389032
2014-11-28,406.0538024902344,409.6068863266806,404.52171670546426,407.00843427396524,14347264
2014-12-01,405.1225280761719,409.9981452655922,399.7905593389371,408.5824777336077,18341864
2014-12-02,396.1210632324219,403.26447715691074,393.9603170619228,403.26447715691074,10654992
2014-12-03,395.5435791015625,397.3038180979639,388.28838574514407,391.44564703646506,12775044
2014-12-04,391.5015869140625,399.5297821063401,390.23494411005817,393.02898905595356,9399228
2014-12-05,385.63409423828125,394.2583887713992,383.67826276747877,393.9603391187848,7358760
2014-12-08,366.9791259765625,376.0783930995499,364.6693779547518,374.21569674937876,166320408
2014-12-09,365.98260498046875,369.9315123311018,363.68215669073396,369.32613598917027,10050460
2014-12-10,365.7869873046875,369.7452169572525,364.9208289742925,366.20609397378263,7804712
2014-12-11,357.8334045410156,363.96165927957,356.70646379778617,363.4121727777968,8285932
2014-12-12,361.11163330078125,365.1629978716846,357.2837831972135,361.1861457025573,14572500
2014-12-15,358.5318298339844,364.5762708546292,354.8250592677333,354.83435910739564,12966284
2014-12-16,360.9905700683594,363.5238326791351,358.69944435198505,358.69944435198505,17792756
2014-12-17,361.083740234375,364.2503244922983,353.2231695834343,360.61806607879805,17851776
2014-12-18,366.18756103515625,369.1492534347076,362.2479528354321,363.9709473404984,19949980
2014-12-19,372.2878723144531,374.02948914309286,369.93155649311876,372.0922800700513,14294632
2014-12-22,372.46484375,374.4206753698864,367.94780405645287,373.65697423733985,10465104
2014-12-23,367.258544921875,376.6185944508519,365.7590652056176,372.69760938381444,8196952
2014-12-24,359.6028137207031,370.1177243743403,356.7156346931227,368.0687586128316,27339488
2014-12-26,363.6448974609375,365.21886679245057,359.677345112613,362.313065013815,2268748
2014-12-29,364.6787414550781,367.47278629387586,363.6915031835049,364.3527695572184,2792676
2014-12-30,366.2713623046875,367.8825995032759,364.4925005929255,365.50766120268514,4640552
2014-12-31,367.4262390136719,368.6183466864865,363.2258489473134,364.15719727794755,6968808
2015-01-01,367.77081298828125,369.1864578248745,364.5110940115228,366.7556297212937,2002764
2015-01-02,374.998046875,376.08774250798706,367.323746459979,367.323746459979,6778320
2015-01-05,371.77557373046875,378.1273638164369,368.348207855667,374.3833486533407,9937024
2015-01-06,364.0081481933594,369.7452626229589,360.2641327013001,368.8139143543872,9667316
2015-01-07,365.7497863769531,367.8359973961173,363.22582348268327,366.0198682787039,7249916
2015-01-08,367.5938720703125,371.9805319047992,363.2258573932691,369.85705311397766,13564920
2015-01-09,386.4071044921875,392.8427306301899,356.3431982047694,368.83256582738363,44863328
2015-01-12,394.13726806640625,394.74264444617666,386.509534776497,389.6761189168346,12758888
2015-01-13,389.0986633300781,392.61918708785214,386.50953332135754,392.61918708785214,8801236
2015-01-14,396.5028381347656,397.3131292328778,389.78785421135973,390.8868268613193,9921260
2015-01-15,397.54595947265625,401.00127021865205,393.44802759569785,397.72290652669176,8342452
2015-01-16,394.57501220703125,402.3424475860644,393.4015043063741,400.1072117661418,6690960
2015-01-19,391.6319885253906,397.1921564696448,390.1604762951698,394.89170781157105,4087744
2015-01-20,395.6739807128906,397.3131627250977,391.4363461831223,392.4701518339338,6804504
2015-01-21,404.1865539550781,405.31349459619184,394.51917590862195,397.03381654826615,8494908
2015-01-22,409.1319580078125,410.35203329369267,402.58459809095706,405.09923833129517,9958396
2015-01-23,412.59661865234375,414.4499926704358,403.29245824916524,409.79325117975674,9486328
2015-01-27,397.9651794433594,413.70496772464367,396.7730716574242,413.70496772464367,13739968
2015-01-28,399.4646301269531,401.373894245568,396.8102873279032,400.4797907338472,13134356
2015-01-29,399.64154052734375,400.46110881018046,396.3073319289074,399.5484057008401,15369424
2015-01-30,398.9709777832031,402.8174736559665,396.18625538309124,402.62188141226795,10833744
2015-02-02,398.03033447265625,400.85230158383774,396.0186130832642,398.89647018670473,8702540
2015-02-03,395.0592956542969,398.6077417001958,391.5388173424229,398.0303330515552,5265956
2015-02-04,399.14788818359375,400.47969782550393,396.0837164403749,398.5983564034653,5160016
2015-02-05,408.63836669921875,413.5186224272617,400.107207645837,400.62877176031236,11875936
2015-02-06,415.4744873046875,418.69696160067997,407.6511613836846,410.72461085265,7453728
2015-02-09,418.90179443359375,419.8517878315939,409.79322680989645,409.79322680989645,6536868
2015-02-10,424.3781433105469,428.0476462392454,417.43027642391166,417.80281571567775,8516920
2015-02-11,425.5982360839844,427.15356040545953,420.2709058023105,424.78794490068435,5796972
2015-02-12,430.5064392089844,432.5088381010188,423.3909471250465,425.25364376879946,6287536
2015-02-13,427.69378662109375,433.3936109595481,425.81244485543914,428.345730434302,5657516
2015-02-16,424.4619445800781,429.7054167857029,421.94730442568164,424.7506716189284,6244276
2015-02-18,427.7682189941406,429.3421883228497,420.6247602644801,426.6599237553446,8613764
2015-02-19,433.0210266113281,434.7533433729214,426.93934100518214,427.3025577110033,9673624
2015-02-20,425.2722473144531,435.12589340536965,424.1173391275356,433.728871059248,6971628
2015-02-23,422.0124816894531,430.13381007501414,418.75276324346373,428.4201386157477,5090488
2015-02-24,423.3536682128906,427.6657924057117,420.52237863746666,424.5085309438675,6437676
2015-02-25,431.69854736328125,434.9023761614966,424.69479052216974,426.3525721719709,6044972
2015-02-26,420.6155700683594,430.09667830752096,418.249908822035,429.81727379584436,6445776
2015-02-27,422.04046630859375,424.81586594805475,419.3861237531938,423.74481544324425,7801076
2015-03-02,426.8741149902344,430.00345396483766,424.33155265361097,428.9789709686035,7040992
2015-03-03,428.0197448730469,428.96969282782175,424.3781640231017,426.55750989110277,4905552
2015-03-04,423.69818115234375,431.009263879006,419.4605472152337,428.42013430123063,4375228
2015-03-05,418.6597595214844,428.1874356579609,416.0054165271936,422.28269577638713,5684916
2015-03-09,407.93994140625,420.78322736497466,405.88165224802117,420.78322736497466,7984720
2015-03-10,409.4206237792969,411.0877277791073,402.3796230649662,409.4392689316448,6329916
2015-03-11,406.4776611328125,417.2440570574397,404.0375557632957,408.69429747152606,6780912
2015-03-12,413.20196533203125,414.72004475842834,405.5090198474449,405.88155913990926,5688564
2015-03-13,413.5931396484375,415.3813465954784,408.3775891082252,414.44999828472623,6179684
2015-03-16,422.20819091796875,425.06744896005017,411.75848819188667,411.75848819188667,6818632
2015-03-17,417.3371276855469,424.6016436327624,413.0063585631684,422.2080605725802,5539312
2015-03-18,415.2881774902344,421.5002884006562,413.99361254032897,419.9449186596696,4905564
2015-03-19,415.46514892578125,418.92046017134777,414.03088165667555,416.2381952908381,6891740
2015-03-20,420.494384765625,422.6271630232846,415.93077863942506,417.43025831894505,6430896
2015-03-23,416.0238952636719,423.7634074711438,414.5430608030903,419.6654756186756,5078700
2015-03-24,411.9261169433594,419.7401217247188,410.9109561785536,416.2941322916711,6736532
2015-03-25,413.3509826660156,415.2229561959916,409.9329165290985,414.0587709281026,6170968
2015-03-26,399.7998962402344,412.5686448387401,397.1269084735738,411.28340239664675,15740840
2015-03-27,410.1937255859375,414.39411563709103,402.90128637386715,403.0875560393197,10074220
2015-03-30,415.0087890625,417.2440249102334,408.8432453254395,410.8363670037936,4623088
2015-03-31,413.21136474609375,423.51204171735117,410.6035892139281,418.1754335508535,8016412
2015-04-01,404.9408874511719,409.7000859972582,401.91400570647744,409.5883060193667,6738488
2015-04-06,405.7325744628906,406.9433272831677,402.41696533677947,405.8815992898155,7741752
2015-04-07,402.24932861328125,406.5894207632095,398.2445309447536,405.1365083278012,8542268
2015-04-08,409.8957214355469,410.7059671947268,404.7733056352426,406.5335448786941,10185576
2015-04-09,412.58740234375,413.31383601300604,406.8875311006542,411.916813205973,10581548
2015-04-10,416.11700439453125,416.87140544327764,411.69310096321857,411.69310096321857,7123776
2015-04-13,417.0205078125,417.9891009119287,412.79219578884727,416.87148299505185,4872336
2015-04-15,412.3451843261719,418.1754344450369,408.8712729609357,416.59214215426505,6237784
2015-04-16,408.796630859375,415.5675501925292,402.4355410985923,413.8911234996862,9007812
2015-04-17,405.9281921386719,408.85261696182874,401.12242539420004,406.0772169749336,6450316
2015-04-20,397.15484619140625,406.0678678105813,393.9882619011402,405.3227891540481,12825384
2015-04-21,399.1013488769531,401.4297193770848,394.91028197671625,400.10718674261545,8881648
2015-04-22,398.1886291503906,401.4111032508038,390.7844104245347,400.6753472147532,12350984
2015-04-23,395.2641906738281,400.47974078639515,393.4014942050542,400.2375811502569,11891800
2015-04-24,371.6451721191406,400.51696596849024,368.81388272072417,397.8533010536434,43565452
2015-04-27,369.6800537109375,372.91182748847615,362.87188912388,372.53928820027585,19822640
2015-04-28,365.2561950683594,369.1864804998452,363.5983904821886,369.1864804998452,10393500
2015-04-29,365.3027038574219,367.32372487518626,360.98123462785924,365.2561364480817,8289056
2015-04-30,361.7822570800781,366.019891961567,359.92888300732875,365.08854363596504,13134260
2015-05-04,371.2540283203125,372.53929343024566,363.2071886774168,364.9953727382832,13361592
2015-05-05,365.60076904296875,373.22850239704314,363.60769280954133,372.53931376178195,9408516
2015-05-06,358.01959228515625,367.8825612237808,356.76227213920157,367.8825612237808,10508408
2015-05-07,362.1082458496094,366.4110707665809,355.77507694071704,358.01031302620845,6779984
2015-05-08,364.70672607421875,366.4949332672106,362.34111013473836,364.7160486538068,5777676
2015-05-11,371.3564453125,372.5392528928365,363.63555565350106,366.0198159672118,4785512
2015-05-12,362.6856689453125,371.5334782467933,361.7356981784371,371.3565311559624,8284892
2015-05-13,364.4737854003906,366.00121004889155,359.2209907930397,363.55175980311907,7099084
2015-05-14,360.3945007324219,365.2375112671375,355.4024653937487,365.08848646318,6233844
2015-05-15,365.41448974609375,366.31789301053436,359.928857590866,360.4317765559788,5189344
2015-05-18,371.2446594238281,372.3343321068177,365.3864664815508,366.95113577050523,6469976
2015-05-19,376.702392578125,379.1890876629484,369.93149587939126,370.1736555005919,10272076
2015-05-20,381.34991455078125,382.22537292768766,378.79800636163327,379.9901368286953,5882188
2015-05-21,381.5640869140625,384.06940481797284,379.4778757572149,381.6478991682765,10059312
2015-05-22,381.19146728515625,382.14146056877905,378.14596344563597,380.7351157963503,6888824
2015-05-25,375.6686706542969,383.0728898614439,373.85254141480794,381.94594928943434,4675808
2015-05-26,373.8990783691406,378.39747223621816,372.939785121915,376.26469383418754,3965040
2015-05-27,366.671875,374.2157972440945,364.15723425196853,373.84325787401576,8454708
2015-05-28,375.6313781738281,378.4999353813051,367.91980998214154,367.91980998214154,10980540
2015-05-29,376.8514404296875,383.0542060246508,372.72556320592116,373.44269679842375,18993044
2015-06-01,381.4430847167969,384.4606446347184,376.87015467887306,378.6490393342771,5724892
2015-06-02,374.1506042480469,382.8028446879912,373.47071535578453,381.49895690370664,4673140
2015-06-03,376.43231201171875,379.88760011738145,374.0294291592624,375.9293703516273,5495796
2015-06-04,377.76416015625,382.7841179608308,374.886280517106,378.12737686641685,7489464
2015-06-05,374.7093811035156,380.73520029840824,374.0574372673882,378.1274249538986,6125788
2015-06-08,372.548583984375,377.1308123520906,370.1177562084933,376.2646540217194,6141048
2015-06-09,371.0678405761719,373.96434331710947,369.37279096452954,373.23788698697734,7561740
2015-06-10,377.47540283203125,379.8689630149494,369.74521323542166,370.67656137959153,6385840
2015-06-11,372.10162353515625,380.8749207442778,371.61732692421066,379.2357384970799,9229464
2015-06-12,367.891845703125,377.2984621172413,364.25026530305735,373.4706120852109,9852924
2015-06-15,374.5763854980469,377.73424670803155,366.08605855246145,369.47084645831734,5236426
2015-06-16,377.9422607421875,379.3226565119539,372.51527085171944,376.0513202810113,5223444
2015-06-17,376.5618591308594,386.1300125129118,375.2382009097083,382.34813188105176,6412068
2015-06-18,378.9255676269531,381.1946962042897,376.5997016020753,380.3059403285045,3474426
2015-06-19,376.4295654296875,382.1213155467573,375.57864209318143,382.0834828821378,6670458
2015-06-22,387.20782470703125,389.06095538010146,377.0534848252356,380.0411796452223,5710868
2015-06-23,378.3393249511719,388.5504020447222,377.4884018600427,387.6427415144113,6952116
2015-06-24,376.33489990234375,383.860850942098,374.8599804331123,383.860850942098,7073694
2015-06-25,374.5763854980469,379.51173528656517,373.51746349895296,377.8855311719457,7117466
2015-06-26,380.17352294921875,382.5750077431978,377.4694692604179,377.8098477257096,5320284
2015-06-29,374.4628601074219,377.99890869956994,371.5697126536543,373.2715586658084,5690668
2015-06-30,372.2694091796875,375.7109343896938,370.62430034493684,374.40618096070153,6212530
2015-07-01,377.20477294921875,380.07899291627484,372.8934199158677,374.0279840738267,6880852
2015-07-02,373.6498718261719,378.71760199295534,372.5342122279504,377.8099412493378,4007568
2015-07-03,374.51959228515625,375.54070455760603,371.3806363298783,373.64976445409343,2695306
2015-07-06,371.8723449707031,373.64983361355627,368.7333884344305,372.51526934145033,4305602
2015-07-07,370.8133850097656,374.4061715039959,370.2461029317293,372.5152312438747,3497418
2015-07-08,362.11505126953125,370.24609419621004,361.0939389366044,370.24609419621004,7024178
2015-07-09,354.74041748046875,365.32968367391555,353.24656995448237,362.1150850080478,8587772
2015-07-10,354.55133056640625,360.07286738798615,352.7171275827169,358.56011504423617,7411522
2015-07-13,359.3353576660156,361.16956033618766,353.2465166735162,355.87492803806555,6531768
2015-07-14,367.3151550292969,368.1660781683609,357.5768124377866,361.16959902494574,5367074
2015-07-15,372.13702392578125,372.87449520560193,366.08601540666285,366.8423914715526,4129566
2015-07-16,374.046875,374.9734403112204,370.43518384754447,373.53633038094284,3472938
2015-07-17,378.8876953125,379.889902895705,374.0657975903295,374.78436413105396,3447978
2015-07-20,378.6607971191406,382.2724884950843,373.4229016929716,378.7175345615538,4377180
2015-07-21,420.7909240722656,434.53804983615163,391.42461408217315,391.42461408217315,38310112
2015-07-22,417.1982116699219,420.5451671211867,407.17622702180006,417.8978504216828,12665660
2015-07-23,415.2505187988281,422.43609243924504,412.2250141081263,417.5007194463225,7710748
2015-07-24,411.3173522949219,418.4461884689524,409.615505911255,414.3239752720561,4480302
2015-07-27,402.8836975097656,411.4496188335498,401.04944876530817,411.0525491302608,6752244
2015-07-28,401.9571228027344,406.9303044367165,398.70471510446873,404.0938943221483,8476602
2015-07-29,410.48529052734375,412.98132225290914,402.77024560379874,406.1739378201689,7071334
2015-07-30,404.6612854003906,412.22504774432315,400.12302799403113,412.22504774432315,11956598
2015-07-31,407.3274230957031,408.95360387315696,400.87929892508316,407.8947051224839,7931012
2015-08-03,408.0459899902344,412.9813626529881,404.264109379859,407.6867297984626,7961012
2015-08-04,399.8393249511719,408.04598735650256,397.4756495849436,407.6867271670497,9099054
2015-08-05,410.84454345703125,412.2249389536056,401.6167465996428,401.635674466724,4753476
2015-08-06,411.0714111328125,418.0868167088823,407.30845915465056,413.7376548887537,7238252
2015-08-07,414.3428649902344,416.38508992323807,407.8758578403381,408.2540459329114,4988058
2015-08-10,410.7122802734375,418.40839894416416,403.52670630916924,415.25053751402794,3992754
2015-08-11,419.46728515625,422.39824254560614,414.38062818120864,415.55304806937784,7574406
2015-08-12,432.7984313964844,434.53808726469816,420.1669407755262,421.6796930375443,10168440
2015-08-13,437.94171142578125,441.2886660494271,399.1963686350225,433.78164335524275,9787960
2015-08-14,434.63262939453125,441.98836871968007,432.3067635847209,440.58909135925944,5109066
2015-08-17,431.94757080078125,436.22106886051984,424.5161650043451,434.91633831180127,3107436
2015-08-18,440.3431091308594,445.39190878697184,434.9161215429705,434.9161215429705,4150446
2015-08-19,444.5789794921875,448.60664528182843,439.7570818671769,442.48001735391074,6869518
2015-08-20,429.0732421875,441.9127071687672,426.596092157783,438.3199209316228,8369114
2015-08-21,434.87847900390625,439.05742955570804,422.6251760751959,431.47478631068316,10822142
2015-08-24,413.0002746582031,424.7051762314955,407.91361773331465,419.7698037583179,14122684
2015-08-25,410.5799560546875,423.19252106419805,395.01750513990606,416.0069465331706,13735078
2015-08-26,402.618896484375,414.8721957280435,400.5010531230611,412.1492608585718,11498212
2015-08-27,409.5019226074219,416.0445463133951,407.70552988053714,411.4684814422244,15343392
2015-08-28,420.18585205078125,425.42374731805376,416.61194727358514,416.61194727358514,7208820
2015-08-31,413.8890380859375,429.18672723768435,409.38859076497505,429.18672723768435,9917064
2015-09-01,411.8467712402344,421.5283757295798,409.19945498800143,412.2249592762676,9071550
2015-09-02,415.7988586425781,421.67970164746356,412.22499981680295,415.25050440261435,11171830
2015-09-03,415.7610168457031,420.5451048343443,413.1704379779866,419.8454661862066,8590536
2015-09-04,406.1550598144531,420.1669462915607,403.52667119090484,417.1414417278051,7318888
2015-09-07,400.4065856933594,410.33402170228567,398.98838054922703,410.31509383415107,5180988
2015-09-08,400.425537109375,406.17397716542786,397.9673147149846,401.6357204373225,5459496
2015-09-09,411.7332458496094,415.8555041697381,405.41752488891234,411.12815429929833,9148664
2015-09-10,408.6133117675781,412.7923087141339,401.2575717321998,410.2962765019708,8363004
2015-09-11,412.5085754394531,418.42722707973513,410.52308836995314,412.8111443162552,9883810
2015-09-14,415.9123229980469,417.5196222685554,409.44531634275506,415.6286819503101,6557076
2015-09-15,415.7043151855469,417.2170674914121,411.5253646399162,415.77998050016214,5291886
2015-09-16,416.63079833984375,419.6941117516483,415.3638778370911,419.0322827851555,7478240
2015-09-18,417.689697265625,422.7763533108074,415.647519100076,420.4694158591696,11576876
2015-09-21,417.7654724121094,419.35384388420243,413.1704780003256,416.00688860444683,4351234
2015-09-22,418.8244323730469,429.60279423942376,416.4229469446998,421.67977126351514,9626986
2015-09-23,422.15240478515625,425.97209480251337,415.04245108045626,418.8243315264599,4758254
2015-09-24,431.34222412109375,435.9371701343721,419.7885654087287,421.1122230474049,13399262
2015-09-28,418.1058044433594,432.2121905805447,416.38503040191614,431.11543603575296,9788464
2015-09-29,424.27032470703125,428.6384158719227,415.0614534022401,416.7632999082174,8699370
2015-09-30,439.4356689453125,442.0829857936113,425.82089658263334,429.0166139059764,9495692
2015-10-01,443.6335144042969,452.97474085489904,438.69814184235685,442.44221280325615,10864394
2015-10-05,446.92376708984375,449.7979872875658,439.454552450517,443.6146213635597,6881760
2015-10-06,436.6559143066406,451.00817853664967,434.1976919759561,448.9281442568397,8711880
2015-10-07,428.5626220703125,442.0072239031607,426.76622907477025,437.18532691512627,9182488
2015-10-08,428.1655578613281,434.76492006336986,425.85862027057453,429.7728568779513,9080874
2015-10-09,441.4967041015625,443.5767382130723,429.6215910318371,429.6215910318371,11782138
2015-10-12,424.66741943359375,461.31385492765713,419.4105957007204,453.4475241164687,30404970
2015-10-13,415.77996826171875,420.16694058649045,410.4096700346494,418.8243544883393,15326862
2015-10-14,415.09918212890625,421.88768512427885,411.16601729251545,412.7733164573192,8865510
2015-10-15,415.0047302246094,417.6520471027285,411.88467818968326,415.96912841071264,8255666
2015-10-16,417.8861999511719,420.3670294690415,416.01602684275827,419.45102155980857,6418992
2015-10-19,424.3935852050781,425.93935148764524,420.0235271614279,420.59602628977154,7347494
2015-10-20,429.7369689941406,431.28273548746057,423.8784031000089,424.7944111482687,8788310
2015-10-21,434.4887390136719,437.7137992303429,429.3744034676804,429.3744034676804,7278098
2015-10-23,438.87786865234375,440.06102427382814,429.412530500266,435.78638248327115,6033362
2015-10-26,439.7366027832031,442.1601731800675,436.30160791171363,440.44267574432274,3195942
2015-10-27,438.6871032714844,440.8244244964759,436.66425394294635,438.9160936544998,5263748
2015-10-28,440.1374206542969,441.9694369564817,434.71777952800744,436.8169435204605,5255472
2015-10-29,437.0267028808594,441.1677699560609,433.5917086376356,440.09908644435484,5887324
2015-10-30,433.3628234863281,437.0077539566823,431.28276154676945,437.0077539566823,4044676
2015-11-02,431.7406921386719,433.4963935457992,425.2142108677181,431.2827114351356,3544988
2015-11-03,437.1985778808594,439.0878067005219,432.5804267516014,432.5804267516014,3614682
2015-11-04,433.87799072265625,441.81661672655304,432.16049347213743,438.9541213090217,3205572
2015-11-05,428.5729675292969,437.0077808815653,427.23713588468075,436.22534656796023,2345306
2015-11-06,434.45068359375,436.5880051408443,428.57301439665406,428.61117170122236,3026172
2015-11-09,433.0383605957031,435.0993669148993,425.634028717903,427.4660446883221,6125676
2015-11-10,421.3020935058594,430.3285056247891,419.87084570444654,430.3285056247891,4680052
2015-11-13,420.1381530761719,422.1227985926429,416.0161396618271,419.8136995483841,3520868
2015-11-16,412.27569580078125,417.5427065301631,407.3140365824155,413.5924717781764,6808334
2015-11-17,405.13848876953125,413.30615108770775,401.5126615031059,412.19931028835964,7184106
2015-11-18,389.2994384765625,398.89835061584324,385.95985996021943,397.3144269157859,10125252
2015-11-19,399.9097900390625,401.5127691505803,390.7497796151,393.2115308150051,8539622
2015-11-20,401.6654357910156,405.78740195127205,397.71520074948137,399.98609553753215,6082978
2015-11-23,402.1615905761719,405.48211392754536,396.16945085154964,400.7494445030126,5616350
2015-11-24,397.37164306640625,401.054730005971,395.787719538085,400.749378510115,4325802
2015-11-26,401.6654357910156,404.37525593703754,396.9518685060891,397.29533074353344,9853968
2015-11-27,406.9897155761719,408.382806430147,398.84115207430244,403.8028123393416,5142478
2015-11-30,415.2145690917969,419.18390594143517,403.1157254884773,408.3827364260879,18105534
2015-12-01,411.81787109375,417.92453090607626,409.50877171616736,415.2528672381835,5898550
2015-12-02,404.8332214355469,412.18029400213317,404.18440768908357,412.18029400213317,6397616
2015-12-03,403.70733642578125,406.3981011944639,400.3868598343069,404.9477513096232,5504726
2015-12-04,400.38677978515625,406.43617722964996,396.9708407570005,400.3676778470291,8375530
2015-12-07,399.3182067871094,404.1844501673107,396.932793365442,402.772304057726,4513870
2015-12-08,398.612060546875,405.6156237490102,396.66557287019214,398.8601528151997,5724372
2015-12-09,392.4290466308594,399.5852856638825,390.2726472459378,398.0777232769648,6818254
2015-12-10,399.738037109375,401.36011826401904,393.2306571371612,395.6351259535107,5587746
2015-12-11,401.8181457519531,405.29129843692834,399.1846399701212,402.276126500921,5390198
2015-12-14,408.1919250488281,409.5850157379832,400.00520521614834,400.55860246726985,4816672
2015-12-15,411.2643737792969,411.8559283508444,404.10813355013255,409.62319071736624,5431808
2015-12-16,418.248779296875,419.0693707160237,413.4970550682385,413.4970550682385,5495852
2015-12-17,422.54248046875,423.5730067720293,415.25266813115763,419.8326607943689,4958782
2015-12-18,413.4016418457031,421.130380301767,411.98944933423905,421.130380301767,7219820
2015-12-21,421.1495056152344,422.65711490129627,406.83702461525894,411.0544543192947,4331012
2015-12-22,413.63067626953125,418.85948371412843,412.23758555046413,418.85948371412843,4109254
2015-12-23,420.1571960449219,420.78695454661886,414.89023082643087,417.94356020182585,2870928
2015-12-24,418.43963623046875,421.531122446669,416.05422300961953,420.6151610419444,1230054
2015-12-28,421.6455993652344,423.6493462732837,416.0160247188101,416.0160247188101,5526952
2015-12-29,421.62646484375,423.64931353540703,418.8021733589223,420.3097356133937,3345062
2015-12-30,414.6039123535156,422.35170640301266,413.34439555926133,420.2525428059896,5153970
2015-12-31,421.8937683105469,423.6303213257397,414.87110188608233,416.07335956743486,7943938
2016-01-01,421.8364562988281,423.2486022303571,417.2373611657052,419.83270927727744,1806550
2016-01-04,411.7795715332031,420.76778038530404,410.69183244792987,419.8136151192572,3975362
2016-01-05,409.92852783203125,414.2985864086837,405.424848837056,414.2985864086837,4949786
2016-01-06,408.1346435546875,410.1574925645301,404.14625135936325,410.1574925645301,5588328
2016-01-07,401.05474853515625,407.581229397261,399.9479075491621,404.585159889902,5294088
2016-01-08,405.8255615234375,407.3903831335082,402.8485474632268,405.1385439433588,3156716
2016-01-11,402.9248962402344,408.3636383421449,401.5509075535615,403.1539331797645,5360622
2016-01-12,400.7303161621094,405.6919756243466,393.44050273176583,405.3294114535314,6565212
2016-01-13,413.4970703125,416.3977234123846,400.0242380775071,403.4210757533369,8751294
2016-01-14,432.427734375,440.82438941140776,402.4096833018213,406.85610312775816,30227006
2016-01-15,435.06121826171875,444.259362409391,434.1643122003045,438.1527045068564,13036614
2016-01-18,432.0079345703125,443.53423393287295,430.65300107019533,435.0612638414657,10066612
2016-01-19,434.96575927734375,442.3318866992469,430.7292750889811,433.1910026796235,7500436
2016-01-20,427.943115234375,442.7326766304348,426.32103430706525,432.8093580163044,7507998
2016-01-21,433.9735412597656,436.0536032695153,428.22944671194415,433.19110696796486,6743000
2016-01-22,433.6681823730469,439.87025758850297,431.66443499574564,438.19091713521937,6436018
2016-01-25,434.2025146484375,437.71382467150755,429.202697288809,435.19483734277406,4579262
2016-01-27,434.52691650390625,438.7634014969902,433.1910849643686,437.56114379338493,6971962
2016-01-28,431.1300964355469,436.09175664694595,429.83242213915923,433.5727692422574,7788598
2016-01-29,444.6028747558594,446.54936265968877,431.89337425950407,434.3360467578853,10232108
2016-02-01,447.82794189453125,450.32787366854706,443.3433648912948,446.54936968396964,4251126
2016-02-02,448.6675720214844,454.1826281559102,444.25931022981473,449.163709963731,7632702
2016-02-03,441.854736328125,448.8010859029342,439.9655081497253,445.70960043369337,5245966
2016-02-04,450.2706604003906,456.0719675012288,442.751855548502,442.751855548502,5549346
2016-02-05,448.3432312011719,452.90416988610855,447.2554919348435,448.64858277317325,3984224
2016-02-08,439.2214050292969,447.38902301339675,436.5497420950313,444.16396282164646,4221044
2016-02-09,422.7524719238281,430.6338863362463,417.3518872021406,430.6338863362463,7579572
2016-02-10,423.09600830078125,430.32856284966306,421.7410748992263,422.8860732926179,5866054
2016-02-11,411.6842041015625,424.79442710247196,408.8217079620579,424.03109479860404,5214378
2016-02-12,413.9741516113281,421.51205721248317,407.23773551556684,417.80986802646294,7408096
2016-02-15,416.6839294433594,419.90898907963265,414.7183398765347,418.40142674814075,5093478
2016-02-16,411.875,417.0656498797509,409.7948917056553,414.8710697042225,5125448
2016-02-17,419.0120849609375,420.9776745363112,411.0543567321915,412.8672705617903,4164598
2016-02-18,428.7636413574219,430.1376297920665,419.8326466470924,419.8326466470924,4189072
2016-02-19,430.233154296875,432.8857153213905,425.1188187268442,427.1607232482451,3974018
2016-02-22,430.004150390625,432.79028515775417,425.19516651864444,431.66438872153327,3857010
2016-02-23,428.95452880859375,432.23684787176353,425.95845931355103,431.3780991673825,2501960
2016-02-24,429.508056640625,436.53072416599565,426.83639319217735,427.27531864815927,4950714
2016-02-25,423.76397705078125,431.5117725280576,420.252620250984,429.52712703390546,4484528
2016-02-26,427.9049377441406,432.04600542154844,425.93934810110255,427.5232716616128,4235636
2016-02-29,413.7451171875,431.43533001593187,407.7338766522982,431.0918212387583,8166076
2016-03-01,429.54608154296875,431.3971993480508,417.8480531786476,417.8480531786476,6386154
2016-03-02,441.2059020996094,444.068397139183,429.37425593603854,433.9733499356555,7214898
2016-03-03,446.2822570800781,455.2704671447918,440.44274622801396,445.78607243875246,5814304
2016-03-04,446.79742431640625,452.2743234725049,442.38916227436863,448.6866528543655,4281680
2016-03-08,444.0494689941406,454.3735571135272,437.92375516603573,443.87773786058983,7617746
2016-03-09,449.7936096191406,451.79735713759675,436.22535778669345,437.0077921204209,6305782
2016-03-10,436.0535583496094,443.8395568057764,434.85130070878654,443.8395568057764,24381016
2016-03-11,436.244384765625,441.18694249241366,434.412368713245,437.46569774047595,4058548
2016-03-14,435.5573425292969,440.53810386005125,434.5268626767757,437.3893584783355,4174262
2016-03-15,432.96197509765625,440.6334533608881,430.88186717753945,436.6259598482945,6720258
2016-03-16,439.85107421875,440.82434140073957,431.8742900750068,435.82452485525323,5588850
2016-03-17,443.4006652832031,446.4539945900812,440.4618544613761,441.5495937089298,6474622
2016-03-18,455.4803466796875,457.6176675855865,443.4960214632623,443.80137298843425,8477422
2016-03-21,456.0527648925781,457.6175863535834,450.38503346218084,453.41925987327534,5138392
2016-03-22,454.1635437011719,455.70930999674806,447.3126560437092,454.6597282526182,7097950
2016-03-23,460.9763488769531,462.08314333007354,451.167501840932,454.18267344484667,6333176
2016-03-28,459.86944580078125,472.1209170297758,456.37719202777237,470.36526246878356,10787510
2016-03-29,456.94970703125,465.2127868501895,454.7742290457994,457.61762266065466,6995356
2016-03-30,460.27020263671875,461.81596893738345,456.30091257247653,457.08330010298056,5756818
2016-03-31,464.9839172363281,469.4112355254337,458.1139261218201,461.9114859074073,17996320
2016-04-01,460.0793762207031,466.47228332083205,456.1291414499866,464.10597216458535,5511428
2016-04-04,474.6781921386719,476.31937528893184,463.1709945029369,463.1709945029369,4577054
2016-04-05,465.5563049316406,474.14379176690136,463.34262302251204,474.0292733063921,4790716
2016-04-06,458.26641845703125,468.68592050494635,456.47260661556663,468.68592050494635,4931354
2016-04-07,450.9385070800781,461.2053347141831,448.457677375448,461.2053347141831,5657890
2016-04-08,444.9271545410156,449.41173019261925,443.5150089293124,448.78197195331234,4195578
2016-04-11,451.85443115234375,452.94217004129194,439.3357664852519,444.94628519103014,5768678
2016-04-12,451.2056579589844,456.05284552458033,449.83166927688444,450.5568442060793,5842138
2016-04-13,447.57989501953125,456.0719672279704,445.1563241791894,456.0719672279704,12511386
2016-04-18,472.769775390625,483.91445336937085,470.7851303236386,477.0826209197797,25015990
2016-04-20,474.6399841308594,475.72772327000285,467.846355054212,474.7926598990083,8072848
2016-04-21,468.0372009277344,477.46433584514995,464.90751066037814,477.46433584514995,5441100
2016-04-22,462.2930603027344,468.8768004804204,460.67097938939145,468.03715370249455,5143938
2016-04-25,464.0486755371094,467.46461477089167,458.419101081697,462.5983724450267,5364134
2016-04-26,470.26995849609375,473.0942973388626,461.281701980618,463.8961058037482,5846744
2016-04-27,473.3232421875,474.1628890050841,468.8959245682257,469.1439702710788,4486208
2016-04-28,461.4915771484375,473.11329133333453,460.6709857100557,469.8309721699076,12165168
2016-04-29,461.09075927734375,466.98752787770377,459.9076038054898,462.3693312645101,5036410
2016-05-02,458.4000549316406,462.2548729451941,456.52988185869975,461.8159476438769,3615250
2016-05-03,449.5263366699219,462.6556128129946,447.23634014402336,459.0488869207438,6824810
2016-05-04,453.74371337890625,455.3276369411049,446.79740930553385,450.74764394588846,5812842
2016-05-05,455.11767578125,457.61760711671644,450.78577530713005,456.148202099957,6302668
2016-05-06,450.9385070800781,454.1063544158771,449.240111533718,454.1063544158771,2596720
2016-05-09,457.6368713378906,458.59103682869966,450.59510206165254,451.129444054528,5123678
2016-05-10,462.8846740722656,464.3540792689465,456.7016551732291,458.9534945267652,3395704
2016-05-11,458.7054443359375,463.6098449521457,455.1368752193249,457.4268720757743,3709888
2016-05-12,461.81597900390625,462.9609772989573,456.7780051417218,459.4878251219892,3406932
2016-05-13,460.76654052734375,461.816122624217,455.00338996799,460.28945775603773,5652064
2016-05-16,463.7242431640625,467.0256637605743,459.9075827264982,461.89222751799434,4533878
2016-05-17,463.4380187988281,467.8271785403859,461.1098651234993,465.63259866960703,3796294
2016-05-18,461.75872802734375,463.3426516818381,457.19783670654886,457.61766010422065,4256596
2016-05-19,460.19384765625,464.16318396213956,458.3809338877514,462.17849251414737,3954400
2016-05-20,458.6100769042969,465.4419109088864,457.99942032854756,459.9077512465832,3994548
2016-05-23,453.4193115234375,459.9648942359243,452.27431326201463,459.2969785834277,4585946
2016-05-24,453.323974609375,454.8506392260347,449.45005382657985,454.5834915541619,3485060
2016-05-25,461.3007507324219,462.9991462769085,455.74749022521974,455.74749022521974,3857396
2016-05-26,471.0332336425781,473.1896564576884,461.8541451649419,461.8541451649419,6136436
2016-05-27,476.1285400390625,480.7085340113821,470.06003870771735,470.06003870771735,6180764
2016-05-30,483.8000183105469,485.4793587437197,473.83854078642133,473.83854078642133,5285700
2016-05-31,476.5673828125,483.47552987156735,472.8842956470274,482.80761419974954,13782038
2016-06-01,480.21221923828125,484.1433983019982,475.55591193085513,475.5750138699403,4840534
2016-06-02,481.4908752441406,486.5861082357543,478.60927762400115,478.9909437146104,5053552
2016-06-03,483.5328369140625,488.26550631748154,480.9184332010368,480.9184332010368,3998380
2016-06-06,483.4754638671875,487.38754083946986,481.31904138883755,482.76939099996497,4225768
2016-06-07,479.9070129394531,485.67016232565004,479.02916218290113,483.5709985592131,5692420
2016-06-08,472.5408020019531,482.40686163847715,471.49122019827814,482.40686163847715,8741370
2016-06-09,457.7334899902344,473.46747541166167,455.6292089525467,473.46747541166167,12740804
2016-06-10,455.8415832519531,459.4710276870901,451.7874271253023,453.8338295470253,6383956
2016-06-13,455.95733642578125,457.50177652062166,450.20428764598637,454.37429475508407,5286722
2016-06-14,453.6793518066406,456.5365758743216,450.68699863515,456.5365758743216,2940728
2016-06-15,459.4517517089844,460.49427738802143,455.2431888023168,457.03856328425,6711572
2016-06-16,457.9266052246094,459.2779906531812,451.7874448511524,459.2779906531812,5302564
2016-06-17,455.416748046875,460.53270558110233,453.71785460899525,459.08479307141533,8515082
2016-06-20,466.7105712890625,467.8882259165982,455.4940543214932,455.99601629152664,6229566
2016-06-21,465.6874084472656,469.04659478626496,461.6525765277419,467.6565606418055,4761724
2016-06-22,463.13897705078125,467.94602803041806,458.7566376740222,464.87647217102176,3031258
2016-06-23,467.8109436035156,469.06580131014124,460.76443494323325,462.28959797390854,3828626
2016-06-24,461.2277526855469,462.9459234566902,447.8876323684409,458.6987131497481,7808348
2016-06-27,450.28155517578125,456.84542651730914,447.88769153954934,452.54033684348707,5583778
2016-06-28,447.5594482421875,452.7140076878547,445.99568377624973,448.9687592704593,7655974
2016-06-29,454.3937072753906,455.5713620513893,447.96496403990324,451.36275211329405,5459150
2016-06-30,452.05767822265625,457.3473672047505,450.95722684286534,455.8029269609185,9346224
2016-07-01,452.6755065917969,455.60993402851494,451.78743447752197,455.60993402851494,3991912
2016-07-04,457.135009765625,461.24709153876734,454.1426566495352,454.1426566495352,5381322
2016-07-05,453.85302734375,458.5056721754863,452.154180875011,457.5403970761695,3596416
2016-07-07,446.8258972167969,452.13491090159357,445.9571495229211,451.24683885037786,5954876
2016-07-08,447.1927185058594,450.59050638734885,445.3780198096032,449.0460659198686,5551648
2016-07-11,453.6986083984375,455.1078722981336,447.8876336093563,450.74485725027523,6668882
2016-07-12,454.27783203125,455.74502205103363,450.9765720047253,455.6098929499793,6197368
2016-07-13,460.9382629394531,461.71048315068856,453.75657726889875,455.60992462889624,5275420
2016-07-14,454.1619567871094,461.8069548064603,449.432108565522,461.40152039157977,7413328
2016-07-15,414.1224365234375,459.4324506050293,406.1878545422264,459.2779971273558,61484126
2016-07-18,417.75177001953125,418.89082300185845,407.4040484568622,415.9370715494869,14332824
2016-07-19,419.68231201171875,420.85996655096966,414.72080715366513,420.3194030389762,10404644
2016-07-20,418.1958312988281,420.8213987779631,413.1377985191747,413.1377985191747,9822896
2016-07-21,416.96026611328125,419.7788412912904,415.29997399073227,416.6127576303552,8668002
2016-07-22,414.0837097167969,416.96025790668295,411.8635769000907,413.1377589348826,9386538
2016-07-25,417.32708740234375,418.2537610582989,410.43503162240637,410.43503162240637,8469552
2016-07-26,420.3580322265625,420.8213926098074,413.27292156737,413.27292156737,7189610
2016-07-27,419.0646057128906,423.36974294039703,416.43908519901134,418.81362471053166,7431820
2016-07-28,416.0336608886719,419.68238272742303,414.7015998066094,419.0839403114954,11258562
2016-07-29,414.6243591308594,415.744087949113,411.7864590645266,414.1417214620074,8156784
2016-08-01,419.0259094238281,420.0297860737956,412.5006405001816,413.7168965193567,9096662
2016-08-02,418.4661560058594,418.9294692847545,415.06836818535584,416.9603171505775,6822502
2016-08-03,418.89080810546875,419.5085747669677,413.25361072885653,419.1803906467253,7213460
2016-08-04,413.8327941894531,419.6630468524879,413.15710156318073,419.46999181641013,4237278
2016-08-05,412.36553955078125,414.4698205016386,409.27665910470796,413.9099797738179,5609968
2016-08-08,416.4969482421875,417.38502032996445,410.2613077999368,412.75169910521,4643064
2016-08-09,418.3116455078125,418.73635714432993,413.7169263994002,415.84053171456276,7192664
2016-08-10,417.9063720703125,420.04930256681774,415.1456746706776,415.4545816885392,5576454
2016-08-11,415.9756774902344,422.79052970143505,415.1648557638978,417.65524688034105,5038552
2016-08-12,410.26129150390625,416.5355804132063,409.276691929723,415.08766758798316,7449928
2016-08-16,406.110595703125,408.5237836716676,396.92115706588385,402.3266981154193,16429408
2016-08-17,398.9675598144531,406.4387803478752,397.886432750165,405.3962548646164,6599316
2016-08-18,395.14508056640625,401.2069902035993,394.41146195954457,400.2031133833264,8434000
2016-08-19,394.334228515625,401.1683817926264,393.2338241903516,397.69339099750255,5686016
2016-08-22,392.0755310058594,397.69342860936433,389.6237175732013,393.0601071110028,10253518
2016-08-23,401.4193420410156,402.3266912752458,393.8708713507191,393.8708713507191,7406138
2016-08-24,408.2727966308594,410.06821787929664,404.2572424843467,404.2572424843467,6129966
2016-08-25,400.0679931640625,408.35003603102274,398.50422839187064,407.3461591884489,4796562
2016-08-26,393.9287414550781,403.8710743072891,392.6931846980512,400.00997417050814,6881054
2016-08-29,394.913330078125,397.6933269799801,390.3572364822911,392.9055532286582,5220282
2016-08-30,401.7089538574219,403.4850508749487,395.7628489443277,398.63935031045196,4375438
2016-08-31,399.9521789550781,403.774678766282,396.84402060869724,400.43481662991235,11139814
2016-09-01,400.6086120605469,401.72829380925185,398.46568183716664,400.7823427780804,2877826
2016-09-02,398.40771484375,401.5545217241626,396.22618325594357,401.18773596600533,3332592
2016-09-06,403.48504638671875,404.9908851729554,399.8556020931835,400.8788032641251,8215044
2016-09-07,407.0951232910156,408.8905444566461,403.09889368530554,404.64333389099636,7425470
2016-09-08,400.64715576171875,403.4850555777832,395.3767434561244,403.4850555777832,9092774
2016-09-09,399.8170166015625,401.9406221943279,396.3613499900041,400.3961817632258,5053438
2016-09-12,406.9600830078125,408.50452355053665,395.8594166069827,395.8594166069827,6203096
2016-09-14,403.71673583984375,408.4273076276662,401.80550958091413,406.94074594562824,5152418
2016-09-15,402.4039001464844,404.18004419240214,399.75905556691015,403.7166838241976,4701722
2016-09-16,409.3345947265625,411.0141640823471,400.8208489425637,405.0294580764511,9949384
2016-09-19,409.739990234375,412.71306607326267,402.0757147189521,403.8711359832516,5809154
2016-09-20,405.4736022949219,408.1763734705433,403.7747081294421,406.6898587504693,4214004
2016-09-21,407.6356506347656,409.7592557292399,405.8209524070612,406.9599581047056,4231532
2016-09-22,408.81341552734375,409.66283894167304,406.1878478479171,408.8906186986162,3629514
2016-09-23,402.5390625,408.8133509842581,401.5544629925169,408.1183340222023,5205294
2016-09-26,399.97149658203125,403.09897923579206,398.07954750201304,402.6163415690825,6371798
2016-09-27,401.4578857421875,405.37691179797116,398.98677223416354,399.64318753535656,6525660
2016-09-28,401.14898681640625,402.4424930907218,398.94817855329256,401.55442119082915,5434708
2016-09-29,397.3844299316406,403.46566299456185,395.37667659881635,403.46566299456185,8902638
2016-09-30,400.02935791015625,403.06031254097246,398.1180847791716,398.1180847791716,6502354
2016-10-03,400.82086181640625,401.5544803897877,396.18754088883173,399.8169850419473,3656160
2016-10-04,405.1066589355469,405.9561293530403,400.89809695813886,401.5544652117045,5066586
2016-10-05,402.1336975097656,405.3577076456171,400.3962019372318,405.106726636401,2307574
2016-10-06,396.6895446777344,403.4850733283265,396.1296567270593,403.4850733283265,3721882
2016-10-07,390.955810546875,399.1606744413267,390.00983600754637,397.6741127228631,6288558
2016-10-10,397.6739807128906,398.3689975747717,389.97110496779203,392.6738750022223,5413170
2016-10-13,406.32293701171875,408.50446841036927,394.3728487784544,394.3728487784544,9778690
2016-10-14,396.5929870605469,418.04137420968107,384.6621758924241,406.53532184521936,33461690
2016-10-17,394.75897216796875,402.24951746809995,392.8090973272173,399.60462560047586,8014858
2016-10-18,401.1877136230469,401.7475544085467,396.65092000046116,397.69339840538504,6388134
2016-10-19,402.2494812011719,403.7552727359997,400.01002398989687,402.32668436049477,3509836
2016-10-20,400.2610168457031,405.6858350951102,399.1606125634985,403.3884990123921,3535490
2016-10-21,405.19769287109375,406.251351673232,399.03170709498534,403.90984532353036,3863620
2016-10-24,400.8268737792969,406.9147810850853,400.2024815804083,404.88549452917954,2902974
2016-10-25,396.96343994140625,405.43189392203834,396.18293770944086,404.4952817160647,5636014
2016-10-26,395.7926940917969,397.9975986474486,393.88045405963896,396.88539247344215,2775216
2016-10-27,391.6169738769531,397.25610696415055,390.68036172123215,397.2365991732056,7227790
2016-10-28,389.2754821777344,394.15362105214206,387.5778993770555,392.280420488177,5840706
2016-11-01,386.1339111328125,392.9047574094358,384.9436501788716,392.9047574094358,6332798
2016-11-02,382.8558349609375,385.3729593070542,382.44607607181075,384.3192765785592,5377194
2016-11-03,377.314208984375,383.2265217756348,376.63126966349176,382.85577852334865,5225108
2016-11-04,378.9338684082031,382.133932616859,375.031356890096,377.3728638009603,6005548
2016-11-07,381.6460876464844,384.7876043993244,380.49484207843943,384.39735327924393,4537672
2016-11-08,383.4607238769531,385.47052658290454,378.7777106458776,385.13882267331815,5261108
2016-11-09,373.97760009765625,380.3386878510587,351.61621828256125,362.93349944814867,12764158
2016-11-10,366.6019287109375,375.61672047471495,364.8848141754374,375.61672047471495,7287330
2016-11-11,359.6358642578125,368.7872564976728,358.52365824995724,366.83600117228826,7096782
2016-11-15,360.4163513183594,366.81647804563454,354.5625855869615,360.59196905410806,9235850
2016-11-16,367.187255859375,373.4117416176137,362.36764066222776,362.93350949998654,12222616
2016-11-17,362.8554382324219,370.34826350120585,361.52859889275317,364.59206024868445,5706730
2016-11-18,359.0309753417969,364.20180188883904,358.05534769141155,362.93348594333816,6040228
2016-11-21,355.5577392578125,361.7237252001108,353.9382116137055,361.7237252001108,7940568
2016-11-22,356.76751708984375,362.40664956433886,355.77238166941146,357.8211996957861,5483126
2016-11-23,359.1285400390625,360.16271488164887,356.0845865172897,359.85049497661817,8251786
2016-11-24,363.0505676269531,366.7969922107007,360.31881012213177,362.2310499031208,16780644
2016-11-25,381.470458984375,384.39734230139067,363.10914907277083,363.10914907277083,12631380
2016-11-28,382.3485412597656,383.7924751918929,378.7777339240085,382.17292348900014,7365712
2016-11-29,379.55816650390625,384.2802185600619,377.41178570175396,381.97772780832116,6125506
2016-11-30,380.70941162109375,381.27528041417446,375.05077132835527,379.71427619548797,8500918
2016-12-01,380.72894287109375,383.8314437107206,377.3727931217206,380.8850528301957,4611590
2016-12-02,376.39715576171875,378.38742668447776,375.07029260052275,376.51422631852193,4453228
2016-12-05,375.284912109375,377.9971377096299,373.86048632384757,376.94347898502883,3659576
2016-12-06,377.1776428222656,382.2509065125807,375.28493474233863,375.34345810888345,3562110
2016-12-07,377.1386413574219,379.7142888766589,374.71907997384585,377.76303353813546,3385980
2016-12-08,384.2607727050781,384.82661777071036,378.5630920932461,378.5630920932461,5941662
2016-12-09,386.09490966796875,393.43164927798335,383.0314481128671,384.39732693955585,8648384
2016-12-12,381.4118957519531,383.5387689700231,376.670359269193,383.5387689700231,5345020
2016-12-13,386.4266357421875,387.46078684370923,378.97282559973854,382.6411953891151,4854282
2016-12-14,390.1535339355469,392.18284440224477,384.04609474442503,386.7388368393368,5382614
2016-12-15,387.2656555175781,397.64634869266183,385.95832390758846,389.2364425563593,7966416
2016-12-16,392.2608947753906,394.03653248074454,389.37302716606337,391.73404150960226,6436742
2016-12-19,392.0657958984375,393.47069039803074,387.94862754124904,392.6316409652772,4124134
2016-12-20,394.9926452636719,397.66585566866826,390.75840669942886,391.03158722277294,7636498
2016-12-21,390.8559265136719,398.83656508969403,389.5681028383435,396.4950588367213,7343976
2016-12-22,384.28021240234375,392.9828060241767,378.34839169854945,391.2266763051014,7060054
2016-12-23,385.74371337890625,392.82675671443917,379.94847011997484,384.3583267060365,7306036
2016-12-26,383.5191955566406,387.9095195963376,380.53376568203373,385.56801344183253,3213828
2016-12-27,389.84124755859375,390.9924927911368,382.44598622442743,383.5191764918939,4912816
2016-12-28,389.66571044921875,394.07554296941373,388.29983164443934,391.40233255053124,5476816
2016-12-29,387.2656555175781,393.37309453877566,385.62662001222867,391.7145274239048,6240124
2016-12-30,394.3876647949219,394.93402574154453,387.42169373015645,389.47051155144413,7267768
2017-01-02,390.6802978515625,395.304786863233,389.9973585468841,394.58280816401054,2335222
2017-01-03,387.8509521484375,392.1632448128794,383.2264872625457,391.8510249533673,6778482
2017-01-04,389.373046875,391.89017131041237,387.22666575967804,388.31936410912533,7073586
2017-01-05,388.7486572265625,393.95850007738534,385.8607894517234,390.8755067453013,8207074
2017-01-06,379.421630859375,389.80230056123764,377.782571480387,388.2608277759996,14393448
2017-01-09,378.68011474609375,381.25578608930687,376.5922810574823,379.42160130376914,10545692
2017-01-10,378.7581787109375,382.8363072368497,377.7435354364968,381.275302925996,11939854
2017-01-11,378.1922912597656,381.84115294811323,376.18251259993764,380.18258594951004,12241574
2017-01-12,390.2705993652344,391.9682059050051,381.48994980480893,381.48994980480893,11855740
2017-01-13,380.8070068359375,405.8611314446961,375.69472711170044,401.95862056542023,31276246
2017-01-16,372.94354248046875,376.7679992066809,371.69473396481715,376.59238141526964,12351372
2017-01-17,372.8459167480469,376.2020667369651,371.6751634283261,373.17762066101955,5560094
2017-01-18,371.0507507324219,375.03131681939044,370.66049962230807,373.8995790724453,5952962
2017-01-19,373.8995361328125,374.484912730757,369.99702547984907,371.12876309682235,8876480
2017-01-20,370.23126220703125,371.96788454817903,369.1775793625902,370.73858392649123,9124742
2017-01-23,371.79217529296875,373.86050106742647,366.8359822582264,368.7872374830042,7948580
2017-01-24,369.0019226074219,370.73854476512906,366.87504934996196,370.73854476512906,6826010
2017-01-25,365.5091552734375,369.4897210888897,364.80670808695436,369.2165405666363,9978090
2017-01-27,367.6750183105469,369.7823595861048,351.67472604275486,364.43591569867016,10635138
2017-01-30,370.4848937988281,371.32394324022846,362.48474578366813,365.86042752255827,11369208
2017-01-31,362.3871154785156,367.42136355079754,352.923527516639,367.42136355079754,24068534
2017-02-01,357.7626647949219,360.2797889347062,353.23576195643693,359.460247404595,11531782
2017-02-02,365.23602294921875,368.7872985184481,355.1675252677708,357.8602674512348,11828268
2017-02-03,365.3140563964844,367.1872807892165,359.440781924999,364.4164836027388,8423958
2017-02-06,364.98236083984375,368.2994953676584,363.14817580771506,365.7628630816825,6727934
2017-02-07,367.7141418457031,370.66053323040677,362.36769638856947,364.10431874984454,9268002
2017-02-08,365.47015380859375,368.43605263009306,363.8896416232021,365.2750282593099,6319962
2017-02-09,369.1775207519531,370.73852506802905,365.48964329141666,365.6652610407823,11907266
2017-02-10,377.8800964355469,379.3240301205947,368.1238199406756,369.27506533087734,12252452
2017-02-13,384.1436767578125,384.82661621125845,375.753277758334,379.6557889208821,13724268
2017-02-14,385.45098876953125,385.958310399576,379.46062051993675,382.4460507498327,9338818
2017-02-15,383.14849853515625,389.78276677317047,378.0752345884395,386.0363660016707,7259486
2017-02-16,394.97308349609375,395.6755544507803,386.3680524915252,386.73879575782433,12815858
2017-02-17,390.2901306152344,395.6170678630274,387.4022866554251,395.6170678630274,4851208
2017-02-20,394.2511901855469,402.3489008476108,387.7144839884591,388.88523733719126,4650662
2017-02-21,395.5585021972656,399.8122486800906,390.2706045993206,398.875636520136,7613996
2017-02-22,386.4070739746094,396.104802720498,384.9436325852479,396.104802720498,6607838
2017-02-23,393.7048034667969,398.05611265728265,387.65591155876956,389.82182416816323,9542656
2017-02-27,395.0902099609375,399.22686195504696,392.96333677322514,393.09991512604495,5328696
2017-02-28,395.0902099609375,399.10979139276765,393.86090950941457,394.87555280788337,5940132
2017-03-01,400.0658874511719,400.7878423913516,394.1925898876775,394.9340764362686,4282448
2017-03-02,399.34393310546875,401.1781179806662,396.69023047407313,399.7732235931732,2948498
2017-03-03,402.4269714355469,403.6367881248721,390.4072644606798,394.2512288046058,5401612
2017-03-06,403.48052978515625,404.2805157748381,397.93896066536087,398.07553899159313,5286386
2017-03-07,397.9779968261719,400.3195268322411,395.98772609480386,398.83655385855843,4644496
2017-03-08,393.2950134277344,396.8463123644646,391.98768190460225,396.8463123644646,6179176
2017-03-09,394.75848388671875,395.32435272896333,389.86083748887893,393.2950423045533,3480630
2017-03-10,398.7780456542969,401.0415209115654,395.48044317379345,396.1048353570872,4550324
2017-03-14,403.831787109375,406.60255990992624,399.14875090471236,399.14875090471236,7878396
2017-03-15,394.91455078125,403.8708170511591,393.1779288626652,403.8708170511591,6373978
2017-03-16,401.50982666015625,402.6220327452502,395.44142694058905,395.44142694058905,6702956
2017-03-17,405.9782409667969,406.9928843056341,397.7634362043304,404.06600103702243,9507846
2017-03-20,398.6415100097656,400.61229717615504,396.1438933709783,400.61229717615504,4427388
2017-03-21,403.0708312988281,403.8903490653371,397.58780821385625,398.4073497994017,4869584
2017-03-22,401.0610656738281,405.84164199759084,398.2122610188403,399.01227106839696,3990852
2017-03-23,406.0367431640625,407.0319025370963,400.631774887134,401.2756987380338,4501662
2017-03-24,402.50494384765625,407.4220975665354,401.0609863749725,405.08059125868175,4883896
2017-03-27,401.50982666015625,406.58309085847577,399.8122439367947,400.8659028304473,7684824
2017-03-28,403.96844482421875,405.4709020655667,401.97817369684395,402.54401874940527,4796796
2017-03-29,402.6805725097656,406.4465050074442,400.3390659998812,403.6367162508116,6981186
2017-03-30,400.2024230957031,404.2610432524679,398.15360523002545,403.5195567829908,12157180
2017-03-31,398.9341735839844,401.6854628018614,393.37309559565296,399.3244246708848,14153854
2017-04-03,393.68524169921875,402.9146644407594,392.631559134609,402.79761771239873,4315600
2017-04-05,388.6705627441406,392.3584401651234,386.7388151599082,392.2023302075759,7398338
2017-04-06,390.0950012207031,392.51456287390596,387.1291023032529,389.52915616470364,5379008
2017-04-07,383.0509033203125,390.60227523124,382.05576793271115,390.60227523124,6404508
2017-04-10,372.0653381347656,386.1533906616085,370.77749069229026,384.358245467601,9528472
2017-04-11,377.43133544921875,379.2069730707121,373.09953423981193,373.09953423981193,8655466
2017-04-12,378.0947265625,381.2362666225531,374.7775925822492,378.54352480508874,6696752
2017-04-13,363.4798583984375,386.3485617158205,361.62616580434644,378.54354026701606,30973188
2017-04-17,360.9431457519531,363.75293379026937,360.39678484504174,362.93341624893213,7213434
2017-04-18,360.0652160644531,364.49455688008055,358.67980549217253,360.88473391312044,4647518
2017-04-19,358.71881103515625,362.9335180943805,356.1626711285139,360.2017604313045,10071702
2017-04-20,361.8798522949219,362.8164644936692,358.4651550564188,359.61640060349305,4549000
2017-04-21,360.4749450683594,364.80672274154637,359.4602779190919,364.80672274154637,3577466
2017-04-24,361.587158203125,362.3481526251112,356.299260470357,358.05539045076955,5556666
2017-04-25,362.67987060546875,364.10429672800063,359.24566549660074,361.3335232901617,4737060
2017-04-26,356.78704833984375,365.09939154392146,355.2065362365178,362.91399503303074,9084496
2017-04-27,361.079833984375,362.5432756244089,357.4700112722913,357.4700112722913,7797208
2017-04-28,358.6213073730469,361.9189344308297,357.31395169880426,361.7042772381197,5029702
2017-05-02,360.045654296875,361.5286275278394,357.1187710552928,360.59201536291835,3231126
2017-05-03,364.611572265625,366.4847726497804,358.11390620005153,361.56761866399313,4659448
2017-05-04,365.9189147949219,366.69941691248664,362.50421803057594,365.6652420790996,5279806
2017-05-05,363.51885986328125,365.80181902079926,359.0309727044753,365.2749896210749,4432788
2017-05-08,368.9824523925781,370.17271360423024,363.71406200939487,366.0555688463652,4707098
2017-05-09,369.43121337890625,371.4995394453021,367.6555518185024,370.9726861688282,5649372
2017-05-10,368.2604675292969,370.73855253706125,365.7238353277275,369.626346407065,3364302
2017-05-11,368.43597412109375,370.679917459702,365.8798347339637,369.5091644134716,3229482
2017-05-12,376.29962158203125,376.9825610041402,371.3044122869846,371.90929672561657,10979996
2017-05-15,371.3434143066406,376.0069195253812,370.3872943868011,376.0069195253812,7297164
2017-05-16,372.6898498535156,374.6996528122788,369.54833284630706,371.94836313770935,6130168
2017-05-17,371.8312072753906,374.03613530428646,368.3384555051282,371.3629012369752,2915508
2017-05-18,375.323974609375,380.06553473902085,367.94821970082273,368.0067668901904,8057848
2017-05-19,373.841064453125,375.6947572695812,369.8995138572373,375.22645116266887,4257396
2017-05-22,375.2069091796875,377.33378234961725,373.2946693419813,374.01664813823345,5503052
2017-05-23,373.5873718261719,377.37281224538793,372.3385635471781,376.45573169153766,4039982
2017-05-24,372.6117248535156,376.7874161557657,370.5824144822409,374.64103522479036,5636286
2017-05-25,383.7339172363281,385.02174115410344,375.03132212156044,375.03132212156044,10438514
2017-05-26,388.572998046875,390.251072896523,382.68019255471637,385.1778089488682,4988004
2017-05-29,384.45587158203125,388.9632669164106,380.7679940106168,386.69981535385574,6308434
2017-05-30,388.76812744140625,390.2510767693226,381.91922580791174,383.22655738747477,3716910
2017-05-31,381.2947998046875,387.73394240269187,380.43624269448,387.73394240269187,7763900
2017-06-01,384.90057373046875,388.1893013227874,379.8089674471563,384.0684702921334,5508606
2017-06-02,384.12786865234375,386.5052653029117,382.0476465830968,385.69299295079355,3917966
2017-06-05,379.8882141113281,385.13829894780804,379.2146134841609,384.3458333121129,5462698
2017-06-06,388.050537109375,391.27984372107863,382.1268767973051,382.3646067755351,7008686
2017-06-07,380.8985595703125,391.8345986076152,374.43997021194815,390.2892811203904,12455046
2017-06-08,378.97686767578125,381.552380884473,375.6881402615088,381.552380884473,6195352
2017-06-09,375.86651611328125,376.7976779309521,365.7229636320281,371.8843803385139,14757662
2017-06-12,381.908935546875,382.44386428264403,372.49840750933026,373.78616397762585,8591676
2017-06-13,379.5117492675781,381.55235774435965,377.0551012114504,377.807953161985,4937794
2017-06-14,379.8287658691406,381.1363535027919,376.8966575556924,380.3835014824552,7438110
2017-06-15,377.2532653808594,383.53357020707676,376.262683312131,380.2448425757251,5528062
2017-06-16,372.55792236328125,377.9466792348454,370.8739328179008,376.06457327236143,10948450
2017-06-19,368.43701171875,372.5578419790344,367.70399080727884,372.4389769912455,6855860
2017-06-20,373.8654479980469,375.1928423686246,370.1012364544813,370.47766244566395,5184396
2017-06-21,373.7862548828125,376.02498019196105,370.8937598720089,374.44004876860186,3735864
2017-06-22,372.51824951171875,383.8306902924825,370.51725466988563,375.5098020974078,9465242
2017-06-23,373.74658203125,376.08436518381484,371.66635986781074,374.43998941906307,6403018
2017-06-27,367.32757568359375,375.6286568506096,366.02001241112936,374.4399585694368,6904660
2017-06-28,366.3964538574219,369.6851810708511,364.930387745181,369.6059296785974,5905224
2017-06-29,368.5757751464844,375.60890772334574,367.14932247957125,368.5757751464844,15914040
2017-06-30,370.6955871582031,371.6663623444363,368.100267183349,368.81348137874033,4216700
2017-07-03,377.1740417480469,378.40235385129324,370.31919441997906,372.8947078231554,5088924
2017-07-04,381.2353515625,384.34576898839407,376.183383980436,377.94660037746195,5167726
2017-07-05,376.7777099609375,379.98718537754564,374.5984299613791,379.98718537754564,4226228
2017-07-06,375.232421875,379.1947494555174,374.1229749892808,374.4399563588965,3829720
2017-07-07,370.63616943359375,374.618304222155,369.70500784653217,373.98431723400296,5776886
2017-07-10,379.2145690917969,380.30420921332,372.4588051751793,373.7267548806866,1464376
2017-07-11,386.4656677246094,392.0723717491981,379.0561334067203,379.0561334067203,11539708
2017-07-12,385.2769470214844,388.9024867550538,383.8505186387757,386.30716679488995,6275976
2017-07-13,387.1392822265625,389.6751820155686,382.0080622344513,387.21853362949383,5170392
2017-07-14,385.1580810546875,398.94697739478096,382.7806843000462,396.0148692412016,22478180
2017-07-17,389.91290283203125,393.06295859713106,385.93076781613473,386.3270006373012,7698250
2017-07-18,390.52703857421875,398.13471318210736,388.74399097162603,390.7053481713042,8260180
2017-07-19,388.2486572265625,391.73552483504983,383.98915508931975,388.88264414816393,5890278
2017-07-20,384.12786865234375,388.24867500285063,383.1372867146071,388.0307518133744,6809740
2017-07-21,388.3478088378906,389.3185841627832,384.9006023704336,385.5345652604148,5980754
2017-07-24,392.4883728027344,393.85538072154145,389.3383173856909,389.69493655899,6129176
2017-07-25,393.7959899902344,395.83659874651465,390.7648233391416,392.2705032623118,7145614
2017-07-26,393.87518310546875,395.83654016835396,392.42894799471054,395.47992099905514,6870024
2017-07-27,384.7618408203125,397.8177159155214,383.07785148501273,394.64785363731005,12676852
2017-07-28,395.1827392578125,397.42146405801213,381.2947856547247,386.72317938247244,11098428
2017-07-31,400.67059326171875,404.8310374651022,390.9826969227284,393.02330541994456,19158248
2017-08-01,398.431884765625,402.96875513469524,395.5790037862523,400.5913583492398,7689398
2017-08-02,393.5978698730469,401.2847964070271,391.16105249223716,398.61022481902666,4257584
2017-08-03,389.89306640625,395.7375000744331,388.40719343976275,392.66669594369284,4640348
2017-08-04,389.7940368652344,391.8742591712496,386.74303931291894,391.4780263510562,5349018
2017-08-07,383.6524963378906,389.79410614242175,382.6421073036498,389.69504791976806,6073744
2017-08-08,381.908935546875,384.44483488117,378.42209210031564,383.75142755208776,6004648
2017-08-09,384.0882873535156,385.8911660926553,382.18637459016645,383.41471088409304,3922410
2017-08-10,388.80340576171875,391.2798605754877,384.0882261226511,384.30617349356606,9140684
2017-08-11,391.3591613769531,395.0441217682559,384.18733282032997,386.72323254344803,6544156
2017-08-14,388.88275146484375,391.953556178652,387.17895497659,391.47807190226763,3816470
2017-08-16,386.4062194824219,390.72514235877424,383.9495713613437,389.10059760251755,6178080
2017-08-17,404.4941711425781,407.82253573502805,395.46006977123375,398.2138920706371,25784260
2017-08-18,365.8219299316406,403.32537385173725,350.3490440413283,403.32537385173725,164404960
2017-08-21,346.06976318359375,366.11913469565513,344.7225618887662,366.11913469565513,90407176
2017-08-22,346.8622131347656,355.44063900003846,340.76021815919256,354.707617971837,49242598
2017-08-23,353.75665283203125,358.07560019451745,346.26786712976235,348.6848776305944,61284190
2017-08-24,361.423828125,363.8408389990114,357.5407265863599,360.5719177665128,42380524
2017-08-28,372.8551025390625,377.9863226552525,371.6664040187467,374.02399425419975,40712108
2017-08-29,367.4861145019531,373.2512968942257,366.73326250972434,373.0333736914639,13369392
2017-08-30,367.1691589355469,372.0626246769744,366.15874587905415,371.34941042496325,16149664
2017-08-31,362.5331726074219,368.08043130875893,361.72090027726614,368.02098672045025,15022452
2017-09-01,364.5143737792969,366.8719638057613,360.5718525329075,362.929442559372,8433922
2017-09-04,356.68878173828125,364.9700329879005,354.0340170644856,364.9304193804043,10177108
2017-09-05,357.36236572265625,358.59067770744946,355.51987356133594,357.40197932830876,9783392
2017-09-06,354.8661193847656,356.72841855675813,352.64722516971057,356.60955354240394,7735910
2017-09-07,354.925537109375,356.8076429438931,353.57833589101483,356.6095265402596,6241192
2017-09-08,350.388671875,356.2132990658508,349.51695484913597,356.2132990658508,8604542
2017-09-11,348.1697998046875,353.3604403120732,346.1688288083655,352.805728849007,13787642
2017-09-12,350.2895812988281,351.75564740900046,348.2093592217825,349.695232133958,17241354
2017-09-13,350.17071533203125,351.6962018439844,349.08107519945634,350.8641226891244,11478228
2017-09-14,353.5981140136719,355.26227220808653,349.31878098766936,350.46786563060107,13698006
2017-09-15,359.87847900390625,361.85964321532333,353.51894672208425,353.5585603326592,13459460
2017-09-18,360.21527099609375,363.64269479117866,359.10582386297733,360.57189023151466,8475860
2017-09-19,361.4633483886719,362.9492212924346,357.99631161322554,359.7793590977408,6033330
2017-09-20,361.6416931152344,363.34548937361694,359.56147084782816,363.34548937361694,5767830
2017-09-21,360.39349365234375,362.65202516872324,359.83878231170195,362.5529669810235,8204152
2017-09-22,355.9359436035156,360.670930722277,351.85475032285854,359.8388514593557,17604088
2017-09-25,354.76708984375,357.38224129153474,352.29063441069724,357.0058152288837,9088700
2017-09-26,358.9472961425781,359.9378781231194,354.3509812423885,355.42081461819913,7366478
2017-09-27,356.5303039550781,359.73980446379596,354.66800477359493,359.02656600576984,6000138
2017-09-28,355.0246276855469,358.15487682205276,354.3510270149418,355.0642412962334,17537266
2017-09-29,356.56988525390625,357.5604671951782,354.62833497536144,355.8170333048878,5705832
2017-10-03,358.0162048339844,361.364377422146,357.24354590069555,360.61152529552913,4947522
2017-10-04,356.4510498046875,358.74921960216557,355.4802987032146,357.79825112154475,4991492
2017-10-05,357.8179626464844,358.57081450851695,356.21322492386406,356.6094576545914,8611300
2017-10-06,364.59368896484375,365.3267101086527,358.1747115642855,358.1945183711736,8574308
2017-10-09,366.07952880859375,368.1003066093297,362.1568140375967,364.5342110662899,3504832
2017-10-10,370.6559753417969,372.439022930949,368.3181921623673,372.439022930949,7143220
2017-10-11,368.7738952636719,371.666390050909,367.7040617987671,370.6560011834393,5982504
2017-10-12,367.42669677734375,370.22013337951205,364.3558923585906,368.49653025038106,10280972
2017-10-13,368.5361022949219,369.8833034326026,367.5257135337263,369.6059356473001,7180728
2017-10-16,372.0625915527344,373.25128992830224,369.6851948015987,370.85408637439986,5758750
2017-10-17,368.69451904296875,371.1907801599007,368.29828635189625,371.1907801599007,5625102
2017-10-18,366.2577819824219,368.49650699426525,365.703070568393,368.0606605843761,7231852
2017-10-19,367.2879638671875,369.288934480066,366.5945565331316,368.4964689554307,1091434
2017-10-23,372.2607421875,373.2513242582491,367.7436782712312,368.4965303186535,9154096
2017-10-24,367.1096496582031,375.09374939187904,365.1680994736774,374.8361884259689,14529328
2017-10-25,370.59649658203125,374.321094209641,362.65203455961597,364.1379074135887,13984134
2017-10-26,375.37109375,377.13433436054737,372.49840625348713,373.25125816760385,33659258
2017-10-27,374.9749450683594,379.47220239209247,374.04380755160366,378.4023688684126,8524956
2017-10-30,374.08331298828125,378.26358766243715,372.8748079912766,378.26358766243715,12968326
2017-10-31,370.3670654296875,373.64146007671025,369.6238099683585,371.6326350225344,9954988
2017-11-01,372.4562072753906,373.40036965970245,370.9495886510726,371.63259399845424,5633134
2017-11-02,370.7889099121094,372.03437154160025,369.6237816612011,370.8491599460463,4686138
2017-11-03,372.2955627441406,373.60129904915345,368.3984371755904,368.41852052207867,3699086
2017-11-06,373.11920166015625,375.65031653566376,370.68852804575454,370.8894105679661,5066534
2017-11-07,383.886474609375,385.6944171899529,371.9741320197399,372.13484783561864,13442820
2017-11-08,382.6007995605469,386.4376503556953,380.6723324902838,385.7948361728707,5369994
2017-11-09,383.48468017578125,386.8996825660318,380.9736490064794,382.8820326951488,4723232
2017-11-10,386.51800537109375,387.44205994767094,381.67674212533547,385.2122691480334,6589428
2017-11-13,382.4602355957031,389.47104046388733,381.4156317762699,386.5180527001462,5021216
2017-11-14,381.31512451171875,383.62527309705484,378.9648092379615,382.4601693931754,5733710
2017-11-15,382.3999328613281,383.08293828491463,379.46705318311683,379.728210249185,7023516
2017-11-16,397.1045227050781,400.11776010564745,381.0740899253338,382.3999094772266,15687502
2017-11-17,390.09368896484375,395.9393641707702,387.76345712420823,395.9393641707702,8057670
2017-11-20,385.9153747558594,390.1138240071533,384.5895551296061,389.31029398860096,5661190
2017-11-21,388.2054138183594,390.3146799736467,385.7144660258528,386.2166722533022,5364656
2017-11-22,388.2254943847656,390.1338780354159,387.0201994475128,388.34601897413324,6084920
2017-11-23,398.24957275390625,399.5352257115431,389.31030113345287,390.31471367507686,11894618
2017-11-24,405.6018371582031,409.519045776013,397.8276944792652,398.10893487413233,18619912
2017-11-27,401.26275634765625,404.4567927042929,399.0731323973967,404.4567927042929,6017730
2017-11-28,395.6179504394531,401.72478257254346,394.2519398032588,399.51507535162034,4616868
2017-11-29,394.814453125,398.5307792123521,393.85020735848514,396.8031946923191,3838070
2017-11-30,392.16278076171875,397.526357870156,389.04910221759326,397.526357870156,17266944
2017-12-01,385.2123107910156,395.01538745722826,384.5092219795149,393.4886852280422,4085000
2017-12-04,395.879150390625,400.4793647477486,389.1295029974757,393.7297173545993,17811606
2017-12-05,395.4773254394531,402.9702516929064,393.32789272916784,395.87909039627556,9976738
2017-12-06,397.8678894042969,399.39459155676286,395.3367747144466,395.7385397294003,7490094
2017-12-07,401.6846923828125,402.9301787518095,395.9796237642333,397.34563474396094,7549544
2017-12-08,402.50830078125,404.5774005730366,399.7562200299617,402.16681030149914,5983244
2017-12-11,403.8944091796875,404.53724798759526,399.3343855656912,399.7361506249611,5139098
2017-12-12,405.98358154296875,407.38975921283554,402.5685786304351,402.5685786304351,9320434
2017-12-13,403.2715759277344,409.3984915271346,400.82081949668907,406.14420518141384,5362398
2017-12-14,407.028076171875,407.79143941397575,401.48372456006217,403.8742310058119,6023572
2017-12-15,410.9654235839844,412.371601067818,406.5259007675924,406.9879403209963,10384134
2017-12-18,408.434326171875,414.0992033760703,404.0952686833646,406.54605011833775,4035448
2017-12-19,403.35198974609375,408.9766999286569,401.5842138800006,408.7758174221368,7118898
2017-12-20,408.1329650878906,409.2378188369339,402.16676465177244,403.8139913416303,4186326
2017-12-21,410.62396240234375,413.39612652045685,401.12223373025853,407.7111658043558,11059162
2017-12-22,417.5744323730469,419.7640809937773,408.1932296691881,408.1932296691881,12906940
2017-12-26,416.06781005859375,418.43823328679275,411.0055810392597,413.8179359437317,10808906
2017-12-27,415.525390625,417.4739407819914,412.7733105852432,413.0143597413584,6970172
2017-12-28,415.1237487792969,417.83566293778733,411.32706405305163,413.8180123326163,8433472
2017-12-29,418.6592712402344,421.3711852064106,413.81798298688665,413.85814968137265,6601768
2018-01-01,415.2442626953125,419.6435701174062,413.8179772340148,416.91154832017594,5431340
2018-01-02,413.6974182128906,418.6391475373377,411.005612217559,416.730763707393,6112248
2018-01-03,410.32257080078125,414.46074520687387,409.23780044611135,413.2152835726382,6846552
2018-01-04,407.9521484375,410.2020223951051,405.62189206209626,410.2020223951051,8947614
2018-01-05,406.5862121582031,412.3716384245068,404.1756219675418,407.91203185870853,11025976
2018-01-08,416.2486267089844,417.4338137813082,409.8203625139517,411.7689373779769,5594690
2018-01-09,418.3780212402344,419.8043067723211,413.3760660302237,417.83564823633685,9948236
2018-01-10,422.7572326660156,424.26385145669997,415.04336407514415,420.56763297431996,9468634
2018-01-11,432.21881103515625,435.2722152576494,423.96252058333675,423.96252058333675,16775298
2018-01-12,433.2834167480469,436.27659523156444,430.10951268717093,436.23642854286527,18016528
2018-01-15,434.3682556152344,439.10905336433154,427.9199075094381,433.90621603943913,10649250
2018-01-16,451.121826171875,455.922947409011,434.4084117682807,434.4084117682807,22646966
2018-01-17,462.87353515625,466.77068582722575,451.1821812304997,451.9254368138358,26154088
2018-01-18,463.114501953125,468.0160644435227,454.8381526533535,460.0209310300058,13204970
2018-01-19,459.3981628417969,461.18604649151604,456.4050332534726,460.020918200023,5988278
2018-01-22,462.0296936035156,464.82194039525547,454.79792448624323,454.85819903760176,9650214
2018-01-23,472.9175720214844,477.29682033325787,464.0385753240007,464.0385753240007,15403796
2018-01-24,476.4130554199219,490.5752746070003,469.060734777705,471.99363950338676,20604718
2018-01-25,472.2346496582031,475.4487700587441,466.9514294410968,474.8862891799324,13548914
2018-01-29,475.2478942871094,480.6114479730127,468.13662337370823,468.6790454338757,10823002
2018-01-30,470.32623291015625,475.3281878176566,467.13217155844745,473.6407943423408,8628312
2018-01-31,462.1301574707031,468.6990049318389,458.87587101729025,465.70587551805266,9213698
2018-02-01,459.8602600097656,465.203754717699,449.39431002933634,458.8960140944924,13005454
2018-02-02,459.31781005859375,467.21250166713526,454.0345908011398,456.1036902418706,10244486
2018-02-05,457.28887939453125,463.9782761023409,456.3447415027738,458.0120759740261,9860220
2018-02-06,445.0552673339844,453.3316181725969,439.9930371351118,441.9214800928025,10552078
2018-02-07,445.5775146484375,451.905313707757,443.36780704042116,448.36976191749824,8342056
2018-02-08,455.7019348144531,460.58338919711224,448.5907141883612,451.10174534779725,8807244
2018-02-09,445.61761474609375,450.09730385431885,444.35204531464734,449.1732248298153,4382690
2018-02-12,443.0664367675781,450.2178239403375,441.0576118802452,447.8876164971771,6291972
2018-02-14,441.0375671386719,448.89209318977504,438.0042215072126,444.35212867717706,8345712
2018-02-15,447.74700927734375,453.8739258645799,443.14681939157293,443.14681939157293,7986736
2018-02-16,453.2110290527344,458.6750232583088,449.21343786613187,451.9856261820979,9889222
2018-02-19,454.697509765625,456.40501090678157,450.0973204262925,453.3516069101345,6461840
2018-02-20,456.7867126464844,461.828883185164,443.4481338108958,443.4481338108958,7188594
2018-02-21,460.9852294921875,462.79317222233885,458.0121583049994,461.0253961885849,13771358
2018-02-22,466.3487548828125,467.6544912199817,458.1929052209074,460.2419460925618,17859974
2018-02-23,464.29974365234375,468.4580016974602,460.72402525434177,467.4535891723799,9459828
2018-02-26,457.44970703125,464.058771976477,455.7422054533738,462.4316037965948,5083608
2018-02-27,462.11004638671875,463.4961649518956,452.2467458525075,460.0007803055835,6616026
2018-02-28,471.1097106933594,477.89955017671883,459.03669978087356,461.06558395572347,17268416
2018-03-01,466.3487548828125,469.90436556146443,464.4604788741854,469.90436556146443,6579852
2018-03-05,464.40020751953125,470.3865162692385,459.3178700864166,466.34875810435864,8101456
2018-03-06,462.5721130371094,468.2169307836793,459.4584343537766,467.07191036691125,6689734
2018-03-07,459.65936279296875,466.04743660340444,457.2287137782128,464.03861144563115,6370416
2018-03-08,464.70147705078125,468.37763645121834,461.6279651243969,461.6279651243969,6093014
2018-03-09,467.41339111328125,468.4579702605499,464.25954580489093,466.9915182636261,4220964
2018-03-12,476.392822265625,478.8435788206629,470.7681125783227,472.47561373339664,7676970
2018-03-13,475.6094665527344,480.912745380601,472.1341892022114,474.16307319642243,8581052
2018-03-14,474.4041748046875,478.34144273696813,469.70349445061487,474.0827431579944,4429710
2018-03-15,475.08709716796875,477.4575204001861,470.8685648041094,474.0826847003832,6101500
2018-03-16,470.8284912109375,475.0470244089265,469.76380397606096,474.88630857361903,17954826
2018-03-19,460.72412109375,474.28369300298397,459.0768940186797,467.6545689584696,7526620
2018-03-20,467.87542724609375,470.0650267704571,461.467246386624,461.467246386624,8553766
2018-03-21,469.0605773925781,472.2746969807071,466.9312035480135,470.0649897638684,7692994
2018-03-22,466.56976318359375,473.05822938108105,464.1591729300874,467.8553917013635,6813168
2018-03-23,469.1008605957031,471.5918333213637,458.95629312592615,460.8245104092753,12008084
2018-03-26,464.1390075683594,468.81957953952593,459.6191514029025,468.81957953952593,8930722
2018-03-27,463.6368713378906,466.56977584333754,462.0699778218791,466.0474616568051,3802088
2018-03-28,454.71771240234375,462.3311406363619,452.48789671232026,462.3311406363619,12558322
2018-04-02,456.86712646484375,461.84902278504626,450.49916036976634,458.413912064935,8072702
2018-04-03,458.19293212890625,459.4384430200625,453.23114356499207,455.8827830890172,4077168
2018-04-04,451.6641540527344,459.84011032565496,449.9767608171002,459.61911997746665,4813302
2018-04-05,461.04547119140625,462.55209002579466,453.63287710006625,457.8313510113777,7763544
2018-04-06,452.7892761230469,460.42281316505034,450.8206172877065,459.21751784262875,5937742
2018-04-09,446.46136474609375,452.3070652247682,444.5730888275918,451.9856336012198,7202882
2018-04-10,447.3252258300781,451.7848081695889,444.11110536288675,446.7627449396024,8926058
2018-04-11,451.684326171875,454.5971225825898,448.57064725007643,449.1732947833278,9025574
2018-04-12,467.0920715332031,471.16999689810575,451.98571435546273,453.77354934147775,17044366
2018-04-13,470.6475830078125,476.45311660224223,462.1301847451336,471.67210336082314,21227038
2018-04-16,455.2799987792969,458.0120199190493,442.7449525884143,442.7449525884143,24745084
2018-04-17,452.0660095214844,452.94992204762235,447.9680256753411,452.78920622072593,10397940
2018-04-18,452.36724853515625,455.90279989000175,447.5059022049253,451.12178693637276,10430380
2018-04-19,455.1394958496094,457.9317921816378,451.2222868809298,451.583885209832,8525542
2018-04-20,473.4598693847656,479.5867846610043,456.7866245346735,457.61026227120294,24272692
2018-04-23,477.17626953125,487.90342442701916,464.1390149356019,469.2615186710955,21830638
2018-04-24,463.8377380371094,480.67170299849386,462.0699620548428,476.09157174012523,8526216
2018-04-25,466.1880798339844,470.466887552552,460.1013293366068,462.8333513753543,11594178
2018-04-26,472.65631103515625,474.74551800338867,466.0472978511598,471.67200661832896,11302084
2018-04-27,476.171875,478.74318089844917,471.75245984577134,474.0827165445242,7663370
2018-04-30,481.9171142578125,485.31200886754107,474.34385386747886,474.7656776884935,5511678
2018-05-02,480.9328918457031,482.76089346974805,474.4845429193307,481.6761474090439,10295042
2018-05-03,475.1072998046875,484.0063568077337,472.5158856952593,481.0132266747183,5332230
2018-05-04,471.310546875,476.4933255706145,464.0386096408598,476.09156054062237,6023368
2018-05-07,475.28802490234375,478.10038007928074,472.2747872127685,474.58493610810956,4638960
2018-05-08,468.2771911621094,473.2389788469179,466.46924875556215,473.2389788469179,5718556
2018-05-09,470.34637451171875,472.8373475131705,467.2528029146726,469.0607458322272,3783504
2018-05-10,469.2615051269531,475.28797993594657,467.1924056338166,472.47562502508293,3182862
2018-05-11,474.38409423828125,475.3683990171065,468.4781674781569,470.98919910126864,3311706
2018-05-14,477.8192138671875,478.7030773972759,470.0651284555709,475.8304473591077,4432094
2018-05-15,479.9283142089844,485.33203287145784,477.33690099805665,477.33690099805665,5611974
2018-05-16,478.0803527832031,481.3145813991898,475.89075264385673,476.9956066495727,6205004
2018-05-17,475.2478942871094,481.0935464225105,471.49140082431336,480.51100670906845,9519598
2018-05-18,475.3683166503906,476.7142686020356,471.27033336896125,475.2879832698049,7139660
2018-05-21,473.8817443847656,477.4574621417838,470.0649774736548,473.9018522490948,8475320
2018-05-22,479.6471862792969,481.3145210147343,471.63199329719475,472.0739250353195,5636804
2018-05-23,476.0513000488281,485.19145268024226,474.6852894072868,480.1091162435105,9538442
2018-05-24,490.5550231933594,493.1866033365195,481.31442898087187,481.31442898087187,9740570
2018-05-25,493.48797607421875,501.66388413076015,490.4747385317406,494.21112365826565,8901438
2018-05-28,487.9034118652344,495.2155150388348,484.52857615296585,494.5727008659212,5739794
2018-05-29,488.8275146484375,492.7849396090545,484.6089816412939,487.7628765053121,3388934
2018-05-30,486.8186340332031,493.6687469449679,484.3678773260579,488.9480081644158,6323066
2018-05-31,494.8941955566406,498.9921793444513,486.23613933302914,486.8186790232038,19720340
2018-06-01,490.4747619628906,500.6996622280691,489.02836863853963,494.3316963928017,4998356
2018-06-04,497.9476013183594,499.39394565635445,486.9392293930021,490.5952814551403,4270156
2018-06-05,490.49481201171875,498.9921519441211,488.9480265024117,498.9921519441211,4710862
2018-06-06,497.16400146484375,498.81127694071046,490.17333079883093,492.2423809886566,4038184
2018-06-07,503.1904602050781,505.4202751540682,497.38497666195263,497.38497666195263,6676226
2018-06-08,506.2440185546875,507.0274407037946,500.6193084359449,501.402730585052,6459878
2018-06-11,507.1882019042969,510.241606433291,504.2352386364116,508.4537716029861,5171290
2018-06-12,505.6213073730469,510.74381167897167,502.3870791546174,508.53410393916096,7839820
2018-06-13,512.1702270507812,515.8664467715812,508.95610588709536,508.95610588709536,5766928
2018-06-14,510.2767333984375,515.7512076562125,507.97171011727823,515.7512076562125,7598848
2018-06-15,527.3792114257812,531.5982451171875,508.3421081840701,509.1653342701982,19957760
2018-06-18,521.6782836914062,531.4952428914078,519.5996181126897,528.511048884854,8214846
2018-06-19,511.05865478515625,520.0318376519605,509.59745888542426,519.8671824144026,7545700
2018-06-20,511.6967468261719,515.4835665930193,509.576929678605,513.8988664812103,5371802
2018-06-21,513.0961303710938,517.1916590251336,508.7535937565182,512.8491224105582,5798790
2018-06-22,513.6312866210938,516.7801362098695,510.89405004403426,511.63497356341526,4343118
2018-06-25,523.7570190429688,526.3708021752689,516.1627781705713,517.4593693610558,7731178
2018-06-26,525.9796142578125,528.4698927800615,521.2049139403564,522.3368495876109,4483504
2018-06-27,522.7484130859375,532.400716048174,520.9373061725591,528.4903932731218,6952142
2018-06-28,530.8160400390625,534.2735988015603,525.3210173116266,525.3416180570181,10996818
2018-06-29,538.0604858398438,541.2710872924165,528.2023747285122,534.2942671400559,9966600
2018-07-02,549.3797607421875,551.561329382061,540.8593931403195,540.8593931403195,4830144
2018-07-03,557.220947265625,558.9291508003835,548.165463727421,548.2272157097788,8127452
2018-07-04,553.7017211914062,556.7682678215988,551.0879890035675,556.5213101003195,5025722
2018-07-05,528.5110473632812,554.545567414471,521.966391166881,554.4838154205409,17019902
2018-07-06,528.614013671875,535.8583926751917,522.336915203122,531.0836917579418,11215356
2018-07-09,534.6235961914062,536.331800386065,526.4736880060419,533.8621221033969,6644998
2018-07-10,535.673095703125,541.456227422481,532.7506538480558,538.5955375581942,5974488
2018-07-11,543.5142822265625,552.4257123562343,531.5363558164288,542.3206449065781,11899832
2018-07-12,532.7711791992188,546.251502487266,528.696201194299,545.83988956244,13272240
2018-07-13,542.2589721679688,548.1038566256877,534.417724478693,541.2710909262584,19496158
2018-07-16,548.6183471679688,569.8370162624265,530.0340111794062,542.2589467620726,35344680
2018-07-17,546.580810546875,555.4716396352801,540.3242639693173,547.3216836609065,11161690
2018-07-18,544.3787841796875,552.9609050375756,540.8594729900234,551.4791083114059,6919016
2018-07-19,541.9707641601562,548.2273112975863,538.8425157143025,544.5639459056149,5118864
2018-07-20,554.8954467773438,562.7366941232746,543.8642490908273,545.7988099932676,11705738
2018-07-23,558.1265869140625,563.0865433038812,550.0178314984,556.5624877745416,7675702
2018-07-24,566.8528442382812,569.0138124548829,558.1472193736836,565.7209085057756,6172246
2018-07-25,569.5693969726562,573.7061270543768,562.0368601881175,567.6142355377004,6936922
2018-07-26,565.24755859375,572.3067316721202,563.5805058267497,567.4291276165246,7362218
2018-07-27,565.329833984375,571.7304359975406,563.2100673088264,565.2269307381551,6493232
2018-07-30,556.089111328125,565.1445964866881,554.8542724428664,563.9097576014295,6409970
2018-07-31,561.8928833007812,563.9097970034425,549.7297495785443,555.0807184552193,7943996
2018-08-01,557.3446655273438,563.2718531983975,556.0892256376405,561.3578927293919,4675706
2018-08-02,557.1800537109375,562.5721749896588,555.7394079363161,559.6291314294991,5940742
2018-08-03,561.4812622070312,562.3456394254896,558.1472070811342,562.3456394254896,3970390
2018-08-06,560.0612182617188,565.9678545491411,554.6484974581582,562.2839384305478,6178930
2018-08-07,563.0659790039062,568.0053349666434,560.0612342740108,565.5562577334105,7351528
2018-08-08,560.925537109375,564.9387632967288,557.0358149029971,564.6506543354121,3992358
2018-08-09,568.005126953125,571.9154489915962,565.4119961697745,565.4119961697745,6409524
2018-08-10,570.269287109375,571.7305335533234,565.165325422549,570.4133918752524,4779520
2018-08-13,579.8598022460938,580.3125664879658,567.4908117431926,572.1420586492069,9979746
2018-08-14,579.6746215820312,586.3633329887705,577.9046655422642,582.0001948899453,6151320
2018-08-16,588.42138671875,590.62350622885,580.8888486888341,582.411796696937,6626774
2018-08-17,588.7506713867188,591.7554665222267,585.725325747709,588.9770786453489,6390408
2018-08-20,569.7752685546875,579.5304760993421,565.3504290120017,571.3188172323686,16101876
2018-08-21,569.6517333984375,574.6116896430002,565.4533013231172,572.1420118938182,8361482
2018-08-23,575.18798828125,576.8755914500466,570.2280317741315,573.3768811201677,7717182
2018-08-24,567.326171875,577.0402278361073,566.4205932011865,574.8175077676677,7053000
2018-08-27,582.5969848632812,584.4697936556562,568.6021444339464,569.2607151108883,7012950
2018-08-28,586.425048828125,592.0641773431435,580.9917770686022,583.3379511816394,6496890
2018-08-29,580.4154052734375,590.088309507237,578.3779412884362,590.088309507237,5646496
2018-08-30,582.9263305664062,585.1285003887883,574.6735197797757,581.5268865148186,11507962
2018-08-31,593.1754150390625,598.6087361525383,584.9431559996036,586.5896078074954,10875864
2018-09-03,590.3558959960938,604.206682339656,588.6065408920439,596.4271872395606,10976328
2018-09-04,606.8410034179688,616.184597456122,589.4297552152082,594.3691107058385,15370124
2018-09-05,600.87255859375,612.5211740412102,597.1680423268235,610.7924198815982,8658978
2018-09-06,598.6087036132812,605.4826194392874,596.0978245461557,603.054093105513,5598659
2018-09-07,603.2598876953125,605.1944985737741,595.8508551083854,604.5358777028063,6510605
2018-09-10,601.654541015625,614.9496574565112,600.4609038315913,607.334818994031,5629871
2018-09-11,604.4947509765625,613.0974714338756,602.6013415100329,605.8119425262022,6963561
2018-09-12,611.5745239257812,614.5381169837444,606.1000517471961,612.809362740886,4636617
2018-09-14,604.0008544921875,613.3032971378863,600.1728339486758,610.7513169393595,7896514
2018-09-17,597.6209106445312,609.187225622406,596.5095254233248,605.0710957195519,5427054
2018-09-18,591.9817504882812,600.9549332891067,590.2529961209445,600.9549332891067,7729732
2018-09-19,592.516845703125,598.4852335202111,587.1247260692469,598.4852335202111,4849498
2018-09-21,580.6212768554688,590.5823414159854,569.6723813100708,587.6598489742441,14350769
2018-09-24,591.2820434570312,600.913797200499,581.6091384648696,581.6091384648696,8637881
2018-09-25,597.82666015625,605.8942639477139,590.2529718077593,591.2820041853879,9602273
2018-09-26,590.9527587890625,602.4779226874019,586.1369068298329,601.9428559395581,6599606
2018-09-27,596.6741943359375,601.6135503325028,590.6235033384361,594.3691715866859,14592616
2018-09-28,600.9960327148438,604.7005491074716,588.7711487174597,593.5458486854806,7490031
2018-10-01,614.6616821289062,621.4532962878195,603.4246276949598,607.1291445089124,8252398
2018-10-03,599.7200317382812,619.0246879703525,597.9089248190975,612.3153771944166,7792464
2018-10-04,582.1854248046875,600.7491606587344,578.3162526382472,599.7201281807303,6173037
2018-10-05,596.509521484375,602.1898008110954,583.914174113958,586.9601202711019,8543578
2018-10-08,588.1537475585938,599.884716499051,583.8729628785459,596.8799219002245,7259306
2018-10-09,590.8704833984375,594.6985045386,578.4397904360306,590.3353663803143,6777212
2018-10-10,576.6286010742188,592.6403551385501,572.4713202608083,592.6403551385501,8866251
2018-10-11,554.3190307617188,570.4131341413474,546.0456221413087,563.9096307107778,10985897
2018-10-12,558.8057250976562,563.1276610280049,544.5639272239371,556.8300131055008,8909221
2018-10-15,575.270263671875,580.3742744323395,561.0284652845947,566.8733492266881,6222176
2018-10-16,572.3477783203125,587.7009606849415,567.5319271447075,584.4903597373922,11588963
2018-10-17,580.6624145507812,594.2044917296878,577.3695106894411,584.4904353878793,20360697
2018-10-19,562.7161865234375,566.1325949119455,558.1472917507308,565.5563265969795,10421001
2018-10-22,559.75244140625,572.1831319682934,554.6895821979596,566.9556677822698,6672840
2018-10-23,541.3533935546875,561.4401279065256,537.8135318296422,556.4596206919841,9041701
2018-10-24,534.9321899414062,548.680072781936,532.7506714123623,545.7987820771547,7058164
2018-10-25,539.8836669921875,546.2082954135933,529.4812841985037,535.098570907093,8270469
2018-10-26,527.2760620117188,539.8421733636645,524.1969967359701,537.0127043723934,5464141
2018-10-29,536.5549926757812,541.381688926694,525.5284651023744,527.3592949335186,7137446
2018-10-30,548.9130859375,552.408297803584,530.4800883605709,533.5175546068281,8793411
2018-10-31,571.2156372070312,576.6664753739628,551.7839565938039,552.4913490659732,11947995
2018-11-01,554.821533203125,573.9619187288855,548.9129489346575,573.9619187288855,5860244
2018-11-02,551.1181640625,562.3943352901787,549.3289341526961,554.1972791014549,6654067
2018-11-05,554.2390747070312,556.4027504773178,546.7493574812605,552.1585976998728,5799426
2018-11-06,554.6134643554688,561.7286841967167,549.7867687831705,555.8201509467649,6975525
2018-11-07,562.1448364257812,563.8092178807799,559.2321688795337,560.064359607033,758956
2018-11-09,548.8298950195312,565.0576174651429,545.5011314409443,565.0576174651429,9694143
2018-11-12,552.7411499023438,562.8938880116516,551.1599670354816,554.2390832119047,7118080
2018-11-13,553.9893188476562,555.6952994999738,546.1667065195701,552.1584892822652,4137808
2018-11-14,543.5870361328125,553.9894210450567,533.0182029033934,553.9894210450567,7323026
2018-11-15,546.25,554.2390104643116,538.1777399893142,544.2527219874771,5513390
2018-11-16,541.6312866210938,551.3263284114466,536.0972490456024,549.1626529491759,8583785
2018-11-19,542.3387451171875,550.9103000500213,540.2998675339521,548.413727693299,6018930
2018-11-20,533.7672119140625,545.9171775609119,532.6853232144567,542.3387671958451,5384830
2018-11-21,515.209228515625,532.6436333811107,509.3838937686868,532.6020340057815,14359086
2018-11-22,516.5823364257812,522.7405674389496,513.2535738873952,517.830622377676,6632975
2018-11-26,517.1649780273438,522.6158175582657,499.1896264381377,516.7904820122341,15075209
2018-11-27,531.6867065429688,533.4342868535686,520.3688815255654,520.5353298391688,12285851
2018-11-28,554.572021484375,556.4860503454297,532.6021619853204,533.3927534780975,17719890
2018-11-29,550.1195678710938,561.6454377775934,548.2471390827014,558.3998742272273,13399070
2018-11-30,555.4456787109375,559.2321361408133,550.0364392988612,550.0780386742226,10445773
2018-12-03,557.8589477539062,565.0574167528148,554.1973395938301,560.189122065544,8260890
2018-12-04,570.2587890625,572.7553616523394,558.6497163611665,559.6899549402663,7827923
2018-12-05,567.0548095703125,568.9272387981076,559.6482914187654,568.3862944818094,5177288
2018-12-06,556.3195190429688,570.4251624816944,553.0323554061258,562.6441484561432,8039771
2018-12-07,568.2197875976562,570.6747602685083,553.9060977064963,559.2321383892636,5553948
2018-12-10,556.9020385742188,569.0520027383362,553.5732757026369,557.4845822353237,5121196
2018-12-11,561.3125610351562,567.4707918069578,549.7450913504882,556.9019610032417,7120933
2018-12-12,564.641357421875,566.4305876409559,558.0670309534561,563.4762701918381,6926183
2018-12-13,580.6610717773438,582.5335008873387,565.889686576272,567.5540680073786,7521474
2018-12-14,587.5682983398438,593.9345782137087,577.8733060919682,580.4114778481547,9560576
2018-12-17,577.8732299804688,592.3949167491317,576.5000950378173,592.3949167491317,4778465
2018-12-18,563.0602416992188,571.2989504496629,561.3542608185812,571.2989504496629,8021298
2018-12-19,553.281982421875,558.8576704301208,550.1612672075088,558.8576704301208,8295459
2018-12-20,555.1129150390625,558.8577739902496,546.2501126636597,549.2459795074493,11705260
2018-12-21,537.76171875,548.8298465119807,535.4731939919894,548.8298465119807,12802132
2018-12-24,540.0917358398438,548.2471941115137,538.9266486040823,546.7492610890253,8379825
2018-12-26,535.9724731445312,538.4274461565288,530.3967846409,538.4274461565288,6178552
2018-12-27,546.5828247070312,551.9504647147002,540.0917476062426,543.2124626347841,15333902
2018-12-28,546.7077026367188,552.1585416839125,543.6701861972622,552.0336927589905,4736598
2018-12-31,548.3720092773438,550.9101804638042,545.7505885546601,549.2457992539437,3373319
2019-01-01,553.448486328125,554.4887248374226,544.3776370027874,550.0365243347873,2943390
2019-01-02,556.777099609375,560.8964531553685,550.9517655261591,554.2389284888359,7416655
2019-01-03,556.8604736328125,563.3931508551124,551.8256788438839,559.2321970083242,6827249
2019-01-04,550.1195678710938,560.8132472049746,541.756062774851,559.0240171566915,7889310
2019-01-07,558.9825439453125,560.5636759144103,550.4941880302582,553.406855691794,8046340
2019-01-08,557.6094360351562,563.7676682795343,556.3611498336927,561.6871912770952,8621545
2019-01-09,562.64404296875,574.0450643194829,552.5745570504952,571.0491984839528,18130292
2019-01-10,565.6399536132812,567.5539818097817,559.6897705836062,567.2210852569631,9572493
2019-01-11,568.8023681640625,570.4667496363787,559.6482700663233,566.0561488933191,12281903
2019-01-14,584.11474609375,591.0219196136802,579.1632006475647,588.3588988802541,19312937
2019-01-15,604.6698608398438,607.499330091677,588.5253885706812,588.5253885706812,19671304
2019-01-16,613.158203125,613.9903939682188,606.2510292848639,607.4161167825295,9658944
2019-01-17,610.2869873046875,614.988884751539,606.7501770743843,612.3258645372041,6903771
2019-01-18,608.2898559570312,612.65885751725,604.4201485436799,607.4992645637462,5902151
2019-01-21,619.982177734375,624.9753227899538,610.8280784658137,614.3232901632986,8129422
2019-01-22,620.2733764648438,623.3108931236587,610.8280314456149,616.8614145900027,6723375
2019-01-23,608.8723754882812,617.9848234607111,606.8334980158653,617.7767757756257,7212099
2019-01-24,612.5122680664062,615.9429857510504,603.3078487375395,609.2488626027837,7429783
2019-01-25,611.1316528320312,617.4492731148181,606.0274037915924,609.1652743669717,5543112
2019-01-28,609.1234130859375,613.0143417439323,601.6343521733907,611.675537466966,7944693
2019-01-29,609.0816040039062,613.2235522088587,599.542457248979,607.0733464537813,6760819
2019-01-30,607.407958984375,614.8551396004394,603.3914446385185,609.0814896044482,5763026
2019-01-31,627.197509765625,628.6618492492686,607.4916943572995,607.4916943572995,13825233
2019-02-01,633.4732666015625,638.0336484673246,622.9718705362927,628.7036933756472,6276585
2019-02-04,632.5110473632812,638.0336791076966,626.9047084275192,633.4314689633131,3945391
2019-02-05,631.6323852539062,635.899919731023,625.0637968404512,625.0637968404512,4694366
2019-02-06,638.7030639648438,641.7572783158081,631.2140029002915,632.2181316644517,5880482
2019-02-07,639.2887573242188,643.8491389096047,636.7784611567153,638.4938199900881,3961797
2019-02-08,636.6948852539062,646.1921531885313,631.674292286433,635.9417758799401,5915169
2019-02-11,638.2847290039062,643.2634940667155,635.1050302395278,641.7154982821974,5500216
2019-02-12,627.95068359375,636.2346314519882,620.0432393551623,636.2346314519882,7310690
2019-02-14,619.248291015625,630.0844143317692,616.9053578567023,628.4108833508083,4610535
2019-02-15,620.8381958007812,624.6454687515553,613.0144074444152,621.1310433077197,5586389
2019-02-18,620.0850830078125,625.6077661242838,615.8594273147093,621.1728679775052,5346825
2019-02-19,606.0692138671875,619.6666526236781,603.5589174813739,618.4533324894461,9401334
2019-02-20,619.7921752929688,621.7167256019445,607.5335410955266,608.3284784826564,5210675
2019-02-21,613.7255859375,617.5328582502312,608.4120950640344,617.5328582502312,7202786
2019-02-22,614.9807739257812,617.7002616216272,609.1652438694736,612.930688371414,3750833
2019-02-25,631.6742553710938,634.2682078238514,615.4828133539605,615.4828133539605,6547552
2019-02-26,621.29833984375,629.749650367663,619.3319614865563,626.4025886041949,8319610
2019-02-27,615.2318115234375,624.5617669383225,613.1398978494374,623.390274852038,5936354
2019-02-28,614.436767578125,621.2145973499709,612.7632369290917,618.118555434839,8559921
2019-03-01,620.7962646484375,622.0514127362248,615.4409457117025,615.4409457117025,3998826
2019-03-05,612.9306640625,621.2983181793942,611.0479418861988,619.6247873560153,4826505
2019-03-06,612.9306640625,615.9429991157389,608.3284542982082,615.9429991157389,6076668
2019-03-07,604.9396362304688,614.6042676655175,602.9313785757591,614.1858849101291,5951551
2019-03-08,596.0698852539062,604.93963022333,594.647424757402,604.93963022333,7193994
2019-03-11,595.1494750976562,601.216025107439,593.601479317109,596.8648341963444,9932198
2019-03-12,591.5512084960938,598.2453305503457,590.4215447561797,593.2665670580761,11997387
2019-03-13,592.8065185546875,601.2996575912193,591.0074523315996,594.1034948430915,11348867
2019-03-14,592.7227783203125,598.2036328037598,590.9237632696264,597.4505234797736,6415187
2019-03-15,601.2576904296875,605.6088801630685,593.768630850902,595.776887980801,14638664
2019-03-18,594.2708129882812,605.5671461866016,590.212470047842,603.7680801002481,8065544
2019-03-19,604.3538818359375,607.9101352077655,591.9279346008663,596.4464376535681,8917337
2019-03-20,618.3278198242188,621.1309635637127,608.4539980427062,608.5376541562013,13471173
2019-03-22,621.80029296875,624.5197802767061,612.763237667501,623.3901675160884,8883260
2019-03-25,615.2318115234375,621.2147050599224,611.299003601895,621.2147050599224,7644966
2019-03-26,608.9559936523438,615.2317338823576,601.7179528248859,615.2317338823576,9406261
2019-03-27,610.587646484375,612.7632158243465,608.4539051947683,610.838665858664,7387487
2019-03-28,617.3656005859375,623.3903226433567,610.8388396371147,610.8388396371147,9277241
2019-04-01,631.8416137695312,635.9417851817856,620.880006059059,620.880006059059,6584982
2019-04-02,635.4397583007812,640.7950270022326,631.4232429345496,635.1050316628905,7283600
2019-04-03,630.33544921875,634.6866400903511,624.896473397277,632.5947263128616,6897127
2019-04-04,625.8168334960938,630.7537184793812,623.4738496292,628.7455122576065,7688525
2019-04-05,635.35595703125,636.7366403679755,625.9005182401714,628.327158325293,6276040
2019-04-08,642.0083618164062,644.3094670558916,632.0927105769248,638.4939363271328,4919911
2019-04-09,636.4436645507812,646.8195746637489,634.4354584809847,644.3092787724278,6730692
2019-04-10,629.8333740234375,641.5480905018834,628.6618819467486,639.2888135380467,7031088
2019-04-11,621.4656982421875,629.0384152078535,619.2482494125446,629.0384152078535,8200995
2019-04-12,625.69140625,628.8711049539993,619.7085124614923,621.800426223612,7043212
2019-04-15,608.7467651367188,611.9682911625536,596.2789415456277,606.4038324750115,31574803
2019-04-16,605.9017944335938,609.0815437520951,597.5341405893397,609.0815437520951,12524411
2019-04-18,600.0026245117188,604.5630061915296,596.4045434782183,604.5630061915296,13801105
2019-04-22,603.3497314453125,607.2825393655814,598.2873105702938,600.0026695679962,6455426
2019-04-23,609.3327026367188,610.8388704590435,601.1324102066236,605.7346208744657,5516668
2019-04-24,616.2359008789062,617.4492209466289,605.8181612344177,609.3325861963318,8285120
2019-04-25,609.6254272460938,617.2400230954397,608.3702791352013,616.2358943923042,8005235
2019-04-26,617.5327758789062,619.03894316663,610.0018883681879,611.6754189261253,6895168
2019-04-30,628.7037353515625,630.7538210323617,617.5329364023968,617.5329364023968,9920046
2019-05-02,611.5082397460938,626.2353437326921,610.4204547703845,625.0638515606267,6351352
2019-05-03,605.4833374023438,611.6754209156927,600.9648355244753,604.8976425628402,6348116
2019-05-06,601.1323852539062,603.9773574508446,594.6474523093152,598.2873619848524,8858265
2019-05-07,606.2783813476562,609.0815761779796,601.3833240170102,602.8058354606853,5747536
2019-05-08,601.9271850585938,607.4916955360802,599.5424240380186,603.3078684318372,6247642
2019-05-09,603.3497314453125,611.0898120366065,598.9567127313348,601.7599076968539,7396525
2019-05-10,599.835205078125,607.4916282598275,598.2872096498301,603.1404383388627,8352335
2019-05-13,602.2201538085938,607.8683210578096,595.8607052254674,599.5843219967807,6808993
2019-05-14,597.3250122070312,600.588417979127,588.7481661125888,599.5424611383414,10513001
2019-05-15,599.207763671875,606.8223604865112,596.279084375195,598.2036859135616,6668929
2019-05-16,613.4327392578125,616.6961449857673,601.7180227994668,602.4711321434904,6468556
2019-05-17,605.7344360351562,615.6919127074292,602.5546869590687,613.4745152510126,8155948
2019-05-20,604.479248046875,607.8263091078829,590.7562772679029,602.2199716162748,11213708
2019-05-21,593.5177001953125,604.6885491580048,592.1788959566587,604.6885491580048,8645535
2019-05-22,593.8943481445312,601.0068553079387,591.5932428857817,594.1035395316902,5795713
2019-05-23,586.6143798828125,599.7097789651348,583.6020448386506,598.2872675551278,7233736
2019-05-24,593.43408203125,595.5678237670998,586.1123841626695,588.9155280606531,7016424
2019-05-27,592.5136108398438,597.2831842490571,590.3380410394853,591.9279158665936,10247544
2019-05-28,609.2488403320312,613.7255656670544,593.9360444045432,595.776938417445,23860490
2019-05-29,608.9978637695312,613.8929721303094,605.5253179123381,607.0733135138195,10293077
2019-05-30,613.8092651367188,616.9053074127575,604.6048454940733,608.3284618366561,15089296
2019-05-31,617.3236694335938,621.6748596968862,613.5163971052527,616.2777126910767,8290306
2019-06-03,623.0973510742188,628.3271346188822,610.0019526495396,610.6713547288356,7744761
2019-06-04,615.2736206054688,618.7462176260473,613.4746055445828,616.9053234352841,11733702
2019-06-06,615.524658203125,623.0974265507804,613.89300639723,616.2777675536236,7563925
2019-06-07,618.4534301757812,622.5117739504725,615.7339419949329,615.7339419949329,3218358
2019-06-10,630.502685546875,631.0047243235122,619.2900095290115,619.2900095290115,4435148
2019-06-11,631.6742553710938,635.1049732695293,627.9924669812672,631.7579114868176,5733127
2019-06-12,630.7537841796875,633.3896157684432,623.3902584553085,633.3896157684432,8738342
2019-06-13,630.2022705078125,634.0633255723081,627.953497401044,627.953497401044,4808577
2019-06-14,628.33544921875,632.6207977178152,626.4685498526856,631.2206102448735,5556353
2019-06-17,628.420166015625,631.7720900826338,626.0865552060518,630.4992114592302,3085588
2019-06-18,636.5665283203125,638.5182649021954,628.123090979466,628.123090979466,6202838
2019-06-19,638.0516967773438,641.021747138043,635.2513221452588,638.5608275503222,4596253
2019-06-20,640.5973510742188,642.2945224356091,624.4742231410103,626.0865048581953,7148684
2019-06-21,636.609130859375,640.68233268195,634.0209543112284,640.68233268195,13200318
2019-06-24,632.62060546875,638.051574375308,630.2021570706991,638.051574375308,4758178
2019-06-25,634.8269653320312,637.2030468162578,625.6622497860063,631.3477845485838,3677911
2019-06-26,627.2745971679688,637.6697726122509,626.2562839085916,630.4992126613598,5447130
2019-06-27,619.9343872070312,631.941897795865,617.897812227246,629.6507056242325,11122346
2019-06-28,621.164794921875,627.5291883124679,618.1947446729316,624.1348451708184,5919494
2019-07-01,620.57080078125,625.8320432322209,619.3403409816052,623.7105786788914,3224968
2019-07-02,627.953369140625,629.3535561541045,619.5523506468616,622.8618553367821,4837606
2019-07-03,620.57080078125,630.668992772526,619.4676495722323,628.8020936068823,5958379
2019-07-04,622.6921997070312,624.8985536861002,618.2795435424563,618.61899855264,3274064
2019-07-05,609.284423828125,624.8984186380769,605.4657888598429,623.7103781527463,4926289
2019-07-08,608.945068359375,615.1822042358377,604.4475745763548,607.9692258953239,7177092
2019-07-09,607.1630249023438,610.8543517157738,601.6896371702989,609.284489000535,5022638
2019-07-10,608.6481323242188,613.2729350442659,599.5258354647062,601.6472998506393,7573816
2019-07-11,612.2545776367188,613.9517490230992,602.1563871703314,610.514987324391,6252688
2019-07-12,616.7096557617188,619.9766899802183,610.6422473061504,613.103166546738,7874441
2019-07-15,661.3452758789062,663.2970645161327,640.0033755899351,647.4709197446603,31064152
2019-07-16,666.0125732421875,668.5159118192627,658.5026093045313,659.3511951412639,9924322
2019-07-17,673.9044799804688,674.6257572424822,659.139065330941,665.2064749342607,6754348
2019-07-18,672.6738891601562,677.5956758205541,667.1580821559814,669.5765306634647,6534471
2019-07-19,666.4793701171875,674.2014808990431,662.9577180017336,669.2796931593125,6812754
2019-07-22,665.630615234375,672.0798455602061,663.6364078488125,666.9459126542217,7107151
2019-07-23,670.4251708984375,682.2629526368571,666.6065349694999,667.8369946830927,10782564
2019-07-24,667.2429809570312,673.5649553057001,664.9517890180658,668.6855871255328,5745146
2019-07-25,674.201416015625,679.0383654193844,668.3886240210227,668.8977547820219,9773568
2019-07-26,667.8370361328125,674.6257226500456,663.7638345811862,672.3345305917659,4941763
2019-07-29,671.6131591796875,676.280380505754,667.1580842775331,669.9584067144609,6244316
2019-07-30,672.6738891601562,677.001655476777,669.1522378169898,671.9950309645084,8673253
2019-07-31,673.4800415039062,678.698812327647,663.2545426880004,671.1039601796842,7350584
2019-08-01,652.4352416992188,669.025137306211,648.6590759184247,667.370384459739,10066407
2019-08-02,658.1630249023438,661.8119847180122,646.8344269258222,649.210456442994,10838336
2019-08-05,659.0966186523438,666.9036185775585,652.265513140369,655.6173857041751,9976238
2019-08-06,657.187255859375,665.0366741831933,653.2413113359215,660.8785832185556,9331718
2019-08-07,658.58740234375,664.8245388953432,655.4052056726001,660.9634839597277,5130457
2019-08-08,669.3218383789062,672.7161805069768,662.957446888774,664.1879062689097,8009009
2019-08-09,670.25537109375,676.1106329373332,665.9700238166495,672.0798510026581,4362520
2019-08-13,648.9559936523438,666.9884419885482,645.05251967111,665.4185789684701,7517099
2019-08-14,657.4843139648438,660.4119455405381,651.7139404755968,657.7388793641279,5940968
2019-08-16,657.2720336914062,661.9392549712147,647.0465865189016,661.8968360455648,5128088
2019-08-19,659.902587890625,664.4424999635037,656.2536285121773,658.1629460408082,3881451
2019-08-20,672.7163696289062,677.1714449244619,665.1639355533001,666.3095574197249,8435344
2019-08-21,678.40185546875,682.0507636590065,672.9284672865844,672.9284672865844,5926896
2019-08-22,675.2195434570312,679.9716018967682,672.3767507422427,678.7836131836102,5222488
2019-08-23,680.7354125976562,687.3119513253449,675.304443769626,675.8560451545325,6895015
2019-08-26,681.032470703125,684.6389600738967,667.75213503748,675.3894066461729,5412074
2019-08-27,665.8428344726562,674.5832574048105,662.830313602603,671.231333308338,16061642
2019-08-28,680.989990234375,683.1114543784073,667.2428922223339,668.1763675218431,5881134
2019-08-29,684.766357421875,687.0999684937179,675.0500391458512,675.0500391458512,7830413
2019-08-30,691.5125732421875,693.5915669695459,680.5657959563854,687.3544822003394,8174186
2019-09-03,690.9609375,697.8769319854633,689.0940385167863,691.5973768038073,5647088
2019-09-04,696.9434814453125,697.9193757967025,687.5666190602846,687.9909119446168,6199015
2019-09-05,707.7630004882812,710.6906319577463,701.4834964283182,704.4110761042145,7926895
2019-09-06,712.939453125,718.7522457289922,708.6116340285287,715.612467590824,6106841
2019-09-09,703.5624389648438,713.0666099175037,702.2471413842159,710.0965597318952,4377870
2019-09-11,695.9251098632812,703.0956693664964,690.8760663975625,697.7920087566569,7981036
2019-09-12,692.7854614257812,695.7130409738332,688.0757688445153,692.7854614257812,4400017
2019-09-13,703.732177734375,705.2172028509347,693.7188758785718,694.2280066296802,4832021
2019-09-16,702.3744506835938,711.0724548074671,696.307041723661,706.0657780577628,4846496
2019-09-17,705.386962890625,708.5691597156955,696.3070842577102,705.5991093456297,5540901
2019-09-18,704.1987915039062,706.8294381345224,699.2345860943251,704.2412622218899,3199389
2019-09-19,696.434326171875,701.7804059674489,691.7671046086091,699.955925911656,6601607
2019-09-20,683.1115112304688,708.569083077567,680.5657540457589,698.3012164833291,22462366
2019-09-23,648.6165771484375,684.7239466910879,629.5658661503916,684.7239466910879,17279260
2019-09-24,673.8194580078125,677.7229832650279,649.1680540273172,649.1680540273172,13717998
2019-09-25,672.6314086914062,679.7170778618068,663.2969669230168,668.4308995369199,9313576
2019-09-26,664.060791015625,676.3228658812185,660.2845739402602,668.4734474252571,18442824
2019-09-27,663.7637329101562,673.9891800517574,661.9816718962064,667.8793527633977,5087642
2019-09-30,683.6630859375,685.6572416034522,665.4184934938438,666.2246084692965,8178091
2019-10-01,673.3952026367188,685.2754029794016,671.6980311591926,684.8086911817946,5881438
2019-10-03,666.6489868164062,677.0441629140253,665.4185788356234,672.5466685121362,5497672
2019-10-04,673.3104248046875,676.8320248583607,667.8794548750174,670.3827933862492,8201713
2019-10-07,670.0008544921875,680.5657572166701,667.0732233574182,674.4983485140839,3679845
2019-10-09,664.9942016601562,675.3893764404133,660.8785299567345,675.0075025183448,6335025
2019-10-10,664.4850463867188,674.3710908715716,659.0116580623488,666.4792539309641,10402917
2019-10-11,691.4276123046875,699.0648835417649,659.0116284730473,663.1697190862135,20636344
2019-10-14,667.0731811523438,676.3227857654302,661.8968292309104,667.6247825607933,15150858
2019-10-15,651.9684448242188,658.4601467627168,649.1681221071755,656.0416462120604,13762133
2019-10-16,654.6415405273438,658.4601767134334,646.2405202005193,649.3802980900177,10767032
2019-10-17,652.9867553710938,653.8777600781892,649.2529572350414,650.8652909286926,9860495
2019-10-18,651.5865478515625,656.6356434261189,644.9251704270769,648.1497859204994,10037200
2019-10-22,546.107421875,586.4576693093293,541.6947650278773,586.4576693093293,90152532
2019-10-23,559.039306640625,564.2379159688392,528.5353162771628,541.3384205346815,60516887
2019-10-24,545.9354858398438,561.2734393921497,543.0569612166646,558.5237734032152,25666433
2019-10-25,547.739990234375,560.6719535395555,546.494042070739,555.94598304995,16549337
2019-10-27,557.5355224609375,560.6718688356935,554.6999510846636,559.4688737327847,2945281
2019-10-29,559.082275390625,561.7459829741329,555.9459288478225,559.3829979597101,16709764
2019-10-30,567.6320190429688,576.9121488471421,563.8512739797126,567.4602075207223,22879467
2019-10-31,589.1136474609375,597.5774619418482,572.3579348959386,574.3342916677091,27405901
2019-11-01,591.0899658203125,596.3314750987396,586.5358074114204,592.8944060779976,9713519
2019-11-04,609.2205200195312,629.4133017127033,582.7121446047856,585.8484388047144,29381982
2019-11-05,598.135986328125,609.0057393741744,594.1833774634802,609.0057393741744,12897805
2019-11-06,612.05615234375,619.9614228329414,594.6130347891828,597.8782403870715,21372589
2019-11-07,618.7584228515625,622.4103092371707,611.8842837727705,616.0947149367382,13733737
2019-11-08,608.490234375,622.3244186297063,606.2131547714985,620.3910669667214,8585630
2019-11-11,605.2680053710938,607.6739437126254,599.7686727800022,600.5420344537728,6951494
2019-11-13,594.054443359375,601.487126688807,590.961101971753,598.4796910553631,9973690
2019-11-14,606.0411987304688,609.9079014690028,598.3507461280597,598.3507461280597,10539902
2019-11-15,604.8382568359375,612.6146151982521,603.4633977263906,609.2634518420883,7362623
2019-11-18,605.955322265625,610.0797948969521,600.885624118557,605.7834583131707,7490916
2019-11-19,612.5287475585938,613.5169260507491,605.7835194198573,609.9939506748842,6495885
2019-11-20,612.6575927734375,614.3761273955229,605.783454285096,612.485728822126,6142171
2019-11-21,612.87255859375,619.9185627463237,610.5095729139283,614.8059105136041,9692973
2019-11-22,595.6441040039062,611.7983187861224,588.684007393104,611.5835019607059,14415826
2019-11-25,599.8544921875,605.9123687203597,595.6441138073487,595.772972437411,7334511
2019-11-26,593.4100341796875,607.7168570958895,589.4574251930437,605.783505482647,27253106
2019-11-27,597.8352661132812,599.4678950765623,592.9803845478805,596.5463650724333,3861635
2019-11-28,603.0767211914062,604.3656221150429,596.374446877598,600.713736164739,4837683
2019-11-29,598.3507690429688,603.4634200154866,594.2262964530142,602.2604772514035,4262379
2019-12-02,595.2144165039062,604.9241256451888,593.1521541882757,604.1507641654501,9383736
2019-12-03,600.0692749023438,601.229317180045,591.6484661752517,595.2144463113347,5239013
2019-12-04,609.0916137695312,610.5094258140188,595.7729704196124,598.909317089896,7427886
2019-12-05,614.2471923828125,615.1494649806565,604.7522994549195,607.0293787186483,4814422
2019-12-06,614.4620971679688,618.67252840896,609.7361264648448,615.1925059257636,5226096
2019-12-09,616.3094482421875,620.6916903326968,613.7316464370616,615.2353641567183,6435865
2019-12-10,613.9894409179688,617.3835572541892,610.0797851781132,612.6575870873165,4457939
2019-12-11,619.5746459960938,620.9924579502369,612.6575550571316,615.7508962082478,6043554
2019-12-12,603.2916259765625,619.2740312273227,601.1005045760004,617.3836324412516,11112042
2019-12-13,611.1968383789062,612.5716975675551,601.7878506718857,601.7878506718857,10302412
2019-12-16,613.5169067382812,618.8443749609667,610.2517011971252,612.0561417093245,5616324
2019-12-17,627.00732421875,628.3391779701315,614.3760851263507,618.4146516995003,10525565
2019-12-18,629.3704833984375,633.5379097457925,621.0355782582019,628.1245350491118,12215295
2019-12-19,627.9955444335938,632.3778395440605,622.6251233022757,630.2726239714801,7199210
2019-12-20,628.596923828125,631.5614062239924,625.761352493364,628.124337346583,7794167
2019-12-23,632.4207153320312,633.537752302075,628.6829236584776,629.1125572966108,4975608
2019-12-24,630.1865844726562,633.2369725387841,625.804290292205,633.2369725387841,2890759
2019-12-26,626.3629760742188,631.1748524926453,624.3007133545962,628.983731131496,3821806
2019-12-27,633.2369995117188,633.7095860020081,626.2769034388314,627.0502649287666,3399094
2019-12-30,629.7570190429688,634.0963083767983,624.9021378668292,632.5066324199013,5368416
2019-12-31,628.2533569335938,633.924500582762,623.3555224481205,627.0074087612031,6927885
2020-01-01,633.1510620117188,635.8577748694352,629.4562232684716,631.5614385527498,2112415
2020-01-02,631.3037109375,636.5452206149837,628.0385056083046,634.9126441731436,5658200
2020-01-03,641.013427734375,642.7319623931803,630.6163140268093,630.6163140268093,7882938
2020-01-06,634.8695068359375,647.7155610968748,632.8502500306064,641.0991936149218,6519403
2020-01-07,625.4607543945312,638.091943075868,623.0547637452105,634.1393340585887,7899363
2020-01-08,617.125732421875,626.4058079768749,608.6189659032445,622.9257861994387,8639443
2020-01-09,625.1598510742188,628.5539670587161,613.7745604883978,620.1331588503805,13521186
2020-01-10,634.2681884765625,638.3497082159341,627.6947725496843,636.244492808629,9341405
2020-01-13,664.6861572265625,668.0802732841175,648.7467605524229,653.0430967150216,36952038
2020-01-14,666.49072265625,667.607759691393,659.2299032595474,661.592888406991,11414418
2020-01-15,659.5305786132812,664.9439518924611,654.8905668506321,664.9439518924611,6047430
2020-01-16,659.0579833984375,663.7839532924289,653.2579294376299,662.2372827253157,5740586
2020-01-17,659.7884521484375,664.1277944750946,654.9765756863783,662.2373957058855,3762957
2020-01-20,660.303955078125,665.4166059085701,655.5779850146992,663.0106155562338,3887680
2020-01-21,655.19140625,662.0655455942623,653.6876882684426,660.3040578763993,4448374
2020-01-22,661.8077392578125,668.5100142587062,658.1988058125564,660.3040213594156,9733935
2020-01-23,673.9664306640625,674.9546092497037,667.3930658732487,667.7367413998227,12528017
2020-01-24,672.5914306640625,675.8136828071354,664.7291144567608,666.5765599969933,7540490
2020-01-27,668.5958862304688,674.3529878110744,665.4166390766485,669.4122006803074,3741610
2020-01-28,668.510009765625,671.7752152625233,663.3544055772012,671.087811859837,5121009
2020-01-29,678.5632934570312,681.2270007011925,673.8802768995811,675.8995337673641,6832757
2020-01-30,670.8300170898438,678.5634230837039,668.5099848025825,678.5634230837039,3859680
2020-01-31,666.74853515625,674.4819415896598,663.0106905794573,670.7011441328964,6092028
2020-02-03,659.4017333984375,679.6374674069847,656.9098373016258,671.9470147414929,6416745
2020-02-04,676.9738159179688,678.7353560855137,661.7218192118607,661.7218192118607,5771311
2020-02-05,674.13818359375,675.3841317304477,665.4166515278996,671.0877950146051,6310409
2020-02-06,662.7958984375,676.0715904654292,661.6359084074614,673.9663748132103,7341622
2020-02-07,667.908447265625,669.2403010625379,662.4950738825356,666.7484574140747,2853344
2020-02-10,664.385498046875,668.5099706672875,661.4210153228079,665.0729014093579,3827682
2020-02-11,664.6861572265625,669.4550798779453,660.9483657433054,669.3691741328972,4312817
2020-02-12,671.1307373046875,673.021135918938,666.0180862043903,666.6195838242222,2948825
2020-02-13,680.7544555664062,682.2581732025579,672.1188304878938,674.5247682166347,4387430
2020-02-14,675.7708129882812,686.7264716212071,674.1811369350173,682.687904616437,5321680
2020-02-17,678.3485717773438,681.7856409332788,673.0640569718882,679.0789279947746,2929629
2020-02-18,685.39453125,686.597473912175,673.3647899551901,674.5247797446999,5083346
2020-02-19,687.800537109375,691.5812818518593,684.1056981207253,687.4138563260885,3985192
2020-02-20,684.8360595703125,692.6553712672503,682.1293465122486,690.2064803636806,4564569
2020-02-24,683.847900390625,697.3813611703688,680.6686531479877,687.4997866327781,6627536
2020-02-25,686.0391235351562,692.5695348959168,683.4613212960895,686.5546630047612,6996695
2020-02-26,672.5914306640625,688.6597385066209,670.6580793782189,682.2152342204753,8760569
2020-02-27,668.3810424804688,670.8729386068777,663.5262137452423,668.5099535525468,5223386
2020-02-28,628.7259521484375,650.2935423983963,620.4340009570107,644.4505347061641,14123957
2020-03-02,636.7601318359375,658.1129593855362,630.4874899547933,633.280109160726,9821523
2020-03-03,641.8726806640625,652.1838883855736,636.9318936308385,648.7468191450699,7826587
2020-03-04,651.9690551757812,654.3320402192519,640.6267164780191,647.8016298045927,11013444
2020-03-05,648.4031372070312,664.686264377304,645.9542461777803,656.2654546302358,7755293
2020-03-06,634.9556274414062,639.2949171290524,626.4918124610296,636.7171150438545,9216022
2020-03-09,605.310791015625,623.6990776734783,598.9092398708025,622.5390879288327,10308654
2020-03-11,589.4574584960938,598.0071799356881,574.892865031029,593.4530730340792,16165009
2020-03-12,542.3695678710938,575.7091309346221,539.1902681514557,573.9905962154143,13965574
2020-03-13,551.9503173828125,573.1312768534269,489.7823505344128,508.6862307304778,16903113
2020-03-16,501.0817565917969,534.5931819350706,498.3750435666342,534.4642708593905,19140152
2020-03-17,476.85040283203125,508.6862460888613,472.5970191703948,505.3350826110837,16059887
2020-03-18,459.1064758300781,496.65646470613166,453.6931027073313,488.06379230637157,15390183
2020-03-19,468.7732238769531,479.47111131199466,437.58183411403814,437.58183411403814,16583991
2020-03-20,502.84326171875,530.5546336465629,470.87850593616946,472.16740695606774,21354894
2020-03-23,452.3612976074219,482.0060205736713,443.29603774017926,464.00435947172974,17146150
2020-03-24,506.7959289550781,516.5486459305157,448.5376066291342,448.5376066291342,20027097
2020-03-25,520.8878784179688,545.6347676259147,486.0875507189931,512.982608303419,18339548
2020-03-26,552.5089111328125,559.2541389141585,525.9575287953459,528.4494251114769,14843813
2020-03-27,560.84375,579.9194936239911,551.8643966613668,571.4556796621503,13495283
2020-03-30,538.5028076171875,570.1238326064855,533.6908794466455,537.1279485203846,14624804
2020-03-31,551.219970703125,568.8349502813231,544.5176962795475,558.5237427233535,15175521
2020-04-01,517.9663696289062,547.7829584028392,510.4048271235866,545.0762451595822,13083824
2020-04-03,503.2727355957031,520.7158467041173,500.2223479729226,518.5676790196943,10221655
2020-04-07,549.0718994140625,553.5830535172297,526.6450399936691,528.4494806567268,15145605
2020-04-08,542.7131958007812,563.3786159451819,538.2020425580807,541.3383891240682,11806896
2020-04-09,546.7088623046875,560.9297267407588,543.142881753098,555.7741225382784,11931114
2020-04-13,547.6970825195312,559.9845963166536,537.944365692171,540.479215107455,8330276
2020-04-15,549.11474609375,561.3593048627127,546.1502634816354,559.7267284941587,11963447
2020-04-16,536.0538940429688,545.5488398400219,518.5678251427089,532.7027829782867,17783287
2020-04-17,540.2642822265625,555.0866422558399,537.9012972943589,553.3681077596918,8878320
2020-04-20,561.3592529296875,567.9756208783401,549.07174242248,549.9310096250191,13322913
2020-04-21,544.0880126953125,555.5162562007505,539.4479487418822,539.4479487418822,11660575
2020-04-22,551.5206298828125,554.2273425338553,539.6627530432827,544.0880000897794,8266728
2020-04-23,583.7003173828125,587.438161931594,548.2984910416214,555.9889445374286,14451289
2020-04-24,565.39794921875,580.0054950192344,562.6482830495548,574.4632097999466,7319940
2020-04-27,571.0690307617188,585.1610355625768,568.0186423136012,568.0186423136012,7183306
2020-04-28,567.7179565429688,581.7240040539833,561.1445402456878,578.2869346061016,7296571
2020-04-29,581.3373413085938,586.0203590658929,565.3979417380608,572.2720808473382,8639056
2020-04-30,614.8057861328125,618.6724891902516,599.8545133325081,601.4871422683001,16253821
2020-05-04,578.888427734375,602.5182800042948,576.0098506269107,592.722611176012,9122740
2020-05-05,578.888427734375,589.1136777947754,575.7091280307733,585.8055194551935,6393053
2020-05-06,572.1861572265625,585.54775421405,570.5964811398504,581.6380982067876,7934250
2020-05-07,571.3697509765625,579.446831413283,569.2215829169811,571.8852903326583,4779548
2020-05-08,579.318115234375,585.0752175386579,574.4202803651933,577.6425332468231,8400321
2020-05-11,586.7936401367188,600.2411414558088,582.5832095321019,586.4499122502353,7370186
2020-05-12,590.8751831054688,593.7537075982532,580.4350643742691,583.0128662885886,7356039
2020-05-13,596.4603881835938,601.4011749176295,587.52398772122,597.0188804340474,8287101
2020-05-14,565.5267333984375,577.2127464381863,560.7577584420578,566.2570895463563,16888262
2020-05-15,560.4999389648438,571.2407781004781,555.688064010281,571.2407781004781,9255353
2020-05-18,570.4676513671875,576.1817481452235,561.1016156710401,566.9875764192433,10435442
2020-05-19,574.506103515625,579.8335713362592,562.8200890569237,570.5534948607593,5902208
2020-05-20,575.322509765625,578.2869929526294,566.8157934911394,574.4202894336297,5794636
2020-05-21,577.599609375,583.8292985923798,571.7566010119417,572.7017742598171,7213225
2020-05-22,594.9137573242188,597.9211931934447,578.7165879781676,580.0054890649786,11867731
2020-05-26,584.7744750976562,601.0146515054303,583.4426209880404,595.4723657506804,7099606
2020-05-27,606.170166015625,609.3924185965654,580.0054645692849,589.5003583520194,8774636
2020-05-28,607.8458251953125,610.0798996241773,592.8945503389892,607.5020972313991,9440091
2020-05-29,601.8359985351562,610.3714333238881,587.8570398812367,603.1424442628013,28290128
2020-06-01,609.2828369140625,615.4667130203887,602.2715875606066,608.5860763672796,12276438
2020-06-02,616.7294311523438,619.8213950978599,607.5407739082339,610.1101276902748,7059304
2020-06-03,611.0247802734375,620.0392895204851,606.1909407313866,618.994122094236,11378568
2020-06-04,616.4247436523438,617.9053930185396,607.4973630484067,611.4167008745254,10782424
2020-06-05,612.7667236328125,619.8651016363413,610.19736915034,615.7715601238591,7718679
2020-06-08,627.8344116210938,632.1456942829161,613.1586887021496,616.3377287354698,10719105
2020-06-09,625.0037231445312,635.4552907767771,622.7827756545635,627.0940579347492,10078029
2020-06-10,623.4794311523438,626.6149328093912,617.6875536276282,622.7391331668896,7263049
2020-06-11,613.1151733398438,621.3457945088276,609.8925956193588,620.1264235358565,8825715
2020-06-12,602.7505493164062,605.4505692704912,588.3361075718079,588.5973861068697,9795316
2020-06-15,598.8312377929688,613.5070118687655,596.828031391361,603.5780018303001,7857344
2020-06-16,610.719970703125,620.1263713216243,608.9345051254461,611.4167312749723,10131760
2020-06-17,612.8536987304688,618.6455761010103,607.9327319999423,609.587584482618,7291916
2020-06-18,621.7811279296875,624.1326878506742,614.9004920943274,616.8166232398189,6670195
2020-06-19,614.5086669921875,620.0393205346618,610.5457912472185,617.513503558171,22438862
2020-06-22,612.897216796875,617.252035655515,609.6746402095995,615.8584617251042,7804096
2020-06-23,627.66015625,631.0133460036435,602.7940943595893,605.9295962974941,12157390
2020-06-24,621.9988403320312,633.0165008836472,617.8617621403708,624.3939908640451,10220838
2020-06-25,610.110107421875,614.552001287093,604.0133611664102,613.8987784740075,14945284
2020-06-26,651.6553344726562,654.6165804452945,618.3844960263928,618.5586994740606,26030458
2020-06-29,637.3277587890625,648.6067505980112,635.8906472594941,640.5067979135447,8954428
2020-06-30,640.9859008789062,643.5987926116884,630.795612489172,638.2423432957175,10411290
2020-07-01,637.4585571289062,646.5165506096668,635.5859633113594,642.1181931501195,5477468
2020-07-02,658.9712524414062,666.6793146995869,640.5068606541765,642.2051976980483,17263756
2020-07-03,664.2841186523438,665.4163609907333,655.4002770229408,657.5776865811566,7796572
2020-07-06,665.4163818359375,674.9969841922141,663.238972209511,666.4615490885051,8810958
2020-07-07,691.6760864257812,694.114775009981,666.7664839658335,670.1197272836043,19362533
2020-07-08,674.7357788085938,683.6196216792831,672.5583689461415,683.6196216792831,8476642
2020-07-09,680.8324584960938,688.0614478863074,674.9969900150484,679.351809305468,6854166
2020-07-10,680.9630737304688,687.9743753418453,673.6905467519866,673.6905467519866,5206452
2020-07-13,694.2018432617188,701.4308338058166,684.6212392935491,686.3196297197912,10804688
2020-07-14,682.1825561523438,702.345394109285,680.5277032809272,690.6309176232681,8961822
2020-07-15,723.7274780273438,738.9693465867283,692.2421111394763,695.9001702256123,30060599
2020-07-16,793.4481201171875,832.2060140197285,778.8594746594895,783.9545922570675,90432109
2020-07-17,786.6111450195312,801.1997917813194,777.0305411759688,793.4481910441225,31682878
2020-07-20,813.7415771484375,823.0609016936783,789.7465318632198,791.2707187182082,18421053
2020-07-21,815.8754272460938,827.1544202989401,809.2996604819718,823.0608793675566,12877784
2020-07-22,799.4578247070312,817.8351426443229,792.5771882921554,817.791605079048,14354201
2020-07-23,790.791748046875,797.6287939549853,784.4337216908973,797.4981812549976,13051307
2020-07-24,803.7691040039062,806.294920860975,786.6982309129633,786.6982309129633,18209580
2020-07-27,826.065673828125,829.854345310317,800.110961740573,802.6367250088961,16827870
2020-07-28,838.6075439453125,842.7010847807401,819.7512079884654,823.9318239474359,15818463
2020-07-29,831.0302124023438,836.1253298674569,821.841500885121,830.2463236418263,11152710
2020-07-30,837.3883056640625,847.1431125977414,835.0366923522814,837.8673252077128,12492320
2020-07-31,841.3511352539062,859.1623578070553,830.2898829887673,844.1817679553299,12704346
2020-08-03,833.4254150390625,840.8286085254143,825.1947951782345,836.1253819879639,8479792
2020-08-04,827.2850341796875,845.4446632812084,819.1850805902475,836.5172833598572,11133170
2020-08-05,822.7996826171875,836.9528472935516,817.2254918808812,829.1577090399157,9614176
2020-08-06,845.5752563476562,848.6672206298584,820.8834517677973,830.4640543878988,10976491
2020-08-07,828.1996459960938,844.356016727954,826.5447932179795,844.356016727954,8010948
2020-08-10,828.5914306640625,833.3381942396638,823.3221100464963,826.4576117765276,5716319
2020-08-11,826.065673828125,837.8672233589381,824.0188768858094,827.3285820419939,6802442
2020-08-12,831.7269287109375,835.0801182274267,820.6221397633403,825.6737193978155,6908726
2020-08-13,828.4609375,843.5286035237278,825.8915831609447,831.5963865229483,5097703
2020-08-14,830.5511474609375,838.7382293224521,829.201164058086,832.5108162210366,4663873
2020-08-17,833.9478759765625,846.9687960035885,830.9865776597209,830.9865776597209,9008210
2020-08-18,842.7010498046875,844.138161399413,834.9930411114858,839.5220636954849,6141761
2020-08-19,835.5155639648438,846.1848705308918,833.9043021961849,845.6187759556873,6622744
2020-08-20,831.901123046875,840.9155774188267,828.5478804075061,835.1672374076421,5656501
2020-08-21,826.3705444335938,839.130186936515,824.4108756425974,838.7817801099039,6513773
2020-08-24,825.1513061523438,829.157719246277,818.0093907958587,824.8028992922524,5798574
2020-08-25,817.0513305664062,826.2400435574455,813.1319924540134,825.2384136649528,6233918
2020-08-26,828.1124877929688,831.1173239607862,817.3125670377282,819.7947929558187,5153601
2020-08-27,824.8463745117188,836.9527943325807,823.2351125142904,836.1253679719745,6154280
2020-08-28,814.5689697265625,829.5930966742055,812.6528385564291,828.6785952310149,7593610
2020-08-31,808.777099609375,827.8512313051073,796.5836043560646,814.5690311184657,12808355
2020-09-01,796.191650390625,814.3512259843709,794.4061319130727,806.7302920513621,6907773
2020-09-02,804.7706909179688,806.8610256646409,795.6255694302646,796.9320153570794,5678118
2020-09-03,814.8302612304688,826.8931430703163,804.7706388763972,806.948048613617,8827948
2020-09-04,800.5465087890625,809.5609641024442,796.4529677308403,796.9319872552302,8650342
2020-09-07,805.6851196289062,807.8625293101688,795.2335531588458,800.3287237086498,6700385
2020-09-08,818.096435546875,829.1576884511645,806.1206811180898,809.9529437990697,12891964
2020-09-09,808.0368041992188,823.931896278589,806.5126172874983,814.3512928334891,5528947
2020-09-10,818.7496948242188,820.4480852504116,805.4674938687317,814.6126158380835,5171884
2020-09-11,823.6705932617188,831.0302490487492,810.867412951651,814.264193517794,6671903
2020-09-14,852.151123046875,863.1687847709663,825.9350770836934,833.5124738414082,21871587
2020-09-15,855.678466796875,865.738088887986,846.2720676098545,853.1091127422357,11608203
2020-09-16,872.4880981445312,875.8848786623677,855.286560896361,858.77041654156,10059251
2020-09-17,880.5444946289062,889.2541335470952,866.6090723598038,866.6090723598038,15628241
2020-09-18,872.8364868164062,887.3380037422411,870.1800044146664,880.5444960073027,12897633
2020-09-21,879.5864868164062,897.9638043219828,871.399404679092,871.8348866404508,14140637
2020-09-22,877.4961547851562,890.5606136653323,863.2994534339156,878.8026006731739,12625762
2020-09-23,888.1654052734375,903.1895320113309,878.0186549374127,888.5138120847491,13486204
2020-09-24,849.5382080078125,878.8025737387143,844.8349816913309,873.5767903468092,14427432
2020-09-25,880.9364624023438,883.9412985407854,849.1898170707385,849.8865775708102,13311078
2020-09-28,880.0218505859375,885.0298924689566,869.6573600338376,883.8540594355571,8554526
2020-09-29,878.8025512695312,895.350864920791,874.5348070114925,886.64122615697,8708463
2020-09-30,878.1494140625,891.8235588880676,875.3187811880114,878.8026370335358,8048817
2020-10-01,886.33642578125,894.0444349601498,881.1977175557054,888.9057267346052,5563358
2020-10-05,913.3798217773438,918.7798618809287,886.6848094840522,886.6848094840522,14212509
2020-10-06,919.5199584960938,923.2215543508022,898.268422207652,918.8667356982041,9090819
2020-10-07,928.9265747070312,933.673285355981,901.8831035318268,910.0701853201703,9284008
2020-10-08,952.5731201171875,978.9633672969411,947.957075503971,949.3505964000585,21482613
2020-10-09,963.9827880859375,969.6440528547571,948.0005171065945,953.7924477107673,10567867
2020-10-12,986.01806640625,992.8987014785054,968.5987909417148,978.0923173336505,14633537
2020-10-13,1008.4020385742188,1015.5874906966795,989.0230919409153,989.0230919409153,17523825
2020-10-14,990.285888671875,1014.5858011352408,985.1471807386598,1012.0599847288644,16649573
2020-10-15,965.2457885742188,1032.9632350543861,951.5281064898119,1027.7374514031835,44288251
2020-10-16,982.01171875,989.3713205891544,955.360246804231,970.1230412015893,18365685
2020-10-19,980.6181640625,992.027768583142,971.385969042699,988.5439133817964,12902123
2020-10-20,990.7214965820312,996.9923945163763,966.7699878734546,974.5215883192715,10448776
2020-10-21,1000.17138671875,1005.3971701888551,988.5440397615337,993.9004890821587,19811433
2020-10-22,983.3616333007812,1008.5759905366725,978.7890737581927,994.6405709783074,11271335
2020-10-23,988.1596069335938,999.1636114651482,986.0908755738578,997.4029707400995,9069862
2020-10-26,979.3123168945312,994.4098321814356,971.1254022287984,987.9394991901848,6309368
2020-10-27,960.2974243164062,976.8914412836614,948.2370786061306,973.3701599129556,10172479
2020-10-28,947.7088012695312,972.5337891556483,941.9867196859044,964.3908269020255,7608392
2020-10-29,946.2122802734375,952.5065920923057,933.227555473658,941.9427481874003,6935616
2020-10-30,933.667724609375,953.9150922883643,926.4050818549549,943.7033979076784,8800386
2020-11-02,943.9675903320312,950.7019552978791,925.3047337228566,937.5412085472666,7183119
2020-11-03,935.3844604492188,950.2178373234822,930.9387995567763,943.7034450353326,7204782
2020-11-04,963.0264282226562,982.4375354148427,939.1258160852482,940.1821575475377,15702690
2020-11-05,971.8736572265625,988.5997437186863,967.4720555181088,977.0675687347336,9568890
2020-11-06,979.576416015625,986.9270690448684,961.045630674795,975.3948945812739,8807127
2020-11-09,1000.5280151367188,1008.8469984484382,986.9710619027226,994.1456933751558,10160320
2020-11-10,960.4735107421875,980.5447491984452,948.9852877896575,980.5447491984452,15622869
2020-11-11,988.1596069335938,991.5488188371161,956.908234063979,964.8311173266982,12514800
2020-11-12,983.9779052734375,1005.3256701608282,980.45662446727,993.0891978672036,9180976
2020-11-13,989.6559448242188,997.4028057170866,983.3176822471189,985.9586428977378,6363212
2020-11-14,997.798828125,1003.2568775156658,995.7300972707205,1000.9240076327739,1136144
2020-11-17,989.216064453125,1007.9669333594052,979.488587782454,1007.7468532429511,12813968
2020-11-18,977.6397705078125,997.1387795501915,969.6287696586,993.4414772051522,9839468
2020-11-19,965.4913330078125,981.2930401282673,962.8944309889007,968.3523741131469,10092343
2020-11-20,971.3013305664062,976.2751614927153,960.5174074570413,973.634200731238,8063554
2020-11-23,1003.4329833984375,1007.7906329732384,970.0688254976338,972.753845158702,10546363
2020-11-24,1003.609130859375,1016.6818649085558,997.7109207850034,1007.9666730554464,8515426
2020-11-25,982.1294555664062,1006.646356710311,978.2560243938199,1000.9242742279174,8958701
2020-11-26,979.9725952148438,985.9147577263824,966.855907639641,985.9147577263824,10962256
2020-11-27,968.3523559570312,986.8390827525747,960.4294730446555,984.1981217817827,25306145
2020-12-01,1001.6725463867188,1003.7853368404745,972.7981017220103,972.7981017220103,8933802
2020-12-02,1004.3573608398438,1010.1233938062726,986.8389669635521,998.2831298275363,6741637
2020-12-03,991.6367797851562,1009.7274053146347,988.3355785907971,1009.7274053146347,16212632
2020-12-04,998.8554077148438,1000.9241388403057,981.5570930579954,990.3602956863183,10564055
2020-12-07,1006.646240234375,1015.0092828948267,1000.0438381340183,1009.9915002829443,7792141
2020-12-08,1015.3174438476562,1027.3338379950642,1007.9667904921581,1007.9667904921581,12308330
2020-12-09,1034.55224609375,1038.3376659016844,1018.530461592411,1028.2580426931274,10039346
2020-12-10,1027.994140625,1031.427411655572,1012.368453623421,1018.8828460345864,9488782
2020-12-11,1023.988525390625,1031.6913279811351,1016.9900220213509,1020.9074043544209,10574009
2020-12-14,1025.1771240234375,1032.2636384849482,1010.7838000872065,1029.4466563014007,6728187
2020-12-15,1016.4179077148438,1024.4288018261318,1014.1290961774737,1017.6503777614232,6905926
2020-12-16,1026.1893310546875,1029.0064204921753,1015.5374769134664,1021.171548327468,7788404
2020-12-17,1020.4672241210938,1029.0063953013716,1017.8262632848994,1026.3654344651773,6658153
2020-12-18,1047.4051513671875,1051.9827740102896,1034.9045384462956,1041.2868607153957,15995676
2020-12-21,1036.401123046875,1064.9674735459034,1014.1730356676362,1045.8205071895295,10858352
2020-12-22,1074.430908203125,1077.3799596666704,1035.3446660438115,1040.5385772192492,10901851
2020-12-23,1103.08544921875,1108.1912427335908,1083.2782414933815,1089.8365850669452,15878346
2020-12-24,1088.1199951171875,1100.3124102877798,1079.272732749329,1100.3124102877798,7313885
2020-12-28,1091.8614501953125,1098.6398743846044,1088.0760294385987,1090.232771464013,4607051
2020-12-29,1100.66455078125,1104.3177941793053,1087.1956067576748,1087.1956067576748,6878105
2020-12-30,1097.58349609375,1103.3055785810864,1089.9687032914826,1103.0414394818924,5194690
2020-12-31,1105.50634765625,1107.7951590929808,1090.7169226695585,1094.2382040986772,7430470
2021-01-01,1109.599609375,1114.0452695948306,1105.5062062061872,1107.3548572277425,4253550
2021-01-04,1134.0726318359375,1135.6131923682199,1110.2159730853582,1117.1264659808303,7208454
2021-01-05,1138.95849609375,1143.5361188661745,1122.4524897590766,1128.5706731227374,8145280
2021-01-06,1128.65869140625,1146.1770877418114,1116.2902550512151,1144.416447054036,7161715
2021-01-07,1111.09619140625,1142.3475593355365,1105.2420404287118,1140.8950094747993,10954918
2021-01-08,1155.068115234375,1159.2056846592145,1125.2692978970617,1125.2692978970617,13186251
2021-01-11,1211.4967041015625,1217.791015480157,1179.6291535352227,1181.4778045970766,20528626
2021-01-12,1207.579345703125,1213.0813474604747,1197.2355823993075,1213.0813474604747,8309868
2021-01-13,1221.1363525390625,1226.1101838358318,1197.2356343753304,1209.4280493067367,14442997
2021-01-14,1206.47900390625,1218.3633282789128,1160.6582880628148,1197.2356405052901,27521697
2021-01-15,1183.9866943359375,1201.152939458616,1179.6291520199532,1197.2355572739823,15018441
2021-01-18,1155.024169921875,1179.629076709147,1149.6981896881687,1177.8684362961483,8861765
2021-01-19,1159.0738525390625,1171.7064285295091,1154.98034127026,1162.022904326786,5585744
2021-01-20,1179.1448974609375,1187.0238280519566,1162.506930964582,1162.506930964582,8225838
2021-01-21,1179.3651123046875,1198.1600374653954,1175.227649705845,1188.4324547587196,6142421
2021-01-22,1180.37744140625,1193.7143153151292,1167.78892571395,1168.1850268607495,9646591
2021-01-25,1166.512451171875,1186.5837977384417,1155.8605966401967,1184.0308472818467,6542611
2021-01-27,1145.2967529296875,1168.669300749039,1131.2996381464989,1161.6706896269554,8133665
2021-01-28,1123.4647216796875,1141.291207719844,1120.251638559747,1137.1978043016243,4660690
2021-01-29,1090.760986328125,1136.6256556459916,1083.6743644373792,1132.3120643847108,12183519
2021-02-01,1109.9957275390625,1125.005122010936,1092.4773346055727,1100.8844352414333,8880279
2021-02-02,1119.1072998046875,1139.4867383985393,1112.3728273048162,1126.8101032448378,6892490
2021-02-03,1130.9034423828125,1147.937617904773,1120.6476898717608,1124.7412005689066,8182968
2021-02-04,1126.2376708984375,1138.6062131817557,1119.8113976609816,1131.2115017172475,5032240
2021-02-05,1119.85546875,1134.5128237163976,1110.9642549215084,1132.444092435958,5477481
2021-02-08,1147.541748046875,1153.219771878215,1122.8487168173,1131.6519211827826,6921922
2021-02-09,1149.3021240234375,1172.5865512190387,1142.523593747769,1150.490534846669,7965949
2021-02-10,1141.335205078125,1148.2456975542023,1129.9790523514478,1140.7190238869975,5951207
2021-02-11,1137.9459228515625,1140.89497401597,1129.494870462155,1134.7327326439702,4673317
2021-02-12,1153.043701171875,1165.3241277490283,1145.7810578827875,1148.8181202738297,5797875
2021-02-15,1152.9114990234375,1169.4175046002792,1150.6666392805976,1162.0227926096593,4363513
2021-02-16,1135.96533203125,1161.8027112398622,1132.0919012346753,1156.7408695352747,6896421
2021-02-17,1127.9542236328125,1139.5744063446455,1122.4081638388745,1135.9651153099817,4575741
2021-02-18,1137.77001953125,1149.6984035323842,1122.4084720549693,1123.2887924252084,6437551
2021-02-19,1136.7574462890625,1143.9760284941008,1123.9928041858193,1140.9829185087353,5389696
2021-02-22,1113.7811279296875,1151.9430964143678,1109.2035056526506,1140.014714143002,7371303
2021-02-23,1114.7935791015625,1136.4934957685794,1107.0468250167494,1119.0191594830774,6612942
2021-02-24,1121.7921142578125,1123.8167863141757,1102.1609301061992,1109.247550955885,4537258
2021-02-25,1122.01220703125,1144.1962341374683,1119.7673474305518,1134.2485724219769,8788221
2021-02-26,1103.3052978515625,1121.7920211837343,1095.7785175105098,1117.1262813583749,15132388
2021-03-01,1115.36572265625,1130.7713265603418,1108.3231608715223,1112.1085808151993,5756286
2021-03-02,1148.3779296875,1153.2196917521082,1126.1057812059096,1128.7908013352219,10461434
2021-03-03,1182.7545166015625,1185.7915789976744,1151.459083391951,1161.3186288892,9056399
2021-03-04,1171.134033203125,1200.6247618326536,1167.216651041202,1175.227543893149,12041941
2021-03-05,1159.1175537109375,1179.6290571669563,1148.861909443889,1169.5053749599265,6486176
2021-03-08,1175.8878173828125,1184.9991108147522,1159.5578331575844,1166.2483532735523,5119392
2021-03-09,1184.51513671875,1188.8286206353612,1160.922507422379,1170.3859515587133,6518173
2021-03-10,1204.41015625,1209.560008154973,1192.8339236171678,1194.5065535631416,7925984
2021-03-12,1210.308349609375,1225.1417252536396,1206.0828766227546,1208.6797785376261,9462061
2021-03-15,1209.2080078125,1214.7540689860443,1195.9151920576803,1206.038876053752,6658635
2021-03-16,1218.3634033203125,1237.7304516389881,1215.282281996887,1220.1681030798554,9352771
2021-03-17,1221.00439453125,1232.448559728731,1216.6027925322187,1225.6260766302328,7626744
2021-03-18,1177.076416015625,1226.9465894671514,1156.3008755265314,1226.9465894671514,10961755
2021-03-19,1183.5465087890625,1193.009951409885,1160.2620813250076,1170.8259242505767,12767112
2021-03-22,1206.7430419921875,1211.320664308968,1176.1958648328152,1188.5203483359587,4862758
2021-03-23,1207.4034423828125,1217.7031476926572,1196.8835495202284,1208.1956447443526,7165335
2021-03-24,1191.733642578125,1206.4349490534235,1185.1312401261687,1195.3429344263322,6134303
2021-03-25,1174.1715087890625,1190.6334589149856,1168.71345729193,1185.5716161136834,8749994
2021-03-26,1176.2838134765625,1194.3303776566624,1172.5865116045368,1183.7665352097747,4922071
2021-03-30,1219.5079345703125,1232.4486019059286,1176.240163946917,1185.7036085686948,10546381
2021-03-31,1204.3221435546875,1221.8844893034448,1200.1406224277484,1216.6025678799429,8220987
2021-04-01,1219.4195556640625,1225.0536267024227,1206.919051217892,1214.841933392189,5675155
2021-04-05,1241.16357421875,1254.4563888469693,1221.004218477717,1224.5254995692171,9479572
2021-04-06,1242.1759033203125,1255.3366477722484,1238.1263442942102,1252.6956870826855,5793571
2021-04-07,1259.0341796875,1263.2157015429689,1238.2586399609468,1241.471830878925,5879234
2021-04-08,1267.5291748046875,1277.9609489690665,1250.935158480307,1258.858041257452,5654434
2021-04-09,1268.585693359375,1280.8661193543594,1258.9021694329847,1280.8661193543594,6052712
2021-04-12,1255.11669921875,1300.717334887364,1245.6532557562905,1297.5921547595563,20384532
2021-04-13,1229.939453125,1263.4796330036042,1210.4403381849543,1261.4989124502106,14855206
2021-04-15,1197.8956298828125,1202.86946016342,1162.022584196445,1172.8505648972027,25342491
2021-04-16,1191.733642578125,1206.78709867639,1185.4393307483979,1201.6372462560596,10879878
2021-04-19,1199.4805908203125,1214.5779995455803,1172.8948505559376,1179.629323034113,12508028
2021-04-20,1189.6207275390625,1213.9616035180388,1181.7419044237488,1213.9616035180388,8560766
2021-04-22,1189.40087890625,1201.46133294354,1184.1630154755971,1193.3183691890542,6622446
2021-04-23,1174.1715087890625,1187.0241664097346,1171.7065684405513,1182.2704142867472,7316262
2021-04-26,1182.7545166015625,1189.5769997026998,1162.9032485938587,1172.8068530955097,7088606
2021-04-27,1187.112060546875,1191.0735023507023,1179.7614066919707,1184.9112595447489,3636115
2021-04-28,1193.7144775390625,1196.7955989781383,1183.6788033595897,1195.4751183613914,4879234
2021-04-29,1194.0224609375,1205.1585346306288,1189.6649182780477,1204.278214298539,5412357
2021-04-30,1192.2618408203125,1209.472146593651,1184.8231768703517,1185.175326501452,8354677
2021-05-03,1190.237060546875,1198.1158839558777,1177.8685178052642,1180.3334575384226,4560337
2021-05-04,1170.2978515625,1192.7899711977664,1165.632110895416,1191.953709880542,4887060
2021-05-05,1180.94970703125,1183.0624972874223,1168.8893616546059,1180.5975574117253,3939788
2021-05-06,1198.6439208984375,1201.372891930784,1177.3402157880403,1184.0306275818127,4810090
2021-05-07,1190.6773681640625,1208.7239358814727,1187.11202765501,1201.901452963915,4991435
2021-05-10,1179.2332763671875,1190.9855326292056,1175.271834427564,1188.300512330176,7195348
2021-05-11,1171.3983154296875,1180.5096097171875,1166.5124944185009,1176.9003177121128,6420988
2021-05-12,1168.18505859375,1170.826019540081,1157.1810546507043,1170.826019540081,5241898
2021-05-14,1158.853759765625,1168.0530646731775,1154.364147358403,1168.0530646731775,4824609
2021-05-17,1170.2978515625,1175.18356484798,1162.2869581655425,1162.2869581655425,5017129
2021-05-18,1179.6292724609375,1183.6787245906223,1170.3859087588182,1177.868631755772,5620150
2021-05-19,1176.98828125,1194.9907890147208,1173.6870800123877,1181.3898829001496,4435878
2021-05-20,1179.012939453125,1187.6400133214966,1175.227519439831,1187.0238321383868,4490092
2021-05-21,1192.39404296875,1195.035004304229,1185.2194098485004,1186.2317998526325,4969733
2021-05-24,1186.7158203125,1199.8765657788765,1184.1188109576708,1194.286553380612,4225371
2021-05-25,1198.6439208984375,1204.2779914735463,1192.3496101964242,1195.4747897814882,4099340
2021-05-26,1230.0274658203125,1232.4483465009394,1199.040236092676,1204.1900880483613,6850024
2021-05-27,1234.4290771484375,1246.7535607141913,1225.141655477,1236.1456586607087,15365391
2021-05-28,1236.89404296875,1244.772866430296,1229.0151120462333,1241.0315052688188,4261312
2021-05-31,1240.1864013671875,1247.0825051236686,1230.6208380920684,1247.0825051236686,4429904
2021-06-01,1234.3582763671875,1246.6378359727637,1226.7503804420733,1245.7480159613626,4791325
2021-06-02,1226.7501220703125,1238.584660557052,1214.6040597487086,1228.6187219765782,9272276
2021-06-03,1236.5380859375,1244.8578792030544,1225.3263783707234,1235.1588218225315,5115645
2021-06-04,1232.978759765625,1242.98923196493,1225.8602017572302,1240.3641985269894,4194328
2021-06-07,1236.5380859375,1238.6291407081142,1225.5488333169712,1237.7393209231227,5154576
2021-06-08,1257.2708740234375,1265.1013319051262,1241.7880960173904,1242.1884714890496,7360630
2021-06-09,1259.3621826171875,1267.9933924367642,1249.8410442524976,1257.671503036486,5394317
2021-06-10,1267.370361328125,1271.552470863138,1262.6542730264473,1267.1033719447926,3496575
2021-06-11,1287.480224609375,1291.6623340076171,1271.9528047198082,1272.5312092843928,6140828
2021-06-14,1300.73876953125,1314.2639885241551,1293.3086864911218,1308.9250691394936,7132294
2021-06-15,1311.505615234375,1313.3742153613796,1301.8065562829934,1302.6963762121,5403104
2021-06-16,1317.46728515625,1325.3421693256153,1305.810666518263,1310.43768641987,7661710
2021-06-17,1330.5477294921875,1337.0878839818208,1312.5733024806775,1312.5733024806775,7677951
2021-06-18,1337.666015625,1348.7887620177426,1323.5178604893176,1342.7379445318625,13533974
2021-06-21,1334.9967041015625,1339.8907130555006,1320.6705182672051,1328.500976041739,5454052
2021-06-22,1345.27392578125,1353.8161733934135,1336.598183486593,1343.3607916536985,6427862
2021-06-23,1337.5325927734375,1356.9751327879565,1333.5284038570142,1356.9751327879565,5529809
2021-06-24,1387.406982421875,1395.9048049215821,1344.6956322155095,1349.8566304803442,10785137
2021-06-25,1400.7542724609375,1404.135631117183,1372.9919384117954,1398.7967123676879,9780240
2021-06-28,1398.619140625,1406.0491160133777,1388.6530913017389,1399.5979209156988,5019178
2021-06-29,1390.832763671875,1400.2648310264021,1387.406870836477,1389.008589788626,5913567
2021-06-30,1406.627197265625,1415.7033158675802,1398.8412739382577,1398.8412739382577,6058722
2021-07-01,1388.474853515625,1403.1123459447122,1387.27361849601,1403.1123459447122,4814317
2021-07-02,1395.0595703125,1396.527686132786,1372.6360454660967,1387.1845779352639,5166064
2021-07-05,1404.9808349609375,1410.3642878359224,1389.0531485121203,1396.260666681678,4058338
2021-07-06,1390.0765380859375,1411.9216590381186,1385.538478536323,1400.3094664482746,4089574
2021-07-07,1392.2122802734375,1397.506774179586,1374.460415614269,1393.5025843809224,4797120
2021-07-08,1388.786376953125,1402.3561301157295,1378.330993368823,1395.237571079609,3326813
2021-07-09,1390.6993408203125,1396.928079212835,1380.110463828909,1384.5595626807105,3436594
2021-07-12,1377.3077392578125,1404.135831527272,1364.7613001298819,1397.5067165820512,4588982
2021-07-13,1374.7271728515625,1384.9156755957686,1367.0303178269412,1384.9156755957686,4456160
2021-07-14,1403.156982421875,1408.406941407783,1368.6319278283077,1382.7800855630126,5657716
2021-07-15,1406.627197265625,1420.9087400251894,1384.5596225581112,1386.2503019190274,10021355
2021-07-16,1384.0703125,1401.1549196596945,1378.8648878373513,1400.3540600299193,6265593
2021-07-19,1371.8350830078125,1381.801129510059,1368.1424178936406,1374.5045422926073,5669162
2021-07-20,1379.26513671875,1386.0721708593665,1368.5427653624465,1368.8097547336988,5069939
2021-07-22,1414.9913330078125,1417.349377086102,1389.364589198939,1389.364589198939,7854575
2021-07-23,1415.214111328125,1422.3772054512997,1410.4091704426617,1413.523540301329,4179719
2021-07-26,1427.1820068359375,1434.0781103240706,1418.4617292994851,1418.4617292994851,4586710
2021-07-27,1425.9805908203125,1431.9868737411334,1421.8429075285223,1428.1606056174205,5892859
2021-07-28,1428.6947021484375,1430.4743418144471,1410.8093452291575,1428.249792231935,4686788
2021-07-29,1438.838623046875,1441.5080824588358,1423.8006466353795,1423.8006466353795,4660873
2021-07-30,1433.054931640625,1444.5336299360965,1429.1842368464966,1432.610021695999,6234257
2021-08-02,1451.7855224609375,1454.6329023419573,1440.7961611531427,1448.13717442387,5553389
2021-08-03,1472.829833984375,1475.89977776786,1455.3893859177253,1465.5333543568822,5513668
2021-08-04,1467.5352783203125,1494.8082764158198,1458.4591599744758,1485.1981793032805,6740391
2021-08-05,1471.361572265625,1482.439785316305,1465.5777435714137,1467.7577586309994,5420536
2021-08-06,1468.3807373046875,1477.6794203166185,1462.8638974414057,1474.4315559978156,3754855
2021-08-09,1480.037353515625,1483.7300188807942,1464.9993767983387,1477.990724476605,5018477
2021-08-10,1492.450439453125,1494.897444198092,1478.035400403738,1484.2196053109628,6846517
2021-08-11,1492.7174072265625,1498.456702096927,1484.2195837872175,1490.270402517081,4899639
2021-08-12,1503.439697265625,1509.5794763648796,1489.5585284024805,1494.1411226602154,5659579
2021-08-13,1523.5494384765625,1532.714625987303,1504.9522913044452,1510.0242207840076,5612790
2021-08-16,1516.609130859375,1530.445765785029,1503.8846622406156,1519.5454714955974,4564109
2021-08-17,1549.7547607421875,1556.205954643305,1500.7257088178133,1516.164061463956,9510390
2021-08-18,1542.4581298828125,1562.078700442846,1536.7188354684106,1538.4984751157394,6686090
2021-08-20,1542.01318359375,1552.7355556641908,1527.0197416428282,1527.0197416428282,6206972
2021-08-23,1547.1741943359375,1559.9876213215564,1541.1679106196082,1544.5047349064578,6189051
2021-08-24,1531.2464599609375,1563.4134691115678,1523.9944064933602,1557.1847301908044,7602939
2021-08-25,1544.326904296875,1554.4263380022362,1528.7105222770665,1528.7105222770665,6153253
2021-08-26,1537.3419189453125,1553.6256678469317,1530.4903486235526,1542.9478282053722,5302248
2021-08-27,1520.5240478515625,1537.3415544026807,1517.3206098222295,1534.939084501257,6698514
2021-08-30,1510.9586181640625,1529.2888850881866,1504.151474684652,1515.4077173505289,6559667
2021-08-31,1518.43310546875,1526.0411089645945,1500.1028374875211,1512.827305342868,12255438
2021-09-01,1492.8953857421875,1521.1471684853343,1488.8022357932841,1521.1471684853343,7801974
2021-09-02,1502.99462890625,1507.6217571200289,1479.4589382302909,1492.5392460722514,6830050
2021-09-03,1513.2720947265625,1517.988074588119,1498.8125226886418,1509.1789452891753,5339139
2021-09-06,1539.744384765625,1541.1680748889787,1512.1154332773742,1517.2764321726995,4876026
2021-09-07,1518.611083984375,1543.748494999435,1516.2530396340658,1539.3883559665105,3520341
2021-09-08,1506.6873779296875,1513.4499866926615,1497.5221905318458,1513.4499866926615,4584896
2021-09-09,1505.2193603515625,1508.1558095463424,1496.8106055256137,1500.1474302375927,3331674
2021-09-13,1505.486083984375,1514.028332014795,1490.6260287182015,1497.5666663419925,4662374
2021-09-14,1500.36962890625,1509.089797491508,1493.6514461855788,1509.089797491508,4945167
2021-09-15,1522.882080078125,1526.1299441294327,1503.9734089951633,1506.6874028811862,4062344
2021-09-16,1514.69580078125,1529.8227378429513,1505.0857031997,1526.2189240947241,3246568
2021-09-17,1504.952392578125,1528.7105397062314,1498.8570395600073,1510.0243223989958,7454864
2021-09-20,1501.8824462890625,1519.545348989545,1493.073207849401,1499.3464813829482,5660743
2021-09-21,1529.1107177734375,1536.4962652038262,1499.0348751630181,1512.6935867071113,4672222
2021-09-22,1527.731689453125,1547.3077257336527,1524.3059048281496,1527.8206497121014,4553892
2021-09-23,1550.5555419921875,1552.7355570624668,1531.4688420353173,1541.1678996173023,3826090
2021-09-24,1569.5086669921875,1590.9978373584784,1559.3646993251812,1564.3032427719265,8280446
2021-09-27,1531.513427734375,1574.0912850316047,1528.7994337947073,1573.8688300732904,5045337
2021-09-28,1501.215087890625,1521.591984731913,1490.448289137985,1521.591984731913,6557197
2021-09-29,1505.7977294921875,1513.939603321405,1472.6519381353644,1476.4336727196999,7792548
2021-09-30,1490.6259765625,1515.3630086427124,1486.0879176383012,1515.3630086427124,6914031
2021-10-01,1481.6834716796875,1493.9629198300943,1478.2131527121837,1481.638937241155,5733906
2021-10-04,1493.78515625,1502.0159903201786,1481.906082316077,1488.2237818782576,2947154
2021-10-05,1506.287109375,1515.3186940990138,1479.7704339769668,1486.8889928896642,4373310
2021-10-06,1489.1580810546875,1520.7021518744143,1485.9991770803229,1514.5623730713419,4271698
2021-10-07,1504.6851806640625,1516.4307577863626,1491.9162891164272,1501.125901703296,5476108
2021-10-08,1533.916015625,1540.7231595962521,1511.2701425778723,1517.3653871796182,4738376
2021-10-11,1504.6407470703125,1539.3882537018142,1480.3931575250094,1496.6769033100875,8840633
2021-10-12,1499.4801025390625,1502.905887604331,1478.8807490813488,1492.2280482607832,7439300
2021-10-13,1520.8798828125,1524.8396458972372,1494.9417238334045,1509.0897710508837,7104171
2021-10-14,1526.7083740234375,1587.0826277925394,1511.0919925515338,1560.7439825365639,19655776
2021-10-18,1594.6905517578125,1600.7857955699135,1548.2864281776817,1548.2864281776817,13438109
2021-10-19,1621.38525390625,1632.3745072788313,1585.9259547717893,1614.1332004381575,10324260
2021-10-20,1603.766845703125,1644.3871451191753,1596.381405840583,1627.8365170060551,5876115
2021-10-21,1560.4324951171875,1614.133097673442,1554.3816771021532,1614.133097673442,8779629
2021-10-22,1530.312255859375,1568.9303513205284,1518.9225180752499,1557.095812221997,7369809
2021-10-25,1519.411865234375,1539.1658216360158,1501.303945142191,1532.3142525237072,5905209
2021-10-26,1529.42138671875,1549.9788722496721,1522.4193469581496,1535.121906435582,5871709
2021-10-27,1552.0882568359375,1556.7563923180637,1527.132103632975,1534.2688202556412,5090259
2021-10-28,1529.600830078125,1548.3179728132604,1518.9630389912397,1543.4703399076664,5329972
2021-10-29,1497.1488037109375,1537.4108857345927,1491.1342188619528,1525.202109131994,5875091
2021-11-01,1526.144775390625,1532.5632841362876,1504.5549072616056,1505.9014659494887,3636806
2021-11-02,1524.214599609375,1531.8899179452385,1513.8460544672046,1521.6112310437475,3471772
2021-11-03,1528.343994140625,1541.7646508726255,1525.2020241086177,1534.179081342924,3530713
2021-11-04,1533.9097900390625,1541.3607916889025,1530.5883225565397,1539.565380166842,483407
2021-11-08,1559.763916015625,1562.9058864939298,1528.7930641580485,1553.0311221335432,5245903
2021-11-09,1564.252197265625,1570.9849900802546,1549.4400530734397,1557.294978023841,4016134
2021-11-10,1562.1427001953125,1571.83785665347,1545.8043896132256,1549.4401417745487,4780368
2021-11-11,1555.9935302734375,1561.783688936851,1534.1792351734894,1555.6792455721493,4731349
2021-11-12,1598.095703125,1600.4746452356892,1560.257494120251,1564.7010936682932,5069009
2021-11-15,1604.3348388671875,1615.8703357362158,1593.8765450553617,1599.801381036417,4354074
2021-11-16,1608.9581298828125,1623.904843607028,1595.2231874741956,1606.8933627342767,6034233
2021-11-17,1604.6041259765625,1617.665788691909,1598.544612062206,1609.1825130450993,4732492
2021-11-18,1597.377685546875,1606.3995628785876,1579.0644657331543,1599.3525944279756,4326924
2021-11-22,1579.42333984375,1602.7636867041028,1572.0172682438304,1601.506876879596,6621839
2021-11-23,1559.22509765625,1568.5163300051972,1535.0767917063313,1557.6091835159034,8436160
2021-11-24,1522.5089111328125,1562.4568159355308,1515.3272653255822,1562.0079630725788,7333061
2021-11-25,1546.208251953125,1549.619467713962,1523.3615771376922,1526.0996232361942,4476260
2021-11-26,1518.6038818359375,1542.5725803901694,1511.736411257702,1528.3888959632156,4494181
2021-11-29,1522.822998046875,1536.8721137604516,1498.4054475493863,1518.020294608016,3942776
2021-11-30,1537.45556640625,1552.9409884962542,1526.1444974049753,1530.1841727328024,14808963
2021-12-01,1539.4755859375,1563.7136407678477,1537.769923125387,1539.5653345943017,5193264
2021-12-02,1569.4140625,1571.4339004182755,1536.288698723639,1539.5653465965966,5559574
2021-12-03,1558.0133056640625,1603.8860489685592,1555.3201883320971,1589.926680297916,6754012
2021-12-06,1521.880615234375,1556.5768551113895,1518.4692895209917,1553.030961200896,3991449
2021-12-07,1536.5582275390625,1548.4528299545664,1520.7136974991224,1527.0873870655005,4202122
2021-12-08,1573.992431640625,1579.782699760564,1555.3650364192983,1555.724140653463,3029169
2021-12-09,1583.0592041015625,1588.4006192094105,1563.8034590731309,1579.0644572385977,2082171
2021-12-10,1579.288818359375,1583.3284941772615,1567.394217340042,1579.962097662356,1823469
2021-12-13,1566.182373046875,1590.1510729588513,1560.930816277759,1586.2910039483113,4040584
2021-12-14,1572.9151611328125,1582.6552466615897,1535.3910167263787,1553.8389138318717,4768144
2021-12-15,1556.80126953125,1569.144723607344,1545.1310947683974,1566.4965354752162,3053149
2021-12-16,1590.3756103515625,1595.761845276833,1578.166833104262,1582.3411870879927,4481031
2021-12-17,1634.5875244140625,1653.5740233084343,1621.9298950122225,1633.824496428529,18887243
2021-12-20,1614.8829345703125,1642.4873870491053,1604.469569535608,1617.3964449810487,5773891
2021-12-21,1626.28369140625,1649.983144782225,1616.7680325096776,1616.7680325096776,5353584
2021-12-22,1638.0435791015625,1642.0384352948865,1626.956935405642,1638.3129346501346,4156428
2021-12-23,1667.578369140625,1671.1691925494476,1640.1085919797779,1643.923841851652,4112933
2021-12-24,1672.8746337890625,1683.871529020571,1664.346429323811,1681.357909134367,3780347
2021-12-27,1675.253662109375,1682.7494834505653,1656.3120920810711,1669.732749649534,2647733
2021-12-28,1694.8685302734375,1701.9604279258667,1686.2505766124211,1688.3152341779669,3340933
2021-12-29,1692.6690673828125,1700.0751395868292,1684.4550381126232,1690.8287268200424,3236635
2021-12-30,1699.22216796875,1714.4383449364482,1682.614612952304,1691.7263474860777,4584738
2021-12-31,1694.6441650390625,1704.1598248331377,1680.1911232252733,1696.6640031380364,4619420
2022-01-03,1704.2493896484375,1718.2536866238245,1694.6439822250395,1694.6439822250395,3329616
2022-01-04,1704.8778076171875,1711.6106003890875,1685.891310083786,1704.249347875214,3921999
2022-01-05,1655.9530029296875,1708.2443650547573,1651.7786491009124,1705.640996354203,6995719
2022-01-06,1631.8494873046875,1641.0060417349105,1615.8702817958638,1641.0060417349105,6449205
2022-01-07,1628.70751953125,1648.1876896772642,1621.9747266812612,1629.739793435008,4834389
2022-01-10,1661.428955078125,1678.6200425032102,1627.5405622351159,1629.3359737764672,7857560
2022-01-11,1665.7828369140625,1678.7098221671822,1660.890384206812,1665.2442353583547,5142287
2022-01-12,1685.397705078125,1695.7662508688193,1669.7327827506638,1677.7223862621913,5362535
2022-01-13,1702.768310546875,1716.8622469895265,1675.4331047076187,1710.1294538640775,14277630
2022-01-14,1731.98876953125,1735.265417818843,1688.5847133560494,1689.4824192111032,7688506
2022-01-17,1741.1002197265625,1754.0272038314308,1733.020868358922,1740.2474431377093,5262464
2022-01-18,1724.268310546875,1746.0376748737065,1715.9196032810285,1725.48019138657,3690315
2022-01-19,1676.061767578125,1720.0044255349865,1672.2913372210617,1720.0044255349865,5747770
2022-01-20,1637.1458740234375,1658.9601668033267,1629.7847309693936,1655.369343931458,5533463
2022-01-21,1603.0330810546875,1623.0519627022786,1594.325379291619,1611.3817881916982,8252758
2022-01-24,1559.1353759765625,1587.7272819323061,1551.2355216165236,1584.450634058544,7116712
2022-01-25,1545.984130859375,1562.00815815135,1526.5487775496383,1549.9788780052622,9137653
2022-01-27,1506.888916015625,1534.807544146456,1494.6801391976826,1527.8952534020755,11231734
2022-01-28,1513.71142578125,1550.8316470432278,1507.6968409545839,1509.0433996097977,10998502
2022-01-31,1558.5966796875,1570.536209998629,1539.8795367121913,1542.2584788669017,8788872
2022-02-01,1590.7794189453125,1597.9161353795928,1557.2500236065903,1585.4380043158844,5119935
2022-02-02,1604.2899169921875,1609.4069054950608,1590.7345821422696,1605.9955798264787,4253717
2022-02-03,1560.7064208984375,1597.0185757090092,1556.6218157838234,1597.0185757090092,3832922
2022-02-04,1562.9954833984375,1574.530980546349,1535.2115338427761,1554.826382864696,4700077
2022-02-07,1539.5653076171875,1554.8263048355502,1521.9702974467775,1546.0287449587365,4310209
2022-02-08,1541.630126953125,1548.5424173887602,1522.5089506616448,1535.0768311505972,6053401
2022-02-09,1559.5843505859375,1564.701229879619,1548.5425252681255,1557.519583385622,3867244
2022-02-10,1588.5799560546875,1592.4401343281156,1569.8628144650563,1576.0570055996025,4334630
2022-02-11,1545.2657470703125,1567.3492862638898,1537.769926089788,1562.00798096686,7551371
2022-02-14,1510.12060546875,1542.7522979398288,1506.5747115034765,1517.1227543219873,7459637
2022-02-15,1560.4371337890625,1568.0676332207938,1517.5267519749755,1525.2021805307736,4669915
2022-02-16,1555.9935302734375,1575.8776263746088,1550.2032620267948,1560.437130216687,5350642
2022-02-17,1548.3626708984375,1570.0871026999987,1544.3229956770824,1565.5985746762708,3937950
2022-02-18,1532.3387451171875,1546.2981129893628,1529.2417041958663,1535.076791414694,5602215
2022-02-21,1553.6593017578125,1559.5842473898958,1518.469280099005,1526.997484746324,5120890
2022-02-22,1556.935791015625,1571.8826121857755,1518.065201649821,1526.0098748318906,8878515
2022-02-23,1564.5665283203125,1578.3912195278601,1556.0832523614588,1570.9851466934483,5478811
2022-02-24,1506.4847412109375,1539.5202430026688,1499.6172711504462,1517.2122797722955,13592379
2022-02-25,1521.251953125,1551.370021130741,1505.4523558036308,1539.5651700675176,9737281
2022-02-28,1540.10400390625,1551.2805065421107,1494.6801136600138,1510.1206091390077,15076542
2022-03-02,1528.613525390625,1539.0268910626946,1518.0205528032943,1535.0769635089493,6771489
2022-03-03,1544.8170166015625,1556.532121220316,1531.0821834995784,1544.233485910162,7344147
2022-03-04,1547.016357421875,1558.4171765738909,1509.043360495801,1521.8356673887606,9074499
2022-03-07,1561.87353515625,1571.8829775179715,1522.5091546947344,1523.4068605642478,9742588
2022-03-08,1596.3001708984375,1615.8701982437856,1542.6622573734007,1542.6622573734007,10984500
2022-03-09,1627.8546142578125,1644.2377433339334,1607.79091371685,1607.79091371685,10193515
2022-03-10,1639.120849609375,1656.042580035143,1625.0268044548918,1656.042580035143,6547182
2022-03-11,1635.6199951171875,1644.0584516957992,1625.7452311510574,1628.4383485963656,4758657
2022-03-14,1697.292236328125,1701.1524149287986,1644.1930282991682,1644.1930282991682,10289724
2022-03-15,1651.1502685546875,1695.1826708755325,1642.8015610504856,1695.1826708755325,7140443
2022-03-16,1696.125244140625,1700.2097395006322,1659.8579103906748,1674.2212022058457,5233979
2022-03-17,1664.885009765625,1726.5574586044008,1645.5395172103943,1726.5574586044008,17731459
2022-03-21,1663.4937744140625,1693.8810937888873,1652.766124367728,1670.6304916817223,8362085
2022-03-22,1694.3297119140625,1696.6637247510457,1650.8807353530017,1660.7554977721877,5709382
2022-03-23,1680.8643798828125,1705.6410383121752,1667.0396884977417,1702.9479208832613,6192824
2022-03-24,1693.701416015625,1700.7933134465572,1666.2765707577757,1666.2765707577757,3784303
2022-03-25,1684.58984375,1700.2547659493473,1667.937357515252,1698.4593543696753,3438588
2022-03-28,1682.2109375,1688.494878163367,1663.1346890576358,1675.11903969184,4008555
2022-03-29,1693.072998046875,1696.125219429775,1670.2264311695085,1682.2107806865477,3917785
2022-03-30,1709.186767578125,1722.6972825433968,1701.152345190066,1714.6179310358978,7795839
2022-03-31,1711.7901611328125,1717.3110733270107,1700.4341616533945,1705.640898756571,5399145
2022-04-01,1708.827880859375,1714.887394872627,1686.1608099209134,1693.8361285877643,6171518
2022-04-04,1690.3349609375,1699.3569473597815,1681.4028327548183,1696.439403736475,7364074
2022-04-05,1670.72021484375,1696.3048297207965,1667.17432082566,1691.0982019168066,5472024
2022-04-06,1641.7691650390625,1667.4884571015807,1635.7545802518507,1665.244192690946,5407453
2022-04-07,1625.7452392578125,1641.1409159802406,1622.6481980135563,1634.7672265778747,5797544
2022-04-08,1628.976806640625,1649.9831427798194,1623.0519706996265,1636.517556739723,5131446
2022-04-11,1585.842041015625,1628.4381324552166,1582.2512182318208,1628.4381324552166,8248407
2022-04-12,1564.2073974609375,1577.7179133258371,1551.011166286609,1577.7179133258371,6456184
2022-04-13,1569.6834716796875,1577.7178945069024,1554.8263973177552,1575.4287009546981,6257693
2022-04-18,1455.5401611328125,1481.2145243041055,1427.3521779657744,1441.26661743651,30523965
2022-04-19,1402.2164306640625,1469.2301891678217,1391.4439612863616,1469.2301891678217,17044923
2022-04-20,1425.2874755859375,1433.007833244966,1403.1141858362757,1413.886655593176,10678747
2022-04-21,1453.2060546875,1460.7466950238763,1426.6788069866927,1431.8406148458548,7766514
2022-04-22,1423.2674560546875,1445.934524945016,1420.5295194238047,1440.2341156753782,8134245
2022-04-25,1401.4083251953125,1411.9115474766672,1395.1243853901856,1411.9115474766672,7000570
2022-04-26,1419.272705078125,1429.1474677320525,1406.3009016069334,1415.861379600755,5345435
2022-04-27,1393.95751953125,1411.8667052446997,1391.7580747141747,1411.8667052446997,8819356
2022-04-28,1420.708984375,1437.9449991460317,1398.1316646520672,1409.3979147465427,9245177
2022-04-29,1407.1986083984375,1433.9053528696272,1401.1390949469912,1427.352057451814,9831395
2022-05-02,1383.3646240234375,1393.9126670683922,1374.3875661128377,1392.2519332715767,7072627
2022-05-04,1378.47216796875,1409.3980885628416,1373.6245347920797,1388.9752818655138,6220959
2022-05-05,1422.998291015625,1426.8135404517482,1398.1317759996657,1400.4658986154006,6144870
2022-05-06,1385.0252685546875,1402.0816774855332,1378.0232295856404,1391.4438864637286,6171472
2022-05-09,1409.7122802734375,1424.4796064245756,1366.4429045725087,1382.466931176316,6832202
2022-05-10,1394.136962890625,1408.6349319744825,1387.8979520606213,1398.6254914253664,6212545
2022-05-11,1370.5723876953125,1391.3991192964597,1356.9721223376418,1391.3991192964597,7846080
2022-05-12,1354.4586181640625,1371.2456735751925,1350.4189418752976,1359.1266447088979,7034979
2022-05-13,1350.508544921875,1372.8165107722343,1344.852954894135,1363.8843824412697,6723761
2022-05-16,1336.773681640625,1357.196488541389,1327.3926998865318,1355.5357547320384,6145331
2022-05-17,1363.121337890625,1369.0013547558183,1329.4125506103449,1341.9804318999065,6516378
2022-05-18,1354.8175048828125,1391.1745885847754,1351.3165400447583,1366.3081825774632,6594126
2022-05-19,1281.160888671875,1332.8237930944929,1272.6326833436513,1329.502325378898,16561140
2022-05-20,1306.296630859375,1316.7099963349126,1298.7109510177181,1304.3665414519367,10488908
2022-05-23,1318.19140625,1335.7864205175883,1301.7185243921206,1306.251873577399,5887569
2022-05-24,1293.5938720703125,1319.2234128138036,1288.4320644614268,1318.3705266763216,5693167
2022-05-25,1266.1690673828125,1294.9405813245614,1256.114806529215,1288.2077880074494,9630092
2022-05-26,1278.2882080078125,1283.7193722622155,1263.1170667294828,1272.9469020054696,13040065
2022-05-27,1311.8621826171875,1316.9342416608813,1290.3621752658935,1296.2420817605998,8284860
2022-05-30,1370.6171875,1373.4898020762826,1333.093043191686,1334.888454697668,10904213
2022-05-31,1364.085205078125,1377.1490921324805,1350.0688109873222,1370.5263940981097,16033857
2022-06-01,1341.359619140625,1374.2006803920185,1335.50802974436,1372.613057886202,8738508
2022-06-02,1368.076904296875,1373.3840770354834,1338.6831873873698,1346.303797066686,7205840
2022-06-03,1380.505859375,1410.7160939809075,1377.1492158604615,1383.4090071722164,9395707
2022-06-06,1388.0810546875,1394.0232323627165,1354.4687745578685,1375.334669946235,6624883
2022-06-07,1366.8975830078125,1378.8274543628195,1363.1780324002411,1378.8274543628195,4904592
2022-06-08,1360.8193359375,1379.1449920306206,1353.5616328125,1379.1449920306206,4697608
2022-06-09,1374.4273681640625,1376.1963887958834,1344.0357398911278,1347.2109846360613,4361061
2022-06-10,1339.77197265625,1355.3305843397889,1336.868825108461,1348.208985661335,6516436
2022-06-13,1292.32470703125,1309.6524503470807,1280.712338233923,1309.6524503470807,6987685
2022-06-14,1306.8853759765625,1314.4605803173629,1272.955596856659,1279.1699820676001,6090247
2022-06-15,1290.2381591796875,1312.1927780968697,1287.1990180731677,1306.5679915960773,4651958
2022-06-16,1267.5577392578125,1309.7885413741665,1262.8402767742612,1304.5720675297325,6641772
2022-06-17,1258.576416015625,1267.3309313181774,1240.2960551585052,1261.9784641623437,9692047
2022-06-20,1282.93505859375,1290.374159577052,1253.7681436672126,1261.0712513196502,4595194
2022-06-21,1315.3677978515625,1320.9017735176885,1290.7369493628373,1291.8709653085084,6270787
2022-06-22,1303.8916015625,1324.1677855678092,1301.8503727550444,1302.8029904960238,6253366
2022-06-23,1317.68115234375,1322.716227548584,1300.0359081461734,1306.2049993211278,6254281
2022-06-24,1307.384521484375,1331.334964805784,1296.3165681187597,1322.7164420353206,6114340
2022-06-27,1337.77587890625,1346.3037007769008,1329.2027628450262,1331.833701929255,4511097
2022-06-28,1342.8111572265625,1350.1595593551679,1318.1803055555579,1332.6957115355226,4412178
2022-06-29,1327.479248046875,1339.9534251599073,1321.8091675409512,1328.7946624267454,5060038
2022-06-30,1326.25439453125,1344.489349388375,1319.994604156603,1329.1121369570396,9165177
2022-07-01,1342.130615234375,1347.2109846776757,1308.518337278756,1319.087388364539,4651635
2022-07-04,1349.9327392578125,1353.7883939230314,1326.345204835297,1342.901839574178,4800224
2022-07-05,1339.0006103515625,1369.8458437660197,1335.4171642964982,1359.7305102265677,7379669
2022-07-06,1353.2440185546875,1360.8192234162877,1333.602838947962,1344.6707910009138,5209162
2022-07-07,1359.6397705078125,1373.4747656207644,1356.9181321249366,1363.5862347579819,3323472
2022-07-08,1373.9283447265625,1376.1963766672407,1360.7737594706286,1374.4273560510105,3652582
2022-07-11,1336.4605712890625,1360.7285139218584,1330.3368848303196,1356.2831490104652,4702638
2022-07-12,1305.1163330078125,1332.332717447335,1302.757601838471,1326.1637367539608,4710356
2022-07-13,1310.423583984375,1324.5307883911123,1305.1164108508747,1315.458659703502,5264025
2022-07-14,1296.27099609375,1318.1348025761679,1282.798908069353,1316.3657819014365,6157606
2022-07-15,1297.6319580078125,1311.8298621361157,1279.7599080562986,1311.8298621361157,5620018
2022-07-18,1351.656494140625,1355.0131375042863,1313.6896572029552,1315.4586780241734,5835171
2022-07-19,1346.43994140625,1348.8893717454062,1333.6935568698457,1335.0090819172656,3418540
2022-07-20,1374.6995849609375,1384.2253192557744,1360.819184976676,1361.9532009641566,5079392
2022-07-21,1390.6666259765625,1392.9799523411634,1363.6316382423909,1376.2419192424743,5008061
2022-07-22,1366.5345458984375,1397.1075698502627,1353.697463935806,1391.6642936040928,7020642
2022-07-25,1364.085205078125,1376.3779833666647,1342.765703322451,1342.765703322451,7859626
2022-07-26,1316.501953125,1357.780137915972,1310.9225719330734,1357.780137915972,7268273
2022-07-27,1334.555419921875,1336.3244405660616,1310.9224824290286,1316.3657591726785,4517285
2022-07-28,1376.6048583984375,1383.000642812574,1351.6110990365607,1357.5533877504583,6636841
2022-07-29,1405.90771484375,1411.35099196503,1386.2212402192902,1390.5759062138168,7009465
2022-08-01,1407.1326904296875,1418.8810538349696,1395.2028179881397,1418.8810538349696,2983249
2022-08-02,1400.3736572265625,1403.4582028981656,1386.5386620137654,1403.050001435288,4374635
2022-08-03,1420.7861328125,1424.3242853516167,1397.0171985901254,1405.272814018888,6011955
2022-08-04,1451.449951171875,1455.033397854832,1428.814922709787,1440.2004889831908,7402209
2022-08-05,1466.6456298828125,1474.8558394703302,1453.6271480443154,1459.1611241061719,5361971
2022-08-08,1469.1405029296875,1471.499234177275,1447.9117002138908,1466.963169953547,3763409
2022-08-10,1453.7633056640625,1470.7735479878663,1440.744822354331,1470.7735479878663,4423829
2022-08-11,1469.6395263671875,1479.981775810349,1466.0560796284728,1478.7570605163432,3462090
2022-08-12,1446.18798828125,1464.241546222961,1442.6045418057784,1463.6065415227213,3562286
2022-08-16,1448.3199462890625,1459.7055121386732,1443.4663795689878,1459.7055121386732,3004430
2022-08-17,1457.2105712890625,1462.4270449294747,1437.9322991397132,1448.319841482686,4067324
2022-08-18,1436.07275390625,1449.907751962163,1427.9532419676661,1446.1882008630982,4635706
2022-08-19,1448.9097900390625,1455.9860953941527,1438.0232345658587,1438.2047436033401,4739884
2022-08-22,1429.449951171875,1450.633349099086,1427.9530278186126,1438.8395820332398,3950555
2022-08-23,1399.2852783203125,1410.262532882967,1390.757454428812,1404.3656486991526,5551574
2022-08-24,1394.839599609375,1402.5509079649391,1388.942716749238,1392.5715677400915,2888426
2022-08-25,1377.2852783203125,1405.0005658088057,1373.2935194346403,1404.3655610799822,4331088
2022-08-26,1380.3697509765625,1401.5984429909956,1376.6500897106735,1392.7078235409888,3079136
2022-08-29,1326.118408203125,1332.2874999956043,1315.458657016953,1332.2874999956043,8079050
2022-08-30,1354.42333984375,1357.281082385042,1329.9739985606177,1336.4151874553734,6725875
2022-09-01,1328.341064453125,1331.8792168601256,1316.411303587629,1324.5762195682023,8140604
2022-09-02,1318.1802978515625,1340.8606195627042,1313.644233509334,1340.8606195627042,5175653
2022-09-05,1325.710205078125,1330.8812741156314,1312.1473062882924,1316.3658682629728,3669352
2022-09-06,1320.0853271484375,1333.602820058323,1311.330701453046,1325.7101129718044,3428442
2022-09-07,1322.39892578125,1329.7473282333433,1304.6175748217827,1306.3865957059622,3600574
2022-09-08,1338.95556640625,1343.6730292773457,1327.7968032291676,1338.1390526321622,4061475
2022-09-09,1371.3880615234375,1378.963265206582,1342.6747582274613,1349.9324596232855,4816910
2022-09-12,1393.660400390625,1402.4604318892673,1380.0069128123039,1384.2254749088493,5494819
2022-09-13,1401.5985107421875,1408.9016188074963,1398.287272287198,1407.903706776797,4947158
2022-09-14,1338.501953125,1359.8667507661016,1335.4174070740382,1358.0977298843989,14332197
2022-09-15,1299.8546142578125,1338.3203504578364,1296.45256607429,1338.138952185551,12784100
2022-09-16,1249.2774658203125,1292.7782765113873,1241.3846477911488,1292.7782765113873,20464045
2022-09-19,1261.298095703125,1275.541293444799,1252.498064430117,1262.840313282475,6595241
2022-09-20,1259.71044921875,1282.3907705057266,1256.5804984348933,1277.3102899424387,7219797
2022-09-21,1249.4588623046875,1259.9372147231684,1241.4300509581421,1251.8629984379054,7917054
2022-09-22,1241.021728515625,1255.5371335852622,1233.80943091915,1239.5702101574118,9168498
2022-09-23,1238.7537841796875,1265.3805708345333,1235.623944037449,1240.6136148834153,10426200
2022-09-26,1252.180419921875,1269.5988607267132,1229.273297586771,1233.8093614155043,9414587
2022-09-27,1264.24658203125,1275.9949447974686,1250.1393771282699,1264.1557721461727,8561254
2022-09-28,1265.289794921875,1275.405240966301,1249.232170793064,1251.0465966039471,7022098
2022-09-29,1268.873291015625,1279.0340307679621,1263.7475161988737,1274.5433714005803,6119965
2022-09-30,1282.2999267578125,1287.6072103937954,1248.3248506647649,1260.0732124836215,8120130
2022-10-03,1264.427978515625,1280.9846139293722,1257.3970785454037,1280.9846139293722,4943169
2022-10-04,1296.77001953125,1299.3555539044949,1282.7989200355776,1287.9699887820675,6631341
2022-10-06,1320.1307373046875,1324.3492990029515,1310.1059914970522,1310.9225051715146,6180672
2022-10-07,1316.5472412109375,1322.580228801138,1306.5226056830536,1312.1472810452483,3994466
2022-10-10,1326.9349365234375,1329.0668646353636,1294.003064795037,1294.003064795037,5274677
2022-10-11,1291.689697265625,1342.3575126771138,1288.3329432818086,1326.9348942612842,12824774
2022-10-12,1296.1348876953125,1307.3843486042717,1282.3907023211864,1303.664798259727,5481467
2022-10-13,1288.1514892578125,1304.5266140090537,1283.7061243463083,1298.2215292859132,4821514
2022-10-14,1337.4583740234375,1355.375825532315,1331.1078848810505,1347.2109109206747,14990688
2022-10-17,1351.7017822265625,1356.2832515544005,1338.5926004471692,1339.8627206241326,4286396
2022-10-18,1364.1759033203125,1370.753196410842,1358.3244247993434,1369.8913885102745,4692004
2022-10-19,1347.6192626953125,1365.3099129941174,1343.854418021596,1364.4481050975749,3553171
2022-10-20,1361.6358642578125,1364.4482021000908,1337.4132133726773,1338.139027990448,4583939
2022-10-21,1361.2728271484375,1366.26249762449,1352.9718077531638,1361.0914288831727,3594485
2022-10-24,1377.012939453125,1380.5964964935235,1370.7985538626567,1377.6026499274944,982837
2022-10-25,1384.678955078125,1390.6665374705215,1379.9160878294856,1386.3118716885508,3914341
2022-10-27,1397.65625,1407.6988621560834,1387.1551861000603,1403.9386622242373,6760137
2022-10-28,1387.843017578125,1401.3247453776467,1382.1109714126776,1399.5363917556376,3053981
2022-10-31,1410.2210693359375,1418.2459346568946,1403.4343037022636,1403.4343037022636,4542336
2022-11-01,1442.6412353515625,1444.475489941965,1418.8876160150471,1424.3445905939038,4542692
2022-11-02,1424.5740966796875,1442.412180597886,1416.9618941495685,1441.7243350182016,2938906
2022-11-03,1403.892578125,1415.9528241985358,1395.546742301896,1411.2295963350277,3174027
2022-11-04,1388.531005859375,1394.4464333286137,1376.7459401225124,1394.4464333286137,4509682
2022-11-07,1382.5235595703125,1401.2788807869697,1367.528549999092,1395.3175530956448,4898592
2022-11-09,1385.962890625,1402.2878032270442,1376.6999262188187,1402.2878032270442,3334755
2022-11-10,1377.4793701171875,1386.6965447098637,1361.9341064114733,1361.9341064114733,3435763
2022-11-11,1439.981689453125,1443.0999449630117,1418.4750969869554,1418.4750969869554,7214098
2022-11-14,1453.9222412109375,1459.5166964573084,1438.4685535843537,1444.6133748828577,4908813
2022-11-15,1461.9010009765625,1465.4319188955194,1442.4120447213857,1447.0893718318237,3497614
2022-11-16,1469.971923828125,1475.658069244969,1461.4425937488243,1464.7901313371106,4497697
2022-11-17,1455.84814453125,1469.9719297297695,1451.7668601838732,1464.8359264182825,3469515
2022-11-18,1461.350830078125,1465.5695937519367,1444.9342271315247,1459.7916463166098,3126064
2022-11-21,1438.2392578125,1456.2608350406842,1434.4332683642735,1450.987352073004,3071764
2022-11-22,1453.69287109375,1456.3983522183364,1432.5530391467516,1438.972931127563,3399329
2022-11-23,1451.9503173828125,1460.0668727709146,1448.4193991579355,1457.2238001205214,3245067
2022-11-24,1494.7342529296875,1500.4203979201461,1453.4176195623174,1457.3154109383324,5282215
2022-11-25,1500.099365234375,1507.7573561793968,1480.0601551236466,1496.2015740155414,4563255
2022-11-28,1488.864501953125,1516.4700116769118,1485.7462466988793,1493.083265201096,3825766
2022-11-29,1494.0465087890625,1502.9426002223424,1481.2067245613812,1486.8469687838856,3131710
2022-11-30,1499.4573974609375,1509.3624181599896,1479.4640873185208,1485.7004864644923,11868134
2022-12-01,1519.7716064453125,1533.9870794082958,1515.3694626356362,1518.9461694953686,5407928
2022-12-02,1502.162841796875,1524.082206872705,1498.5401217539268,1518.762823698916,4283343
2022-12-05,1503.8597412109375,1508.5370688309101,1488.7730393891545,1502.254768168023,3824966
2022-12-06,1479.23486328125,1491.2492102968945,1474.3282538915594,1490.3320828612875,4822398
2022-12-07,1472.4478759765625,1489.2313503005987,1464.3771109778315,1474.740694220064,4898087
2022-12-08,1485.884033203125,1489.3232610774244,1466.0282018846967,1472.4480939167222,4206837
2022-12-09,1439.248046875,1493.083379473675,1431.7275351622377,1493.083379473675,8880658
2022-12-12,1418.9793701171875,1436.1755076749384,1403.2507258609144,1421.5473714407533,8037679
2022-12-13,1441.86181640625,1446.7684254424607,1413.4308679506453,1418.9794213639211,6135067
2022-12-14,1448.510986328125,1456.8568229798866,1442.641348786504,1450.8954950923392,4976020
2022-12-15,1412.834716796875,1439.8899742752963,1408.0197980930882,1439.2480298964012,6443866
2022-12-16,1396.0511474609375,1421.0887678227714,1386.7423948212465,1398.6191487123112,9630453
2022-12-19,1382.43212890625,1391.1907414026555,1371.1515277130306,1382.9823830210828,6222740
2022-12-20,1382.38623046875,1390.3651943884424,1359.5955240977712,1376.6082828344672,7396259
2022-12-21,1384.4495849609375,1394.9506479498932,1377.8462011118406,1389.447884052655,6236361
2022-12-22,1395.913818359375,1403.159035330933,1386.467361260263,1395.4093535025568,6302640
2022-12-23,1373.031494140625,1384.7707703774543,1369.2712939559335,1383.6701502561066,6283822
2022-12-26,1377.8922119140625,1384.7706673330085,1372.3435464278352,1376.1496474837907,4115459
2022-12-27,1389.310302734375,1395.3633206748425,1373.398166072519,1384.816356461264,4860076
2022-12-28,1384.9998779296875,1398.573295419047,1374.3153220044476,1380.36834007092,5029860
2022-12-29,1391.7867431640625,1395.2259709449818,1376.6082397759933,1379.3596220007287,4624745
2022-12-30,1383.2115478515625,1403.57184400983,1379.405558572839,1401.3707157827157,5060544
2023-01-02,1397.7020263671875,1399.9948446519106,1379.4053812367044,1388.5307532282952,3801140
2023-01-03,1396.372314453125,1405.6352784494222,1389.5396484110163,1393.8960033950495,4551130
2023-01-04,1370.922119140625,1394.9508128847058,1367.5286804970206,1394.9508128847058,7059590
2023-01-05,1352.9462890625,1381.1021672768188,1347.489425840876,1381.1021672768188,9868404
2023-01-06,1328.4591064453125,1352.7629837810398,1326.6248515520501,1348.1773465478836,6443714
2023-01-09,1361.4296875,1365.9236340298328,1328.183820144947,1328.183820144947,11498717
2023-01-10,1347.947998046875,1360.9253731659428,1333.5491426282238,1359.182808712685,7158624
2023-01-11,1349.3236083984375,1370.1882555291525,1342.674435137001,1348.177199215431,6173092
2023-01-12,1357.89892578125,1361.9343090878735,1334.4204846618559,1359.1370254896133,6591385
2023-01-13,1379.03857421875,1393.4833301069489,1346.342961515927,1360.5584355646306,11610426
2023-01-16,1399.0780029296875,1401.3708216824402,1377.800689685759,1384.862526662621,6073063
2023-01-17,1411.9176025390625,1414.393801685257,1397.7021281387017,1400.453510280707,5922644
2023-01-18,1417.3287353515625,1423.24416242099,1412.0093515411083,1416.7325801385587,5843098
2023-01-19,1411.3673095703125,1421.1347382958118,1399.6739357893398,1412.284436925683,6165284
2023-01-20,1399.1236572265625,1416.9617391940312,1397.7020650690638,1410.541847819042,6496429
2023-01-23,1419.7132568359375,1424.574076980102,1401.4623986498889,1407.7906002862817,4855020
2023-01-24,1423.2900390625,1438.7895145635266,1421.3181927553053,1430.7187486357645,5200802
2023-01-25,1415.127685546875,1427.050342651288,1411.2298938012013,1418.796195425156,4158617
2023-01-27,1393.2540283203125,1422.4186107141427,1382.47778201832,1417.8788751387417,6209955
2023-01-30,1411.2757568359375,1416.0447747672706,1394.0337160921317,1402.104482387963,6964719
2023-01-31,1406.6441650390625,1420.53866769089,1387.6137712822178,1420.53866769089,9448126
2023-02-01,1422.5562744140625,1426.1789947825198,1401.4165552146444,1414.3938182397721,6194199
2023-02-02,1452.50048828125,1455.4352511160564,1423.3816939621152,1423.3816939621152,6916834
2023-02-03,1466.8536376953125,1471.6685567151628,1442.6414510904015,1465.1110731830363,7040194
2023-02-06,1439.7523193359375,1465.5694761151274,1432.1860188491103,1465.5694761151274,4570612
2023-02-07,1432.9197998046875,1445.4386105734359,1426.224725341101,1438.9728179482734,4336238
2023-02-08,1458.691162109375,1470.1552548640857,1435.7629765999538,1435.7629765999538,7983338
2023-02-09,1482.9949951171875,1485.5170954490195,1454.6099470732718,1463.9187005529932,6904911
2023-02-10,1475.245361328125,1482.3530988577234,1464.1480299444947,1479.2806324268656,4786762
2023-02-13,1437.5511474609375,1464.6523040679722,1436.2213576521256,1464.6523040679722,4001199
2023-02-14,1461.2132568359375,1463.7353572321708,1447.3646552328803,1453.3717726405816,5043736
2023-02-15,1464.6983642578125,1466.48671791268,1445.3927876362625,1452.7298068628425,3465747
2023-02-16,1469.0546875,1480.6562593366962,1465.4319671631831,1467.4038134282825,4290289
2023-02-17,1452.5462646484375,1462.818045641871,1444.9340632656852,1461.9009183405283,2857734
2023-02-20,1460.4793701171875,1470.1551082186375,1451.3539979762904,1453.6009151504752,2417716
2023-02-21,1448.602783203125,1468.9171782738615,1445.3928371814657,1466.2115851689005,2723288
2023-02-22,1432.3697509765625,1444.4757889979776,1426.408422323555,1433.4702591770406,3656244
2023-02-23,1422.1895751953125,1439.7525892818442,1419.8509672333196,1439.7525892818442,4766854
2023-02-24,1422.1436767578125,1438.9729427671186,1416.9618843691512,1430.7187958678808,2790986
2023-02-27,1384.220458984375,1412.3762259804244,1377.5253840406476,1412.3762259804244,4920268
2023-02-28,1364.27294921875,1397.7021991611691,1358.5409027983055,1389.9983063812856,9679811
2023-03-01,1372.0684814453125,1376.4706257604705,1358.7242330919914,1368.7209440691638,5125043
2023-03-02,1350.1490478515625,1365.2357479456998,1345.701002604229,1361.9341118834534,4644499
2023-03-03,1356.7066650390625,1366.3365031467508,1350.9287173928365,1363.5392196767139,4615015
2023-03-06,1382.5235595703125,1394.400425758518,1369.4087058218104,1370.6927064845922,6561742
2023-03-08,1368.9959716796875,1372.02253676298,1358.3573166463943,1367.0242374099919,4137080
2023-03-09,1357.7154541015625,1374.177846498556,1352.3960702873087,1371.105492034302,5104656
2023-03-10,1349.5987548828125,1352.120855017214,1336.8506627217619,1339.0058895367195,3699580
2023-03-13,1316.1695556640625,1355.7895279106722,1309.6579732857313,1342.8579415523982,8798403
2023-03-14,1302.32080078125,1328.3213380398465,1294.0666548608056,1321.5804745956207,7402784
2023-03-15,1302.0,1323.2773119475332,1299.4319983717653,1318.8292662290141,7556182
2023-03-16,1287.7386474609375,1300.3033608672233,1282.7861367735707,1300.3033608672233,7323117
2023-03-17,1302.962890625,1323.3231866747517,1294.4336727271848,1311.4922204768466,9090018
2023-03-20,1287.3258056640625,1302.0456322126888,1270.0837669911443,1302.0456322126888,8221829
2023-03-21,1275.448974609375,1288.5639406373286,1274.8070302390654,1283.0611764780233,8536755
2023-03-22,1274.1192626953125,1290.6275561835369,1267.60768043243,1286.7297646654838,8356487
2023-03-23,1260.637451171875,1269.258358749589,1256.4644769231124,1269.258358749589,7607718
2023-03-24,1266.23193359375,1283.015297395886,1263.3429599696206,1272.972797414035,7559127
2023-03-27,1273.8441162109375,1280.0806276002397,1260.2247960834827,1271.3679168983215,4170193
2023-03-28,1263.4345703125,1282.1439899820111,1261.8295975067285,1276.7329164174637,6633366
2023-03-29,1268.8917236328125,1274.7154605284104,1251.4663021459326,1264.7187489688145,8813966
2023-03-31,1309.6121826171875,1311.4464376364792,1278.384058086171,1287.6470235427857,8711975
2023-04-03,1293.92919921875,1316.077848821429,1288.7016177019077,1316.077848821429,5242764
2023-04-05,1305.5767822265625,1309.199390750354,1283.978386725391,1283.978386725391,7506334
2023-04-06,1304.0633544921875,1310.0246820529576,1293.4704891987503,1298.6522809308385,6948465
2023-04-10,1309.291015625,1315.160653204444,1297.7352331131717,1305.9434783219242,4993788
2023-04-11,1289.6187744140625,1314.564596044306,1273.8900163996034,1310.4834237107443,6942255
2023-04-12,1309.9329833984375,1312.8677460127374,1283.9782357092786,1295.9467919023184,5831169
2023-04-13,1274.0733642578125,1294.1126879036105,1268.3872190480308,1292.9203774786417,11267238
2023-04-17,1154.0213623046875,1156.6351528002706,1087.0710673200379,1146.6843436762329,53171705
2023-04-18,1154.9842529296875,1164.7057800036057,1149.2522072547338,1164.7057800036057,12430884
2023-04-19,1130.0843505859375,1150.3987451220048,1127.5164610086156,1150.3987451220048,11307230
2023-04-20,1122.013671875,1135.2661178854821,1120.1794170940875,1128.7086346529145,8621249
2023-04-21,1125.6363525390625,1131.047426880891,1118.8954881773257,1126.324198126057,8691352
2023-04-24,1124.67333984375,1128.0666663348547,1117.0611378828073,1126.2324115928468,8313774
2023-04-25,1123.3895263671875,1133.111055729297,1114.3099414901628,1124.3524430948148,6808576
2023-04-26,1125.81982421875,1130.8181239428047,1119.3999321931217,1126.2324867816417,5680192
2023-04-27,1142.969970703125,1144.3915628906238,1123.8478876663187,1128.0666511252507,8020704
2023-04-28,1148.9315185546875,1154.6635656438648,1141.7778790057764,1151.6369999991612,10118277
2023-05-02,1171.5843505859375,1173.6937883843755,1150.5822227207543,1150.5822227207543,8886401
2023-05-03,1163.9722900390625,1167.044644512001,1157.506496932256,1161.0833162689144,5549783
2023-05-04,1168.0074462890625,1170.0709825879057,1157.8731454620288,1163.7885714037757,4505401
2023-05-05,1154.7548828125,1173.0057372369336,1150.3068380996276,1173.0057372369336,5373791
2023-05-08,1160.71630859375,1165.026874150822,1151.1781621177383,1157.8273351579073,5260842
2023-05-09,1165.3936767578125,1166.5859870922673,1156.2224032743827,1161.0832230022093,4969897
2023-05-10,1158.56103515625,1170.6212812654812,1154.8008357032843,1170.6212812654812,6515734
2023-05-11,1152.003662109375,1170.1628287388498,1149.2064908153254,1164.9810367298412,6888461
2023-05-12,1142.0068359375,1151.9118552707967,1136.3665927698858,1149.4814456057363,8292212
2023-05-15,1154.0673828125,1163.7431228497253,1142.4199081868915,1146.3177001145064,5534710
2023-05-16,1159.5240478515625,1168.3742364103375,1158.1024558068411,1160.1659921565265,5236469
2023-05-17,1143.5660400390625,1156.4516112883057,1139.4847564270556,1156.1306391276796,10465667
2023-05-18,1142.74072265625,1155.2595338626716,1139.4848756551935,1154.2965053260136,6948732
2023-05-19,1163.7430419921875,1167.778425157087,1148.9773124596102,1151.9579766677468,11094136
2023-05-22,1185.6622314453125,1188.2301207415426,1164.9809658180477,1167.4571647740581,7625947
2023-05-23,1192.3114013671875,1205.2428740172338,1189.5600194436024,1191.5317535922914,7436031
2023-05-24,1191.027587890625,1196.8513248198226,1184.2867235094584,1188.8723607693044,4824077
2023-05-25,1196.255126953125,1198.6855370050355,1182.4065253127328,1187.2214442639772,4334121
2023-05-26,1208.269287109375,1213.7720507750516,1197.7682245623137,1197.7682245623137,5521606
2023-05-29,1205.47216796875,1222.2555306990143,1201.299193894401,1222.2555306990143,4419365
2023-05-30,1214.1390380859375,1216.4777576450638,1200.6573106206852,1206.0224833077132,6274719
2023-05-31,1209.049072265625,1220.7882355808035,1205.24297124017,1210.4705525350664,17800782
2023-06-01,1210.1494140625,1219.3206866207606,1208.8654135135414,1212.9466969743737,4277841
2023-06-02,1207.3612060546875,1220.2806442692772,1204.619361093427,1216.655749596294,10909311
2023-06-05,1212.4732666015625,1217.0740205048828,1205.7812402951347,1212.008539400872,5002553
2023-06-06,1188.772216796875,1197.6949566393228,1183.195490212996,1197.6949566393228,10008100
2023-06-07,1198.020263671875,1202.7140540111552,1192.025327874271,1199.4609634477556,5397578
2023-06-08,1192.3040771484375,1200.8550117245732,1190.72393668932,1195.464131149108,5034942
2023-06-09,1176.642822265625,1192.0253388838628,1174.8304314613665,1192.0253388838628,5339073
2023-06-12,1200.8084716796875,1204.2939254038927,1183.1953575768823,1183.6600847401096,4785588
2023-06-13,1212.7987060546875,1214.3323287023295,1205.5490288839856,1208.1979515705652,4846587
2023-06-14,1208.6624755859375,1214.5179699939283,1201.970336101225,1214.1926836588375,3457981
2023-06-15,1196.02197265625,1202.6674808789603,1192.1647141872293,1202.6674808789603,6161155
2023-06-16,1200.52978515625,1209.6848882031022,1190.677591317118,1196.2077995523568,8536287
2023-06-19,1202.714111328125,1207.826111028515,1196.2544479993342,1202.714111328125,4451787
2023-06-20,1211.450927734375,1212.9380321318201,1200.018592852604,1202.7140333935445,4009180
2023-06-21,1207.6865234375,1211.8226634951286,1203.6434195847064,1208.2441733725773,4041529
2023-06-22,1191.142333984375,1198.4385283465883,1183.6601806665321,1198.4385283465883,6676607
2023-06-23,1175.7598876953125,1189.0975364568558,1174.2262651500378,1186.402095840736,7239467
2023-06-26,1180.7322998046875,1184.1248308422635,1173.2037423317481,1180.6393770623117,3403244
2023-06-27,1188.91162109375,1191.5605434478787,1184.3107537282526,1189.7016346437479,3240024
2023-06-28,1202.1099853515625,1205.2236353137198,1191.0030491785699,1198.996335389405,5662358
2023-06-30,1241.286376953125,1244.446544670447,1212.4267718508554,1215.9122259231685,12821692
2023-07-03,1239.61328125,1251.0456156922185,1234.7336456761632,1236.1743453719541,7732412
2023-07-04,1250.2554931640625,1251.0455066392037,1237.4754963466114,1249.4654796889213,5797775
2023-07-05,1252.25390625,1262.1525044299242,1246.3982983908247,1262.0595816855596,5414936
2023-07-06,1249.09375,1252.3932449368162,1242.819933005186,1247.8390092927943,5963897
2023-07-07,1236.360107421875,1250.8596857725443,1231.8522766020494,1239.89207926807,6295647
2023-07-10,1235.3843994140625,1247.2349435988492,1226.229295814045,1242.262385005227,3940315
2023-07-11,1253.462158203125,1255.5999486675075,1233.3859662223854,1239.38090160913,6126128
2023-07-12,1239.2415771484375,1256.52940602109,1233.3859691382677,1255.6928743826675,8102770
2023-07-13,1268.7982177734375,1279.6729026631901,1236.9644035943056,1240.728739413603,9977644
2023-07-14,1325.35546875,1329.1198044888868,1283.251252109647,1283.251252109647,12833381
2023-07-17,1322.56689453125,1356.027247907638,1314.52720594533,1325.3552573126158,11569884
2023-07-18,1371.131103515625,1373.6871031492155,1328.1903550548216,1332.8376271158952,16743977
2023-07-19,1370.8988037109375,1393.0663832409173,1357.6540777205,1381.1693208273919,13687062
2023-07-20,1347.244140625,1367.2274100444117,1339.0648965954,1367.2274100444117,8347221
2023-07-21,1237.6614990234375,1254.7634832648805,1212.9380338227177,1227.065695806331,45548305
2023-07-24,1242.3087158203125,1254.670504599167,1240.1245206940966,1246.398337830829,8859789
2023-07-25,1240.449951171875,1248.1179507855234,1230.8301198028764,1242.680664660333,6801982
2023-07-26,1253.694580078125,1254.7634753600048,1244.9112811341217,1248.2572943766568,5528885
2023-07-27,1257.6912841796875,1267.5899965472738,1252.0216348505492,1262.7567654377913,9191861
2023-07-28,1245.93359375,1267.6363307852569,1241.7510490488623,1258.3417870049511,6122735
2023-07-31,1260.061279296875,1261.7343425932213,1239.1950734898064,1253.6016166280715,7902180
2023-08-01,1268.8912353515625,1272.4232078276652,1261.2697538510895,1265.9170263413293,6064652
2023-08-02,1261.1302490234375,1275.1649885403967,1253.322808944047,1272.7020250125254,7419145
2023-08-03,1268.0545654296875,1270.1458376352903,1253.833869048077,1254.7633233616784,6503741
2023-08-04,1281.1134033203125,1288.13082917061,1265.9168471204257,1272.3301049407662,5712345
2023-08-07,1294.7301025390625,1296.5890115161467,1279.85883072239,1289.989907339258,3729093
2023-08-08,1292.12744140625,1295.2412043648678,1286.7366740453401,1294.5905182197114,4161877
2023-08-09,1296.0313720703125,1297.5184765723313,1284.9708408748197,1286.3650226189877,4090828
2023-08-10,1291.10498046875,1297.3323925229795,1287.8518903304866,1293.4286162817955,3873025
2023-08-11,1275.0721435546875,1298.3085062446034,1270.610829993505,1293.8006745745201,5783517
2023-08-14,1295.2413330078125,1296.5889966171926,1269.2630122762964,1275.0721027629324,4304135
2023-08-16,1318.4310302734375,1319.7786937329943,1306.2552006588273,1311.2742769730567,7735313
2023-08-17,1311.971435546875,1319.825280033983,1306.812918118155,1319.825280033983,5618346
2023-08-18,1290.826416015625,1309.322469240219,1288.3633389732208,1304.6751968805124,5134103
2023-08-21,1306.25537109375,1307.7424755952752,1289.2928265453395,1291.7093855426679,3032722
2023-08-22,1304.7215576171875,1306.8593480283198,1298.1224543541218,1305.6044938755163,2890714
2023-08-23,1308.6253662109375,1316.665170010188,1306.48768902064,1316.107520023971,2559125
2023-08-24,1323.171142578125,1324.5189194126233,1314.6666128884629,1321.2193112047876,5171963
2023-08-25,1319.9180908203125,1322.148803936989,1311.8318834134902,1313.3189876716804,4307172
2023-08-28,1315.7822265625,1324.2867575475643,1311.83204511479,1319.9182535183484,3133464
2023-08-29,1317.64111328125,1323.914930768979,1315.4569180328365,1323.5431263001694,3074444
2023-08-30,1333.906494140625,1335.30067572943,1323.5430549720845,1326.3314181496944,3070887
2023-08-31,1334.185302734375,1342.968715084765,1327.8650807492497,1333.906534483456,9792735
2023-09-01,1341.99267578125,1343.9910253779606,1327.446692130181,1330.0026916597724,3582133
2023-09-04,1361.74365234375,1366.2980017078678,1333.4882151949037,1341.2027322887438,4609014
2023-09-05,1374.5701904296875,1375.639085724664,1353.7503883361237,1361.6507510555587,5496840
2023-09-06,1373.222412109375,1378.2880068646311,1360.0707225971962,1377.3585524279374,5075786
2023-09-07,1362.76611328125,1369.4582536129653,1358.908967956038,1366.8557356852762,4411743
2023-09-08,1365.92626953125,1370.7129827544118,1357.1893748015916,1360.2566199430964,3125838
2023-09-11,1372.29296875,1373.7801866277496,1361.1860335253727,1365.9262284990148,4182226
2023-09-12,1395.2039794921875,1397.8994199484737,1372.8970738547118,1377.9161503149019,6793161
2023-09-13,1392.64794921875,1398.8288435447748,1383.6322871056639,1398.8288435447748,4804686
2023-09-14,1400.6412353515625,1405.846270656975,1393.3915592483722,1398.8288446904617,6444213
2023-09-15,1404.9632568359375,1411.2835921776357,1402.5466980730964,1410.9117877236317,8657816
2023-09-18,1386.5601806640625,1398.7360111511314,1383.0282084042437,1398.7360111511314,3991916
2023-09-20,1385.1195068359375,1389.6273382680865,1372.060626309963,1372.060626309963,4169337
2023-09-21,1395.8082275390625,1398.4107453961012,1371.8747753272223,1381.680565209184,6779195
2023-09-22,1390.6031494140625,1400.641188325793,1380.4255561991947,1386.6529684238076,5455613
2023-09-25,1370.1551513671875,1384.7475392640083,1367.7385927513728,1384.7475392640083,4217863
2023-09-26,1357.6075439453125,1375.4995405113145,1356.0739215478982,1374.8024497360157,3996528
2023-09-27,1363.5096435546875,1365.9262023716149,1347.7554364104253,1353.2856448640935,3863586
2023-09-28,1337.903076171875,1368.7145118891362,1333.7670495202924,1364.346121640076,5814602
2023-09-29,1334.185302734375,1344.7347011757531,1316.1074596363055,1331.0716531169655,6068968
2023-10-03,1332.837646484375,1335.626009761539,1320.1041662355099,1334.7430734406207,4181867
2023-10-04,1342.4573974609375,1347.6623192444497,1318.1521429784143,1324.4724780818983,4510406
2023-10-05,1360.2099609375,1371.5493723980028,1347.8946904576385,1349.5677537176623,7384621
2023-10-06,1374.3841552734375,1379.7750360960613,1360.0706484952473,1365.8332203052626,3598672
2023-10-09,1371.363525390625,1385.8165874982192,1359.04825390548,1361.5578490003716,3567552
2023-10-10,1389.6737060546875,1391.3931739252298,1365.4613746452874,1379.2173445271933,5688951
2023-10-11,1388.9766845703125,1411.144149422588,1376.940181958551,1391.3932433298958,7220129
2023-10-12,1362.1153564453125,1398.2711535251433,1349.5677226602481,1386.6529740945282,11081662
2023-10-13,1330.188720703125,1336.555460811477,1301.2361927232737,1305.8834648401426,17973439
2023-10-16,1332.9771728515625,1341.7604723545678,1329.1199140456142,1331.071745773082,4850745
2023-10-17,1340.6915283203125,1350.8226045344618,1336.6020195003289,1338.6467739103207,3923764
2023-10-18,1338.925537109375,1351.426652993233,1336.8806694215968,1340.2732005613768,4264837
2023-10-19,1332.5123291015625,1338.0890555260446,1325.49490296724,1325.49490296724,6795691
2023-10-20,1326.563720703125,1337.0200821379894,1324.7048120035936,1329.119720164981,3928622
2023-10-23,1309.2760009765625,1331.304025507751,1306.1158332337493,1325.0302081269804,2636516
2023-10-25,1289.8814697265625,1320.4797298426586,1281.6434766183827,1317.1374123821106,6940777
2023-10-26,1279.9014892578125,1293.6001393242148,1273.9230836517906,1275.7590480024355,6357656
2023-10-27,1299.5784912109375,1303.956418417084,1283.8557413785777,1283.8557413785777,4634358
2023-10-30,1296.4716796875,1299.5785105468342,1283.3378978736482,1299.5785105468342,2667696
2023-10-31,1288.3280029296875,1300.3319358033273,1283.24396131538,1299.2020849293924,3451595
2023-11-01,1274.9117431640625,1296.848271394198,1272.5580310195833,1292.7058299617952,3090672
2023-11-02,1289.9754638671875,1295.7656185619023,1281.972842805629,1289.8342181571022,3758060
2023-11-03,1307.7696533203125,1310.5469878192453,1297.1308279223888,1299.2962891749294,3349045
2023-11-06,1321.1859130859375,1324.9047327710196,1309.4173508833169,1312.3359313240937,2736381
2023-11-07,1322.127197265625,1323.6335500133118,1313.2300966352614,1318.078766511828,2272209
2023-11-08,1309.60546875,1322.7862570767434,1305.3216665728671,1322.7862570767434,3550635
2023-11-09,1294.3533935546875,1315.725053279232,1289.8813406007866,1314.2187005328615,5498051
2023-11-10,1288.75146484375,1292.7998955154703,1281.3608320382564,1289.7870751538298,2943649
2023-11-13,1293.176513671875,1301.5556365838725,1290.6344357148544,1299.1077990502322,3462092
2023-11-15,1327.9644775390625,1331.2596747537996,1311.488491465377,1317.1374009763547,8551860
2023-11-16,1360.351318359375,1368.3539386173018,1328.058345935866,1333.2365119851127,6673907
2023-11-17,1353.4315185546875,1366.0944431282537,1351.0778065575678,1356.726715350655,4901251
2023-11-20,1352.5372314453125,1367.036122395586,1349.7598968645575,1357.6212730677928,3584210
2023-11-21,1354.7967529296875,1365.1530866907901,1352.6784119330985,1357.6212075918063,3793135
2023-11-22,1372.4967041015625,1373.5793197717323,1352.1605387506925,1352.1605387506925,3108786
2023-11-23,1364.447021484375,1382.0057382429595,1362.9876738861756,1382.0057382429595,3186928
2023-11-24,1353.2904052734375,1367.6480498608116,1349.948087939533,1360.9635301203575,2973195
2023-11-28,1358.2801513671875,1360.4456124998921,1343.5460053605395,1359.504127646951,3755373
2023-11-29,1374.1912841796875,1375.226894544369,1364.964801471109,1366.1886628376049,3875778
2023-11-30,1370.001708984375,1375.179875684024,1364.729416784748,1368.21286477539,10120867
2023-12-01,1367.318359375,1374.4736205469867,1361.5282051305396,1374.4736205469867,3489187
2023-12-04,1378.663330078125,1385.7715867334168,1364.4940519087752,1374.9915161431222,5511948
2023-12-05,1368.871826171875,1381.0641237085301,1357.621128395019,1380.0285133783032,5123039
2023-12-06,1388.0311279296875,1390.5730909944189,1366.1416056780827,1371.5080232268922,5269178
2023-12-07,1380.1226806640625,1386.6659544767813,1376.2626157196041,1386.6659544767813,4424453
2023-12-08,1403.8951416015625,1407.2373438258442,1380.4521461092754,1384.3593311792147,6323433
2023-12-11,1401.4002685546875,1410.3443750721678,1395.2806167269378,1402.8124958995527,3862018
2023-12-12,1389.6787109375,1402.812378171591,1381.7702154844862,1391.0438179520306,6103494
2023-12-13,1364.211669921875,1389.6788833678963,1349.2891566973667,1389.631763150233,8549258
2023-12-14,1413.5924072265625,1422.5836336750658,1375.8388870549381,1377.7689770027378,12489858
2023-12-15,1486.0396728515625,1495.5957668241965,1431.9984208352303,1433.9285107001285,18395389
2023-12-18,1472.8118896484375,1499.7854551895782,1468.9989447357254,1476.2012123244115,6467243
2023-12-19,1467.1158447265625,1481.8499902553428,1452.9464521784103,1478.225296674548,4221721
2023-12-20,1446.497314453125,1490.8412269194432,1440.4717885612556,1473.470877793026,6592367
2023-12-21,1446.1207275390625,1456.1475641627426,1432.2338260213533,1432.2338260213533,5319038
2023-12-22,1471.446533203125,1474.3651129316345,1433.8812688345336,1445.1319655836069,6741060
2023-12-26,1453.6055908203125,1457.4186507029785,1433.8815277911087,1445.1793467888062,6878067
2023-12-27,1475.4007568359375,1478.1310856483994,1453.6524816822475,1453.6524816822475,4225849
2023-12-28,1471.2113037109375,1477.1425892283842,1464.0089217215004,1477.1425892283842,5702253
2023-12-29,1452.616943359375,1468.1984480838207,1449.8866144117019,1450.8752194379208,4388990
2024-01-01,1460.572509765625,1465.8919221925776,1445.4146265550125,1448.9451947683858,2808451
2024-01-02,1444.6142578125,1458.5011582059428,1433.8813084212525,1455.535458187299,5396313
2024-01-03,1402.8125,1431.0099267639569,1400.9295302013422,1431.0099267639569,7550363
2024-01-04,1424.18408203125,1430.821596173285,1405.5427510177758,1416.8875744672803,7056038
2024-01-05,1442.8726806640625,1449.6042055294993,1418.1115826606078,1418.5823250946862,8895403
2024-01-08,1433.693115234375,1446.1206687605984,1424.701889324203,1439.483154876404,4440136
2024-01-09,1439.812744140625,1462.1258878294154,1436.5645526388157,1451.675429581847,4412074
2024-01-10,1430.9627685546875,1445.602788218323,1416.9346220683428,1435.7171978317997,4096845
2024-01-11,1406.7666015625,1435.7643805973064,1399.6113397659765,1435.6702550988025,11296088
2024-01-12,1518.3797607421875,1523.3225564289937,1464.3856251298819,1470.5994024363956,26754401
2024-01-15,1555.427001953125,1567.5250585454428,1540.2691197866588,1548.69536270453,13228305
2024-01-16,1536.07958984375,1552.0377114243083,1529.9128183588118,1548.5542635934448,6500917
2024-01-17,1544.223388671875,1551.0962739751476,1525.4408120839046,1525.4408120839046,9209876
2024-01-18,1546.48291015625,1552.508435864297,1532.972626255938,1546.5300303672077,6375464
2024-01-19,1562.111572265625,1568.0429726211407,1547.9422946366542,1554.9563105966838,4522736
2024-01-23,1546.0594482421875,1576.7047127157934,1541.8697714896578,1553.5442072103745,9401255
2024-01-24,1577.3636474609375,1581.694454529538,1548.7424867268392,1562.770633148314,8999681
2024-01-25,1571.4322509765625,1582.2123208537434,1560.9817927200572,1575.0569444579046,8865304
2024-01-29,1559.6636962890625,1581.0824754834941,1551.1903330912653,1567.7134372979071,4253785
2024-01-30,1554.8150634765625,1591.1093493392334,1551.8023580167996,1565.171396519599,4995943
2024-01-31,1563.712158203125,1569.6905638157846,1542.2462583680392,1551.8023522623284,6763779
2024-02-01,1560.0875244140625,1578.8701012939357,1553.7795069313138,1562.4412365507558,5760011
2024-02-02,1594.263427734375,1617.9417958851127,1567.5723538834523,1568.5609589964831,7858483
2024-02-05,1588.47314453125,1601.2303098308423,1583.436223722749,1595.581400903025,3634135
2024-02-06,1628.2508544921875,1631.5931715300217,1575.9984476716934,1588.0494991796102,7694265
2024-02-07,1594.6400146484375,1627.827356650715,1588.143745994436,1627.827356650715,4613877
2024-02-08,1593.08642578125,1606.50258433862,1584.3306859949523,1598.6412091518757,5919715
2024-02-09,1571.6676025390625,1593.8396151923025,1562.676491800521,1586.1193710004457,4600004
2024-02-12,1581.7886962890625,1593.8867538003944,1572.6092188693096,1572.6092188693096,3555808
2024-02-13,1585.9783935546875,1590.2620807833139,1566.1600909474707,1584.5190460262058,2696481
2024-02-14,1568.7020263671875,1571.7618521594686,1539.7984871618103,1563.0531172122069,3768579
2024-02-15,1578.258056640625,1588.9910065851047,1564.3711555313787,1578.870044759722,4834391
2024-02-16,1602.0777587890625,1608.9976496273255,1589.1793470591608,1590.1679521477781,4880654
2024-02-19,1600.288818359375,1611.3512649637125,1588.943880338882,1605.2316136506747,3690993
2024-02-20,1586.6373291015625,1595.1106926748687,1571.1028292171682,1586.401957891193,3706389
2024-02-21,1558.6751708984375,1576.045519089509,1549.0249519195443,1576.045519089509,4300508
2024-02-22,1582.9654541015625,1586.0252797181995,1548.1776365233488,1567.5722005233338,5841277
2024-02-23,1578.728759765625,1599.0648084069708,1574.0684559887509,1597.6997014214783,5373072
2024-02-26,1563.0059814453125,1576.939887241313,1548.7424640342401,1576.939887241313,2782438
2024-02-27,1566.254150390625,1573.315286661556,1556.0861831168934,1563.8063128021718,5159088
2024-02-28,1573.45654296875,1589.0381630824766,1564.7949283890164,1572.2796869156693,3188916
2024-02-29,1575.951416015625,1583.8127910418666,1556.5568522895687,1567.5721783829442,7814722
2024-03-01,1557.875,1574.115614336737,1554.391551881323,1571.3382798848747,6387291
2024-03-04,1541.3990478515625,1567.0545116352562,1538.0568453792753,1560.8407342180715,4445156
2024-03-05,1512.495361328125,1541.5401450012134,1508.2586796437324,1538.386193843857,4596579
2024-03-06,1522.8988037109375,1525.3466412368123,1483.7800637991031,1509.0119027331223,6420684
2024-03-07,1521.86328125,1533.1611004999932,1510.3300907656321,1522.004526976097,6348359
2024-03-11,1506.940673828125,1519.3683431830998,1495.0779873422402,1514.0489306330928,6752895
2024-03-12,1518.56787109375,1529.9128089712128,1504.1632225256892,1506.375688833194,4614222
2024-03-13,1517.108642578125,1529.4420705773052,1505.0105857809417,1518.5208697901078,5688997
2024-03-14,1556.556884765625,1560.746446205705,1513.9075768353332,1519.9331026141767,8803799
2024-03-15,1538.3863525390625,1549.4959205173257,1523.6520906201538,1545.0708724563005,11809997
2024-03-18,1508.87060546875,1537.1151488653109,1505.292917334249,1534.6201912131464,4958904
2024-03-19,1470.0814208984375,1505.4342217324486,1466.8333442521293,1499.173324716635,6870411
2024-03-20,1463.9617919921875,1482.7914886121835,1461.5139544170574,1471.540790852675,4759059
2024-03-21,1463.7264404296875,1484.6744782005846,1453.087730653012,1472.4822954464403,11062497
2024-03-22,1420.559326171875,1439.4361424981196,1410.5324900051585,1431.9983895472183,14673890
2024-03-26,1405.307373046875,1419.2412797585116,1400.8353200453062,1404.6953849138222,8351081
2024-03-27,1397.022216796875,1411.2857346994197,1394.8568706833632,1408.4612802603947,6857402
2024-03-28,1410.391357421875,1423.3367734843898,1400.129150066849,1400.129150066849,12499530
2024-04-01,1407.943359375,1440.4245840795604,1405.4485166656525,1435.7642804189727,6580002
2024-04-02,1396.080810546875,1405.7781506375063,1394.1978408148962,1397.9637802788536,7279400
2024-04-03,1394.0096435546875,1407.6140544217724,1388.6902308713024,1392.4561704804448,8736248
2024-04-04,1399.7054443359375,1408.1318024819914,1382.0997240670574,1403.3302528566012,11186915
2024-04-05,1392.55029296875,1399.7055552251502,1389.6788329794124,1393.4447725803975,5072482
2024-04-08,1390.2906494140625,1403.706808694374,1387.8428117589144,1396.2220500141934,6610887
2024-04-09,1407.378662109375,1425.2198696967855,1400.2705201600338,1402.8124833871761,9423230
2024-04-10,1418.6295166015625,1421.5009766373323,1397.681477232349,1412.5568699403645,6744595
2024-04-12,1397.86962890625,1418.6294157880386,1392.926833451286,1415.993212241118,12275616
2024-04-15,1382.2410888671875,1404.6483606920185,1375.5565690145563,1393.397662027,8531224
2024-04-16,1331.68310546875,1370.0016050968616,1330.3651187142993,1366.0944202615754,16173541
2024-04-18,1336.202392578125,1360.1631363842591,1325.1399454315383,1337.9441165902024,22107945
2024-04-19,1328.6705322265625,1343.3576733174316,1298.072273734188,1303.9565542134908,20603621
2024-04-22,1348.9124755859375,1352.7725406478596,1330.3652692316007,1336.814417739945,5859087
2024-04-23,1357.9976806640625,1362.1872419980825,1349.147700674865,1358.5625485511725,4856174
2024-04-24,1347.029541015625,1359.7867075742051,1343.546092803966,1359.7867075742051,4268213
2024-04-25,1354.2789306640625,1360.3515773251563,1336.9085799448767,1336.9085799448767,9089398
2024-04-26,1346.5587158203125,1360.8222343797577,1343.4988900371166,1355.4557017420498,8062444
2024-04-29,1350.79541015625,1355.549954695784,1344.6757585333085,1346.2762368329832,5055957
2024-04-30,1337.42626953125,1352.4900262289832,1334.601815150425,1350.7481874189334,6936588
2024-05-02,1331.68310546875,1340.6743311181829,1329.235268018188,1330.3179985042082,10076354
2024-05-03,1333.425048828125,1341.4276701119534,1321.0915052605797,1338.8855920418562,8842345
2024-05-06,1342.4632568359375,1361.1045877183944,1334.1781442699464,1336.9084732924218,6445422
2024-05-07,1356.632568359375,1358.892155017695,1332.7659500503705,1341.568810540377,6080661
2024-05-08,1343.7813720703125,1355.5028124792066,1342.1807788692665,1351.2661306551702,6234983
2024-05-09,1355.314453125,1365.1058028380908,1341.474557983215,1344.0166358308118,6088406
2024-05-10,1341.5218505859375,1351.925189724819,1330.3181573439954,1351.0779452607514,8777481
2024-05-13,1340.1566162109375,1341.6159637564915,1328.623426347066,1341.6159637564915,3735954
2024-05-14,1341.3333740234375,1349.8538575959403,1335.0725919265954,1342.9339671701941,3463230
2024-05-15,1336.861328125,1348.0180152167325,1335.5433413149956,1342.5573572737128,4327544
2024-05-16,1368.3070068359375,1370.566593499511,1343.4989036055658,1350.0421774524657,9249145
2024-05-17,1359.78662109375,1371.7434327729238,1355.0320766083944,1371.7434327729238,7542860
2024-05-21,1350.23046875,1360.1630645795747,1344.8169310704366,1346.323283787107,6752663
2024-05-22,1369.672119140625,1374.52067386965,1344.4402807852039,1345.1463943780532,7173285
2024-05-23,1386.242431640625,1391.6559699792333,1365.1531462577914,1369.5780794505797,8641428
2024-05-24,1379.369384765625,1389.1608498646779,1374.5678351761637,1382.3350849297278,5277938
2024-05-27,1385.253662109375,1393.0209118473929,1374.8032036291474,1385.7244045177397,5821844
2024-05-28,1381.205322265625,1389.6315652574615,1374.8502998635329,1389.1608228573064,6186922
2024-05-29,1366.04736328125,1379.7460134801906,1365.1529986668554,1379.6518879829935,7401634
2024-05-30,1343.9224853515625,1365.011768697552,1338.3678167520543,1358.3743695494225,9663150
2024-05-31,1351.0770263671875,1379.742614221291,1344.4507812144127,1353.8619835736356,37113815
2024-06-03,1350.1168212890625,1382.8637804217421,1348.2921859111987,1382.8637804217421,10589244
2024-06-04,1338.352783203125,1358.8556345260542,1304.4533695994908,1353.0937025068624,13736134
2024-06-05,1373.3563232421875,1380.9428896837226,1344.594729280313,1344.594729280313,9233424
2024-06-06,1413.833984375,1415.8026912541518,1380.4627967662166,1387.6171483700416,12660930
2024-06-07,1472.749755859375,1478.607696455328,1418.6356360706318,1422.2368434730788,24075302
2024-06-10,1440.2427978515625,1469.1005184048513,1437.8900560410068,1464.7790697698574,6810606
2024-06-11,1436.4014892578125,1446.6768867495505,1434.67286293827,1440.530920339611,4853054
2024-06-12,1426.2701416015625,1448.8857708643502,1423.9173996680136,1447.205207418443,9564320
2024-06-13,1434.6729736328125,1445.2845783914581,1430.2555159747842,1435.6813586014816,7307565
2024-06-14,1429.8233642578125,1444.0360586769375,1427.0864701658527,1444.0360586769375,4237727
2024-06-18,1438.75439453125,1447.2052751454503,1436.0655632280468,1437.6020550051355,5420939
2024-06-19,1451.3824462890625,1455.5118772535266,1437.313707336635,1445.2844258115615,5493456
2024-06-20,1455.2718505859375,1457.2885031581282,1439.618556511379,1456.1361637531038,7927010
2024-06-21,1471.8853759765625,1495.9414872261423,1463.2424786021215,1483.697382612351,17301941
2024-06-24,1466.5557861328125,1468.4283671681217,1455.2720024759499,1464.0589723434641,5564989
2024-06-25,1480.7684326171875,1482.6411308173647,1460.0255012602715,1465.4513439015984,4551525
2024-06-26,1479.5679931640625,1487.3946405637594,1474.0942048965353,1479.8561366420593,4851004
2024-06-27,1510.9224853515625,1515.7721579895247,1471.2612599725667,1477.4072265440695,14757754
2024-06-28,1504.58447265625,1525.4714758668922,1502.1836676895095,1510.15438706981,8197544
2024-07-01,1527.68017578125,1536.4190819140294,1497.6220524294586,1497.6220524294586,6801771
2024-07-02,1556.72998046875,1568.9740856185726,1523.550809426941,1532.86588566981,10493173
2024-07-03,1562.8280029296875,1571.086748455425,1542.2770892539197,1560.5232067482063,7269965
2024-07-04,1585.1553955078125,1594.13438198508,1563.4040806456085,1563.5960981382616,8008311
2024-07-05,1582.0823974609375,1599.7523453204356,1568.5418810019864,1585.9236853770542,7065022
2024-07-08,1595.718994140625,1599.8963711842514,1574.9280004454815,1577.904975049744,5880533
2024-07-09,1591.3974609375,1600.6165277373964,1585.4914578037747,1594.0383461640054,5191182
2024-07-10,1582.8507080078125,1607.5789990626897,1572.575309683498,1591.2535253565572,9852770
2024-07-11,1587.1240234375,1598.9360301908912,1576.896688557358,1590.2931327303997,8857679
2024-07-12,1643.8310546875,1651.5136300854847,1600.520559326722,1613.340833576749,17078316
2024-07-15,1639.317626953125,1659.4363248574064,1635.092186939841,1657.7076984616265,6942230
2024-07-16,1657.563720703125,1668.943512173137,1632.547287437264,1650.4092519603355,6886281
2024-07-18,1688.2940673828125,1695.3524103380762,1650.7934479826547,1650.7934479826547,11248896
2024-07-19,1721.809326171875,1770.8338123915516,1715.5672330153973,1770.8338123915516,29819116
2024-07-22,1738.9991455078125,1750.6670817580903,1721.809357518583,1728.7237465538792,8462126
2024-07-23,1764.015380859375,1766.9442924167647,1712.494085746934,1738.1826974355533,7113056
2024-07-24,1761.182373046875,1769.249100779416,1747.4017766683005,1764.5915628208677,6002845
2024-07-25,1752.4434814453125,1758.2534761150766,1740.1033678723722,1747.7859434479678,5815599
2024-07-26,1804.3489990234375,1808.2862957121283,1752.923709894062,1752.923709894062,11369047
2024-07-29,1796.8585205078125,1827.492816601406,1790.0402575643832,1818.465766106095,4635931
2024-07-30,1802.6683349609375,1805.3571660297775,1786.1987904104494,1796.8583403917328,2721265
2024-07-31,1794.12158203125,1810.3510473266465,1791.0485985124988,1802.524399557156,5004209
2024-08-01,1779.092529296875,1793.7855029159562,1771.8901142339544,1782.453656326238,7475014
2024-08-02,1748.938232421875,1785.7186088193323,1744.0886770658112,1769.8732971519382,7400938
2024-08-05,1682.3880615234375,1726.1787193591779,1650.3613476722035,1714.1266318965754,10736703
2024-08-06,1681.619873046875,1725.6506144088735,1675.617860395926,1690.3587800212945,7690163
2024-08-07,1720.560791015625,1726.5628030142375,1692.183231395466,1724.7381679213,5094329
2024-08-08,1673.9853515625,1709.3251315403352,1658.572136260406,1709.3251315403352,6227910
2024-08-09,1700.4901123046875,1710.0933319139192,1686.325363381071,1700.9702732851492,4258524
2024-08-12,1726.0826416015625,1731.9405818653124,1697.9451624687292,1702.6988263064616,4315329
2024-08-13,1726.1307373046875,1738.1828253323833,1718.064126261386,1738.1828253323833,4176918
2024-08-14,1750.906982421875,1752.5875458219782,1726.1306294039184,1730.5001411349067,7450718
2024-08-16,1785.1904296875,1787.9753867685558,1756.9089953467567,1776.5955951852964,7335657
2024-08-19,1790.8084716796875,1793.449357119504,1775.8273550396493,1786.1988792940135,2585989
2024-08-20,1797.914794921875,1810.8791418743747,1794.0735069359491,1805.405353385153,3870333
2024-08-21,1798.3948974609375,1804.4449727328276,1793.0171179008144,1800.6996936229339,1966902
2024-08-22,1805.645263671875,1818.5136006570308,1795.5138206733318,1809.2464708192063,4300287
2024-08-23,1788.2154541015625,1807.9020537953018,1783.3178356718943,1803.67661383031,5015935
2024-08-26,1801.7080078125,1813.8080406542315,1790.0400729474454,1795.8020045127269,3728589
2024-08-27,1824.7076416015625,1827.2525181137994,1799.5472543971127,1801.7079786991785,3830679
2024-08-28,1862.1602783203125,1873.588133022963,1822.1148997127973,1831.2379582795415,6514531
2024-08-29,1856.638427734375,1873.1079727033768,1844.6824662886909,1856.3023384955793,7228284
2024-08-30,1866.5777587890625,1872.6278340667684,1851.5007508106305,1861.1039704725115,13466759
2024-09-02,1886.552490234375,1897.3561122833119,1865.713550595146,1866.241657337013,5573739
2024-09-03,1864.2249755859375,1888.95326566776,1859.6153833595768,1888.95326566776,4694322
2024-09-04,1846.1708984375,1850.7324277310104,1824.6597803927025,1844.8744872415468,4778310
2024-09-05,1856.4464111328125,1863.0245930805459,1833.8307821972226,1849.8201661965988,4081810
2024-09-06,1826.38818359375,1859.6633609018768,1821.586574089743,1845.7386933402568,5848106
2024-09-09,1819.4739990234375,1844.634387126065,1814.0481565814205,1815.0084785277315,4772612
2024-09-10,1836.4237060546875,1858.2229673598686,1820.7704114285846,1829.317300201853,6909600
2024-09-11,1834.3590087890625,1849.5800883553493,1829.4133272673625,1838.7284033553788,5312946
2024-09-12,1873.0599365234375,1878.773922571952,1834.9832642548035,1848.6197893164426,8555092
2024-09-13,1866.9619140625,1880.886582594913,1858.8472403257115,1873.0599351123685,3843127
2024-09-16,1872.867919921875,1874.548483367517,1856.3504289468578,1868.5464710616527,1570181
2024-09-17,1875.07666015625,1880.7424658489679,1865.0892884852562,1870.467067930622,2793127
2024-09-18,1817.0731201171875,1861.824097546446,1806.6536508696367,1861.824097546446,6385468
2024-09-19,1819.0418701171875,1848.5238256038056,1804.253005223771,1834.7911742292838,7976570
2024-09-20,1830.1336669921875,1839.0166455673825,1793.305341425795,1829.4134254860905,15242974
2024-09-23,1821.2025146484375,1842.761812755645,1803.9167195535472,1833.2546020080952,3636672
2024-09-24,1823.2672119140625,1835.0792186672709,1797.1465020357018,1813.0878227950013,7277616
2024-09-25,1820.0982666015625,1826.1482246431408,1802.3323102544668,1811.5033146813457,4268341
2024-09-26,1824.851806640625,1841.8494584619364,1817.8894724224197,1822.499064726573,8952803
2024-09-27,1831.0938720703125,1896.2516927156676,1827.7808082445556,1855.4380099764576,14908931
2024-09-30,1801.179931640625,1825.8122145485347,1796.282312853667,1805.40537191387,6986955
2024-10-01,1828.7890625,1833.2065199774477,1800.6036370139677,1800.6036370139677,4029072
2024-10-03,1818.2735595703125,1835.9914522282918,1806.3655442331449,1814.528280610594,7503887
2024-10-04,1842.04150390625,1876.565029844856,1811.1671309069884,1814.5763205944831,10001483
2024-10-07,1857.5509033203125,1864.9453358766805,1840.025026708701,1846.8912352709824,6112575
2024-10-08,1871.2353515625,1880.2622839615105,1830.7096956078074,1861.007899519078,5637391
2024-10-09,1875.2686767578125,1898.5564839074102,1867.9221904384558,1875.07665925967,4857163
2024-10-10,1842.8577880859375,1886.07227503949,1838.1521871723023,1880.2143346978125,4782119
2024-10-11,1858.3189697265625,1869.7468243014484,1834.3109211351211,1841.8974879353766,4709431
2024-10-14,1881.1748046875,1891.3541945256989,1854.4778059776277,1855.486190976628,3751378
2024-10-15,1881.558837890625,1912.433094709219,1874.3083602991192,1882.2310163628915,5353705
2024-10-16,1843.9141845703125,1881.7989564876755,1840.312977195666,1877.42944464905,3111512
2024-10-17,1890.0096435546875,1899.516854492198,1853.5654717255002,1858.415027332384,8162822
2024-10-18,1805.0211181640625,1859.9995499352583,1795.0818094027522,1818.6577602233042,10526196
2024-10-21,1779.2364501953125,1823.4593218230411,1765.071701772492,1816.0647726492866,4654601
2024-10-22,1778.132080078125,1803.2925852339904,1773.666559613223,1784.4701814346959,4125240
2024-10-23,1799.067138671875,1811.1671716222952,1770.8336503030287,1772.034052723245,4311910
2024-10-24,1789.4158935546875,1809.2465653946333,1786.198838446931,1787.5433126309072,2906475
2024-10-25,1788.16748046875,1801.9000136074258,1773.138418954866,1789.5118373771484,4689120
2024-10-28,1791.3365478515625,1807.2299232087717,1783.3178829165497,1785.9107053224764,7018940
2024-10-29,1786.4317626953125,1798.378144066303,1776.4277753656768,1792.9391324904534,4621252
2024-10-30,1750.3009033203125,1786.1402834543007,1744.716179758669,1779.3414895531696,5919715
2024-10-31,1706.7401123046875,1736.5091412479787,1696.2991072073619,1736.5091412479787,7395236
2024-11-01,1710.236572265625,1715.2385657478123,1701.6895882617994,1713.7816813488193,371966
2024-11-04,1712.956298828125,1716.2099839138373,1668.6184223904768,1674.9315887150042,7336722
2024-11-05,1703.77783203125,1717.6182349398387,1694.8423210868225,1709.4111662537578,3160880
2024-11-06,1771.280029296875,1774.6794262747362,1711.9849045771186,1713.296076841982,10421494
2024-11-07,1751.2237548828125,1773.22261567757,1735.6350435250165,1760.8390975998175,4550965
2024-11-08,1777.350341796875,1787.6942446562714,1761.0333078003775,1765.7438769390867,4210960
2024-11-11,1806.6337890625,1814.306737413767,1770.163186757311,1776.427742360696,3804234
2024-11-12,1815.0838623046875,1826.9331420105937,1807.5080155670998,1817.3176807087516,5012450
2024-11-13,1814.6953125,1819.3572716489662,1802.943134866599,1807.605094015565,4257495
2024-11-14,1810.9560546875,1822.0768923467604,1802.6517655626797,1811.9758027067253,4311431
2024-11-18,1759.3822021484375,1796.047127993138,1743.4050832115965,1796.047127993138,4839244
2024-11-19,1772.300048828125,1806.2454112988496,1768.2208195271305,1773.0284911005574,4669769
2024-11-21,1781.3326416015625,1813.3354888516371,1768.26917339711,1789.0540816629436,5436504
2024-11-22,1847.572265625,1859.0331371970146,1781.2840242640295,1800.80625185363,6301486
2024-11-25,1835.3829345703125,1864.1322151458903,1827.9043086809907,1860.9270220152914,12764638
2024-11-26,1868.8428955078125,1882.8775020849253,1842.764686697864,1850.1947027907097,6850495
2024-11-27,1869.182861328125,1885.5971174937745,1856.799342761259,1874.6218732216507,4447143
2024-11-28,1803.282958984375,1859.8586361338635,1798.4266776839897,1859.8586361338635,8468790
2024-11-29,1804.448486328125,1823.0480681141644,1791.9678666332622,1797.8925063282472,5244346
2024-12-02,1825.7677001953125,1828.6814691911163,1782.4495729417774,1805.5655210664468,2868263
2024-12-03,1837.714111328125,1845.1442460985531,1817.3663382733384,1832.7607276683614,4715792
2024-12-04,1834.946044921875,1858.9360291550868,1821.105642042353,1829.8469491241563,4705573
2024-12-05,1879.2352294921875,1893.8526842407528,1834.654541582606,1845.386971128795,9050038
2024-12-06,1867.1431884765625,1882.2461532385446,1857.4306251975142,1877.2442779990854,3573331
2024-12-09,1868.3572998046875,1874.7189577548504,1842.667498232043,1868.8914196597946,4274645
2024-12-10,1892.54150390625,1909.101352624084,1876.4671647750902,1883.2659588503623,6174921
2024-12-11,1917.4056396484375,1921.1449526741415,1895.8922889888395,1898.806057875605,5025612
2024-12-12,1929.8863525390625,1941.3472248051385,1913.9092331296335,1918.4254802729865,6462130
2024-12-13,1942.22119140625,1948.7771714843159,1897.6406217246506,1913.132112410419,5362693
2024-12-16,1923.1361083984375,1942.1240981650324,1920.7564592966078,1938.0933607570853,3119221
2024-12-17,1919.78515625,1925.029963920521,1901.7198129951464,1911.432375880719,5811050
2024-12-18,1922.261962890625,1927.8951783904936,1905.216367108079,1910.2669710918078,3064095
2024-12-19,1890.2589111328125,1903.4194810568974,1864.8120442042316,1878.4096320265542,5323592
2024-12-20,1866.900390625,1923.038935729017,1856.313672846486,1918.3769764514818,11056720
2024-12-23,1868.988525390625,1884.2372017118134,1854.1282567360063,1874.5732490554924,2781793
2024-12-24,1854.1768798828125,1886.1797274213886,1787.111585198432,1871.6594932162752,2360544
2024-12-26,1852.5743408203125,1864.5693327398988,1847.6209572676305,1854.1769374712999,3623321
2024-12-27,1861.655517578125,1868.8428379280153,1849.1748978049127,1854.5168074679777,3937500
2024-12-30,1851.214599609375,1860.9271630910612,1832.2751008200871,1860.6357387619842,7789055
2024-12-31,1825.9617919921875,1842.473148621904,1792.0164326986576,1837.9082915665463,3613063
2025-01-01,1828.389892578125,1838.5394729768454,1820.134214444306,1820.134214444306,1838368
2025-01-02,1901.5740966796875,1906.236174279187,1831.10952423594,1832.760612498252,7083645
2025-01-03,1883.0230712890625,1896.8148627360356,1866.754528958132,1896.8148627360356,6218003
2025-01-06,1882.1490478515625,1916.288731426852,1872.5821967516326,1895.8923485784164,7164403
2025-01-07,1875.3502197265625,1902.2540906114118,1868.357221729347,1889.0935202054077,4294832
2025-01-08,1877.5841064453125,1882.8774057609294,1834.460303784991,1874.5246254427705,5482050
2025-01-09,1862.1898193359375,1895.74665458795,1855.6338390718154,1878.4583629543145,6833503
2025-01-10,1910.4124755859375,1920.9507009797642,1876.709930393327,1881.3233976824297,8036913
2025-01-13,1905.799072265625,1925.8070469770787,1892.9785364775742,1899.7773306055078,5804152
2025-01-14,1884.285888671875,1915.1232771204202,1875.5930733895989,1912.2579998126723,5792162
2025-01-15,1893.60986328125,1901.7684398888914,1881.420549328485,1891.036010381721,2985439
2025-01-16,1873.0191650390625,1910.41253260361,1861.7526156669912,1909.4412763032324,7533579
2025-01-17,1763.2672119140625,1804.5942151264314,1759.9164250856263,1797.7954209897873,16409953
2025-01-20,1761.1790771484375,1775.407886940151,1741.6082392029957,1770.5516054927243,4333011
2025-01-21,1748.941162109375,1779.0016155615642,1741.5111463055791,1766.7638099629812,7169109
2025-01-22,1803.0887451171875,1812.1700865447272,1753.2633671133483,1755.448693830049,8373913
2025-01-23,1811.8299560546875,1825.5247642701754,1799.446438649042,1804.5941442893445,5907471
2025-01-24,1821.5426025390625,1840.4336089404926,1810.6645792715367,1811.8786496612856,4887027
2025-01-27,1769.62890625,1809.4504129219265,1759.9163436470913,1795.6100112127813,7652371
2025-01-28,1777.15625,1809.9361507719634,1772.4456805643415,1777.3990640797924,6999495
2025-01-29,1827.1759033203125,1834.36322360914,1787.5972093347696,1791.9678626583263,5145155
2025-01-30,1806.4881591796875,1832.9548941080284,1790.9966681783667,1819.3088138415467,7336056
2025-01-31,1825.7677001953125,1842.910279604707,1817.2205970496623,1817.2205970496623,5820470
2025-02-01,1798.1353759765625,1836.2571867836969,1792.9391783431893,1826.2533177597818,1701402
2025-02-03,1809.741943359375,1822.6110895629577,1779.7300994439906,1783.2265984737837,4823228
2025-02-04,1844.2215576171875,1856.2650411997822,1821.1056096540206,1834.703198206104,7334787
2025-02-05,1842.5218505859375,1864.5207114002724,1839.8508957040453,1851.2145472314708,4996744
2025-02-06,1860.587158203125,1868.6971246106148,1845.3869733680706,1861.898330498206,4765255
2025-02-07,1848.93212890625,1868.405747107761,1835.14021793859,1864.13231412214,4126260
2025-02-10,1826.2532958984375,1850.2432794461592,1824.6020890265615,1850.2432794461592,3828734
2025-02-11,1821.7369384765625,1848.3007750893653,1816.249316561804,1828.9727506286142,4411601
2025-02-12,1809.59619140625,1840.142154487476,1793.9103785152583,1830.8181177592105,5633947
2025-02-13,1790.2681884765625,1819.6486917731397,1782.8866642532057,1814.7924102365155,5237744
2025-02-14,1803.0401611328125,1805.8568280246752,1775.796375368045,1800.709122375355,5292961
2025-02-17,1789.3455810546875,1799.495162260814,1769.7747423270973,1785.7033698235564,4428956
2025-02-18,1798.7181396484375,1808.1393973263787,1784.780634818134,1789.3456107739096,4365260
2025-02-19,1758.7509765625,1796.0471240806544,1753.9917969230971,1794.2989338566194,4611411
2025-02-20,1772.6884765625,1778.3703022593725,1753.6518766132701,1753.6518766132701,2218020
2025-02-21,1762.8302001953125,1777.2533326664163,1754.2830972545896,1769.4347905187403,3379879
2025-02-24,1713.3931884765625,1756.0313630959042,1699.9413126430345,1748.309923055587,7594720
2025-02-25,1716.8896484375,1727.3306532632726,1694.987890846883,1694.987890846883,5092963
2025-02-27,1713.5875244140625,1724.8054634563641,1700.7668702151418,1704.748997302386,5757079
2025-02-28,1639.189208984375,1704.6519072727174,1634.0901134127998,1704.6034155946859,12182167
2025-03-03,1659.4884033203125,1678.9135283002097,1643.6569975986285,1643.6569975986285,7504969
2025-03-04,1639.7720947265625,1650.1644899401717,1621.9980566215932,1646.2794646548505,6759673
2025-03-05,1662.30517578125,1683.1385762213686,1643.8026956375877,1643.8026956375877,8180782
2025-03-06,1666.5301513671875,1672.794825837321,1642.4915571816716,1665.7046071983816,10610547
2025-03-07,1637.5382080078125,1655.9920786793123,1627.340016320931,1654.146667899849,8019331
2025-03-10,1652.5440673828125,1669.5896637303404,1628.01984457351,1637.5382042171923,7558981
2025-03-11,1613.8394775390625,1631.7106175387037,1589.995206020896,1631.7106175387037,12671234
2025-03-12,1545.123046875,1589.84944650162,1518.850635339536,1589.84944650162,14870008
2025-03-13,1534.439208984375,1559.886194636392,1525.163782654934,1553.2816045131979,7822888
2025-03-17,1544.34619140625,1548.1826065260266,1500.736758011993,1500.736758011993,7526032
2025-03-18,1544.34619140625,1544.34619140625,1544.34619140625,1544.34619140625,0
2025-03-19,1540.94677734375,1556.9238965430377,1527.5920028100838,1556.9238965430377,7387068
2025-03-20,1569.1131591796875,1584.9931759348294,1546.2400259441436,1546.2400259441436,7186750
2025-03-21,1546.7742919921875,1557.7980274559397,1518.7049607743006,1532.59385494289,10074677
2025-03-24,1546.968505859375,1560.9060103586978,1527.4947691913153,1552.0189913058653,8857726
2025-03-25,1581.6422119140625,1589.1209562659596,1558.8663000022038,1558.8663000022038,9890140
2025-03-26,1553.475830078125,1590.6749935166006,1549.1537869998338,1579.2627320763197,6651302
2025-03-27,1557.4581298828125,1573.3866387891755,1540.4125339270274,1549.688079270318,9426573
2025-03-28,1525.5037841796875,1552.504639118573,1515.1598805138667,1544.2975705237486,6799047
2025-04-01,1482.6226806640625,1502.92196020728,1474.2212903040318,1495.0061979771754,12680733
2025-04-02,1505.593017578125,1510.9349273715397,1491.0726643663595,1491.0726643663595,6193478
2025-04-03,1453.485107421875,1490.5385603678294,1442.3642697947264,1490.5385603678294,10459504
2025-04-04,1409.92431640625,1429.6893595876932,1406.3792069857197,1418.5199114659142,9590254
2025-04-07,1356.602294921875,1365.489314158466,1269.4320382766355,1313.1385736419368,21715252
2025-04-08,1387.7310791015625,1414.6348317731379,1374.3276944448953,1389.8677955834949,12805001
2025-04-09,1363.3524169921875,1368.9371407012397,1342.1791008495861,1364.663707842691,8546854
2025-04-11,1368.9371337890625,1397.4436008179698,1356.893650613513,1370.6854425398662,12567440
2025-04-15,1385.011474609375,1406.087688754894,1368.5001176189407,1404.0480742507405,10178530
2025-04-16,1372.482177734375,1386.4682913913693,1356.6507720589223,1384.0401507759727,12022740
2025-04-17,1378.6983642578125,1388.7023519091767,1338.6826507754836,1357.8163531049115,14264227
2025-04-21,1409.29296875,1429.4951483248678,1369.4714582615436,1369.4714582615436,15648970
2025-04-22,1381.903564453125,1398.6091260339042,1378.5041672717928,1398.6091260339042,9399738
2025-04-23,1432.5059814453125,1445.0352117850275,1398.2205856526791,1404.4366498623076,11136642
2025-04-24,1429.1065673828125,1440.2760150192205,1419.4911061400271,1427.6496829084983,7114292
2025-04-25,1437.653564453125,1458.535575435,1421.4336312546193,1433.0887071514799,8329979
2025-04-28,1439.4989013671875,1446.7833234291916,1423.1818670852326,1437.6534907325017,5886253
2025-04-29,1454.456298828125,1466.4027986571466,1431.7288778586658,1439.4018262859975,8056743
2025-04-30,1456.9815673828125,1465.431568419441,1439.984581952398,1453.7764926957282,7704183
2025-05-02,1463.586181640625,1479.4175886205041,1453.1936678135066,1456.5930649551544,7402310
2025-05-05,1465.2371826171875,1479.2232965927526,1459.6039673980883,1471.4532464465005,4282493
2025-05-06,1468.053955078125,1472.0360823521305,1456.0103527730441,1462.7120452184295,4270530
2025-05-07,1464.9459228515625,1475.1441139885928,1453.5821530190785,1456.8844481471906,5691799
2025-05-08,1467.956787109375,1472.910170498641,1458.0499017692832,1464.654491996011,8424409
2025-05-09,1464.2659912109375,1467.9568126185206,1451.1540310083215,1457.5642989506216,4478653
2025-05-12,1580.136962890625,1585.0903465111594,1487.96471253376,1492.8209942326298,11372857
2025-05-13,1523.5125732421875,1565.859323230766,1519.627548132014,1562.7513505672503,12846210
2025-05-14,1546.6285400390625,1549.1537826809642,1524.3867472838704,1528.75740058924,4870057
2025-05-15,1566.636474609375,1572.075486394776,1525.843708376521,1544.1033749720434,11151167
2025-05-16,1544.200439453125,1566.2479103864578,1536.0418626920532,1566.2479103864578,4576751
2025-05-19,1514.9656982421875,1539.4413107743521,1510.9834523682187,1531.1856318206726,8855798
2025-05-20,1515.7425537109375,1537.9843466293191,1513.2173110505078,1524.8723866170074,7143998
2025-05-21,1523.41552734375,1525.8436681268927,1507.4869000940212,1522.832797268108,4157309
2025-05-22,1503.0191650390625,1515.9369216042496,1495.7347425913772,1510.7892156499267,6158990
2025-05-23,1519.8218994140625,1541.5779455953386,1505.447258808557,1505.447258808557,5038421
2025-05-26,1535.070556640625,1538.275749801986,1517.782147363295,1521.5700705826603,3170102
2025-05-27,1524.969482421875,1537.4016104009331,1511.6633186280806,1534.4878415209876,7775714
2025-05-28,1526.6207275390625,1542.063608140773,1524.8724187426308,1535.556238237006,3623370
2025-05-29,1540.02392578125,1562.6542444112208,1531.2826193070812,1543.3262208282474,8609500
2025-05-30,1539.1375732421875,1548.297396005105,1531.652190030095,1547.3124739974683,13148092
2025-06-02,1530.371826171875,1536.4782943781508,1515.7949327230604,1536.4782943781508,4374509
2025-06-03,1519.734619140625,1543.6682714095227,1512.4461724234918,1535.4933708621093,6853403
2025-06-04,1527.8109130859375,1533.8190332918903,1518.158749909477,1519.7346010168856,4548307
2025-06-05,1530.8642578125,1544.0621159555858,1518.3556767230737,1524.5607331925255,6948539
2025-06-06,1540.2210693359375,1545.2441474823067,1519.8331118292815,1531.2581829658582,3960020
2025-06-09,1549.183837890625,1564.0561360451065,1547.3124620446238,1554.2069160448225,2903202
2025-06-10,1571.935546875,1583.2621501262925,1553.7144894707471,1560.116482612782,8591925
2025-06-11,1606.5062255859375,1609.9534525332194,1566.1244242034918,1566.1244242034918,10597410
2025-06-12,1584.345458984375,1603.452969273507,1574.0037782857437,1592.6188275892266,10483574
2025-06-13,1577.844970703125,1584.7394243828517,1546.5244044661895,1552.2369998927122,6968315
2025-06-16,1599.31640625,1610.1505483486199,1573.01891647278,1575.875214344727,5591842
2025-06-17,1615.173583984375,1622.5604988569514,1591.2399317053334,1596.2630097727385,7622083
2025-06-18,1608.2791748046875,1619.9011823893957,1596.5585788351507,1596.5585788351507,5629707
2025-06-19,1593.997802734375,1605.4228739879738,1587.2018168292147,1599.4148737815738,5147760
2025-06-20,1598.429931640625,1606.1122510729595,1584.6410236941556,1594.58871180959,9202821
2025-06-23,1560.116455078125,1576.8601291540897,1551.6461498856431,1576.8601291540897,7943676
2025-06-24,1557.7525634765625,1584.739449496533,1552.827953627288,1576.860073737694,8083992
2025-06-25,1590.550537109375,1595.4751470327865,1561.199813873949,1566.025955644839,7813533
2025-06-26,1591.6339111328125,1599.5132869304996,1582.3756205245834,1584.5425210067874,6519233
2025-06-27,1583.7545166015625,1605.0288069577266,1578.238977654369,1594.5886581952298,8912268
2025-06-30,1577.6480712890625,1590.648993297183,1570.064099926214,1590.648993297183,6294505
2025-07-01,1582.57275390625,1593.308307768125,1576.3676970723639,1584.7395342639384,4178937
2025-07-02,1586.2169189453125,1624.1364168524187,1579.2239966239758,1593.6038341220215,8653641
2025-07-03,1594.293212890625,1607.786716594206,1590.6490495377586,1594.0962765801005,5259695
2025-07-04,1615.96142578125,1618.6207872342948,1587.9897380569496,1600.4981989662078,4411273
2025-07-07,1602.4681396484375,1619.2118141254034,1598.5284515362102,1615.2721260131761,3294523
2025-07-08,1613.9915771484375,1621.378491891406,1597.0509674297891,1603.4529602070286,4590681
2025-07-09,1609.0670166015625,1613.3022292758048,1599.1193284889714,1613.1052929685202,4580828
2025-07-10,1591.43701171875,1614.1886858160015,1582.868118202301,1614.1886858160015,5330179
2025-07-11,1570.85205078125,1582.8680505457567,1539.433016356687,1555.2902357933656,11391755
2025-07-14,1546.623046875,1567.7988696310574,1536.2813659941348,1567.7988696310574,9173426
2025-07-15,1561.6922607421875,1579.4208563061295,1540.4179701114037,1541.5013602388092,7614807
2025-07-16,1583.6561279296875,1587.6942841349517,1554.6993967165145,1555.1918577227598,6223491
2025-07-17,1559.6240234375,1585.7244570472844,1556.2752645133157,1573.9053927711557,7374814
2025-07-18,1562.1846923828125,1575.1857343566385,1556.176692489401,1568.0942241264431,5161833
2025-07-21,1560.4119873046875,1565.041072656143,1543.1758521432762,1556.1767745731315,3682661
2025-07-22,1547.2139892578125,1561.889351060241,1541.4029254290974,1541.4029254290974,8473741
2025-07-23,1550.7596435546875,1567.897309898412,1526.629055261839,1552.5325511946266,8035026
2025-07-24,1529.0914306640625,1558.1466301517212,1524.8562179010848,1556.1767861186595,14169664
2025-07-25,1492.84619140625,1526.1366022975346,1488.512630894258,1520.12860228797,10851259
2025-07-28,1493.1417236328125,1496.392014262957,1460.14683725966,1491.0734115180542,6439855
2025-07-29,1490.8763427734375,1494.3235696797126,1473.5417400906863,1490.0884773327002,7070448
2025-07-30,1496.0965576171875,1498.7557989957106,1483.2925712781332,1496.9830114866083,5719051
2025-07-31,1486.247314453125,1504.0743788045277,1474.428250322285,1486.936711768862,6851407
2025-08-01,1447.4412841796875,1476.1024890867666,1443.4031282013243,1471.3749358302919,8702978
2025-08-04,1458.177001953125,1460.4423706154291,1429.1218033326475,1439.4634841975633,8610216
2025-08-05,1438.2816162109375,1456.4040844682859,1433.0614816224124,1456.4040844682859,10213323
2025-08-06,1415.037353515625,1434.14486387826,1408.7339490588547,1430.1067078263497,10566934
2025-08-07,1415.234375,1420.2574529025999,1392.876574581379,1408.4383894942564,9892020
2025-08-08,1401.6424560546875,1411.590144080286,1395.7329241309972,1403.5138318764698,10048009
2025-08-11,1406.66552734375,1411.7871937906966,1392.6796832838538,1398.4907470266712,6625368
2025-08-12,1402.62744140625,1419.2726477892124,1399.5742071536924,1406.6655976905836,9899184
2025-08-13,1405.0897216796875,1412.3781686321047,1400.953097311154,1403.5138705026145,10318063
2025-08-14,1425.8714599609375,1447.835267553816,1404.6956380205245,1404.6956380205245,12902347
2025-08-18,1414.1510009765625,1442.6151494914589,1408.0444126749926,1442.6151494914589,7254561
2025-08-19,1418.2877197265625,1427.5460108318366,1411.0977408332749,1411.0977408332749,3986094
2025-08-20,1473.6402587890625,1476.3980885005715,1418.9770874002822,1418.9770874002822,10413061
2025-08-21,1473.8372802734375,1485.262351237006,1461.9197483180794,1485.262351237006,6565539
2025-08-22,1465.0714111328125,1481.6181481033814,1463.6924963469764,1475.5115598317454,5543397
2025-08-25,1508.9989013671875,1515.7948868943363,1483.981859694785,1483.981859694785,10694531
2025-08-26,1506.53662109375,1515.2039825206518,1495.7024794249892,1500.03616013844,15994798
2025-08-28,1477.4814453125,1506.5366438633127,1475.413133190423,1506.5366438633127,5443364
2025-08-29,1447.4412841796875,1479.254311487481,1445.5699084151588,1479.254311487481,8169075
2025-09-01,1476.7921142578125,1480.7318023736236,1453.941851048263,1454.4343120627393,4546057
2025-09-02,1476.1025390625,1489.9900353122632,1463.8896025641538,1476.7920565936874,5218763
2025-09-03,1456.798095703125,1479.2543652339205,1450.7900955921732,1477.3829894013984,4623483
2025-09-04,1440.94091796875,1461.6242804276317,1438.0846200594328,1461.6242804276317,5787724
2025-09-05,1422.8182373046875,1450.4945202945664,1411.3931666312185,1447.835279098319,5466487
2025-09-08,1411.2947998046875,1436.0163186937275,1406.7641825159365,1429.1218644887508,3811567
2025-09-09,1481.6181640625,1484.474341584966,1450.297597398603,1458.6694341238242,13072640
2025-09-10,1509.491455078125,1511.756823802922,1486.5428442826578,1487.330709756259,7281071
2025-09-11,1486.9366455078125,1504.4683046125388,1483.7849433052634,1500.922609577238,8003662
2025-09-12,1502.596923828125,1519.6361218926327,1498.1647749913177,1513.8250582606502,12856963
2025-09-15,1485.6563720703125,1504.4683582651935,1478.5648615170796,1502.5969824151846,6167414
2025-09-16,1488.5126953125,1491.1719366717366,1480.8302554728903,1485.656397411633,8923112
2025-09-17,1499.4453125,1503.680405062861,1491.1719434573272,1494.028241371192,4795698
2025-09-18,1517.370849609375,1531.5537508334592,1515.302537400178,1526.6291407021617,9331945
2025-09-19,1516.976806640625,1527.9095369547413,1497.179898612735,1521.3104874589542,12988129
2025-09-22,1476.8905029296875,1491.8612688721596,1459.6543683506482,1460.3437656419162,15655204
2025-09-23,1474.920654296875,1490.186944875574,1470.4885054191882,1470.4885054191882,9832164
2025-09-24,1472.0643310546875,1474.1326431158677,1460.3437357350242,1464.7758845360097,4937004
2025-09-25,1462.4122314453125,1480.04223903444,1454.2373307659764,1466.5488557470633,9491867
2025-09-26,1427.053466796875,1456.404069373631,1419.4694954878144,1452.7599061754568,8597058
2025-09-29,1420.060546875,1442.9106885263222,1414.8404123331482,1437.9860786678707,10513117
2025-09-30,1420.060546875,1430.303639196793,1416.416263441906,1421.2424051491353,7556305
2025-10-01,1424.000244140625,1427.6444073679875,1405.877655696216,1424.197180444367,6250692
2025-10-03,1424.7880859375,1426.4625254104503,1411.5901076030302,1417.3027030735375,6877533
2025-10-06,1453.744873046875,1456.5027027407555,1420.5530497148675,1424.7881421800753,4630590
2025-10-07,1436.5086669921875,1460.5407866669368,1432.0765182081868,1455.4191203786977,5570320
2025-10-08,1472.4583740234375,1475.4131399913774,1433.061494450904,1435.0313384295307,4657192
2025-10-09,1486.5428466796875,1491.171932062491,1464.5790376333712,1479.352867871771,7028753
2025-10-10,1492.058349609375,1498.755747016607,1476.2011295853695,1487.2322078030077,3738353
2025-10-13,1470.6854248046875,1482.0120273618204,1461.0332617199265,1474.4281763502415,5859355
2025-10-14,1467.435302734375,1491.5658915845438,1464.0865439092208,1476.3980688327763,5600789
2025-10-15,1452.1690673828125,1466.1549121391147,1445.373081319078,1461.5258266826634,6986098
2025-10-16,1449.312744140625,1452.267510183725,1438.478601982591,1451.6765810210527,8005748
2025-10-17,1419.37109375,1436.410292725158,1412.3781714796953,1432.9630656678505,16959378
2025-10-20,1438.87255859375,1444.8805586841174,1428.136884861602,1431.781048131079,6994246
2025-10-21,1450.19921875,1463.5941342911037,1447.8353818357486,1455.7147580634262,1698704
2025-10-23,1505.4532470703125,1522.6893817276436,1483.292502510887,1487.2321904325627,20358624
2025-10-24,1502.4000244140625,1519.7346273554492,1495.111577657532,1516.2874003977408,8652257
2025-10-27,1504.5,1515.300048828125,1498.0999755859375,1510.0,7273211
2025-10-28,1500.199951171875,1506.5,1490.5,1499.699951171875,8211019
2025-10-29,1510.4000244140625,1520.199951171875,1496.9000244140625,1500.199951171875,4884976
2025-10-30,1493.800048828125,1508.199951171875,1489.0999755859375,1507.0,5608867
2025-10-31,1482.300048828125,1497.0999755859375,1480.699951171875,1490.0,4819814
2025-11-03,1485.5,1491.4000244140625,1474.199951171875,1482.300048828125,5470600
2025-11-04,1467.9000244140625,1481.9000244140625,1462.9000244140625,1479.699951171875,8691330
2025-11-06,1466.699951171875,1483.0,1461.9000244140625,1478.5999755859375,7944752
2025-11-07,1476.800048828125,1480.9000244140625,1449.0999755859375,1470.0,8765759
2025-11-10,1513.5,1520.0,1490.0,1490.0999755859375,9787975
2025-11-11,1530.300048828125,1533.4000244140625,1511.0999755859375,1525.0,13692989
2025-11-12,1551.699951171875,1559.199951171875,1538.0999755859375,1540.0,14635417
2025-11-13,1541.800048828125,1557.5,1530.300048828125,1557.0999755859375,19655689
2025-11-14,1502.800048828125,1530.0,1488.800048828125,1520.0,9739549
2025-11-17,1507.5999755859375,1510.199951171875,1492.5,1496.0,7910354
2025-11-18,1486.4000244140625,1506.0,1483.199951171875,1506.0,7525119
2025-11-19,1541.0999755859375,1543.0,1490.5,1490.5,10981126
2025-11-20,1536.5,1555.0,1534.0,1555.0,7387584
2025-11-21,1545.0,1551.5,1526.300048828125,1531.0,9186302
2025-11-24,1548.0,1585.0,1541.0,1563.5999755859375,19270381
2025-11-25,1530.5999755859375,1550.5999755859375,1525.9000244140625,1549.0,8107952
2025-11-26,1557.9000244140625,1560.300048828125,1532.0999755859375,1532.0999755859375,7575038
2025-11-27,1566.4000244140625,1574.300048828125,1552.199951171875,1564.0,7552252
2025-11-28,1560.0999755859375,1568.4000244140625,1557.0,1565.0,4453221
2025-12-01,1564.0,1574.0,1556.0,1562.5,5341800
2025-12-02,1561.0,1579.9000244140625,1556.0999755859375,1567.0,6335969
2025-12-03,1578.699951171875,1586.0,1554.0999755859375,1555.0999755859375,12895312
2025-12-04,1597.5999755859375,1599.0,1568.0,1568.0,12609619
2025-12-05,1616.199951171875,1631.800048828125,1600.0,1610.0,10344725
2025-12-08,1610.800048828125,1630.0,1600.199951171875,1617.0999755859375,7550413
2025-12-09,1599.0,1606.9000244140625,1582.4000244140625,1601.199951171875,6957599
2025-12-10,1584.800048828125,1608.0,1582.800048828125,1608.0,5116140
2025-12-11,1598.0,1607.4000244140625,1580.5,1598.0,5159319
2025-12-12,1598.199951171875,1601.800048828125,1582.5999755859375,1601.4000244140625,4633912
2025-12-15,1606.800048828125,1610.800048828125,1585.0,1585.0,4190558
2025-12-16,1592.9000244140625,1603.0,1585.5999755859375,1600.0,5499258
2025-12-17,1602.0,1606.9000244140625,1586.0,1587.199951171875,4817628
2025-12-18,1626.800048828125,1630.0,1606.699951171875,1610.5,6577293
2025-12-19,1638.699951171875,1654.9000244140625,1629.800048828125,1650.0,13149023
2025-12-22,1689.5999755859375,1693.199951171875,1664.0,1664.0,23098923
2025-12-23,1668.300048828125,1679.0,1656.4000244140625,1679.0,6593060
2025-12-24,1663.4000244140625,1667.5999755859375,1652.5,1661.0,4271167
2025-12-26,1656.0999755859375,1668.800048828125,1651.699951171875,1663.4000244140625,2006491
2025-12-29,1644.699951171875,1673.0999755859375,1637.0999755859375,1658.0,4062817
2025-12-30,1621.5999755859375,1647.9000244140625,1616.800048828125,1647.0,9395937
2025-12-31,1615.4000244140625,1628.5999755859375,1609.199951171875,1621.0,6538656
2026-01-01,1629.800048828125,1639.5999755859375,1614.0999755859375,1615.4000244140625,3658165
2026-01-02,1640.4000244140625,1643.5,1627.5,1635.9000244140625,2524526
2026-01-05,1606.4000244140625,1637.0,1583.0999755859375,1637.0,5917885
2026-01-06,1612.199951171875,1619.9000244140625,1599.0,1600.0999755859375,4466729
2026-01-07,1639.0,1642.0,1615.0,1615.0,4508079
2026-01-08,1613.300048828125,1644.300048828125,1608.5999755859375,1638.9000244140625,3942131
2026-01-09,1614.0999755859375,1631.300048828125,1607.0,1610.0,6816681
2026-01-12,1595.9000244140625,1613.300048828125,1592.5999755859375,1610.0999755859375,6985362
2026-01-13,1599.0,1618.0,1586.4000244140625,1618.0,8080618
2026-01-14,1599.800048828125,1617.0,1583.0999755859375,1588.0,7557157
2026-01-15,1599.800048828125,1599.800048828125,1599.800048828125,1599.800048828125,0
2026-01-16,1689.800048828125,1694.0,1653.4000244140625,1663.699951171875,19335957
2026-01-19,1681.199951171875,1685.0,1666.5,1685.0,5104958
2026-01-20,1658.9000244140625,1680.199951171875,1652.9000244140625,1673.0,6406503
2026-01-21,1654.4000244140625,1657.0,1631.199951171875,1651.0,6224582
2026-01-22,1663.5,1671.199951171875,1653.800048828125,1666.0,6228892
2026-01-23,1670.800048828125,1675.699951171875,1662.199951171875,1667.199951171875,5869137
2026-01-27,1682.699951171875,1689.4000244140625,1661.0999755859375,1685.800048828125,10673087
2026-01-28,1666.5,1688.800048828125,1650.0,1680.0,8588664
2026-01-29,1659.5,1666.5,1642.0999755859375,1658.0,4749582
2026-01-30,1641.0,1655.0,1618.0999755859375,1655.0,9207926
2026-02-02,1629.4000244140625,1662.0,1618.0,1662.0,6784887
2026-02-03,1656.0,1728.0,1653.0,1727.199951171875,8805868
2026-02-04,1535.800048828125,1584.9000244140625,1510.0999755859375,1574.0,28828622
2026-02-05,1520.199951171875,1551.0,1515.699951171875,1534.0,10628127
2026-02-06,1507.0999755859375,1525.0,1480.0,1522.0999755859375,13900866
2026-02-09,1497.199951171875,1528.0,1493.0,1522.0999755859375,8294615
2026-02-10,1497.800048828125,1515.9000244140625,1491.0,1500.0,8657000
2026-02-11,1471.9000244140625,1505.9000244140625,1469.0,1501.199951171875,7934411
2026-02-12,1386.0,1435.699951171875,1380.5,1428.9000244140625,26048896
2026-02-13,1369.0999755859375,1377.300048828125,1281.5,1293.9000244140625,45785709
2026-02-16,1365.5999755859375,1376.0,1338.300048828125,1373.699951171875,14621891
2026-02-17,1391.199951171875,1431.0,1367.0,1370.0,25347684
2026-02-18,1373.699951171875,1401.0,1345.300048828125,1390.9000244140625,20241373
2026-02-19,1370.5,1402.0,1363.199951171875,1385.0,14574228
2026-02-20,1353.199951171875,1365.0,1338.199951171875,1359.199951171875,12633552
2026-02-23,1327.5,1352.0,1318.0,1352.0,12887826
2026-02-24,1275.5,1303.5999755859375,1264.0999755859375,1301.0,27839061
2026-02-25,1290.0999755859375,1323.5999755859375,1286.199951171875,1286.199951171875,16669618
2026-02-26,1289.0999755859375,1314.0,1286.300048828125,1305.5,11493914
2026-02-27,1300.0999755859375,1335.0,1294.199951171875,1326.300048828125,23141724
2026-03-02,1288.9000244140625,1298.800048828125,1273.0,1291.0,9700361
2026-03-04,1307.4000244140625,1317.0,1292.0,1292.0,15154950
2026-03-05,1305.800048828125,1320.0,1290.0999755859375,1320.0,10362147
2026-03-06,1308.4000244140625,1327.199951171875,1303.0,1303.0,8724291
2026-03-09,1315.0,1318.0,1282.5,1290.0,10068514
2026-03-10,1295.5999755859375,1321.0,1284.0999755859375,1320.0,9600171
2026-03-11,1276.300048828125,1299.5,1271.300048828125,1288.0,7868891
2026-03-12,1265.800048828125,1278.5999755859375,1258.0,1272.5,7599940
2026-03-13,1248.300048828125,1269.5999755859375,1242.5999755859375,1251.0,7366098
2026-03-16,1249.800048828125,1254.300048828125,1224.199951171875,1240.199951171875,12314450
2026-03-17,1232.9000244140625,1245.0,1215.0999755859375,1245.0,11223276
2026-03-18,1267.0999755859375,1290.800048828125,1234.9000244140625,1238.0,12365381
2026-03-19,1220.800048828125,1255.0,1215.0999755859375,1244.199951171875,9156461
2026-03-20,1255.9000244140625,1264.800048828125,1229.199951171875,1242.0,27299975
2026-03-23,1256.800048828125,1261.0999755859375,1227.4000244140625,1238.199951171875,12420293
2026-03-24,1278.300048828125,1297.0,1251.0,1269.0,13613495
2026-03-25,1279.0999755859375,1290.5999755859375,1257.0999755859375,1270.0,10824030
2026-03-27,1269.699951171875,1294.800048828125,1263.199951171875,1285.199951171875,13092541
2026-03-30,1250.5999755859375,1265.5,1243.0,1250.0,14108486
2026-04-01,1275.699951171875,1303.0,1269.5,1290.0,8137156
2026-04-02,1300.800048828125,1305.4000244140625,1259.800048828125,1260.0,12873492
2026-04-06,1306.199951171875,1320.0,1299.0,1301.4000244140625,10208682
2026-04-07,1339.4000244140625,1345.0999755859375,1293.5,1302.0,15355792
2026-04-08,1346.199951171875,1376.9000244140625,1331.0,1349.0,16030133
2026-04-09,1331.5999755859375,1337.5,1314.0,1329.9000244140625,14894607
2026-04-10,1292.5,1318.9000244140625,1283.300048828125,1318.0,19233369
2026-04-13,1276.800048828125,1289.0,1265.699951171875,1272.0,10366082
2026-04-15,1305.300048828125,1322.5,1300.5,1306.300048828125,12098912
2026-04-16,1319.199951171875,1331.0,1309.0,1322.0999755859375,18527029
2026-04-17,1318.699951171875,1328.300048828125,1306.0999755859375,1313.0,12064048
2026-04-20,1312.5999755859375,1324.9000244140625,1308.0999755859375,1320.0,7172300
2026-04-21,1313.199951171875,1325.0,1299.300048828125,1310.0,10057440
2026-04-22,1268.5999755859375,1297.699951171875,1255.9000244140625,1295.0,20088378
2026-04-23,1240.5999755859375,1265.699951171875,1226.0,1254.0,14792854
2026-04-24,1154.5999755859375,1223.9000244140625,1152.199951171875,1200.0,42078914
