Price,Close,High,Low,Open,Volume
Ticker,POWERGRID.NS,POWERGRID.NS,POWERGRID.NS,POWERGRID.NS,POWERGRID.NS
Date,,,,,
2010-01-04,35.396263122558594,35.63244810098995,34.6719642305498,34.703454279621795,4353415
2010-01-05,35.50648498535156,36.0260911034279,35.34902832706872,35.58521331449298,4374738
2010-01-06,35.758426666259766,36.026101783306885,35.58522386367443,35.77417276388448,5549959
2010-01-07,36.07332229614258,36.29376329600048,35.49073402183298,35.868629522722884,4535147
2010-01-08,36.16780471801758,36.46696981354095,35.915871495629915,36.24653304914773,3809958
2010-01-11,36.34176254272461,36.76875529808919,36.24687717040433,36.689682724501736,3041300
2010-01-12,35.819881439208984,36.53153454237361,35.67755124757219,36.12035890986302,2569224
2010-01-13,36.357574462890625,36.531532384068804,35.36125889033467,35.81987932294906,3322262
2010-01-14,37.11667251586914,37.48040546733275,36.38920232298058,36.53153466005654,6747297
2010-01-15,37.527854919433594,38.41347040662624,37.11667921142558,37.43296953757393,11273753
2010-01-18,37.19575119018555,37.95484710264761,37.0376060296742,37.559484201369244,4085821
2010-01-19,36.76875686645508,37.6069253242417,36.57898182375803,37.16411975125649,4992784
2010-01-20,36.974342346191406,37.30644972218268,36.658052058558724,36.76875451722248,3697700
2010-01-21,35.94639587402344,37.148301439447195,35.756623004467535,36.84782397560095,3555527
2010-01-22,36.15199279785156,36.35758495123035,34.71287346397385,34.79194604913114,4943166
2010-01-25,36.468284606933594,37.00597992363922,35.44034310347832,36.15199425356851,2912852
2010-01-27,35.835697174072266,37.132486014860795,35.48777701350568,36.468275579226656,8252922
2010-01-28,36.02547073364258,37.306448945876134,34.254246446745285,36.658051295744635,11600411
2010-01-29,35.64591979980469,35.96221005400947,35.124041738359026,35.70917742164953,3996285
2010-02-01,35.724998474121094,35.9464012609393,35.42452311022632,35.503595687302884,2078776
2010-02-02,35.96221923828125,36.531542270243484,35.58267126530013,35.867331708790694,3466800
2010-02-03,35.724998474121094,36.136176303915434,35.58266826437946,36.05710372683886,2006355
2010-02-04,35.424522399902344,36.13617557932156,35.32963488031694,35.582667550884395,2254939
2010-02-05,33.969581604003906,35.1082273965908,33.8430663581523,34.98171215073919,4391981
2010-02-08,34.317508697509766,34.45983891416253,33.77981557627652,34.317508697509766,1831316
2010-02-09,34.19099807739258,34.47565854942342,34.017037946715355,34.19099807739258,1113258
2010-02-10,33.93796920776367,34.36495996428298,33.858896607114,34.317517261885804,1023345
2010-02-11,33.85889434814453,34.2384423769443,33.82726445200229,34.001224590821764,640478
2010-02-15,33.17885208129883,34.317497740947125,33.14722220103846,33.937949902724476,1575236
2010-02-16,33.763999938964844,34.00121767685037,33.14723210447766,33.2104918838986,1192982
2010-02-17,33.87469482421875,34.08028262636752,33.748177438682156,34.00121006477484,989784
2010-02-18,34.20681381225586,34.61799175320241,33.59004797332679,33.92215331582137,1713670
2010-02-19,33.89052200317383,34.20681238377337,33.6849341137767,34.20681238377337,1267093
2010-02-22,33.843074798583984,34.27006761354084,33.76400221396095,33.96959007598839,835164
2010-02-23,33.716548919677734,33.90632393316759,33.54258884814213,33.843066310331174,801182
2010-02-24,33.60585021972656,33.81143804000132,33.4160751971801,33.59003527701758,906081
2010-02-25,33.66910934448242,33.843069432064354,33.242116597234116,33.843069432064354,1650113
2010-02-26,34.01703643798828,34.44402712709662,33.52678596236206,33.84307631502656,1548385
2010-03-02,34.01703643798828,34.63380219668782,33.84307631502656,34.03285138461776,780476
2010-03-03,34.380767822265625,34.475655352470696,33.70074230994691,33.70074230994691,1578097
2010-03-04,34.41239547729492,34.633798270062165,34.25425031889246,34.4756531116597,1157814
2010-03-05,34.238441467285156,34.68124713162335,34.159368874011804,34.4756592471052,766252
2010-03-08,34.80775451660156,35.01334234175323,34.31750415087749,34.47564929175747,1998979
2010-03-09,34.41239547729492,34.91845869719419,34.31750795325725,34.79194342846462,1368556
2010-03-10,34.50728225708008,34.69705515608142,34.20680474661131,34.44402247909869,1572349
2010-03-11,33.77981185913086,34.85519798326138,33.55840694094446,34.47565006562595,4256779
2010-03-12,33.62166213989258,33.969582290486436,33.38444444039148,33.54258957339221,7813231
2010-03-15,33.09978485107422,33.684922715171766,32.95745465696368,33.684922715171766,2420100
2010-03-16,33.19467544555664,33.289562965437895,32.751867734437745,32.91001288591287,1690093
2010-03-17,33.63748550415039,33.795632821727786,33.24212257265986,33.24212257265986,2067076
2010-03-18,33.55841064453125,33.81144333254043,32.309064294650895,33.38445053746362,2257266
2010-03-19,34.222618103027344,34.554723342094725,33.40026247723963,33.5267798823505,3363560
2010-03-22,34.01703643798828,34.50728691361451,33.73237383360149,33.84307631502656,2178427
2010-03-23,34.14354705810547,34.444022423104826,33.7798140602085,34.08028942520786,1381649
2010-03-25,33.66910934448242,34.30168992115796,33.526779143726586,34.30168992115796,3128139
2010-03-26,33.763999938964844,34.00121767685037,33.479337366513604,33.700740159543905,2059990
2010-03-29,33.763999938964844,34.04866036643509,33.55840994580878,33.98540273199514,1977720
2010-03-30,33.74818420410156,34.00121688091911,33.684926571142405,33.763999148586585,1369034
2010-03-31,33.89052200317383,34.03285439042876,33.305383941072115,33.84307930407647,1719363
2010-04-01,33.73236846923828,34.032845972470454,33.684925781875776,34.00121608424152,928358
2010-04-05,34.01703643798828,34.23843925585719,33.76400372686044,34.15936666769106,1444077
2010-04-06,33.906333923339844,34.15936663421976,33.81144638863723,34.15936663421976,2818200
2010-04-07,34.96589660644531,35.10822679182177,33.87469565858509,33.87469565858509,3932498
2010-04-08,35.15567398071289,35.70918199648319,34.206803096535246,35.42452158922223,4525961
2010-04-09,34.68124008178711,35.25056306662224,34.57053976069587,35.17149048942239,2218499
2010-04-12,34.30169677734375,34.95009242703295,34.190996441287346,34.50728679284488,854787
2010-04-13,34.080291748046875,34.53891229903931,33.96958927419511,34.00121916529021,1196945
2010-04-15,34.04865646362305,34.44401931478065,33.93795615228736,34.31750406040251,1834504
2010-04-16,34.12773132324219,34.222618842881495,33.8747007975119,33.93795842894447,3410045
2010-04-19,34.01703643798828,34.12773677443212,33.68493113869431,33.96959159809987,1997149
2010-04-20,34.14354705810547,34.428209623616134,33.70073933786032,34.00121684784061,2663183
2010-04-21,34.80775451660156,35.171487482633204,34.12772912382922,34.159359009997516,4408329
2010-04-22,34.36495590209961,35.31382699773238,34.03285273461319,34.69706121456734,3257926
2010-04-23,34.68124008178711,34.79194254785928,34.28587719578784,34.47565223905986,1225052
2010-04-26,34.918460845947266,35.218938381387005,34.69705803955571,34.79194556943241,1204934
2010-04-27,35.80406951904297,36.262690017465246,34.82357089224031,34.87101357846368,11718037
2010-04-28,36.34176254272461,38.1129890490759,34.190990257130544,35.58266669427739,8993805
2010-04-29,34.93427658081055,36.025477836586546,34.665431075898844,36.025477836586546,5294606
2010-04-30,34.80775451660156,35.26637499615734,34.72868194616158,35.26637499615734,1318467
2010-05-03,34.58634948730469,34.77612235696592,34.507276922034016,34.77612235696592,1557313
2010-05-04,34.001216888427734,34.77612771855559,33.89051442198907,34.6021676191438,1045708
2010-05-05,33.92213821411133,34.064468398964955,33.59003301946581,33.84306565086147,1404451
2010-05-06,33.763999938964844,34.00121767685037,33.33700715277848,33.684927359669665,1322298
2010-05-07,33.52677917480469,33.763996891277905,33.22630168462064,33.36863403048921,5243780
2010-05-10,34.19099807739258,34.36495606308847,33.590045093687756,33.62167284336822,1121466
2010-05-11,33.763999938964844,34.444023262910974,33.66911241481443,34.444023262910974,838559
2010-05-12,33.795631408691406,34.04866195828089,33.55841151473436,34.032849157667364,1266616
2010-05-13,34.27006530761719,34.34913788691968,33.68492736278634,34.00121767999631,1612426
2010-05-14,33.60585021972656,34.285873451386784,33.368632514033834,33.92214049398354,1711958
2010-05-17,32.78348922729492,33.495142226687804,32.59371423613134,33.21048188492279,1851642
2010-05-18,32.894195556640625,33.194670874066446,32.60953303619989,33.194670874066446,1361316
2010-05-19,32.48302459716797,32.894202449534305,32.29324954377395,32.894202449534305,2450689
2010-05-20,32.92583465576172,33.08397984002121,32.02440839247145,32.34069876099042,2116627
2010-05-21,32.6886100769043,32.957457692191035,31.739739168806498,31.99277183996209,1432024
2010-05-24,32.498836517333984,32.9100121864455,32.29324653779738,32.76768198213914,3809046
2010-05-25,31.91370391845703,32.34069674736436,31.644856263962605,32.26162416015791,2621138
2010-05-26,32.64116668701172,32.89419935272172,32.38813402130172,32.54627916924786,1674436
2010-05-27,32.05603790283203,33.052353905372655,31.692304817051756,33.052353905372655,4522469
2010-05-28,32.59371566772461,32.862563226184704,32.056022695784854,32.056022695784854,1223573
2010-05-31,32.672794342041016,32.783496803298945,32.309061360732116,32.65698154327346,3962642
2010-06-01,32.91000747680664,33.21048493120746,32.5304596046452,33.21048493120746,2173677
2010-06-02,33.02071762084961,33.09979020202518,32.577912024258836,33.02071762084961,1067731
2010-06-03,33.400264739990234,33.51096720883935,33.02071678890626,33.178861947273006,855327
2010-06-04,33.44770431518555,33.57421956399334,33.14722684555091,33.52677688193558,730766
2010-06-07,33.03652572631836,33.194670855927704,32.261615020228696,33.020710784361306,1110289
2010-06-08,32.59371566772461,33.21048334360595,32.46720043137894,33.036523284895324,1369731
2010-06-09,32.40394973754883,32.84675530436145,32.309062217523014,32.59372263261957,2036943
2010-06-10,32.245792388916016,32.79930021055884,32.103462235203885,32.51463775815448,2079894
2010-06-11,32.07183837890625,32.57790362596317,32.00858075926926,32.41975850438044,1791437
2010-06-14,32.59371566772461,32.68860316747408,32.16672513632265,32.56208793112841,1700881
2010-06-15,32.672794342041016,32.7360541170346,32.419763821990045,32.60953671202827,1047592
2010-06-16,32.46720886230469,32.95745928416576,32.38813628281036,32.67279671099756,1289944
2010-06-17,32.53045654296875,32.688601653566884,32.3406836972392,32.46719892772557,662067
2010-06-18,32.53045654296875,32.862561704220894,32.22998126182837,32.451383987669686,1111519
2010-06-21,32.70441818237305,32.8151206231617,32.53045812326821,32.64116056405686,1131800
2010-06-22,32.451393127441406,32.81512827124949,32.29324797230249,32.73605569368003,1139377
2010-06-23,32.356510162353516,32.53047028650253,32.22999487841673,32.261624771891555,1355354
2010-06-24,32.08766555786133,32.51465626199485,31.94533532315015,32.2932534363351,2329371
2010-06-25,32.05603790283203,32.32488558883064,31.913707658178076,31.97696530635967,1672844
2010-06-28,32.656982421875,32.815127573652006,32.07184450230773,32.07184450230773,2401306
2010-06-29,32.43558120727539,33.13142167075264,32.293250983375465,32.8151313309834,1542276
2010-06-30,32.92583465576172,33.05235209015811,32.13510873446428,32.26162616886068,2708253
2010-07-01,32.656982421875,32.91001294873349,32.41976469420949,32.79931262947812,1450319
2010-07-02,32.75186538696289,32.97327029914369,32.609535189832904,32.767680329973054,1534161
2010-07-05,32.293243408203125,32.862566315235334,31.629035137482745,32.57790593420955,1409644
2010-07-06,32.277435302734375,32.403952722751136,32.19836271959181,32.29325024835911,765539
2010-07-07,32.48302459716797,33.14723299408492,32.43557976132894,32.57791212386498,4099698
2010-07-08,32.261627197265625,32.89420795446837,32.21418235348657,32.89420795446837,2147848
2010-07-09,32.245792388916016,32.48301002676294,32.15090490478123,32.41975241899978,2076435
2010-07-12,31.929506301879883,32.41975657866178,31.85043374578539,32.309054142137356,4188571
2010-07-13,31.945335388183594,32.08766562318452,31.70811761485494,31.8820755993109,3777184
2010-07-14,31.85043716430664,32.26161492912594,31.77136459972526,32.229985045301156,2928502
2010-07-15,31.86625099182129,32.15091135636714,31.802991226383973,32.10346867726967,3552196
2010-07-16,31.73973274230957,32.087652862826054,31.629032445767386,32.087652862826054,1309829
2010-07-19,31.64484977722168,32.07184251860161,31.344374436426538,31.344374436426538,3056097
2010-07-20,31.58159637451172,31.834629064552107,31.534153683558362,31.787186373598747,2241425
2010-07-21,31.597408294677734,31.739738498892134,31.502520776874515,31.739738498892134,1373142
2010-07-22,32.08766555786133,32.48302851260421,31.629044959355845,31.850447785015596,5819774
2010-07-23,31.945335388183594,32.38814104040455,31.818817955419526,32.38814104040455,1826820
2010-07-26,31.945335388183594,32.08766562318452,31.62904502374539,31.945335388183594,1879489
2010-07-27,31.992769241333008,32.198357063396195,31.67647896432458,31.67647896432458,2785906
2010-07-28,32.0244026184082,32.45139325193276,31.8662574626626,32.103475196281,3199899
2010-07-29,31.73973274230957,32.24579798215528,31.549959886102773,31.692290064502988,2312762
2010-07-30,31.75555419921875,32.00858687106184,31.67648162332909,31.78718408756697,1285466
2010-08-02,31.802995681762695,32.07184328759342,31.72392310886905,31.945328028955913,778568
2010-08-03,31.597408294677734,31.882068703106537,31.534150664469205,31.882068703106537,1708893
2010-08-04,31.67647361755371,31.78717605381314,31.202038282122494,31.78717605381314,1886451
2010-08-05,31.24949836730957,31.882079166972904,31.15461081836376,31.48671616718332,1508701
2010-08-06,31.486709594726562,32.02440487818847,31.31274948213483,31.391822065587334,3922176
2010-08-09,32.30906677246094,32.388139359466635,31.81881630402936,31.866261143221504,3155186
2010-08-10,32.10347366333008,32.562094164096855,31.961141313970685,32.562094164096855,2033594
2010-08-11,31.67647361755371,32.13509401280782,31.629030942002736,31.945321165623547,1383082
2010-08-12,31.549972534179688,31.692302769638708,31.470897797834322,31.502527692372468,746648
2010-08-13,32.22998809814453,32.324875613626105,31.518334949503895,31.739737722307044,2838836
2010-08-16,33.30537796020508,34.00121838855253,32.38813687917403,32.38813687917403,10437835
2010-08-17,33.210487365722656,33.93795542526489,33.08396996907405,33.669107834244706,4272775
2010-08-18,32.87838363647461,33.60585172893166,32.46720583247882,33.416076697862586,2042150
2010-08-19,33.00489807128906,33.526778321231845,32.62535016359115,33.526778321231845,2150678
2010-08-20,32.64116668701172,33.242117391214734,32.577909056829434,33.05234450066787,1350531
2010-08-23,33.00489807128906,33.178858154603326,32.35650256710723,32.799310246905414,1558660
2010-08-24,32.59371566772461,33.19466840281763,32.4355705498023,33.19466840281763,1419761
2010-08-25,32.59371566772461,32.89419310776134,32.372312931629466,32.419757753994425,1708531
2010-08-26,33.352813720703125,33.590031399008794,32.57790306723402,32.86256342320864,6819779
2010-08-27,33.00489807128906,33.68492346152104,32.799310246905414,33.49514843518171,3318728
2010-08-30,34.39657974243164,34.63379747458686,33.210491081655505,33.337006347479246,12599675
2010-08-31,34.41239547729492,35.029161166068306,34.00121763645233,34.44402322198682,7251681
2010-09-01,34.222618103027344,34.69705354598622,33.93795769524436,34.412393138203235,4105554
2010-09-02,34.03285217285156,34.5072877128367,33.85889204586075,34.5072877128367,2077611
2010-09-03,34.159358978271484,34.50727914587659,34.09610135097439,34.28587423286566,2025354
2010-09-06,34.175174713134766,34.41239242973043,33.843069480904674,33.843069480904674,1657041
2010-09-07,34.06343460083008,34.63807577865811,33.91977484762751,34.63807577865811,2364772
2010-09-08,33.99958419799805,34.19113196844413,33.760150567449266,34.063432733140864,2119627
2010-09-09,33.361106872558594,34.15921926998646,33.249370270911314,34.12729390808197,4325702
2010-09-13,33.696311950683594,33.999596390149705,33.47284091503889,33.77612318948659,2223035
2010-09-14,33.536685943603516,33.951704774705284,33.37706348279654,33.55264862268785,2096762
2010-09-15,34.1113395690918,34.25499939363931,33.53669594086409,33.53669594086409,3700295
2010-09-16,33.72823715209961,34.446538297916696,33.61650055229848,34.12729334422021,1645185
2010-09-17,33.600547790527344,33.98364139036482,33.520736533685415,33.91979281789506,3999245
2010-09-20,33.72823715209961,33.919784990324864,33.64842591367549,33.776123029146724,1658444
2010-09-21,33.72823715209961,34.159218705597226,33.61650055229848,34.01555674441909,4168036
2010-09-22,33.79207229614258,34.09535661378088,33.616487208303965,33.760149112455814,2530696
2010-09-23,33.536685943603516,33.9197815815548,33.42495152004954,33.71227108349482,1296047
2010-09-24,33.696311950683594,33.77612318948659,33.34514379896146,33.5366894730776,2212027
2010-09-27,33.79207229614258,34.19113049487626,33.616487208303965,34.19113049487626,1731020
2010-09-28,34.127288818359375,34.207100046199166,33.712270000588845,33.83996926414338,3076594
2010-09-29,34.68597412109375,35.26061550567269,34.19114614480769,34.19114614480769,11684464
2010-09-30,33.99958419799805,35.05309260541623,33.88784763773489,34.73384776468452,5236368
2010-10-01,34.638084411621094,34.87751811497281,34.12729164513012,34.12729164513012,3875195
2010-10-04,35.02117919921875,35.27657559190993,34.43057734145243,34.87751940489821,4550532
2010-10-05,35.723514556884766,35.94698773424314,34.9892529684839,35.02117616166497,10282420
2010-10-06,35.67563247680664,36.282197026922695,35.42023607911941,35.91506619369746,5975746
2010-10-07,34.877525329589844,35.883146225678196,34.606166210318385,35.675637839189726,5825104
2010-10-08,34.957332611083984,35.340426139187244,34.68597352262582,34.957332611083984,2872678
2010-10-11,35.085025787353516,35.675629776996686,34.957328680682785,35.62774390324973,2923343
2010-10-12,34.94136047363281,35.16483145746427,34.542304372141665,35.1169455912925,1328063
2010-10-13,35.06905746459961,35.43618818829937,34.89347235825799,35.053094788565325,2785869
2010-10-14,34.143253326416016,35.3723471670141,33.839971077377776,35.2446478966171,6206210
2010-10-15,34.079402923583984,34.62211883950748,33.74419533389008,34.15921415136739,3825540
2010-10-18,34.079402923583984,34.701930067290874,33.77611852599258,34.60615616094717,2661071
2010-10-19,33.6324577331543,34.3188355703711,33.45687260433055,34.223061666920145,2506333
2010-10-20,33.281288146972656,33.91977792130169,33.1216657033904,33.776115990063296,1611212
2010-10-21,33.71227264404297,34.15921685400255,33.584575535493535,33.935743666513616,5077785
2010-10-22,34.127288818359375,34.73385544895265,33.74419535773201,34.14325149693096,7613777
2010-10-25,33.12165832519531,34.44652344579334,32.993959099765064,34.1911293249678,4373958
2010-10-26,32.6268424987793,33.32918096399245,32.499143218274284,33.201483848505845,3559839
2010-10-27,32.515106201171875,32.96205043956587,32.43529496199635,32.834351157873975,4326267
2010-10-28,31.90854263305664,32.78646629105026,31.66910890814929,32.78646629105026,12789477
2010-10-29,32.05219268798828,32.56298534513365,31.924495606210854,31.956418794146295,2557085
2010-11-01,32.13200759887695,32.46721518334656,32.020271015714385,32.17989346879343,3644082
2010-11-02,31.9564208984375,32.06815747611384,31.30196843994318,31.924497708399958,8722079
2010-11-03,32.06815719604492,32.11604306319201,31.621213054260952,31.9244974295857,5792586
2010-11-04,32.40337371826172,33.31322060068738,31.924506254347616,32.17990050308696,7578044
2010-11-08,31.397743225097656,31.73295080255717,30.743290748156333,31.04657296966045,23828591
2010-11-09,33.13764190673828,33.52073768474973,31.413719565762648,31.50949351026551,37552410
2010-11-10,32.562984466552734,33.60053026430828,32.45124789924888,33.201474188248454,23142609
2010-11-11,32.32356262207031,33.10571238370255,32.17990065022437,32.56299635512213,9305659
2010-11-12,31.780832290649414,32.547021242801414,31.605247187134303,32.1958510357712,8655373
2010-11-15,32.30758285522461,32.81837324993998,31.924489517933726,31.924489517933726,6781511
2010-11-16,31.972389221191406,32.48318200216031,31.892577984478663,32.48318200216031,5839719
2010-11-18,32.37144470214844,32.64280376708939,31.74891750230436,32.2756707871682,11698558
2010-11-19,32.53105926513672,32.96204069528464,32.020266619407174,32.0841173238867,13151040
2010-11-22,32.38740158081055,32.53106134503894,31.5094781532818,32.24374181658216,16159489
2010-11-23,31.429670333862305,32.05219748956611,30.966763471783278,31.637178664090854,29650997
2010-11-24,30.998693466186523,31.36582430997205,30.647523138638082,30.807145621156742,29495589
2010-11-25,30.823110580444336,31.046581639482756,29.785564367391515,30.32828041506157,297127250
2010-11-26,30.791183471679688,30.88695522409613,29.833448627368337,30.567710275992347,108003635
2010-11-29,29.96114158630371,30.64751726354924,29.68978255203377,30.567706037589616,47311917
2010-11-30,30.312307357788086,30.360193220265536,29.306684760601872,29.721703507138194,56380039
2010-12-01,30.918872833251953,31.046569914471224,30.136723339493837,30.20057188010347,49377032
2010-12-02,31.605253219604492,31.637178577252715,30.82310360740461,31.09446265236003,69791050
2010-12-03,31.86065101623535,32.03623616114779,31.046576009836397,31.605254638637096,70133580
2010-12-06,31.828733444213867,32.02027913748239,31.541411656783144,31.924507373357443,35990183
2010-12-07,31.589298248291016,31.764881251108648,31.317939155724357,31.589298248291016,22324627
2010-12-08,31.238117218017578,31.52543672882458,31.06253211029428,31.349853786119073,8690959
2010-12-09,30.519819259643555,31.36581736362844,30.328271457034376,31.222157594180555,19659317
2010-12-10,30.679458618164062,30.79119525878136,30.200591012694257,30.45598750194866,12656908
2010-12-13,31.25408363342285,31.365818049874488,30.631556508849872,30.679442378040854,10228525
2010-12-14,30.982728958129883,31.44563369713655,30.886955041262006,31.28601122402954,12502825
2010-12-15,30.855024337768555,31.062532636307807,30.727325091344703,30.966758742744375,7532899
2010-12-16,30.679458618164062,30.886967047859965,30.44002481542916,30.87100652635966,10117565
2010-12-20,30.599632263183594,30.998688404317157,30.48789567765894,30.567706905885654,12117884
2010-12-21,31.014657974243164,31.31794027588862,30.61560174444162,30.647524943814577,13693395
2010-12-22,31.270050048828125,31.381784478634042,31.014653664242974,31.09446489911219,11598882
2010-12-23,31.046581268310547,31.317940371410707,30.99869538659575,31.142355196758757,4611659
2010-12-24,31.206201553344727,31.28601279390301,30.807145350553302,30.807145350553302,4676656
2010-12-27,30.870986938476562,31.222154993990685,30.75925036875699,31.126381100662172,5508784
2010-12-28,30.695402145385742,30.95079847522818,30.615590927623597,30.807136551242042,6071879
2010-12-29,30.5517520904541,30.8071463363986,30.487901363949447,30.663486531800185,10314957
2010-12-30,30.839073181152344,31.142355486544936,30.21654588797415,30.551753558152754,31947999
2010-12-31,31.381793975830078,31.445642550044536,30.886963736884855,30.93485179130992,12208677
2011-01-03,31.381793975830078,31.525453809067347,31.238134142592813,31.429682030255144,5686478
2011-01-04,31.413694381713867,31.573316772911287,31.20618397414688,31.429657053837058,9878712
2011-01-05,31.31793212890625,31.55736580450139,31.190235034596054,31.413706032147914,6557909
2011-01-06,31.605253219604492,31.844689071929842,31.222159752916607,31.349859018491337,16916733
2011-01-07,31.238117218017578,31.892569620431072,31.014646246832378,31.60524794460628,15775814
2011-01-10,30.695402145385742,31.477551646451207,30.631553604179594,31.22215531660877,11747099
2011-01-11,30.663475036621094,31.28600206651917,30.392118210777173,30.902908676198642,8402847
2011-01-12,31.046581268310547,31.11043199728843,30.48790254488437,30.87099825867721,5356220
2011-01-13,30.886953353881836,31.110426536037806,30.791181607264402,31.030615303844456,5840003
2011-01-14,31.1583194732666,31.65314965805226,30.727337855707127,30.80714910599453,13619178
2011-01-17,31.206201553344727,31.28601279390301,30.53578843166621,30.807145350553302,10222664
2011-01-18,31.493515014648438,31.57332623416335,31.03061037446553,31.03061037446553,8525103
2011-01-19,31.25408363342285,31.605251725865482,31.09446118276219,31.238120955353175,8181638
2011-01-20,31.573335647583008,31.605258845895964,30.96676889941434,30.96676889941434,8113388
2011-01-21,31.557371139526367,31.605257016733667,31.254088865503842,31.365823300660345,7263505
2011-01-24,31.461597442626953,31.685068479539023,31.254089086569692,31.333900325825322,10580288
2011-01-25,31.413694381713867,31.748901836231894,31.30195784186878,31.605239952140426,5774233
2011-01-27,31.54140853881836,31.76487957471682,29.73767540582987,31.381786061031118,21308494
2011-01-28,30.823110580444336,31.541411804865525,30.39213114480281,31.445637875272304,12161301
2011-01-31,30.823110580444336,31.413714675420326,30.39213114480281,30.59963952140592,10372393
2011-02-01,30.53578758239746,31.158314808434508,30.487899540383285,30.966766970414614,5685819
2011-02-02,30.50386619567871,30.80714850787893,30.12077263474061,30.66348869315448,9759510
2011-02-03,31.493515014648438,31.58928891106991,30.34423258762656,30.48789234974982,8272335
2011-02-04,31.062536239624023,31.988347764776105,31.014650369796364,31.429669180035706,13585721
2011-02-07,31.2221622467041,31.445633273036346,30.807143389219465,31.07850245584897,10075695
2011-02-08,30.5517520904541,31.605258767521473,30.471940847341816,31.605258767521473,6969251
2011-02-09,30.61559295654297,31.030611749413318,30.2484600314962,30.966761038957888,15914271
2011-02-10,30.455978393554688,31.046580297992747,30.344241786354175,30.535789637264035,15041071
2011-02-11,30.937355041503906,31.290373257713714,30.72875129079299,30.9694464194733,16032113
2011-02-14,31.627363204956055,31.85201167244391,30.825045695052594,30.985509197033284,9448315
2011-02-15,31.691543579101562,31.85200705783486,31.386663404793346,31.611311839734917,6653191
2011-02-16,31.64339256286621,31.70757749302358,31.51502270255147,31.59525440935427,3070813
2011-02-17,31.64339256286621,31.755717822959863,31.53106730277256,31.64339256286621,2410838
2011-02-18,31.482942581176758,31.77177597832528,31.194109184028232,31.64340606324266,7982842
2011-02-21,31.755727767944336,31.771772373190135,31.145965299428326,31.145965299428326,9078739
2011-02-22,31.59526252746582,31.739679201532525,31.38665873032512,31.611307131809426,6311548
2011-02-23,31.96432113647461,32.17292489141372,31.611300736685,31.611300736685,28541975
2011-02-24,31.531068801879883,32.09269295262556,31.097818870401024,31.932227354966482,14267832
2011-02-25,31.83595848083496,32.04456010660342,30.953409457864645,31.627354678641552,31955636
2011-02-28,31.755727767944336,33.50477908871324,31.354569108298943,32.188977814506345,128195783
2011-03-01,31.932231903076172,32.12478890655342,31.4508415708078,31.932231903076172,22095525
2011-03-03,31.8680419921875,32.38152580378654,31.627346863580026,31.627346863580026,12055696
2011-03-04,31.771770477294922,32.0766527815724,31.659447365151802,31.868048985149656,5797710
2011-03-07,31.46689796447754,31.73968677334377,30.841090776612837,31.73968677334377,6845096
2011-03-08,31.434799194335938,31.739679324418237,30.712713644781847,31.45084379874166,8299919
2011-03-09,31.46689796447754,31.611314672996254,31.322481255958827,31.450851179880924,4984092
2011-03-10,31.57921600341797,31.739679459557642,31.226195529340714,31.450843932651278,4963678
2011-03-11,31.46689796447754,31.643408242189487,31.290387686765595,31.290387686765595,6148250
2011-03-14,31.70758819580078,31.803866711747457,31.338523090501106,31.338523090501106,4743614
2011-03-15,31.37061309814453,31.531076558854863,31.145964688435065,31.40270666085659,7316083
2011-03-16,31.64339256286621,31.771762423180952,31.45083559596976,31.46688237261519,3548194
2011-03-17,31.563175201416016,31.627360160745223,31.38666493094169,31.38666493094169,4312518
2011-03-18,31.434799194335938,31.771770709654586,31.32247390494645,31.61130725419812,7614611
2011-03-21,31.258291244506836,31.482939663293322,31.210150898493623,31.386661147691953,3473055
2011-03-22,31.242244720458984,31.4187549711147,31.06573446980327,31.4187549711147,3536038
2011-03-23,31.274337768554688,31.56317113655137,31.162012471875393,31.24224420481059,5655111
2011-03-24,31.434799194335938,31.515030922064167,31.17805723032061,31.45084379874166,7807585
2011-03-25,31.49897575378418,31.579207460148563,31.306418787939933,31.515022530341923,8602591
2011-03-28,31.803855895996094,31.900134379200697,31.41874413960201,31.466882292992146,11509824
2011-03-29,32.02851486206055,32.20502511040793,31.691541147292813,31.803866444357077,8985339
2011-03-30,32.413631439208984,32.52595456856898,32.044564131932724,32.09270448145148,4832583
2011-03-31,32.70246505737305,33.007345234071614,32.188981050830556,32.41363166395867,15647437
2011-04-01,33.64918518066406,33.857788923881884,32.525941287169786,32.525941287169786,22114974
2011-04-04,33.98617172241211,34.419423973981516,33.440596344586865,33.440596344586865,10060811
2011-04-05,33.76152038574219,34.09849408833796,33.42454668314642,33.857798897401686,7752278
2011-04-06,33.71337890625,34.307094561133404,33.585009012644086,33.69733430186794,5371783
2011-04-07,33.6812858581543,34.24290792369546,33.50477563084211,33.71337724175891,5888794
2011-04-08,33.66523742675781,33.84174764541164,33.2480320489646,33.713375588015815,3282029
2011-04-11,33.45664596557617,33.68129441357084,33.248042125246926,33.39245882921311,2761151
2011-04-13,33.7775764465332,33.954084560570486,33.07153528468179,33.087582070437605,5725109
2011-04-15,33.71337890625,33.92198270389075,33.585009012644086,33.71337890625,2726721
2011-04-18,33.44059753417969,34.06640467148907,33.3282722275029,33.6973395377086,3846832
2011-04-19,33.19989776611328,33.61710319264436,33.05548108904385,33.61710319264436,2130742
2011-04-20,33.45664596557617,33.61710945363313,33.08757863718997,33.61710945363313,3816903
2011-04-21,33.568965911865234,33.69733799596896,33.31222392008292,33.45664278675276,3804886
2011-04-25,33.55291748046875,33.82570624141201,33.376409410190796,33.376409410190796,1583736
2011-04-26,33.47268295288086,33.74547169104498,33.08757110450345,33.697333526157124,4390914
2011-04-27,33.48871994018555,33.697323672022094,33.29616516051822,33.53686026742054,2846797
2011-04-28,33.392452239990234,33.53687109188407,33.26408234544562,33.424545801838846,5158203
2011-04-29,33.55291748046875,33.85779980496711,33.26408411417298,33.392454015543315,3615042
2011-05-02,34.14663314819336,34.275005225902,33.37640938764165,33.37640938764165,5731198
2011-05-03,33.376407623291016,34.178724904963886,33.24803555236841,34.01826144862931,3804669
2011-05-04,33.47268295288086,33.56896145908142,32.9110608725399,33.264081336467015,4044546
2011-05-05,32.6864128112793,33.472683296544304,32.34943912433005,33.37640696578012,5204752
2011-05-06,33.08756637573242,33.2640765824697,32.70245458239398,32.7666395185463,2973311
2011-05-09,32.95921325683594,33.31223167332778,32.89502828805794,33.10362998069286,3424009
2011-05-10,32.846885681152344,33.280137999497455,32.734562537584516,32.9110706455376,1276536
2011-05-11,33.4245491027832,33.536874403921466,32.78269521382204,32.78269521382204,5173641
2011-05-12,32.54199981689453,33.424548909102135,32.47781486365536,33.424548909102135,2199955
2011-05-13,32.525962829589844,32.95921520317103,32.4296842825245,32.509916042341324,3389298
2011-05-16,32.67036056518555,32.79873261210362,32.50989713885634,32.60617562993876,2643860
2011-05-17,32.574100494384766,32.895027507081146,32.52596013662495,32.6703768570532,2042475
2011-05-18,32.525962829589844,33.02340017573933,32.44573106977302,32.67037956197498,3314783
2011-05-19,31.723642349243164,32.7185169511551,31.563178844188048,32.54200666030936,2532955
2011-05-20,32.413631439208984,32.606186308008354,31.563173695296463,31.659452217908758,1959647
2011-05-23,31.96432113647461,32.188969492511426,31.771764159057646,32.188969492511426,1694918
2011-05-24,31.70758819580078,32.541999098771875,31.57921829215526,32.07665547752553,9876185
2011-05-25,31.145957946777344,31.916183697323703,30.95340314145913,31.771764872804415,5753045
2011-05-26,30.664567947387695,31.418746926902024,30.488057741924287,31.290374879099303,4935316
2011-05-27,31.33852767944336,31.434806209488226,30.712720498789796,30.712720498789796,4500032
2011-05-30,31.771770477294922,31.852002204436385,31.17805700230301,31.45084356872906,8167114
2011-05-31,32.42967224121094,32.54199753381782,31.771771619709867,31.835958744870922,7467651
2011-06-01,32.30129623413086,32.49385322034302,32.04455431132283,32.26920267762065,1794961
2011-06-02,31.852005004882812,32.477814272747665,31.77177327068733,32.09270238389435,4461069
2011-06-03,32.413631439208984,32.70246483062065,31.852007086708127,31.852007086708127,5649415
2011-06-06,32.574100494384766,32.654332247558855,31.996431436246166,32.349449844356826,4910297
2011-06-07,32.558048248291016,32.638279988009785,32.36549120239589,32.46176972534345,6516069
2011-06-08,32.525962829589844,32.57410319133541,32.20503579032253,32.26922076289084,14162904
2011-06-09,32.574100494384766,32.68642364297314,32.3815434161967,32.41363698803657,6989160
2011-06-10,32.477821350097656,32.67037624827205,32.253172880681426,32.57409988739764,7661567
2011-06-13,32.91106033325195,33.05547917839875,32.26920653766556,32.41362538281235,2849421
2011-06-14,33.280128479003906,33.376406986252015,32.78269133857608,32.78269133857608,4458752
2011-06-15,32.67036056518555,33.32826104842021,32.52594391677416,33.296169669009075,2533103
2011-06-16,32.73455047607422,32.89501391612508,32.36548325810242,32.606178418178715,2472762
2011-06-17,32.95921325683594,33.05549179821577,32.59014587761754,32.60619266391845,2524363
2011-06-20,32.718509674072266,33.280131816852055,31.787820245896416,32.75060106209034,6194464
2011-06-21,32.525962829589844,32.8789834433542,32.22108257757105,32.67037956197498,5126564
2011-06-22,32.8308219909668,32.86291554484682,32.42966344958839,32.52594193480408,2408781
2011-06-23,32.81479263305664,32.99130073211237,32.67037374993775,32.75060549548141,3746535
2011-06-24,33.26408386230469,33.42454732601513,32.67036817600604,32.734555302630234,5675164
2011-06-27,34.772438049316406,35.09336493877693,32.814783153037325,32.814783153037325,29869389
2011-06-28,35.01313400268555,35.26987377887964,34.69220710601812,35.10941033054593,13872282
2011-06-29,35.33406448364258,35.46243438476147,34.94895042743582,35.07732250497975,13356359
2011-06-30,35.14150619506836,35.78336003049062,34.67616259967222,35.301969653923926,30432762
2011-07-01,35.382198333740234,35.542661778765364,35.10940960662761,35.30196661122767,23953730
2011-07-04,35.44639205932617,35.75127224513178,35.20569683214933,35.41430066822444,5307022
2011-07-05,35.1735954284668,35.414290587126914,34.660111552755346,35.30196530918232,10665833
2011-07-06,34.99708938598633,35.20569101114538,34.83662592773323,35.06127433400258,3270036
2011-07-07,35.285919189453125,35.39824446949699,34.804528863136085,35.141502526842956,5856910
2011-07-08,35.045230865478516,35.54266806836746,34.932907739939175,35.06127764810561,12625687
2011-07-11,34.66012191772461,34.916863932358,34.114544320469165,34.83663218881165,2848918
2011-07-12,34.72430419921875,34.981046194051316,34.19477342679688,34.563840724501546,2954427
2011-07-13,35.36615753173828,35.71917804103297,34.72430364314803,34.7563972081476,3819442
2011-07-14,35.01313400268555,35.3982458434015,34.756392050066644,35.141503890782595,10479376
2011-07-15,35.382198333740234,36.00800533405329,34.77243811321465,34.77243811321465,8242815
2011-07-18,35.0933723449707,35.59080738747465,34.99709382252873,35.4463906920243,2085379
2011-07-19,35.25382995605469,35.41429340794265,34.852671326334786,34.88476271085746,2972184
2011-07-20,35.02918243408203,35.446387880623455,34.93290609570136,35.18964589994988,4177419
2011-07-21,34.66012191772461,35.14151237900271,34.38733311909689,34.981048891910014,3008285
2011-07-22,35.157554626464844,35.35010948027469,34.45151580964529,34.66011744537889,3369044
2011-07-25,34.82057189941406,35.14149874912574,34.43546011504496,35.10940519358477,7429567
2011-07-26,34.98103332519531,35.253822002430866,34.419411370295116,34.66010649382377,5770592
2011-07-27,34.3873291015625,35.02918297494434,34.17872746328343,34.86871950659888,7214188
2011-07-28,33.87384033203125,34.33918606542909,33.26408010929754,34.05035055748304,13905358
2011-07-29,33.729427337646484,34.54779143460031,32.84687829074873,33.37640902474239,9768024
2011-08-01,34.48360824584961,34.88476692401892,33.72942906032125,33.72942906032125,4672455
2011-08-02,34.644073486328125,34.756398792521836,34.25896157090363,34.46756322363454,3239197
2011-08-03,33.58500289916992,34.54778345523418,33.08756584325182,34.194763047440816,12800281
2011-08-04,33.536869049072266,34.3070927222736,33.31221848266582,33.88988732577921,6939466
2011-08-05,32.8308219909668,33.28012086316524,32.14083017036569,32.253155432521396,12075758
2011-08-08,32.87897491455078,33.32827178240714,31.57922030738925,31.627358480221996,13716718
2011-08-09,32.70246505737305,33.280134020627045,31.771775567567932,31.771775567567932,7228990
2011-08-10,33.23198699951172,33.504775731305294,32.75059665617586,32.91106010395448,5126905
2011-08-11,33.05548858642578,33.456647322842336,32.83083795289216,32.84688473763391,6299073
2011-08-12,33.2480354309082,33.56896234240495,33.0554805898651,33.29617577348766,6421148
2011-08-16,33.2480354309082,33.66524085113896,33.087571975159825,33.39245210579676,4242848
2011-08-17,33.1036262512207,33.60106351195356,32.95920954363385,32.95920954363385,7430913
2011-08-18,32.94315719604492,33.328269076718,32.622230266079846,33.215945957085246,5110388
2011-08-19,32.42967224121094,32.91106262136905,31.948281861052834,32.09270071624024,5245806
2011-08-22,33.11967849731445,33.24804844157708,32.012480654665566,32.413639451018476,3059716
2011-08-23,32.477821350097656,33.504787336304425,32.41363638403953,33.16781354396729,2837432
2011-08-24,32.75059509277344,32.975245650079295,32.1889730523582,32.86292037142636,6888368
2011-08-25,31.996427536010742,32.8950234973105,31.771776913366807,32.750604618060734,13758009
2011-08-26,31.274337768554688,32.092701879778694,31.001549006005,31.996423364971452,9286925
2011-08-29,32.07665252685547,32.140837472773974,31.129916412964185,31.194103535307566,6345123
2011-08-30,32.156890869140625,32.44572427340934,31.85200850455937,32.41363288206022,3821904
2011-09-02,31.88410186767578,33.69734055393598,31.563174897692594,33.11967157268118,8166250
2011-09-05,31.178058624267578,31.932235592776685,31.033641943184982,31.819912474790222,7422597
2011-09-06,30.99924659729004,31.503167548018382,30.641624708439384,31.503167548018382,14848826
2011-09-07,31.470657348632812,31.77951143018062,31.08052576116224,31.113037645448728,11526455
2011-09-08,31.275590896606445,31.795765582352345,30.999246510108726,31.730744022233274,7049237
2011-09-09,31.24308204650879,31.519426459827656,31.031761404413338,31.243082046508793,6782680
2011-09-12,30.67413330078125,31.11303264412991,30.39778894314793,30.901709839824107,5271294
2011-09-13,30.755413055419922,30.999245551924595,30.64162367513377,30.83669055425481,4033213
2011-09-14,30.869203567504883,30.999246688491347,30.414048234465568,30.901713245354827,4248247
2011-09-15,31.2105655670166,31.34061088552852,30.5278359128036,30.950479339579203,8283475
2011-09-16,32.39722442626953,32.5922913382262,31.129293908138475,31.340616763557133,6853575
2011-09-19,31.844539642333984,32.592293242123475,31.71449429183499,31.99083873245081,3721222
2011-09-20,32.120880126953125,32.47850206533591,31.77951413209567,31.77951413209567,4399666
2011-09-21,32.26716995239258,32.41347119735652,31.909550321396196,31.958315933188835,2182138
2011-09-22,31.291847229003906,32.00709106403011,31.11303847504087,31.99083512145342,3792171
2011-09-23,31.226823806762695,31.60070164462193,30.787926612049734,31.04801285863813,3612112
2011-09-26,30.966732025146484,31.356865762659957,30.739155481459058,31.226820448557753,1880644
2011-09-27,31.42188835144043,31.63320896222071,31.0642664818811,31.356866794645974,1273121
2011-09-28,31.64946746826172,31.730744972041798,31.178058387295916,31.470656518986857,4398260
2011-09-29,31.68198585510254,32.169650977886825,31.25934230773072,31.470662979019703,9460952
2011-09-30,32.007080078125,32.2184006447091,31.535668929172736,31.535668929172736,6946805
2011-10-03,31.64946746826172,31.90955592131666,31.275591832790695,31.844534359251274,7517061
2011-10-04,31.16180992126465,31.877051685156395,31.08053239798618,31.470664068764048,2740436
2011-10-05,31.178054809570312,31.551930402138584,31.048009495569026,31.226820424325084,3503641
2011-10-07,31.616952896118164,32.13712975799207,31.373120405513497,31.50316572337858,4435678
2011-10-10,31.877046585083008,31.990835981385036,31.40563746644837,31.40563746644837,8326437
2011-10-11,32.08837890625,32.20216613134521,31.698244977940067,32.0233551150022,5044978
2011-10-12,32.218406677246094,32.44598322343847,31.8932966956018,32.41347354814994,4905765
2011-10-13,32.299686431884766,32.47849737525483,31.95832048632251,32.21840893078867,3531871
2011-10-14,32.15338134765625,32.52725690074376,32.039591985520275,32.10461353325816,5039179
2011-10-17,31.81201934814453,32.25091870732286,31.63320841644991,32.12087339118442,1605713
2011-10-18,31.909549713134766,32.08836062762096,31.535671945610364,31.535671945610364,2025955
2011-10-19,32.494754791259766,32.67356574274546,32.00708976254974,32.185898509242016,5145909
2011-10-20,32.1859016418457,32.47850201042611,32.088370390445874,32.21841352884141,2881549
2011-10-21,32.1859016418457,32.54352357962388,31.94206910375885,32.10462412915009,2127672
2011-10-24,32.75483322143555,32.91738818124828,32.54351045080335,32.59227826162282,3334756
2011-10-25,33.7789421081543,34.055286532374566,32.706078502961105,32.771100071955985,7605862
2011-10-28,34.13656997680664,35.11190029559609,33.56762729084613,34.29912502993822,8504582
2011-10-31,34.08778762817383,34.331620104081395,33.616378615711156,34.136555446231185,4561310
2011-11-01,33.69765853881836,34.18532352581637,33.48633792636985,33.89272541553486,2155435
2011-11-02,33.51884078979492,33.79518510817638,33.291264283076956,33.48633112014537,2429706
2011-11-03,33.843963623046875,33.990262704249886,33.50259763037743,33.648898916374065,2676760
2011-11-04,33.76268768310547,34.136565580029156,33.61638859508913,34.136565580029156,2070811
2011-11-08,33.76268768310547,33.81145551564007,33.61638859508913,33.76268768310547,923114
2011-11-09,33.6651496887207,34.022771593300746,33.61638406754771,33.811450961826544,3342820
2011-11-11,34.28285598754883,34.38038942312861,33.48633697243472,33.64889196346998,7747315
2011-11-14,34.250343322753906,34.786776103756544,33.990254902097455,34.39664237037531,8136060
2011-11-15,33.68140411376953,34.347880066946516,33.567616934559474,33.827703175492935,2602442
2011-11-16,33.8764762878418,34.250351971145726,33.38881120277041,33.38881120277041,5559879
2011-11-17,33.53510665893555,34.2503482653612,33.42131726947976,33.64889604839134,4564324
2011-11-18,32.819862365722656,33.64889329373575,31.974575497004743,33.4863382962741,6971425
2011-11-21,32.202152252197266,32.83611851006393,31.99083163610389,32.34845130986139,5725408
2011-11-22,31.82828140258789,32.34845615268956,31.568192925140256,32.34845615268956,5742603
2011-11-23,30.90171241760254,31.76325523663842,30.609114300824032,31.64946585522829,4916261
2011-11-24,30.98299789428711,31.37312955203491,30.771677222738592,31.17806482555794,10127464
2011-11-25,31.340614318847656,31.600702779570593,30.82043739740179,31.09678180031868,7728058
2011-11-28,31.568185806274414,31.779506406349814,31.27558771312492,31.568185806274414,5436096
2011-11-29,30.950477600097656,31.795762201348882,30.885453842099558,31.665719094938876,5379923
2011-11-30,32.218406677246094,32.47849510352016,30.98298830603915,31.031756126161696,13613461
2011-12-01,32.511009216308594,33.161229224251294,32.348452009529595,32.511009216308594,4222484
2011-12-02,33.61638259887695,33.811449484633485,32.47849757648166,32.52726319552412,5707744
2011-12-05,33.37254333496094,33.63263172836146,33.11245494156042,33.22624430267093,2957969
2011-12-07,33.53510665893555,33.99025980717184,33.11246318997703,33.177484753326006,5975381
2011-12-08,32.315940856933594,33.61638081345987,32.185895538405035,33.47008175930931,5809203
2011-12-09,32.039608001708984,32.10462958195032,31.568198788966786,31.714497895708295,4296964
2011-12-12,31.4056453704834,32.31595415562145,31.11304714177201,32.185908783576515,8160604
2011-12-13,32.218406677246094,32.47849510352016,31.080521741491072,31.340610167765142,3981949
2011-12-14,31.324356079101562,32.34845169989139,31.21056669688345,32.16964296325336,5776327
2011-12-15,32.299686431884766,32.624796436269136,30.85294735333297,30.869203294510854,12973287
2011-12-16,31.8933048248291,32.9336565903056,31.40563972806258,32.26718051709928,12589918
2011-12-19,32.23466873168945,32.46224532104947,31.291848283207106,31.40563768028391,4820722
2011-12-20,31.714494705200195,32.33220516733566,31.454406205605988,32.33220516733566,6670657
2011-12-21,31.82828140258789,32.13713550495976,31.5356810386617,32.02334610707842,10259801
2011-12-22,32.72232437133789,32.83611373563887,31.698226707007944,31.77950419442494,3456402
2011-12-23,32.91740417480469,33.144980788156445,32.36471527907264,32.673571616614836,3249611
2011-12-26,32.787357330322266,32.86863484602386,32.57603667141561,32.70607981462067,1273482
2011-12-27,32.16964340209961,32.77109558901833,31.58444495161095,32.75484185258827,4187065
2011-12-28,32.57603454589844,32.81986707709367,31.990836030071172,32.2509245043048,3375709
2011-12-29,32.511009216308594,32.67356421829427,32.25092077217285,32.511009216308594,2924882
2011-12-30,32.54351806640625,32.77109462244137,32.29968556962721,32.51100838971167,2087779
2012-01-02,32.511009216308594,32.59228671730143,32.039597946715475,32.39721983300129,1861469
2012-01-03,32.803611755371094,32.94991083590049,32.5110135943123,32.624800788149116,3372939
2012-01-04,32.998680114746094,33.25876640053139,32.2996921585154,32.77110130749339,3739279
2012-01-05,32.93364715576172,33.24250339240373,32.72232655628434,32.98241497434403,5389056
2012-01-06,32.42973327636719,32.93365204294498,32.13713293583225,32.90114236385894,7340405
2012-01-09,32.96615982055664,33.09620293028948,32.218406427609914,32.218406427609914,2368495
2012-01-10,33.35628890991211,33.58386543766239,32.85236803824099,32.85236803824099,3215986
2012-01-11,32.57603454589844,33.388809649882546,32.478501092461634,33.388809649882546,4377469
2012-01-12,32.689815521240234,32.966159885962234,32.332195866368814,32.966159885962234,4082544
2012-01-13,33.14497375488281,33.22625125703256,32.67356468337293,32.70607436135682,5766505
2012-01-16,32.55976867675781,33.144967014182754,32.429725581682455,32.771089257453504,4899595
2012-01-17,32.673561096191406,32.917393575870655,32.54351578415328,32.673561096191406,10428799
2012-01-18,32.218406677246094,32.91739446065722,31.958318250972027,32.787349145123606,6295415
2012-01-19,32.494754791259766,32.90114231518479,32.218410393073384,32.36470946072771,8276461
2012-01-20,32.98241424560547,33.22624671875031,32.478493360147525,32.51100523848406,6881600
2012-01-23,32.836124420166016,33.56762204494058,32.722335018839175,33.16123447562138,18551268
2012-01-24,32.689815521240234,32.99867176585653,32.52726053135509,32.7710930161828,10219894
2012-01-25,32.787357330322266,32.99868019402265,32.364713807715226,32.86863484602386,13171474
2012-01-27,33.53510665893555,34.12030513866324,32.88488661585888,32.99867600531467,9816649
2012-01-30,33.079952239990234,33.64889475582738,32.91739723546534,33.16122974225268,4243234
2012-01-31,33.843963623046875,34.071540216561964,33.03118849992611,33.16123384250161,10322025
2012-02-01,33.4700813293457,33.94149036657202,33.37254789290053,33.94149036657202,10757718
2012-02-02,34.169071197509766,34.477925280967355,33.37255207550015,33.55136303059459,11556658
2012-02-03,34.77051544189453,35.20941472994509,34.250338671226665,34.315360216361945,11926606
2012-02-06,35.4370002746582,35.599555281334744,34.57545741639654,35.01435681634054,9084488
2012-02-07,35.03060531616211,35.84338017688114,34.73800724822042,35.599547718665434,6079363
2012-02-08,35.01435470581055,36.00594062772712,34.51043377452901,35.30695502306752,11508450
2012-02-09,35.37199020385742,35.924676965144265,35.07938977390973,35.778377852567466,11499785
2012-02-10,34.900569915771484,35.51827806420245,34.46167051229084,34.9168236527354,8590813
2012-02-13,35.91597366333008,36.19439289036884,34.83505496370829,34.83505496370829,15608851
2012-02-14,35.83408737182617,36.1125066101707,35.62118011051381,35.86684336034225,5735198
2012-02-15,36.2598991394043,37.04602276377429,35.80132869119878,35.866838437892845,15930040
2012-02-16,36.2598991394043,36.76760356364068,35.78495069918849,36.12887964601617,3862429
2012-02-17,36.58745193481445,37.1770441274156,36.35816669917712,36.68571767047251,8544515
2012-02-21,36.21077346801758,36.68572198802325,36.1125077207946,36.53832447786252,6934289
2012-02-22,36.01424026489258,36.91500549922977,35.93235251631647,36.14526199542276,5872252
2012-02-23,36.89862060546875,37.37357123547571,35.899592036729246,35.899592036729246,18016976
2012-02-24,37.439090728759766,37.73389021693526,36.94776639340862,37.02965415285842,10958004
2012-02-27,36.538333892822266,37.668384723701955,36.39093634468109,37.668384723701955,11266052
2012-02-28,36.62021255493164,37.14429284252061,36.276283547276314,36.685722313211826,9416477
2012-02-29,37.01327133178711,37.30806633883895,36.685720336686245,36.76760808546146,7991077
2012-03-01,36.8494987487793,37.209805760427,36.5219477277714,36.636591473663174,2777389
2012-03-02,36.767601013183594,37.01326421225573,36.45642807196161,36.80035699493198,3172662
2012-03-05,36.12889099121094,36.8003711037142,35.752205942076046,36.652971350682236,3649302
2012-03-06,36.37454605102539,36.62020928867532,35.89959756917164,36.128882813375455,4557989
2012-03-07,35.572052001953125,36.12888831447587,34.98245969755062,36.030622560184185,15488701
2012-03-09,36.07975769042969,36.27628921733601,35.735830850365346,35.735830850365346,3852720
2012-03-12,36.30903244018555,36.63658338891138,35.98148149145972,36.35816419395561,5124092
2012-03-13,36.472816467285156,36.73485551063535,36.03062169427347,36.472816467285156,9731037
2012-03-14,36.882259368896484,37.14429844151604,36.53833030939855,36.76761560861457,4398722
2012-03-15,36.145267486572266,37.11154262229634,35.94873597159381,36.78399157823071,4513645
2012-03-16,35.31000900268555,36.68572283139109,35.12985549885979,36.194396305328574,3682825
2012-03-19,35.32638931274414,35.522918603239106,34.52388749050983,35.44103084352929,3294232
2012-03-20,35.19535827636719,35.637552950644356,34.88418531585776,35.32637999013493,3413743
2012-03-21,35.621177673339844,35.83408492008525,34.949697725481435,35.17898296536432,3430274
2012-03-22,34.80228805541992,35.60478722495377,34.491112958704804,35.375502065279306,3948023
2012-03-23,35.277244567871094,35.441020037354626,34.622142689936965,34.91693764646853,3647743
2012-03-26,34.704036712646484,35.21174120430497,34.47475145809511,35.04796570514723,4778733
2012-03-27,34.638519287109375,35.09708969466907,34.327344130536495,35.04795794434013,5834802
2012-03-28,34.785926818847656,35.01521208893229,34.47475379363655,34.80230481414246,4875221
2012-03-29,34.65489196777344,34.88417937246538,34.392853027576955,34.78591365921836,12199593
2012-03-30,35.424652099609375,35.81771511499822,34.654906286045076,34.654906286045076,8544753
2012-04-02,35.572052001953125,35.81771527700854,35.26087674313818,35.408276485249516,8676278
2012-04-03,36.06338119506836,36.194400729494326,35.53929861466893,35.75220591344807,3566758
2012-04-04,36.30903244018555,36.456429922842766,35.7849500336854,36.046991236935476,3850338
2012-04-09,35.9323616027832,36.309046674296695,35.555678752617624,36.06338336644578,4475284
2012-04-10,36.16164016723633,36.456437414477314,35.73582562346739,35.93235490028056,4598397
2012-04-11,36.58745193481445,36.68571767047251,35.719442749420544,35.719442749420544,4023851
2012-04-12,36.60383224487305,37.27531000145909,36.39092498859172,36.571076257131,5102969
2012-04-13,36.685733795166016,37.11155068928124,36.210785122300194,36.685733795166016,6602489
2012-04-16,36.636592864990234,36.9313879065536,36.44006135638292,36.66934663552638,4350870
2012-04-17,37.20980453491211,37.308068060900126,36.358171019801325,36.407302782795334,9477019
2012-04-18,37.29169464111328,37.75026519582464,37.078785138224184,37.24256065367075,4441325
2012-04-19,37.553733825683594,37.668377575453256,37.111541265174026,37.177051027322,2496045
2012-04-20,37.29169464111328,37.78302118745299,37.11154112985253,37.40633839046492,2778756
2012-04-23,36.276283264160156,37.50459955238037,36.09612976428504,37.16067054740922,3854809
2012-04-24,36.0306282043457,36.52195483142235,35.78496489080738,36.39093528607443,3169871
2012-04-25,35.52291488647461,36.17801689560978,35.27725163304892,35.965109631179814,3380361
2012-04-26,35.40827178955078,36.292659018196964,35.12985255953841,35.81771052701173,4377198
2012-04-27,35.45741653442383,36.03063097678692,35.29364097946294,35.44103853465811,1965594
2012-04-30,36.44005584716797,36.702097078578305,35.40827113633966,35.40827113633966,3199398
2012-05-02,35.899600982666016,36.63659076569209,35.735825475326884,36.292661756010425,3811572
2012-05-03,35.588436126708984,35.86685545897007,35.42466057157849,35.70307990383958,1452253
2012-05-04,34.966068267822266,35.572038335353994,34.753158845097744,35.40826288157209,5666533
2012-05-07,34.65489196777344,35.047954820761525,33.803260969441496,34.851423394267485,4565509
2012-05-08,34.638519287109375,35.09708969466907,34.40923186198265,34.6548950563211,2959419
2012-05-09,34.1472053527832,34.80230744328473,33.98342983015782,34.40924441190566,2412310
2012-05-10,33.57398223876953,34.507501140665035,33.41020675899694,34.11444043348024,3946438
2012-05-11,33.19731140136719,33.73777204695839,32.820628526452026,33.5739964976304,3389145
2012-05-14,33.164546966552734,33.344698235841676,32.82061797921935,33.082659218204185,2233766
2012-05-15,33.70500564575195,33.85240315038438,32.7878624083151,33.115413405874875,3494080
2012-05-16,34.245460510253906,34.491123734084205,33.082656361201565,33.508470838763024,4435353
2012-05-17,34.31097412109375,34.98245407594263,34.01617690559199,34.39286186628637,4208594
2012-05-18,34.42561721801758,34.769546207945545,33.59036173429175,34.01617847318603,4935351
2012-05-21,34.0489387512207,34.68766282936286,33.819653469496295,34.360111792228665,1491370
2012-05-22,33.96704864501953,34.24546567453808,33.770517147779096,34.1799559159071,2362045
2012-05-23,33.93429946899414,34.376494315903535,33.49210684343267,34.032565237346,3087547
2012-05-24,34.507503509521484,34.654901007165876,33.55760655017118,34.196330520861714,2135683
2012-05-25,34.098060607910156,34.39285778845896,33.98341911104145,34.22908231749196,1446600
2012-05-28,34.85142517089844,35.16260031560132,33.90152841089632,33.90152841089632,890739
2012-05-29,35.1626091003418,35.45740410741322,34.65490239228491,35.277250615826304,5201353
2012-05-30,34.753173828125,35.26087839800332,34.540266534957176,35.129858867030464,4048557
2012-05-31,34.76954650878906,35.04796574622248,34.409239521680796,34.44199551008968,8033660
2012-06-01,33.95067596435547,34.68766586234758,33.73776866014132,34.556646324577,3787828
2012-06-04,34.081695556640625,34.212717315968604,33.442971421628705,33.73776871410578,3267896
2012-06-05,34.704036712646484,35.113475460540855,34.229088209358494,34.36010772014574,12393979
2012-06-06,35.91597366333008,36.39092437079,34.72041345125202,34.72041345125202,9494285
2012-06-07,35.39189147949219,36.27627865025794,35.2117380025304,35.91597169633437,4231838
2012-06-08,35.04796600341797,35.539292505072574,34.63852725203913,35.3100072485699,3997879
2012-06-11,35.129852294921875,35.53929102929871,35.04796454804651,35.375515535547976,2205393
2012-06-12,35.2608757019043,35.4246512137717,34.736793175389565,35.015212434103184,3376544
2012-06-13,35.24449157714844,35.457398803591914,34.93331640125056,35.21173559399697,2496726
2012-06-14,34.62215042114258,35.408274183014946,34.3928651569351,35.06434517603,6671985
2012-06-15,34.73678207397461,34.9660694943898,34.54025285535038,34.78591604464079,10286920
2012-06-18,35.06435012817383,35.21174766017079,34.622155310835154,34.884196601800745,3027005
2012-06-19,35.621177673339844,35.99786040876549,34.91694173920649,35.06434145609649,9746993
2012-06-20,35.506534576416016,35.997861051225506,35.37551507167239,35.49015880433351,8882639
2012-06-21,35.948734283447266,35.99786604921082,35.01521296315915,35.21174446890851,4083003
2012-06-22,36.046993255615234,36.2599004956713,35.62117655415594,35.70306429592322,7332263
2012-06-25,35.32638931274414,36.17802068091763,35.12985780090152,35.91597940557669,5097127
2012-06-26,35.98148727416992,36.03061903583612,35.14623177641282,35.14623177641282,1992235
2012-06-27,35.96510696411133,36.48918719974673,35.73582172218663,36.030616715897345,5727518
2012-06-28,35.9323616027832,36.292668676170386,35.604810525648645,36.03062737019315,3083553
2012-06-29,37.19343185424805,37.53736090838829,36.128890918934005,36.14526891605455,7486892
2012-07-02,36.882259368896484,37.32445419130065,36.78399360599024,37.20981043101874,2634447
2012-07-03,36.571075439453125,37.17704564970109,36.39092417494177,37.11153589702903,4091332
2012-07-04,37.01327133178711,37.144290841288516,36.45643508438511,36.620210581935545,3061761
2012-07-05,37.439090728759766,37.60286624765936,36.84950063779934,37.01327615669893,2830305
2012-07-06,37.01327133178711,37.504597824438406,36.70209833071076,37.340822326887974,3797719
2012-07-09,36.94775390625,37.01326364740011,36.71846870155116,36.96413189687425,2397364
2012-07-10,37.06239318847656,37.2589246215577,36.60382280641625,36.65295455401315,3199920
2012-07-11,37.226173400878906,37.50459259644302,36.91500044317886,36.91500044317886,2903254
2012-07-12,36.83311462402344,37.20979956830652,36.718473118556794,37.20979956830652,2728401
2012-07-13,36.70209884643555,37.01327185188439,36.60383310225502,36.882252340541946,1672753
2012-07-16,36.89862060546875,37.078774062918264,36.3909184363114,36.60382565425823,3148848
2012-07-17,36.767601013183594,37.02964220312992,36.65295729841116,36.94775447010588,2407572
2012-07-18,36.423683166503906,36.86587794784211,36.27628564650704,36.71848042784524,2516255
2012-07-19,36.685733795166016,36.94777513164832,36.5219582375331,36.66935579513309,2171498
2012-07-20,36.44005584716797,36.849494577075596,36.29265834867068,36.45643384063373,1581366
2012-07-23,35.801334381103516,36.358170648521636,35.719446629384755,36.243526907576396,2728477
2012-07-24,36.34178924560547,36.80036194503192,35.67030930021663,35.75219704425558,8366909
2012-07-25,36.276283264160156,36.48919053224601,35.55567148600712,36.24352727460197,6131518
2012-07-26,36.60383224487305,36.84949548889643,36.09612776295526,36.341791006978646,10181302
2012-07-27,37.455467224121094,37.6683744889938,36.71847746231145,37.11153822434044,4785341
2012-07-30,38.700164794921875,38.814808551673615,37.34082881751098,37.48822856800544,10354713
2012-07-31,38.962196350097656,39.53541051532133,38.70015292323608,38.71653313643037,13034800
2012-08-01,38.97856903076172,39.14234449355741,38.51999862347254,38.81479356796603,5116745
2012-08-02,38.68376922607422,39.06045185463949,38.618257272109304,38.683769226074226,5172210
2012-08-03,38.74928283691406,38.994946038912815,38.22520489347183,38.438112113331975,3992386
2012-08-06,39.45352554321289,39.666432788110995,38.84755535181489,38.96219908143523,3989076
2012-08-07,38.831172943115234,39.58454280755123,38.58550972610888,39.38801134540731,5499481
2012-08-08,38.962196350097656,39.076835628987105,38.74928467743072,38.896684382708735,5783459
2012-08-09,38.99496078491211,39.388023833825024,38.765677708625894,39.01134100352257,4304923
2012-08-10,39.15872573852539,39.813832124008805,38.7165354812983,38.96219870984419,4906011
2012-08-13,39.273372650146484,39.38801638796528,38.68378263092803,38.97857764053726,2775124
2012-08-14,39.322509765625,39.600929040325795,38.863939194603574,38.863939194603574,3520379
2012-08-16,39.33888244628906,40.12500390923781,38.896687735038356,39.30612645977151,3368688
2012-08-17,38.536380767822266,39.63367743862004,38.07781028467089,39.42077019030274,4100386
2012-08-21,39.15872573852539,39.388013195579305,38.176072824341844,38.3398483100391,2904667
2012-08-22,38.962196350097656,39.175103580070484,38.71653313643037,38.83117241531981,1988035
2012-08-23,38.47087860107422,39.06046866979856,38.257966880378376,39.06046866979856,4652302
2012-08-24,38.35623550415039,38.76567429290168,38.0614404647885,38.32347951251125,5080546
2012-08-27,38.74928283691406,38.88030676546852,38.24158066319419,38.25795643291655,1296282
2012-08-28,39.797462463378906,40.28878905076147,38.71654574821549,38.81480928861378,4356311
2012-08-29,38.99496078491211,40.25603325392083,38.74929749001543,39.961238188583934,6345767
2012-08-30,39.87934494018555,40.28878370871527,38.7165406146391,38.96220387575694,9698034
2012-08-31,39.1259765625,39.86296629272247,38.91306486405779,39.86296629272247,6414695
2012-09-03,39.813846588134766,39.96124191319348,39.322515509851044,39.33889572998824,3891463
2012-09-04,40.59994888305664,40.84561208326191,39.63367185183835,39.63367185183835,8607402
2012-09-05,40.619808197021484,41.19914516104889,40.47083403878347,40.71912130908093,5181748
2012-09-06,40.09014129638672,40.60326669849327,39.494248952812605,40.60326669849327,2059057
2012-09-07,40.35498809814453,40.66948727742966,40.222569045343384,40.55361892242191,1292419
2012-09-10,40.37153625488281,40.719136769215766,40.057037130371626,40.172905465199456,2343064
2012-09-11,40.04047775268555,40.354972318848056,39.79219044196008,40.1397908809159,1345773
2012-09-12,40.189453125,40.35497802221058,39.775640881973544,40.22255900247216,2846913
2012-09-13,40.106685638427734,40.586709576100716,39.89150419711385,39.957715943741036,2572173
2012-09-14,39.72597885131836,40.669471533784986,39.361823229470765,40.38807834916868,13519349
2012-09-17,38.93146514892578,40.0901394129316,38.71628368364044,39.990821781926726,12665195
2012-09-18,38.94801712036133,39.6597732935756,38.73283564801519,38.96457230448044,8408810
2012-09-20,38.65006637573242,39.13009029790253,38.40177906912364,38.40177906912364,6301939
2012-09-21,39.80875015258789,40.057037519566805,38.81560068467221,38.81560068467221,8707245
2012-09-24,39.096988677978516,40.22255702566236,38.89835791305784,39.79219411012589,7593484
2012-09-25,38.865257263183594,39.47770033314462,38.26936937844619,39.32872611688497,11733607
2012-09-26,38.73283767700195,39.047336800086654,38.50110100839738,38.73283767700195,9302273
2012-09-27,38.65006637573242,39.17974686119439,38.4183297601711,38.76593468351309,12478679
2012-09-28,39.89150619506836,39.95771794501174,38.898356886816856,38.898356886816856,8847242
2012-10-01,39.74253845214844,40.05703758019128,39.32872617322395,39.74253845214843,5138030
2012-10-03,38.94801712036133,40.05703485033022,38.832148792128706,39.725985049751465,12133968
2012-10-04,39.06388854980469,39.39493837666489,38.56731380951439,39.16320170180249,7257841
2012-10-05,39.13009262084961,39.42803650843761,39.06388087243016,39.31216819377845,11584935
2012-10-08,39.295616149902344,39.54390346270907,38.74938046960788,39.063879528556235,6807880
2012-10-09,39.79220199584961,39.8915151529161,39.01423396499251,39.428046269687684,5205666
2012-10-10,39.543907165527344,39.94116420912674,39.063883186425954,39.659770996900065,7436554
2012-10-11,39.44458770751953,39.92461166435674,39.26251213225015,39.725980906694794,5476615
2012-10-12,39.709434509277344,39.858404226023445,38.07073619401808,39.39493540145173,2847441
2012-10-15,39.345272064208984,40.04047742660867,39.2128530642637,39.59355937291248,7208908
2012-10-16,39.26252746582031,39.62668324872614,39.146659104420515,39.428052413490995,4006297
2012-10-17,39.64321517944336,39.725977614097104,39.22940300617463,39.52734687289823,2639928
2012-10-18,39.924617767333984,40.0239309162713,39.5273561912837,39.72598697930884,2525746
2012-10-19,39.5273551940918,39.89151088125926,39.39493616879919,39.7259859771059,3153069
2012-10-22,39.26252746582031,39.46115830105545,39.04734593187873,39.21287087954942,4657141
2012-10-23,38.881813049316406,39.279070148563996,38.83215198302864,39.11354523467317,3935245
2012-10-25,38.63351821899414,39.063881115954146,38.434887462647296,38.99766936712193,12050023
2012-10-29,38.05418014526367,38.252806406309155,37.78933764695356,37.78933764695356,2123473
2012-10-30,37.474849700927734,38.18660819032922,37.34243066549625,38.1038457319157,2570824
2012-10-31,37.73969650268555,37.90522144795915,37.42519955568084,37.62382814296372,1852024
2012-11-01,38.71629333496094,38.86526308337868,38.170057453642094,38.170057453642094,4524439
2012-11-02,39.06388854980469,39.16320170180249,38.76594460366064,38.93146951709074,4726469
2012-11-05,38.7493782043457,39.06387724490865,38.6666157715817,39.030771373773185,3632141
2012-11-06,39.610111236572266,39.692873675256564,38.5673054071801,38.96456690892458,4718509
2012-11-07,39.72597885131836,39.92460959870338,39.3949291023932,39.56045397685578,4694784
2012-11-08,39.345272064208984,39.494241755341356,39.1300906280292,39.37837793673269,3005197
2012-11-09,39.57701110839844,40.02392924020193,39.196304733214106,39.29562236814284,5518512
2012-11-12,39.72597885131836,39.97426616301223,39.61011054116464,39.61011054116464,5986709
2012-11-15,39.69287872314453,39.825297743849674,39.279066477097054,39.42804068173424,11277862
2012-11-16,39.42803192138672,39.709425084207496,39.163189448670416,39.659764033595586,7952790
2012-11-19,39.74253845214844,39.85840678827741,39.29562478303047,39.428043814256185,4682624
2012-11-20,40.42119216918945,40.53706050212373,39.759092541165565,39.77564323580597,5826060
2012-11-21,39.759090423583984,40.53705834310733,39.510803076298885,40.42119001634424,8050611
2012-11-22,39.42803192138672,39.94115719641636,39.29561293010319,39.80873820513283,3266009
2012-11-23,39.64321517944336,40.05702735271209,39.34527131271977,39.560452744789615,2809752
2012-11-26,39.8583984375,39.92461018431606,39.411480371865736,39.72597943401754,2935121
2012-11-27,39.24595260620117,40.040475548912866,39.14663948343687,39.89150137461709,7105541
2012-11-29,39.03077697753906,39.41148332488277,38.699727198953234,39.22940774272056,15583782
2012-11-30,39.03077697753906,39.3452760632556,38.83214621235757,39.13009460520481,9986088
2012-12-03,39.378379821777344,39.4280363878652,38.91490656455805,39.11353731905921,5791740
2012-12-04,39.87495803833008,40.05703362702787,39.29562090500964,39.37838335262685,8486828
2012-12-05,39.77565002441406,40.13980578000866,39.39494357135432,39.97428084475214,7991825
2012-12-06,39.74253845214844,39.92461854896556,39.27906959778313,39.89151266862149,3888336
2012-12-07,39.295616149902344,39.874953213118026,39.09698540162705,39.825292158436994,3172271
2012-12-10,39.24595260620117,39.444583341879095,39.063877051083516,39.32871503855453,2674532
2012-12-11,38.89835739135742,39.461143802726305,38.832145640555225,39.394932051924116,5034484
2012-12-12,38.81559753417969,39.179753207555294,38.66662333002368,39.04733418727786,6283865
2012-12-13,39.14665222167969,39.31217714024788,38.93147072557119,39.03078388065179,7727857
2012-12-14,38.48454284667969,39.13009166243368,38.319017969835045,39.13009166243368,6097530
2012-12-17,38.51765823364258,38.79905149181037,38.21971427976229,38.50110304777932,3910978
2012-12-18,38.76594161987305,39.030779664916544,38.434891818493526,38.73283574170503,4553554
2012-12-19,38.46799087524414,38.96456548925729,38.153491823642675,38.91490443573637,6136261
2012-12-20,38.3355712890625,38.69972694111067,38.236258152208435,38.69972694111067,2121800
2012-12-21,37.971435546875,38.31903615717031,37.90522376865123,38.26937956857838,3053451
2012-12-24,37.872100830078125,38.38523065492938,37.69002525715818,38.00451983676079,2156093
2012-12-26,38.17005157470703,38.46800000595515,37.9383193939203,38.00452666408055,2963625
2012-12-27,37.5576057434082,38.401783124031084,37.4417396684678,38.18660166694534,7464142
2012-12-28,37.574161529541016,38.20315525568326,37.176902215920904,37.87210545348731,6441596
2012-12-31,37.98797607421875,38.07073852976105,37.54105791626019,37.57416379650723,1528669
2013-01-01,37.690032958984375,38.269370160487604,37.64037413752461,38.120395941183645,6397127
2013-01-02,37.441741943359375,38.00452390453491,37.375530187856256,37.77279174057448,10823940
2013-01-03,37.78933334350586,37.987964072080956,37.45828362593041,37.673465044324615,7768126
2013-01-04,38.05418014526367,38.12038740222894,37.59070914083324,37.905205959329884,7374977
2013-01-07,37.872100830078125,38.12038815141429,37.590709879608745,38.07073158517701,5751436
2013-01-08,38.550758361816406,38.6500715015712,37.739684589935266,37.756235283177695,7147399
2013-01-09,38.2528190612793,38.716292464112925,38.10384931621234,38.65008069509351,8208348
2013-01-10,37.706581115722656,38.63352326980995,37.57416209089601,38.30247346266814,5482985
2013-01-11,37.45829772949219,37.80590275791396,37.358984572886456,37.77279687566176,7053838
2013-01-14,37.09413528442383,37.83899500431097,36.994819906747246,37.44173798375442,10369465
2013-01-15,36.76308059692383,37.44173296753804,36.69687110236808,37.24310223879622,7333310
2013-01-16,37.09413528442383,37.21000135415077,36.54790182974007,36.746532585093235,12729863
2013-01-17,37.292762756347656,37.42518400458768,36.82929400019463,37.11068718826421,8720890
2013-01-18,38.05418014526367,38.21970502290136,37.077581571141444,37.30931595081924,11437257
2013-01-21,37.706581115722656,38.10384268035298,37.47484669973843,37.85555532499662,5767870
2013-01-22,37.574161529541016,38.15349868338392,37.34242711701888,37.77279230888865,5102821
2013-01-23,37.12725067138672,37.93832464170784,36.92862209820498,37.7396938234505,4125262
2013-01-24,36.72998809814453,37.259668737562464,36.6472256385527,37.14380039610373,7597320
2013-01-25,36.74653244018555,36.96171388674051,36.51479805657061,36.51479805657061,5876853
2013-01-28,37.044490814208984,37.16035917386732,36.33273444795275,36.77965269797692,4530765
2013-01-29,37.11069869995117,37.54106171627349,36.812752482794735,36.96172446883519,8933771
2013-01-30,36.91206741333008,37.34243266918766,36.696885907939034,37.07759233903872,6691139
2013-01-31,36.481693267822266,37.06103036663298,36.28306475241784,36.81274303857124,10621030
2013-02-01,36.56446838378906,36.81275579790745,36.38239049775377,36.465152969126564,6533829
2013-02-04,36.81275177001953,36.97827669465412,36.5810173245462,36.59757026602475,4150438
2013-02-05,36.2830696105957,36.729985513902356,36.150648337520394,36.66377599990233,2184943
2013-02-06,36.20029067993164,36.63065344758591,36.08442239936367,36.43202499599337,2852740
2013-02-07,36.94517135620117,37.19345873172449,36.24996580670574,36.24996580670574,5059086
2013-02-08,36.82929611206055,37.34242370763041,36.614114658309454,37.07758344103871,5162866
2013-02-11,37.259666442871094,37.32587595745188,36.53135729233198,36.912063684977916,3760946
2013-02-12,37.35897445678711,38.18659883823279,36.87895051948876,36.97826589427721,9796530
2013-02-13,36.38238525390625,38.070740324596436,36.1837566982856,38.070740324596436,7821046
2013-02-14,34.99197006225586,36.54790356967949,34.37952707498938,36.415484556523225,14843823
2013-02-15,35.51639938354492,35.71810246967966,34.79363417119673,35.16342012270949,8479053
2013-02-18,36.39044952392578,36.7770445146883,35.381938473448514,35.381938473448514,8321446
2013-02-19,36.44086456298828,36.524907128384285,36.03746070504757,36.39043993567088,8484570
2013-02-20,36.3568229675293,36.86107837335797,36.10469526461496,36.47448347414288,7964693
2013-02-21,35.919803619384766,36.62575982319699,35.75171620346692,36.23916492204748,6464828
2013-02-22,36.65938186645508,36.81065804993628,35.97023227526201,36.17193537310416,14054231
2013-02-25,37.667884826660156,37.735118418449304,36.72660770221105,36.81065026189757,15983553
2013-02-26,37.298095703125,37.61745696584804,37.04596803048045,37.61745696584804,17614848
2013-02-27,36.608943939208984,37.60064787883595,36.508094700426696,37.48298739385644,9561570
2013-02-28,35.062564849853516,36.97873712489814,34.306181777009726,36.844269934979415,11505348
2013-03-01,36.289588928222656,36.64256816397183,35.062566087742255,35.53320582867466,9664596
2013-03-04,36.457672119140625,36.81065133608452,35.73490471686497,36.3063959632505,5835406
2013-03-05,36.508113861083984,36.64258110323328,35.80215514029686,36.49130488586499,4342564
2013-03-06,36.188743591308594,36.642574440697,36.087894317934214,36.50810722299721,2348098
2013-03-07,36.373626708984375,36.575329754245004,36.02064751967839,36.02064751967839,3784471
2013-03-08,36.97874069213867,37.02916532327241,36.32320908839676,36.60895246448905,5865486
2013-03-11,37.11320495605469,37.23086545911683,36.642567503407115,36.96192879483229,3872022
2013-03-12,36.72660827636719,37.18043901768939,36.340013407685596,37.18043901768939,5729772
2013-03-13,36.91150665283203,37.0627828242394,36.57533636979314,36.676187910664936,4784709
2013-03-14,36.861083984375,36.978744508898934,36.55853160674331,36.8442772921295,4923712
2013-03-15,36.6425666809082,36.995545902370964,36.45767258587529,36.7770338701319,4917271
2013-03-18,36.55852127075195,36.64256382742219,36.47447871408172,36.60894589283399,3593844
2013-03-19,36.003849029541016,36.77703889287466,35.31469718129874,36.625762714387676,5195989
2013-03-20,35.07937240600586,35.93660697667073,34.8944783174624,35.818946480379346,5025753
2013-03-21,34.1549072265625,35.3987367711771,33.9027795237433,34.961717243464264,4921271
2013-03-22,34.44065475463867,34.69278247126675,33.90278138057849,34.17171806760858,8653798
2013-03-25,34.9281005859375,35.146610357810566,34.625548243374695,34.76001544455802,4166875
2013-03-26,35.29788589477539,35.398735147436675,34.7936305122672,34.7936305122672,3767435
2013-03-28,35.56682205200195,35.768525127003315,34.99533304589885,35.281078688850684,4534130
2013-04-01,35.465972900390625,35.785334203597614,35.21384519578503,35.38193033218876,1691135
2013-04-02,35.8021354675293,36.18873028613113,35.33149581901394,35.617241401319696,4652635
2013-04-03,35.70128631591797,35.83575349308517,35.48277430327097,35.58362582604649,2361750
2013-04-04,35.12980651855469,35.78533816717572,34.89448547768488,35.55001940610674,3713922
2013-04-05,35.18022537231445,35.297885873415346,34.877673054912805,34.877673054912805,8205260
2013-04-08,35.012142181396484,35.634058099097906,34.79363241560981,35.29788782570267,3096875
2013-04-09,34.72639465332031,35.70128976116264,34.55830952574065,35.14660747226947,2293912
2013-04-10,35.16342544555664,35.23065905784544,34.59193632140025,34.81044613128912,1905585
2013-04-11,34.81044006347656,35.23065291678552,34.67597286233795,35.23065291678552,3329986
2013-04-12,35.465972900390625,35.5836311279929,34.64235390817186,34.64235390817186,1819318
2013-04-15,34.978519439697266,35.29788297941561,34.84405226072132,35.29788297941561,2619515
2013-04-16,35.93661117553711,36.272781455876256,34.961718274473824,34.97852496465029,2546545
2013-04-17,35.93661117553711,36.35682402596104,35.71810140523691,35.93661117553711,3775629
2013-04-18,35.97023391723633,36.272786298009684,35.38193584810962,35.684488228882984,5080676
2013-04-22,36.77702713012695,37.18043318346803,35.71809193960667,35.71809193960667,5577118
2013-04-23,36.87788391113281,36.978735438873805,36.541713671863064,36.64256519960406,2951714
2013-04-25,36.92831039428711,37.75192701515687,36.306394546801606,36.67618271770655,7103973
2013-04-26,37.079593658447266,37.214060866502614,36.81065696253583,37.06278468749016,3417359
2013-04-29,37.13002014160156,37.449381486496435,36.82746776850133,36.82746776850133,5263605
2013-04-30,37.71831130981445,38.03767259640556,36.81065207641851,37.04597079918036,5652599
2013-05-02,38.625972747802734,38.82767582442543,37.398952157783015,37.415761127468336,7787838
2013-05-03,37.65108871459961,38.726835669737504,37.53342817894355,38.28981147438675,3489204
2013-05-06,37.6847038269043,37.97044723802831,37.247681944231225,37.49980969041173,1570856
2013-05-07,37.88639831542969,38.23937755696919,37.113206233914724,37.61746164188528,4295563
2013-05-08,38.5755500793457,38.71001728406209,37.86959155508294,37.86959155508294,4623152
2013-05-09,38.15532684326172,38.72681800746217,37.92000815907334,38.65958214357971,3439496
2013-05-10,37.76874542236328,38.508317389412426,37.65108489863221,37.936830582092874,3388720
2013-05-13,37.71831130981445,37.98724797002818,37.44937464960073,37.51661052450449,3486486
2013-05-14,38.44108963012695,38.71002408682129,37.75193995529525,37.75193995529525,5187764
2013-05-15,38.239376068115234,38.861291958984786,37.98724837394658,38.52512170009324,7598979
2013-05-16,38.289798736572266,38.74362947478339,38.05448002334442,38.071288991389345,7843384
2013-05-17,39.01256561279297,39.29831124310881,38.239375845680364,38.32341840991438,4225774
2013-05-20,38.42427062988281,39.02937987484863,38.32342136885581,38.995761934639205,6051683
2013-05-21,37.88639831542969,38.625972457826386,37.60065495212671,38.357038064082545,3901355
2013-05-22,37.869590759277344,38.02086921115512,37.617463045881905,37.98725127078214,4300192
2013-05-23,36.84427261352539,37.936826020394086,36.64256953418323,37.70150500122803,5416658
2013-05-24,36.6425666809082,37.24767359201574,36.34001436525465,37.24767359201574,4295474
2013-05-27,37.701515197753906,37.88640935718948,36.642579444315686,36.70981306234647,1976291
2013-05-28,37.81916427612305,38.22256814183676,37.61746120336592,37.76873964783403,3947350
2013-05-29,38.15532684326172,38.306605257197184,37.71830512702611,37.97043277718511,4123634
2013-05-30,38.457889556884766,38.65959264371555,37.70150640097039,38.054485663023904,4814631
2013-05-31,38.088096618652344,38.65958555345959,37.869584601361154,38.642778865806655,8210037
2013-06-03,37.449378967285156,38.12171955543601,37.197251246728584,38.10491286457281,2337051
2013-06-04,38.05448913574219,38.273001213049625,37.38214849135175,37.38214849135175,6339450
2013-06-05,37.8023567199707,37.95363289029362,37.634271579656215,37.83597465995385,2941759
2013-06-06,37.667884826660156,37.85277891393057,37.55022433117889,37.55022433117889,3741327
2013-06-07,37.19724655151367,37.88639602334069,37.130012957145276,37.33171602005089,3373193
2013-06-10,36.97874069213867,37.48299612267871,36.91150709069347,37.31491097916536,4178032
2013-06-11,36.2559700012207,37.60065094586973,36.0710759153714,36.76022535546409,4988953
2013-06-12,36.306400299072266,36.77703779133549,36.037463612150134,36.306400299072266,1985386
2013-06-13,35.55000686645508,36.44085696191309,35.41553742198971,36.054262153650185,3320850
2013-06-14,36.676185607910156,36.81065280076279,35.63405688400057,35.71809944948358,5440747
2013-06-17,36.373626708984375,36.79383948677716,35.970222898263344,36.65937230980356,1761508
2013-06-18,36.44086456298828,36.87788635900759,36.08788761216547,36.30639737027487,2599492
2013-06-19,36.1383056640625,36.37362434839461,35.91979594571127,36.28958179829028,3158484
2013-06-20,35.58363342285156,36.07108217369939,35.48278187854509,36.03746423233032,3936637
2013-06-21,36.03746795654297,36.18874414873562,35.297893688200375,35.51640349027854,8100913
2013-06-24,35.60044479370117,36.474488530217236,35.31469911220145,35.835763559747534,7726193
2013-06-25,34.659156799316406,35.97022200121381,34.30617761881325,35.7012853741733,5865050
2013-06-26,35.634056091308594,35.76852328116995,34.440651232037375,34.558309453215955,9917951
2013-06-27,35.81895065307617,36.30639938323938,35.5836319128805,35.80214396290554,10124040
2013-06-28,37.41575622558594,37.68469286591562,35.97022377863912,35.97022377863912,13955319
2013-07-01,37.95363235473633,38.08810183297082,37.146824604531766,37.146824604531766,4880398
2013-07-02,37.43257522583008,37.92002173468646,37.18044748540772,37.68470296625244,4836103
2013-07-03,36.407257080078125,37.230873949944694,36.23917191154205,37.230873949944694,3203552
2013-07-04,36.188743591308594,36.8106596027222,35.71810604955841,36.474489278671804,5239017
2013-07-05,36.17192077636719,36.608940179003305,35.90298418103734,36.30638793413216,2878063
2013-07-08,35.398738861083984,36.13831532352461,35.230653715947604,36.13831532352461,5074736
2013-07-09,36.92831039428711,36.97873501768309,35.58362717272382,35.73490332271209,5626482
2013-07-10,36.3568229675293,37.34852708949946,36.255973710204,37.13001504576004,6811029
2013-07-11,37.09640121459961,37.44937819223303,36.69299504621742,36.96193173187199,5779104
2013-07-12,37.079593658447266,37.230869837459714,36.32321048358426,37.214060866502614,3580274
2013-07-15,36.99554443359375,37.298096737235525,36.659374194080506,36.96192649772229,2918182
2013-07-16,37.04597091674805,37.28128964025669,36.40724834153881,36.40724834153881,2477162
2013-07-17,37.281288146972656,37.71830991872713,36.91150224764223,37.01235377647794,9890923
2013-07-18,37.314903259277344,37.55022195555202,37.06277559616871,37.16362711737221,5820812
2013-07-19,37.43257522583008,37.583851414123316,37.18044748540772,37.583851414123316,4552788
2013-07-22,37.36534118652344,37.58385327358088,37.07959776778817,37.214064990745825,2515956
2013-07-23,37.0291633605957,37.73512183785372,36.70980206080775,37.73512183785372,5415186
2013-07-24,36.97874069213867,37.19725046678575,36.55852783335531,36.67618834573492,2594203
2013-07-25,37.0291633605957,37.567036703249485,35.73490691222285,37.18044180557995,4206471
2013-07-26,36.42405700683594,37.23086470351487,36.32320547480096,37.14682214011913,5399927
2013-07-29,36.34001159667969,36.86107362507459,36.08788392624334,36.709797478772835,2056881
2013-07-30,35.482784271240234,36.373636979585704,35.18023189771966,36.34002131575057,1322467
2013-07-31,33.98682403564453,35.297889533187224,33.02873779820182,34.99533490461552,6050144
2013-08-01,34.57512283325195,34.944911072251706,33.28086627655355,33.88597326773463,4448345
2013-08-02,30.709165573120117,33.73469836344498,29.095547628986697,33.28086753297592,31014744
2013-08-05,31.36469268798828,31.8689480801527,29.482138311987594,30.91086192312011,15799229
2013-08-06,31.448741912841797,32.104273605508894,31.07895591483006,31.26384777393544,14382559
2013-08-07,31.36469268798828,31.919374987249434,31.112564991906073,31.600011415038242,5717703
2013-08-08,32.27234649658203,32.60851670134434,31.431920984676257,31.532772502064972,6778874
2013-08-12,31.96979522705078,32.74298717821775,31.8017101193971,32.44043261656102,9452703
2013-08-13,32.32278060913086,32.44043883917714,31.600013139701094,31.919376729342485,2256717
2013-08-14,32.64214324951172,32.995122513639714,32.12107883863712,32.27235501474892,9066232
2013-08-16,32.9446907043457,33.29766991600161,32.1042650955461,32.642138397097995,16654810
2013-08-19,32.4404411315918,32.843847319687626,31.85214310038629,32.64214422563971,5042098
2013-08-20,32.42362976074219,32.608521577167515,31.885756440776383,32.440436449653255,5439143
2013-08-21,32.81023025512695,33.23044314580067,32.49086891417509,32.59172046389695,17512680
2013-08-22,32.97830581665039,33.19681554430692,32.28915642048724,32.60851766852377,11299648
2013-08-23,32.87746810913086,33.011937619399134,32.4740641379283,32.87746810913086,19297499
2013-08-26,32.927886962890625,33.09597209969332,32.67575925768658,32.843844394489274,24410353
2013-08-27,32.1715087890625,34.70959520061237,31.86895412846264,32.94469871328219,13466053
2013-08-28,31.549585342407227,32.541287112272435,30.978096380095103,31.936180213435915,11398478
2013-08-29,32.70936965942383,33.11277346694658,31.515964923993856,31.515964923993856,15533827
2013-08-30,32.827030181884766,33.06234887986454,31.532773923295707,32.57490251694925,8242572
2013-09-02,33.2808723449707,33.44895752429175,32.67576752325586,32.8438527025769,15403306
2013-09-03,32.15469741821289,33.617039135857674,31.650441967963072,33.44895170597364,4877060
2013-09-04,32.39000701904297,32.57490108784417,31.650433023638282,31.801709160002858,4850453
2013-09-05,32.72681427001953,34.17264507446803,32.318577844261334,33.186076788350086,9746210
2013-09-06,33.662349700927734,34.15563265895464,32.35259625059251,32.64176331586594,7041237
2013-09-10,34.78499221801758,35.227244434799026,33.76440361293551,33.76440361293551,8723482
2013-09-11,33.67936325073242,35.006127157060256,33.35617796959692,34.66593163858109,5150080
2013-09-12,33.67936325073242,34.240687240482146,33.42421661187305,33.849461009972,5409563
2013-09-13,33.934505462646484,34.08759295416336,33.492250914965915,33.50925884183597,6331674
2013-09-16,34.88704299926758,35.3633179073016,33.74738988020615,33.934497797394606,14084730
2013-09-17,34.54685974121094,34.88705523464763,33.52627326090086,34.716957487929285,5923058
2013-09-18,34.1556282043457,34.529844086235364,33.645335078367715,34.1896486689167,4635243
2013-09-19,34.1556282043457,35.431361019290684,33.76440209017055,34.97209628307136,10203659
2013-09-20,34.56386184692383,34.887047028246904,34.18964827642788,34.27469712978121,15290056
2013-09-23,33.764404296875,34.325728156395336,33.62832704389321,34.05357134333378,3730187
2013-09-24,33.73038101196289,33.96851732204602,33.35616516247681,33.52626285640728,8304198
2013-09-25,34.18964767456055,34.308714682900494,33.40719777606448,33.67935225632593,5150528
2013-09-26,33.781410217285156,34.104597689275934,33.526263670196236,34.019548840246294,6791644
2013-09-27,33.662349700927734,34.15563265895464,33.52627013199395,33.781416728259394,4575709
2013-09-30,33.356170654296875,33.66234793803987,32.91391611584455,33.40720135513638,5763141
2013-10-01,33.67936325073242,33.74740420010706,33.305149564664454,33.42421661187305,4024187
2013-10-03,33.98552703857422,34.104596345362786,33.543272579627875,34.01954749968455,11166670
2013-10-04,33.3221549987793,33.849456130735255,33.23710613141889,33.849456130735255,16408671
2013-10-07,33.356170654296875,33.40720135513638,32.84587748848989,33.18607293236121,3643908
2013-10-08,33.42421340942383,33.61132138807983,33.23710773786612,33.54328275232264,7001377
2013-10-09,33.69636154174805,33.81543085384167,33.16905821362982,33.16905821362982,5815351
2013-10-10,33.764404296875,33.866463390160334,33.42420885732255,33.696365670384104,4045318
2013-10-11,33.662349700927734,33.98553492811101,33.560290601001924,33.86646559368121,2594571
2013-10-14,33.866455078125,33.9855243755837,33.44121088305452,33.67934717087451,3588795
2013-10-15,33.662349700927734,34.070583793532826,33.42421103206814,33.90048606268919,6566169
2013-10-17,33.20308303833008,33.95151255055016,33.01597508350056,33.59430687443889,7117518
2013-10-18,33.84944534301758,34.01954533062621,33.015967169932274,33.50924998199521,15690831
2013-10-21,33.84944534301758,34.0025351011556,33.696357891977,33.84944534301758,2023039
2013-10-22,34.68293380737305,35.2442553594398,33.78141450887138,33.78141450887138,9232804
2013-10-23,34.223655700683594,35.142182567422175,34.12159664724662,35.00610536757093,3579487
2013-10-24,33.67936325073242,34.546862284273985,33.4072086816279,34.35975659478925,7207079
2013-10-25,34.08758544921875,34.27469336747694,33.441212850426574,33.88346730073752,5281406
2013-10-28,33.59430694580078,34.325728533124796,33.44121945774162,34.12161034431391,5287076
2013-10-29,34.1556282043457,34.34273614529053,33.339157818522224,33.54327599175255,7086272
2013-10-30,34.070587158203125,34.27470537821261,34.01955875674993,34.24068490584491,3289474
2013-10-31,34.46179962158203,34.87003592616083,33.62832139607923,34.342732621994536,8249061
2013-11-01,33.305137634277344,34.665919220742126,33.20307855387294,34.461801059933336,9616570
2013-11-05,32.369598388671875,33.3561640579616,32.16548023987518,33.25410498356325,17767298
2013-11-06,32.74381637573242,32.913914087184054,32.420631185393894,32.420631185393894,9564186
2013-11-07,32.33558654785156,32.74382064717012,32.16548881421065,32.62475361788038,9949028
2013-11-08,32.6757698059082,32.81184932623403,31.859301912342413,32.06341773218521,6427427
2013-11-11,32.64175796508789,32.79484543633277,32.046416004726204,32.62474773337229,7123880
2013-11-12,32.43764877319336,32.726815871068894,32.25054078675027,32.64176699605825,5714533
2013-11-13,32.65876007080078,32.74380890712763,32.165477281524545,32.26753634653623,4914428
2013-11-14,32.65876007080078,32.89689865819383,32.57371123447394,32.69278052817046,2329910
2013-11-18,32.77783966064453,32.89690899174301,32.55671353957372,32.76082942661645,4220710
2013-11-19,32.33558654785156,32.77784111673756,32.097450182173915,32.5226945162762,6280476
2013-11-20,31.893327713012695,32.47166177571415,31.8252890900766,32.182494744363424,5017948
2013-11-21,31.774259567260742,32.04641635640372,31.53612324192231,31.978375428794642,4281191
2013-11-22,31.94436264038086,32.046421741847865,31.706226275023294,31.706226275023294,7516975
2013-11-25,32.02940368652344,32.182491147795766,31.876316225251113,31.876316225251113,8325845
2013-11-26,32.06342315673828,32.19950270008632,31.757248221626156,31.8933254578765,7679212
2013-11-27,31.349018096923828,32.216516930215334,31.2469590035193,31.893329416584667,4670852
2013-11-28,32.216514587402344,32.31857136628723,31.17891810959087,31.38303397445846,21937834
2013-11-29,32.35259246826172,32.52269017921928,31.77426071242557,32.097445901825374,19972565
2013-12-02,31.842300415039062,32.21651631467307,31.332007264864284,31.332007264864284,12138526
2013-12-03,31.893327713012695,31.97837656845728,31.706222076712898,31.808278857568112,10819239
2013-12-04,32.52268600463867,32.62474507953258,31.740236173248803,31.842295248142708,21813713
2013-12-05,32.760826110839844,32.87989542988712,32.369602303280786,32.82886473296779,14177075
2013-12-06,33.662349700927734,33.98553492811101,32.64176331586594,32.64176331586594,25973812
2013-12-09,34.46179962158203,34.64890754333105,33.509252089394145,33.849447471811416,30640399
2013-12-10,33.47523498535156,34.52984162676156,32.998960050770606,34.46180070246595,28724268
2013-12-11,33.33916091918945,33.50925864366852,33.04999617183388,33.1690631947104,7491141
2013-12-12,33.3221549987793,33.4072038661397,33.13504702916677,33.23710613141889,9916532
2013-12-13,33.1690673828125,33.390195836814954,33.01597987287132,33.06701058091727,12252500
2013-12-16,33.67936325073242,33.81544284238319,32.93093357149797,32.9989722137741,21800566
2013-12-17,33.577293395996094,33.76439901278977,33.288126394791576,33.47523431868287,18137305
2013-12-18,34.019554138183594,34.59788594023044,32.2335257233215,32.31857458559598,156704650
2013-12-19,33.764404296875,34.35974862318977,32.743817978217635,33.169062277658206,508752991
2013-12-20,33.815425872802734,34.104592841236894,33.424199838621384,33.611307741308345,55032517
2013-12-23,33.91749954223633,33.98553817966373,33.52627333960669,33.679360850592914,27772323
2013-12-24,33.526275634765625,33.917501864178035,33.49225746727227,33.8494609149943,16656973
2013-12-26,33.67936325073242,33.88348148465932,33.11804156808121,33.37318820694058,58569185
2013-12-27,33.951507568359375,34.05356664757144,33.40719632439117,33.67935079282645,17259233
2013-12-30,33.67936325073242,34.087599718586226,33.543285966180164,33.81544284238319,10546799
2013-12-31,33.98552703857422,34.01954749968455,33.62832142530611,33.71337027098434,12881038
2014-01-01,33.84944534301758,33.985524871684994,33.73037835091822,33.96851464221439,3186233
2014-01-02,34.66592025756836,34.83601796096392,34.019549907504306,34.053568063924764,29730385
2014-01-03,34.2576904296875,34.955091560506965,34.070582471599636,34.66592450645317,10720086
2014-01-06,33.98552703857422,34.35974288239749,33.71337027098434,34.35974288239749,6603244
2014-01-07,33.61132049560547,34.019556913505404,33.526271626392685,33.985536442980994,12753362
2014-01-08,33.59430694580078,33.84945352826539,33.509258084979244,33.526268318563154,10653844
2014-01-09,33.62833023071289,33.849456364538014,33.509260892746624,33.59430976069447,12969982
2014-01-10,33.15205383300781,33.84945262750774,32.84587655793907,33.84945262750774,21668655
2014-01-13,33.33916091918945,33.47524048303153,32.930926841859325,32.930926841859325,11775173
2014-01-14,33.15205383300781,33.50925719327443,33.04999474131823,33.305141316993215,6262293
2014-01-15,33.1690673828125,33.8494583666385,33.03299010888664,33.18607761882782,8229009
2014-01-16,33.42421340942383,33.56029298803651,33.22009750215224,33.30514637362331,15169976
2014-01-17,33.084007263183594,33.424202639449824,32.8969016519152,33.33915379538326,11229974
2014-01-20,33.50925827026367,33.64533783258936,32.99896510251286,32.99896510251286,13050752
2014-01-21,33.288124084472656,33.59429898806502,33.237095702906416,33.3901831547026,11629511
2014-01-22,33.373172760009766,33.645329510243755,33.28812391975523,33.30513414922563,12315468
2014-01-23,33.356170654296875,33.49225021610421,33.203083165974384,33.339160420683704,5617086
2014-01-24,33.373172760009766,33.57729089945962,33.25410346081444,33.271113690284835,11973294
2014-01-27,32.845882415771484,33.64534275163707,32.60774603075781,33.13504950927989,12637443
2014-01-28,32.862884521484375,32.998961762940716,32.76082543684323,32.845874289527885,7516995
2014-01-29,32.55671691894531,32.981961278297085,32.45465781128122,32.89691240642673,5177129
2014-01-30,32.52268600463867,32.76082230799275,32.318567854850855,32.5567064653025,28308126
2014-01-31,32.48867416381836,32.65877189807241,32.38661736894447,32.65877189807241,15088682
2014-02-03,32.38661193847656,32.879894823681816,32.30156308561021,32.369601706483735,4482727
2014-02-04,32.43764877319336,32.726815871068894,32.25054078675027,32.33558966176091,8237100
2014-02-05,32.91392517089844,32.947945647484254,32.216526164776994,32.216526164776994,8121381
2014-02-06,32.72681427001953,32.8288710693608,32.403626715111244,32.65877332766098,8396200
2014-02-07,33.1690673828125,33.28813672782138,32.59073550798007,32.72681508900427,6497909
2014-02-10,32.99896240234375,33.33915781967417,32.89690562282289,33.11803172124853,3792896
2014-02-11,32.52268600463867,33.13503814690455,32.48866554397485,33.03297907201064,5013980
2014-02-12,32.55671691894531,32.77784306296891,32.437647575487496,32.624755555021935,5538187
2014-02-13,32.31857681274414,32.624754122290476,32.2845586497489,32.50568478406164,6549052
2014-02-14,32.40362548828125,32.43764595817248,32.30156869280394,32.38661756043383,14754417
2014-02-17,32.505680084228516,32.60773917265442,32.3525926051386,32.3525926051386,4752663
2014-02-18,32.5737190246582,32.6927883468308,32.48867016799145,32.539700866250236,4866082
2014-02-19,32.28456497192383,32.607750272706944,32.16549561037805,32.50569114953895,2804777
2014-02-20,32.35259246826172,32.539700411734614,32.06342543679472,32.182494757304156,5141168
2014-02-21,32.42063903808594,32.55671862446617,32.352600398445034,32.403628801401105,4456386
2014-02-24,32.33558654785156,32.403625179888294,31.995391080569735,32.403625179888294,5118446
2014-02-25,32.42063903808594,32.52269815109651,32.28456175880413,32.352600398445034,4052135
2014-02-26,32.38661193847656,32.72680734994195,32.26754262162456,32.488668716237946,21051173
2014-02-28,32.148475646972656,32.45465292385695,31.723231351659447,32.33558359833006,27401493
2014-03-03,32.216514587402344,32.42063045226993,31.927347561634324,32.01239641543694,15373777
2014-03-04,33.15442657470703,33.30959499074195,32.37858215607389,32.482028546250014,9410466
2014-03-05,33.223384857177734,33.32683123116855,32.895806621588626,33.17166283941141,5385763
2014-03-06,33.654415130615234,33.89578848491019,33.154426967048835,33.223390448496176,7952223
2014-03-07,34.13716506958008,34.29233584059349,33.53373045751082,33.53373045751082,13092149
2014-03-10,34.10266876220703,34.24059567452369,33.688885686799374,34.05094441624501,11546535
2014-03-11,34.08544158935547,34.171646530272504,33.84406822247951,33.93027316339654,7773473
2014-03-12,33.964744567871094,34.05094948551702,33.723371266154096,33.91302255266675,15253272
2014-03-13,34.06819534301758,34.48198087200229,33.82682201008207,33.98199041422215,12326297
2014-03-14,33.913028717041016,34.481982679997806,33.79234087501605,33.895787262686234,11859122
2014-03-18,34.98197555541992,35.15438544536214,33.964755333993786,33.964755333993786,15512927
2014-03-19,35.27505874633789,35.67160275892161,34.94748053660907,34.94748053660907,12921191
2014-03-20,34.24060821533203,35.24058688047734,34.13716182397789,35.068177007706616,6054665
2014-03-21,34.77507400512695,35.464713391430756,34.32680793633784,34.41301285962582,21508819
2014-03-24,35.585411071777344,35.93023086039782,34.82680800450405,34.82680800450405,9956813
2014-03-25,36.412967681884766,36.533655510316294,35.37850859861412,35.37850859861412,14139614
2014-03-26,35.86125564575195,36.72330483546156,35.72332637232356,36.55089499751964,6805235
2014-03-27,36.37849426269531,36.68883111326421,35.86126461944137,35.86126461944137,20892387
2014-03-28,37.05088424682617,37.326740464062226,36.13711067338538,36.3267619688888,6967406
2014-03-31,36.20607376098633,37.34397911004563,36.0509030427607,36.96467654753987,6602071
2014-04-01,37.24053955078125,37.74052768295599,36.24056094797335,36.37849024066673,13292951
2014-04-02,37.37846755981445,37.61984324422473,36.98192580135496,37.292262626370345,8823613
2014-04-03,37.481910705566406,37.79224984219687,36.86123477076376,37.27502028627104,6355761
2014-04-04,36.757781982421875,37.49914561971873,36.67157707146581,37.49914561971873,7240495
2014-04-07,36.861236572265625,37.32674413073271,36.48193394399922,36.79227309579675,6247841
2014-04-09,36.80950927734375,37.03364112838004,36.39572380087975,36.91295564645975,6654828
2014-04-10,37.17158508300781,37.30951207067238,36.61987245543156,36.86124585307405,9464658
2014-04-11,37.11986541748047,37.223311840580664,36.94745549179989,36.96469695205981,6290384
2014-04-15,37.188819885253906,37.30950539324611,36.82675868436017,36.98192710232647,9004170
2014-04-16,37.137088775634766,37.30949861727587,36.44744940907035,37.154330227490505,10220793
2014-04-17,36.964683532714844,37.068129918260745,36.60262235253341,37.05088846426003,10918544
2014-04-21,36.533660888671875,37.309505315341916,36.46469740732625,36.82675860746398,4950498
2014-04-22,36.533660888671875,36.723312216216264,35.981948360989755,36.61986582496854,8749084
2014-04-23,36.412967681884766,36.87847520473984,36.27504073949863,36.516414057903475,11101407
2014-04-24,36.412967681884766,36.412967681884766,36.412967681884766,36.412967681884766,0
2014-04-25,36.37849426269531,36.65434820166381,36.06815507366775,36.34401135109491,5635586
2014-04-28,36.58537292480469,36.72330218829055,36.137106910776986,36.29227762450582,4189566
2014-04-29,36.412967681884766,37.0336435995388,36.25779928708581,36.826753185959596,8984063
2014-04-30,36.481937408447266,37.20605982628154,36.171600565637505,36.46469829153676,9560866
2014-05-02,36.0509033203125,36.706062084370274,35.89573493935024,36.41296443486311,2642603
2014-05-05,36.24056625366211,36.412976140926155,35.84402444833831,35.96470996634788,1955739
2014-05-06,35.344032287597656,36.25780365245303,35.17162241962808,36.17159871846824,4306301
2014-05-07,35.344032287597656,35.74057404854429,35.17162241962808,35.41299576709379,6851875
2014-05-08,35.706092834472656,36.10263695270104,35.34403396531704,35.65437080701003,6511390
2014-05-09,36.843994140625,36.981921081147796,35.706086358250104,35.792291280691394,19808139
2014-05-12,38.44740295410156,38.96463246441908,36.70606313500762,36.70606313500762,8560913
2014-05-13,38.91291427612305,39.75771975325107,38.654299495527745,38.75774353699922,14210275
2014-05-14,38.61982727050781,39.30946687616267,38.4474173690941,38.94740561550208,8786547
2014-05-15,39.46461868286133,39.861160330064514,37.3267350624993,38.46464033239507,17562208
2014-05-16,41.20596694946289,43.32660734640687,40.36115674305353,40.36115674305353,35379329
2014-05-19,42.15421676635742,43.17143673010515,41.48181649514568,41.48181649514568,25035487
2014-05-20,43.067996978759766,43.99901221312025,42.395601244537076,42.740421008830985,22538200
2014-05-21,42.91282653808594,43.39557322374618,42.412836059809706,42.75765578912658,10213784
2014-05-22,43.240394592285156,43.77486788144472,42.4645503427546,42.79213089665614,17055437
2014-05-23,45.11967468261719,45.51621646066447,41.395618567726224,43.44729795580855,22941667
2014-05-26,44.18865203857422,46.48170181698225,42.41282706756408,45.41275994735054,23747350
2014-05-27,43.75762176513672,44.309334137515165,42.75764572096593,43.30935809334438,11091241
2014-05-28,43.05076217651367,43.79212380867261,42.861113157909465,43.79212380867261,13246147
2014-05-29,43.11970901489258,43.79210452035508,42.895572502822624,43.395562861710665,14803509
2014-05-30,42.068016052246094,43.61970482390884,41.43009862184581,43.27488509687268,69911271
2014-06-02,43.171451568603516,43.56799341593238,42.13699213544057,42.171475051929605,13367356
2014-06-03,43.18867874145508,43.636947177975635,42.60248803096673,43.102473812537674,18372713
2014-06-04,42.84386444091797,43.4128161083006,42.688698355404874,43.18868420017015,23251745
2014-06-05,43.75762176513672,44.309334137515165,43.27487519314901,43.34384099353974,19424103
2014-06-06,44.171409606933594,44.274858313124724,43.4645311607498,44.10244380280618,14951210
2014-06-09,47.36100769042969,49.17131155905988,44.18866847917118,44.430039522171285,41900147
2014-06-10,46.87824630737305,48.61958380525688,46.37825590501391,48.0678760636531,22963428
2014-06-11,46.11964797973633,47.292038796619885,45.36104738418937,46.87825325220017,14529763
2014-06-12,47.05066680908203,47.42996947508423,45.58518284987321,46.0679295716409,15766959
2014-06-13,45.99895477294922,47.75753126046962,44.8265642120478,47.343750483312526,10439654
2014-06-16,45.4472541809082,45.86103506538852,44.70589267057852,45.86103506538852,11540459
2014-06-17,46.033443450927734,46.48171190746157,45.18863791597017,45.18863791597017,16756330
2014-06-18,46.188602447509766,47.06789066721324,45.343792450605854,46.20584155890955,13262126
2014-06-19,45.240360260009766,46.55067337654904,45.067950393258975,46.20585364304745,4904553
2014-06-20,45.619659423828125,45.98171824563168,45.05070784231542,45.48173247632756,9100975
2014-06-23,45.30933380126953,46.03345162352825,45.08519719475181,45.51622193510473,9955400
2014-06-24,45.65414810180664,46.0506898798477,45.48173822640468,45.84379709398191,10866416
2014-06-25,45.65414810180664,45.947241148456214,45.30932835100272,45.516216459951316,14393130
2014-06-26,45.70586395263672,46.033439865483544,45.37828336287333,45.87827380474028,19577916
2014-06-27,47.08514404296875,47.37824173485548,45.343801683475085,45.86103125377518,21315448
2014-06-30,47.998924255371094,48.34374403289099,47.34376761346681,47.51617750222675,33365772
2014-07-01,48.2747688293457,48.843725093268986,47.74030014877633,48.274768829345696,17681327
2014-07-02,48.723045349121094,49.223035883187755,48.4816696408991,48.4816696408991,15633096
2014-07-03,48.44717788696289,48.96440744425609,47.981675026932265,48.87820251804056,10773481
2014-07-04,49.72300720214844,50.44712943817558,48.11959668610581,48.41269433841632,11771805
2014-07-07,50.360939025878906,50.67127588015174,49.67129949330933,50.171290025189236,13259170
2014-07-08,47.498924255371094,50.48161847892474,46.89548976478894,50.343691530746426,14948074
2014-07-09,46.96445846557617,48.06788347269478,46.136892048695664,47.58513210900732,8629784
2014-07-10,47.42995834350586,48.18855882055321,44.82656699729361,47.24030471655691,17933570
2014-07-11,45.75758361816406,47.87822375452476,45.0679442452392,47.34375511127452,11319671
2014-07-14,46.188602447509766,47.136856466643835,45.42999736143622,45.75757789335792,7915363
2014-07-15,46.602378845214844,46.860993527511475,45.89549590745515,46.361003270972056,9737615
2014-07-16,46.9817008972168,47.3092815347082,45.96448542774896,46.67136405359809,6411041
2014-07-17,47.826507568359375,48.06788324908022,46.792048382841884,46.9127362232023,8924449
2014-07-18,47.27478790283203,47.636851369042255,46.861007097484,47.53340266001811,5148178
2014-07-21,47.20583724975586,47.58513523627049,47.03342737337022,47.27479839415979,4656631
2014-07-22,46.80928421020508,47.51616741013448,46.42998627702739,47.240308840558406,6944595
2014-07-23,46.998939514160156,47.654096040060274,46.61963689066533,47.05066153624656,7269605
2014-07-24,46.42998504638672,47.06789774086834,46.20584850301054,46.964453703091976,5942240
2014-07-25,46.481712341308594,46.757566257968065,45.55069718797819,46.37826361487357,8230977
2014-07-28,45.93000030517578,46.75756674061354,45.58518056733362,46.55067396252485,5386124
2014-07-30,46.447227478027344,46.87825212774363,45.86103208364648,45.86103208364648,8577572
2014-07-31,45.89551544189453,46.42998881894357,45.654144441832194,46.27481807275457,19081582
2014-08-01,44.75761413574219,45.86103449078169,44.56796047376249,45.86103449078169,10682255
2014-08-04,45.6713981628418,46.447242788066674,44.25763591038169,45.171407533596216,23311942
2014-08-05,45.6713981628418,46.22311083171871,45.171407533596216,45.86104720046278,16126934
2014-08-06,46.223087310791016,46.51618495544827,45.29207236350703,45.46448219249178,9867110
2014-08-07,46.37824630737305,47.01616351312081,46.154114499114435,46.46445120877369,11406313
2014-08-08,45.481727600097656,46.25757185813897,44.981737207482375,46.11964024850985,5755079
2014-08-11,45.49898147583008,46.13689900814253,44.82658102992174,46.13689900814253,7165189
2014-08-12,45.60240936279297,45.82654588319775,45.20586768940259,45.550687349205695,4457748
2014-08-13,45.619659423828125,46.292055046737104,45.1196689776074,45.51621070551525,7838517
2014-08-14,45.93000030517578,46.205854224682696,45.70586841096178,46.03344435576162,4598772
2014-08-18,46.481712341308594,46.654122208450005,45.63690212154889,45.7231070551196,5649943
2014-08-19,47.08514404296875,47.55065159162218,45.99896288072189,46.58515358757865,7522151
2014-08-20,47.27478790283203,47.447197740956085,46.99893403260001,47.13686096771602,11632976
2014-08-21,47.05066680908203,47.27479871451875,46.757569081856815,47.13687174785902,5097954
2014-08-22,46.25757598876953,47.205830166606724,46.17137106351161,47.06789854466083,3969492
2014-08-25,45.6713981628418,46.378276950612694,45.516227367029494,46.274832871350036,7109144
2014-08-26,45.17138671875,45.86102606783272,44.96449865555812,45.49896728033075,7855848
2014-08-27,44.65415954589844,45.585174586692624,44.085207988487056,45.067945047788385,14179712
2014-08-28,44.550724029541016,44.930026699331854,43.94728945207473,44.671411880417736,24486863
2014-09-01,45.65414810180664,45.792075066744765,43.861083526859396,44.13693745673565,7250215
2014-09-02,45.68861389160156,45.947228634268185,45.25758932049053,45.44724293792894,8985537
2014-09-03,45.77483367919922,46.03344850589619,45.30933073267862,45.912765328304886,8220774
2014-09-04,46.718605041503906,46.8404909916068,45.46488117069861,46.00467665224637,8542895
2014-09-05,46.82307815551758,47.18874543799139,46.31810455254982,46.89273131576454,5566453
2014-09-08,46.35293197631836,47.25839945836334,45.88278494491719,47.01461811659113,6820385
2014-09-09,46.68376922607422,47.01460987646041,46.49222542724481,46.52705200189819,6490318
2014-09-10,47.415103912353516,47.57181639817002,46.5792850938871,46.5792850938871,5594235
2014-09-11,48.00715255737305,48.12904323554259,47.11910067440689,47.55442115106275,6309287
2014-09-12,47.066856384277344,48.02456129501054,46.89272821868949,47.81560655159936,7528757
2014-09-15,47.624061584472656,47.815605396107806,46.61411919317471,46.68377234713816,3929071
2014-09-16,47.345462799072266,47.98973800053288,46.84048919490686,47.449937816161395,6434969
2014-09-17,47.415103912353516,47.57181639817002,46.59670074132977,47.5369898268126,5122756
2014-09-18,47.55442810058594,48.02457522878667,47.066870040186366,47.29323577642222,16935401
2014-09-19,47.65888977050781,48.45988217401578,47.2758068578326,47.2758068578326,17128011
2014-09-22,47.71111297607422,47.850419246951695,47.17131770877001,47.64146456416291,7010679
2014-09-23,47.5369987487793,48.19868955817576,47.27580649986874,47.885255080660045,10349414
2014-09-24,47.310646057128906,47.85044635375203,47.13651784341759,47.397710163984556,6457902
2014-09-25,47.362884521484375,47.72855661169179,47.1016921957063,47.362884521484375,16106351
2014-09-26,47.71111297607422,47.850419246951695,47.03201616141996,47.38027239155879,5236288
2014-09-29,48.59918212890625,48.79072121703869,47.536997510227366,47.711125671630924,8073293
2014-09-30,47.101688385009766,48.4250655626708,46.701194462590834,48.390238977345284,12952693
2014-10-01,47.345462799072266,48.05938643741593,46.910142355319024,47.362873727410744,7924373
2014-10-07,47.798194885253906,47.97232306535662,46.997207146193084,47.34546350639852,8847590
2014-10-08,48.024559020996094,48.33798875950724,47.641476130136446,47.71112455895638,4593053
2014-10-09,48.07679748535156,48.37281630346222,47.81560524411192,48.11162406222258,9248781
2014-10-10,47.38029861450195,48.00715828628055,47.25840792178666,47.88526759356526,11619666
2014-10-13,46.962371826171875,47.48475626926876,46.857896826963824,46.962371826171875,10406480
2014-10-14,47.38029861450195,47.58925341293817,46.788260806187694,47.06686877861266,14165351
2014-10-15,47.38029861450195,47.38029861450195,47.38029861450195,47.38029861450195,0
2014-10-16,46.648956298828125,47.415122271235056,46.14398262744223,47.36288003220705,11263977
2014-10-17,46.70118713378906,47.188745081244576,46.492232378156956,46.99720597730711,5532569
2014-10-20,47.04944610595703,47.537004080569226,46.492234967744814,46.492234967744814,7878465
2014-10-21,48.738494873046875,49.05192469063401,47.066866030228965,47.27581609293388,6706899
2014-10-22,48.686241149902344,49.27827400303034,48.390222361574246,49.10414585972301,11612786
2014-10-27,49.46983337402344,50.63649324629738,48.808147165780355,49.06933946299707,11023074
2014-10-28,49.62654495239258,49.76584655023217,48.68625090079935,49.36534796159078,7011349
2014-10-29,49.64396667480469,50.14894039073908,48.755909938871454,49.93998558678243,13392055
2014-10-30,50.30564498901367,50.56683727173716,49.31311336995855,49.452414976038526,15543181
2014-10-31,50.77579116821289,50.96733028283318,50.09668935541486,50.305644122701125,12145111
2014-11-03,50.44495391845703,52.238478299024,50.340478879612206,51.01958080269388,13632949
2014-11-05,49.60913848876953,50.81062503016768,49.46983686512931,50.392715435717015,5298871
2014-11-07,50.462364196777344,50.671318975731275,49.487243469502204,49.487243469502204,4488647
2014-11-10,51.57676696777344,52.029502979127486,49.71359959412027,50.49717624703064,10354057
2014-11-11,51.42007064819336,52.55190394736375,51.15887834838481,51.890217732554696,8362310
2014-11-12,49.783260345458984,51.402651551097954,49.46983055138845,51.17628585113197,6309241
2014-11-13,50.37528991699219,50.61906650689006,49.80066793366242,50.13150860356567,10971261
2014-11-14,50.18375015258789,50.81061441328048,49.80067194850406,50.09668606556356,6123081
2014-11-17,51.10663604736328,51.21111106809148,50.04445129348991,50.28823263989476,4923950
2014-11-18,51.663841247558594,52.16881485750213,50.84544258276132,51.17628328968194,6475424
2014-11-19,51.071800231933594,52.23845979559789,50.58424235080582,51.80313941538945,5431984
2014-11-20,50.89767837524414,51.19369721510532,50.23599226019086,50.91508930319461,3590544
2014-11-21,51.03697967529297,51.1936969200601,50.65389675082921,50.65389675082921,5424821
2014-11-24,49.60913848876953,50.67132340652746,49.17381796268759,50.42754202250957,6633290
2014-11-25,48.44246292114258,49.104148962819494,47.31062991811969,49.104148962819494,55543705
2014-11-26,48.45988464355469,48.93002694028915,48.07680171135738,48.23351423575917,5741991
2014-11-27,49.0171012878418,49.55690158095246,48.529543237328674,48.529543237328674,4482174
2014-11-28,49.69619369506836,50.00962347301662,48.56436052992859,49.06933413917185,4619433
2014-12-01,48.18128204345703,49.76585145520543,47.98974291799045,49.43500599463994,2477146
2014-12-02,48.07679748535156,48.47729131054662,47.972317754738505,48.05938183515172,2350906
2014-12-03,47.780784606933594,48.425059826787816,47.67630958686177,48.05938780947794,8617759
2014-12-04,47.5369987487793,47.954908236447714,47.258395572686226,47.74595349261351,4516507
2014-12-05,47.624061584472656,48.12903514188597,47.36286934240274,47.46734907334792,5700055
2014-12-08,47.310646057128906,48.16387619372636,47.17134443086588,47.62407589710324,3081176
2014-12-09,46.99721145629883,47.65889765666643,46.87532077434251,47.15392872217546,4817465
2014-12-10,47.798194885253906,47.98973871748441,46.770841456765396,46.875316475415346,3714413
2014-12-11,47.345462799072266,48.05938643741593,46.9275532836575,48.02456458073897,3222482
2014-12-12,46.94497299194336,47.48476849942835,46.50965251057498,47.39770440315467,4812683
2014-12-15,46.82307815551758,47.084270421150045,46.30069362425263,46.57929681818229,2791969
2014-12-16,46.33552169799805,46.962381266311105,46.02209191384152,46.50964988069937,4811157
2014-12-17,45.621585845947266,46.78824542375436,45.1340279589091,46.17879688407453,6760384
2014-12-18,45.8305549621582,46.44000369314747,45.11663119526849,45.98727223953886,5750448
2014-12-19,47.2932243347168,47.415115001210076,45.447462856389,46.1962177833353,4845177
2014-12-22,47.65888977050781,47.79819135960912,46.92755052331492,47.328049086833325,3767407
2014-12-23,48.42506790161133,48.6688445636048,47.519600257062635,47.64149094982439,6644017
2014-12-24,47.46735382080078,48.390232223710555,46.70118794468938,48.390232223710555,8715919
2014-12-26,47.745967864990234,48.66884647757115,47.537013058256946,48.23352593168107,2310253
2014-12-29,47.71111297607422,48.49468949388658,47.606637996443546,48.05936920621305,1421574
2014-12-30,47.93749237060547,48.233506443384826,47.79818607338186,48.05937829538364,2146065
2014-12-31,48.05938720703125,48.808142161100555,47.86784809812419,48.16386694932262,3960548
2015-01-01,47.745967864990234,48.12905089007955,47.67631941176595,48.05939771332504,778837
2015-01-02,48.32057571411133,48.52953045889084,47.7633693594044,47.7633693594044,3612848
2015-01-05,48.372825622558594,48.7907304549348,47.41512055350994,48.23351928823694,7291352
2015-01-06,47.2932243347168,48.16386520462735,46.718602305281635,48.07680111763629,8288963
2015-01-07,47.97233581542969,48.233528155003384,46.49224589117875,47.01463057032614,3256180
2015-01-08,48.18128204345703,48.37282589245322,47.44994267830621,48.059391362010295,2436600
2015-01-09,48.21609878540039,48.5817660315713,47.69371430599702,48.16386128216578,2079643
2015-01-12,47.5369987487793,48.477292734268836,47.188742416898556,47.92008165855388,3660975
2015-01-13,47.310646057128906,47.98974798001505,47.101691255969314,47.55442744573678,2850708
2015-01-14,47.38029861450195,47.67631751865909,46.94497808589736,47.29323450878104,3939014
2015-01-15,49.783260345458984,50.04445262777267,47.53700482814953,47.53700482814953,6425406
2015-01-16,51.31559371948242,51.87280493445884,49.03451606497489,49.731028902812916,8222495
2015-01-19,51.48972702026367,51.855399130404415,50.28824509030813,51.245950337033634,5082702
2015-01-20,51.333011627197266,52.23847930082741,51.12405682197028,51.89022286662583,6145107
2015-01-21,51.158870697021484,51.55936455212378,50.862851856805335,51.298172291379366,2865190
2015-01-22,51.663841247558594,52.72602597658795,51.07180827139736,51.22852079882423,7016755
2015-01-23,52.08176803588867,52.23848533880561,51.26336437621385,51.820575680047604,4549463
2015-01-27,52.22105407714844,52.58672610018042,51.26334905856315,51.62902108159513,6048058
2015-01-28,52.04692459106445,52.83050140486731,51.89021206242141,52.395180952754615,5448999
2015-01-29,51.82054901123047,52.221042806038014,51.4026395675445,52.186220955337774,6923717
2015-01-30,51.54193878173828,52.41257940016996,50.84542628699295,51.71606690542462,3094145
2015-02-02,51.48972702026367,51.785745950321285,50.84545636038179,51.2807769270752,2427202
2015-02-03,51.26335144042969,52.029517380308285,51.01957480394435,51.85538918702038,1320013
2015-02-04,50.93251037597656,51.9772795289076,50.81061969676204,51.36783085636449,1740828
2015-02-05,50.02703857421875,51.158871726896066,49.69619314787066,50.932506041066425,2453418
2015-02-06,49.957393646240234,50.4971939190486,49.313118339226335,49.59172630299094,2422833
2015-02-09,49.26087188720703,49.95738458499052,48.75589829190238,49.800672062106656,2511094
2015-02-10,50.532005310058594,50.91508822864532,48.755897031904816,48.82555018929473,3982617
2015-02-11,50.75838088989258,51.83797187491018,50.49718860831811,50.84544498375073,5670681
2015-02-12,52.32551956176758,52.934968043861225,50.8628413153316,51.820546072907334,7776840
2015-02-13,52.76083755493164,53.178742232770176,52.01208754071742,52.84790161992232,8270115
2015-02-16,53.196170806884766,53.77079283075436,52.93497854844141,52.93497854844141,3789682
2015-02-18,53.8926887512207,53.979752845858236,52.67379142629525,52.96981029276875,4034642
2015-02-19,53.73597717285156,53.99716948437946,52.63897040914036,53.91010538053683,2708022
2015-02-20,53.37030792236328,53.910103457520705,53.039462450150815,53.596673639573496,4586215
2015-02-23,54.29317855834961,54.85038966682674,53.10910790504136,53.283236081219904,5857600
2015-02-24,54.58919906616211,54.92003977686624,54.17128954118622,54.293180212931624,3786009
2015-02-25,53.823020935058594,54.93744293247654,53.143924015858914,54.88520543461936,3842514
2015-02-26,53.196170806884766,54.48471644775462,52.51706904552044,53.66631781678861,7368101
2015-02-27,54.711097717285156,54.85039933808392,52.969815648475816,53.26582982134947,4870174
2015-03-02,54.57176971435547,55.3727619822256,54.119038445558296,54.93744163779445,3288237
2015-03-03,54.171287536621094,54.467306378897646,53.683729591210394,54.39765321946938,3773373
2015-03-04,53.7881965637207,54.79814360676503,53.31805434023331,54.38023415974473,4927543
2015-03-05,54.03197479248047,54.38023107070543,52.79566689419311,53.63148101722739,2511965
2015-03-09,52.559268951416016,53.9934991472095,52.36686949835145,53.62619368842937,2904210
2015-03-10,51.947120666503906,52.594274119809455,51.31745592357237,52.55929195443029,4007085
2015-03-11,51.73721694946289,52.47182322425394,51.57979962463991,52.26193503936654,3350372
2015-03-12,52.34939193725586,53.31137517343228,51.7896916509181,51.7896916509181,4034334
2015-03-13,51.282466888427734,52.61175578234733,51.07258341353087,52.55928491362312,3743353
2015-03-16,51.33494186401367,51.66726052489207,50.91516543017412,50.91516543017412,1546607
2015-03-17,51.6497688293457,52.12201610393996,51.09006853147954,51.45736933136943,4288235
2015-03-18,51.29995346069336,51.859653722821974,51.03759440762962,51.597294669758234,3493449
2015-03-19,51.1075553894043,52.20946723847131,50.72276589663232,51.29995488042028,2641643
2015-03-20,51.8421745300293,52.419368401212026,50.582849780060606,51.072590609504275,3763675
2015-03-23,52.191978454589844,53.136473054065256,51.964601530902925,52.296924934881794,4249360
2015-03-24,51.75470733642578,52.76916613890908,51.59729475111725,52.12201285807211,5170910
2015-03-25,51.24748611450195,51.96459901088369,51.14253963929938,51.6847512329372,6008163
2015-03-26,50.75774002075195,52.296916870647934,50.390439257944315,51.3874045715175,11848617
2015-03-27,50.63531494140625,51.05508660826557,50.093103347846444,50.757745378846344,3479176
2015-03-30,50.7227668762207,50.932650332829716,50.233026158452745,50.74025558272809,4359504
2015-03-31,50.81021499633789,51.2299866136905,50.5478559562564,50.897668009698386,4797950
2015-04-01,51.22998809814453,51.369911974649874,50.75774086338796,50.75774086338796,2808077
2015-04-06,51.75470733642578,52.279425443380646,51.02010103776301,51.21250052375772,5315447
2015-04-07,51.75470733642578,51.8421603542516,51.072576644162396,51.492348282948356,2457023
2015-04-08,51.52732849121094,52.401858636410765,51.422386771638834,51.61478150573092,4009038
2015-04-09,52.821632385253906,53.031520558622304,51.56230808967294,51.614778946857676,2422269
2015-04-10,53.416324615478516,53.53875981214486,52.576776437043335,52.9965528985763,2200148
2015-04-13,53.99351501464844,54.465757573158335,52.734190454484306,53.45130339080934,2208671
2015-04-15,53.01402282714844,54.57068818052928,52.82162811813691,54.20338272064944,2330815
2015-04-16,52.71669387817383,53.25890546988322,51.59729802573895,52.87411121810272,2492100
2015-04-17,52.50680923461914,53.03152736305155,52.15699240436747,52.716692690288056,3666806
2015-04-20,52.40185546875,53.38133201894285,51.99957257520178,52.54177933459772,2278982
2015-04-21,52.06953430175781,53.17144605963989,51.80717526314391,52.47182195666949,2312891
2015-04-22,51.43988037109375,52.3144105995034,51.28246303212796,52.12201584710533,4849646
2015-04-23,51.29995346069336,52.10451932557021,51.03759440762962,51.77220070513406,3515131
2015-04-24,51.020111083984375,51.754717527296364,50.39045112950599,51.072586700716585,2613457
2015-04-27,50.70526885986328,51.68474546258248,50.54785628157907,51.107551774984714,2052351
2015-04-28,50.53036880493164,51.24748645064732,50.1980501595192,50.47789793930128,3429520
2015-04-29,50.0406379699707,50.652809202822006,49.84824319464115,50.49539184509367,2061972
2015-04-30,49.743282318115234,50.65279454988647,49.11362255861248,49.708300166003,4099911
2015-05-04,50.42543029785156,50.58284290480754,49.323518326007076,50.02314730945669,3652050
2015-05-05,50.075599670410156,51.299941635824574,49.515899537294956,50.040617522472566,7999174
2015-05-06,49.18358612060547,49.935685846019084,48.99119138527577,49.935685846019084,6031578
2015-05-07,49.07865905761719,49.34101818121792,48.29158168681501,48.973712561398216,5448071
2015-05-08,48.97370147705078,49.74328996328238,48.86875974921469,49.32351356267786,2987105
2015-05-11,50.02313995361328,50.14557038169895,48.90373943825704,49.23605805605074,3927933
2015-05-12,48.728824615478516,50.040619633769346,48.483954314212646,49.98814878196351,4551824
2015-05-13,49.271053314208984,49.49843026992894,48.291581161277904,48.798805947940714,4097879
2015-05-14,48.763816833496094,49.253552792518065,48.3615291491206,49.253552792518065,3467677
2015-05-15,48.991188049316406,49.56837696063267,48.72882902193362,49.04365890586709,6305129
2015-05-18,48.991188049316406,49.306017933249876,48.536429555075266,48.79878858245805,14967798
2015-05-19,48.53643798828125,50.33797408503017,48.30906107396864,48.97370310989405,6595326
2015-05-20,49.25355911254883,49.46344733467029,48.64138789906238,48.65887660730977,5168468
2015-05-21,48.798805236816406,49.30603476071866,48.51895740995166,49.14861739271285,2628801
2015-05-22,49.30601119995117,49.655823188690746,48.06418053777721,48.72882236745664,5380668
2015-05-25,50.05812072753906,50.16306720175814,49.34100783787768,49.58587345512857,5557091
2015-05-26,50.0406379699707,50.23303274530026,49.515919770383874,50.163073165467104,2220470
2015-05-27,50.093109130859375,50.23303303596604,49.603373090670694,50.04063825952322,1137269
2015-05-28,50.093109130859375,50.460414719473945,49.16610792181817,50.460414719473945,3848527
2015-05-29,50.26801300048828,50.53037209032844,49.4109714091582,49.848241303522336,3473570
2015-06-01,50.05812072753906,51.38740952190304,49.7607842454937,51.299956499035545,15815832
2015-06-02,49.84823226928711,49.98815614291668,49.445944608736305,49.84823226928712,4635659
2015-06-03,50.093109130859375,50.28550865193293,49.23606750205612,49.72580828687555,6029264
2015-06-04,50.495384216308594,50.775236727253535,49.81325350667967,50.02314170373088,8566490
2015-06-05,50.68779373168945,51.17752979191035,50.023151596773175,50.37296374616395,8696044
2015-06-08,51.12504577636719,51.31744051122329,50.35545734768336,50.88017543688696,4215142
2015-06-09,51.544822692871094,51.82467521595561,50.82770979518803,51.072580159808204,2699663
2015-06-10,51.4748649597168,51.842165775140145,51.14254155937729,51.61478885394329,2875048
2015-06-11,51.07258987426758,51.5448324971552,50.67030209235427,51.28247337571492,2113307
2015-06-12,50.86268997192383,51.05508471903625,49.760782863326284,50.89767212902518,2614529
2015-06-15,49.39347839355469,50.72276717959962,49.20108364230232,50.72276717959962,3574132
2015-06-16,50.407928466796875,50.60032794727171,49.14860409730881,49.253550562466835,2705206
2015-06-17,49.60335922241211,50.495378019625626,49.13111202315754,50.268001144319186,3030212
2015-06-18,49.655826568603516,49.918185578016136,49.27103240587254,49.42844970937174,4549773
2015-06-19,48.97370147705078,49.81325427825982,48.51894766358761,49.655836941875606,9119658
2015-06-22,49.4284553527832,49.7432852510977,49.1136254544687,49.27103803131114,1849073
2015-06-23,48.763816833496094,49.603364869623746,48.67636381421968,49.32351236116123,4200054
2015-06-24,48.92121887207031,49.16608917109257,48.64137116858396,48.64137116858396,3101425
2015-06-25,49.4284553527832,49.63834353320274,48.57141392633243,49.043661146118986,11124905
2015-06-26,48.65885925292969,49.41095409804923,48.58889970026093,49.14859510012645,4184617
2015-06-29,48.798805236816406,49.04367564379633,48.16914525405521,48.20412741857106,3452315
2015-06-30,48.65885925292969,49.1136176961065,48.151634703722955,48.79878310289607,2588831
2015-07-01,49.79575729370117,50.058116339304526,48.41400250030137,48.67636154590472,1988394
2015-07-02,49.498416900634766,50.0231397450318,49.18358698970039,50.00564629492834,2965570
2015-07-03,49.498416900634766,50.00564629492834,49.148604834123276,49.148604834123276,3051297
2015-07-06,48.97370147705078,49.74328996328238,48.86875974921469,49.14860751986432,2083899
2015-07-07,48.48397445678711,49.498428743459314,48.361539255288704,49.32352266835614,3234495
2015-07-08,48.27407455444336,48.69385093112296,47.714379045043614,48.30905670993829,2440394
2015-07-09,47.92425537109375,48.466466839162045,47.88927796542342,48.3090495351292,2478234
2015-07-10,48.50145721435547,48.67636325088411,47.871792636074424,47.959245654338744,2901055
2015-07-13,48.97370147705078,49.11363010700567,47.941758671228946,48.41400593575152,1612390
2015-07-14,49.04365921020508,49.30601823921592,48.55392330497738,49.00867705741108,2264950
2015-07-15,48.88623809814453,49.218561406933134,48.79878509526638,48.99118454837575,1504877
2015-07-16,48.83377456665039,49.02617404860487,48.65886853467165,48.86875672197209,1827243
2015-07-17,49.39347839355469,49.58587314480706,48.79879594392536,48.85127155302157,1696436
2015-07-20,49.04365921020508,49.58586597230906,48.991188353328795,49.58586597230906,1668294
2015-07-21,48.97370147705078,49.28853614981921,48.85127104278536,49.026177085598896,1315889
2015-07-22,49.95317840576172,50.110595742909105,48.553930056469746,48.86875998613442,1890132
2015-07-23,49.76078414916992,50.12808494665033,49.23606126835055,50.05812063063971,1225377
2015-07-24,49.69082260131836,50.00565255164431,49.39348135865425,49.74329346893428,1692284
2015-07-27,49.11361312866211,50.005631740792516,48.99117799209186,49.445931648348854,1296310
2015-07-28,49.445945739746094,49.56838091120863,48.78130376633059,49.32351056828355,1547151
2015-07-29,48.97370147705078,49.42846003514402,48.79879543423724,49.21857183484176,1900932
2015-07-30,49.81324768066406,50.11058886299126,48.93871758242492,49.04365929636184,2942993
2015-07-31,49.6733283996582,49.97066963783665,49.11363282735799,49.97066963783665,1956499
2015-08-03,49.18358612060547,49.98815670614266,49.07864440035831,49.34100344560593,1508372
2015-08-04,49.32350540161133,49.84822818786139,48.9562046703285,49.14859938773774,1001510
2015-08-05,49.23605728149414,49.480927623072965,49.008680389816526,49.3235102971109,1107859
2015-08-06,49.340999603271484,49.63834078032319,49.04365842621977,49.07864057845456,1295185
2015-08-07,48.83377456665039,49.778269037187506,48.746321550661015,49.16609792526191,2213871
2015-08-10,48.29157638549805,49.49842537479813,48.06419945226446,49.00868934676488,2570753
2015-08-11,48.25658416748047,49.253549468882305,47.43452489282878,48.97369697930427,3873211
2015-08-12,47.57445526123047,48.23910204933721,47.46951352870323,47.92426736249495,1472522
2015-08-13,48.204124450683594,48.48397226031835,44.07633841847123,47.50450018196598,2470225
2015-08-14,48.39651870727539,48.64138909655059,48.169141771308816,48.204123933295364,1304682
2015-08-17,48.30906295776367,48.78131025644666,47.90677997911906,48.44898685321001,813782
2015-08-18,48.06418991088867,48.51894368708122,47.80183086817074,48.309055503980936,1461999
2015-08-19,47.731876373291016,48.41401192246644,47.6094411792556,48.09917721076661,2417706
2015-08-20,47.60943603515625,47.90677726150641,46.99726487575362,47.259623944069034,2256015
2015-08-21,46.66493606567383,47.29459579454844,46.54250091155124,47.224631493727216,4024183
2015-08-24,45.860374450683594,46.35011041722286,44.67101431919395,45.7729214300648,7651174
2015-08-25,44.985843658447266,46.752397498711396,43.778990091778,45.82539169652459,12357515
2015-08-26,45.80790710449219,46.455060455687466,44.775959484102664,44.98584769862956,2616303
2015-08-27,47.17216491699219,48.4314892335392,45.56302855388376,46.33261695417069,5402025
2015-08-28,47.27711868286133,48.09917332359852,46.769889239119834,47.43453128135918,2205183
2015-08-31,45.702964782714844,47.38206098810955,45.51056527827294,47.049737590656484,2305711
2015-09-01,45.16073989868164,45.86036390271724,44.77594574753628,45.24819289918609,3973158
2015-09-02,43.79648208618164,45.47557810650493,43.28925269221429,45.23071250688226,4507483
2015-09-03,44.49610900878906,44.7934502327027,43.761502674599505,43.866444403213684,3114461
2015-09-04,43.236778259277344,44.391156084804265,42.83449536520762,44.391156084804265,3868544
2015-09-07,43.240318298339844,44.15956871511057,42.62158467865909,43.41709796240426,3112256
2015-09-08,44.56617736816406,45.0788356499934,42.81605632062892,43.134258839601706,2951677
2015-09-09,44.548492431640625,46.139509675952354,44.05351024805709,45.750598185929924,3201416
2015-09-10,43.61155700683594,44.10653914494437,42.674625674799316,44.10653914494437,3984541
2015-09-11,43.94744110107422,44.47778014330538,43.523167949106984,43.84137041535453,1783681
2015-09-14,45.09650802612305,45.23793080849155,43.66458976657095,44.12421980358812,2400945
2015-09-15,45.379356384277344,46.01576613729453,44.54849089296532,45.078829956085,3189547
2015-09-16,46.351646423339844,46.49306921977368,45.25561135892946,45.43239105333577,2668351
2015-09-18,47.20017623901367,47.69516309640641,46.49305763754395,46.66983728791138,2710372
2015-09-21,48.27854919433594,48.43764804922447,46.56378512193947,46.95270142631645,3040868
2015-09-22,46.316287994384766,48.437644257139254,45.69755908441471,48.33157836218391,2618545
2015-09-23,45.18489074707031,46.66983692121622,44.47777215115658,46.33395846543013,5775906
2015-09-24,44.33634948730469,45.98040424055901,44.03582788724827,45.2556047225063,9733917
2015-09-28,44.831336975097656,45.60916464920615,44.0888613987785,44.70759024646855,2407051
2015-09-29,45.379356384277344,46.13950808232437,44.336354308626255,44.49545794574454,2414852
2015-09-30,46.79359436035156,46.91734110209196,45.37935684436068,45.397037690584156,3047665
2015-10-01,46.15717315673828,47.34159761875267,46.05110250308449,47.0233904532456,2020545
2015-10-05,46.84661865234375,47.42999535626531,46.298603634335436,46.31627968183696,1811432
2015-10-06,46.75823974609375,47.553748387675284,46.56378399633408,46.970376342940064,1868486
2015-10-07,46.86429977416992,47.0941123703327,46.563773396670086,46.88197582177663,1403044
2015-10-08,46.82894515991211,47.02340087485908,46.52841876780332,46.98804877792716,1318938
2015-10-09,46.86429977416992,47.20017824688317,46.63448717800715,47.02339858899563,1421375
2015-10-12,47.12948226928711,47.270905075540455,46.59914314924472,46.846631861323964,1574616
2015-10-13,47.04108810424805,47.27090074277759,46.82895151658385,47.02340725792669,715400
2015-10-14,47.023406982421875,47.20018667186364,46.74056139749744,46.988054880898304,1722301
2015-10-15,47.74821472167969,47.889637538237324,47.09412880021172,47.20019471376575,2959602
2015-10-16,47.730533599853516,48.08409303695677,47.23555134700031,47.87196121106024,3651488
2015-10-19,47.30625534057617,47.85427043623696,46.97037202681261,47.73052369982639,1640198
2015-10-20,48.048728942871094,48.4729972842785,47.20018266914512,47.37696234359543,3296804
2015-10-21,48.048728942871094,48.50835417825968,47.69516959397046,48.08408104139669,3504240
2015-10-23,48.20782470703125,48.632097816914396,47.9072983204853,48.26085764690283,2367650
2015-10-26,47.99568176269531,48.384597929071425,47.81890212302022,48.26085122220794,1788557
2015-10-27,47.34160614013672,48.172466701645824,47.182502528744884,47.92497805614817,1680870
2015-10-28,46.33396911621094,47.359290356885275,46.12183252958204,47.07644477168408,4725765
2015-10-29,45.30864334106445,46.1748608562124,44.61920070238371,46.1748608562124,6657486
2015-10-30,45.52077102661133,46.61680585328039,45.343991370550356,45.43238119858084,3034065
2015-11-02,45.59148025512695,45.75058384787813,44.95507067957684,45.520766481580964,1507300
2015-11-03,46.54609298706055,46.72287262838143,46.033430109048126,46.121819929708565,2879807
2015-11-04,46.386993408203125,47.34160547217479,46.104147875780825,47.09411203471396,10212719
2015-11-05,46.298614501953125,46.84662964859637,46.104158751971646,46.59914094820687,9402139
2015-11-06,46.42235565185547,46.8466239994138,45.626847105295994,46.81127190037568,4219805
2015-11-09,45.980411529541016,46.280937972693394,44.778305756931495,45.60917128960354,5260832
2015-11-10,45.361671447753906,45.94504334381717,45.149534904970444,45.679873864201596,1531108
2015-11-13,46.033443450927734,46.457716631246875,45.07883119293771,45.255610885494676,1386876
2015-11-16,45.609161376953125,46.210214132625666,45.45006256194931,45.78594103503856,1462412
2015-11-17,46.22789764404297,46.59913786323458,45.6798825336796,45.69755858416001,1602664
2015-11-18,46.28092575073242,46.528414383210595,45.874328719777374,46.19253592582131,1327429
2015-11-19,46.616817474365234,46.91734392367801,46.121835273091634,46.5637845234174,2523368
2015-11-20,46.28092575073242,46.91733057191047,46.1041461009102,46.66983714397739,2168468
2015-11-23,46.45771789550781,46.59914069431073,46.139510603881,46.139510603881,2177227
2015-11-24,46.616817474365234,46.881987024560694,46.298614973221945,46.316291025052465,1241516
2015-11-26,47.30625534057617,47.536067967935345,46.45771382661995,46.493065926632305,4171542
2015-11-27,47.20017623901367,47.3769558893811,46.84661693827881,47.253213970487835,1605635
2015-11-30,48.154788970947266,48.402282403250396,47.129467942964986,47.21785776943682,2006989
2015-12-01,48.08408737182617,48.79120616272196,47.85427472387628,48.1194442704622,2520479
2015-12-02,47.8719596862793,48.27855206690622,47.58910926833176,48.084091505419174,1390936
2015-12-03,47.30625534057617,48.08408306359613,47.129475658691305,47.73052369982639,1173194
2015-12-04,46.22789764404297,47.270899713328475,46.12183175024874,47.270899713328475,1376556
2015-12-07,46.36931228637695,46.6168009012992,45.856649420076934,46.31627455882865,1525844
2015-12-08,46.033443450927734,46.38700283604167,45.732917014489686,46.31628904083645,1469647
2015-12-09,46.01577377319336,46.563788977839465,45.626857436610614,45.856670109673274,2198948
2015-12-10,46.22789764404297,46.31628748735679,45.69755858416001,45.96272811410149,1086874
2015-12-11,45.25559997558594,46.31627787522678,45.04346343656678,46.31627787522678,1514970
2015-12-14,45.30864334106445,45.750592520871216,44.81365642331647,45.008116939704756,1552518
2015-12-15,45.785945892333984,45.892016575711054,44.99043734655637,45.308644601231926,1842404
2015-12-16,47.14715576171875,47.41232530734144,45.85666493211287,45.962730832179474,2623492
2015-12-17,47.571434020996094,47.783570639185804,46.581464734596366,47.12948473120783,1092627
2015-12-18,47.8719596862793,48.26087121834015,47.04109407645938,47.376972653735265,28017527
2015-12-21,49.30386734008789,49.462970980206094,47.871953760848115,47.871953760848115,6238035
2015-12-22,48.96797561645508,49.710451150662685,48.77351990782092,49.339215781286484,9652753
2015-12-23,49.515995025634766,49.67509384169157,49.07404587749615,49.07404587749615,3720080
2015-12-24,49.53367614746094,49.79884566350729,49.26850663141459,49.49831925289696,2224191
2015-12-28,50.258480072021484,50.47061666239548,49.37458160834325,49.65742719853785,5761043
2015-12-29,49.83419418334961,50.417566061523814,49.63973848910983,50.27614330248989,8576492
2015-12-30,49.85186767578125,50.08168504232343,49.586698217883,49.586698217883,8189382
2015-12-31,49.904911041259766,50.20543262446269,49.35689122242325,49.85187330732499,7159928
2016-01-01,49.85186767578125,50.1523940204902,49.763477856481835,49.993295223024006,3229824
2016-01-04,49.83419418334961,51.0362948283202,49.46295884145372,49.67509058227717,6809859
2016-01-05,49.197792053222656,50.1877562159077,48.86190878617499,49.86955379186287,4259054
2016-01-06,49.3215446472168,49.48064829138734,48.791205560589866,49.00334215433187,5320149
2016-01-07,48.826560974121094,50.117051753248795,48.614424386829526,49.321543147497415,6787347
2016-01-08,50.081687927246094,50.20542984502967,49.10939985894448,49.49831124990122,10345830
2016-01-11,50.64738845825195,51.44289695152764,49.14475650883142,49.67509550434855,8283638
2016-01-12,50.470603942871094,51.88484112834238,50.22311051723167,50.73577341514696,6611338
2016-01-13,50.52366256713867,51.05400178134292,49.53369315668302,50.61205243617271,7462021
2016-01-14,50.50596618652344,51.08934297913773,49.99330798103212,49.99330798103212,10278564
2016-01-15,49.18010711669922,50.64738198650512,48.897261606747676,50.258465813730716,7430643
2016-01-18,48.84424591064453,49.869567240382516,48.57907635318869,49.49832698267049,7411237
2016-01-19,48.066402435302734,49.42760681525374,47.659810164786286,48.950300760536464,7282040
2016-01-20,47.606781005859375,49.604390420470395,46.157186678241,47.58910016067708,15997901
2016-01-21,46.74055099487305,48.5613804317864,46.66983721665207,47.65980613447107,10416175
2016-01-22,47.05876159667969,48.01337379154139,46.705202234946576,47.09411849194415,8099084
2016-01-25,47.023406982421875,47.536069999985386,46.40467806937569,47.376966361305406,8893503
2016-01-27,48.87957763671875,49.23313689925625,47.164819049775375,47.3062417956995,14527719
2016-01-28,50.80649948120117,51.08934989067885,49.67510743420342,49.85188714183079,22594616
2016-01-29,52.27375793457031,52.46821844499546,51.08933800537285,51.19540388709176,11216960
2016-02-01,51.88485336303711,52.46822538051494,51.67271677610263,52.29144569064553,12278379
2016-02-02,51.70808029174805,53.157674893314926,51.2661310105055,51.79647014799656,18267134
2016-02-03,50.92595672607422,51.974690514781614,50.28604670509394,51.139255244569924,12098041
2016-02-04,52.18799591064453,52.4368506211326,50.78375328486272,51.49476123273579,8726120
2016-02-05,51.636966705322266,52.40129928529771,51.317009271156095,52.27687192999212,6170693
2016-02-08,50.641563415527344,51.92137895788795,50.35716210470599,51.56587490844513,3820374
2016-02-09,50.46379089355469,51.72583264956322,50.12606025502965,50.41046627216397,7297377
2016-02-10,50.961509704589844,51.38811643915349,50.12607432880449,50.12607432880449,8119293
2016-02-11,48.597408294677734,51.13926092624642,47.673096931789594,50.78375692681495,7247688
2016-02-12,49.18399429321289,50.05498111553949,48.45521294363259,49.059566915475926,16065640
2016-02-15,49.30841827392578,50.00165302939233,49.09511490133364,49.45061891504329,8464543
2016-02-16,49.52171325683594,49.96609319868873,48.98845732661258,49.45061053740711,6766384
2016-02-17,49.62836837768555,49.71724437655671,48.828484387845094,49.71724437655671,7804863
2016-02-18,49.71723556518555,50.3926920725291,49.41505625821244,49.80611154830524,8779283
2016-02-19,50.126068115234375,50.48157207602567,49.432838284789995,49.69946625538346,6323086
2016-02-22,49.64615249633789,50.30383111034469,49.1839943530147,50.1260790910278,2293985
2016-02-23,48.73960494995117,49.87721958396558,48.59740432615717,49.77056549974668,3873885
2016-02-24,49.6639289855957,50.126082337014175,48.93514758793601,49.0595701520493,11387961
2016-02-25,46.83766555786133,49.85944981039019,46.588815630164035,49.8061251703002,19051305
2016-02-26,47.513126373291016,48.31301042837791,46.926540875428415,47.45979691215301,12511003
2016-02-29,46.233314514160156,47.761980009516456,45.93113510549699,47.761980009516456,11485783
2016-03-01,47.54867172241211,47.7619750961037,46.30440766801495,46.57103567967149,14281573
2016-03-02,48.1352653503418,49.13067483355697,47.65533388378595,47.99305986259738,13550709
2016-03-03,48.224124908447266,48.668504851382394,47.6553176171241,48.52629941217837,7057560
2016-03-04,49.29064178466797,49.46839377992055,48.15302708631888,48.49075780603137,29228314
2016-03-08,48.95291519165039,49.66392323259816,48.3841077945258,49.59282049977063,20131612
2016-03-09,49.68168258666992,49.84166127979823,48.56184620026338,48.66850026962575,7284193
2016-03-10,49.64615249633789,50.090532544630115,49.09511834335625,49.80612642062382,3713460
2016-03-11,49.130653381347656,49.912763935113865,48.93512815382136,49.646135994761366,4685588
2016-03-14,49.27287292480469,49.41507358328604,48.952920237763536,49.27287292480468,4423191
2016-03-15,49.39729309082031,49.77057036751654,49.112891815416674,49.112891815416674,11655129
2016-03-16,49.326194763183594,49.77057480930539,48.88181471706179,49.557276244632604,6170234
2016-03-17,49.0595588684082,49.85944282315949,48.66850834799486,49.503938843270035,7509036
2016-03-18,48.65073013305664,49.45061408578819,48.526302776043245,49.23731073402684,9195901
2016-03-21,49.0595588684082,49.21953758809099,48.43742690360165,48.54408099066728,4674151
2016-03-22,49.130653381347656,49.539481925522054,48.881798708286446,49.059550668521446,6628643
2016-03-23,48.864036560058594,49.46839529111227,48.686284559375935,48.810711924220115,11545428
2016-03-28,49.45060729980469,49.770559872624744,48.52629611690066,49.024005476654814,8691695
2016-03-29,49.11289596557617,50.12607860846283,48.89959258008295,49.77057457325149,11478000
2016-03-30,49.68168258666992,49.894985903564155,49.18397806180374,49.37950811138617,5797932
2016-03-31,49.45060729980469,49.9305385699501,49.237303977314426,49.237303977314426,15715729
2016-04-01,49.16621398925781,49.77056787467843,49.09511126305236,49.699469970304406,3935188
2016-04-04,49.27287292480469,49.80612901048405,49.16622363640176,49.32619756900615,5649881
2016-04-05,49.43284606933594,50.05497809869231,49.308418699098304,49.699474081917245,7744995
2016-04-06,49.6639289855957,50.23273644861012,49.539501599649974,49.71725363047746,10418272
2016-04-07,49.84166717529297,50.09052187807696,49.628363833168265,50.00164588734426,12408704
2016-04-08,50.090518951416016,50.179394936955916,49.85943753154761,49.85943753154761,4133630
2016-04-11,50.570457458496094,50.81930736044185,49.96609874179792,50.00165010545632,12360599
2016-04-12,50.89039993286133,51.63695913338982,50.4815665651175,50.4815665651175,8901453
2016-04-13,51.548095703125,51.67251824864701,51.157040329369735,51.31701424011163,10239725
2016-04-18,51.885826110839844,52.17023223539342,50.74821607812195,51.548100166587155,7347390
2016-04-20,52.614601135253906,53.29005770245894,51.60141387353081,51.79693912499005,7716065
2016-04-21,51.9569206237793,53.16563320178056,51.583638548478746,52.739026493388884,6315086
2016-04-22,51.921382904052734,52.36576299963034,51.29925077024408,52.01025892316825,4320738
2016-04-25,51.121490478515625,51.93914779363568,50.67711045468259,51.93914779363568,3605005
2016-04-26,51.601417541503906,51.99247289405079,50.85485819970194,51.35256282029277,8964411
2016-04-27,51.317012786865234,51.90359824180246,51.06816288103667,51.65474351414233,3177289
2016-04-28,50.428260803222656,51.70807636542268,50.25050877574578,51.26369629673047,9408511
2016-04-29,50.97929382324219,51.13926775123734,49.94832822983411,50.57046513370049,4383214
2016-05-02,50.783756256103516,51.19258970751543,50.339376262683196,50.83708571277917,3383764
2016-05-03,51.61918640136719,52.18799369993695,50.837080584935926,50.837080584935926,4572397
2016-05-04,50.74820327758789,51.58363370179338,50.4815704935218,51.47698444563167,4435593
2016-05-05,50.92595672607422,51.299233955272754,50.51712331468499,50.837080736090655,2770226
2016-05-06,50.641563415527344,50.96151609565943,49.94832859038093,50.89041817887022,3714029
2016-05-09,51.01484298706055,51.24591964317509,50.357159564402195,50.659338955551384,5027038
2016-05-10,50.428260803222656,51.10372236510069,50.126081392145494,50.89041896776196,7758595
2016-05-11,50.28605270385742,50.552680705614904,49.59281797055531,50.0549760667006,4574270
2016-05-12,51.157039642333984,51.31701355092744,50.197176903446675,50.44603163481202,4877581
2016-05-13,51.4592170715332,51.61919097410077,50.62378172979771,50.9437343567643,6719824
2016-05-16,51.35256576538086,51.868048508096436,50.837087844497006,51.530317770202544,4500368
2016-05-17,51.512550354003906,51.90360577343014,50.694888145779565,51.90360577343014,4754541
2016-05-18,50.854862213134766,51.51254560952692,50.73043484270947,51.19259295831317,2573082
2016-05-19,51.33479690551758,51.761398860654204,50.943741496934905,50.943741496934905,6035130
2016-05-20,51.47699737548828,51.60142475348422,51.085941968286235,51.40589463896713,3055890
2016-05-23,52.66792297363281,52.93455093248789,51.54808651080766,51.761385020427035,10093334
2016-05-24,52.15245056152344,53.05898869267483,51.9746985540622,52.97011268894421,3545037
2016-05-25,53.218955993652344,53.32561007797603,52.27687143553139,52.614602136476265,7201959
2016-05-26,53.53892135620117,53.823322646200616,52.82790848753872,53.325617977785626,11348343
2016-05-27,53.627784729003906,54.17881390675933,52.898998759582945,53.82330996708983,7635493
2016-05-30,53.94773864746094,54.37434049253942,53.09453013547309,53.71666204531457,6049447
2016-05-31,53.32561111450195,54.16104642636933,53.165632395822406,54.03661906982206,4297008
2016-06-01,52.93456268310547,53.538921452733874,52.756810671077346,53.538921452733874,5018958
2016-06-02,53.396705627441406,53.538911066943605,52.65014635737881,52.93455241455222,3951078
2016-06-03,53.467796325683594,53.62777499823903,53.05896783361178,53.53889902944821,3453446
2016-06-06,53.05898666381836,53.57446457264615,52.81013193415555,53.396712571981745,2395810
2016-06-07,53.29006576538086,53.663343055310335,53.05898911819444,53.1123137564941,3771426
2016-06-08,54.232147216796875,54.35657457997021,53.07675922787446,53.32561395422114,3804592
2016-06-09,54.32101821899414,54.907598795044706,54.161044328342776,54.285466858239026,4520638
2016-06-10,54.88983154296875,55.156459545115,54.338802267265834,54.35657553867626,8988984
2016-06-13,53.96552658081055,54.65876139746103,53.8055526536212,54.65876139746103,7199310
2016-06-14,53.52113342285156,54.17881670963071,53.4322574333363,53.94774010125723,2914984
2016-06-15,54.88983154296875,55.01425890833666,53.73444353366836,53.73444353366836,5287666
2016-06-16,54.9609375,55.56529144725812,53.983301434716175,54.889834766519314,5385026
2016-06-17,55.8319091796875,56.15186177774495,54.35656871732244,55.10312799401049,8985642
2016-06-20,55.68970489501953,55.991884204006226,55.19200035059888,55.814132236582374,5237563
2016-06-21,55.45863342285156,55.92078665209708,55.12090272482749,55.65415867634055,5276594
2016-06-22,55.31644058227539,55.707491144267856,54.960936564586355,55.47641449713635,4797461
2016-06-23,55.68970489501953,56.11631154556907,54.33879187133052,55.28087633431081,5027803
2016-06-24,55.38753890991211,55.51196628140686,53.538920897103814,54.552103497683724,6010853
2016-06-27,54.74763870239258,55.814150862851584,54.39213464890624,54.40990792284764,5121198
2016-06-28,55.26310729980469,55.458637389108645,54.62320204095713,54.943154670380906,5842035
2016-06-29,56.614013671875,57.005068947870754,55.29864724038852,55.38752322030435,9838712
2016-06-30,57.98271942138672,58.2493474287052,56.631801291207395,56.880656026770666,18696297
2016-07-01,58.71149826049805,59.15587825413542,57.947165635808076,58.30266963071797,9960809
2016-07-04,58.800376892089844,59.475833548296805,58.5337488839688,59.26253499926536,5753019
2016-07-05,57.32504653930664,58.942588151260914,57.16506777687925,58.76483611382275,5510329
2016-07-07,58.071617126464844,58.356018511825575,56.951775219752335,57.236181426946594,5911690
2016-07-08,58.462646484375,58.80037237562182,57.4494591669718,58.12491577129681,7803900
2016-07-11,59.226966857910156,60.8445077202803,58.9958902806902,59.04921490284397,11133401
2016-07-12,59.226966857910156,60.08017527786178,59.03143681423913,59.36916745759703,9182267
2016-07-13,57.538330078125,59.88465712638711,57.12949667573898,59.31584983865221,11106820
2016-07-14,58.67595672607422,58.871486849128914,57.55611991887858,57.78719658991381,7428442
2016-07-15,58.39155197143555,59.1558846791408,57.982723297252,59.03145730304179,6629943
2016-07-18,58.01826858520508,58.94258001668729,57.804970027182364,58.51597807880992,3891623
2016-07-19,59.15589141845703,59.36919482723699,57.94717853114743,58.0538278246211,5987973
2016-07-20,59.84909439086914,60.43567483598144,59.33361182956529,59.36916318238453,7071425
2016-07-21,57.769412994384766,59.84911230579111,57.520558271989266,59.83133421314488,4189305
2016-07-22,59.13810729980469,59.74246122172762,57.89384326887712,58.12491991025447,7206087
2016-07-25,60.06241226196289,60.29348887862079,59.066998250606325,59.20919887456263,3967394
2016-07-26,60.933387756347656,61.50219501481154,59.44027412743947,60.169055263019935,8278821
2016-07-27,61.30665969848633,61.75103954267497,60.986707175036486,61.50218490119737,8851677
2016-07-28,62.639835357666016,63.58192020631368,61.200040939016404,61.46666899930344,31420184
2016-07-29,62.56873321533203,63.10198934104084,62.106579835117486,62.95978867188504,12377513
2016-08-01,62.99532699584961,63.955184930201916,62.44429288699146,62.568720254916315,11965659
2016-08-02,63.59967803955078,64.06183612493561,62.58649551392766,63.101973412224574,6487056
2016-08-03,62.53317642211914,63.67079132042093,61.75107039863993,63.63523995075544,10713465
2016-08-04,63.3508186340332,63.759647201517666,62.69313537929867,62.853114081363834,9047354
2016-08-05,62.74645233154297,64.41732257738806,62.58647847087495,63.635212074688184,8816394
2016-08-08,63.45747375488281,63.99072971529785,62.390961834052746,62.92421779446778,9540514
2016-08-09,62.60425567626953,63.866292662215145,62.3909523601269,63.45746411900956,6314021
2016-08-10,61.99991226196289,62.74647164030716,61.71551098537064,62.60427100201104,3789657
2016-08-11,61.8754997253418,62.764259885737445,61.30669225832209,61.89327299981672,5017074
2016-08-12,63.29751205444336,63.63523800133875,61.92882052799317,61.92882052799317,4369997
2016-08-16,63.101966857910156,65.09278998226247,62.657586911484685,63.56412489529126,22372774
2016-08-17,62.08879470825195,63.564140346476684,61.94659405519584,63.261960945087324,11599079
2016-08-18,64.70173645019531,65.12834313926646,62.65758864023908,62.92421661545076,20664320
2016-08-19,64.3284683227539,65.05724962946455,63.74188765859268,65.05724962946455,16563739
2016-08-22,64.68396759033203,64.98614694720555,64.25736087217749,64.50621559473956,11335483
2016-08-23,64.75506591796875,65.19944590984935,63.99073329630043,64.50621601561453,7423678
2016-08-24,64.80839538574219,65.05724528813974,64.38178866472995,64.80839538574219,5319170
2016-08-25,64.79061889648438,65.76825490298764,64.16848689234592,64.87949489707557,12995397
2016-08-26,64.275146484375,65.19945311212523,64.0618431003434,64.93282508754373,7097916
2016-08-29,64.07960510253906,64.47066043417715,63.137520545750405,64.41733580300632,2956326
2016-08-30,65.16390228271484,65.34165428741785,63.88408688448689,64.31068880267506,5212793
2016-08-31,65.30609893798828,65.59050019942995,64.64841559634405,65.09279558099131,6435761
2016-09-01,65.51939392089844,65.76824378739634,64.7906079461248,65.2349878739755,6116318
2016-09-02,65.34166717529297,65.76826917762337,64.80841105600547,65.60829523493672,3858397
2016-09-06,66.3370590209961,66.72811436880423,65.34164979187668,65.67937568447762,9001076
2016-09-07,65.67936706542969,66.47925092659267,65.37718775351308,66.15929834649363,5024999
2016-09-08,66.81204223632812,67.26008424117236,65.1094777563531,65.91595336507274,5980354
2016-09-09,65.8801040649414,66.90164065589127,65.73672675552895,66.6686549588791,5051740
2016-09-12,64.60765075683594,65.7367152710263,64.42843401294651,65.44997042542933,4144478
2016-09-14,64.21337890625,64.89440648547384,63.98039808988879,64.50012864001945,6680869
2016-09-15,62.6541862487793,64.66140973357777,62.3853611540404,64.66140973357777,8920122
2016-09-16,63.10224914550781,64.6972756566577,62.06278787615108,63.191857540344316,21690721
2016-09-19,63.58613586425781,63.87288566846686,62.45707096795006,62.976801645751664,4266806
2016-09-20,63.837039947509766,64.30300168456547,63.44276201377278,63.67574288230063,4769662
2016-09-21,62.83343505859375,64.5539145986979,62.56460982660451,63.83704731339326,4957941
2016-09-22,63.99833679199219,64.62559559209365,63.156016859542575,63.47860612728139,4676363
2016-09-23,63.06641387939453,64.30300698892606,62.97680547167917,63.89080928574888,7599534
2016-09-26,62.9767951965332,63.9087234570351,62.672125687696706,62.9767951965332,6333433
2016-09-27,63.15602111816406,63.85496376846684,63.030568377371104,63.31731333212601,6069513
2016-09-28,63.96247100830078,64.19545179788932,63.15599567864148,63.15599567864148,4515648
2016-09-29,62.15239334106445,65.27076727899839,61.543059201840734,64.07001387248054,13380901
2016-09-30,63.281463623046875,63.69366125192091,61.489295791797716,62.40329944110824,11831869
2016-10-03,64.94817352294922,65.55750761974672,62.94094474067852,63.49651477916536,9403402
2016-10-04,64.87649536132812,65.48583441822151,64.6793588284568,65.05571215905361,7967290
2016-10-05,65.01985168457031,65.73671869749408,64.66141817810842,64.93024330795484,5347763
2016-10-06,63.765350341796875,65.32453745673493,63.62197787570796,64.9840284574696,5654229
2016-10-07,63.424827575683594,64.37467542661348,63.19184676116354,63.765336501038824,3980080
2016-10-10,63.81911087036133,64.15961982480769,63.514441381544785,63.514441381544785,4458994
2016-10-13,62.72589111328125,63.74742778906004,62.25992940369556,63.63989965963767,14897308
2016-10-14,63.69366455078125,63.980409474005825,61.84773256130227,63.0126417119479,4958871
2016-10-17,63.10224914550781,63.675738983208205,62.654207171325275,63.191857540344316,4534814
2016-10-18,63.227684020996094,63.7294948182534,62.725878085304345,63.353136720310424,7289895
2016-10-19,63.99833679199219,64.78688779517962,63.12017252722341,63.424842059586055,9020687
2016-10-20,64.03416442871094,64.6076590551306,63.74741954628407,64.2850698470089,4037879
2016-10-21,63.424827575683594,64.28506704706224,63.12015811289626,64.28506704706224,10350237
2016-10-24,63.120147705078125,63.92662298806028,62.779633974304126,63.29936443462971,2945373
2016-10-25,63.92664337158203,64.14170448793088,62.94095104475239,63.28146488410194,3002870
2016-10-26,62.90509796142578,63.90871474420481,62.654197411905386,63.801181770211095,3927291
2016-10-27,62.90509796142578,63.388984190483015,62.25991956372669,62.7617255243333,7017500
2016-10-28,63.04846954345703,63.442747386288545,61.668504385895346,63.01263008084432,4282450
2016-11-01,63.40690994262695,64.35676275938216,62.42121765936995,62.81549554498601,5277438
2016-11-02,62.761722564697266,63.26352850164036,62.52874175771285,63.06639201763022,4859666
2016-11-03,62.70797348022461,62.97679867435535,62.47499261762465,62.77965728171944,4078615
2016-11-04,62.20615005493164,63.03054514212676,61.38175010617115,62.72587570153191,4179894
2016-11-07,62.36745834350586,62.58251946671162,62.20616614727651,62.47499133589205,7660803
2016-11-08,63.4427604675293,63.65782159537766,62.33161535828505,62.45706808799382,3265787
2016-11-09,64.58972930908203,64.98400710746463,59.84048572233494,60.93370588635631,13247214
2016-11-10,67.54681396484375,68.10238398108268,64.93024632899052,66.31021636538833,18046820
2016-11-11,65.62919616699219,67.56473629404489,65.05570153560761,66.66865245174586,8770575
2016-11-15,66.29230499267578,66.88371940811338,65.43206540098777,65.43206540098777,11489252
2016-11-16,67.56472778320312,68.28159476674166,65.71879627290447,66.86578539119228,10203154
2016-11-17,69.14183807373047,70.39635527745902,66.02346479412195,67.3675903695454,9392264
2016-11-18,68.80134582519531,70.00209935359703,68.60420929046425,69.44652922003363,12168642
2016-11-21,66.3281478881836,69.41067748154136,66.05932271774367,69.41067748154136,12187225
2016-11-22,65.86219024658203,66.91957133788935,64.78688941944928,66.63282639528074,11976002
2016-11-23,65.10946655273438,67.2242283409581,64.37467973585397,66.02347500228008,13625626
2016-11-24,66.3281478881836,66.991250947582,64.62558847539738,65.21700287805196,18404432
2016-11-25,67.61852264404297,68.17409282485278,66.31023600779305,66.7045139723519,14716858
2016-11-28,68.28160095214844,69.82286802331386,67.00916388572777,67.02708361731338,10318399
2016-11-29,67.9052505493164,68.65796195415525,67.56473674235697,68.33537274110033,12406804
2016-11-30,68.78343200683594,69.07017696594174,67.24216448233236,68.38915404189004,7446808
2016-12-01,66.05933380126953,68.99849143584184,65.77258398774921,68.99849143584184,11056167
2016-12-02,65.8801040649414,66.63281549309217,65.41413753248324,66.31022140848029,9676372
2016-12-05,66.34606170654297,66.68657550336843,64.82271920986273,65.84425573877324,12282830
2016-12-06,65.55751037597656,66.88371646508247,65.414137927265,66.45359911894778,4550359
2016-12-07,65.39620208740234,66.4894222088336,65.23490508384985,66.20267738203475,4265108
2016-12-08,66.543212890625,66.65074102046646,65.0736342339144,65.93387385734583,5413273
2016-12-09,66.11309814453125,66.66866831431787,65.86219266436282,66.66866831431787,3451184
2016-12-12,66.22061157226562,66.47151699668257,65.73672531749928,66.0413948009867,3689403
2016-12-13,66.39983367919922,66.86580023890751,65.39622162401689,66.4894420720393,4417447
2016-12-14,65.21699523925781,66.4535928230667,65.03777847995599,66.31021552637264,7312670
2016-12-15,65.71879577636719,66.57903517780083,64.69725936022989,64.87647610476047,5253972
2016-12-16,65.8801040649414,66.75826334647881,65.12739263679065,65.7904956773417,26025533
2016-12-19,65.98764038085938,66.31022964396949,65.53959838721566,66.00556011597841,3627943
2016-12-20,65.21699523925781,66.11307903576693,65.14530659091078,65.951782007769,5757036
2016-12-21,65.68296813964844,65.84426519532406,65.14531776948515,65.25285076045775,5279390
2016-12-22,65.14530181884766,65.75464070046449,64.91232102113487,65.59334368428198,2653684
2016-12-23,65.34246063232422,65.48583309529488,64.15962687429119,65.09155517595055,4805945
2016-12-26,64.08795166015625,65.36038912415754,63.89081024328754,65.36038912415754,5932940
2016-12-27,64.89441680908203,65.12739766250658,63.281465707820004,64.05209692833189,4555998
2016-12-28,64.51805877685547,65.5933595133914,64.19546952820801,64.89441695158298,3739977
2016-12-29,64.53598022460938,65.03778623820091,64.15962206824099,64.23131072513962,14737238
2016-12-30,65.77255249023438,66.34604698106975,64.60764378073571,64.66140782578422,4872601
2017-01-02,65.82633209228516,66.38190698659388,65.44997882643565,65.77256803453037,1811713
2017-01-03,67.40345764160156,67.56474984863364,66.13101541332473,66.27439274610919,7819727
2017-01-04,66.9375,67.69021165168233,66.68659935715097,67.40346667083554,7829503
2017-01-05,68.40706634521484,68.55043880918802,66.70450678931253,67.04502064511968,6362320
2017-01-06,67.6722640991211,69.12391786805318,67.4751227519454,68.51458381880758,6298387
2017-01-09,66.86579132080078,67.81563918590807,66.34606076701988,67.81563918590807,2956484
2017-01-10,66.86579132080078,67.49304998702183,66.32814103546846,66.88371105235221,4626997
2017-01-11,68.03070068359375,68.60419529706145,66.63281090559273,67.13461686928979,21835704
2017-01-12,70.9698715209961,71.59713031458587,68.10239788873318,68.10239788873318,26857806
2017-01-13,70.66519165039062,71.65088389606757,70.27091377980663,71.65088389606757,23933005
2017-01-16,71.47167205810547,72.06308647402615,70.52182407355814,70.6114324657148,8473484
2017-01-17,70.88024139404297,71.91969753246856,69.93038876566749,71.47165567439156,10193606
2017-01-18,71.13114166259766,71.56126378943556,70.62933575566362,70.9698495112074,21229809
2017-01-19,72.3319091796875,73.01293196450158,70.70103844277226,71.29245283849063,8756982
2017-01-20,71.47167205810547,72.61865656077089,70.77272465465694,72.61865656077089,12987134
2017-01-23,71.75840759277344,72.47527463636435,71.34621001502182,71.63295488783187,7334154
2017-01-24,72.8874740600586,73.37136029905048,71.90178185015753,72.04515915175949,7122776
2017-01-25,72.79785919189453,73.13837296051452,72.3677419101048,72.99500053325127,10336365
2017-01-27,73.3176040649414,74.17784365851385,72.6007369267033,72.94125076199298,11095330
2017-01-30,73.72979736328125,73.998622524319,72.58281292645982,73.22799136832398,5832917
2017-01-31,74.2674560546875,75.00224782793538,73.28176368646963,73.65812187127464,7593736
2017-02-01,73.7656478881836,74.76926482398807,73.38929457573602,74.76926482398807,7325455
2017-02-02,73.1025161743164,73.83730763880234,72.85161568477567,73.80146332270664,7773806
2017-02-03,72.29605865478516,73.76563708230105,72.08099756707647,72.83370894327396,4479429
2017-02-06,72.08100891113281,73.1921539878607,71.59712746459265,72.4932114197657,6337200
2017-02-07,71.65087890625,72.97708000931812,71.39997349837903,72.27813756436169,6562928
2017-02-08,72.08100891113281,72.65450361475689,71.07739682596565,72.04516944217917,9024346
2017-02-09,72.45735931396484,73.69395212246694,71.97347305778312,72.54696769986641,12790725
2017-02-10,71.65087890625,73.76563569557052,71.41789809126452,73.55057461190479,16817238
2017-02-13,72.77993774414062,73.10252691326195,71.50750079755329,72.29605155967594,9508762
2017-02-14,71.99137878417969,73.10252352549561,71.72255367877577,73.08460379642807,9403263
2017-02-15,72.2064437866211,72.61864133178577,71.59710976468017,72.18852405657431,7302351
2017-02-16,72.4586181640625,72.9269044497412,71.72016070025249,72.04436415968215,6272531
2017-02-17,72.96292114257812,73.21507828074957,71.88225606896229,72.76480116674297,4966775
2017-02-20,74.36780548095703,74.7100181372747,72.69277512733103,73.4492418667875,9917513
2017-02-21,74.25971984863281,74.85408465908066,73.6833641683303,74.36778440114357,7428835
2017-02-22,72.6207046508789,75.25032578583605,72.36855241217503,75.16027036790915,26345564
2017-02-23,71.73816680908203,72.764799583848,71.52203282189667,72.764799583848,13404307
2017-02-27,69.43274688720703,72.04435401168692,69.12655748855246,72.04435401168692,14798634
2017-02-28,69.21661376953125,70.18920936548824,69.00047978626775,69.12655835032305,10051421
2017-03-01,69.39672088623047,70.13517332980709,69.10854062872772,69.70291027228136,10348326
2017-03-02,68.35208129882812,69.88302838873621,68.08191502751836,69.88302838873621,10629352
2017-03-03,68.74832153320312,68.89240922441464,67.72168879386504,68.08191046480337,8454072
2017-03-06,69.82898712158203,70.67550903242838,68.83837751833651,69.10854377376711,14858083
2017-03-07,70.08114624023438,70.58545562087981,69.72092455608488,70.08114624023438,11746802
2017-03-08,70.45939636230469,71.17983992802738,69.9370777086481,70.35133178177453,7938282
2017-03-09,70.04512786865234,70.53142815256231,69.3426984681776,70.53142815256231,9777769
2017-03-10,69.36072540283203,70.49542309933035,68.4601708999253,70.24327077000899,16388459
2017-03-14,69.75695037841797,71.57606799884945,69.37871466405554,71.48601257435642,11886293
2017-03-15,69.5047836303711,69.90102842054571,69.34268682017611,69.88301929246366,7772586
2017-03-16,70.27925872802734,70.4053372812172,69.43274176907852,69.93705109601918,5161993
2017-03-17,69.88304138183594,70.96370666799915,69.5588378873307,70.89166036126014,9522200
2017-03-20,69.73893737792969,70.04512680283023,69.43275283884869,69.88302996787314,9378518
2017-03-21,69.61286163330078,70.08114787931987,69.48678306373583,69.88302790273165,8126819
2017-03-22,69.1986083984375,70.45938442484744,68.96446525641103,69.00048840575813,8203222
2017-03-23,69.54083251953125,69.70293427556247,69.01850898193786,69.52282338478139,5875356
2017-03-24,69.79296875,70.2972781154912,69.61285791333748,69.82898700867719,6164329
2017-03-27,70.18920135498047,70.63947839963252,69.75693832360568,69.88301687327198,7104197
2017-03-28,70.85562896728516,70.96369841482506,70.1171763952848,70.1171763952848,6020578
2017-03-29,70.90965270996094,71.12578669319643,70.5134127741516,71.07175441884235,6451066
2017-03-30,70.40534973144531,71.23386259476219,69.97308661155009,71.0717608711642,13016042
2017-03-31,71.07176208496094,72.00833952279201,70.47739723131689,70.47739723131689,8522874
2017-04-03,70.6755142211914,71.8282256166512,70.60347281261235,71.8282256166512,9945512
2017-04-05,70.24324035644531,71.28788215034922,69.95506010879747,70.90964649140244,7061975
2017-04-06,71.03572845458984,71.3058947014565,69.55881866122168,70.74755307892634,7466431
2017-04-07,70.24324035644531,70.69351741294,70.06312953384744,70.62147112957334,9205565
2017-04-10,70.351318359375,70.47739693648593,70.00910577661956,70.26126293084143,5763232
2017-04-11,71.73816680908203,72.6207070018449,70.06313695857928,70.36932148078765,10668096
2017-04-12,71.17981719970703,72.58468561293634,70.60346643981907,72.04435311117709,6620702
2017-04-13,72.04436492919922,72.42259578814736,70.89165344869656,71.25187517562615,5910355
2017-04-17,72.87287139892578,73.17906083747619,71.68414167963572,72.02634938145812,11138596
2017-04-18,72.89088439941406,73.59331874361773,72.63873211402763,72.94492156882974,7675098
2017-04-19,76.0788345336914,76.90734731944609,72.74678403285034,73.07098256387644,29099215
2017-04-20,75.25032806396484,76.51110395311028,74.00756130462236,76.36701625722894,11822555
2017-04-21,74.06159210205078,75.80866820502703,73.41319504061302,75.4304374001582,7938078
2017-04-24,73.79141998291016,74.54788641836734,73.52125374780536,74.38578960879573,7520828
2017-04-25,75.14226531982422,75.61055156415034,73.77341996149819,74.2056879453526,6293621
2017-04-26,74.09762573242188,75.10624949783589,73.5753071606327,75.10624949783589,5977354
2017-04-27,74.8360595703125,75.7005904634973,73.89948240027132,74.2056717481834,13646716
2017-04-28,74.9261245727539,75.17827680241945,74.18766724073163,74.56590291395834,5477289
2017-05-02,74.2056884765625,75.23232128120145,73.66535593578617,75.23232128120145,5123042
2017-05-03,76.02481842041016,77.01542823934646,74.31376509679289,74.52989912536123,10859280
2017-05-04,75.8807144165039,76.63718091128379,75.28634962982656,76.00679297993709,12952295
2017-05-05,75.28634643554688,76.36701141486178,74.76402307455044,76.36701141486178,4993008
2017-05-08,75.64656066894531,75.82667148114929,74.45782637690797,75.32236218414185,6855459
2017-05-09,75.05220794677734,76.18690526763586,74.83607396046638,75.66458187453595,4729357
2017-05-10,75.82669067382812,75.98878751434935,75.2863581004513,75.53851036986866,4623710
2017-05-11,74.9981689453125,76.18690339794058,74.2777255991691,76.00679256140474,4946190
2017-05-12,74.2957534790039,75.50249728615422,74.06160543915651,74.92614152451914,5386419
2017-05-15,74.45783233642578,75.28634507036837,74.33175866644699,75.25032192788062,5353854
2017-05-16,74.70999908447266,74.90811906498139,74.29574510697834,74.47585595682973,4077710
2017-05-17,75.21428680419922,75.53848526330825,74.25970055233782,74.78202382065987,3694898
2017-05-18,75.01617431640625,75.43042821554074,74.60192041727176,74.92611890851533,5797418
2017-05-19,74.11563873291016,76.27696906164788,73.52126898385144,75.53851160117061,17793954
2017-05-22,72.94489288330078,74.81804225486249,71.75615868256502,74.56589006863474,7423973
2017-05-23,72.54866790771484,73.30513444405133,71.0897671121046,73.10700958039543,6465473
2017-05-24,72.0083236694336,73.44921021477272,71.50401435572863,72.90887776027056,6650433
2017-05-25,71.6661148071289,72.38655811645633,70.47738530106624,72.2965027027904,9992276
2017-05-26,72.83684539794922,73.44922425107268,71.43198172493493,72.04436057805839,6466364
2017-05-29,75.32237243652344,75.91673722053388,73.16103751007064,73.17905152523407,14504778
2017-05-30,73.5212631225586,75.25033017919525,72.78281060677234,75.25033017919525,10884114
2017-05-31,74.90811920166016,75.39441947431014,73.82745410057998,73.82745410057998,7781359
2017-06-01,74.80004119873047,75.53849359738578,74.33175502677616,74.76401805800661,6369921
2017-06-02,74.24169921875,75.05220283365331,73.9535238471809,74.9621474193106,6713770
2017-06-05,73.95353698730469,74.69199444761597,73.55729211662788,74.47586043762682,5093948
2017-06-06,73.287109375,74.07959893846522,72.872855465569,74.04357579724977,5324457
2017-06-07,73.86346435546875,74.09760744267098,72.83683171146969,73.44921044952349,7605903
2017-06-08,74.69198608398438,74.81805976369282,73.34114989426695,73.84546415637766,7487370
2017-06-09,74.63794708251953,75.10623818781387,74.38579484350177,74.70999337127839,6432439
2017-06-12,74.27771759033203,74.89009632285314,73.84545456074532,74.34976387150579,3684911
2017-06-13,75.73663330078125,76.78127527199669,74.20569104884599,74.36778788520621,15775215
2017-06-14,75.82669067382812,76.72724496278951,75.46646895824357,76.00680153162041,13639132
2017-06-15,75.77265167236328,76.4570718940996,75.4124299887316,75.64657310592834,5595511
2017-06-16,75.62855529785156,76.18690181097385,74.78203829242125,75.6465693126214,6127735
2017-06-19,76.51110076904297,76.7092207319075,75.62855572904125,75.64656974391379,6393073
2017-06-20,75.0342025756836,77.44769007687233,74.06160196814311,76.45708033748916,12876594
2017-06-21,74.09762573242188,74.92613863463552,73.75541802383307,74.92613863463552,13855413
2017-06-22,72.87287139892578,75.17828942514214,72.04436339891389,74.15165654803539,33713902
2017-06-23,74.2056884765625,74.5659101704134,72.90888940153539,73.12502339500982,9034020
2017-06-27,74.11563873291016,74.45784643680174,72.58469641672093,74.20569416327422,6947747
2017-06-28,74.78205108642578,75.26834650948508,73.26911787787276,74.20569534574749,7103873
2017-06-29,74.9261245727539,75.82667871974283,74.529879770915,74.9261245727539,7577681
2017-06-30,75.84468841552734,76.02479924627201,74.85407884643168,74.89010198974441,7751039
2017-07-03,76.16889953613281,76.60116755576797,75.46647011150043,75.64658097204511,8768284
2017-07-04,75.89873504638672,76.72724795604468,75.55652733472314,76.72724795604468,4530105
2017-07-05,75.66458892822266,76.1688983527487,75.46646893902948,76.1688983527487,6062229
2017-07-06,75.59254455566406,76.00679853509061,75.28635513232462,76.00679853509061,5577232
2017-07-07,75.44844818115234,75.79066073462495,74.99817107701432,75.53850360197994,7641379
2017-07-10,76.13288879394531,76.36703195862074,75.64658844526848,75.64658844526848,2844699
2017-07-11,76.34899139404297,76.85330558670427,75.97076063536558,76.54711622282235,13833624
2017-07-12,77.08747100830078,77.44769274411864,76.3490135183822,76.3490135183822,9211263
2017-07-13,77.48371887207031,78.16813921925817,77.24957571195608,78.15013008610329,9596900
2017-07-14,77.51973724365234,77.89796810314107,77.26758008011329,77.89796810314107,4889330
2017-07-17,78.06005859375,78.33022485042792,77.53773520984498,77.53773520984498,6302565
2017-07-18,77.59175872802734,79.24877922582624,77.35761564249262,78.15010519364559,7549621
2017-07-19,78.76248168945312,79.06867106659328,77.8259044300086,78.3122046306643,8521832
2017-07-20,78.78050231933594,79.2487885454758,78.40226662669757,78.88856686819308,10233967
2017-07-21,77.55574798583984,79.05067191840197,76.90735089365388,79.05067191840197,4948380
2017-07-24,78.07805633544922,78.25816714696519,76.81728065483739,76.81728065483739,6137724
2017-07-25,78.16812133789062,78.7444769826645,77.9159642164836,78.34823217151877,6113154
2017-07-26,78.27619934082031,78.51034737344638,77.64581131474682,78.47432422336392,5258903
2017-07-27,78.04205322265625,78.92459837988524,77.71785465589733,78.4202889553914,21380991
2017-07-28,77.32160186767578,78.0960774994025,76.38502452627218,77.8439252559064,8260545
2017-07-31,80.4375228881836,80.76172632558665,77.32160617238569,77.32160617238569,17403810
2017-08-01,80.8337631225586,81.2660310905571,79.48293182983724,80.61762913855934,15263765
2017-08-02,79.8971939086914,81.41012706474565,79.50095393118073,80.9238267727411,12014487
2017-08-03,80.31145477294922,80.88780562204418,78.97863244132249,79.60902045761246,5285543
2017-08-04,80.90583038330078,81.10395040325831,79.8251650690151,80.83378407468689,7975937
2017-08-07,81.3921127319336,81.50017728510882,80.32945678715986,81.04990017051307,4619568
2017-08-08,80.29344177246094,81.62626412097228,79.77112319812424,81.59024097099254,3229672
2017-08-09,79.93321228027344,81.12194679922217,79.53696744062387,80.18536941981937,4573769
2017-08-10,78.3122329711914,79.89720781455316,77.57378028186552,79.89720781455316,6813656
2017-08-11,78.8525390625,79.42889468924908,76.3670106133272,76.5471214413226,8860877
2017-08-14,80.2394027709961,80.67167076291429,78.8885714035261,78.97862682802409,4990789
2017-08-16,79.50093841552734,80.92381097939543,79.12270275742159,80.58160334871164,5221989
2017-08-17,79.0506820678711,79.82515782903502,78.79852489641306,79.42891293923812,2837686
2017-08-18,80.31145477294922,80.61763932934849,78.78051244767357,78.88857701042393,7721084
2017-08-21,79.35684967041016,81.0318843061593,79.08668342410468,80.6896717731781,5203218
2017-08-22,79.06867980957031,80.09531259429197,78.54635640929213,79.95122489671088,6646897
2017-08-23,79.15872192382812,79.53695267712112,78.40225553142363,79.10468965704605,5312780
2017-08-24,79.59101104736328,80.04128820028112,78.90658586627232,79.06868759565067,5492256
2017-08-28,78.20413970947266,79.5729800071872,78.04203801477175,79.5729800071872,9753985
2017-08-29,77.55574798583984,78.7264684864896,77.01541544707841,78.27619137085507,12235532
2017-08-30,77.66383361816406,78.33024486541525,77.1775332547202,78.11411082768238,9313551
2017-08-31,78.97863006591797,79.24879635048799,77.46569691799792,77.89796492763783,8143692
2017-09-01,77.98800659179688,78.78049617433108,77.73584948303996,78.78049617433108,8803556
2017-09-04,78.3842544555664,78.97861922285554,76.65518754021193,78.02403279226161,6239751
2017-09-05,77.87995910644531,78.38426854858001,77.77188965653224,78.34824539860898,3937595
2017-09-06,77.19550323486328,77.82589100845338,76.72721712880924,77.4476602986265,4800221
2017-09-07,77.77185821533203,77.86191361094254,76.92533651942979,77.62777055951882,5008597
2017-09-08,76.76326751708984,78.04205264318476,76.51111036380536,77.87995580391875,8588797
2017-09-11,78.90422058105469,79.05060956923562,77.09264258123837,77.22073480734154,6205180
2017-09-12,78.79442596435547,79.16040092066984,78.42845100804111,78.9042214295616,4307268
2017-09-13,78.22715759277344,79.0871996320132,77.95267640773007,78.79441672298879,3679773
2017-09-14,78.30036163330078,79.05060828797609,77.82459122460786,78.06247394702787,6793237
2017-09-15,77.76970672607422,78.11738495880213,76.15941773187598,77.84289874716976,9054445
2017-09-18,78.81272888183594,79.54467880552903,77.76969924780268,77.76969924780268,10470233
2017-09-19,78.9957046508789,79.19698886451091,77.87947820442649,79.19698886451091,5530915
2017-09-20,77.91608428955078,79.12380458072677,77.76969530500448,79.01400911942739,5687495
2017-09-21,77.42201232910156,77.9160794647223,76.98284540265735,77.9160794647223,5113744
2017-09-22,76.69005584716797,77.34881362557059,76.15939523651677,76.87304329163779,5195124
2017-09-25,76.9096450805664,78.26375421341322,75.99470781887324,76.48877493295802,13057600
2017-09-26,77.12922668457031,78.1356576159117,76.90964076132542,78.1356576159117,6570371
2017-09-27,76.17769622802734,77.97097229069959,75.68362910773693,77.58670062150283,7885119
2017-09-28,76.4887924194336,77.18414390451763,75.02489246605522,75.39086745439981,11633088
2017-09-29,77.22074127197266,77.8245990011798,75.42745988410728,77.22074127197266,13782560
2017-10-03,75.44576263427734,77.67821105371294,75.20787988486244,77.64161256214446,12296210
2017-10-04,76.50707244873047,77.09263329477136,75.04317281555446,75.04317281555446,12075908
2017-10-05,75.00657653808594,76.63516691343614,74.71379858838036,76.48877793858335,17352392
2017-10-06,74.93339538574219,75.3359638839312,74.49422343372277,75.02488912875846,13466622
2017-10-09,73.54267883300781,74.96998006282024,73.06691341102123,74.96998006282024,21446056
2017-10-10,74.93339538574219,75.39086410082356,73.56098924049806,73.57928600356001,14560236
2017-10-11,74.23802947998047,75.42744798718219,73.70736881661743,75.17126851778877,11830976
2017-10-12,74.03675079345703,74.73210221074483,73.74397281686836,74.31123200795376,5518551
2017-10-13,75.26275634765625,75.7934219332617,73.26819117566583,74.07333793371845,11394674
2017-10-16,75.29935455322266,76.34238399745735,75.07976862330185,75.64702772539943,11521216
2017-10-17,74.98828887939453,75.72023880635162,74.64061067854867,75.11638110938264,4936452
2017-10-18,78.15393829345703,78.41012264517171,75.39083047240354,75.46402245585699,18484486
2017-10-19,77.09262084960938,77.95266273803308,76.69004752270344,77.89776750342128,559370
2017-10-23,78.15393829345703,78.39182589027111,77.22070451650546,77.9343524153946,14162373
2017-10-24,78.70292663574219,79.01400631928692,77.36711913283527,78.06247050767766,7050716
2017-10-25,79.08718872070312,80.14851483034056,78.24544355772382,79.05059024164285,16306452
2017-10-26,77.58670806884766,78.9591141103589,77.1292393883439,78.46504694264428,23524154
2017-10-27,77.4952163696289,78.1539693013278,77.00114918892824,77.71480233481287,9985329
2017-10-30,77.73308563232422,78.5016338954164,77.5318014280189,77.56839494600013,4118717
2017-10-31,77.53182220458984,80.11194388939379,77.11094699650039,77.84289697390332,16442260
2017-11-01,76.98284149169922,78.09906295737169,76.3606821726951,77.89777874679216,12417385
2017-11-02,78.7578353881836,79.16040388411753,77.51351651905,77.58671349859429,16259892
2017-11-03,76.87305450439453,80.69749463719003,76.70836875866179,80.69749463719003,26293141
2017-11-06,77.11093139648438,78.06246716737733,76.67176447720087,77.12923312052898,7985183
2017-11-07,75.99471282958984,77.65989677012449,75.57384265423136,77.4403157839219,9702210
2017-11-08,76.17769622802734,76.83644907917963,75.81172131875333,76.12280098440672,12777065
2017-11-09,76.12279510498047,76.78154790525328,75.02487046195779,76.78154790525328,9492091
2017-11-10,77.34883117675781,77.58671391577602,75.57385156987037,75.75683905586179,8999608
2017-11-13,77.22074127197266,78.08078347483297,76.59858181530262,77.55011776391716,7885278
2017-11-14,75.73853302001953,77.2390313125532,75.42745331876147,77.22073455053629,4927717
2017-11-15,75.75682067871094,75.95810487893253,74.80528498960919,75.6470252354384,8653007
2017-11-16,76.23258972167969,76.43387889547111,75.07976977670072,75.79342281894365,18027175
2017-11-17,76.34239196777344,76.83645415686121,76.03131228156256,76.59857144288326,9193722
2017-11-20,76.41558837890625,76.96455081072403,75.26276826485952,76.96455081072403,8277194
2017-11-21,75.61043548583984,76.47047253314379,75.31765258637587,76.47047253314379,15596732
2017-11-22,75.7751235961914,76.17769699320702,75.06147053039768,76.17769699320702,8665005
2017-11-23,76.50707244873047,76.78155362995098,75.59213517799546,76.08620229696284,6824919
2017-11-24,77.29393768310547,77.53182540666901,76.12282064920551,76.30580815111367,7734712
2017-11-27,76.9096450805664,77.53180440405869,76.12280002828075,77.51350268051343,14811199
2017-11-28,76.25088500976562,76.85474255247219,75.46403506821419,76.85474255247219,21546865
2017-11-29,76.39730072021484,76.76327571836957,75.95812873688773,76.34240546326235,7324543
2017-11-30,75.4091567993164,76.30579741808808,75.07978033498192,76.30579741808808,19256592
2017-12-01,74.2746353149414,75.88492911665459,74.00015409381118,75.75683688735653,8172074
2017-12-04,74.20144653320312,74.64061352782996,73.52439183215176,74.4759277662899,7124561
2017-12-05,73.30477905273438,74.09162397380915,72.04216385660517,73.92693827247805,17485101
2017-12-06,73.28649139404297,73.50607235641036,72.70093057874163,73.0852022267367,5557173
2017-12-07,74.03675079345703,74.29293524586184,72.99372118559883,73.28650412604048,11119755
2017-12-08,74.32952880859375,74.58571326113142,73.15841193777877,74.29293528439092,14615599
2017-12-11,74.76869201660156,75.17126541055366,74.1465326837799,74.585704561519,8231500
2017-12-12,74.2563247680664,74.84188559054944,73.89034987449604,74.84188559054944,8310332
2017-12-13,73.37799072265625,74.09163883257982,73.1401030554959,73.56097818117806,12105970
2017-12-14,73.23161315917969,73.7805756574919,72.6460571320629,73.67078514337089,12838407
2017-12-15,72.77413940429688,73.98185979581422,72.28007716088638,73.70737856554027,22654959
2017-12-18,73.15840911865234,73.23160112809056,70.77957201678103,72.81073094129927,16832008
2017-12-19,74.14654541015625,74.29293937043101,72.9022314947936,73.45119395426417,20133065
2017-12-20,74.2746353149414,74.42102430677357,73.17671043042048,74.32953056639684,14097971
2017-12-21,74.32952880859375,74.95168821398353,73.96355385574164,74.95168821398353,7881749
2017-12-22,74.31122589111328,74.51251011296789,73.87205399852722,74.29292913052744,7399925
2017-12-26,74.0916519165039,74.65891611640681,73.63418318941449,74.25634264379744,7946762
2017-12-27,73.63417053222656,74.84189074245619,73.48778155749184,74.10994090493006,7831439
2017-12-28,72.88391876220703,73.94524495853402,72.64603607466253,73.72565903008825,15796200
2017-12-29,73.32308197021484,73.81714904342421,72.99370557602592,73.03030405623622,8561565
2018-01-01,73.26819610595703,73.83546021216432,72.84732593932101,72.84732593932101,6388017
2018-01-02,73.46949005126953,73.85376175791095,72.9388243955715,73.65247752373742,4383705
2018-01-03,73.79886627197266,74.09164424144002,73.41458960271228,73.74397102317914,8187397
2018-01-04,73.32308197021484,74.23801915621296,73.19499473525664,73.92694448405514,4204055
2018-01-05,73.6524658203125,73.94524374419737,73.41457817282244,73.67076257911077,4923559
2018-01-08,73.39628601074219,74.3844202524804,73.21329855589084,73.92695161535204,11797863
2018-01-09,73.56098175048828,73.70737073163829,73.30479731058622,73.59757527288623,7380366
2018-01-10,73.1401138305664,73.89036549934511,72.6460515908538,73.89036549934511,8710385
2018-01-11,72.40815734863281,73.3047979320387,72.20687311832673,72.8656260210128,12305664
2018-01-12,71.85918426513672,72.57283727355801,71.62130158361364,72.49964031131151,9411915
2018-01-15,72.93881225585938,73.28649038122303,71.42001747993,72.3898499298233,9962401
2018-01-16,71.8042984008789,72.93882168072243,71.12724378517773,72.86562470891857,13205546
2018-01-17,72.24346923828125,72.71923465642983,70.99915548294042,71.73110533477063,13012437
2018-01-18,72.09708404541016,73.12181190622431,71.63961536400153,72.68263998653089,24603506
2018-01-19,71.7677001953125,72.46305653860715,71.10894730191544,72.09708160586374,8082214
2018-01-22,71.47492218017578,72.07877982597157,71.36513168597753,71.7860018655411,9833311
2018-01-23,71.67621612548828,71.8592036165303,71.01746314327838,71.47493187088342,16134097
2018-01-24,71.71281433105469,72.07878931168216,71.42003633209406,71.4749315864175,11061376
2018-01-25,71.10895538330078,72.04218958231553,70.68808515558537,71.98729432893583,13143678
2018-01-29,71.0540542602539,71.73110889961518,70.99915901140902,71.18214648346056,11002896
2018-01-30,71.34683227539062,71.7860041941349,69.7914387619629,70.92596208217488,22826262
2018-01-31,70.92595672607422,71.47491910112225,70.26720386155759,71.3468268875072,14372442
2018-02-01,71.31024169921875,71.42003717301176,69.16928704456922,71.18215442557369,17028230
2018-02-02,70.5965805053711,71.18214136661423,69.90122419047785,71.18214136661423,22083930
2018-02-05,71.91407775878906,72.07876346269961,69.53523627396045,69.53523627396045,21997294
2018-02-06,71.34683227539062,71.58471499643841,69.5352543153866,69.5352543153866,13495253
2018-02-07,71.54810333251953,72.04216541102444,70.779555151504,71.65789380244249,14316750
2018-02-08,71.60371398925781,72.14111434628148,71.2886863671008,71.90021264469648,33536651
2018-02-09,71.60371398925781,72.01139649870515,70.78834897036313,71.15897354637382,15183068
2018-02-12,73.56800842285156,73.77184718578162,71.6407845519587,71.97434117623058,11747845
2018-02-14,72.43759155273438,73.54944994815189,71.78900748874084,73.54944994815189,13853923
2018-02-15,73.34561157226562,73.49385835359682,72.15962726791959,72.64143559080627,8833619
2018-02-16,72.47467041015625,73.47534519638279,72.1781767837147,73.41974824293186,6252218
2018-02-19,71.95579528808594,72.99352788111143,71.75195154623717,72.49319054892644,4332550
2018-02-20,72.27081298828125,72.77114522520898,71.80753867494221,72.23375003784452,8479558
2018-02-21,71.88166046142578,72.60437041014788,71.64075882080111,72.49318155742628,9258406
2018-02-22,70.51039123535156,72.08552950087636,70.13977164978098,71.64078398745173,25535938
2018-02-23,71.62223815917969,71.84460583669724,70.54743759255106,70.64009246713293,11567495
2018-02-26,72.69702911376953,73.0861775517293,71.52957877304182,72.27081772294491,8362326
2018-02-27,73.29002380371094,73.47533354757014,72.47465891999101,73.10471405985173,17333449
2018-02-28,73.271484375,73.4567941051055,72.41906162725394,72.93792786617972,5795018
2018-03-01,73.16030883789062,73.56799129568921,72.47466175343602,73.04911997111898,8106682
2018-03-05,72.9935302734375,73.03059323015641,71.99286060311977,72.93793835178354,6992551
2018-03-06,71.58517456054688,73.1973703691502,71.19602107469166,73.04911854967281,9525018
2018-03-07,71.6593017578125,71.90020847226684,70.88099974436935,71.43693406269936,9481007
2018-03-08,72.41907501220703,72.60438477656267,71.30721642607325,71.84461172659513,10429826
2018-03-09,71.49250793457031,72.51171137826917,71.08482555172122,72.45611946852789,9887071
2018-03-12,72.27081298828125,72.51171462584794,71.5295740869388,71.71488381227441,14242997
2018-03-13,72.28934478759766,73.01205475551377,71.62223176094294,72.23375287318446,10581316
2018-03-14,72.02994537353516,72.71559273435723,71.71492269115944,72.1411342851243,8577503
2018-03-15,72.19669342041016,72.54878394017196,71.82607393722866,71.88166585433619,6132848
2018-03-16,71.25163269042969,73.0676675844452,70.91807105477712,72.04846376336153,10373796
2018-03-19,71.97433471679688,72.30789131113325,71.34428448901691,71.67784108335329,13496140
2018-03-20,72.2337417602539,72.67848203398577,71.45543999766385,71.93724321758522,9661410
2018-03-21,71.97433471679688,72.45614315470448,71.75196197828947,72.45614315470448,9675146
2018-03-22,71.41839599609375,72.1596350091172,71.25162023427275,71.97432525586133,11371840
2018-03-23,71.99286651611328,72.36348606004489,70.78834797148625,70.78834797148625,9062739
2018-03-26,72.2337417602539,72.45611441054356,71.99284015029322,72.04843205615377,15451169
2018-03-27,72.62291717529297,72.7711639884156,72.30788955562657,72.30788955562657,7563470
2018-03-28,71.62223815917969,72.56731586917529,71.27014762502911,72.45613203041651,14095921
2018-04-02,72.2337417602539,72.34492557197501,71.49250294385335,71.49250294385335,6821616
2018-04-03,73.5865249633789,73.93861552372007,72.10404685979347,72.19670174126756,6269850
2018-04-04,72.65997314453125,74.08685926560783,72.14110683509854,73.73476871982376,9689298
2018-04-05,72.73411560058594,73.54947569318938,72.64146070186851,73.34563692675101,8673501
2018-04-06,72.62291717529297,73.34562730118355,72.54879628215632,73.19738048806093,7948746
2018-04-09,72.5858383178711,72.82674499163852,72.34493667095188,72.64143525910863,4610445
2018-04-10,72.9935302734375,73.6235854571126,72.75262859503779,72.95646731671857,7562115
2018-04-11,73.0120620727539,73.45680245947935,72.56731665917975,73.38268157511614,5790314
2018-04-12,72.77114868164062,73.34561187357528,72.67849381457197,73.08617623504372,3537785
2018-04-13,73.19737243652344,73.3826821892554,72.78968997514335,72.82675293105949,3438013
2018-04-16,73.82742309570312,74.45747827013496,72.93793728174255,73.1047180711065,9628436
2018-04-17,75.93995666503906,76.7738505621439,74.93928197777375,75.30990148759811,23457958
2018-04-18,75.97700500488281,76.27349854496315,75.7360983483637,76.01406292725696,8814122
2018-04-19,77.12592315673828,77.42241668485161,75.95846795102887,76.16231165009847,10627620
2018-04-20,76.79237365722656,77.68186443429538,76.42175417573071,77.38536583298963,5446620
2018-04-23,76.6441421508789,77.0518246671755,76.05114985688834,77.0518246671755,4139986
2018-04-24,76.51441955566406,77.16300373736742,75.90289833257071,77.16300373736742,3594644
2018-04-25,76.84798431396484,77.83012510981598,75.56934486389966,76.49589373297607,5924775
2018-04-26,76.7182388305664,77.34828881846465,76.42174028316059,76.92207749759429,7950190
2018-04-27,77.05181884765625,77.34831245883343,76.75532523647907,76.90357204206767,7371596
2018-04-30,77.03329467773438,77.45950615540377,76.7367960212496,76.92210579648408,5644871
2018-05-02,76.0326156616211,77.49656481547747,75.86583486242512,76.71826279731141,7210903
2018-05-03,76.51441955566406,76.922102046676,75.32844006808739,75.97702424979074,3782713
2018-05-04,76.86651611328125,77.01476293242679,75.79172039091425,76.71826929413572,22466426
2018-05-07,77.5706787109375,77.83011436921636,76.71825587976177,76.71825587976177,6003886
2018-05-08,78.84931182861328,79.31258616305054,77.4038969105387,77.64479855907643,19748071
2018-05-09,78.51576232910156,79.20140941070554,78.25632666789508,78.5713542488319,13934330
2018-05-10,77.08888244628906,78.49723465135611,75.86583497961063,78.27486192770102,13973187
2018-05-11,76.66265869140625,77.45948954871042,76.32909714601763,77.3853636437689,10688957
2018-05-14,77.47802734375,77.75599197869532,76.34763983904521,76.34763983904521,13962128
2018-05-15,79.25699615478516,80.05382702381505,77.32977286642826,77.45949068856065,56040833
2018-05-16,79.1087646484375,79.6832229371682,78.77520303371712,79.46085020297106,18183776
2018-05-17,79.1087646484375,80.05384248521365,78.68254814670576,78.75667406705459,17900935
2018-05-18,78.92345428466797,79.68322741698543,78.60843167259813,79.20142398817895,18414996
2018-05-21,78.81224822998047,79.4793662822066,78.42309980298472,79.4793662822066,16669979
2018-05-22,78.10808563232422,79.31259909830769,77.64481122233057,79.21994421630896,9411261
2018-05-23,78.31192779541016,78.73813926592088,77.71893551924994,78.20074394287668,18219990
2018-05-24,78.47871398925781,78.7196157041864,78.34899613449639,78.7196157041864,17260447
2018-05-25,78.58988952636719,78.96050905680676,77.9227763823156,77.9227763823156,30090956
2018-05-28,76.69971466064453,78.75665568839852,76.45881301600168,78.6640008230091,17488299
2018-05-29,76.7182388305664,77.71890823258627,76.25496456291437,77.18151309821843,15749359
2018-05-30,77.64481353759766,78.55282839215157,76.7182646899819,76.7182646899819,36016623
2018-05-31,77.62625885009766,78.83077203088614,74.71689523882358,77.79303960894597,274352477
2018-06-01,76.3291015625,77.0518115835277,74.25363139937936,76.68119209107218,17096388
2018-06-04,74.75398254394531,76.69973523916816,74.3463000214811,76.69973523916816,14456405
2018-06-05,73.69770812988281,74.55013604768254,72.3078849206051,74.42041820944682,13788817
2018-06-06,74.5316162109375,75.32845235707578,73.19738969810585,73.19738969810585,8130515
2018-06-07,75.14313507080078,75.5878755217988,73.47534706914695,74.66132663199112,7683528
2018-06-08,73.34561157226562,74.5686538018083,72.91940019087035,74.45746997252195,12429285
2018-06-11,72.53026580810547,73.84596827717739,72.08552534715756,73.60506153895818,19668041
2018-06-12,72.28934478759766,72.80821103353445,71.67782367535614,72.80821103353445,13416832
2018-06-13,73.43826293945312,73.88300326225382,72.30787060361601,72.75261595326471,10866676
2018-06-14,73.69770812988281,73.88301789111985,72.86381420431618,73.45680644564447,7205187
2018-06-15,73.32707977294922,73.75329619392295,72.73409262991312,73.69769925077098,9527937
2018-06-18,73.62358093261719,73.93860850509489,72.7340951602702,73.32708232393581,4303444
2018-06-19,73.6421127319336,74.01273223691923,72.93793667783062,73.21590130656985,8099053
2018-06-20,73.80890655517578,74.01274530817798,72.9379495592716,73.64212573773789,8160216
2018-06-21,72.43759155273438,73.623575851919,71.82607044062439,73.41973212998353,10942576
2018-06-22,73.271484375,73.53092000788696,71.93725331287074,72.71555518468348,7677797
2018-06-25,71.97433471679688,73.49387589860643,70.97365990693828,73.27150316009903,8701812
2018-06-26,70.69568634033203,72.15963540992426,70.047102200334,71.86314181380753,9869227
2018-06-27,69.37998962402344,71.34427605051472,68.8240603569342,71.14043230313936,13094540
2018-06-28,68.49048614501953,69.9544298215033,67.87896008739534,69.82471704743517,22542641
2018-06-29,69.25027465820312,70.54744300181031,68.23107095965463,68.65728241004146,8435793
2018-07-02,68.58316040039062,69.43558328723866,68.00869712721133,69.30586544962728,13100144
2018-07-03,68.39784240722656,68.73139893032894,67.15626615698874,68.21253266918654,9990760
2018-07-04,67.82339477539062,70.13976703272813,67.50836714302282,68.65728878803213,10626271
2018-07-05,67.32304382324219,68.10134575055486,66.91536640941753,67.87897305320145,7739370
2018-07-06,67.3786392211914,67.78631662565874,67.02654870622592,67.32304227799278,7229617
2018-07-09,68.37931823730469,68.56462800195715,67.4527694140424,67.52689533064301,10238815
2018-07-10,68.21253967285156,68.69434303048503,67.97163296718595,68.56462519516867,7258266
2018-07-11,67.78632354736328,68.47197065729044,67.6010137893748,68.11988513322167,3825437
2018-07-12,67.67514038085938,68.0457599005469,67.30452086117185,67.89751309804168,11523981
2018-07-13,67.36011505126953,67.95310730810101,67.17480528518776,67.52689585148276,4793733
2018-07-16,67.21186065673828,67.63807206524476,66.93389603899294,67.10067682037958,12191173
2018-07-17,67.24893188476562,67.54542550276547,66.71153154693562,66.97096723282235,4698206
2018-07-18,66.15559387207031,68.11988018002863,65.98881811811677,67.67513478245543,5845129
2018-07-19,65.7664566040039,67.00803310876854,65.63673875541369,66.37797785952995,5980121
2018-07-20,65.15492248535156,65.95175335959337,64.52486736050079,65.78497258335392,5273662
2018-07-23,65.61820983886719,65.97029539748277,65.09933844410841,65.21052732592075,6336970
2018-07-24,65.87763214111328,66.13706780553716,65.32170288321821,66.04441292922131,6260188
2018-07-25,65.09933471679688,66.34091115142616,64.74724917834021,66.21119331016355,7757736
2018-07-26,67.39717102050781,68.11988104401851,64.5619328988518,65.3217008502565,33869484
2018-07-27,66.67446899414062,68.49050875271236,66.04441879534055,67.91604545242056,19690254
2018-07-30,67.89752197265625,68.10136072438776,66.7300713384175,67.0450939498481,10288607
2018-07-31,67.56396484375,68.78700739837167,67.3971840286427,68.06429723537278,11713824
2018-08-01,68.45343780517578,68.84258626411466,66.76711608712725,67.82338265305239,10299992
2018-08-02,69.9359130859375,70.51037127017275,68.47196412671441,68.99083542107346,12305598
2018-08-03,70.49183654785156,70.76980113561405,70.04709119669236,70.34358977308116,7491196
2018-08-06,70.21387481689453,71.10336052855558,69.91738125529025,71.10336052855558,4944677
2018-08-07,70.08416748046875,70.65863075391053,69.5467721913317,70.36213212111345,3270258
2018-08-08,70.23240661621094,70.67715200342946,69.62088547892179,70.08415982942091,6225545
2018-08-09,71.38134002685547,71.52959186545002,69.62089719861324,70.23241843884331,6328977
2018-08-10,70.62156677246094,71.84460916282427,70.08416646426708,71.78901724087119,4909902
2018-08-13,69.67647552490234,70.41771446579976,69.36145299649957,69.89884821254122,2537940
2018-08-14,69.63941955566406,70.0470969631316,69.13908225113305,69.50970173199329,2304692
2018-08-16,69.56529998779297,70.417722860708,69.34292727364374,69.4541161441428,3661689
2018-08-17,69.34291076660156,70.04708667140471,68.84257353558301,69.86177695820138,4022502
2018-08-20,69.54676818847656,69.9915085718011,68.78699519833471,69.4911712420684,2487784
2018-08-21,69.50969696044922,69.78766155201332,68.87964187549802,69.54675991136072,3655095
2018-08-23,70.49183654785156,70.78833009739235,69.50969600979369,69.50969600979369,9442607
2018-08-24,70.7697982788086,72.12255821260881,70.25093207463358,70.60301752214443,8393334
2018-08-27,73.3085708618164,73.49388065141488,70.75129677072738,70.84395166552662,14042229
2018-08-28,73.06766510009766,74.29070763307396,72.54879872328496,73.2344408854038,8224129
2018-08-29,71.54811096191406,73.77182791188328,71.19602043409618,73.01205996471656,6955827
2018-08-30,72.9935302734375,73.45680466530187,71.30721349779071,71.62224108962826,22347117
2018-08-31,74.67987060546875,74.95783530955586,72.21524620774969,72.21524620774969,11854651
2018-09-03,72.08551025390625,75.97701486335806,71.90020051059902,75.18017894565817,8999761
2018-09-04,72.06697082519531,72.80820974248934,71.02923835172292,72.08550481423653,5387824
2018-09-05,72.5117416381836,73.01207908834687,71.43694583621982,71.95581225507993,7334087
2018-09-06,73.86447143554688,74.77249106134015,72.45611959436526,72.64142931172326,16457730
2018-09-07,72.53026580810547,74.45748955276173,71.47399904472366,74.45748955276173,4580610
2018-09-10,72.54906463623047,73.31986607372316,71.49626889211319,72.62426651787413,6293799
2018-09-11,70.2742691040039,73.2634596519873,70.01106762690654,72.5866631391876,9560546
2018-09-12,72.86864471435547,73.41384545507985,70.34944867763586,70.34944867763586,13582243
2018-09-14,75.2562484741211,75.93304489720133,72.90625381090523,73.4138536781228,22816500
2018-09-17,75.91423797607422,76.5346354736185,74.22224201923662,74.22224201923662,15162744
2018-09-18,74.78624725341797,76.66624292647282,74.50424790245974,75.76384602336942,4937349
2018-09-19,74.56063842773438,75.19983892512994,73.77103931324989,74.82383983250057,6025625
2018-09-21,75.35025024414062,75.91424897815891,73.35745165738703,74.82385244568654,11174973
2018-09-24,74.29745483398438,75.33145258659107,73.15065936647397,75.19985695247519,3992299
2018-09-25,72.41747283935547,74.67346836957178,72.060276606961,74.07187364136712,10770907
2018-09-26,72.5114517211914,72.94385481951385,70.76305670994724,72.73705222905207,7286693
2018-09-27,73.15066528320312,73.65826524095718,72.248268191538,72.56786854270283,8101331
2018-09-28,70.83824157714844,74.4290305244286,70.4434395081958,73.13183684024771,10284429
2018-10-01,72.34226989746094,72.90626873206197,69.89827494752308,70.80067206292158,4684738
2018-10-03,71.04505920410156,72.30465742039613,70.81945868628813,71.62785586695581,10349581
2018-10-04,71.1578598022461,71.79706044536776,69.39066672388869,70.68786082930818,11239097
2018-10-05,70.42463684082031,72.0226327220074,70.06743572157083,71.0638321334072,7035573
2018-10-08,70.18025207519531,71.08264890398769,68.61985171520469,70.12384812979673,4680183
2018-10-09,70.14266204833984,71.23305859845519,69.67266309571986,70.33066162938783,5552286
2018-10-10,70.3682632446289,71.0450597030069,70.01106199726465,70.01106199726465,3526073
2018-10-11,69.82305145263672,70.87584691145712,69.20265394655276,69.91705122931047,10016561
2018-10-12,70.85707092285156,71.34586787288819,69.97347172872458,70.02987059221867,6856067
2018-10-15,70.72544860839844,71.439845894385,69.97345039160957,70.85704931629935,6926558
2018-10-16,70.3870620727539,70.98866176565183,69.59746279456382,70.66906145069213,6530627
2018-10-17,71.10145568847656,71.4774548390269,70.68785560290821,70.70665862032465,4151254
2018-10-19,71.12025451660156,71.98505047200116,70.33065532699369,71.06385056748955,9497796
2018-10-22,71.12025451660156,71.81584882429428,70.7818512211878,71.21425429870216,4377225
2018-10-23,71.79706573486328,72.43626642507668,69.86067084366235,70.68786603708578,4599675
2018-10-24,71.59026336669922,72.28586287078356,71.21426418609312,72.00385838551371,4510189
2018-10-25,71.92866516113281,72.24826550039299,70.19906782497387,71.3270654224929,7455415
2018-10-26,70.83824157714844,71.8158350435525,70.61264112343459,71.57143667695148,6390862
2018-10-29,71.27066040039062,71.62785654883184,70.46226321202722,71.21426154535412,8374975
2018-10-30,69.99225616455078,71.27065216349666,69.78545358689743,71.06384958584331,5105532
2018-10-31,69.91706848144531,70.2178658010978,67.22867522517384,69.59746814192985,9622136
2018-11-01,70.85707092285156,71.1766712824059,69.76667419597428,69.97347172872458,5603131
2018-11-02,71.38346099853516,72.30466103405705,70.95106295934102,71.08266369296061,6034462
2018-11-05,69.95467376708984,71.25186802596812,69.55987152322753,71.08267143558358,4872816
2018-11-06,70.72544860839844,71.06384678599056,69.55985035241284,70.349449500004,7337064
2018-11-07,71.0826644897461,71.43986065664288,70.72546322303397,71.43986065664288,223308
2018-11-09,72.07905578613281,72.26705536476287,70.98865925004151,71.06385602160455,9231137
2018-11-12,69.91706848144531,72.53026495771142,69.27786780241438,72.00386199859629,3906667
2018-11-13,69.20264434814453,70.68783755370502,68.75144344276634,70.31183849916107,7750412
2018-11-14,69.91706848144531,70.31186560096614,69.22146894245648,69.29667082227736,9918943
2018-11-15,70.34947204589844,70.87586994639,69.76667528103563,69.93587187414938,8814911
2018-11-16,70.72544860839844,71.439845894385,70.01105132241187,70.3118485692017,5537047
2018-11-19,71.32705688476562,71.62785416817289,70.55626065865016,70.76305815351579,5155461
2018-11-20,70.83824157714844,71.8534359691404,70.49983834667087,71.8534359691404,2673334
2018-11-21,68.46946716308594,70.63146245331737,68.1686698582842,70.49986172003588,6426666
2018-11-22,67.60466003417969,69.07105558002273,66.85266179530485,69.07105558002273,6231287
2018-11-26,68.60108184814453,68.7514805311328,67.24748350161745,67.69868465039859,5022526
2018-11-27,68.63865661621094,69.54105346979783,67.79265860975804,68.41305612786063,6727512
2018-11-28,69.29666900634766,69.55986537919259,68.24386821552172,68.39426687140673,9281286
2018-11-29,67.86785125732422,70.87584398675943,67.41665540779736,69.54104925299818,16395530
2018-11-30,67.73625183105469,69.01465284499069,67.04065757912464,68.05585208453869,10573839
2018-12-03,69.1086654663086,70.87585849675021,68.0934656723628,68.0934656723628,11107638
2018-12-04,70.40585327148438,70.76305448937252,68.48825666456601,68.95825558293744,6304336
2018-12-05,68.995849609375,70.57504785693945,68.61985051231815,69.5974491846288,5774768
2018-12-06,68.995849609375,69.71025197363434,68.69505237165518,68.995849609375,8600328
2018-12-07,68.67625427246094,70.31185148169,67.92425602452246,69.10865734487716,8378029
2018-12-10,67.41667938232422,68.58227289963415,66.42027735650991,67.8678753923041,6431248
2018-12-11,67.79266357421875,68.16866271573225,66.60826219859939,66.85266572043497,6514193
2018-12-12,68.63865661621094,69.10865550868478,67.94305723538679,68.01825399829397,7396629
2018-12-13,68.63865661621094,68.8078531576129,68.09345586101554,68.56345475348938,4251108
2018-12-14,69.82305145263672,70.02984892139328,67.86785405789682,68.24385316459185,9276710
2018-12-17,72.39863586425781,73.90263207313716,71.32703754546858,71.43983522120912,23727234
2018-12-18,73.82744598388672,74.07184949985714,71.77825377170309,72.53025203668379,15507368
2018-12-19,74.82386016845703,75.01185976586707,73.33866130899155,73.33866130899155,11434466
2018-12-20,74.42904663085938,74.80504576847741,73.28225130105025,74.09064842696608,7938383
2018-12-21,74.03425598144531,74.86145109588192,73.56425701876027,74.44785608857119,8722621
2018-12-24,72.92505645751953,74.37265428390107,72.6430570796458,74.07185698742848,8563441
2018-12-26,73.43265533447266,73.80865449973194,71.94745659177245,72.79345471360585,4766041
2018-12-27,73.90264892578125,75.0118484226953,72.75585359492277,73.33865021883813,46486470
2018-12-28,74.09066009521484,74.57945701117113,73.54545921988127,74.25986177371576,5142112
2018-12-31,74.6922607421875,75.19986068407309,73.69586387837687,73.95906025948437,6317785
2019-01-01,75.19984436035156,75.3878439202543,73.73344371325867,74.24104354495894,3961625
2019-01-02,73.41385650634766,75.19985251919613,72.94385755559806,74.86144919480442,7876559
2019-01-03,72.586669921875,73.31987046243307,72.19187276915355,73.28226951936057,7942863
2019-01-04,73.65826416015625,73.97786450663152,71.96626772568021,72.68066520027364,4017540
2019-01-07,74.61705017089844,74.7862518317576,73.63945134109936,73.73345113050668,3592512
2019-01-08,74.20346069335938,74.63586386634616,73.62066395558298,74.41026331953037,3990870
2019-01-09,74.29745483398438,74.72985797401759,73.54545646845223,74.20345503829286,4087529
2019-01-10,73.56427001953125,74.24106660547969,73.28227059208339,74.24106660547969,3589725
2019-01-11,73.0754623413086,73.65826417317608,72.66186729266053,73.28226496544828,2995789
2019-01-14,72.37986755371094,73.07546200495314,71.81586364489961,72.96266428308024,5370460
2019-01-15,72.36104583740234,74.82384306025337,71.59024970418716,74.82384306025337,11498868
2019-01-16,72.19184875488281,73.00024581286056,72.04144503262384,72.37984830789226,8515441
2019-01-17,72.90625762939453,73.15065606720647,72.19186023432307,72.19186023432307,5325531
2019-01-18,72.79344177246094,73.95903999750885,72.37984684405626,72.94384549167808,4366941
2019-01-21,71.90985870361328,73.20705791867339,71.68426327474654,72.9250585327747,4067143
2019-01-22,71.32705688476562,71.90985353379781,70.87585585983979,71.81585374525618,3577455
2019-01-23,70.04866027832031,72.0038528060789,69.82305976747493,71.27065752060001,6173490
2019-01-24,70.21786499023438,71.10146411875625,69.76666901596599,70.199067070404,6157088
2019-01-25,69.87945556640625,71.10145275528302,69.65385506541992,70.53745405272451,3868441
2019-01-28,70.6126708984375,70.91346823034976,68.43187239271853,69.9358692519113,7440853
2019-01-29,69.78545379638672,70.61265390985432,69.05225346400341,70.23665478551713,17469350
2019-01-30,70.34947204589844,70.650274488905,68.95827285905597,69.59747358810596,12711500
2019-01-31,70.91345977783203,72.003856350814,70.23666331179221,70.8758588408709,25774313
2019-02-01,71.51506042480469,72.1354580435954,69.89826601222097,71.7970598060564,9474849
2019-02-04,69.40946197509766,71.251856858238,69.0898616658208,71.251856858238,3678667
2019-02-05,69.97346496582031,70.29306529448542,68.99586606041571,69.22146659240374,5500377
2019-02-06,70.23664855957031,70.96984372714691,69.46584736311608,70.02984599962764,4322649
2019-02-07,69.40946197509766,70.57506040314645,69.18386145679546,70.29306103022247,4309303
2019-02-08,68.05587768554688,70.66907444140361,67.86787806569578,69.40947596843802,7692145
2019-02-11,68.5634536743164,68.88305393613106,66.87145768804223,67.52945612714885,7913450
2019-02-12,68.14985656738281,70.08625613705449,67.84905930791909,68.8078550347974,11930402
2019-02-14,65.78107452392578,67.24747032030888,64.85987448398733,66.73987040237984,36962390
2019-02-15,68.24386596679688,68.50706743078437,66.77747019556064,67.07826749741902,16005610
2019-02-18,67.96186065673828,68.99585830394469,67.51066474330072,68.22506209777129,7973918
2019-02-19,67.47306823730469,68.80786324774176,67.2662656344016,67.77386553267173,10824411
2019-02-20,68.35665893554688,68.65745619408627,67.15345970176031,67.96185679642262,9658184
2019-02-21,68.35665893554688,68.80785482335597,67.99945772869367,68.69505712635731,9197823
2019-02-22,68.3942642211914,68.65746568365292,67.86786639608357,68.31906744607039,12182132
2019-02-25,68.41307830810547,68.61987584791416,67.11587890438614,68.05587699409115,29907322
2019-02-26,68.13106536865234,68.69506411061658,67.24746631961202,67.49186475450018,13683801
2019-02-27,68.22504425048828,69.2966425517775,67.6234447567984,68.16864541353904,13566494
2019-02-28,68.75145721435547,69.46585454112704,67.90545917216987,68.77025513092264,69863939
2019-03-01,68.88307189941406,69.08986942285038,68.46947175272581,68.84547095883957,7227772
2019-03-05,68.80786895751953,69.72906903822323,68.6574702973557,69.18386815783687,15733697
2019-03-06,69.37185668945312,70.08625913592289,68.31906113646832,68.84545891296072,20336766
2019-03-07,70.3682632446289,71.25185720422931,69.40946231214251,70.31185928991817,12295538
2019-03-08,70.31185150146484,70.85705227129937,69.65385303433364,70.68785062553982,6211299
2019-03-11,73.05665588378906,73.69585650215858,70.59385830107358,70.8758576739163,17678891
2019-03-12,73.82744598388672,75.95184516230889,73.18825051854189,73.18825051854189,26457157
2019-03-13,73.22586059570312,74.54185772375214,72.60545786977066,74.48545376698355,6930222
2019-03-14,72.71421813964844,73.54756214594299,72.57855626485785,73.2374823668731,8466765
2019-03-15,74.90418243408203,75.27240154799362,72.52042354453583,72.52042354453583,14301914
2019-03-18,76.37706756591797,76.66776934962776,74.90418063133248,75.25302172034549,14247336
2019-03-19,77.13288116455078,77.5980007849232,75.6987505063853,76.04759153596281,16995997
2019-03-20,76.51274108886719,77.46236390579284,76.16389994678848,77.22980664920338,9060589
2019-03-22,76.93909454345703,77.8499559435433,76.41583027164134,76.70653206073963,8782833
2019-03-25,78.29569244384766,78.87709594445465,75.62123213530099,76.4351980875894,14506515
2019-03-26,78.62515258789062,79.03213820487909,77.28792765056839,78.35383410042493,8371544
2019-03-27,77.59800720214844,79.34221775147218,76.93908637116431,78.68329692048805,11579885
2019-03-28,76.84217071533203,77.5204746848225,76.1444834781122,77.5204746848225,17034861
2019-04-01,75.79566192626953,77.40421070071446,75.62123875793483,76.82280714919025,10617688
2019-04-02,77.4429702758789,77.83057263498793,75.97008341414201,75.97008341414201,17946031
2019-04-03,77.88871002197266,78.50887483273465,77.57863024518831,77.67553083258258,15076661
2019-04-04,77.2685546875,78.78020824199592,76.93909685570911,78.08252077287612,10130253
2019-04-05,76.08637237548828,77.79182193626643,75.98947177252141,77.79182193626643,9883976
2019-04-08,76.88093566894531,77.63676228278568,75.79565129454188,76.7452790650395,13511642
2019-04-09,76.88093566894531,77.26853798225979,76.3770547645136,77.11349810837257,10655872
2019-04-10,76.99723052978516,77.38483289853647,76.64838944934769,76.64838944934769,8637199
2019-04-11,75.95071411132812,77.28794459908566,75.8344354850859,77.19104399148569,13713296
2019-04-12,76.37706756591797,76.60963004432455,75.60186280935851,76.22202766604481,11004111
2019-04-15,76.76465606689453,77.84994042700556,76.39643177121788,76.66775548984202,8965316
2019-04-16,76.29953002929688,77.4623369361744,76.16387342924864,77.13287918497991,4918434
2019-04-18,75.31114196777344,76.6871279595886,75.00106224649443,76.49332681949112,11593259
2019-04-22,75.50496673583984,76.24141024722901,74.9623244251949,75.27240424350799,7772049
2019-04-23,74.80728912353516,75.40807077996764,74.43906471656405,75.11736896094656,6686014
2019-04-24,74.40028381347656,75.44681218900473,73.66384045082744,74.84602543372264,7288151
2019-04-25,74.2452621459961,75.8925724236542,73.91579903902561,74.49720266643436,17599280
2019-04-26,73.95455169677734,75.34992129106287,73.78012852604404,74.03206901706376,8664580
2019-04-30,72.24910736083984,74.61348305304777,71.86150496071376,74.3033979786305,14290974
2019-05-02,73.72198486328125,73.9545473247793,72.26847605041011,72.50103851190816,8897549
2019-05-03,73.97393035888672,74.78789640076465,73.7219898656657,73.99331363202292,10782838
2019-05-06,73.81887817382812,74.74912267092458,73.19871342336621,73.64445503060068,5477945
2019-05-07,74.2452621459961,75.1173675871092,73.83827645249342,73.83827645249342,9450289
2019-05-08,73.64447021484375,75.09798444131256,73.21811178961157,74.40029698174426,10180731
2019-05-09,72.83049774169922,73.66384169927278,72.22971097623508,73.60570240124542,7921214
2019-05-10,71.91963195800781,73.04367767451922,71.72583079111988,73.02429966070767,5938686
2019-05-13,70.79558563232422,72.11343785943907,70.56302842254485,71.88087539246625,5504435
2019-05-14,70.40798950195312,71.39637875973007,70.17543227159989,70.50489010033161,11334983
2019-05-15,69.1870346069336,71.5514099715132,68.78005424607353,70.98938446633188,7616268
2019-05-16,70.48548889160156,70.81495186912358,69.32268209365952,69.51648322664987,8660893
2019-05-17,70.6017837524414,71.16380927061844,69.90410161563642,70.42736584683686,10183233
2019-05-20,72.8886489868164,73.21811207256404,71.33823941359825,72.13282221699498,6287120
2019-05-21,71.29946899414062,73.1018188408076,71.22194642252761,72.96615696908142,7748239
2019-05-22,70.58240509033203,71.82273471904904,70.4661264876619,71.28008722073949,6972640
2019-05-23,71.57078552246094,72.90801567444733,70.97000400907174,72.09404972355097,13966122
2019-05-24,71.95840454101562,72.30724564474684,71.4157569827738,71.95840454101562,7240775
2019-05-27,72.61731719970703,73.4894224884583,71.95839635807765,72.2684761356452,6424176
2019-05-28,73.72198486328125,74.14834849982878,72.7917402744824,72.96615817771092,11255911
2019-05-29,73.70260620117188,74.80727394068803,73.39252116950082,74.1871091345392,8310232
2019-05-30,74.10958862304688,75.15611709109784,72.92740353563556,74.96231591236199,34989609
2019-05-31,73.37315368652344,74.57472218517798,73.02431257586736,74.22587581732785,11849847
2019-06-03,74.82666778564453,75.00109098143545,73.64447722380538,73.74137783097936,12106965
2019-06-04,74.78789520263672,75.97008558603267,74.40029283244662,74.63285530599941,11447117
2019-06-06,75.75688934326172,76.80341768285297,75.25300844327649,75.58247145812504,26132949
2019-06-07,74.32278442382812,75.98947808768675,74.09022716313612,75.75691556980013,8783688
2019-06-10,75.31114196777344,75.95068467865664,74.57469868684149,74.78787783807176,11231885
2019-06-11,75.05921173095703,75.85379441039288,74.7685099813303,75.69875452869724,6589306
2019-06-12,74.09021759033203,75.03984030131433,73.76075450399371,74.8072830706698,7509749
2019-06-13,75.13674926757812,75.3693117813164,73.50882218579922,74.10960386052813,11041648
2019-06-14,75.42744445800781,76.3383111566317,74.94294145418596,75.19488722192855,34979466
2019-06-17,75.2142562866211,76.14450089179535,75.0398331231288,76.12512287682661,10860754
2019-06-18,76.66777038574219,77.07475078555848,75.25302273734053,75.46620194539787,17815522
2019-06-19,77.63677215576172,78.10189709376561,76.74528882464666,76.7840448551524,32722391
2019-06-20,77.88871002197266,78.5863974055274,77.24916719660912,77.77243141997685,11459458
2019-06-21,77.48173522949219,78.31507928956988,76.95847096849661,77.98561621729905,16601442
2019-06-24,77.15226745605469,77.81119356044557,76.57086392530745,77.52049179507196,9883389
2019-06-25,78.14065551757812,78.41197928258947,77.13289354969292,77.13289354969292,10375296
2019-06-26,81.26085662841797,81.76473760517997,77.92747520397994,78.08251510012258,31182825
2019-06-27,80.50503540039062,81.35776277316252,79.94301508136756,81.04768295971489,13741562
2019-06-28,80.19496154785156,81.24149019611541,79.32285609336314,80.29186215390583,12067819
2019-07-01,80.25308990478516,81.39651900301503,79.71044763639561,80.33061248192378,11211814
2019-07-02,80.36937713623047,81.0864373474208,79.98177474869242,80.38875515272983,12203723
2019-07-03,80.98953247070312,81.2608562305194,80.11742714482827,80.6988306954115,13693989
2019-07-04,81.4740219116211,81.70658434470711,80.5050161547566,81.00890230264176,12324046
2019-07-05,79.78797149658203,82.17173048126561,79.1484285829425,81.41590369238632,12525923
2019-07-08,78.00498962402344,79.98176255042245,77.65614332268775,79.45849835561197,8948141
2019-07-09,79.36161041259766,79.53602833385017,77.36545389755472,78.27632056585298,6875651
2019-07-10,79.57476806640625,80.02050964288588,78.72204093620765,79.34220564388005,12675299
2019-07-11,80.8538818359375,81.06706105072841,79.8848705893413,80.00115446238594,7808266
2019-07-12,80.11742401123047,81.33837562545557,79.22594070474847,80.85387268558637,6349095
2019-07-15,79.4391098022461,80.13679710132884,78.64452718469393,79.71043351697705,6656137
2019-07-16,80.97015380859375,81.16395499057379,79.18718188293873,79.38098306491877,6627472
2019-07-17,80.62130737304688,81.60969123256335,80.02052059453085,80.9313871407245,6388864
2019-07-18,79.59416961669922,80.97016129021483,79.45851298253338,80.97016129021483,8419638
2019-07-19,79.72982025146484,80.48564692719177,78.60577450225536,79.76858153740861,10869152
2019-07-22,79.10965728759766,80.3112256366365,78.5282537565008,79.84610596607504,9061812
2019-07-23,81.57093048095703,81.78411492267412,79.14841585139834,79.34221702176305,14046808
2019-07-24,81.31897735595703,82.5593067561467,80.83447450544425,81.26083806533397,18181391
2019-07-25,82.61746215820312,83.1019651032,81.33837648628872,81.39651578824966,28085772
2019-07-26,81.99730682373047,82.94693480866758,81.49342580551527,82.61747171651426,10950941
2019-07-29,80.58255004882812,82.3655219435995,80.05928581510702,82.30738264145126,5948953
2019-07-30,80.71820831298828,81.3189898369563,80.11742153182706,80.54378515715592,10050004
2019-07-31,81.70659637451172,82.92754801367796,80.21432623779233,80.42751069000566,26229893
2019-08-01,82.94692993164062,83.81903528225487,81.31899784094989,82.1523419023203,27069006
2019-08-02,81.60969543457031,82.92754765803815,80.75697340095438,82.5399400426938,20863783
2019-08-05,77.96623229980469,81.39651413202317,76.29953904861263,81.39651413202317,18063375
2019-08-06,76.78404998779297,78.50888271956116,76.06698977479576,77.75305595907984,11846580
2019-08-07,77.07475280761719,77.88871888579801,76.3964486186655,77.13289737242533,9432897
2019-08-08,78.5670166015625,80.87325275686354,76.37706430910312,76.764666670855,6595239
2019-08-09,78.29569244384766,80.95076948139155,78.00499069354416,78.87709594445465,9175926
2019-08-13,78.29569244384766,79.61353932711822,76.26078019172317,77.6949056722379,7558090
2019-08-14,79.51665496826172,79.92363539884965,76.64839816480006,77.92748402424287,8024154
2019-08-16,81.84224700927734,83.04381521107832,78.41196554470731,79.10964759365356,11894601
2019-08-19,81.21466827392578,82.37179773794604,80.86164743886033,82.03838710253474,8100095
2019-08-20,80.8224105834961,82.72480717502395,80.66551304732737,81.1950468870575,8711658
2019-08-21,80.37133026123047,81.43039796822168,80.13598129076756,81.05776165497342,5649369
2019-08-22,79.52800750732422,80.62629569458689,78.76312462392701,80.21443895440943,5059207
2019-08-23,79.03770446777344,80.25366456834942,78.72390402231468,79.2534379513764,7611285
2019-08-26,79.58686065673828,79.8222096964482,78.115935808783,79.37112182026029,7846961
2019-08-27,81.0185317993164,82.13643536174561,79.6456690819923,79.6456690819923,18828020
2019-08-28,80.7047348022461,82.86209044923672,80.15558547231996,81.5676738689323,15756988
2019-08-29,80.33210754394531,81.11660059464143,79.88102510383183,80.70474387109957,8660979
2019-08-30,78.64545440673828,81.27350309464867,76.09585183656867,80.54784591448662,15630977
2019-09-03,77.29219818115234,79.39071818861682,76.89995164967054,78.99847165713501,9494810
2019-09-04,77.2333755493164,78.05709447114157,76.60577992696463,77.44910905066313,8565768
2019-09-05,78.19436645507812,79.74374244946952,77.40987335820842,78.05708441927337,14199248
2019-09-06,79.82218933105469,80.15559462204641,78.4689366881231,78.58660851786324,13782929
2019-09-09,79.58686065673828,80.3517383855638,79.15538830396765,79.72414803991784,4769289
2019-09-11,78.99848175048828,79.97909820448264,78.37088615589494,79.62607734508163,7723322
2019-09-12,78.3120346069336,79.23381495380055,77.52754160026957,79.23381495380055,11516235
2019-09-13,79.48878479003906,79.62607214867583,78.07669612440327,78.2532092026769,7223537
2019-09-16,79.29267120361328,80.01832848494331,78.78274742637741,78.84158867311679,6031015
2019-09-17,78.62583923339844,79.50839397311276,78.19436696327901,79.39072213589125,5823968
2019-09-18,79.25341796875,79.62605424121966,77.76288351923782,78.64543807175554,7206830
2019-09-19,78.9004135131836,79.52800905534312,78.09630489597835,79.52800905534312,6306748
2019-09-20,76.95877075195312,81.94030274151613,76.64497572339701,78.52775653509953,51859153
2019-09-23,73.86003112792969,77.76288572097347,73.11476388207251,77.2725776223591,24586363
2019-09-24,74.70336151123047,75.2917312415214,72.56561602976666,73.70313509780925,18234411
2019-09-25,77.95901489257812,79.78296009417694,75.7428178620567,75.89972072169925,48245282
2019-09-26,78.15513610839844,78.99846501615332,77.31180188045992,78.42970546524366,15826874
2019-09-27,77.70406341552734,78.3512745194542,76.89996006605745,77.58639157127773,10034452
2019-09-30,78.07669830322266,78.44933466989497,76.7430610396439,77.27259496905762,9111327
2019-10-01,77.07646179199219,79.48877680502528,76.88033853369383,78.25320134178237,7634447
2019-10-03,78.09629821777344,78.44932433767676,76.29196850361087,77.15490764512691,9432906
2019-10-04,77.09608459472656,78.37088598209212,76.7234482149612,78.07670104654622,19442087
2019-10-07,77.07646179199219,77.42948259289247,76.25274304310229,77.1549079032012,11655995
2019-10-09,77.54715728759766,78.01785525299434,76.64499239413544,77.46871117348759,8504262
2019-10-10,78.09629821777344,78.2924214754158,77.07646153418028,77.62560559154211,6982965
2019-10-11,78.84156799316406,80.11636912159886,78.01784927690791,78.07668518802971,10517558
2019-10-14,77.82173919677734,79.35149974575604,77.54716447149559,78.841581336158,11162487
2019-10-15,78.93962097167969,79.23380581524843,77.78249179223604,77.82171750208182,5013200
2019-10-16,77.88055419921875,78.93962177491584,77.13528698529787,78.8415601593951,6668842
2019-10-17,77.54715728759766,78.3512658684683,77.07646464238506,77.95901933736576,7899823
2019-10-18,79.44955444335938,79.72412914464203,77.27258831241862,77.54715769351718,8795448
2019-10-22,80.43016815185547,81.41078445274785,78.84157187248337,78.84157187248337,10675241
2019-10-23,80.90087127685547,81.19505618593226,79.35149529431065,80.41056309506081,5777589
2019-10-24,80.05753326416016,81.29311408157464,79.86141000046693,80.95970346925937,5428181
2019-10-25,79.60646057128906,80.56746680915607,78.90041886359653,80.56746680915607,3993616
2019-10-27,79.37110900878906,80.13599193433846,78.84158040514586,80.01832009356986,388417
2019-10-29,78.8611831665039,79.58684030328683,78.25320317957402,79.33188112554797,5943950
2019-10-30,78.4297103881836,79.95947076434824,78.1747512121868,79.95947076434824,6419057
2019-10-31,77.8021240234375,78.80235596698289,77.60600073884248,78.56700696143194,15582577
2019-11-01,77.39025115966797,77.99823108740229,77.17451771955153,77.84133355639183,8803683
2019-11-04,76.39002227783203,77.91978246611211,76.11544761729161,77.62559760989735,15175738
2019-11-05,76.64498901367188,77.0764612428912,76.0566192429684,76.39002984373714,8153818
2019-11-06,76.52731323242188,77.07646261768724,76.37041568813916,76.64499038077184,9183411
2019-11-07,76.17428588867188,77.21373801552151,75.95855244882546,76.88033275761042,15498054
2019-11-08,75.17407989501953,76.64500462131062,74.86027942796647,76.58616869629596,11762251
2019-11-11,75.21330261230469,75.74283659409848,74.66415842829764,75.17408220787817,10089055
2019-11-13,74.23267364501953,76.23313206277253,73.86004262418292,75.31135695005067,9456977
2019-11-14,73.74237060546875,74.5857049812258,73.31090363763019,74.52686373998912,19380370
2019-11-15,73.60508728027344,74.09539548080349,73.25206111974421,73.74236932027428,18256039
2019-11-18,74.78181457519531,74.91909659245769,73.21282859337526,73.6246852855296,11766437
2019-11-19,76.66458129882812,76.88032002312296,74.60528758251404,74.91908259216505,22218922
2019-11-20,76.9195556640625,77.33141768111632,76.09584227032212,76.86071975310728,9597590
2019-11-21,76.99801635742188,77.25297554902991,76.0958514270598,76.80189308384888,12107895
2019-11-22,77.95901489257812,78.920015646878,76.88033699354632,76.88033699354632,16199814
2019-11-25,77.9001693725586,78.60621624153852,77.58637431091206,78.05707222356534,6529113
2019-11-26,76.25275421142578,78.21398708166046,76.05663092440231,78.0766997167071,21594044
2019-11-27,76.52731323242188,76.88033935728788,76.13506671162314,76.46847731833884,12155700
2019-11-28,76.93917846679688,77.56677399017684,76.17429559139877,76.95878866557769,6724188
2019-11-29,75.8212661743164,76.84110811914103,75.35056825511009,76.64498487283566,17547179
2019-12-02,75.07599639892578,76.48808478927398,74.68374991939481,76.48808478927398,19957065
2019-12-03,74.29151153564453,75.35057395367753,74.17383438685157,75.35057395367753,7451455
2019-12-04,73.89924621582031,74.52683623567532,73.62467159199682,74.31110283137298,10311154
2019-12-05,73.46780395507812,74.09539955026223,73.1540034973937,73.93849666132763,4569931
2019-12-06,73.19320678710938,73.80119199493153,72.89902194079698,73.52661734363339,5388071
2019-12-09,73.7227554321289,74.07577625481275,72.78136479824393,73.35011909029451,5459781
2019-12-10,71.68306732177734,73.72275134904858,71.46733386435885,73.72275134904858,10563080
2019-12-11,71.29083251953125,71.89881791613408,69.93758499841807,71.78114074896025,39214905
2019-12-12,72.46755981445312,73.87964833653615,71.0162508969048,71.6830667822052,63493233
2019-12-13,72.84019470214844,73.56585180676149,72.56562001818119,72.84019470214844,12987237
2019-12-16,73.33049774169922,73.70313402687567,72.7421280199575,73.03631288082836,8479418
2019-12-17,73.7619857788086,74.07578090306616,72.80097956546994,73.48741105494483,17903634
2019-12-18,73.42857360839844,74.1346152833994,73.01671685134528,73.36973768884576,10099352
2019-12-19,73.11477661132812,73.40896152171423,72.52640679055591,73.3893460022446,5749401
2019-12-20,72.9970932006836,73.52662705804507,72.60484668710973,72.82058546168565,9690984
2019-12-23,72.87943267822266,73.54624866261051,72.46757058298034,72.82059675609794,17045076
2019-12-24,73.40895080566406,73.50701242814465,72.76173984114538,73.13437613464502,3748896
2019-12-26,72.50679016113281,73.54624243121467,72.192995056265,73.46779631508981,3925143
2019-12-27,74.15422058105469,74.33072831538074,72.76174230261388,72.76174230261388,7122947
2019-12-30,74.64453887939453,75.11523155524014,74.01694332474929,74.13461516366459,6925363
2019-12-31,74.62492370605469,75.40942214314322,74.23267714760264,74.33073878721565,11907723
2020-01-01,76.68421173095703,76.84110926630694,74.62491229382368,74.74258943547385,13620373
2020-01-02,76.52731323242188,77.15490872973663,76.23312834182282,76.70382629485488,5673692
2020-01-03,75.70360565185547,76.40964731584397,75.01716886716616,76.19391384078757,7358268
2020-01-06,75.74282836914062,76.07623901185627,73.74236983303119,75.3113614058216,7355290
2020-01-07,75.19367980957031,76.29197331372383,74.97794634063554,75.76243942066625,14023712
2020-01-08,74.74260711669922,74.89950468916507,74.07578578348826,74.64454546888496,9451757
2020-01-09,75.68399047851562,75.86050355541263,74.97794881129629,75.29174392557502,7714854
2020-01-10,75.37018585205078,75.97816580430413,74.91909811695169,75.97816580430413,4118638
2020-01-13,76.4096450805664,76.48809651657427,75.23290546155353,75.46825444939294,27682638
2020-01-14,76.5861587524414,77.01762569331771,76.1939122096926,76.40964568013075,5994314
2020-01-15,76.19391632080078,76.80189636679182,75.66438239548158,76.64499880526361,7114590
2020-01-16,77.05683898925781,77.547147088651,76.13505869836193,76.13505869836193,8552344
2020-01-17,77.42950439453125,77.60601218458832,75.95857954312876,76.86074465724813,4698386
2020-01-20,80.27327728271484,82.76404395813306,79.7241331725889,80.17521564447149,49337827
2020-01-21,78.68467712402344,80.1359915271117,78.05708688286747,79.88103232661902,17283910
2020-01-22,78.46893310546875,79.37109794611035,75.72320754850973,78.6454461622039,56787054
2020-01-23,79.21422576904297,81.35197205090893,76.05664249564491,77.1745464657933,226059260
2020-01-24,77.25297546386719,77.7236734479972,76.19391297985108,77.0568521905104,16151679
2020-01-27,75.70360565185547,77.05685306119749,75.42903093797975,77.03724286171393,8213919
2020-01-28,74.70336151123047,75.70359324483515,74.17382768993193,75.70359324483515,9174575
2020-01-29,75.46826934814453,76.01741354805768,74.23268824810842,74.70338631671125,17600091
2020-01-30,76.25275421142578,76.58616486340262,75.07601448928499,75.46826106333192,26386034
2020-01-31,73.29129028320312,76.68422744642605,72.60485877021104,76.60577600258165,63986362
2020-02-03,73.48741149902344,74.134617271831,69.60417154199344,70.95741900873935,16329297
2020-02-04,76.23313903808594,76.60577541320288,73.74237221749797,73.87965958307709,14207381
2020-02-05,74.27188873291016,76.76265496910344,73.74235491573782,76.13505953098006,14550344
2020-02-06,75.66438293457031,75.99779358030857,73.99733502606361,74.50725343470948,9175642
2020-02-07,74.68376159667969,75.62515223070982,73.95810443204955,75.62515223070982,18058457
2020-02-10,73.19320678710938,74.95831586498373,72.46754976883551,74.80141834432042,30471811
2020-02-11,74.33074188232422,74.9975631875327,73.78159774166205,73.93849530753916,32456571
2020-02-12,74.27188873291016,75.27212045872089,73.95809367394018,74.54646339964646,16386952
2020-02-13,74.74260711669922,74.97795613549044,73.62470326757962,74.05617558199936,18581113
2020-02-14,72.21260070800781,75.0760034704004,71.93802601840035,74.72297734942397,23830630
2020-02-17,72.01648712158203,72.87943170179847,70.8201372137309,72.56563125436313,17670292
2020-02-18,72.56562805175781,73.09516196078457,70.93780592564063,71.62423739136824,30879880
2020-02-19,73.5462417602539,73.72275483024686,71.78113234106107,72.9578719538563,22313738
2020-02-20,74.23267364501953,74.8014332560125,72.91865199235333,73.54624220011694,25907657
2020-02-24,72.9970932006836,74.21305845679933,72.58523648950457,74.13460702601103,14921452
2020-02-25,73.01670837402344,73.62468833912129,72.70290797253436,72.99709285632697,17807428
2020-02-26,72.8990249633789,73.8992566744231,72.1537577191901,72.56561439303083,17113656
2020-02-27,73.13439178466797,73.62470000199191,71.11432299333023,72.60485784592117,28472046
2020-02-28,71.19276428222656,72.68330435379917,70.2709838322066,71.95764717739263,28010970
2020-03-02,71.97724151611328,73.42855554912161,71.29081020972508,72.0753031313116,19540018
2020-03-03,75.19367980957031,76.37041942961639,71.40850176245895,72.09493320748582,16039306
2020-03-04,77.29219818115234,77.66483451413369,73.958102663557,74.80143164220607,16939245
2020-03-05,76.86072540283203,78.27281397047253,76.3115813265785,76.89995111974672,9715265
2020-03-06,74.76220703125,75.54670010582147,73.80120620701045,74.7229813134846,14371982
2020-03-09,70.97704315185547,73.97772869590727,69.80030330554612,72.52641941090354,69609292
2020-03-11,71.1535415649414,72.13415797437395,69.5257193893203,70.40827415780959,42604599
2020-03-12,65.15216064453125,69.78066721432253,64.6226268057388,69.11385135674034,58418097
2020-03-13,65.85818481445312,67.70174500455302,58.640852188852,63.85772712991931,44617540
2020-03-16,64.23553466796875,66.24861589352453,63.03582421866635,66.04527457845774,39669086
2020-03-17,65.88260650634766,69.2784077709804,63.34083991844688,63.66618383530358,35460792
2020-03-18,58.62332534790039,67.06199118550072,49.67630063060218,66.6959778668263,119909061
2020-03-19,59.84336471557617,61.775107216672815,56.976248851725224,59.131670109908995,44039786
2020-03-20,63.95085906982422,65.82160024043374,60.290715459669734,60.290715459669734,131485883
2020-03-23,62.22245788574219,63.3815044648393,57.56593964459202,57.56593964459202,39665620
2020-03-24,59.904380798339844,63.93053874417182,59.13168471030948,61.83612377640955,42302851
2020-03-25,61.10408401489258,63.82885442928379,60.331382575899305,60.39238938549402,23309603
2020-03-26,64.39822387695312,65.76060652356603,59.88404475603346,61.24643291863355,25329120
2020-03-27,65.06924438476562,67.61101109714083,63.70685632373515,64.49988974439093,28883749
2020-03-30,63.30016326904297,65.02856435001439,62.24278738689858,63.035820677503345,22364337
2020-03-31,64.70323944091797,65.8012794929367,63.605193872911734,64.41855932595709,24838523
2020-04-01,62.87314987182617,65.8622626765143,62.28345787422885,64.66255227296891,14182117
2020-04-03,63.52385330200195,65.25225484022499,61.714118530396135,62.85282792565401,21066826
2020-04-07,64.25587463378906,65.84193585043188,63.605181296811224,65.4759225721276,24741992
2020-04-08,64.39822387695312,66.16728922786533,63.13750639042786,64.21521445362356,21481260
2020-04-09,66.87899017333984,67.7940262675491,64.39822454806396,65.43526324843955,15607786
2020-04-13,65.04891967773438,67.06200151448182,63.950879552589484,66.69598813943352,14901247
2020-04-15,64.88624572753906,66.65531675570666,64.43889360883185,65.65894183294914,25249654
2020-04-16,66.45196533203125,67.79402148512389,64.05253862412164,64.33721319042357,31150756
2020-04-17,68.22103881835938,70.45779364689702,66.79764938201724,68.18036944555217,18536308
2020-04-20,67.30601501464844,68.81074347075202,65.94362663130947,68.81074347075202,24177042
2020-04-21,66.1469497680664,67.50933777555557,65.94360843906763,66.69597245956044,13915863
2020-04-22,65.96395111083984,66.18762991876685,63.6865322678602,65.06925242709426,19702407
2020-04-23,64.25587463378906,65.84193585043188,64.0932026785412,65.67926389518402,32128585
2020-04-24,64.72355651855469,65.10990722648926,63.34083666887165,63.84918996037175,33134279
2020-04-27,64.90657043457031,65.67926638831838,64.11353703815276,65.67926638831838,9762001
2020-04-28,63.93053436279297,65.23192122312014,63.76786238424887,65.08958117339886,26134701
2020-04-29,64.27620697021484,65.31325103401777,63.44250974675348,64.86589901723924,14509262
2020-04-30,65.90293884277344,66.47229345880903,63.93052685509072,64.9065696437078,18702868
2020-05-04,64.68289184570312,65.679266575739,64.09320529436458,65.43525587491526,12598146
2020-05-05,66.55362701416016,67.44833099539528,65.15056975176554,65.65892303292502,18305545
2020-05-06,67.26531982421875,67.77367309189906,66.16727455963489,66.24861328885814,12853774
2020-05-07,65.78094482421875,67.10266363038775,65.4759327920259,66.55364086924317,8561359
2020-05-08,64.66256713867188,66.12662599109295,64.29655380456342,66.12662599109295,30898767
2020-05-11,64.58123016357422,66.04528905618747,64.3982262494897,64.7845715232153,9453421
2020-05-12,66.41128540039062,67.10264805259033,64.13386165218772,64.45921105392299,19986028
2020-05-13,67.773681640625,69.90876563419403,65.90294027639577,69.72576174433726,27175817
2020-05-14,65.39458465576172,66.69597134602093,65.06924074119016,66.69597134602093,26454121
2020-05-15,64.98789978027344,65.78093312938061,64.35754389887072,64.74388909470305,20009870
2020-05-18,62.83249282836914,65.15058087669487,62.34447138872843,65.00824634645447,32898286
2020-05-19,64.27620697021484,64.78456028110263,62.62914444933304,63.03582709804326,12276533
2020-05-20,64.43888854980469,65.33359271697687,63.34084854389768,63.544189898619784,24677051
2020-05-21,64.62189483642578,65.00824559802561,63.84919882921312,64.07287210214756,17176100
2020-05-22,63.38151931762695,64.25588605904227,62.66982456038398,63.84920334061771,25080927
2020-05-26,63.99153518676758,64.5405523734258,63.239171150993954,63.50351378086396,18512685
2020-05-27,63.910186767578125,64.21519872107551,63.34083222424685,63.9915254949051,22655078
2020-05-28,63.95085906982422,64.39821105870699,63.46283771540918,64.39821105870699,25797051
2020-05-29,64.07286071777344,64.52021270014444,63.68651554080587,63.950858138938635,63844851
2020-06-01,64.60154724121094,65.49624563195398,64.13385784870214,64.47953915430121,45314328
2020-06-02,67.12299346923828,68.46504967868705,64.49989338365646,65.00824675481422,43626060
2020-06-03,66.91963195800781,68.11934775886273,66.63495746552366,67.30598261007579,13811685
2020-06-04,68.83106231689453,69.11574240830119,67.14333024466463,67.18399961714944,23992166
2020-06-05,69.72577667236328,70.8848236202171,66.91966126724736,67.91603621729436,22851633
2020-06-08,70.09178924560547,71.1288280462648,69.48176512380874,70.53914137145397,11723588
2020-06-09,69.35975646972656,70.783151592566,69.13608316647354,70.7628141457326,8412588
2020-06-10,69.1563949584961,69.6444163165537,68.56670845982813,69.35973627168907,10101681
2020-06-11,69.54276275634766,72.51154996840337,68.26171327149595,68.34304650717642,22109491
2020-06-12,67.63134765625,68.89206513512704,67.34667307455982,67.52967698079198,20331770
2020-06-15,66.39095306396484,67.50933024876741,66.12661046893598,67.18398636503741,13833335
2020-06-16,66.16728210449219,67.61100885891969,65.65892877884588,67.38733560202995,13972830
2020-06-17,64.86589813232422,65.80126600520265,64.398214195885,65.41492080379042,28371013
2020-06-18,67.28565979003906,67.6313356122476,64.86589593866222,65.35391178436107,19720997
2020-06-19,69.70541381835938,70.07143257500009,67.12297817798395,67.44832757099948,21577413
2020-06-22,72.63352966308594,73.10121354764759,69.40040080218517,71.73882574097915,33039735
2020-06-23,76.23269653320312,76.86305255864173,72.81656270259268,73.81293208202747,34298071
2020-06-24,72.59288024902344,76.61904348893097,71.98285618430863,75.94801260495485,32910525
2020-06-25,72.93856811523438,74.54496716764615,70.90515438609934,72.55221730030361,40909792
2020-06-26,72.8775405883789,74.05691902379044,72.45052054929118,73.58923513753932,11954078
2020-06-29,72.49120330810547,73.32490610077356,72.04385126276976,72.38953263943766,7547198
2020-06-30,71.10848236083984,73.18256507695901,70.76280098882219,72.79621433482397,11889584
2020-07-01,70.53912353515625,71.33215138337684,69.9087621257648,71.1694794285613,15209917
2020-07-02,71.21015167236328,71.90151440323565,70.19344501871956,70.55945831083397,15481100
2020-07-03,72.22686004638672,72.95888664805177,71.21015336852595,71.57616666935849,22720042
2020-07-06,72.38953399658203,72.67421408058372,71.4948354051238,72.5522059663029,11724475
2020-07-07,70.39679718017578,72.59288278672229,69.82744246973594,72.59288278672229,20855578
2020-07-08,69.03439331054688,71.0271371035893,68.64804260386103,70.35611186417522,16818545
2020-07-09,69.76642608642578,70.1527712811618,68.93272337275828,69.33940600889278,16110083
2020-07-10,70.19345092773438,70.66113492458366,68.9327334678893,69.78676823204158,23809286
2020-07-13,68.77006530761719,70.8441482739012,68.40405196438763,70.19345482150011,10803798
2020-07-14,66.43163299560547,68.64805027754835,66.28929295533705,68.52604768073932,16288923
2020-07-15,66.5129623413086,67.63133963876683,66.32995845677097,67.12298632174036,15061461
2020-07-16,65.96395111083984,66.89932468619484,64.86591106497197,66.89932468619484,15458966
2020-07-17,66.41128540039062,66.634964148331,65.7402601885415,65.7402601885415,13711930
2020-07-20,66.49261474609375,66.79762666443384,66.024930907836,66.41127602814231,8390572
2020-07-21,70.62045288085938,70.94580228863057,66.73663604023545,66.73663604023545,33717545
2020-07-22,73.0605697631836,73.77226455893774,70.68148014445276,70.76281338294633,46076322
2020-07-23,73.91458129882812,74.23993069810716,72.16584827315239,72.38952150341815,18738194
2020-07-24,74.01626586914062,74.524619229863,72.65387775920723,72.99955914769585,14438899
2020-07-27,73.56890869140625,73.8332568333847,72.6945420749779,73.73158616831194,11938756
2020-07-28,73.97559356689453,74.3619443121349,72.67421232458543,73.2842363332891,11893746
2020-07-29,73.91458129882812,75.03295848212878,73.40622803369146,73.7315774329705,13335993
2020-07-30,71.92184448242188,74.5246123456939,71.41349116865834,74.21960035743577,23995122
2020-07-31,72.51154327392578,72.93855789079062,71.65750852420913,71.82018049653921,14354565
2020-08-03,72.61321258544922,72.99955782299514,70.80347244772352,72.79621648239616,12500988
2020-08-04,72.49120330810547,72.81655275743452,71.4134953234241,72.32853134143434,9628257
2020-08-05,71.55585479736328,72.36922036761622,71.23050525966912,72.00320696420006,10577794
2020-08-06,71.53550720214844,72.28787135111718,71.33216583842649,71.84051924773138,8564058
2020-08-07,71.55585479736328,72.36922036761622,71.27117464137943,71.49485348279197,8026904
2020-08-10,72.08450317382812,72.71486447648063,71.6778205976596,71.92183124655782,7766140
2020-08-11,71.92184448242188,74.15859906298144,71.39315924250239,72.45052972234136,21833550
2020-08-12,72.40986633300781,72.97922094486604,70.43745435979667,71.65750232062997,19435650
2020-08-13,72.69453430175781,73.32489566739635,71.73882904907009,73.18255564831759,10641012
2020-08-14,71.33213806152344,73.4672215491974,70.8034529281126,73.4672215491974,17130105
2020-08-17,72.65388488769531,74.21961449554036,71.4135047722267,71.57617676042113,17368089
2020-08-18,72.28785705566406,73.16222364355858,71.7998411888326,73.14189171760216,13890131
2020-08-19,72.12518310546875,72.95888030240856,72.00318052113141,72.59286703341026,12400644
2020-08-20,73.69092559814453,76.49703518601846,71.75918273110263,72.06419476274083,44062975
2020-08-21,76.90371704101562,77.47307172388798,74.2602794628344,74.4229514413712,49949864
2020-08-24,75.3379898071289,77.53408088982164,74.99230839478007,77.12739817317296,19724617
2020-08-25,75.1346435546875,75.968346379104,74.42294884691066,75.84633826246434,10109220
2020-08-26,75.37864685058594,77.12738555568657,74.87029353793805,76.04967212008387,18000615
2020-08-27,75.31763458251953,76.31400913653266,75.11429328708711,76.00899719338402,10363056
2020-08-28,74.13827514648438,75.94800982940855,73.93493379901062,75.84633915567167,12114955
2020-08-31,72.77587890625,75.37864676070643,72.38952818270369,74.62628275568736,24259718
2020-09-01,73.3655776977539,74.13827927396221,72.63355101248932,72.81656044179915,16505345
2020-09-02,75.3790054321289,76.16940206233261,72.90381019408422,74.02700926597822,30959608
2020-09-03,74.25580596923828,75.48300473975894,73.9022058453302,75.0462025952801,11884498
2020-09-04,72.82062530517578,74.04781863344172,72.25902568061869,73.7150217815873,17373558
2020-09-07,73.27820587158203,73.611008303588,71.98861407988689,72.82061169638436,13069001
2020-09-08,72.75820922851562,73.21580905780193,72.27981171522111,73.15341036343223,9597878
2020-09-09,72.90380859375,74.02700764098832,72.13420966451967,72.79980889094442,20122483
2020-09-10,73.88141632080078,74.23501648376036,72.44621798269546,73.21581700976142,19635358
2020-09-11,72.86221313476562,74.17261400381767,72.42541660664521,74.08941197829691,31182063
2020-09-14,71.34381103515625,73.83980383194185,71.03181193555805,73.83980383194185,14143608
2020-09-15,72.09262084960938,72.3422156451519,71.13582011142954,71.48942026157545,7858789
2020-09-16,71.531005859375,72.15500399844511,71.05260841455677,71.96780229978637,13201491
2020-09-17,70.01261138916016,71.30220877329813,69.84621300076859,71.28141109062845,10765947
2020-09-18,71.51020050048828,71.96780025124983,69.59660513334084,70.34540626431722,23788415
2020-09-21,70.92782592773438,71.42702684039612,69.74222799192218,71.13582536761912,13331596
2020-09-22,70.22061920166016,70.90702180485566,69.26382412197158,70.22061920166016,9039386
2020-09-23,68.18222045898438,70.678213308054,67.72462064151928,70.678213308054,8404497
2020-09-24,66.28941345214844,68.6606027480155,65.93581341506878,67.49580860011699,20770480
2020-09-25,66.87181854248047,67.59981638277306,66.4350164528983,66.97581823395085,8761400
2020-09-28,69.95021057128906,70.32460834436908,66.97582042634151,66.97582042634151,16915185
2020-09-29,67.93262481689453,70.47021885348032,67.59982800391573,70.30382044699091,13468026
2020-09-30,67.57901763916016,67.91182005982725,66.68462136036722,67.78701703619781,14349950
2020-10-01,68.47341918945312,69.05581636953539,67.72461797876616,68.53581787975753,14856837
2020-10-05,67.74542236328125,69.22221584040909,67.45422094751345,68.22381985288993,10360105
2020-10-06,67.8910140991211,68.3902148895699,67.32942026279687,67.84941873520414,8989183
2020-10-07,66.39344787597656,67.89103952346316,66.14384738727992,67.80784312212872,17614061
2020-10-08,65.8526382446289,67.01743850943437,65.72784083591753,66.64303499860826,12953710
2020-10-09,65.72783660888672,66.28943619666279,65.18703470710969,66.01903242460146,11980039
2020-10-12,66.47662353515625,67.72461994689078,65.95662503026686,66.22702312434036,20670634
2020-10-13,66.74702453613281,67.39182609568438,66.22702600859694,66.55982845162698,11179799
2020-10-14,65.33263397216797,66.89262965750869,65.02063483509983,66.74702893174113,13362234
2020-10-15,64.7918472290039,65.33264355564518,64.31344961046028,65.14544743135228,15536883
2020-10-16,66.1230239868164,67.05902130359323,64.62543279384946,64.93743189944173,18673957
2020-10-19,66.4558334350586,67.5582292627476,66.31023270860635,66.53902981992736,18793008
2020-10-20,65.39502716064453,66.72622562356761,65.27022977327144,66.55982722628849,13701957
2020-10-21,68.11982727050781,69.11822336233999,65.41583479885855,65.5614355219549,36573148
2020-10-22,68.68141174316406,69.01420848653004,67.05901210280851,67.45421317260674,39056262
2020-10-23,70.78219604492188,71.30219443051077,68.51500646916047,68.6814048240802,29149043
2020-10-26,71.57262420654297,71.94702205223652,70.57422242823264,70.74062084383581,36760149
2020-10-27,72.17579650878906,72.94539528697686,71.34379904963336,71.5726017363075,23610507
2020-10-28,71.90541076660156,72.61261098482886,71.36461458255351,72.61261098482886,14060472
2020-10-29,71.38542938232422,72.09262977012277,70.82382973817198,71.15663224398445,17654072
2020-10-30,71.13581085205078,71.55180964693392,70.42861064381154,70.92781145460921,22904945
2020-11-02,71.98860931396484,72.55020315404502,71.5310095267171,71.78060992361083,13423596
2020-11-03,74.8589859008789,75.17098492859596,72.32139268031152,72.38379135738623,27441682
2020-11-04,73.67340087890625,74.87979619418591,72.65420162638777,74.85899851243839,19461431
2020-11-05,74.48461151123047,74.79661063660936,73.46541211138798,74.04780935029285,10248002
2020-11-06,74.23501586914062,74.6510147298028,73.67341627877755,74.15181384006992,8815864
2020-11-09,76.56459045410156,76.83498851385376,74.50539437917297,74.83819112312271,15228920
2020-11-10,77.33422088623047,77.72941647593312,75.5246244506761,76.25262256272183,13815795
2020-11-11,78.89420318603516,79.45579711853848,76.5022041609612,76.5022041609612,15502357
2020-11-12,78.831787109375,79.43498760781362,77.85419447323225,79.2477858966169,26079694
2020-11-13,78.56139373779297,79.01899355967217,77.45899801395555,78.45739403474519,11968619
2020-11-14,78.20780181884766,78.99820415875838,77.79180296304015,78.62380067465516,1162700
2020-11-17,77.70860290527344,78.72779666843387,77.31340175399275,77.79179928709625,16872514
2020-11-18,77.1261978149414,78.91499037142495,76.85579408508329,77.70859499781898,16685757
2020-11-19,78.95658874511719,82.0349785882068,74.21419813992165,74.25579914638459,64832376
2020-11-20,79.80938720703125,80.703789133864,78.66539051603984,80.49578973550193,27479934
2020-11-23,81.01578521728516,81.4941826872506,79.24778475463965,79.87178856885515,20909280
2020-11-24,80.91179656982422,82.24298946617236,80.39179802226353,81.1197959888485,15308572
2020-11-25,81.24457550048828,82.13897167695701,80.51657769414375,80.91177876023986,19854793
2020-11-26,82.2221908569336,82.84618910699194,80.22539307133971,81.18219377350302,24879552
2020-11-27,80.03819274902344,82.22218650873025,78.49899489000636,82.22218650873025,46793847
2020-12-01,80.01740264892578,81.72299918593677,79.72620681824083,81.05739984925616,18193922
2020-12-02,80.76619720458984,81.20299373493913,78.85260138895663,80.2253953206362,15836732
2020-12-03,80.47499084472656,81.16138776867544,79.45579147965285,81.1197924005868,21308517
2020-12-04,80.84939575195312,81.93099390646167,80.18380209595918,80.78699705199689,14838659
2020-12-07,80.49580383300781,82.05579959393077,80.07980496342836,80.28780439821809,22078115
2020-12-08,79.70539855957031,80.95339512278635,79.49739913236763,80.7038003240196,15896364
2020-12-09,80.16299438476562,81.01579537869186,79.49739512281828,80.24619640838853,18701467
2020-12-10,80.18379211425781,81.28618781740454,79.66378796643382,80.28779181535364,13612880
2020-12-11,80.32939147949219,81.22379347064215,79.93419597959227,80.70379493734343,14876364
2020-12-14,80.82859802246094,81.95179719044934,80.20459973854419,81.53579833450483,20316890
2020-12-15,80.20459747314453,80.994994148645,79.60139689212433,80.87019675232483,16084083
2020-12-16,81.6189956665039,81.88939379753346,80.10060095317267,80.99499737535307,35024972
2020-12-17,82.51543426513672,83.41187809349967,81.78974026362954,82.51543426513672,23058726
2020-12-18,82.77155303955078,83.15574155632234,81.98182866125089,82.51542543173791,20310375
2020-12-21,79.185791015625,82.47274997349035,78.73757197132358,82.38737795023584,21609326
2020-12-22,81.23480987548828,81.55496800356971,78.97235562977485,79.16445282258239,23934507
2020-12-23,81.08537292480469,81.83240829289385,80.67983712331272,81.74703050629722,9836093
2020-12-24,81.10672760009766,82.06720759009022,80.87194733380997,81.21344695566398,12945145
2020-12-28,81.76838684082031,82.08854489092681,81.10672339666307,81.19210119264957,6879688
2020-12-29,80.97866821289062,82.23795894822356,80.67985169572479,81.78973417247482,8549660
2020-12-30,81.19210815429688,81.38420531678985,79.74072602734746,81.10673035098982,19132583
2020-12-31,81.04269409179688,81.53360195093,80.27431707662288,81.32016324783774,23272111
2021-01-01,80.8932876586914,81.06404325691706,80.4664102429183,80.67984895080485,3074621
2021-01-04,80.44508361816406,81.27749704937028,80.252986429456,81.10674141945351,7133203
2021-01-05,80.25298309326172,80.89329930914128,79.48460595016478,80.89329930914128,10478882
2021-01-06,83.73204040527344,84.35100928252251,79.82610679862495,80.25298428220215,54265234
2021-01-07,84.1162338256836,86.14390198942256,83.45457600400117,84.5217697743901,40129922
2021-01-08,86.89093780517578,87.08303500019466,84.32967275104026,84.84192807782608,29487917
2021-01-11,86.89093780517578,87.50991250921724,85.994493878249,87.08303500019466,12726089
2021-01-12,86.95496368408203,87.40318851883659,85.35417310973678,85.82373950285735,31454127
2021-01-13,87.50990295410156,88.19290805194044,86.48539241239519,86.99764768324837,23792586
2021-01-14,87.55258178710938,88.57709227871725,86.91226562480239,87.91542877039585,12024674
2021-01-15,86.6561508178711,87.83006387728138,86.44271207979651,87.06168094627503,13530190
2021-01-18,83.56129455566406,86.22927895528338,83.04903923497847,85.90912082732906,26118654
2021-01-19,85.22611236572266,85.3755206443002,83.34785257903823,83.47591350930672,19382828
2021-01-20,83.73204040527344,85.6316417332541,83.30516292169624,85.37551987502492,21158179
2021-01-21,83.3051528930664,84.39368802918717,82.87827546087853,83.86009123895234,12509109
2021-01-22,82.8996353149414,83.79607927838688,82.3873857571847,83.24114081000954,16720401
2021-01-25,81.19210815429688,84.00950039478442,80.9359805342715,83.00633726045758,9393599
2021-01-27,82.10990142822266,82.96365638429808,80.80792743616617,81.10673819685475,18874916
2021-01-28,79.95415496826172,81.5122562638595,79.31383889144934,81.5122562638595,16072463
2021-01-29,78.73756408691406,80.67985413759041,78.11858947829191,80.55179322058383,13415015
2021-02-01,80.63716125488281,80.87194150424664,77.9051413174029,78.73755454677493,9485240
2021-02-02,82.8996353149414,83.51861004419821,80.76524768287932,81.53362491446286,10803602
2021-02-03,88.15021514892578,89.6442861995926,83.02768583235384,83.02768583235384,73411707
2021-02-04,87.6593017578125,88.64112335412322,87.16839385460509,88.15021545091581,23523019
2021-02-05,88.4063491821289,88.91859867698629,85.90911480127325,87.78737452887624,28755118
2021-02-08,90.73282623291016,91.09567323695335,87.8087144331215,88.15021987982527,28436890
2021-02-09,89.9644546508789,92.82453616489997,89.6442965316928,89.6442965316928,27738169
2021-02-10,89.83638763427734,91.35180620072005,88.3636637647951,89.87907654134129,34189378
2021-02-11,91.24505615234375,91.69327505108723,88.93991963471596,89.15335830838325,20504448
2021-02-12,90.77552032470703,93.486193546414,89.87907643699103,93.486193546414,25066544
2021-02-15,90.69012451171875,91.97076251850385,90.3059360046309,91.35178796438232,8599603
2021-02-16,96.2822265625,98.13915035753568,91.05297796992087,91.09566687151292,80200957
2021-02-17,98.20317077636719,98.69408443859291,94.85218767965056,96.2608808419712,39034960
2021-02-18,100.95653533935547,101.7249123972813,97.54151589987056,98.6087094747096,44291912
2021-02-19,99.1209716796875,100.78579840547245,97.64824212684577,99.67591006168507,36335681
2021-02-22,96.02610778808594,99.84666327895994,95.44982207299657,99.22768866092025,25800846
2021-02-23,96.51702880859375,97.79765554179777,95.89805410646969,96.36762052291931,18293559
2021-02-24,95.08697509765625,97.41345951490528,94.59606718839062,96.5383572689226,11421326
2021-02-25,97.135986328125,99.37708705722147,94.25455787095359,95.49250705621824,30696079
2021-02-26,91.4798583984375,97.00792369309312,90.15653714517171,94.55337835506153,38070699
2021-03-01,97.00791931152344,97.66957701332316,92.80317546004984,92.84586436111015,31441940
2021-03-02,96.06879425048828,97.90436503228368,95.34310603461631,97.75496255159274,18223787
2021-03-03,97.1146469116211,98.24587683119914,95.49251485282029,98.18184057922589,19350542
2021-03-04,96.11148071289062,98.16049596481702,95.21503690204133,95.21503690204133,22865747
2021-03-05,94.01979064941406,96.47433622519844,93.63560206509668,96.47433622519844,17342685
2021-03-08,95.71540069580078,97.34580118899682,94.34586546091461,94.71542408543755,15749448
2021-03-09,93.91110229492188,96.56322190076676,92.7154751354584,95.86758310131665,12585004
2021-03-10,93.5415267944336,95.19366938290207,93.04153852440723,94.78063226153692,10661165
2021-03-12,95.67191314697266,96.04147173664204,93.65021790547681,93.78065347082645,18173078
2021-03-15,97.45449829101562,98.4762171519834,95.54149615173138,96.0849630036299,30092241
2021-03-16,97.58490753173828,98.78053428316927,97.17187047699292,97.88924534845329,14767699
2021-03-17,95.84584045410156,97.82405744666923,95.36758844250492,97.80232113127552,12571132
2021-03-18,96.106689453125,97.17188673229592,95.71539453932479,96.08495314007749,14232655
2021-03-19,100.08487701416016,100.91093951651828,95.2806267153448,96.47625373721851,70334403
2021-03-22,97.19363403320312,101.91093343311816,96.60669454464467,101.91093343311816,29180881
2021-03-23,95.21540069580078,97.38926775305725,94.99801399007514,97.19361735910745,38455903
2021-03-24,96.106689453125,97.34579492765243,94.30238086944084,94.36759570557551,24398959
2021-03-25,94.08499908447266,97.12841330226983,93.62848931060006,96.10669449261087,20272124
2021-03-26,93.30241394042969,96.51973652561942,92.23721655146485,95.36758797851,25184863
2021-03-30,96.23712921142578,97.25884801198322,93.6502247905455,94.30238497426399,53328751
2021-03-31,93.75891876220703,96.12843647053943,93.32414530357667,95.60670596138603,20694060
2021-04-01,95.08496856689453,95.36757009761548,93.36761127737306,94.19367955832337,11229344
2021-04-05,93.10675048828125,95.21540275890823,92.75893411038052,93.56326611839188,14484908
2021-04-06,90.95462799072266,95.21541144202183,90.65029010655358,93.56327465083983,25301732
2021-04-07,91.54157257080078,93.99804731964714,91.10679911394195,91.69374446009986,22841720
2021-04-08,90.86766815185547,92.82414853720233,90.65028144237249,92.15024619960994,20468881
2021-04-09,90.5633316040039,91.93286680329348,90.43290192673533,91.04158358230931,11773021
2021-04-12,87.45469665527344,89.84595048752236,86.3025482609519,89.84595048752236,18544315
2021-04-13,90.75897979736328,91.04158135586235,88.01990356877664,89.19379422345553,19831072
2021-04-15,90.34593200683594,91.91111739604945,90.01985196312444,90.38941052539579,10159348
2021-04-16,91.23723602294922,93.38936112766591,90.1068238391928,90.21551720499644,22020846
2021-04-19,87.4764404296875,89.99813004245304,86.95471581452365,89.49813584455637,18404990
2021-04-20,88.56338500976562,89.43293203931877,87.67210166327092,89.12859411717109,14467660
2021-04-22,88.4546890258789,89.0851129625348,87.47644864644302,88.69381799015905,11626459
2021-04-23,91.80244445800781,92.56329806249046,88.69381519623441,88.82424488392002,38318040
2021-04-26,93.82414245605469,94.10674994842884,90.51986267923121,90.51986267923121,19139358
2021-04-27,94.19369506835938,95.86757411408692,93.82413643795314,93.93282980589659,15270611
2021-04-28,96.04147338867188,96.3892956719286,94.04151442516994,95.12844800348707,16383579
2021-04-29,95.71540069580078,97.23710782278376,95.23714870506477,96.997984775912,14761969
2021-04-30,95.67191314697266,96.65015335063116,94.19368468528708,94.67193663091852,16897105
2021-05-03,95.99800109863281,96.8892902289134,94.23717094623726,94.56325104090253,15528063
2021-05-04,94.8023681640625,96.38929590991735,94.21542874791572,96.25886034200201,20857434
2021-05-05,94.86758422851562,95.80234588278256,94.25889673551224,94.80236349927112,23178237
2021-05-06,93.65021514892578,95.38930879312926,92.86762536783094,94.97627759082602,18823613
2021-05-07,93.2806625366211,94.25890277405647,92.82415278461478,94.0632582647647,12509591
2021-05-10,95.58497619628906,95.71540588401763,93.45458728243449,93.65023181402734,17845577
2021-05-11,97.12841033935547,97.91100608111132,94.95454310724301,95.65018180091745,22995780
2021-05-12,98.23709106445312,102.17178859198076,96.97624328936277,97.12841518259704,55645370
2021-05-14,99.49791717529297,99.99791133160474,97.32405594742328,99.01967112541698,18820793
2021-05-17,99.30229187011719,100.43269820886199,98.737082803752,100.41096189349874,10996347
2021-05-18,101.34571838378906,104.28045120615533,99.34576506722759,100.3892261504683,52885042
2021-05-19,101.62830352783203,103.47609043582959,100.60659077865012,101.82395391218132,28081040
2021-05-20,99.54141235351562,102.1500531853151,99.30228930273105,101.7370160281498,10707136
2021-05-21,99.10663604736328,99.67183918595948,98.25882544247654,99.15010867572263,21702883
2021-05-24,100.43267822265625,101.91091248898523,99.3022721088634,99.56313142928231,22028927
2021-05-25,101.25877380371094,101.93267035226512,100.49792019863685,101.30224643497803,9165363
2021-05-26,98.08490753173828,101.65004600891484,97.80230599040597,101.3891866766031,18322114
2021-05-27,99.25880432128906,99.82400747287201,97.06320065899462,98.56317148764623,51194207
2021-05-28,98.01969909667969,100.43268935700907,97.73709163990893,100.43268935700907,15307498
2021-05-31,98.10665130615234,98.51968844204966,97.28058293135003,98.25882319290358,13102261
2021-06-01,97.56319427490234,99.12838002969659,97.34580752831961,98.38926273251813,15733731
2021-06-02,98.88924407958984,99.19358784393947,97.43275188790317,97.47623041095198,7995532
2021-06-03,98.38925170898438,100.62833966551337,98.1066501494881,99.58487868123133,10291328
2021-06-04,98.32403564453125,99.19358841957747,97.73709032244633,98.25882080807563,6142487
2021-06-07,102.71524810791016,103.38914457665153,98.6501152914262,98.82402348687636,18058790
2021-06-08,101.75874328613281,103.88913782675196,100.88919641959181,103.88913782675196,22511761
2021-06-09,105.2586898803711,106.73691263187918,101.65006057119318,102.6065645833369,39865778
2021-06-10,105.06301879882812,107.82382512875094,104.45433133060142,107.82382512875094,32690784
2021-06-11,107.08472442626953,108.17165807626036,106.08474782707495,108.17165807626036,29142097
2021-06-14,108.128173828125,108.60641986513345,105.25867401810694,107.80209376816914,18732629
2021-06-15,107.6499252319336,109.34553442700378,107.41079042513071,108.93249733541552,15026686
2021-06-16,105.28042602539062,107.60645941558529,104.7586954928839,107.32386373121716,30706682
2021-06-17,104.28042602539062,106.10646478914687,102.93262146882915,106.10646478914687,22261167
2021-06-18,101.30223846435547,106.51951991721654,100.0413907289868,106.08474646281145,49278209
2021-06-21,102.10657501220703,102.36743436363048,99.30228391147435,100.82399098074183,11719831
2021-06-22,101.75874328613281,103.04132727307764,100.88919641959181,100.88919641959181,10961545
2021-06-23,100.97615814208984,102.60655859237166,100.86746477873771,102.49786522901952,10721151
2021-06-24,100.49791717529297,101.28050707245745,99.17184863972543,100.97616328078645,12964208
2021-06-25,100.36746215820312,101.21527267992501,99.73705013890734,100.62833328472418,7736431
2021-06-28,100.80224609375,101.08485356180847,100.30226368854996,100.86746683068195,9989595
2021-06-29,102.60655975341797,103.43263404183544,100.71529992728438,101.12832527750824,61089570
2021-06-30,101.04137420654297,103.30219841854593,100.86746011562575,103.1065480147601,17437744
2021-07-01,100.3457260131836,101.2804935786351,100.08486668021207,101.10657949399825,15924813
2021-07-02,99.10663604736328,100.47616536850197,98.95445826013571,100.34573568943898,9549992
2021-07-05,100.12834167480469,100.3892128079358,99.28053113160064,99.69356824690354,6849185
2021-07-06,99.4761962890625,100.2153135849305,99.2588095428652,99.73706746089074,5343938
2021-07-07,100.41094970703125,100.62833642225156,99.47618211399022,99.47618211399022,7228897
2021-07-08,100.49791717529297,101.36746412636136,99.80227253804706,100.0413955907938,8740010
2021-07-09,100.10659790039062,100.6283283337797,99.99790455151721,100.45441425798896,2990856
2021-07-12,99.56314086914062,100.75876782339051,99.21532447761025,100.30225807238287,5578309
2021-07-13,99.41097259521484,100.82398623589437,99.25879481905893,100.17182609404227,8264289
2021-07-14,99.97618865966797,100.62834888610567,99.32402843323027,99.41098548888574,9228746
2021-07-15,100.17182922363281,100.62833897839485,99.69357136160902,100.43268857092986,5376823
2021-07-16,101.67179107666016,102.82394544722243,100.21530472352045,100.71529891315723,15903784
2021-07-19,101.36744689941406,102.01960700188364,100.6500660691042,101.67177884537986,13725925
2021-07-20,100.56311798095703,102.73698518268174,100.41095199443005,102.12830944258945,14178067
2021-07-22,101.41093444824219,101.95440128029081,99.43271753838224,101.95440128029081,10378326
2021-07-23,101.30223846435547,101.71527560483725,100.88920132387368,101.62831855515928,6660369
2021-07-26,101.17179870605469,102.32395296302123,100.88919127125652,101.49787876436783,12963701
2021-07-27,100.80224609375,102.10657827449418,100.2805273742343,101.30224029293501,10832912
2021-07-28,99.17183685302734,101.04137201081602,98.86749899451996,100.86745792367812,13828088
2021-07-29,97.04142761230469,100.60657193830016,96.89650314209335,99.12833762455115,28609665
2021-07-30,99.2153091430664,100.40368289581781,97.50519896563344,97.99793987745647,34142169
2021-08-02,99.12834167480469,99.70803957933572,98.14285405770354,99.4181906270702,9575755
2021-08-03,101.12830352783203,101.56307699406345,99.18631773746209,100.0268868485672,20959435
2021-08-04,101.59205627441406,102.37464607522047,100.78047686121397,101.82393779161178,23323277
2021-08-05,101.56307983398438,101.88191843573019,100.43267350776816,101.59206945013779,6621382
2021-08-06,101.44712829589844,102.31667510986328,101.18626896930238,101.73697723388672,5340311
2021-08-09,102.28768157958984,102.6065201167549,100.89641616573552,102.6065201167549,16415005
2021-08-10,100.05586242675781,102.08480522368389,99.33123999928421,102.08480522368389,11925263
2021-08-11,102.22972869873047,102.60653471608931,100.02688361737474,100.25875335668661,31279965
2021-08-12,108.40351104736328,108.8092948737971,102.20074802053571,102.60653184696953,58107755
2021-08-13,107.09919738769531,108.5774318933198,106.43254237939438,106.78035879425157,26776843
2021-08-16,104.75143432617188,106.8383567694278,104.57753198522533,106.66444263449408,21308655
2021-08-17,106.22965240478516,106.51950138815428,104.92533197962409,104.95432159555513,15962459
2021-08-18,104.6934585571289,107.82383017919305,104.43259916945117,106.49052003465154,25227527
2021-08-20,103.53406524658203,104.3746344619874,102.63554038126995,102.7804648879964,18720467
2021-08-23,101.82394409179688,104.2876603022452,100.98337501419432,104.0557787707002,13112745
2021-08-24,102.37464904785156,103.93984048889641,101.70799408929454,102.78044466322655,11029463
2021-08-25,101.73699951171875,102.8674058998101,101.47614012800108,102.72248139908115,12001351
2021-08-26,100.345703125,101.679012999224,99.47615628371928,101.679012999224,12115246
2021-08-27,101.0703353881836,101.36018436365529,99.56312307452777,100.75150859155573,8051699
2021-08-30,101.73699951171875,102.22974045539995,100.17181962144058,101.5630853932496,14512401
2021-08-31,101.65003204345703,102.63552562389033,101.41815050723832,101.73698909378716,43248333
2021-09-01,101.82394409179688,103.07029700411472,101.24424615992667,103.07029700411472,11817591
2021-09-02,101.88191223144531,102.08480415020745,100.98337571323272,101.67902031268319,13545023
2021-09-03,101.7659683227539,102.49059067824493,101.09931339690543,102.02682765313722,12286475
2021-09-06,100.9254150390625,102.22973548217097,100.28774962567323,101.8529294398092,13950485
2021-09-07,100.28773498535156,100.95438991775036,99.96889642820925,100.92540030565242,12485031
2021-09-08,101.96903228759766,102.41147820033133,100.40572699657274,101.02515007418853,25370295
2021-09-09,102.35249328613281,102.73594883143164,101.40861102224548,101.7035749798424,5078350
2021-09-13,102.58846282958984,102.82443638683642,101.8805421578501,102.79493519138798,7522483
2021-09-14,102.7064437866211,103.29637167971153,102.35248945118958,102.58846300884849,8434427
2021-09-15,104.94817352294922,105.5970917983825,102.49997039088802,102.64745236267348,20064238
2021-09-16,105.86255645751953,107.1604050339252,105.1841489767524,105.56759250862467,16214883
2021-09-17,105.4791030883789,106.42298523639067,104.26974620985237,105.92154897045748,21219226
2021-09-20,104.41722869873047,105.71506515854756,103.2963633913724,104.53520946703648,7833069
2021-09-21,103.76831817626953,105.24313790020142,103.50284342469361,103.85680976012817,9481007
2021-09-22,104.2697525024414,104.6826972164572,103.70932581883235,103.70932581883235,9165634
2021-09-23,105.15464782714844,105.44961177617269,104.41723795458779,104.41723795458779,10295913
2021-09-24,103.91580200195312,105.89205806684473,103.70932963734305,105.18414938757765,7093411
2021-09-27,103.82730102539062,104.50572044955862,103.29636356290641,104.12226494875821,5205649
2021-09-28,108.51722717285156,111.43737733834784,103.8862957815182,104.32874168518916,38873626
2021-09-29,115.0654296875,115.80283948554316,107.63232932153485,108.25175835273615,53686662
2021-09-30,112.02731323242188,116.80572693383786,111.2899033401628,115.00644199588007,23618199
2021-10-01,113.17767333984375,114.1510568451478,111.87983666751484,112.55825620164279,16994903
2021-10-04,113.0596923828125,113.88559390129099,112.11581007688625,113.26616476190344,10757286
2021-10-05,112.05679321289062,115.09492411960828,111.70283889413325,113.05967778516852,17200858
2021-10-06,110.67047119140625,113.35464792638196,110.16903487885963,113.23665514559147,8929507
2021-10-07,111.08341217041016,113.00067756579564,110.67045549936756,112.67621246727018,6733699
2021-10-08,110.72944641113281,112.17477676354206,110.31650174022283,111.4963573738081,8165175
2021-10-11,114.12154388427734,115.09492728925136,111.67335277755117,112.08629749378817,12982042
2021-10-12,114.0625228881836,114.8294337292407,113.05965055951836,114.38698793681012,8539966
2021-10-13,117.63163757324219,120.64026776751012,114.53451578458971,115.09494254549985,33075614
2021-10-14,120.728759765625,121.49565891458688,116.95321841021888,118.10357313471924,19185455
2021-10-18,120.22730255126953,123.85534928503107,119.25391918279884,123.76686970780803,38546365
2021-10-19,117.18917083740234,120.81722954735136,116.2157874758873,120.34528246234014,16174177
2021-10-20,114.65250396728516,118.13308155458499,114.06257596950945,117.98559955514106,21909934
2021-10-21,114.47551727294922,116.42227220081206,114.1510521172483,115.77335389152444,16946547
2021-10-22,114.71146392822266,116.21578472422907,112.82369963710056,115.56686649928788,7705870
2021-10-25,113.64958953857422,115.03591742506943,112.38124240756783,114.71145234430799,7862419
2021-10-26,112.3222885131836,113.82659764378172,111.90933173061748,113.62012525355634,8525850
2021-10-27,112.2337646484375,113.17764673388898,111.23089218304129,112.17477426849277,9862679
2021-10-28,109.66758728027344,112.73520723131234,109.28413178586543,112.49923369612954,11095238
2021-10-29,109.16616821289062,111.28990635979743,106.95393847608885,110.25753248262328,12988035
2021-11-01,110.75895690917969,111.20140280895005,108.87119253767142,108.90068172972155,5475153
2021-11-02,109.43163299560547,112.8237186544989,109.22516061679141,111.28990840916133,10946890
2021-11-03,108.51722717285156,110.49349514427246,107.95680049571367,109.43162017461685,13957727
2021-11-04,109.16616821289062,109.63810335547299,108.6942210681938,109.10716581821768,830214
2021-11-08,111.58487701416016,112.29278577152971,108.90069997174653,110.67048386728558,11947323
2021-11-09,110.05106353759766,112.29278253948961,109.31365360234739,112.29278253948961,10381150
2021-11-10,108.78269958496094,110.02154568826681,108.28126330530297,109.69708056501653,13857851
2021-11-11,107.45536804199219,109.28414210870568,106.59996539641831,109.13666013554953,8851354
2021-11-12,107.36686706542969,108.36973959431666,106.3639945365427,108.36973959431666,9590673
2021-11-15,111.08341217041016,111.34887488584945,107.36686214158729,107.48484290353541,24821341
2021-11-16,110.67047119140625,112.8827008074476,110.02155290445688,111.49637264848445,23206330
2021-11-17,112.70574188232422,114.32804377698041,110.31652883662088,110.31652883662088,18359498
2021-11-18,113.56111145019531,114.71146596014435,112.70572086609094,113.17765594617468,10742933
2021-11-22,114.56401062011719,116.21581378954582,113.26617384564872,114.68200341914246,25095721
2021-11-23,119.07693481445312,119.40139993468487,113.94456729045598,114.00355767537641,19671538
2021-11-24,119.93234252929688,122.38053362398132,119.1654314862135,119.28341226109707,18120478
2021-11-25,120.4927749633789,120.93522089347698,118.72299124298655,119.51939151674031,18537454
2021-11-26,119.1654281616211,120.90571055422528,118.45751952784285,120.37478507994813,12814537
2021-11-29,118.13304901123047,120.34527839346325,117.10067529952184,117.39563921715288,16066147
2021-11-30,121.96758270263672,123.58988428634773,118.16255287986876,118.16255287986876,37739647
2021-12-01,122.23306274414062,123.14745583984515,120.75824291372332,122.11508195855305,20332817
2021-12-02,126.53952026367188,127.42441201376748,121.8200975964953,123.29491717998799,33758843
2021-12-03,121.58413696289062,127.68988828595303,121.23018262572003,125.7431334304579,47614182
2021-12-06,119.1654281616211,122.70499533473856,118.78197265077743,122.32153982389488,11322446
2021-12-07,121.40717315673828,122.08558067656892,119.25393380539698,119.5193965738425,8049102
2021-12-08,120.81724548339844,122.49853769208333,120.0798355671231,121.02371785953264,8788449
2021-12-09,119.87333679199219,121.79060234404298,119.22441854402838,121.23017567582721,5755422
2021-12-10,119.54888916015625,120.49277138255896,119.07694204789809,120.49277138255896,6164402
2021-12-13,120.58126831054688,123.6783898664576,120.16831156849027,121.23018661707675,21648126
2021-12-14,125.21218872070312,125.74312619697324,119.87333676828021,120.40427424455032,48042035
2021-12-15,123.7963638305664,127.2179503523541,122.5870188718463,125.71362945005993,15207306
2021-12-16,122.822998046875,124.94674833181308,121.70214451018741,124.71077474436272,13410737
2021-12-17,123.85537719726562,124.17984239391551,120.9647396363445,122.82300321061787,15209414
2021-12-20,123.7963638305664,125.44816670359084,122.41003570612457,124.32730132561808,22539246
2021-12-21,121.87908935546875,124.9172201321877,120.81722644463274,124.74023697932537,17566511
2021-12-22,123.06979370117188,123.95518289550002,120.90209957295076,122.00121453827963,14750231
2021-12-23,127.22199249267578,127.98526340086683,123.37511456921044,123.64988712694758,15932489
2021-12-24,125.42066955566406,127.43569716189819,125.08482540977758,127.1303888194662,8975969
2021-12-27,125.84810638427734,126.55031811293567,125.17643046152865,125.42067963971797,8648187
2021-12-28,125.54280090332031,127.40518695391917,124.13838983674782,126.18395345792767,15736206
2021-12-29,124.93217468261719,125.72598136403482,123.77200046478701,123.95519044450756,17172943
2021-12-30,125.3901596069336,129.08439628130208,123.13088237629835,124.93219699885638,87481206
2021-12-31,124.81006622314453,125.90916891966616,124.29104447009018,124.5658170384632,9842223
2022-01-03,125.17642211914062,126.36711970179425,124.65740041447184,125.42067128105195,7410054
2022-01-04,128.5958709716797,130.06135349567322,125.48172837258612,125.97022668826003,14784090
2022-01-05,127.40520477294922,129.05386525390938,127.03883715751711,128.22953501342928,9565107
2022-01-06,125.75650787353516,127.43570384497266,124.96271359540023,126.85562293314219,5615931
2022-01-07,125.2985610961914,127.31360148458405,124.87113430981987,126.36714048515074,11908249
2022-01-10,124.5658187866211,126.55032325258443,124.22997460009233,126.55032325258443,11085710
2022-01-11,124.47421264648438,125.66492267329949,124.26049928465459,124.9016517931726,7208789
2022-01-12,125.1458969116211,126.21447621531202,124.77952934924723,125.78704946304744,11018139
2022-01-13,127.00829315185547,129.14545193085303,126.12290376976867,126.76404394964966,20522807
2022-01-14,126.85564422607422,128.0158186675013,126.1229090120313,126.97776262073769,14183654
2022-01-17,126.0007553100586,127.954736231009,125.66492357421232,127.7104870630116,7574539
2022-01-18,125.26799774169922,126.91665758942332,124.93215364311304,125.9396735158451,8475422
2022-01-19,124.96273040771484,126.6419266050691,122.76451241578448,125.78706060180991,13724367
2022-01-20,131.06886291503906,131.49628958944012,125.4206590530241,126.4587023611565,30170343
2022-01-21,131.3436737060547,133.8777359590999,130.06138088614952,130.61093850126056,29509593
2022-01-24,130.6719970703125,132.96181010308666,129.14545504846305,132.1374798958941,12850189
2022-01-25,133.63348388671875,134.45781408020852,129.4202254918447,130.36668649887073,27389035
2022-01-27,131.1910400390625,133.9082927301655,129.66449777092578,133.1144857815213,28512473
2022-01-28,128.35162353515625,132.80913035061823,127.77154264766376,132.80913035061823,18932049
2022-01-31,131.52684020996094,132.35117027377316,128.96224260551008,129.450740936747,19907759
2022-02-01,130.03082275390625,132.53436119040288,129.0233151260313,132.503825385849,8622355
2022-02-02,130.6719970703125,132.99234591273597,130.21403446375766,131.19101887313514,9921099
2022-02-03,129.02334594726562,131.28262333308749,128.84015592223935,130.67200648037544,4594389
2022-02-04,128.04632568359375,130.27507927398284,127.67995812341336,129.4507491578196,7329263
2022-02-07,130.45828247070312,130.85518587733574,128.22952865471737,128.87068126720322,7869237
2022-02-08,128.26002502441406,131.52682143195503,127.31356430140391,130.67195568585342,9074237
2022-02-09,127.83263397216797,129.23705768439746,127.43573053844821,128.59590502815539,9833985
2022-02-10,129.48129272460938,131.71003402554956,128.26005916879333,128.26005916879333,19180334
2022-02-11,126.88616943359375,129.45075489147706,126.42820685732673,128.35163973922425,20071130
2022-02-14,123.25297546386719,126.36711807481375,122.88660793723142,126.36711807481375,12109375
2022-02-15,124.22997283935547,124.47422202400281,121.5127332706065,123.34458352091715,19046061
2022-02-16,123.19449615478516,126.14412990600233,122.81793629871194,124.63792878631983,20270061
2022-02-17,123.63379669189453,124.79482217825391,123.00621396757019,124.41827509729995,16405551
2022-02-18,122.81792449951172,125.61067506666824,122.5355174027913,123.50827565718781,14600643
2022-02-21,124.35550689697266,124.88894960546617,122.72379453114465,122.8179217157832,10682638
2022-02-22,124.35550689697266,124.5437740344517,120.37035955114214,121.8765477237822,13606058
2022-02-23,124.2927474975586,125.20273722221891,124.01032764741461,124.48101462945303,6493463
2022-02-24,119.93103790283203,123.00619533997158,119.17794385496987,121.75103008140044,13145037
2022-02-25,123.82205963134766,124.19860666064929,120.59000649078925,120.84104209972415,10920938
2022-02-28,131.25892639160156,131.94926481917904,123.03759544164527,123.91620102136045,31938385
2022-03-02,132.35716247558594,133.76922321444027,129.40751682683708,130.38027488754994,20502615
2022-03-03,136.7188720703125,137.66024600621301,132.23165375554643,132.23165375554643,19805555
2022-03-04,134.961669921875,136.49924248860327,132.38857053856174,135.5264841589894,12794317
2022-03-07,133.54957580566406,135.05576375687528,131.07061699691218,132.10613078951994,17635653
2022-03-08,133.2671661376953,140.20195916133673,131.66683812560956,134.3026800091632,28410490
2022-03-09,130.59996032714844,135.55786632508617,129.65858625544647,135.024423571429,22830958
2022-03-10,131.0706329345703,132.67097378757725,129.94099183380212,132.41993817578378,16516553
2022-03-11,133.3299102783203,133.6750857949299,130.38027734223797,131.35303542126508,12992850
2022-03-14,133.92611694335938,134.302663914714,131.5412981777809,133.329905867865,12598659
2022-03-15,131.5727081298828,134.96165707089125,130.7254740866812,133.80061892732394,14528285
2022-03-16,131.3844451904297,132.92203057751846,131.1334095386393,132.57685496028122,11933774
2022-03-17,132.76510620117188,133.51820022559878,130.38028717681854,133.04751326828173,28464621
2022-03-21,128.59170532226562,135.55787114701312,128.34066967390825,135.55787114701312,17797415
2022-03-22,130.97650146484375,131.47857272093978,128.05825218941825,128.65445063385513,13285297
2022-03-23,131.85511779785156,132.1689091361464,130.7254766409115,131.4785707455382,9408783
2022-03-24,132.2630157470703,132.54542277305848,130.53716382154508,131.79232885829072,11188958
2022-03-25,131.5727081298828,132.29443074749975,129.72133160919574,132.26304650700257,9842670
2022-03-28,133.2357940673828,133.51820113641918,130.22339241272374,131.57269758654397,12823578
2022-03-29,132.60821533203125,134.58509040950977,131.60407290564055,134.20854338371393,10470515
2022-03-30,136.2482147216797,137.2523445846235,132.92203375266564,133.73788368021823,54218485
2022-03-31,136.05992126464844,136.34232834496385,134.77337174720822,135.27544296577062,10326026
2022-04-01,141.2374725341797,141.67677525715402,135.6206004721449,135.6206004721449,39663961
2022-04-04,142.71229553222656,143.151598274924,140.60989623240044,141.83367727863015,9907530
2022-04-05,146.25814819335938,147.23089368319287,142.39851217059476,144.3126316772878,17167487
2022-04-06,148.51742553710938,149.6470665614636,145.0657212209924,145.1912326342982,17153675
2022-04-07,145.19125366210938,150.55709080156961,144.34401957909,148.07813150005066,11913911
2022-04-08,145.97569274902344,146.91706653644388,144.72052769912952,146.22672831264205,6746769
2022-04-11,144.9088134765625,147.82707489027862,143.33985710017745,145.912943003809,12413822
2022-04-12,146.2895050048828,146.63468055041798,143.46538323734376,143.8733144907396,14769907
2022-04-13,144.03021240234375,147.7015682040574,142.80643139117294,147.45053260047843,11015439
2022-04-18,145.03433227539062,145.47364774410104,142.80642176823181,144.03020269693874,19069923
2022-04-19,142.9947052001953,146.4464097981593,142.14747117069905,146.03847851930502,15036942
2022-04-20,142.46127319335938,143.71643859594403,140.2333494964905,143.24575156997477,9814641
2022-04-21,142.61813354492188,143.49675166275492,141.36296845321738,141.89641106355188,11134333
2022-04-22,141.48849487304688,144.4695122822576,141.01780791369782,141.23747204262148,12032249
2022-04-25,139.8567657470703,142.39848012793266,139.00953187618268,140.5471039837862,11042683
2022-04-26,145.34812927246094,145.7246762831371,140.79815537030535,142.46125183300927,15389155
2022-04-27,143.90472412109375,146.13263513657404,142.743685863899,145.1912610479534,12680209
2022-04-28,147.85845947265625,148.2663907203418,144.3753836690354,146.4777828462445,18378146
2022-04-29,142.93194580078125,148.32915393380054,142.49264306147327,147.54467563632093,9026331
2022-05-02,145.31675720214844,146.3836425226862,141.77091293252468,141.77091293252468,12634353
2022-05-04,149.11361694335938,150.27464215095438,146.16398395452876,146.22673965825277,23124643
2022-05-05,146.6974334716797,151.0277559866229,146.1326065752609,149.61569512967625,16481935
2022-05-06,149.61566162109375,150.0863484679922,145.2539558455827,145.2539558455827,17715186
2022-05-09,153.8518829345703,154.66773268541877,147.8898480024111,149.99224724063754,54118806
2022-05-10,152.91050720214844,155.86014039508552,152.18878463888055,154.2598123824839,30997494
2022-05-11,150.1177520751953,155.64048403534255,149.80396077673697,153.13015364767574,15412618
2022-05-12,148.0467529296875,151.81224891212193,145.693317940666,149.99225663363822,26538994
2022-05-13,148.29779052734375,150.52570135242001,146.2895183156641,150.52570135242001,15074553
2022-05-16,147.60745239257812,149.30193341765664,146.22677549943558,147.79573231809906,7960529
2022-05-17,149.7725830078125,150.18051423228937,146.069843288115,147.41914836836918,15470937
2022-05-18,143.0260772705078,149.52155463490004,142.52400608260666,149.050867684318,19181550
2022-05-19,143.27713012695312,144.1243641864382,139.103702775324,139.95093683480906,15085602
2022-05-20,143.747802734375,146.2895046582164,142.3043576159952,144.81468807008113,15148281
2022-05-23,140.9550323486328,145.5991455802638,140.70399678537183,145.5991455802638,11572501
2022-05-24,142.46127319335938,144.1243699054246,140.95507215661723,141.2061077907747,16336858
2022-05-25,141.11196899414062,143.96747541581985,139.66853643020178,143.3398927093587,11062614
2022-05-26,142.58676147460938,143.77917096709453,140.51574655753578,142.46125006201123,14150454
2022-05-27,141.017822265625,143.49678149807718,140.20197244730835,143.46539725697943,8430491
2022-05-30,143.24574279785156,144.28125674521138,140.7667963868344,140.89230781212564,9305758
2022-05-31,146.16397094726562,147.57603161229636,143.21432545272646,143.24570968589563,26351545
2022-06-01,143.84194946289062,146.22676882569812,143.18299529004835,145.69332608533932,10282009
2022-06-02,141.55125427246094,143.9674446218843,140.9236717002367,143.9674446218843,10071898
2022-06-03,141.8336639404297,143.15158481278476,141.2060813566225,141.8336639404297,16082518
2022-06-06,141.08055114746094,142.74363455837567,140.29607302223752,141.83364504039596,12693293
2022-06-07,141.2061004638672,141.99057879977755,140.39023788723958,140.54713355442163,9103195
2022-06-08,140.9236602783203,142.14744108768969,139.98228649628265,139.98228649628265,11240130
2022-06-09,141.11196899414062,141.64541174099202,138.69577812790592,141.0178290345309,9468041
2022-06-10,140.86090087890625,142.74364856417495,139.35471294525124,139.35471294525124,9019239
2022-06-13,139.54299926757812,141.5198871629627,139.00955657027157,139.22920794349173,10186775
2022-06-14,140.54713439941406,142.64954656685558,139.32335329531716,139.5430046770522,17023962
2022-06-15,139.480224609375,142.02193909648835,139.26057326599235,140.73538973521866,5898563
2022-06-16,135.7775115966797,140.7668016125586,135.33820882364995,140.17059039978687,11883333
2022-06-17,132.63958740234375,136.12267613515405,131.9492490572304,134.42819535911062,19675226
2022-06-20,130.694091796875,132.3571884358058,129.50168216321504,131.22753451587485,7402273
2022-06-21,132.01202392578125,133.76926066673207,130.09790427145606,131.1961740424995,9459619
2022-06-22,132.20028686523438,132.5768338989995,130.66270172240786,132.29442681572607,10257637
2022-06-23,130.88235473632812,132.85922968758646,129.3761539611118,131.8551000935091,13114525
2022-06-24,131.1333770751953,133.04750908200435,130.38028307446416,133.04750908200435,9499105
2022-06-27,132.76510620117188,133.89474723781223,131.57269668899522,133.89474723781223,17545390
2022-06-28,131.98062133789062,132.76509956084954,130.75682764915453,131.50993440411526,6770087
2022-06-29,132.48269653320312,134.93027145273024,130.8195999360756,131.22753121736378,41502918
2022-06-30,132.98477172851562,134.77337980323003,132.04339771359201,132.73373610422888,22260722
2022-07-01,129.59579467773438,133.61232549257284,128.77993226739864,132.45130034571002,11133663
2022-07-04,132.23165893554688,133.14166143681956,128.68582718597924,128.68582718597924,20178279
2022-07-05,134.39682006835938,135.52646111874623,132.38854803178103,132.41993226993108,20083997
2022-07-06,132.07473754882812,134.3968005569921,130.66267686469297,134.30266062440992,19203527
2022-07-07,133.39266967773438,135.1185216070157,133.11024988293255,133.83197233427182,14069302
2022-07-08,137.31509399414062,137.6916410443947,133.4554580005816,134.30269205570377,17142257
2022-07-11,136.216796875,138.85263846398567,135.68334149571993,138.0681602805733,10826079
2022-07-12,133.98887634277344,136.1540310639833,133.76922500076952,134.99300588350553,8503695
2022-07-13,134.58509826660156,135.99715927192327,133.9575155975697,134.616482507334,10210005
2022-07-14,134.83612060546875,137.59748663083374,133.58095539104838,137.59748663083374,10898403
2022-07-15,131.35305786132812,136.18543931021625,131.03926652651197,136.18543931021625,22067479
2022-07-18,131.94924926757812,133.29855448911516,131.10201526230648,132.01200497756093,15155654
2022-07-19,131.7923583984375,132.73373238699776,131.54132278118104,131.72960268617385,14922395
2022-07-20,131.32167053222656,133.23580273687068,130.85098354107163,132.60822008199742,14181034
2022-07-21,133.2357940673828,133.80060820545552,131.44717340281593,131.76096470983455,12461554
2022-07-22,131.7923583984375,134.27130479436545,131.4785670689174,134.27130479436545,9272199
2022-07-25,130.47442626953125,132.4199297934248,130.1606349667032,131.79234718776877,6635194
2022-07-26,131.22752380371094,132.41993334003394,129.9723585587817,130.47442976403386,11451315
2022-07-27,132.20028686523438,132.41993823758057,131.4158085581397,131.7295998809776,9209354
2022-07-28,134.42819213867188,134.80475192535027,131.82373447941995,132.41993286132558,13192642
2022-07-29,134.27130126953125,136.6875046579683,133.5809629163499,135.8088864047368,15433067
2022-08-01,137.40921020507812,138.1623170136345,134.39682127545612,134.9616481898231,12136557
2022-08-02,139.69992065429688,140.20199197256838,136.4051111446757,138.03682377675204,17748747
2022-08-03,140.32748413085938,141.0492067636017,137.84853766209477,140.17058846148942,12406038
2022-08-04,138.57025146484375,140.70402221774506,137.50335332019165,140.57851079752785,9712267
2022-08-05,140.35887145996094,141.04920986673605,137.3464694345027,139.1350775510299,14099223
2022-08-08,139.2605743408203,142.02194019262882,138.75850317932785,141.20607774725357,8392041
2022-08-10,140.2647247314453,141.14334301047282,138.4133609888032,138.53887241372058,8585266
2022-08-11,139.8567657470703,142.39848012793266,139.1350432762403,140.98641942038677,5040626
2022-08-12,143.12022399902344,143.46538678489264,139.32334397705296,139.95092660758021,13279062
2022-08-16,143.62228393554688,144.312622282663,142.49264284977542,143.84193530487454,11298246
2022-08-17,143.40261840820312,144.940190609895,142.90054724085056,143.6222697558448,11225465
2022-08-18,145.19125366210938,145.4109050513066,142.9319585179902,143.0574699494736,11360485
2022-08-19,144.5891876220703,145.57148642466726,143.03650180852262,144.77930373212206,9829530
2022-08-22,143.19493103027344,146.26861003517342,143.00481492993597,144.55748777054902,9190493
2022-08-23,144.20892333984375,145.0327854944223,142.0858636911449,142.561173243493,8903751
2022-08-24,145.41305541992188,145.7299285089987,143.54350935180813,144.08219102451895,13007225
2022-08-25,143.41677856445312,146.39538072037124,142.65627534403134,146.0785076019289,12124365
2022-08-26,146.0467987060547,146.52210833025785,143.60687854719816,143.60687854719816,7966045
2022-08-29,143.8920440673828,145.06447166696526,142.9731045698535,144.6525341607346,7517013
2022-08-30,145.50811767578125,145.9200552639323,144.5574984232475,144.6208704613633,7214498
2022-09-01,143.29000854492188,145.82499326183725,142.59289032648994,142.624582792891,13109081
2022-09-02,142.08587646484375,145.03279853305315,141.83238832901333,144.17724384063055,6897237
2022-09-05,141.57887268066406,142.9414292912508,140.50149664023883,142.59286380007862,18055474
2022-09-06,142.62457275390625,144.4941186935991,141.9591341551149,141.9591341551149,14103701
2022-09-07,142.21263122558594,143.82867608768714,141.35707654640322,141.35707654640322,7866745
2022-09-08,142.21263122558594,143.79699651799754,141.61056467831088,143.2266224340098,7187735
2022-09-09,141.26202392578125,143.32169897906948,141.00852287896447,143.25832694076502,9162027
2022-09-12,141.9274444580078,142.4027540682404,140.81838870079847,141.6739563140958,8778919
2022-09-13,143.73362731933594,144.1772444525199,141.83238893095105,142.14926199568188,11278383
2022-09-14,147.377685546875,147.78961026641002,142.40276750867963,142.592896528157,25072958
2022-09-15,150.5780792236328,150.9900167904481,147.25091201209094,147.94803018245628,23606369
2022-09-16,149.34228515625,151.1167666677763,147.91635629650273,151.0850870959411,29399642
2022-09-19,147.75791931152344,150.89495763608005,146.80730007455495,149.53240081770548,13920046
2022-09-20,147.4727020263672,149.72250568188275,147.0924569716087,148.29657705634102,20162973
2022-09-21,143.8920440673828,148.51838244019928,142.14924245098842,148.20150941903665,14468837
2022-09-22,139.48753356933594,143.4801397160203,138.88547984744508,141.95914628425487,26264530
2022-09-23,128.3652801513672,139.26570812103532,125.54510221662562,138.34678141601478,87162722
2022-09-26,127.28790283203125,132.6747447339052,118.0985842935404,126.74922122056336,167547134
2022-09-27,129.8228759765625,131.75580658966916,127.54139277154239,130.42494246120714,54127095
2022-09-28,131.62905883789062,133.34018103137876,128.3652767619358,130.04469359962235,52877873
2022-09-29,131.81918334960938,134.4175396734544,130.58338366314553,132.42123696227702,36761869
2022-09-30,134.48092651367188,138.6002764470471,131.185451724411,131.185451724411,62897614
2022-10-03,133.5936737060547,136.03359344190926,132.45292564829583,134.9879098712297,11740863
2022-10-04,132.10438537597656,134.575998043832,131.8192047539005,134.41756149965664,19179333
2022-10-06,130.7418212890625,133.65705067449952,130.29819129748918,132.3578660547736,20692745
2022-10-07,132.7064208984375,132.92822942961277,129.28418976706084,129.28418976706084,14282850
2022-10-10,132.4212188720703,134.32245683372872,131.53398480483915,131.78747288485084,16834226
2022-10-11,132.04098510742188,134.00559525645417,130.90024996940127,133.0866686541379,17807162
2022-10-12,136.60397338867188,136.85746150706953,132.6747399367463,133.371858049534,35288330
2022-10-13,135.58998107910156,137.71304095645925,135.1463639399034,136.22372721715504,16436903
2022-10-14,134.76611328125,138.15665240137147,134.06899513684334,138.15665240137147,23365190
2022-10-17,134.2591094970703,136.22371983992244,133.72042788761695,134.3224815287241,9520537
2022-10-18,134.57598876953125,136.255418600772,134.0689995992686,134.95623387062773,13256574
2022-10-19,135.5582733154297,137.4595113341774,134.95620687333562,134.98789933108628,11595367
2022-10-20,137.8397674560547,138.1566404846893,134.5759726823989,134.70272963001068,16371066
2022-10-21,137.71304321289062,138.7270344716708,135.6216757656078,136.4772304872786,11634491
2022-10-24,138.69534301757812,139.58259021057617,138.53690647931413,139.2974095991404,1132859
2022-10-25,138.47352600097656,139.04390008267495,135.78010501468754,138.69533456230437,20622687
2022-10-27,141.895751953125,142.49780558043685,137.74470991135223,138.98052252147255,24298489
2022-10-28,143.73362731933594,145.1278636467123,141.45213093839567,141.83238893095105,11669879
2022-10-31,144.5891876220703,145.92005196682655,143.67024796255876,144.46243065510396,11755682
2022-11-01,149.025390625,149.50070017649782,145.6348517363683,146.17353331601313,15220278
2022-11-02,147.85293579101562,149.91261013546108,147.5677423763973,149.0253632237503,12884449
2022-11-03,144.5258331298828,148.0431169755998,143.67026540319483,147.6628718157385,9358215
2022-11-04,143.32168579101562,145.41304022421622,142.59287518358002,144.4941135193611,8059667
2022-11-07,144.49412536621094,146.96573798408954,143.48013408271166,144.05050820892959,14862038
2022-11-09,138.63198852539062,146.3953798828125,138.18837131954942,146.3953798828125,22831150
2022-11-10,136.1920623779297,139.51922996260092,135.3048151099641,136.88918062647423,16217631
2022-11-11,135.6533660888672,138.0615936787509,135.33649301965104,136.88916590137083,12123886
2022-11-14,137.14581298828125,138.67073425007277,136.432021461696,136.88624883261897,18460862
2022-11-15,140.16323852539062,140.48769046642164,136.04270151469362,136.26981523301868,15258103
2022-11-16,140.8770294189453,141.1041431360833,138.50852762140175,140.13078731807772,9825807
2022-11-17,141.6557159423828,143.05084866033135,140.32545776714971,140.74724791066137,9449665
2022-11-18,141.68814086914062,141.98015549781425,140.71478517752485,141.68814086914062,5828998
2022-11-21,142.14239501953125,142.43439647410648,140.4876849049843,141.13658876135835,4712051
2022-11-22,141.33128356933594,142.23973852475459,140.74726738229216,141.78551104704528,4366445
2022-11-23,139.61167907714844,141.98018099244246,139.02766291691398,141.623278560637,13510578
2022-11-24,143.24551391601562,143.4077398660904,139.57920480392966,139.77388122481202,7622243
2022-11-25,143.14817810058594,143.34285452472542,140.5525628559625,143.2455163126557,10989671
2022-11-28,143.60243225097656,144.18643517458287,142.2072862848416,142.2072862848416,4526153
2022-11-29,142.33706665039062,144.2188905852632,141.81795145586327,143.60243716614212,6476054
2022-11-30,145.3544464111328,145.97089972003042,141.23391005728487,142.33704120014832,17317951
2022-12-01,143.9917755126953,145.90603670316506,143.08330742830935,145.35447103828253,13241961
2022-12-02,142.62908935546875,143.73222075769118,141.8179594414863,141.8179594414863,12880949
2022-12-05,143.9917755126953,144.21888923329595,140.9419193152556,142.564179036665,16477957
2022-12-06,145.030029296875,145.4518194945111,142.36952580699364,143.76467190595102,11299945
2022-12-07,143.440185546875,145.4193341505067,143.05083271811228,144.60820442721965,5813973
2022-12-08,141.33128356933594,143.95933660805616,140.74726738229216,143.9268993322109,11176439
2022-12-09,140.94189453125,142.07747613654962,139.96853886956464,141.72058698178697,6020031
2022-12-12,139.87123107910156,141.4610402413883,139.25476449630955,140.1632325327517,8194429
2022-12-13,140.35791015625,140.68236208615167,138.24897261188923,139.87123226139752,8235450
2022-12-14,142.23974609375,143.11577702192406,140.35793512711652,140.35793512711652,10055353
2022-12-15,140.39035034179688,143.0184163093379,140.09834887961813,142.43440018299734,5385778
2022-12-16,138.34629821777344,141.5908175305916,137.95695854063183,139.51433045118114,11166617
2022-12-19,142.04505920410156,142.23972244311787,138.54097567999548,138.89787808783316,7758862
2022-12-20,141.00682067871094,142.04506426305733,138.80054481073523,142.04506426305733,6541929
2022-12-21,140.1956787109375,141.62326186590627,138.7680823539864,140.84458254537464,7005861
2022-12-22,139.5143280029297,140.81213570528251,138.11918208250387,140.22811959882722,6961415
2022-12-23,137.08096313476562,139.70902948394212,136.56183467997013,138.4761093052916,4554651
2022-12-26,137.4702911376953,139.02766316712876,136.88627497640977,137.24317740885758,6864331
2022-12-27,137.98941040039062,139.64410734535642,137.4378447520687,138.184073639925,13115851
2022-12-28,140.00099182128906,141.72058949448447,137.89205451691274,137.89205451691274,16815549
2022-12-29,140.00099182128906,140.48766966076053,138.54095830287469,138.8978606659463,22536873
2022-12-30,138.67074584960938,140.64990784985827,138.37874440130233,140.19568044094007,4643134
2023-01-02,139.54678344726562,139.83878490990375,138.216525224174,139.2223315101197,5959394
2023-01-03,139.9036865234375,140.29302624620527,139.0925566001778,139.67657278532167,2873110
2023-01-04,136.95115661621094,139.77388559537894,136.59425423409388,139.77388559537894,9954542
2023-01-05,135.4911346435547,137.5027340195592,134.06353819459625,137.5027340195592,21273509
2023-01-06,135.03688049316406,136.46447679923463,134.6799913181328,135.0693309645223,11510471
2023-01-09,135.685791015625,137.53516432893323,132.5386100155064,135.750678759569,52485126
2023-01-10,137.43783569335938,137.85961261887547,135.62089969889706,136.20491578297296,17248326
2023-01-11,137.53514099121094,138.2489456594203,136.3346717250101,137.69736692453483,9164361
2023-01-12,138.54098510742188,138.80054931242273,137.1782895336473,138.57343558379094,21179555
2023-01-13,138.8654327392578,139.7414503521228,138.41120529613775,138.60586854233915,6560245
2023-01-16,139.9361114501953,140.09833740522637,138.0218372596395,139.51432132671815,8362194
2023-01-17,141.72061157226562,141.9152748171908,139.44944796758824,139.93612588287624,13000571
2023-01-18,142.33706665039062,142.85619504690152,140.4228054419758,141.65572548220155,11171369
2023-01-19,143.24551391601562,143.56996581616514,141.88281857578394,141.9801567862251,11586815
2023-01-20,144.8677978515625,145.2895880332964,143.40776405462626,143.40776405462626,10112645
2023-01-23,146.0682373046875,148.14473730861394,145.06244437330008,145.35444579164263,14393610
2023-01-24,143.37530517578125,147.0416146913969,143.0833037143004,146.81450097669145,6150893
2023-01-25,142.36949157714844,143.56996092641944,141.33124817242705,143.2130585676178,5790331
2023-01-27,142.2721710205078,143.69975422886003,140.81213733842733,142.30462149423605,10458603
2023-01-30,137.4702911376953,142.01261852238562,136.62672397315745,141.46105283749858,24288177
2023-01-31,140.5850372314453,142.8886382315483,137.66496958473533,137.9569710686127,20997546
2023-02-01,140.5201416015625,146.00337414995641,138.60586721929528,146.00337414995641,20246369
2023-02-02,138.02183532714844,140.87701473611529,137.1458178226425,140.16322318436903,12820663
2023-02-03,139.41697692871094,139.6116533469051,136.52936033804656,138.3462830326059,10815686
2023-02-06,140.84458923339844,141.0392524717838,138.24897377239674,138.50852475691056,6948201
2023-02-07,140.7147979736328,141.59081553535268,139.5792162301486,141.46104004546183,10035526
2023-02-08,140.81443786621094,141.64471167438435,139.78489293864746,141.37902135305464,12432719
2023-02-09,141.37899780273438,142.10963592950614,140.8144144099366,140.8144144099366,7011082
2023-02-10,142.2093048095703,142.44177878891708,140.7148118534627,140.74802821347166,10892159
2023-02-13,143.4713134765625,143.80342299849897,142.14287538881655,142.20929459048963,7710133
2023-02-14,142.8070831298828,144.16873746747945,141.31259039945382,144.16873746747945,6010681
2023-02-15,142.4749755859375,142.9399234807899,141.47864708533655,141.6447018354367,8107497
2023-02-16,142.5413818359375,144.0690908035221,142.1428531746103,144.0690908035221,3963115
2023-02-17,142.01002502441406,143.40488219634867,141.47864442864378,142.14286341657169,6491149
2023-02-20,143.33848571777344,144.13554322418344,142.2757243577974,143.20563379099042,6841917
2023-02-21,144.26834106445312,145.297885774799,143.50450013294878,144.50082849254738,6701434
2023-02-22,142.57461547851562,144.33479858586927,141.4786513917807,143.47130845363674,9128659
2023-02-23,141.6446990966797,143.40488211642156,141.2129540520532,142.80708232490565,10345874
2023-02-24,142.84031677246094,143.07279074483827,141.08013352976693,141.08013352976693,9808830
2023-02-27,145.59681701660156,146.09498132689592,142.508209103634,143.77021454552226,17763618
2023-02-28,147.62266540527344,148.1208296304881,145.29789902093842,146.52670140708733,36559278
2023-03-01,145.3975372314453,147.62266810877364,144.40120876276967,147.15772022881956,12896085
2023-03-02,146.36065673828125,146.79240179922834,143.33846833879232,144.79974476122976,79708558
2023-03-03,147.5230255126953,149.74815628373935,146.39385870755925,146.39385870755925,9951869
2023-03-06,150.87734985351562,151.9733139156786,148.1208382770361,148.78505728276272,15659957
2023-03-08,151.4751739501953,151.6744315757218,149.9142482255895,150.74452211588093,11591495
2023-03-09,149.9806671142578,153.0692748904073,149.7813959935386,152.10616267193055,13941653
2023-03-10,150.4788360595703,151.54158387129706,147.62268864658128,147.62268864658128,9605434
2023-03-13,150.179931640625,152.80360512097593,149.7149836889536,151.47516695783273,13209653
2023-03-14,149.58209228515625,151.27585590155596,148.78503500306712,149.548889447984,9583405
2023-03-15,151.6411895751953,152.80357272148132,149.91420951842954,150.5120092678047,12228069
2023-03-16,154.1984405517578,154.69660479206271,151.6744029954517,152.40504117851825,18437817
2023-03-17,152.5710906982422,155.42723765023408,151.6411949590536,155.39402129659047,33711025
2023-03-20,151.10983276367188,152.37185165210468,149.6485562698472,149.6485562698472,9281411
2023-03-21,148.22048950195312,151.24267818940294,147.755528040642,150.9437850106521,11272787
2023-03-22,148.85147094726562,149.24999963317276,146.65955641799147,148.1208327708409,7589846
2023-03-23,147.5562744140625,149.11718658202855,146.95847452683216,148.78507703507526,17091298
2023-03-24,147.72232055664062,148.95112310585876,146.65957277119713,148.12084928698553,10371666
2023-03-27,146.19459533691406,150.2795447817621,145.8292830047025,148.0544138932323,19983733
2023-03-28,147.5230255126953,148.1872444600857,145.26467838885412,146.95844211012727,8689166
2023-03-29,147.7555389404297,148.5858128466213,146.4935334138766,147.52306494941058,19743258
2023-03-31,149.9142303466797,150.61166573677667,148.12084436296007,148.78506339597783,10202058
2023-04-03,149.18357849121094,151.01018066522383,148.6854142619347,151.01018066522383,7643214
2023-04-05,149.88101196289062,150.51201457340423,148.58577687465882,150.51201457340423,12019382
2023-04-06,149.6153564453125,151.04343025283242,149.2168276769185,150.91057832098608,4282875
2023-04-10,152.13937377929688,152.37184773639873,149.44928131028348,149.58211971046433,4145643
2023-04-11,153.66705322265625,154.0987982480478,151.74081554184178,152.03972218106793,5106602
2023-04-12,150.9769744873047,153.79990505746736,150.81091974788336,153.70026951110071,9118795
2023-04-13,153.5674285888672,153.86633524933387,150.77771417259962,150.9769852795774,11428621
2023-04-17,157.1874542236328,159.34616631931414,154.2981038136661,154.49736143743178,21815047
2023-04-18,152.9696502685547,157.75202194959832,152.53790518997843,157.35349322843985,13482833
2023-04-19,152.73716735839844,153.7002931030168,151.87369068901148,152.1061646571706,8264190
2023-04-20,153.3681640625,154.69660201277966,152.5378903435752,153.33494770831516,7308750
2023-04-21,153.79994201660156,154.33130920229928,152.50470662972003,153.96599679592694,5030650
2023-04-24,154.0655975341797,154.29808500392332,152.73715948339625,153.43459486548582,5725067
2023-04-25,154.69662475585938,155.3608438286509,153.20213184207844,153.63387694210726,8338703
2023-04-26,158.28338623046875,159.0804435904209,154.09880130679605,155.46045560308133,13581018
2023-04-27,156.7224884033203,158.28341407092955,155.09515704319946,158.08414293910695,9794457
2023-04-28,157.5859832763672,158.05093124625316,154.82947127714303,157.38671213866044,10585487
2023-05-02,159.47898864746094,160.17642404421662,158.25018612736037,158.5490792896437,6732907
2023-05-03,159.21328735351562,160.7409964441567,158.61550107015785,159.4125584570149,4789217
2023-05-04,158.64869689941406,159.87749928049308,156.05824023627187,159.18007747621172,9189783
2023-05-05,160.11000061035156,160.4088937647334,158.21696558736468,158.61550781130126,3896441
2023-05-08,162.56761169433594,163.56394026447487,160.14320947095032,160.6413737560198,8758321
2023-05-09,161.67091369628906,163.99568028822625,161.20595226975922,162.10265876607727,9166941
2023-05-10,164.4938507080078,164.69310831519556,162.4679771967197,162.833303080254,9689409
2023-05-11,165.09161376953125,165.52334524568803,163.79637880035634,164.5270168910465,12616726
2023-05-12,160.57493591308594,165.78905212213098,160.17640723400936,165.29088789489288,13853807
2023-05-15,161.57127380371094,163.16540212668772,160.97347399339836,161.67090935769141,12187763
2023-05-16,159.81109619140625,162.43476947258188,159.4125674754318,161.77055044143424,11418509
2023-05-17,158.6155242919922,160.67460077080352,157.7188177085347,160.01038167998877,11560929
2023-05-18,156.52320861816406,160.07677753288124,155.82577326912806,160.07677753288124,14497723
2023-05-19,155.22801208496094,157.75205029511207,154.09884491985684,156.52324755342272,10071694
2023-05-22,155.6597137451172,158.74833467476694,154.53054689553622,155.89218768314038,12566129
2023-05-23,155.49365234375,157.12099686737128,154.99548813492964,155.46044950463673,12458561
2023-05-24,156.62283325195312,157.98447398641295,155.99181714358184,157.95127114717388,8877971
2023-05-25,158.0509033203125,159.61182875821402,156.95495279728542,157.88484857275446,12502747
2023-05-26,157.61920166015625,158.01773042711235,155.95865386986202,157.98451406587748,6811801
2023-05-29,155.75936889648438,158.3166095637124,155.49367857091897,158.21697400242894,13638297
2023-05-30,156.1578826904297,156.68926329073014,155.22797339668887,156.68926329073014,9469926
2023-05-31,155.32762145996094,156.22431447082212,152.77038083136748,156.091476066832,48104157
2023-06-01,154.76303100585938,155.49366922205706,152.8035903105696,154.72981464957155,8804790
2023-06-02,155.8257598876953,156.1578693561318,154.8294314823858,155.42723122828528,6617781
2023-06-05,156.49000549316406,158.08413391604006,155.95863836125287,157.05458898300714,27428302
2023-06-06,156.2907257080078,157.41989252746063,155.72612878471216,157.0545666963363,6898603
2023-06-07,158.88119506835938,159.44579208491356,156.85533502664836,157.2206474045447,11153571
2023-06-08,160.508544921875,163.03256934190404,158.91441641189397,158.91441641189397,19300834
2023-06-09,162.667236328125,163.06576502669822,160.60816012418826,161.77054337794274,11037141
2023-06-12,160.508544921875,163.69678842826514,160.20963822486937,162.7336761584703,8188909
2023-06-13,160.9070587158203,161.7041161399441,160.37567809069068,160.74100395966363,6443218
2023-06-14,163.72999572753906,164.19494365683383,160.8074292065645,160.8074292065645,10297426
2023-06-15,163.69676208496094,164.02887157469596,161.93659260022113,164.02887157469596,9732749
2023-06-16,163.69676208496094,164.2945618691979,162.40154048042226,163.66355924412926,9702361
2023-06-19,161.47164916992188,164.92559635555415,161.006701237996,163.69678029597492,10431647
2023-06-20,165.22445678710938,165.85545935735132,161.90336217832325,161.96978136778526,13426365
2023-06-21,171.5013427734375,172.06593974212504,165.22447854180027,165.25769489768905,31172093
2023-06-22,168.41273498535156,171.36850416730525,167.84813801735496,171.36850416730525,7430965
2023-06-23,166.1211700439453,169.14337191477645,165.75585770022553,168.44593655579382,5593393
2023-06-26,165.05844116210938,166.22082455057492,164.16174810800743,166.05476978079415,7305362
2023-06-27,165.75587463378906,166.08798416940988,164.49385569571555,164.79274887234567,11142907
2023-06-28,166.15438842773438,167.71530040202927,163.69676997706736,166.58613348791903,17808717
2023-06-30,169.47549438476562,172.49768297328495,166.85182101248765,170.37218740523682,17659979
2023-07-03,166.38685607910156,169.34262516290318,165.72263709275785,169.0769483792216,12467239
2023-07-04,165.7890625,167.71530033527765,165.5233721927944,167.71530033527765,8637967
2023-07-05,168.2134552001953,168.67840307666336,165.72263404718154,165.8554724365811,5340907
2023-07-06,174.49032592773438,175.088125730562,168.97731633482869,172.66372367738722,16705046
2023-07-07,169.6747589111328,174.3907251991779,169.17659460016228,174.3907251991779,13149183
2023-07-10,166.0547637939453,170.30576844978455,165.05843521118163,169.6747522392248,15319047
2023-07-11,168.3795166015625,169.64153540503776,166.08796645560835,167.38318810096155,7486045
2023-07-12,167.41639709472656,169.20978291152093,166.81859731793858,168.7116186831259,9390877
2023-07-13,161.47164916992188,167.51603985281432,160.5417397924989,167.2171466842293,30591450
2023-07-14,159.44578552246094,162.33513563586462,157.22064093367436,161.4052262796872,72085831
2023-07-17,160.07681274414062,162.7004729417793,158.88121288668052,161.0731414541664,11474161
2023-07-18,160.17642211914062,161.87017254100806,159.14687721507886,160.07678656172,14940593
2023-07-19,161.57127380371094,163.53071447318908,159.7778878863435,160.07678103471463,22954874
2023-07-20,162.2354736328125,163.2982212179698,160.94025212489717,162.0362025484092,10249082
2023-07-21,162.1358642578125,163.59715424761484,160.87384538457394,161.5712807789763,18466409
2023-07-24,164.36097717285156,164.82593855561353,161.30557264234628,162.1026435069799,14825562
2023-07-25,166.81861877441406,167.05109274151903,164.8259616045351,165.35732874169338,10500017
2023-07-26,166.71896362304688,169.80758457614792,166.054744644469,168.64520136363666,12898171
2023-07-27,166.51971435546875,168.31311394089295,165.855495289809,167.383204546255,10836773
2023-07-28,171.5013427734375,173.46079695875883,166.1211715015241,167.25035192532886,17518458
2023-07-31,176.71546936035156,177.34647200137036,172.13235558344482,174.0253770200713,24269734
2023-08-01,167.25035095214844,174.02537940127374,166.38686083976745,174.02537940127374,31395702
2023-08-02,165.09161376953125,168.57876301077664,163.79637880035634,167.9809632952781,20825405
2023-08-03,165.19125366210938,166.453272417209,163.46428702997974,165.3905247600192,10882019
2023-08-04,164.29457092285156,165.4237513583173,163.7964066607971,164.72631598601285,7406390
2023-08-07,164.69309997558594,165.3573189930532,163.39787829695294,165.25769695128955,6345966
2023-08-08,163.54190063476562,166.08137114151663,162.96629007540392,166.08137114151663,15171726
2023-08-09,162.76312255859375,164.8962804825557,162.35681004391265,164.55768442406995,18442141
2023-08-10,163.7450408935547,164.32065137244183,162.55995482275458,162.89855084298318,9962450
2023-08-11,165.4380340576172,166.75855312977345,164.42224591672516,166.25065905932743,23866073
2023-08-14,165.57345581054688,166.11521496019378,163.0339856294035,165.81047027195208,9188486
2023-08-16,167.9774932861328,168.38380576008134,164.59153304071597,165.6411724502907,9191471
2023-08-17,165.0316925048828,168.48538288626898,164.01590445800622,167.97748886283068,15301142
2023-08-18,163.2032928466797,164.9978546314083,162.59381721332736,164.9978546314083,12292241
2023-08-21,167.4019012451172,167.74049733483426,163.67734425822937,164.08367058789798,9129526
2023-08-22,167.8082275390625,169.39962640489193,167.06330511983538,167.94366046391642,11107830
2023-08-23,169.02713012695312,169.29800969797134,167.40186647835114,169.29800969797134,8487619
2023-08-24,166.7924346923828,171.09260215735083,166.45383861203084,169.29804017598346,18982087
2023-08-25,163.88047790527344,167.53731777105793,163.4741654262991,166.69082769923318,12851343
2023-08-28,168.2822265625,168.6208225918008,164.2529393248235,164.55767024019113,11908665
2023-08-29,170.07679748535156,171.32960010611993,168.34995213138137,169.02714422666247,12363321
2023-08-30,167.3341522216797,170.3815164361569,166.89397463519816,170.1783670883629,6748007
2023-08-31,165.6073455810547,169.02715766766187,164.93015343192343,167.84207140668215,20715819
2023-09-01,170.78782653808594,171.05870610889127,166.04748227026826,167.26643345013858,13120723
2023-09-04,172.95486450195312,173.69977305389503,169.8397836081452,171.7359132151329,10240031
2023-09-05,172.20994567871094,174.03835872237877,171.32959049323668,172.88713773599645,10893186
2023-09-06,172.34539794921875,174.20767631605705,170.75399919124058,173.83521513168571,10018473
2023-09-07,174.03834533691406,174.51237422955282,170.75396686718568,172.00676932130807,13760453
2023-09-08,175.15573120117188,176.95029293746228,174.10607798442433,174.88485161838142,16781751
2023-09-11,179.11729431152344,179.45589033101592,174.44466648702573,176.30694459423438,17683806
2023-09-12,172.7291259765625,184.4219729111432,172.1422179186637,183.29331946615457,29826173
2023-09-13,174.44467163085938,175.70877174074343,172.72912392584752,174.44467163085938,10692151
2023-09-14,176.2053680419922,176.65682941414948,174.89613281823756,175.34759419039486,10941807
2023-09-15,175.25733947753906,177.15346929104194,173.54177771007264,177.10832039077783,20516593
2023-09-18,180.67486572265625,181.03602934750796,175.2573286848256,176.29568443940616,25627043
2023-09-20,184.7831573486328,185.95695981934372,179.18503838544547,179.41076909990875,33369524
2023-09-21,182.0292205810547,185.59576246606275,180.9457023264893,185.09915222897143,20332556
2023-09-22,179.81707763671875,183.20303827846598,177.3340398327708,181.0811778761432,21193988
2023-09-25,179.59133911132812,181.1714540087091,177.60491171012228,180.5845597006853,11951847
2023-09-26,179.09474182128906,180.62970781661915,178.41754972533386,179.77193391724427,7440011
2023-09-27,179.9976806640625,180.22341138283983,178.1466860145863,179.9525317648051,6736870
2023-09-28,181.26174926757812,184.60256081987242,178.59812980470193,180.67485496775242,50185120
2023-09-29,180.35879516601562,182.30007330761367,179.7719009680923,181.4422995654542,16293959
2023-10-03,180.17825317382812,180.58456569113136,177.78549941191525,179.4559121555618,10830728
2023-10-04,179.681640625,180.0428042408809,176.4311129720367,179.59134283227536,14120040
2023-10-05,177.5146484375,180.13311934809735,176.3859948074994,180.13311934809735,14575590
2023-10-06,177.92092895507812,178.28209254064868,175.93450167942478,177.87578006250487,12857229
2023-10-09,177.19857788085938,177.78547211825185,174.94127115626245,177.42430855331907,7853369
2023-10-10,178.7335662841797,179.2753254775464,176.70198997531745,177.1986002729855,7440527
2023-10-11,179.23016357421875,179.81705784318166,178.19180793605125,178.19180793605125,10031916
2023-10-12,181.26174926757812,182.39040274994161,178.19181730655274,178.19181730655274,21872719
2023-10-13,182.20980834960938,182.7515537171806,179.95250154096087,180.99085716193622,13105921
2023-10-16,183.3384552001953,184.06079610864305,180.67483601670705,180.85541779944225,18336656
2023-10-17,187.04046630859375,188.710879122838,182.93217828749655,183.78995225528027,19378328
2023-10-18,186.45355224609375,188.21424889436878,184.19624531817493,188.21424889436878,14923328
2023-10-19,185.82150268554688,187.26617080333807,182.5709753098783,184.19623899771258,13192888
2023-10-20,183.15789794921875,185.2797582911917,181.3971874435809,185.2797582911917,22081120
2023-10-23,180.35879516601562,185.2345718522422,179.68160319417828,182.3903710815277,6988219
2023-10-25,180.13308715820312,180.99086100821685,178.59812125120368,179.68162578687932,16817158
2023-10-26,179.63648986816406,180.58456157191836,177.2437499383396,179.45590806209387,11070090
2023-10-27,181.4423370361328,182.20982694038284,179.81707321257957,179.9073710051415,9995487
2023-10-30,181.35205078125,182.57098830072857,178.46268678505945,181.4423347951881,7679981
2023-10-31,182.5258331298828,183.24817410409682,181.08116495896292,181.93893883818225,7474770
2023-11-01,181.4423370361328,182.70643724445588,181.0360245246217,182.70643724445588,5598615
2023-11-02,183.38360595703125,183.8802024202315,181.3971649942021,182.1646548005231,12924797
2023-11-03,184.55740356445312,186.45354683993008,183.38361501797547,183.6544808194656,8684015
2023-11-06,187.98851013183594,188.6657021811419,185.05401125151008,185.09916014363196,9804415
2023-11-07,187.8079376220703,188.8011581878057,185.77636137375464,187.9885194219745,10730361
2023-11-08,186.90501403808594,189.2526187592294,186.58898555648688,188.71085958434762,7435543
2023-11-09,189.43321228027344,190.06525550507354,186.09240056846517,187.17590520776662,13777877
2023-11-10,190.6521453857422,192.32255809143655,189.25262605544054,190.06525107158402,12066023
2023-11-13,191.69052124023438,194.21870794183724,190.24583918860156,191.41964163336456,11352269
2023-11-15,189.7492218017578,194.12840291336505,189.4332070867761,194.12840291336505,19182861
2023-11-16,190.71568298339844,192.23442153364775,189.33501923490158,190.2554617338995,27533260
2023-11-17,192.83270263671875,193.93723082137438,190.4395465326,191.17590333731636,16705395
2023-11-20,192.64862060546875,194.39745576065033,192.23442428396135,193.3849774241698,11156900
2023-11-21,192.3264617919922,193.43099000729424,191.40601927176746,193.29292924719584,9608081
2023-11-22,194.765625,195.68606743564303,191.6361122919115,191.6361122919115,13079580
2023-11-23,194.12132263183594,196.1463074198616,192.602598085655,195.1798399610018,11382709
2023-11-24,193.7071075439453,195.2258459878696,192.8326900400818,194.4894892312551,7250200
2023-11-28,193.47702026367188,197.38890108221955,192.83271329076118,197.38890108221955,15629209
2023-11-29,194.25938415527344,194.627555521648,192.46452416573203,193.5690523096931,10062023
2023-11-30,192.3264617919922,195.87017111279275,191.68215483680254,193.66110063735042,60354322
2023-12-01,193.47702026367188,195.5480159911383,192.7866883545164,194.67359838184242,20719909
2023-12-04,195.9622039794922,197.06674622295733,194.8576757808651,194.8576757808651,27914088
2023-12-05,204.6143798828125,205.4887974886903,194.71962255692932,196.69856840417052,40709207
2023-12-06,206.5472869873047,208.25011119400844,204.7984518924503,208.02000057390455,29544730
2023-12-07,211.70179748535156,213.91085410204553,206.40925254821778,207.09958449653956,24534268
2023-12-08,210.4131622314453,214.83127501895567,208.43420241906983,213.3585754380649,22206320
2023-12-11,212.57618713378906,214.37104715395503,208.5262458552178,209.8608846371444,19106395
2023-12-12,212.94439697265625,214.73925719866443,211.24157257794843,211.70179386896794,14355329
2023-12-13,218.09886169433594,218.60510791109783,212.25405986761623,212.62223127353096,26878281
2023-12-14,213.6346893310547,218.69712259439876,212.7142469195376,218.37496213243315,29972018
2023-12-15,218.46702575683594,219.15735760897064,209.07850133193375,216.30398033554548,41341690
2023-12-18,213.4045867919922,218.05280990992446,213.03640138657096,218.05280990992446,29051897
2023-12-19,214.96932983398438,215.75169746347825,212.4841381108706,213.68070202007732,12612164
2023-12-20,209.07850646972656,216.67215702981113,208.20408891116924,216.25796071731955,20400245
2023-12-21,213.8648223876953,214.64719009272403,204.98254375709897,206.59331814636982,17755207
2023-12-22,213.31256103515625,215.5676424744566,212.16200784726436,214.46311422304814,9735375
2023-12-26,214.78524780273438,217.04032895928128,212.66822739348828,213.54264489767948,6772092
2023-12-27,215.42958068847656,217.08638008015362,214.00289193328692,216.30399829816096,10231881
2023-12-28,220.0778045654297,220.86017225356414,215.475592124035,216.39603461231394,39164340
2023-12-29,218.3289337158203,219.2954010414445,216.07385265258804,218.88120477184452,12665999
2024-01-01,219.29541015625,220.44596320009182,217.5925860334293,218.9732496860395,5952776
2024-01-02,218.92726135253906,220.9982570447941,217.36249781585343,220.90620717386963,9128513
2024-01-03,218.19090270996094,219.7096272537495,215.93582133939924,217.22443525262355,8284439
2024-01-04,222.2408447265625,223.75958331885636,218.19090323678884,219.06532082607654,19663959
2024-01-05,222.05674743652344,225.50840672310153,220.26188741647036,222.74707929383905,16345257
2024-01-08,223.06924438476562,225.73852200356993,221.27437028281187,223.1152552736667,13585746
2024-01-09,223.02322387695312,225.18625535723046,222.28686705703055,223.29935944002887,8688409
2024-01-10,220.1238250732422,222.83914176819286,219.0653217834006,221.82664936890563,16872195
2024-01-11,222.7010498046875,223.7595670578172,220.1698330463178,221.13630043575367,18812468
2024-01-12,220.44598388671875,223.34537221134363,219.80167693067304,223.2073114510618,11296498
2024-01-15,221.9647216796875,222.28688219936134,218.14489060558444,221.27438974739135,12597366
2024-01-16,220.03179931640625,223.11527350109003,218.78919622812953,222.42494157312274,7478450
2024-01-17,220.16983032226562,222.01071521466724,218.7891666529644,219.52552341889248,13620300
2024-01-18,214.87730407714844,216.9482997528553,208.06603502831462,209.1705632463906,25522629
2024-01-19,216.67214965820312,218.09883828143575,213.91082227575447,216.30397829181157,20931080
2024-01-23,219.019287109375,227.16520874234408,217.45453768946598,221.82663950544466,27492163
2024-01-24,226.61294555664062,227.34930238141854,216.3039921442646,217.36249542405656,28309825
2024-01-25,225.9686279296875,228.9140410448544,223.75957160452174,225.2782960724685,20651484
2024-01-29,233.74636840820312,234.71283583531613,225.64647165668347,225.9226072136926,26181011
2024-01-30,233.8844451904297,236.507711936982,231.49128906919466,233.79239532236758,16031367
2024-01-31,238.67071533203125,239.3150362809651,232.3196680640482,233.79238159755823,34369455
2024-02-01,244.65362548828125,249.3939272268763,237.7503061676223,238.3946272067551,29929092
2024-02-02,255.0546112060547,259.0125025469763,242.9507984786855,243.45703059566105,33900724
2024-02-05,260.3931579589844,266.37603375696943,253.02961851531043,255.42277445243923,27440927
2024-02-06,252.4313507080078,260.393172559988,250.63647663209895,260.393172559988,29668277
2024-02-07,246.632568359375,252.56940537176393,245.57403705877903,250.4523989499213,27335466
2024-02-08,254.22622680664062,265.13344783422536,249.25581489216967,249.25581489216967,69776717
2024-02-09,251.2808074951172,257.21767297400424,247.69108729169366,256.43529121551643,24496638
2024-02-12,248.7956085205078,254.0421422595654,245.0678274514829,251.46491437106388,19140023
2024-02-13,248.74960327148438,249.3018744285981,243.22694787970306,248.79561416387807,22031847
2024-02-14,251.87908935546875,253.1216923723227,245.75815223058243,248.05925852487627,13546941
2024-02-15,263.5769958496094,265.1679211829919,253.93794064424642,254.54622554489833,25475670
2024-02-16,256.9325866699219,264.74678722455343,255.76279702280092,263.90454439048983,25129188
2024-02-19,258.6170959472656,260.4419506262549,255.7627921273332,257.4473063225352,11429901
2024-02-20,269.4259033203125,270.22136586676123,259.88043844086667,260.48872324956994,43053543
2024-02-21,262.12646484375,270.8764969493412,261.33100218700224,269.09839387214606,24651085
2024-02-22,264.4660339355469,265.3082767212113,255.71600216603525,262.12645477574785,26793590
2024-02-23,263.85772705078125,266.8991797047551,261.0970124488334,264.41920315483327,14313526
2024-02-26,269.33233642578125,272.79492494138776,263.9513044586698,264.7935757879309,31012494
2024-02-27,273.73077392578125,274.57301674907404,265.86979330951965,265.86979330951965,36510093
2024-02-28,261.6117248535156,274.8069567557171,260.5355241739681,272.7949244314648,18824161
2024-02-29,264.6999816894531,266.7120139777734,256.7921930091932,261.6585288984785,35043015
2024-03-01,269.2388000488281,270.82969685367067,266.3377159749979,266.7120429550009,15149735
2024-03-04,275.7428283691406,277.942038764834,269.5195527416572,269.5195527416572,23131460
2024-03-05,276.0703430175781,276.4914786933653,271.15722674353646,273.3096281636759,13220556
2024-03-06,274.853759765625,275.97674058036057,268.11576063995267,271.67190939225407,15969436
2024-03-07,273.87115478515625,279.7201031982995,272.3270381159501,275.13453335425885,14908694
2024-03-11,267.2266845703125,273.21602926809254,266.15048401219366,269.8938101686502,19020659
2024-03-12,266.8524169921875,270.1278281072644,264.6064265108556,266.61845905539633,17906155
2024-03-13,247.34027099609375,265.68257536640675,245.0006920855771,265.1210707160202,39389523
2024-03-14,249.2587890625,251.17723270116736,243.97134545605653,247.1063589300761,26005940
2024-03-15,248.8844451904297,254.5462153959138,241.1170251585676,250.89647757820327,43817794
2024-03-18,247.90179443359375,249.53949979506808,242.84830931576457,248.88443478606737,12423655
2024-03-19,242.38040161132812,249.39913910972564,241.72530802108463,245.32826564879187,20031514
2024-03-20,247.66787719726562,248.13579309167167,242.33365313662833,243.26948492544045,11308487
2024-03-21,256.18389892578125,256.88577262146833,249.9606245358853,250.61568951627163,23559105
2024-03-22,258.05560302734375,260.39518238389263,253.93794907168135,256.1839395421046,22097588
2024-03-26,252.72132873535156,256.5114640995812,249.0248108084402,252.76813745401068,28477120
2024-03-27,252.90850830078125,255.29486763067922,251.92589647301526,253.61038205184724,18094214
2024-03-28,259.13177490234375,261.5649428734951,254.2186588018577,254.54620558708646,26646830
2024-04-01,262.1732482910156,263.53021569655294,259.8336690120322,262.7347530298351,8945400
2024-04-02,261.6117248535156,263.6237857370833,260.62911305030167,261.3309867838303,13229425
2024-04-03,262.12646484375,264.9339599433418,260.6759085733707,262.1732450050164,14499308
2024-04-04,259.8336486816406,268.3029421444806,257.4004807100149,264.6531759073845,23722104
2024-04-05,260.5355224609375,261.9860786362818,257.4940696356444,261.9860786362818,9308711
2024-04-08,263.6705627441406,265.9633616699896,261.1438059099118,262.54755336019116,14473340
2024-04-09,263.1558837890625,266.1037479134396,262.96870602652683,264.7000003723727,5780865
2024-04-10,264.4192199707031,267.0395657132801,262.03286069877964,262.03286069877964,8809693
2024-04-12,257.587646484375,266.19730858078447,257.02614181559807,263.4365939522309,17731780
2024-04-15,256.4646911621094,258.476752362273,251.17724724941587,252.90854177640043,13378690
2024-04-16,256.6518249511719,257.86839464845417,253.84433005653736,255.4820354117408,9662195
2024-04-18,262.12646484375,271.2976040786897,259.88047447594,269.42594067896187,51039603
2024-04-19,263.5769958496094,264.1385005884101,257.07298258984304,260.25480469729075,18755469
2024-04-22,265.4486389160156,266.4312792733896,263.6237843540043,265.7761857018069,14965203
2024-04-23,267.0395812988281,268.72406693505064,262.68796960582245,265.4486559851492,11464036
2024-04-24,271.7655029296875,273.1224702333387,266.15051308172156,266.7120177783812,19324163
2024-04-25,274.47943115234375,275.6024406363888,270.68932412249734,273.26286134405956,22022414
2024-04-26,273.4967956542969,277.1465333232782,272.74814176913173,275.36845892652474,15581578
2024-04-29,274.853759765625,275.69600251650536,271.01684439015366,273.54357264279474,9804396
2024-04-30,282.4808349609375,284.8204144644084,274.24549797312795,274.85381149148645,33288857
2024-05-02,293.4768371582031,296.89261727152814,282.4808142962947,282.57440318145115,44059506
2024-05-03,290.90325927734375,295.81637518925874,288.4700913995802,291.9794599080909,27074447
2024-05-06,287.1599426269531,290.8564604459498,283.6505739991819,290.2949843129584,16855909
2024-05-07,276.3043212890625,288.51691407472475,275.6024474839252,287.300344236214,13857464
2024-05-08,282.62115478515625,283.41661738962654,273.2628384015418,273.2628384015418,18754452
2024-05-09,277.14654541015625,284.82037658468664,276.30430261278497,283.3230401897397,11196567
2024-05-10,284.2588806152344,284.91397423297167,277.2401428222656,277.2401428222656,11786977
2024-05-13,286.8791809082031,287.9086014351539,278.5035047755792,284.6799993779683,11710605
2024-05-14,289.40594482421875,292.91531359734995,288.0021973149663,288.236155233175,9957875
2024-05-15,294.6465759277344,296.003514570495,289.03158650008555,290.10778709518894,11397656
2024-05-16,292.4474182128906,295.34850231342614,285.70941827353835,294.3190816894531,19843532
2024-05-17,293.0556945800781,295.72282066822146,290.80970418560065,294.693400074285,9069551
2024-05-21,304.7535705566406,306.4380846591677,291.0436426209263,291.0436426209263,21976662
2024-05-22,304.84716796875,306.7188313177523,299.6533135989951,306.7188313177523,10287081
2024-05-23,299.37255859375,300.12124109803216,289.1719986571884,298.9514514594513,35705284
2024-05-24,298.3431091308594,302.2268332025944,297.0329505742894,297.5944552583378,15058182
2024-05-27,297.5477294921875,300.86992092784953,294.3190983882074,300.86992092784953,12857918
2024-05-28,292.7281494140625,298.9982333365529,291.9794954648028,298.53031747843625,10935739
2024-05-29,297.3137512207031,298.24958294810943,289.2655926531455,289.2655926531455,16812268
2024-05-30,287.01959228515625,297.26693220999215,284.30565752215614,294.41265696391986,22768893
2024-05-31,290.1078186035156,291.51156611288746,286.08375383370947,288.75085125406304,36929443
2024-06-03,315.98358154296875,326.3245394135394,304.70682049099423,313.5036331419187,55218939
2024-06-04,276.95941162109375,313.4568490520696,261.7989261875766,313.4568490520696,73262478
2024-06-05,279.62646484375,281.732085899981,261.28418871247743,277.28688589238226,45312613
2024-06-06,281.170654296875,291.46480331203435,278.9714440226819,283.9313407608043,36508044
2024-06-07,289.4995422363281,290.71611202314534,277.75483726048566,278.9246268860088,38016104
2024-06-10,295.53564453125,302.60119112364885,291.6051684590796,292.91532714980303,25478964
2024-06-11,296.237548828125,299.1854418850059,294.92739000246706,295.91003054120085,12238518
2024-06-12,303.8177795410156,306.1105788097135,296.5650832967223,299.37257861709395,20346144
2024-06-13,300.8230895996094,306.9059952090144,300.0744071582475,306.0169437346831,11756503
2024-06-14,300.869873046875,305.0811154378888,298.85784072747595,305.0811154378888,14159988
2024-06-18,310.5089416503906,311.1640352535985,301.3378025613796,301.3378025613796,21653702
2024-06-19,306.2976989746094,313.36324532959264,304.51962448556577,312.56778268574465,14235150
2024-06-20,303.7241516113281,307.23352031070095,301.61853039170444,306.4848664118943,11749507
2024-06-21,305.03436279296875,308.4501428841355,302.2736477750116,305.736236588112,17209541
2024-06-24,311.5851745605469,312.5677864174738,301.85250207614206,302.36722664445557,18044357
2024-06-25,306.39129638671875,313.50362310025974,304.89395993766004,313.50362310025974,13979671
2024-06-26,305.7362060546875,309.0116167715787,304.0985006962419,304.80037442129,12946277
2024-06-27,310.27496337890625,311.16401484504655,303.53699282461736,307.4674685081239,27061015
2024-06-28,309.7135314941406,315.70284902884174,308.4501529099546,311.63197517282845,21676594
2024-07-01,308.45013427734375,310.46216672208163,304.37926066724054,309.76029294652307,11959181
2024-07-02,309.57305908203125,312.9420583060482,306.99952237135767,308.87118543366574,12684459
2024-07-03,313.64398193359375,315.28168737408174,307.98221169163327,309.853875052191,9369793
2024-07-04,313.5035705566406,316.9661587297972,312.4741501354876,315.37523366444145,12878827
2024-07-05,317.62127685546875,318.0891927107536,311.4915905749646,313.50362304082586,10894118
2024-07-08,317.62127685546875,319.11861330424364,315.23491741724314,319.11861330424364,7828162
2024-07-09,319.2590026855469,320.3820122334923,316.40472721022104,318.182801861702,9214579
2024-07-10,323.8445129394531,325.4822182353224,313.9715010080811,320.990237990378,10662609
2024-07-11,320.8031005859375,326.37131071578324,320.05444663741326,326.13735278695475,12642065
2024-07-12,321.0838317871094,323.7041488769677,318.27633695112644,320.80306516792245,11380570
2024-07-15,321.78570556640625,323.2362331415886,318.36992589374364,323.2362331415886,5277531
2024-07-16,320.47552490234375,324.73354702023863,319.58647350839044,320.7562629429014,11363095
2024-07-18,319.3526306152344,322.58126204078775,315.3285649352403,320.05450452867444,13908161
2024-07-19,310.8832702636719,319.91403953015185,309.7602609151782,317.7616097054247,12937990
2024-07-22,316.87261962890625,317.62127356588127,308.35654543905974,308.82446128949834,10678640
2024-07-23,312.8017272949219,318.6506750753056,300.4955468768576,317.34051648436275,15954324
2024-07-24,315.515625,317.05974146127835,309.10517269055066,309.66667737446494,12573882
2024-07-25,317.6680908203125,320.61595504540355,309.2456052861565,309.2456052861565,16271884
2024-07-26,322.11334228515625,323.37669246693406,316.77908918243213,318.51038386028625,11468068
2024-07-29,320.3819885253906,323.70417963996675,316.07715698924727,317.99560055242785,31849674
2024-07-30,327.3539123535156,334.0451317561641,321.27100639424725,322.8619316842441,25813219
2024-07-31,325.8565979003906,328.14936834914283,320.6159348528889,325.90337806001816,17976593
2024-08-01,337.9288330078125,339.2389916776005,327.6814644561692,328.6172961573488,26792459
2024-08-02,335.2616882324219,337.8820054257251,331.28440372443083,335.0277303201871,13771470
2024-08-05,320.8031005859375,332.0330811697064,319.58653077975623,330.11463757703956,13566586
2024-08-06,318.8846435546875,328.289740473513,317.48089604087374,320.8030870665064,12273667
2024-08-07,329.45953369140625,329.92744953448977,321.364595317924,323.65739437276005,12441847
2024-08-08,320.6627197265625,332.2202466967493,319.3525610852555,332.2202466967493,15489731
2024-08-09,323.7977294921875,326.5584441008897,322.20680436864495,325.57580379776743,8720610
2024-08-12,319.2590026855469,321.73895116466394,317.71488597661124,320.9902971722464,12521136
2024-08-13,315.3285217285156,320.475596388484,313.6440074314802,315.37530189260605,10435954
2024-08-14,312.0998840332031,316.6386736657895,311.16405229697165,315.3752951100133,12385993
2024-08-16,319.5072326660156,320.40364735948657,311.9583318530998,314.2229963376203,13013828
2024-08-19,321.1113586425781,323.94219646357095,320.16774603558054,323.3288540283768,5891370
2024-08-20,321.30010986328125,323.32887131745395,319.69595682689925,321.2529407491177,6393840
2024-08-21,317.66717529296875,321.7247267416092,317.1953689940644,320.8282832549824,10118601
2024-08-22,315.1666564941406,318.6580351656303,311.8640118901601,317.0538819821295,18370039
2024-08-23,317.2897033691406,317.95024363835614,314.5532328763887,315.7799176086253,7494822
2024-08-26,319.1769714355469,322.24371247668665,316.91230688759805,317.4784802237783,7993675
2024-08-27,316.44049072265625,322.1965333338851,316.1102205537682,319.8846709484401,9589690
2024-08-28,315.59124755859375,319.79030637674106,314.93070721576225,316.4404931445404,8790600
2024-08-29,314.50604248046875,316.95944080027215,310.2597861258444,313.7511639805764,17653536
2024-08-30,318.3748779296875,321.6303528411853,315.21377003530586,316.11021350275325,22713812
2024-09-02,316.6291809082031,320.73390127657825,315.3553269979917,319.31848244588133,9789776
2024-09-03,315.77996826171875,318.89390729167116,315.16662579721645,317.05385110139144,8434423
2024-09-04,314.128662109375,315.827182247649,312.3358037385088,312.5245377972418,9025610
2024-09-05,312.5716552734375,315.4496620146059,311.01470033482565,313.6096348314353,13912371
2024-09-06,311.2034606933594,314.3173999189676,306.6741311974606,314.270202005334,23755639
2024-09-09,310.0238952636719,310.63726646547246,305.30583246071376,309.22184762458505,18597200
2024-09-10,315.30816650390625,316.3933153101741,308.5613417030864,308.5613417030864,15472387
2024-09-11,314.4117126464844,318.2333319488074,313.27936606969325,317.9030617975125,10134008
2024-09-12,319.12982177734375,319.8847004070875,314.4589274650794,315.96871352134076,18410837
2024-09-13,318.23333740234375,322.00778766063695,317.14818871243847,320.63953792329755,10417461
2024-09-16,319.1769714355469,322.24371247668665,318.04462476318645,318.23335880750386,7748570
2024-09-17,317.9030456542969,320.82825016515636,315.6383814124847,317.71434043226066,11451846
2024-09-18,315.44964599609375,319.7902692384509,314.31732827858843,319.4128299992825,6583254
2024-09-19,316.015869140625,319.27134428550585,314.31737789785313,317.2425828575359,10589610
2024-09-20,321.6303405761719,323.6119326729625,315.87429831283504,319.0825751950454,31236123
2024-09-23,321.9134521484375,323.18733499463224,321.0642065165653,322.71552866617293,6542941
2024-09-24,330.31158447265625,331.2080279759151,323.04578461278606,325.1217150884182,26145769
2024-09-25,343.23907470703125,345.5981061483167,332.4818970941238,333.89731595889504,40770462
2024-09-26,344.8432312011719,345.45657362294673,337.0584273637651,343.52215054286194,18733959
2024-09-27,334.2747497558594,342.8144319147534,333.42550421025845,341.7764811350023,33148043
2024-09-30,332.9537048339844,337.2943284642278,329.9813309643599,334.2747566875096,16356171
2024-10-01,331.0193176269531,335.92611509651056,330.2172698839451,331.302418709874,9856291
2024-10-03,324.7442626953125,330.17003501440104,323.2816747193099,323.6591139908489,19350466
2024-10-04,319.7431335449219,327.85820762051003,318.7051539311656,323.659120054448,20121706
2024-10-07,310.4013671875,320.8282745930665,306.6740860080783,320.8282745930665,13851446
2024-10-08,308.702880859375,312.33579541739124,304.1735515381948,308.84441700126683,21148292
2024-10-09,311.15625,313.09064428114004,307.14589651250947,308.5613153904473,9228363
2024-10-10,315.4968566894531,319.0354036940527,311.4865034175736,311.5808704303834,20773976
2024-10-11,311.4393615722656,316.4405261837106,310.9203861035491,315.5912805090952,6098468
2024-10-14,312.05267333984375,312.8075518406612,309.3161739816506,311.43930216156457,5944216
2024-10-15,311.2506103515625,314.6476213452107,309.0331150642664,314.6476213452107,12415489
2024-10-16,308.75006103515625,313.892732540298,306.62693263842027,312.9963178286282,22085298
2024-10-17,312.477294921875,313.1850043451301,306.2966441441553,309.9767273857277,17039729
2024-10-18,313.3265380859375,315.0250579668857,309.7408218874413,312.807562698208,10569021
2024-10-21,312.477294921875,314.93069334851333,310.8731708405589,314.22298392525823,8745904
2024-10-22,304.55096435546875,316.7235610444044,302.94681142884616,314.12862641395503,11219831
2024-10-23,299.03082275390625,303.7488856840618,296.1528158852197,301.2011489798403,12541589
2024-10-24,301.1539611816406,302.7109162415018,297.47387773194004,297.47387773194004,8327779
2024-10-25,297.99285888671875,303.3714624298448,295.5866581839779,303.3714624298448,12979410
2024-10-28,300.35186767578125,302.3806577262924,293.2276043345509,296.7661514504143,9610615
2024-10-29,302.4750061035156,303.08837732828067,296.4358912489805,298.27594732973336,15856332
2024-10-30,300.493408203125,307.0514977140632,298.8892554554541,300.5877464144733,14498110
2024-10-31,302.7109069824219,304.50379393864205,299.92726712339487,302.3334677062385,9900390
2024-11-01,303.8904113769531,304.5037825742267,301.9560171607252,304.2678794358199,847672
2024-11-04,297.66259765625,306.3910139560511,294.02968349103276,306.24944903269204,9249409
2024-11-05,298.74774169921875,299.7857212726405,294.40711817194506,294.73738832668425,7518195
2024-11-06,300.5406188964844,302.28630799950747,296.1999950934131,299.50263925711073,11019250
2024-11-07,295.3035888671875,301.0124338525791,294.12407306055513,301.0124338525791,14504208
2024-11-08,298.41748046875,299.64416531244285,291.29321695966684,294.2655908476694,15740539
2024-11-11,311.2034606933594,313.65685950229397,295.16204459995373,295.86975413348637,22838987
2024-11-12,304.5038146972656,313.75120717964063,303.6545402719927,312.8075945264688,12069181
2024-11-13,300.0688171386719,306.2966662726025,299.26674064168265,304.4566101204961,12918639
2024-11-14,298.7287902832031,305.14172647630943,297.29305437592416,301.60026209776106,12500377
2024-11-18,298.680908203125,302.03095857840174,296.8144690915435,300.54737652482765,9408101
2024-11-19,301.5523681640625,304.6152829286182,298.87233965266626,299.63805373874516,13157158
2024-11-21,311.9375305175781,312.75111999232894,299.59020828645436,302.46167993137243,25406386
2024-11-22,322.5141296386719,323.13627597551874,310.1189322371218,311.8418035099469,31523269
2024-11-25,328.0656433105469,330.60210414911484,321.7483996979914,327.20420763840764,29419152
2024-11-26,324.28485107421875,329.8363804184665,323.42341542721545,327.3477658303637,13997179
2024-11-27,324.7156066894531,326.6777674260775,322.08342417391594,322.8012921326988,12177260
2024-11-28,319.35552978515625,327.10850981744056,317.96766921544275,324.7156165488419,16920231
2024-11-29,315.2875671386719,318.25476021882605,312.5118171772833,317.1540353112208,13890537
2024-12-02,313.80401611328125,317.72836675357354,312.2247124633197,314.0911516095936,16003524
2024-12-03,315.52685546875,317.15403434293347,310.3582125891655,310.3582125891655,23174488
2024-12-04,311.1239318847656,317.0583181269633,307.3431785229836,314.95256063195916,17880011
2024-12-05,314.2826232910156,316.2926595781231,305.85962104269,311.0761403104066,19785053
2024-12-06,314.80902099609375,318.4940823362232,312.7032925232497,313.08614959011936,8802058
2024-12-09,315.00042724609375,316.48400916027276,312.7032559037669,313.7082592378729,9376929
2024-12-10,313.85186767578125,317.632650632765,311.41112828489753,317.632650632765,14994365
2024-12-11,313.516845703125,314.90473540033605,312.8468531538778,313.22971021203637,5013051
2024-12-12,315.09619140625,315.76618398286655,311.8897086442092,313.9475909747325,10414162
2024-12-13,319.54693603515625,319.9776392477004,311.12393517615186,316.4840213209511,14973536
2024-12-16,320.6476745605469,321.8441211074146,317.39334579509085,319.54694957945276,12695136
2024-12-17,315.6704406738281,321.1740947097826,313.9475693553166,318.25477686171575,17360248
2024-12-18,307.77392578125,315.0004811019532,306.9124900318619,313.9476022037574,15037099
2024-12-19,307.86962890625,309.97538657645197,303.2752857114188,304.37601072579275,10234715
2024-12-20,302.2702331542969,311.6503912738322,300.1645048328565,307.5345977730774,13973399
2024-12-23,301.7916564941406,304.6631281228579,298.20231695824396,304.37599264403417,5984169
2024-12-24,296.8144836425781,303.08385225389713,295.5223154495999,300.64311283058913,4833589
2024-12-26,297.005859375,299.6859169879721,295.5222774395131,296.8144454662927,3775101
2024-12-27,296.1444396972656,298.9201898089065,295.5701395200005,297.436607793582,3981693
2024-12-30,294.37371826171875,298.63307996449225,293.17727162724566,295.76160804175674,12489142
2024-12-31,295.4744567871094,296.479460222459,292.0765310002142,294.18228864871605,8402716
2025-01-01,297.10162353515625,298.01093466478636,292.79441563503605,295.47447363229577,4239498
2025-01-02,301.6481018066406,303.6102916972374,295.5223012423458,296.57518006045615,10766571
2025-01-03,302.509521484375,304.3759897090918,300.2123500455756,302.7966861705497,7636948
2025-01-06,292.8901062011719,302.9402569041533,291.7415058653546,302.2702351732399,6722495
2025-01-07,291.9808044433594,297.3887662186675,290.01864378496816,292.8901155056114,10137739
2025-01-08,293.51226806640625,294.66086846296133,290.01864990788994,293.03368943619523,6907996
2025-01-09,292.1722412109375,293.75154478086444,290.64078381793064,293.51225547602337,8244909
2025-01-10,286.8600158691406,292.1722264848171,285.7114155797474,291.02362619542384,6540783
2025-01-13,275.2784118652344,285.7592655003387,274.46482241709185,282.36136918236133,19474228
2025-01-14,277.8149108886719,280.4949396886477,274.5127064653774,275.42201759936376,15954608
2025-01-15,285.8550109863281,289.5400722939113,278.62848532882623,282.3613928155499,12198882
2025-01-16,284.8978271484375,288.67860967176716,283.89282379925817,286.18999517603874,11694289
2025-01-17,289.63580322265625,291.9329748879467,283.03142373115014,284.89786292977004,7593230
2025-01-20,293.12939453125,295.5701337241153,289.01363022677754,289.6357765690648,9435937
2025-01-21,289.396484375,296.6708849147273,288.5828949154698,293.8472594993341,13911546
2025-01-22,284.8021240234375,289.34862089660356,283.1270988596395,289.06148540971503,9723333
2025-01-23,281.7392578125,286.76433365026116,281.021389835677,284.75429747313217,12228286
2025-01-24,283.17498779296875,289.5400778778457,281.73925186960753,282.64853376166303,11142914
2025-01-27,274.7041320800781,282.36139011715346,271.5933710025163,282.36139011715346,13477947
2025-01-28,271.7848205566406,276.42700998316207,267.3818912393075,274.84770631773875,11298068
2025-01-29,275.5177001953125,276.76199284567264,271.1626174988139,273.12480724452837,4800024
2025-01-30,282.6964111328125,284.37143638847147,275.5177314657026,275.5177314657026,10969499
2025-01-31,288.7264709472656,290.4493714775504,283.222816906031,284.2756956950739,14141459
2025-02-01,277.4320373535156,292.2679748674991,276.28343695870706,288.7264813252738,6945157
2025-02-03,271.6412048339844,279.48990564927925,266.08970469349185,277.5755912270239,14978897
2025-02-04,273.4119567871094,274.12982470929336,260.44248801036724,268.9611815115929,19836427
2025-02-05,272.98126220703125,278.293473315418,272.3590866200002,273.36411926896625,15337191
2025-02-06,269.104736328125,278.48489425351164,267.7647221131038,275.18269028603163,21418561
2025-02-07,269.3468322753906,272.9781486269869,261.4547773149336,264.45667140926554,17193482
2025-02-10,260.1959228515625,267.2648732583572,259.61490634717717,266.29652226829074,16709670
2025-02-11,253.17539978027344,260.29275652329574,251.77127890415463,260.19594505740855,22083955
2025-02-12,248.9146270751953,253.80481763807177,245.96116817566727,251.2870989826207,17861265
2025-02-13,250.94818115234375,253.0785653887716,247.99472212394767,249.10831997637257,12257226
2025-02-14,249.20516967773438,253.22382096433645,246.68745082472165,252.15862880901594,11339563
2025-02-17,254.8699951171875,255.64466409678988,244.21811933729094,248.76936608384136,8332653
2025-02-18,258.5013122558594,259.4212279783289,251.96494298094876,255.49941823407346,10483635
2025-02-19,254.72471618652344,260.00224090453156,253.99845294377334,254.19213496253084,14602009
2025-02-20,257.3393249511719,258.01718259487836,253.03015039846485,254.43427142397144,15312926
2025-02-21,253.6111602783203,257.33931811622057,251.1902824032853,256.9035482780215,10757038
2025-02-24,250.94818115234375,253.51430565186118,249.10831997637257,249.83458329991885,14599185
2025-02-25,247.65579223632812,251.72287865093057,246.83268789626214,250.60925125169004,21287363
2025-02-27,248.13995361328125,249.30198668016166,245.42856775033403,245.96116377667684,13614799
2025-02-28,242.91087341308594,248.8662266223009,239.47322413686564,247.80103452796848,38512868
2025-03-03,244.50863647460938,245.76749577598812,240.63523233243734,244.99281199238087,9873539
2025-03-04,245.96116638183594,249.01146627504443,241.55516615486243,242.0877621868464,11947033
2025-03-05,256.0320129394531,258.7434136235141,247.65578222706532,248.81781531333843,14536637
2025-03-06,258.2108154296875,258.84023773562126,252.4491441040102,256.758288776734,11926868
2025-03-07,254.96681213378906,260.1474960090282,253.3206331283176,257.5813717124639,10043068
2025-03-10,262.7136535644531,265.5703012601409,252.7880543377751,252.7880543377751,30233763
2025-03-11,258.8402404785156,263.24625577020277,257.43614909681986,261.45480030223024,9255499
2025-03-12,258.6465759277344,263.77882476257304,255.2573471929502,262.1326456795726,11875548
2025-03-13,259.1791687011719,262.0842220313962,257.0972197248572,261.26111767748654,9270442
2025-03-17,258.888671875,262.0842186766507,256.5646351509149,261.454796373505,11987667
2025-03-18,258.888671875,258.888671875,258.888671875,258.888671875,0
2025-03-19,268.4269104003906,269.49207286448365,261.2610893221769,263.39147335381784,13089950
2025-03-20,271.47723388671875,274.57593964248076,268.2816575599182,274.52753390869157,13710249
2025-03-21,274.1401672363281,276.1252749165851,271.1866790282726,272.1066242762316,26003527
2025-03-24,282.61328125,284.64682451930895,275.44748884781086,275.98007014494203,19966817
2025-03-25,281.7901611328125,285.90565317684843,278.5461791406971,281.7901611328125,16983852
2025-03-26,281.6449279785156,287.358193652155,280.38605379676846,282.46803233740206,20367015
2025-03-27,286.1477355957031,287.8423499351024,279.85345376364876,279.85345376364876,37203166
2025-03-28,281.1607360839844,284.9372993063308,279.1755986806343,284.5983705251023,10834900
2025-04-01,280.1439514160156,287.55186070814506,277.9167557861563,280.4344744666903,11603556
2025-04-02,277.6746520996094,280.5797051294222,275.49586232724977,277.77149311094865,11679536
2025-04-03,289.6338195800781,290.45692392445716,276.07690419600505,280.1923963661701,23478876
2025-04-04,284.5983581542969,291.3768152773064,282.855338143357,290.50530527183645,21020875
2025-04-07,280.24078369140625,284.59836335003746,273.3654854307757,274.62435950763955,22847548
2025-04-08,279.8050842285156,284.6952458484161,275.64115643914886,282.7101377575811,20831596
2025-04-09,284.11419677734375,290.02114418869473,280.14395149746986,280.7734033315833,21342531
2025-04-11,294.4755859375,295.3470960482798,283.96897021691166,283.96897021691166,19831004
2025-04-15,294.91131591796875,300.62461105387973,294.0882411237009,297.4774699763862,16563441
2025-04-16,296.0733337402344,297.2837725535632,293.21668632008675,294.8144891950639,7032401
2025-04-17,299.220458984375,299.9951279636436,292.44200198472896,295.78282475524543,8528993
2025-04-21,309.8723449707031,311.80904712677,298.6879018401087,300.18883419036865,13369014
2025-04-22,302.6581115722656,309.63025101551136,302.22237132689344,309.63025101551136,10027268
2025-04-23,304.982177734375,306.095775541447,299.65624691194205,304.20747915643824,8225575
2025-04-24,304.4495544433594,305.85367524150877,302.9486221846986,304.9337299528277,8021180
2025-04-25,296.7995910644531,305.41790933183546,293.79769695737076,303.0938727672882,11475773
2025-04-28,298.78472900390625,301.10879535467075,293.9429733593657,294.57242523454096,7314824
2025-04-29,293.36199951171875,300.9635325739952,291.66738495994684,298.7847424360028,14678005
2025-04-30,297.7195739746094,300.18885759542735,292.3452073414585,294.81452051400845,17619987
2025-05-02,293.45880126953125,299.22050237544687,292.732537914251,295.8312733841392,5688285
2025-05-05,298.44580078125,300.86667836853553,295.00813687626754,295.153383621159,4342960
2025-05-06,297.86480712890625,300.6246137007377,295.879669623817,297.86480712890625,9124804
2025-05-07,301.2539978027344,303.2391055043175,297.2837528478413,298.25210383431636,14679327
2025-05-08,298.4942321777344,307.3546389986981,294.3787399254866,303.4812345259943,19253478
2025-05-09,289.8274841308594,293.45880090272146,287.0192717376323,290.50534174896626,11981497
2025-05-12,299.2688903808594,301.2540278320499,294.4271349658529,294.4271349658529,7145884
2025-05-13,289.00439453125,298.97839893410884,288.5686247202087,295.3470823478646,17988336
2025-05-14,286.58349609375,291.03788714287646,284.74360551498364,289.7306369076964,10359258
2025-05-15,290.1663818359375,290.89264511245915,281.8385570214769,286.53506545332925,22640626
2025-05-16,290.6990051269531,292.63570728089223,286.14774324450434,290.50532309086736,16763668
2025-05-19,294.4271545410156,294.8629243780306,289.5369930674257,292.4420465095738,12575289
2025-05-20,288.4717712402344,295.6375630838809,287.69710222265644,294.7660530511735,21339095
2025-05-21,286.77716064453125,292.68410802367583,286.29298511430187,288.3265282516112,11997632
2025-05-22,281.6933288574219,286.9708541689505,277.480995665399,286.53508435360214,26158839
2025-05-23,288.66546630859375,289.29488860777093,282.516430966752,282.7585187396455,9872024
2025-05-26,287.30975341796875,294.1850218741288,286.38980814760674,290.55370562542714,16469130
2025-05-27,285.2278137207031,288.1813024003118,282.9522122049933,287.6002858115583,17074710
2025-05-28,281.9353942871094,286.2929738883065,281.3059720328376,285.2277818532238,10099453
2025-05-29,283.8236999511719,284.59836897398986,282.12908560599465,282.12908560599465,9773818
2025-05-30,280.5797424316406,285.3246571008113,279.1272157236252,282.7585324936637,21788566
2025-06-02,283.7752685546875,284.3562851056245,279.2724420004522,281.1123031186449,7255782
2025-06-03,279.1271667480469,286.05087026440947,278.6429912636617,283.2426583653208,10989055
2025-06-04,279.4176940917969,280.62813294950126,277.96516746255156,279.1272005866398,8580196
2025-06-05,284.93731689453125,285.9056680139689,280.9186656592112,281.79017575635885,13110486
2025-06-06,286.4382019042969,287.6002348760014,283.6784253120191,284.25941224614536,7935393
2025-06-09,290.9894714355469,291.61889366640986,286.77713873403803,288.56859396936096,8666186
2025-06-10,291.5220642089844,292.2483274776183,288.81069316010877,291.0378886965617,7273892
2025-06-11,286.0993347167969,291.8610058374493,284.6952138482143,291.57051233788775,10941604
2025-06-12,279.8534851074219,286.43826117160955,279.36930952765124,285.8088388282541,14071159
2025-06-13,276.4642333984375,277.3841787453238,272.88132258098824,273.60758589114175,16028417
2025-06-16,279.5145263671875,281.30598173089703,277.2388954755418,278.8366983591143,11067299
2025-06-17,279.4176940917969,281.25758479689154,278.11044376686004,279.5145351107592,7286868
2025-06-18,278.2072448730469,279.1755959231469,276.46422480355835,278.4009269037584,11904855
2025-06-19,277.3841552734375,278.54615874031805,276.270527984052,277.7230544814481,13573824
2025-06-20,283.8236999511719,285.17938551696784,276.02845623231923,276.5126317595127,33014151
2025-06-23,281.06390380859375,284.1626391165812,278.9819548759131,282.17750165149454,6833477
2025-06-24,276.8999938964844,285.3730655634303,276.318977357548,284.1626267538666,15007849
2025-06-25,281.257568359375,281.88699061825,277.43256997188115,277.43256997188115,10838516
2025-06-26,284.2110595703125,284.9373229252622,280.5797427955641,281.596499671801,10232220
2025-06-27,289.7790832519531,291.1832042479687,284.8404864490922,285.6635908415244,15523628
2025-06-30,290.4084777832031,291.4736698624816,286.87400231481786,290.8926533145361,8415241
2025-07-01,288.1328430175781,291.9578414845851,287.6002617609346,291.47366595973506,12349270
2025-07-02,285.518310546875,289.294873699044,284.1141897157614,288.13284062834805,10826029
2025-07-03,284.4047546386719,289.48859835605145,283.82373801776765,288.9559874736672,10373094
2025-07-04,284.6952209472656,285.8088187923256,282.41958997152483,284.4047274404605,14193884
2025-07-07,286.5350646972656,287.2613279718709,284.2110281288743,285.3730611889341,6220756
2025-07-08,288.3265380859375,288.9559603863584,283.7752761258537,284.84046823903606,6254288
2025-07-09,290.1663818359375,290.50531060865995,287.01924097101033,288.8106962967761,5650646
2025-07-10,289.7790832519531,293.1199065587587,288.5686443077094,290.5053466184994,9307817
2025-07-11,289.1011962890625,291.37682718369206,287.5518582390185,289.77905384975355,7073217
2025-07-14,288.7623291015625,290.941119221891,288.0360657281197,290.0211737948371,5484223
2025-07-15,288.6170349121094,290.5053313868159,287.4550313176004,288.6654701983788,6173407
2025-07-16,287.6486511230469,289.4885416541546,286.34140092172856,289.4885416541546,8144630
2025-07-17,287.21295166015625,288.762319381695,286.4382530235212,288.132867504513,8318287
2025-07-18,284.8404541015625,291.9578401957856,284.21103183238165,287.11608496865813,8702106
2025-07-21,287.6002502441406,287.8423379968714,283.00058294225624,284.6951972113715,5298012
2025-07-22,288.37493896484375,289.3917253269252,285.2277979639942,287.6971109418524,7775653
2025-07-23,289.7790832519531,290.1664178037647,287.6971341782003,289.39174870014153,5310964
2025-07-24,289.87591552734375,291.8126177796704,287.11610890743196,290.36009109042544,6294709
2025-07-25,282.8553466796875,288.32652418374363,281.69331360283985,287.7455076453198,8202572
2025-07-28,282.66168212890625,285.905664246623,281.54808426657286,282.7585231499201,7037396
2025-07-29,283.8236999511719,284.59836897398986,280.62812374065743,281.3059812994199,6586034
2025-07-30,279.8050842285156,287.11612378930397,277.52945305373447,283.72689467206095,10515572
2025-07-31,281.7901611328125,284.98570784043096,275.93164898493546,275.93164898493546,14283621
2025-08-01,282.0322265625,283.5331587801675,277.23887732898726,282.4195610491503,6697683
2025-08-04,278.8367004394531,282.32274062521867,276.657910547485,281.98384139451815,10397121
2025-08-05,276.9483947753906,279.5145190963554,276.07688475812137,278.0135868194878,15561914
2025-08-06,275.786376953125,279.2724467665108,275.0601136399917,278.49777771986055,12985269
2025-08-07,276.51263427734375,277.2388975747471,274.4306854018,275.49587748167073,8893659
2025-08-08,275.8348083496094,277.1904939379996,274.6243695114522,275.78637306504544,6172968
2025-08-11,275.8348083496094,277.33574068823253,274.3338464592568,275.8348083496094,8755499
2025-08-12,275.64111328125,278.4493253426438,275.0116910255161,275.39902552506555,13184438
2025-08-13,279.07879638671875,280.2407999654629,276.99681789864155,277.9167632562445,9928283
2025-08-14,279.56298828125,280.9670797149765,278.06202627063396,279.9018875417045,8464495
2025-08-18,281.1607360839844,282.08065185962835,279.3692807132589,280.3376317729236,9836105
2025-08-19,280.0909118652344,282.1332473668186,278.6807200552236,282.0359876420763,7196772
2025-08-20,280.47991943359375,281.06344809911144,279.0697573113852,280.28542966475504,3106073
2025-08-21,276.2007751464844,281.5983488453277,275.8117659061222,280.4799361494731,7389271
2025-08-22,275.5686340332031,276.73566176535235,274.0611824031939,276.2007777647218,6824793
2025-08-25,276.3466491699219,276.7843031138595,274.4502179983647,275.56863069125774,7426789
2025-08-26,272.2133483886719,276.0062402086339,271.24081050255336,275.22822177153944,22905910
2025-08-28,266.9130554199219,274.255705157843,266.0863922167015,274.255705157843,12455072
2025-08-29,267.6910705566406,268.5177337494827,264.77345670861183,266.0863888761254,12841075
2025-09-01,272.1647644042969,272.89416790206815,268.4204871798367,268.4204871798367,10820878
2025-09-02,278.8266296386719,279.9936573186593,272.164739043884,272.5051332470267,16983677
2025-09-03,278.1944580078125,281.25797617588785,277.7568337548744,281.0634567215809,30178885
2025-09-04,274.0611877441406,280.0423199960402,273.18590950809545,278.9725222944279,5946090
2025-09-05,277.5137023925781,278.7779898212633,274.5960886222258,274.5960886222258,9695914
2025-09-08,275.0337219238281,279.79918164903796,274.3529631627289,278.53486449927703,5186605
2025-09-09,276.0549011230469,276.54117009466415,273.963950480993,275.2768529607576,7093190
2025-09-10,275.17962646484375,278.5835093101367,274.74197251293344,276.88156788749023,7767863
2025-09-11,278.92388916015625,280.77173512119623,274.79060262115405,274.79060262115405,7406625
2025-09-12,279.75054931640625,280.67447228672944,277.2705892921768,279.3615400529297,7618852
2025-09-15,278.38897705078125,280.86893685227136,277.90270809523406,280.3826678967242,5420800
2025-09-16,280.43133544921875,281.74426767207285,278.4862594685472,278.6807492589119,8626429
2025-09-17,279.2642822265625,281.25800294470594,278.0972544281536,281.0634834718855,19010126
2025-09-18,281.1607360839844,281.89013956932183,278.2431221426345,279.1184003891387,16842964
2025-09-19,278.3403625488281,282.23051420049865,277.0760454543342,282.03599474611445,14993879
2025-09-22,278.7779846191406,281.06345463250244,278.04858119016353,279.1183788218969,9456933
2025-09-23,280.6744689941406,281.06347825305374,277.5623355638277,280.72308402169074,13619147
2025-09-24,285.245361328125,286.46103373351167,279.06976925236245,279.99366247275503,14032389
2025-09-25,276.58978271484375,286.75281600507043,275.81176423882266,285.926152824609,16242837
2025-09-26,274.49884033203125,276.3466565276837,272.407889645385,275.7145127870004,8959035
2025-09-29,272.8941650390625,278.24312396660133,272.2620212835269,276.1035285237842,14600560
2025-09-30,272.55377197265625,278.1458654208017,271.33809948392894,274.25571345687445,18772881
2025-10-01,272.9427795410156,275.08237497971265,272.21337605230127,273.2831737716498,11812449
2025-10-03,281.7442626953125,282.0360122154581,273.33178548390373,275.5686406298664,19597461
2025-10-06,279.0211486816406,280.72309019638686,276.7356784259376,280.4313406656608,11702722
2025-10-07,281.0634765625,284.3214847353709,279.21566033414905,281.0148615352423,11371062
2025-10-08,277.4650573730469,282.37639168858715,276.8329136594234,282.37639168858715,9989251
2025-10-09,278.2917175292969,279.069765666448,274.4988256091278,277.1733048666126,10714949
2025-10-10,281.2093505859375,283.2516862769683,277.4164584051681,277.4164584051681,10773268
2025-10-13,278.2917175292969,280.2854380562139,277.076045139531,279.8477841240975,8950161
2025-10-14,279.6046447753906,279.99365399743874,277.56230926026143,278.6321068805197,7667654
2025-10-15,282.9599304199219,285.19675584889626,279.16700864456936,279.2642683761559,8125514
2025-10-16,283.835205078125,285.1967522647158,282.6195326473291,284.3700890758741,7824732
2025-10-17,281.7928771972656,283.4948186471197,280.09093574741155,283.0085496614471,14275188
2025-10-20,280.28546142578125,284.07835366219314,279.21566369768965,282.1818927042351,13536721
2025-10-21,280.6744689941406,281.6470069811754,280.2854597352275,280.3826897903278,398291
2025-10-23,281.69561767578125,283.15442463389456,280.09093595775727,281.0148589030305,21031287
2025-10-24,280.57720947265625,282.7654199451466,278.6807485246963,281.69562222269496,16350189
2025-10-27,283.0571594238281,284.75910084202894,280.2854500006463,281.0634684914512,13396182
2025-10-28,280.3340759277344,284.564622124817,278.92388396887213,282.57090143540813,13543174
2025-10-29,287.2391052246094,288.5033927571594,280.8203484666144,281.0634829674513,14608714
2025-10-30,283.49481201171875,288.30888672900187,282.95992801179966,288.1629822931123,10329750
2025-10-31,280.23681640625,283.98109361064735,279.1184036515609,283.98109361064735,10088802
2025-11-03,280.0909118652344,282.18186238943923,279.26424872417635,281.06344975365533,8578207
2025-11-04,271.3866882324219,277.12468556718903,270.4627950381552,276.687031641825,26098629
2025-11-06,262.77978515625,270.8518388590628,262.43939091298574,270.3655698485438,21919591
2025-11-07,264.53033447265625,265.3083529963624,261.36958599090576,262.77977795456536,11379131
2025-11-10,265.2225646972656,267.54645180953463,263.590858183498,265.6181180241124,10717941
2025-11-11,264.67864990234375,266.16199749773756,261.71195471155613,265.2719949762581,11154806
2025-11-12,264.134765625,267.24978951326466,263.5414205560963,266.0136665275419,16444701
2025-11-13,266.854248046875,267.4475931421342,262.7008625588455,264.1347773574899,12573141
2025-11-14,268.2881164550781,269.27701482782635,266.50811145564467,267.3486811082373,10308317
2025-11-17,270.5131530761719,270.908736590646,267.00257572610195,269.0792684619509,9884392
2025-11-18,271.15594482421875,273.7270564403353,269.2770137802799,270.95815307892525,16434280
2025-11-19,272.09539794921875,272.9359676534738,269.47482313612903,272.8865348033116,15765235
2025-11-20,274.1226501464844,275.9520880541015,271.4526123794352,272.1942861837506,15337345
2025-11-21,274.5181884765625,275.90264013323076,272.342600031239,274.1226351716262,12941485
2025-11-24,272.7381591796875,275.9520788916759,269.4748066205665,274.91374767162375,49791096
2025-11-25,270.4142761230469,273.8259574525211,269.62313930580683,271.94705655209975,12114606
2025-11-26,271.9964904785156,273.8754215651714,270.46371004338476,270.9581592390765,8352869
2025-11-27,270.6614990234375,273.9248516100949,270.26591552790507,273.9248516100949,9865039
2025-11-28,266.953125,271.30427175878066,266.4586758188026,270.7603595521937,12580231
2025-12-01,266.65643310546875,269.42536658301617,265.7664306293502,269.42536658301617,10428760
2025-12-02,264.48089599609375,267.64535285071713,263.9369837547472,266.01367648424736,11029817
2025-12-03,265.46978759765625,266.0136696462371,261.5636268454636,264.4808891974844,9063557
2025-12-04,266.1125793457031,267.20037367815644,262.6514347653062,263.5908701869996,5103204
2025-12-05,266.8047790527344,268.48591842191763,264.8269822319468,265.2225657391319,5535798
2025-12-08,262.255859375,266.4092144150703,261.81084303770024,265.8158693582651,10203843
2025-12-09,261.6130676269531,262.79975781465754,259.98139125294836,261.16808144065277,10686557
2025-12-10,262.5525207519531,264.2830929226346,261.3658306205438,261.9591756862485,7157092
2025-12-11,261.86029052734375,263.3931011913678,259.5858362243208,261.31640846581627,8336183
2025-12-12,260.6736145019531,263.7886383094003,260.37692688580677,262.0580661742871,5522827
2025-12-15,259.2891845703125,260.9208609701886,257.6080451408732,260.67363635872897,6400400
2025-12-16,257.459716796875,260.42641213885065,256.81693884187075,259.2397219305461,9241981
2025-12-17,258.2013854980469,259.83306186793055,256.421350220986,257.45971167730113,10944698
2025-12-18,255.0863494873047,258.7947184165903,252.96020891421256,257.8552528829912,10930748
2025-12-19,260.5252990722656,261.01974827894765,255.0863577987635,255.18522349707223,16657897
2025-12-22,262.0580749511719,262.651420024554,256.1741174232074,256.22358045027994,10054250
2025-12-23,264.0358581542969,266.31031227662237,261.46471642115773,262.05806146400255,10526826
2025-12-24,265.0741882324219,267.0519849144136,263.34361613567916,264.82696364717293,6131188
2025-12-26,262.5030822753906,266.3103168262234,261.9097372224092,265.02476102708283,6029003
2025-12-29,257.7069396972656,263.49200161145643,257.1135945970538,262.9975523910775,7270521
2025-12-30,257.459716796875,258.5475111246899,256.07526500637687,257.11359630455405,10929200
2025-12-31,261.66253662109375,262.255881728473,257.65747978037325,258.49804950092835,5145868
2026-01-01,263.83807373046875,264.5797475098971,261.1680662317967,261.1680662317967,4298196
2026-01-02,267.9420471191406,269.0792743009689,263.29421233227725,264.53033539487006,13348375
2026-01-05,268.6342468261719,269.7714739610066,265.7170146262727,268.2386934982447,11526602
2026-01-06,265.56866455078125,270.2659321506915,263.0469855949752,263.0469855949752,11777253
2026-01-07,261.1680603027344,265.96422333657813,260.5252824109122,265.5192070075106,14877056
2026-01-08,256.4213562011719,262.3547469055148,255.0863674357233,261.06919099108813,11762204
2026-01-09,255.1357879638672,260.87138662952566,253.4052157586859,257.41024221916314,14100782
2026-01-12,255.67967224121094,256.61913780372106,251.47686908140932,255.1357901863585,9698555
2026-01-13,255.92689514160156,257.0641524503751,253.2568875553814,256.17411974285073,9734559
2026-01-14,255.48190307617188,256.8169219278936,253.89965962890105,254.24578009842648,15435341
2026-01-15,255.48190307617188,255.48190307617188,255.48190307617188,255.48190307617188,0
2026-01-16,254.44354248046875,258.64636061822983,253.35577839960462,255.43244086582428,9648251
2026-01-19,254.7896728515625,255.92690000315432,253.80077442778094,254.0479990337263,10588722
2026-01-20,251.22964477539062,254.9874617616948,250.58685175347193,254.78967000763222,12452441
2026-01-21,252.96022033691406,255.97636355347535,249.25185124017293,249.25185124017293,14263346
2026-01-22,256.3719177246094,256.9652628177811,252.61410067643763,253.75134292345138,15520530
2026-01-23,251.32852172851562,257.0641505421909,249.79574128366247,256.37190959231805,18022018
2026-01-27,251.52630615234375,255.48189962773728,249.25183688611412,253.6524316096111,17375059
2026-01-28,256.9158020019531,257.8552675891323,251.1802031357224,251.1802031357224,16046343
2026-01-29,257.6080322265625,260.12971106552004,255.8774600331019,259.684724894472,26914029
2026-01-30,253.65243530273438,259.48692972813217,251.22963728165874,258.39913547080425,23292764
2026-02-02,267.39813232421875,268.1892691840343,247.224610170096,248.46073322094648,37109237
2026-02-03,280.0560302734375,281.3415860820884,270.2164794268213,272.9853827895078,52651170
2026-02-04,286.18719482421875,288.7583367350135,279.75935513662427,285.5938497403762,27775044
2026-02-05,286.13775634765625,287.76943266204506,282.97326941525415,287.76943266204506,9870342
2026-02-06,289.5,290.24167378309136,286.1871843997685,288.9561179639131,19951107
2026-02-09,289.75,292.54998779296875,288.0,292.5,13114576
2026-02-10,294.3500061035156,295.29998779296875,286.5,290.0,21823214
2026-02-11,294.45001220703125,297.6499938964844,292.20001220703125,297.6499938964844,10508852
2026-02-12,293.8999938964844,296.0,291.75,294.45001220703125,10482579
2026-02-13,287.20001220703125,294.29998779296875,286.8500061035156,292.0,10914157
2026-02-16,300.5,300.95001220703125,287.25,288.0,22196951
2026-02-17,300.75,301.6000061035156,297.0,299.29998779296875,11190989
2026-02-18,300.54998779296875,302.25,298.45001220703125,299.45001220703125,9147320
2026-02-19,294.6499938964844,301.6000061035156,293.1000061035156,300.1000061035156,7552362
2026-02-20,298.95001220703125,302.04998779296875,294.25,295.54998779296875,11762183
2026-02-23,303.3500061035156,304.29998779296875,299.0,302.0,11774742
2026-02-24,304.79998779296875,306.20001220703125,300.79998779296875,304.0,15863867
2026-02-25,307.25,311.70001220703125,305.1499938964844,307.0,14240500
2026-02-26,303.25,307.70001220703125,301.3999938964844,307.1000061035156,14249515
2026-02-27,298.6499938964844,305.79998779296875,297.8999938964844,305.79998779296875,21400679
2026-03-02,296.79998779296875,298.6000061035156,289.5,290.0,15690227
2026-03-04,291.95001220703125,296.0,288.8999938964844,296.0,28191826
2026-03-05,299.45001220703125,300.1000061035156,291.8999938964844,292.0,19467441
2026-03-06,299.1499938964844,302.75,297.0,299.95001220703125,15887540
2026-03-09,295.20001220703125,296.25,285.5,285.5,21591866
2026-03-10,298.6499938964844,300.04998779296875,293.75,298.1499938964844,14627316
2026-03-11,298.79998779296875,302.8999938964844,298.04998779296875,298.6499938964844,12618289
2026-03-12,303.6000061035156,304.8999938964844,295.1000061035156,295.79998779296875,15284297
2026-03-13,300.95001220703125,309.5,298.70001220703125,308.6499938964844,23615092
2026-03-16,297.75,303.0,291.3999938964844,300.95001220703125,25911819
2026-03-17,298.5,302.0,292.1499938964844,302.0,12300000
2026-03-18,299.3999938964844,304.20001220703125,297.54998779296875,299.54998779296875,8691698
2026-03-19,296.70001220703125,300.5,295.95001220703125,297.6499938964844,8594078
2026-03-20,297.6000061035156,305.0,296.6000061035156,300.1000061035156,28392470
2026-03-23,302.1000061035156,304.3500061035156,293.1000061035156,298.0,23771660
2026-03-24,299.0,309.0,292.3999938964844,309.0,24123621
2026-03-25,295.0,302.25,294.20001220703125,299.8999938964844,16423641
2026-03-27,295.5,297.29998779296875,290.29998779296875,294.45001220703125,27444747
2026-03-30,296.1000061035156,297.8999938964844,292.0,292.04998779296875,23105779
2026-04-01,292.79998779296875,305.8999938964844,290.20001220703125,305.0,18635698
2026-04-02,289.95001220703125,292.0,283.5,290.20001220703125,17222200
2026-04-06,295.1499938964844,295.6000061035156,287.29998779296875,294.8999938964844,9291741
2026-04-07,295.3999938964844,296.25,291.0,292.5,9318575
2026-04-08,294.8500061035156,301.75,293.6000061035156,301.0,10887876
2026-04-09,298.1000061035156,300.70001220703125,293.8500061035156,295.45001220703125,17644642
2026-04-10,302.75,303.5,299.75,301.1000061035156,13245074
2026-04-13,300.3500061035156,302.3500061035156,297.6499938964844,299.95001220703125,15681799
2026-04-15,312.45001220703125,313.3999938964844,301.25,303.3999938964844,21897202
2026-04-16,312.25,317.0,310.5,315.0,21510277
2026-04-17,318.1000061035156,318.95001220703125,311.3999938964844,313.29998779296875,13609827
2026-04-20,319.70001220703125,323.04998779296875,315.54998779296875,319.0,10955277
2026-04-21,319.3500061035156,322.0,318.0,318.95001220703125,8342335
2026-04-22,319.75,322.0,316.0,319.75,7112538
2026-04-23,319.1499938964844,321.8500061035156,318.04998779296875,320.0,7294961
2026-04-24,316.3999938964844,317.8999938964844,314.5,316.0,9980241
