Date,Open,High,Low,Close,Volume
2010-01-04 00:00:00+05:30,221.76378090832247,221.76378090832247,207.68887182635854,218.59310913085938,76646086
2010-01-05 00:00:00+05:30,233.7147728475599,233.7147728475599,216.5403128968154,217.61752319335938,21392825
2010-01-06 00:00:00+05:30,219.4873823501729,222.45481176562942,217.60733879271046,221.13369750976562,23691760
2010-01-07 00:00:00+05:30,221.13372262082555,226.621408784982,219.10123370117134,224.80233764648438,26197920
2010-01-08 00:00:00+05:30,225.1986418470306,226.37748661240903,222.75966905192595,224.212890625,15110149
2010-01-11 00:00:00+05:30,230.62538538425426,233.67412552805254,213.41030406628977,219.81260681152344,188649642
2010-01-12 00:00:00+05:30,222.5564264264373,231.15381059593588,218.89796045896998,220.39183044433594,32790509
2010-01-13 00:00:00+05:30,221.1337157496213,221.94669772465753,217.19069686530682,221.2556610107422,15360176
2010-01-14 00:00:00+05:30,220.72720970976556,228.6132200478534,220.72720970976556,227.98316955566406,24545629
2010-01-15 00:00:00+05:30,228.81642756222374,231.47897999995922,224.59904620328788,225.75755310058594,18766617
2010-01-18 00:00:00+05:30,224.99542581339668,226.91611795985926,221.9365371857496,223.4710693359375,14172193
2010-01-19 00:00:00+05:30,223.5726689615741,224.80231070383877,220.04631026671518,220.52395629882812,13064666
2010-01-20 00:00:00+05:30,222.556433046322,222.9832549930597,217.88172940830188,218.9995880126953,19331024
2010-01-21 00:00:00+05:30,218.49147282056526,218.89797056544754,213.46109545060816,214.23342895507812,18611321
2010-01-22 00:00:00+05:30,211.58102073060584,217.67845887160658,209.2436692170962,214.1927490234375,39869565
2010-01-25 00:00:00+05:30,213.3391447466,214.3045718395903,210.70709176050235,211.79446411132812,13393277
2010-01-27 00:00:00+05:30,210.15831851992124,213.4102869421013,207.31284784645905,208.8473663330078,24843485
2010-01-28 00:00:00+05:30,211.37779171595196,212.68874386266097,208.3290790454105,210.7985382080078,33223459
2010-01-29 00:00:00+05:30,209.93473824827493,213.77612229329202,206.9266739081459,212.637939453125,23333042
2010-02-01 00:00:00+05:30,210.86964475730426,214.4264892985016,210.4733091782357,212.47531127929688,12132865
2010-02-02 00:00:00+05:30,213.8167542227251,214.70088438197942,208.1461375330761,208.79653930664062,17248998
2010-02-03 00:00:00+05:30,209.56888051408248,213.08507707379275,209.56888051408248,210.1481475830078,15052266
2010-02-04 00:00:00+05:30,210.9712509563178,210.9712509563178,206.09330625118616,207.14002990722656,11974603
2010-02-05 00:00:00+05:30,198.16672356885883,204.8230793400624,198.16672356885883,199.52847290039062,29882876
2010-02-08 00:00:00+05:30,200.19919554998916,204.13203902224447,198.16672012637747,202.0995635986328,25894932
2010-02-09 00:00:00+05:30,201.97758235010258,202.84138837955754,199.73170295459522,201.87596130371094,14292031
2010-02-10 00:00:00+05:30,203.22754657324077,203.22754657324077,199.58940484671183,200.219482421875,18261247
2010-02-11 00:00:00+05:30,201.06299798611445,207.2722208740192,200.9105528348456,206.32711791992188,23450102
2010-02-15 00:00:00+05:30,208.73563571651204,208.73563571651204,204.7926160588875,205.28041076660156,13498617
2010-02-16 00:00:00+05:30,205.30068873966874,207.51609542334873,204.26412691519312,206.8555450439453,10068256
2010-02-17 00:00:00+05:30,208.32909836159155,210.93066512022887,207.7295205896204,209.86361694335938,15630122
2010-02-18 00:00:00+05:30,209.34533641353033,211.04246224866273,202.23165927483933,202.80075073242188,19834114
2010-02-19 00:00:00+05:30,202.23163738876866,202.23163738876866,198.60365769201903,199.83331298828125,17754534
2010-02-22 00:00:00+05:30,202.29261097428957,203.2478758973911,197.15043704263255,198.76626586914062,12692045
2010-02-23 00:00:00+05:30,197.963433106496,199.79266612521053,197.15043763872018,198.23782348632812,12976934
2010-02-24 00:00:00+05:30,197.1504412441155,200.3414369810632,196.46956668550627,198.93902587890625,12487589
2010-02-25 00:00:00+05:30,199.20328671594294,200.19920023954396,194.94524219184422,195.74806213378906,18954063
2010-02-26 00:00:00+05:30,196.94716968975368,202.23161240114658,196.38824046689987,198.969482421875,22579233
2010-03-02 00:00:00+05:30,200.19916230269237,203.04463285022405,199.0609659431424,199.83331298828125,18210596
2010-03-03 00:00:00+05:30,200.80889616908652,208.9388098402285,200.80889616908652,208.28842163085938,26623966
2010-03-04 00:00:00+05:30,211.37781248565852,211.37781248565852,204.87388876925732,206.09336853027344,20781218
2010-03-05 00:00:00+05:30,207.71935054569093,208.5323324949394,204.28445059256535,205.23971557617188,11774505
2010-03-08 00:00:00+05:30,207.55671102193347,208.73555569472904,203.65435485624522,204.0811767578125,11941298
2010-03-09 00:00:00+05:30,204.5690305722925,205.64624095784725,200.81910486755802,201.2865753173828,17459521
2010-03-10 00:00:00+05:30,202.23166105692414,207.08928305088494,201.07315392119236,205.0263214111328,24807175
2010-03-11 00:00:00+05:30,205.28035642394457,207.3128451410097,204.67061659260634,206.59130859375,14583772
2010-03-12 00:00:00+05:30,206.2965909397511,209.95504320048954,206.0933353006447,207.6380157470703,22333253
2010-03-15 00:00:00+05:30,207.71930256341352,209.74161521596267,205.9103940617613,208.94894409179688,18131701
2010-03-16 00:00:00+05:30,209.75182178615086,217.8410876788464,209.14208194390505,217.05857849121094,33998717
2010-03-17 00:00:00+05:30,218.45083797473674,220.01584285733585,216.62160479290122,217.41427612304688,21599472
2010-03-18 00:00:00+05:30,218.28820919528044,219.83288961938268,216.27605844581927,218.88778686523438,15292424
2010-03-19 00:00:00+05:30,219.26380919579285,222.86128896250688,217.50571094440377,221.95684814453125,19737747
2010-03-22 00:00:00+05:30,215.84926529062923,223.3694263444037,215.84926529062923,218.278076171875,20468483
2010-03-23 00:00:00+05:30,219.09103498637808,222.3430031468678,218.88779291215573,221.82472229003906,20005544
2010-03-25 00:00:00+05:30,222.7596632174312,222.96291885944416,218.9792520921446,221.8348846435547,22967888
2010-03-26 00:00:00+05:30,222.9629552139841,225.80842612563114,222.5869437473782,223.66415405273438,18075516
2010-03-29 00:00:00+05:30,224.3246943349043,225.5949981526424,221.7434518473099,222.21092224121094,20249784
2010-03-30 00:00:00+05:30,222.75969101532817,224.73119365377326,220.11747587993494,221.16419982910156,18938795
2010-03-31 00:00:00+05:30,222.12957737281104,222.55639925474276,217.73942688837667,218.33900451660156,21647708
2010-04-01 00:00:00+05:30,219.10120196523516,223.26778668755813,218.89795988649053,221.95684814453125,12519976
2010-04-05 00:00:00+05:30,222.8612966027089,229.59897525750677,222.8612966027089,228.83677673339844,19912935
2010-04-06 00:00:00+05:30,229.26361405658133,230.27985162828193,227.67827150527333,228.28802490234375,12481837
2010-04-07 00:00:00+05:30,228.65385069670225,233.674092845396,228.2676907476292,229.60911560058594,20218574
2010-04-08 00:00:00+05:30,230.27986392129446,230.99123839999768,223.87756145078205,224.90396118164062,14723428
2010-04-09 00:00:00+05:30,225.23929094958652,229.87335962575452,225.23929094958652,228.59288024902344,16826518
2010-04-12 00:00:00+05:30,232.7188608023454,232.7188608023454,228.17625046415878,229.1315155029297,12699784
2010-04-13 00:00:00+05:30,229.26359911921278,230.48307869877488,225.86936150925987,227.82052612304688,13971281
2010-04-15 00:00:00+05:30,228.65382658388825,230.66597721869292,220.94057343876338,221.68243408203125,24286918
2010-04-16 00:00:00+05:30,220.74753243550057,222.5564413324608,217.70898174143855,220.37152099609375,18193722
2010-04-19 00:00:00+05:30,219.4670460533009,219.4670460533009,213.6135115139701,215.80859375,16389189
2010-04-20 00:00:00+05:30,217.44474018637152,219.45689105345485,214.29439296586693,216.0931396484375,16748550
2010-04-21 00:00:00+05:30,217.47522000602845,218.22724281650906,213.03425857187713,214.2435760498047,19187549
2010-04-22 00:00:00+05:30,213.51189394685596,222.33284431398573,213.42043501211043,218.64390563964844,25598349
2010-04-23 00:00:00+05:30,219.50769240440403,222.7596605293131,219.50769240440403,221.17433166503906,23235165
2010-04-26 00:00:00+05:30,219.5076873562265,223.1255046950931,216.15409827244306,217.72927856445312,16652152
2010-04-27 00:00:00+05:30,216.05249507607283,217.06873263171855,214.42651770055218,215.69680786132812,13970196
2010-04-28 00:00:00+05:30,214.2130940446111,214.2130940446111,205.68684463515595,206.75390625,40110291
2010-04-29 00:00:00+05:30,208.12582645746983,211.35747061905894,207.14007519876242,210.37171936035156,23447044
2010-04-30 00:00:00+05:30,211.37780291100904,212.8411866984806,209.34532768967017,210.0770263671875,15821019
2010-05-03 00:00:00+05:30,208.53230517058142,209.87374352728057,206.92665212445505,208.0749969482422,12535244
2010-05-04 00:00:00+05:30,208.1665023575769,211.1745806202295,205.9917574657105,207.54660034179688,17348783
2010-05-05 00:00:00+05:30,205.2803351800648,208.03434659182219,203.91858619676424,207.44493103027344,14976570
2010-05-06 00:00:00+05:30,207.27220999184993,207.98357091268818,204.06088982412237,204.84339904785156,23863448
2010-05-07 00:00:00+05:30,198.36993714036723,215.442761100498,198.36993714036723,209.91441345214844,72063684
2010-05-10 00:00:00+05:30,215.19371398910917,221.5410038413194,212.94144455719166,221.00865173339844,38050844
2010-05-11 00:00:00+05:30,222.9742427488364,222.9742427488364,217.72236943954084,218.63351440429688,26325489
2010-05-12 00:00:00+05:30,220.32274928606998,223.06640815712126,217.86573420188253,221.73553466796875,15294301
2010-05-13 00:00:00+05:30,217.44598406073484,223.87517215339668,217.44598406073484,219.45254516601562,11947698
2010-05-14 00:00:00+05:30,218.61304872418697,219.28873635159582,211.91767812052765,213.68878173828125,18161695
2010-05-17 00:00:00+05:30,211.8563022094023,211.8563022094023,206.59419022372867,208.1400604248047,20611809
2010-05-18 00:00:00+05:30,208.84640621827296,211.6003020208283,206.34842866813733,208.96925354003906,15445191
2010-05-19 00:00:00+05:30,208.23216756727035,208.38574040605863,203.74811676679863,204.47499084472656,26097480
2010-05-20 00:00:00+05:30,204.95616167360689,207.4131768080571,203.47170164669672,204.7411651611328,18577281
2010-05-21 00:00:00+05:30,202.68338561690246,204.7206583516813,199.85781524045865,203.84022521972656,19167407
2010-05-24 00:00:00+05:30,208.43692862361226,214.77398147973042,208.11955933312416,209.38902282714844,24726303
2010-05-25 00:00:00+05:30,209.87020324174708,209.87020324174708,201.21945657989951,201.813232421875,25245934
2010-05-26 00:00:00+05:30,203.70714188944442,206.79888147928548,202.90860696611472,206.39962768554688,13726569
2010-05-27 00:00:00+05:30,207.0036578452797,210.42300424294828,205.07899498264422,209.30711364746094,27405100
2010-05-28 00:00:00+05:30,210.8836875291664,212.73668937933317,207.7202731898997,212.25552368164062,17535288
2010-05-31 00:00:00+05:30,210.9246289883534,214.68181893856797,210.63797156840928,214.08804321289062,16548811
2010-06-01 00:00:00+05:30,213.61710645396266,213.9651738535125,205.590849356662,206.9114990234375,19466130
2010-06-02 00:00:00+05:30,207.8226424091893,209.05114291073193,205.43728867284364,207.0138702392578,19728249
2010-06-03 00:00:00+05:30,208.82595795966722,212.53194830841485,208.82595795966722,211.0577392578125,17106958
2010-06-04 00:00:00+05:30,211.09867040185796,212.12243912879103,209.34805499148666,211.13963317871094,14088022
2010-06-07 00:00:00+05:30,207.82265564221674,207.82265564221674,204.75137685694622,206.33819580078125,13503377
2010-06-08 00:00:00+05:30,206.73748175916342,207.35174577190014,203.7481145907753,204.01429748535156,15226706
2010-06-09 00:00:00+05:30,204.79233721958028,207.82266706325422,204.75138810919944,206.19488525390625,15242486
2010-06-10 00:00:00+05:30,206.79891833195057,208.3243275131083,206.21537978457053,207.89434814453125,13962908
2010-06-11 00:00:00+05:30,209.87019856404635,215.16302196540008,209.0511889374132,214.2518768310547,23307069
2010-06-14 00:00:00+05:30,215.9922296660481,219.08396926011878,214.80466455619143,217.75308227539062,15892958
2010-06-15 00:00:00+05:30,218.10120566684287,219.06353720638845,215.00946547295345,218.2854766845703,18992836
2010-06-16 00:00:00+05:30,219.08396648910872,219.6265558193285,216.03317604073106,216.61671447753906,11833071
2010-06-17 00:00:00+05:30,217.71215754987892,220.5172537083495,216.68840242172266,219.3706512451172,21047804
2010-06-18 00:00:00+05:30,221.1724462818056,223.13807192150352,215.10157664721774,215.87962341308594,38277934
2010-06-21 00:00:00+05:30,217.24124984259703,219.43209586697074,217.24124984259703,218.19334411621094,11792906
2010-06-22 00:00:00+05:30,217.65070247823272,220.06676805909507,216.41195102450092,217.8144989013672,12908863
2010-06-23 00:00:00+05:30,216.9750534097431,218.57210972195347,215.80796275749418,216.77029418945312,11659191
2010-06-24 00:00:00+05:30,216.8317293330684,218.22404016661764,214.43613790397944,215.40870666503906,18805263
2010-06-25 00:00:00+05:30,214.9889493851476,218.67446470325294,213.55568963146044,217.64047241210938,20325423
2010-06-28 00:00:00+05:30,219.90298069317186,223.58849604097432,218.09092801591007,223.209716796875,31472648
2010-06-29 00:00:00+05:30,223.3837532745514,223.3837532745514,217.89642245828796,218.56185913085938,14213976
2010-06-30 00:00:00+05:30,217.03648284610432,223.98778588462167,216.52460528366043,223.1483154296875,26637611
2010-07-01 00:00:00+05:30,221.9505276784433,222.43169343922673,218.36738450296042,220.36370849609375,13310905
2010-07-02 00:00:00+05:30,220.3124850768612,221.9402530999287,218.1216394911431,218.86898803710938,10948784
2010-07-05 00:00:00+05:30,219.08398197743995,219.7289441197264,217.58929847752435,218.73590087890625,6399512
2010-07-06 00:00:00+05:30,218.16260526893265,221.52052800809057,218.16260526893265,219.8825225830078,9255011
2010-07-07 00:00:00+05:30,219.90302084476923,220.06681730455725,215.19373594657495,215.71585083007812,13738578
2010-07-08 00:00:00+05:30,217.03647902217514,218.9918537364863,216.06391030387454,216.4427032470703,11977911
2010-07-09 00:00:00+05:30,217.84526645412726,218.26499486943877,215.71584420266066,216.55532836914062,12974909
2010-07-12 00:00:00+05:30,217.03651530907746,218.66428374089344,215.40873320933167,216.26869201660156,12563614
2010-07-13 00:00:00+05:30,216.4734092237647,220.6708023147101,216.4734092237647,219.96441650390625,15043285
2010-07-14 00:00:00+05:30,221.13149158815523,224.09016041664103,218.52091752528779,219.17611694335938,15970199
2010-07-15 00:00:00+05:30,219.48325801363237,221.315785406104,218.69496028951676,219.79039001464844,13877250
2010-07-16 00:00:00+05:30,219.29896592299414,219.9029789212389,217.0364594138646,217.64047241210938,8779539
2010-07-19 00:00:00+05:30,216.64746425193914,218.24452069237182,215.76703097023815,216.22772216796875,9808534
2010-07-20 00:00:00+05:30,216.4222339109063,218.2445103910067,214.80468932201478,215.59298706054688,6845092
2010-07-21 00:00:00+05:30,216.81126560898068,217.65074979590182,216.14582882740396,216.70889282226562,9824712
2010-07-22 00:00:00+05:30,216.70886348800053,217.21050374292986,214.49755692256807,216.8317108154297,15879834
2010-07-23 00:00:00+05:30,217.84526842368925,219.26827747310202,216.38128292436016,217.12863159179688,13790021
2010-07-26 00:00:00+05:30,217.75308071128012,218.55161562996642,215.04013404535442,215.62367248535156,9113728
2010-07-27 00:00:00+05:30,216.80098232752357,217.27191071441584,215.2141634663592,215.70556640625,12133425
2010-07-28 00:00:00+05:30,217.6507288477035,219.83133733450165,208.43691923950072,209.10235595703125,52927114
2010-07-29 00:00:00+05:30,210.58678131581098,210.58678131581098,206.38938853781477,206.82960510253906,46281590
2010-07-30 00:00:00+05:30,207.8124569751543,208.91811043595186,206.23586134750585,206.72726440429688,19242072
2010-08-02 00:00:00+05:30,208.02740923973832,209.2149744252956,207.0855523804066,207.7305145263672,12676917
2010-08-03 00:00:00+05:30,208.67236123520254,211.07818965365004,207.6178943754434,210.4332275390625,20104173
2010-08-04 00:00:00+05:30,210.4844519180325,211.09870231270432,207.32105076773303,208.0376739501953,18318233
2010-08-05 00:00:00+05:30,208.8361848810348,209.60399436860297,205.78538048217044,206.19488525390625,18308022
2010-08-06 00:00:00+05:30,206.57369679423056,206.81939147863974,204.44428819097007,204.77188110351562,19955917
2010-08-09 00:00:00+05:30,204.75139156197312,205.97990589789725,203.11338611533523,203.44097900390625,22253619
2010-08-10 00:00:00+05:30,202.90862013205967,205.24278772500236,201.9462887180876,202.27389526367188,19989721
2010-08-11 00:00:00+05:30,202.66290153200504,203.70713104203014,200.67681527412873,201.32177734375,21917268
2010-08-12 00:00:00+05:30,200.65634590744045,201.321782546694,198.60882227141823,199.14117431640625,24910354
2010-08-13 00:00:00+05:30,198.7112388490048,203.4819470925836,198.7112388490048,200.4720916748047,30512197
2010-08-16 00:00:00+05:30,200.65636022713272,203.09290054335148,199.63260517002504,200.02162170410156,14028775
2010-08-17 00:00:00+05:30,200.6563535473073,201.66987129346256,198.6088298333269,198.74192810058594,14788743
2010-08-18 00:00:00+05:30,199.22312177352003,200.04211770625963,196.22350355315058,197.50320434570312,24859327
2010-08-19 00:00:00+05:30,197.3189353362578,201.65966439511246,197.3189353362578,200.08306884765625,20662946
2010-08-20 00:00:00+05:30,200.08306986721158,203.40004376572034,199.12073835554327,202.42747497558594,20996195
2010-08-23 00:00:00+05:30,203.1236123749891,203.1236123749891,199.75545249657551,200.02162170410156,13543428
2010-08-24 00:00:00+05:30,200.0216172498156,200.86110129840307,198.05600539707277,199.10023498535156,19276160
2010-08-25 00:00:00+05:30,198.60887069099698,200.2161781622202,197.68748824714126,198.15841674804688,18620473
2010-08-26 00:00:00+05:30,198.60885869001274,199.223122727419,195.54783045305425,195.83448791503906,27834839
2010-08-27 00:00:00+05:30,196.3361034898469,196.74559457262907,193.80741404610697,194.43191528320312,24315870
2010-08-30 00:00:00+05:30,194.94382241383553,197.54415952409036,193.49008784537696,194.09410095214844,11908601
2010-08-31 00:00:00+05:30,193.41841382871306,194.50359262545382,187.34753033145444,188.20748901367188,46605039
2010-09-01 00:00:00+05:30,189.4052815760831,193.2443702195015,188.5760347114283,191.68826293945312,27886811
2010-09-02 00:00:00+05:30,193.49006692648587,193.8278970845688,191.64730230159708,191.94418334960938,17699285
2010-09-03 00:00:00+05:30,192.46633322538472,192.79392614235155,189.23125749483577,189.5383758544922,14440305
2010-09-06 00:00:00+05:30,190.6133251923342,196.09041944984816,188.8422213683175,195.05642700195312,33928353
2010-09-07 00:00:00+05:30,195.53754329952216,198.54738437697375,195.12803860167858,197.0322265625,28379708
2010-09-08 00:00:00+05:30,195.55803366587534,197.52364544014435,194.92330885024606,196.4794158935547,11632859
2010-09-09 00:00:00+05:30,197.16535788848796,198.03555386920908,195.57853876759705,196.2644500732422,10114309
2010-09-13 00:00:00+05:30,199.01835237324084,203.83000961250372,197.65675342375962,203.21575927734375,27474309
2010-09-14 00:00:00+05:30,203.83000933744785,205.36564200723933,201.54704172227122,202.32508850097656,19472955
2010-09-15 00:00:00+05:30,202.49909803988336,208.5802179941052,202.49909803988336,207.597412109375,33554695
2010-09-16 00:00:00+05:30,207.22890321236702,207.8943536740702,204.1781121047645,204.8230743408203,18540979
2010-09-17 00:00:00+05:30,205.7751489840906,211.18059572131062,205.7751489840906,210.35134887695312,31955142
2010-09-20 00:00:00+05:30,210.6891904109026,213.75021847193295,209.07164585140814,213.2281036376953,30419766
2010-09-21 00:00:00+05:30,213.35095813968664,214.68184529839027,209.88042518328493,211.9484100341797,21351925
2010-09-22 00:00:00+05:30,211.71295685279293,213.699043518313,207.82268174830153,208.85667419433594,25872625
2010-09-23 00:00:00+05:30,208.8566548364255,209.66541341656261,203.93237407437906,204.2702178955078,23030491
2010-09-24 00:00:00+05:30,204.75142003476847,206.59418496094634,203.13388891873188,205.08926391601562,22669074
2010-09-27 00:00:00+05:30,206.38942035673793,208.82596091940297,205.79563088249748,206.83987426757812,16465376
2010-09-28 00:00:00+05:30,206.45086685007493,207.20843919210733,203.3181636843584,204.44430541992188,19682506
2010-09-29 00:00:00+05:30,204.7514069476953,206.59417175608934,203.72765175812717,204.54666137695312,17790040
2010-09-30 00:00:00+05:30,205.16091788933534,205.16091788933534,200.26736192304358,202.14083862304688,28981699
2010-10-01 00:00:00+05:30,203.11340717629346,206.79892323036412,202.70390235519025,206.36895751953125,19104034
2010-10-04 00:00:00+05:30,207.8124284589739,210.03397235466164,207.8124284589739,208.4062042236328,21163057
2010-10-05 00:00:00+05:30,208.02741101596948,211.26248638667832,206.5941511598759,209.63470458984375,22938984
2010-10-06 00:00:00+05:30,210.89394314820444,214.37471338430046,210.26945551499233,213.95497131347656,28137687
2010-10-07 00:00:00+05:30,213.95497716730867,216.16629764124363,211.4058265061901,212.76742553710938,31547758
2010-10-08 00:00:00+05:30,214.31329951747173,215.97179332038178,211.00656285816794,214.9173126220703,20865341
2010-10-11 00:00:00+05:30,216.21744302321176,219.54465354747643,215.62366732073372,218.920166015625,25796876
2010-10-12 00:00:00+05:30,218.67448758885905,218.96114503676742,214.20067415423998,216.1355743408203,13979878
2010-10-13 00:00:00+05:30,216.23794795275435,219.9030027829109,215.95130417166897,219.70848083496094,23967306
2010-10-14 00:00:00+05:30,220.10773522236232,221.43862227329228,215.8489048601426,216.8317108154297,24414709
2010-10-15 00:00:00+05:30,217.03649602515037,218.67450159084933,212.04055376410062,213.01312255859375,11601973
2010-10-18 00:00:00+05:30,213.40213842205054,218.04999923239868,211.5593737424261,214.4668426513672,22209315
2010-10-19 00:00:00+05:30,218.06021193109694,218.81779774036835,212.78786409997878,213.8423309326172,18579617
2010-10-20 00:00:00+05:30,212.8185953041704,217.93738445126607,212.53193786344892,214.8763427734375,18232837
2010-10-21 00:00:00+05:30,215.39847651859242,222.73882388922246,214.82517525472062,221.4693603515625,37273145
2010-10-22 00:00:00+05:30,222.24739435353976,223.957060662803,219.974650458114,221.5000457763672,19627279
2010-10-25 00:00:00+05:30,222.76952092010376,225.61556616125338,222.36001613943026,223.2506866455078,18019151
2010-10-26 00:00:00+05:30,223.36330536829124,225.42105296139297,222.58524488802908,224.99107360839844,15444185
2010-10-27 00:00:00+05:30,224.8170221522413,227.27403706995798,221.7969433091205,223.74208068847656,21946562
2010-10-28 00:00:00+05:30,225.10369779479694,225.4108161418979,220.0258574421839,221.541015625,36188021
2010-10-29 00:00:00+05:30,222.70810936957264,226.70075727948498,221.2339002797006,224.45872497558594,29722655
2010-11-01 00:00:00+05:30,229.52630541560694,230.32484043332684,223.0254562199325,223.834228515625,30509287
2010-11-02 00:00:00+05:30,224.28467039988948,224.28467039988948,219.14540678572845,220.0770263671875,20360675
2010-11-03 00:00:00+05:30,221.54100476411938,222.13478054066672,217.5790689373221,218.1216583251953,19939993
2010-11-04 00:00:00+05:30,220.70152268807914,226.65979606771862,220.10774690605933,226.26052856445312,24311819
2010-11-08 00:00:00+05:30,228.07258936359705,229.11681907443491,225.3391540803411,227.65284729003906,22364112
2010-11-09 00:00:00+05:30,227.73472979417457,229.42392158205348,224.6634645427981,226.97715759277344,15410057
2010-11-10 00:00:00+05:30,226.59836902107477,228.68682833878816,225.06273636581918,225.67698669433594,11899060
2010-11-11 00:00:00+05:30,226.45503221401006,227.6425974217011,220.31250162693883,221.11102294921875,12690058
2010-11-12 00:00:00+05:30,221.16220719237285,222.6466671045715,216.4222246889815,217.41526794433594,19131902
2010-11-15 00:00:00+05:30,218.49022252109086,218.65401897124238,212.5729117442295,215.95130920410156,16084932
2010-11-16 00:00:00+05:30,216.8317353604024,216.8317353604024,210.18756396678367,210.99632263183594,19833309
2010-11-18 00:00:00+05:30,214.94798269387886,214.94798269387886,207.6178876304313,211.4979248046875,22776798
2010-11-19 00:00:00+05:30,212.12244970248676,212.12244970248676,202.11010504450488,203.98358154296875,24826481
2010-11-22 00:00:00+05:30,205.46803312346935,208.11955646668838,204.1780950909172,207.2595977783203,18956753
2010-11-23 00:00:00+05:30,205.70352722381315,205.77518818264318,199.6326562677619,203.85052490234375,33113827
2010-11-24 00:00:00+05:30,204.5466705995549,208.3959968464952,201.89513333131947,203.94265747070312,19703855
2010-11-25 00:00:00+05:30,205.160881682572,205.36562722330052,199.22309698632543,200.55397033691406,29112802
2010-11-26 00:00:00+05:30,201.680150307013,202.78580377382332,196.21327931104483,197.0425262451172,30639363
2010-11-29 00:00:00+05:30,198.50647186059328,205.2530291729059,197.05273743267037,204.4237823486328,23409097
2010-11-30 00:00:00+05:30,204.71043200206626,206.5327220234396,200.88158096890396,201.80296325683594,30483669
2010-12-01 00:00:00+05:30,201.68011367053612,204.21902673856565,201.28084619451488,202.45816040039062,18726828
2010-12-02 00:00:00+05:30,204.54665115195525,207.50530650885239,203.7378788520958,207.0343780517578,24834141
2010-12-03 00:00:00+05:30,207.61790684612248,209.6654170270388,204.3418823559,205.9594268798828,19641270
2010-12-06 00:00:00+05:30,207.9967030119881,210.89393461005375,207.4131645148785,208.87713623046875,17790259
2010-12-07 00:00:00+05:30,208.8464160611452,212.88001265931214,208.8464160611452,211.0474853515625,22397973
2010-12-08 00:00:00+05:30,209.8497159530496,210.43325448076064,207.03438242898432,208.95904541015625,16997335
2010-12-09 00:00:00+05:30,209.77805085321845,211.68223924021717,200.4004308107733,201.5777587890625,31716183
2010-12-10 00:00:00+05:30,202.04869295740767,210.89394745595808,200.52328381474499,209.64495849609375,26529301
2010-12-13 00:00:00+05:30,209.67562333414338,214.1699241922888,206.7988667610591,213.2997283935547,16834458
2010-12-14 00:00:00+05:30,213.55570250541876,217.03647249765714,213.35094328944763,216.06390380859375,20081132
2010-12-15 00:00:00+05:30,215.8079501399767,217.85547388352816,212.12243473743723,215.7874755859375,21436026
2010-12-16 00:00:00+05:30,216.5655268621232,217.0364552531342,212.95165888286718,216.3914794921875,15530788
2010-12-20 00:00:00+05:30,213.9652040680053,218.67448858265243,213.8833058447815,216.37103271484375,15858100
2010-12-21 00:00:00+05:30,217.01599604361735,220.08726124496206,216.67815222437426,219.72894287109375,16089753
2010-12-22 00:00:00+05:30,219.6573061208837,220.10776004017424,214.65114028441613,216.22772216796875,15132141
2010-12-23 00:00:00+05:30,216.5860439296207,217.99882937997359,215.09136025048133,216.9136505126953,14589936
2010-12-24 00:00:00+05:30,215.6032308472585,217.95787318805338,214.9889804833771,216.97506713867188,9452996
2010-12-27 00:00:00+05:30,216.68839139805516,218.83828799215308,215.224419725759,216.06390380859375,5782048
2010-12-28 00:00:00+05:30,216.27889414560065,216.97505636898293,213.40213708810694,214.55899047851562,8857349
2010-12-29 00:00:00+05:30,214.64090787093625,216.0127442167814,214.23140305612424,214.70233154296875,11184510
2010-12-30 00:00:00+05:30,215.48037325160644,216.1662845307009,214.22114708105457,215.2346649169922,14561753
2010-12-31 00:00:00+05:30,216.63720958041745,218.3673641695909,215.6441663156041,216.77029418945312,9973432
2011-01-03 00:00:00+05:30,218.0602372495442,218.3673692531655,215.52132400150546,216.1355743408203,10411256
2011-01-04 00:00:00+05:30,217.03646012040124,221.11100563752936,216.4836335042821,220.53770446777344,22021878
2011-01-05 00:00:00+05:30,221.13152100713185,223.17904508836807,219.08401059382447,220.27157592773438,25943243
2011-01-06 00:00:00+05:30,220.72203132380582,223.46570421322107,220.01564537659723,222.2781524658203,21763180
2011-01-07 00:00:00+05:30,221.3976856561676,222.7183355043274,216.62697749255307,218.1421356201172,17875107
2011-01-10 00:00:00+05:30,218.1421385310729,219.17613094492813,209.09212508844786,211.60032653808594,18478415
2011-01-11 00:00:00+05:30,212.9414479046596,214.72278892281216,204.46474948751074,207.5667266845703,21147094
2011-01-12 00:00:00+05:30,208.97951713121077,212.0507825696503,205.36564861746123,211.0577392578125,23195000
2011-01-13 00:00:00+05:30,210.89395277805502,212.76742943116616,207.0241521287903,207.89434814453125,24336418
2011-01-14 00:00:00+05:30,207.6281424388952,210.85298051521997,204.34188069779265,205.0585174560547,19111808
2011-01-17 00:00:00+05:30,205.36564079539167,206.3894095704724,203.1236223045386,204.3214111328125,14046519
2011-01-18 00:00:00+05:30,205.74445562251765,206.3894315228928,202.70390181079128,203.6969451904297,14871527
2011-01-19 00:00:00+05:30,204.66948294679327,205.77513622543103,199.6326058615085,200.68707275390625,23491557
2011-01-20 00:00:00+05:30,200.1650037849057,200.1650037849057,195.44548121351966,198.5781707763672,41343304
2011-01-21 00:00:00+05:30,199.63260972024636,203.2157525017938,199.22310495448409,202.04867553710938,19528676
2011-01-24 00:00:00+05:30,203.74810421333052,203.9119006521562,197.4008145257825,198.9364471435547,22242712
2011-01-25 00:00:00+05:30,200.06258822369045,201.66989555764488,195.79352024319778,196.25421142578125,20325555
2011-01-27 00:00:00+05:30,197.7898580617633,198.07650184902053,192.46632309406363,193.01914978027344,28105152
2011-01-28 00:00:00+05:30,193.49009937756696,193.67437040378985,184.68577954514546,186.93804931640625,33855702
2011-01-31 00:00:00+05:30,186.0883219351837,190.1833565112415,184.91100752447545,188.2279815673828,25332450
2011-02-01 00:00:00+05:30,189.41550591322047,189.94785800771035,181.93185109013316,183.35487365722656,37898873
2011-02-02 00:00:00+05:30,186.32377330179426,189.98881443987582,185.77094663112987,188.63746643066406,28465716
2011-02-03 00:00:00+05:30,190.00928164398425,194.00194285395386,187.34752117193165,193.26483154296875,17047728
2011-02-04 00:00:00+05:30,193.9814532083007,193.9814532083007,186.96871369377445,188.3712615966797,20715343
2011-02-07 00:00:00+05:30,189.53836397765417,192.22061282481795,187.2246844748404,190.2242889404297,14586353
2011-02-08 00:00:00+05:30,191.5858661424227,191.5858661424227,186.57968741555717,187.39869689941406,19685333
2011-02-09 00:00:00+05:30,185.9961685745886,191.89300467696984,185.02359983545432,187.20420837402344,38228022
2011-02-10 00:00:00+05:30,186.83563679637732,188.53506579175328,181.2254449535791,184.20457458496094,28347803
2011-02-11 00:00:00+05:30,184.266013675032,187.3475300029194,181.82947319164057,186.31353759765625,20012347
2011-02-14 00:00:00+05:30,185.5252234596388,188.0129501126592,183.06820863764784,187.3065643310547,30145949
2011-02-15 00:00:00+05:30,187.22467303004427,193.44911536496082,186.58993449613814,192.8143768310547,27266420
2011-02-16 00:00:00+05:30,192.118235942388,194.67762373080862,192.07728683120746,193.31602478027344,11041551
2011-02-17 00:00:00+05:30,194.0736124123764,195.62971965496584,191.69849560298084,195.32260131835938,14091434
2011-02-18 00:00:00+05:30,195.75258469676592,197.175607455548,190.82831690846416,191.55519104003906,15747939
2011-02-21 00:00:00+05:30,191.6677899312823,196.74561660570163,191.278759691146,195.8140106201172,25629860
2011-02-22 00:00:00+05:30,203.11338578470145,206.67605411760508,200.50279795058512,201.6494140625,88922943
2011-02-23 00:00:00+05:30,201.9667516281838,205.22230133768684,201.6801078767608,203.86070251464844,31184499
2011-02-24 00:00:00+05:30,203.9324130171575,204.46477887789868,196.22352299882058,197.42132568359375,32903650
2011-02-25 00:00:00+05:30,200.7996736744788,201.11704292266484,195.44542757000457,197.8410186767578,15101417
2011-02-28 00:00:00+05:30,198.6497818561566,203.58429972794465,196.56132267196583,197.4315185546875,22487428
2011-03-01 00:00:00+05:30,199.36646712375298,203.25674268269324,198.03557978308135,202.46844482421875,12622459
2011-03-03 00:00:00+05:30,199.67355272607307,201.68011371583387,198.2198183694171,200.12399291992188,19518684
2011-03-04 00:00:00+05:30,201.6084670652213,203.68668914220987,200.26734266197326,201.10682678222656,15419957
2011-03-07 00:00:00+05:30,199.44833982332477,201.33205368452508,197.3803549544572,200.05235290527344,11821324
2011-03-08 00:00:00+05:30,200.24688387801527,203.19530214105473,200.24688387801527,201.66990661621094,12057689
2011-03-09 00:00:00+05:30,202.4377068423973,205.65230787031112,198.2198388836991,203.4921875,32473255
2011-03-10 00:00:00+05:30,203.2567049116829,203.31812857735545,201.06585916305832,201.62893676757812,9853822
2011-03-11 00:00:00+05:30,200.41066604865242,203.70716521920505,199.04906707951898,203.12362670898438,15000438
2011-03-14 00:00:00+05:30,203.307903024183,208.99999371988838,203.16458112934856,208.5085906982422,28811267
2011-03-15 00:00:00+05:30,204.33162521007338,214.9070325812241,202.47862348270922,212.37835693359375,56447390
2011-03-16 00:00:00+05:30,213.96519280192786,216.01271661435223,212.55240752192222,214.39517211914062,20605120
2011-03-17 00:00:00+05:30,212.79811720373368,214.74325458699695,210.48442416509084,211.06796264648438,12381790
2011-03-18 00:00:00+05:30,211.91767388686935,211.91767388686935,202.00770278224238,203.318115234375,40501886
2011-03-21 00:00:00+05:30,204.55691362986698,204.75142193631083,200.88162102257,202.7653350830078,15546778
2011-03-22 00:00:00+05:30,203.32834127358365,205.75464411395842,203.14407029884345,204.67970275878906,9793572
2011-03-23 00:00:00+05:30,204.72066791888807,208.16048872594303,203.8914211316745,207.46434020996094,11419987
2011-03-24 00:00:00+05:30,208.00695407731118,209.24570576550246,205.53970164724055,206.8603515625,11233928
2011-03-25 00:00:00+05:30,209.64492887754741,210.88368038407293,206.79888389673715,210.19776916503906,15392440
2011-03-28 00:00:00+05:30,210.1261140844886,212.19411254648983,207.6793363426486,210.0135040283203,19079527
2011-03-29 00:00:00+05:30,208.84643614868824,211.30345127576442,208.7645379224404,209.4095001220703,18101992
2011-03-30 00:00:00+05:30,210.38206759626985,212.42957791154265,209.68590534160305,211.40582275390625,12257428
2011-03-31 00:00:00+05:30,211.81529026151821,215.99222205040635,211.81529026151821,214.80465698242188,31502965
2011-04-01 00:00:00+05:30,214.7944298392986,218.24448782959144,211.0986635355144,212.20433044433594,18772571
2011-04-04 00:00:00+05:30,212.9414767535132,215.97180708407132,210.6892206489866,215.12208557128906,13111730
2011-04-05 00:00:00+05:30,215.5008251584353,216.83169846563754,212.94142397520537,214.50778198242188,10756797
2011-04-06 00:00:00+05:30,213.9651905915402,215.85914155601267,212.9414355298675,213.93447875976562,9083271
2011-04-07 00:00:00+05:30,213.9754676261226,214.4873452520674,211.93819440150358,213.33050537109375,10163661
2011-04-08 00:00:00+05:30,213.3509625944443,215.17325280863403,208.9795217368117,209.64495849609375,11995738
2011-04-11 00:00:00+05:30,207.41317387858854,208.73381009800235,205.49874818962587,205.83657836914062,11296579
2011-04-13 00:00:00+05:30,205.13018424363392,209.66542130030774,204.05524274353678,209.21498107910156,19116564
2011-04-15 00:00:00+05:30,208.5700260981159,209.83948967040413,205.77516698408348,209.04095458984375,14174275
2011-04-18 00:00:00+05:30,208.68264094172284,213.90380358536208,204.87426380560782,206.62489318847656,14793743
2011-04-19 00:00:00+05:30,205.71372662901663,208.3243145133346,204.49546321734385,207.13674926757812,12022958
2011-04-20 00:00:00+05:30,208.02740777101553,210.99630021205695,206.43035149956972,210.054443359375,10315413
2011-04-21 00:00:00+05:30,211.87674894076227,213.8014118967185,210.8939429065688,213.06430053710938,14934401
2011-04-25 00:00:00+05:30,207.6178807712257,209.05114045144836,205.80582820144537,206.66578674316406,18138998
2011-04-26 00:00:00+05:30,206.59415579253334,206.59415579253334,204.2497508490448,204.9868621826172,17652410
2011-04-27 00:00:00+05:30,205.77513458496472,206.614618648462,200.67683387683627,201.90533447265625,24710243
2011-04-28 00:00:00+05:30,203.11337057464027,203.3181161143316,198.60883202216587,199.10023498535156,35712321
2011-04-29 00:00:00+05:30,199.6326447237839,202.29440566606047,198.8750587240997,201.42420959472656,14936357
2011-05-02 00:00:00+05:30,201.4548606208142,202.04864997340172,196.82748878939972,197.53387451171875,13609544
2011-05-03 00:00:00+05:30,197.605560185639,198.0764886154553,192.68129306139636,193.26483154296875,22028515
2011-05-04 00:00:00+05:30,193.4900644392051,195.89589296456623,192.46630936474426,194.03265380859375,11668233
2011-05-05 00:00:00+05:30,195.276107466996,199.10930609256636,194.997135766256,196.29898071289062,19582976
2011-05-06 00:00:00+05:30,196.92922770788246,198.37571745803575,196.12332174331004,197.35284423828125,12916462
2011-05-09 00:00:00+05:30,198.3757239430791,199.62591002703235,196.5986035709383,198.2310791015625,8012908
2011-05-10 00:00:00+05:30,198.23106767067048,199.1816184482921,195.5963825875692,196.4642791748047,8143376
2011-05-11 00:00:00+05:30,197.13591011821734,198.0451201820842,194.9661682312461,197.43553161621094,8197011
2011-05-12 00:00:00+05:30,196.61928091004395,197.29087388094305,194.44955295875096,195.3794403076172,9218985
2011-05-13 00:00:00+05:30,195.327765232836,198.78900616918915,193.8192848083345,195.89602661132812,13906027
2011-05-16 00:00:00+05:30,196.30931280999977,196.59860249144452,194.56318777062882,195.27610778808594,7008149
2011-05-17 00:00:00+05:30,195.41043941885866,195.64807025119228,189.5418255086395,190.24440002441406,17384039
2011-05-18 00:00:00+05:30,190.1100565223947,190.9056306828176,185.6362743784274,186.35951232910156,24814804
2011-05-19 00:00:00+05:30,187.7130224882497,190.52334778601977,186.9587891907565,189.18017578125,18072585
2011-05-20 00:00:00+05:30,189.7897551963092,191.3085672870127,188.1056347291776,190.77130126953125,13873483
2011-05-23 00:00:00+05:30,189.9034166854378,190.52333688521247,186.6591432703914,187.91964721679688,14836682
2011-05-24 00:00:00+05:30,187.2170757558998,190.29602705013258,187.2170757558998,189.23182678222656,11107409
2011-05-25 00:00:00+05:30,188.8909217800642,188.8909217800642,186.1839273076881,187.21713256835938,13112272
2011-05-26 00:00:00+05:30,188.58093273462245,193.59198143731055,188.27096569753456,192.97206115722656,30001792
2011-05-27 00:00:00+05:30,193.0236980148938,196.9085552367414,193.0236980148938,195.36907958984375,15134521
2011-05-30 00:00:00+05:30,196.09235336350602,196.92925476523448,193.05472860905297,194.00527954101562,7564463
2011-05-31 00:00:00+05:30,195.2761101307906,197.5284921397115,193.68496168739057,196.6916046142578,14083332
2011-06-01 00:00:00+05:30,196.72258662501315,198.0967539176425,194.99712523038224,195.64804077148438,8042814
2011-06-02 00:00:00+05:30,193.52999340618376,197.28053804989653,193.52999340618376,196.5262908935547,9418728
2011-06-03 00:00:00+05:30,198.47902456970496,199.8221965073662,192.48643040887973,193.12701416015625,19110238
2011-06-06 00:00:00+05:30,193.13737172942558,194.40822142230266,191.79419961236792,193.77796936035156,6149800
2011-06-07 00:00:00+05:30,192.9100497363138,198.37570973428583,192.9100497363138,198.0140838623047,17612490
2011-06-08 00:00:00+05:30,197.39416795527532,197.53881278958718,195.05911808807352,196.14398193359375,14205061
2011-06-09 00:00:00+05:30,195.79272264457367,197.93145524361836,195.68940489468594,197.13589477539062,9152117
2011-06-10 00:00:00+05:30,197.36319581753668,197.549167769212,192.6001095587071,195.17279052734375,11068775
2011-06-13 00:00:00+05:30,194.9144844317514,194.9144844317514,190.31670685082952,191.2672576904297,12923374
2011-06-14 00:00:00+05:30,191.20524888684082,192.53808904942784,188.04364343410705,188.32260131835938,18967099
2011-06-15 00:00:00+05:30,188.45692642563324,189.88275253645662,185.687928391149,186.09088134765625,20156715
2011-06-16 00:00:00+05:30,186.1838863667978,186.1838863667978,182.69165004307123,183.40455627441406,24969151
2011-06-17 00:00:00+05:30,184.17948298030547,184.59276778849213,178.78614451135917,179.51971435546875,22029696
2011-06-20 00:00:00+05:30,180.81122530270557,180.81122530270557,171.11974426652642,172.18394470214844,30300033
2011-06-21 00:00:00+05:30,173.5581103756827,176.67838922343435,173.02084427587423,175.36622619628906,17413744
2011-06-22 00:00:00+05:30,176.33742049575315,177.3292983811546,172.36989516005676,174.7772674560547,20107599
2011-06-23 00:00:00+05:30,174.9322297628933,180.33589839506092,174.7979029292952,179.88128662109375,20713868
2011-06-24 00:00:00+05:30,180.63555263201735,181.7824209447602,176.8023540702415,180.06729125976562,31670322
2011-06-27 00:00:00+05:30,179.09610255380727,182.21639535217778,178.09389272968488,180.0983123779297,14349371
2011-06-28 00:00:00+05:30,181.61710829257424,181.61710829257424,178.12487188857068,180.00531005859375,10219645
2011-06-29 00:00:00+05:30,180.9558665676383,183.49755219128994,180.21196497261224,182.92929077148438,12430639
2011-06-30 00:00:00+05:30,183.642214246754,186.39053542171567,183.2909200956955,185.66729736328125,21744714
2011-07-01 00:00:00+05:30,187.42373921133353,187.42373921133353,177.02968375242943,178.1145477294922,28677893
2011-07-04 00:00:00+05:30,180.68725745484414,181.72046264174955,178.7448145987861,179.44740295410156,16499512
2011-07-05 00:00:00+05:30,179.63336565217833,179.63336565217833,174.40534933151156,174.80828857421875,33805768
2011-07-06 00:00:00+05:30,175.40754301306023,177.40163066873734,173.72340859250926,176.2444305419922,26877909
2011-07-07 00:00:00+05:30,177.29832853148247,180.79056517996926,176.7300532955424,179.92266845703125,20137982
2011-07-08 00:00:00+05:30,180.3979135819447,180.60454905546845,176.05844449113255,176.64736938476562,20937538
2011-07-11 00:00:00+05:30,176.47174750757878,177.70125629055306,175.02525766084378,176.3271026611328,9598807
2011-07-12 00:00:00+05:30,175.1285474333494,177.17429368266573,174.7565898078129,175.18020629882812,13066390
2011-07-13 00:00:00+05:30,176.27542104200046,179.7160122104854,175.87248184736234,178.83778381347656,17029770
2011-07-14 00:00:00+05:30,178.39351532033564,181.4104763536073,177.5772775156145,179.27174377441406,13312532
2011-07-15 00:00:00+05:30,179.30271681679073,181.01783261814325,178.7447734537282,180.43923950195312,10206245
2011-07-18 00:00:00+05:30,180.17063573609795,180.58392055744983,178.57950089887234,179.28208923339844,6582763
2011-07-19 00:00:00+05:30,179.26141077282205,182.13371314384608,178.95144373406492,181.73077392578125,9822813
2011-07-20 00:00:00+05:30,183.08428740174818,183.24960961411213,179.53005985028136,181.0592041015625,11180149
2011-07-21 00:00:00+05:30,181.00750068166877,181.00750068166877,177.20529764428298,177.88722229003906,7886175
2011-07-22 00:00:00+05:30,178.9514483002275,181.22450778956525,178.22819645603684,180.4702606201172,15303807
2011-07-25 00:00:00+05:30,184.32410417372031,184.32410417372031,181.6687692785658,182.43333435058594,21905216
2011-07-26 00:00:00+05:30,183.54919249799764,183.941813702864,179.65400335941877,180.08795166015625,20462017
2011-07-27 00:00:00+05:30,180.8111969832758,180.8111969832758,177.5359281935614,177.88722229003906,13675826
2011-07-28 00:00:00+05:30,176.67838682907762,176.67838682907762,172.2149358952476,173.0311737060547,31299376
2011-07-29 00:00:00+05:30,173.57875637863268,175.07690500039945,170.09685195993092,171.08872985839844,21393442
2011-08-01 00:00:00+05:30,173.16547336979906,173.16547336979906,169.72489601263112,171.68798828125,14242019
2011-08-02 00:00:00+05:30,171.00607839792877,173.35146030790568,169.13598572907782,173.02084350585938,16570663
2011-08-03 00:00:00+05:30,170.8407502824861,172.7935107205992,170.08651699576166,170.4894561767578,14085375
2011-08-04 00:00:00+05:30,171.09908510708965,171.8533185114404,167.3898673559555,167.86514282226562,13737415
2011-08-05 00:00:00+05:30,165.20977911781577,165.20977911781577,160.97362775205605,163.6599578857422,26222826
2011-08-08 00:00:00+05:30,160.49833610247504,164.5691648823263,158.49391703052254,161.31455993652344,22242669
2011-08-09 00:00:00+05:30,155.6009538556406,160.97362792280208,155.6009538556406,158.14263916015625,32649029
2011-08-10 00:00:00+05:30,162.2858050826425,163.24668771111104,158.08066245683295,159.68212890625,17746463
2011-08-11 00:00:00+05:30,158.772892017889,162.20313746886714,158.0806493810663,159.56846618652344,10890149
2011-08-12 00:00:00+05:30,161.8001955675829,161.8001955675829,156.63415703350495,157.23341369628906,17222470
2011-08-16 00:00:00+05:30,157.04743433244653,159.5891194876523,155.95222500064796,156.8717803955078,11286937
2011-08-17 00:00:00+05:30,157.1507745014003,160.02309060028344,155.1876821540865,156.01425170898438,13545843
2011-08-18 00:00:00+05:30,156.57221099106613,157.0474865060531,152.29473135618338,153.16262817382812,17126872
2011-08-19 00:00:00+05:30,151.06517031725363,152.7079775477298,149.05041922546874,151.37513732910156,20399978
2011-08-22 00:00:00+05:30,151.0548462999448,157.0164594841151,149.93898707053833,156.42752075195312,15542731
2011-08-23 00:00:00+05:30,157.11979785973566,159.52717059449515,154.46444871138496,158.13233947753906,17536780
2011-08-24 00:00:00+05:30,157.87401544741206,159.01055205502018,156.2208901010164,157.3160858154297,12987792
2011-08-25 00:00:00+05:30,157.3780889555576,158.90723312601602,155.0327069248444,155.7042999267578,21214238
2011-08-26 00:00:00+05:30,155.18766507331128,156.24153355306137,147.128647285304,148.6577911376953,19501819
2011-08-29 00:00:00+05:30,151.07552497319026,157.026806978694,150.50726352714196,156.02459716796875,18316877
2011-08-30 00:00:00+05:30,158.08066330881485,164.5485335831938,157.874014021075,161.71754455566406,34217075
2011-09-02 00:00:00+05:30,164.63116973077098,168.14408309037313,163.1330211838013,166.4392852783203,34086257
2011-09-05 00:00:00+05:30,164.17656652251907,165.10645377900252,161.78985773675697,163.00904846191406,19981247
2011-09-06 00:00:00+05:30,161.84153024033913,170.58245940731706,160.45703113108323,169.75588989257812,31333473
2011-09-07 00:00:00+05:30,170.27248824025094,174.30199038672214,170.21049759727023,172.23558044433594,31438175
2011-09-08 00:00:00+05:30,172.2355906158515,177.50494731539496,168.3094059758174,176.1514434814453,35284258
2011-09-09 00:00:00+05:30,176.0894534132482,177.41196192822142,170.21050820832534,170.63412475585938,29564130
2011-09-12 00:00:00+05:30,167.45184579929352,169.95220425432922,164.33156706638667,166.6149444580078,18579499
2011-09-13 00:00:00+05:30,168.04075605235224,170.4274647765665,164.64150590502777,167.43116760253906,25400442
2011-09-14 00:00:00+05:30,168.18545114762333,171.46070692512066,166.38766693575744,170.56182861328125,20539026
2011-09-15 00:00:00+05:30,172.13228277918665,173.2894691712861,168.11311193785124,172.81419372558594,20407052
2011-09-16 00:00:00+05:30,175.64517655818042,175.64517655818042,169.65258172345187,170.61346435546875,26810791
2011-09-19 00:00:00+05:30,170.47912629191057,171.336691120945,168.53669760614576,169.76622009277344,12796090
2011-09-20 00:00:00+05:30,170.06585309451415,176.4614004309782,168.68135401631284,176.01712036132812,18437927
2011-09-21 00:00:00+05:30,175.83116119553938,175.83116119553938,171.987644184097,173.0828399658203,17030216
2011-09-22 00:00:00+05:30,170.2621457785977,171.0783834481208,161.18025506429706,162.492431640625,27298045
2011-09-23 00:00:00+05:30,159.91977873972488,163.78397292905683,157.8946818762894,159.23785400390625,38513013
2011-09-26 00:00:00+05:30,158.94858054651272,159.25853382710898,154.47478358897203,156.8821563720703,27202137
2011-09-27 00:00:00+05:30,159.94044595377136,165.45776564604267,159.5271611516449,164.73452758789062,22046959
2011-09-28 00:00:00+05:30,165.26146191722648,166.61495205672287,163.06072482898304,164.73452758789062,25034598
2011-09-29 00:00:00+05:30,163.35000903196894,167.94777260004037,162.09982299807461,166.90423583984375,31511671
2011-09-30 00:00:00+05:30,166.03633406809848,170.04517260039205,163.76328868682583,167.03854370117188,34944185
2011-10-03 00:00:00+05:30,163.4946608600102,165.29244478584107,162.0275075097816,162.87474060058594,21109422
2011-10-04 00:00:00+05:30,162.00683744957104,163.41200009679017,158.13231184423415,159.44448852539062,26251892
2011-10-05 00:00:00+05:30,159.64078142729016,160.7463087593963,157.40904942237256,158.49392700195312,20734666
2011-10-07 00:00:00+05:30,162.56477722773434,166.96623737735013,162.1928195460829,165.91236877441406,19911027
2011-10-10 00:00:00+05:30,166.19132092103519,171.69830789860657,166.18098914759693,171.3573455810547,14846381
2011-10-11 00:00:00+05:30,172.5455492850512,173.8680439375271,169.96252303555684,170.8924102783203,15716423
2011-10-12 00:00:00+05:30,171.3883676747962,176.03780438921535,170.69612495220554,175.57286071777344,17269967
2011-10-13 00:00:00+05:30,175.6451460901257,177.2982849261131,174.01268459397298,175.0045623779297,18353721
2011-10-14 00:00:00+05:30,173.99204388857208,179.71601234051207,173.88871235219133,179.1374053955078,17871109
2011-10-17 00:00:00+05:30,179.1580839427417,179.54037341530906,171.7499942890158,172.29759216308594,22052401
2011-10-18 00:00:00+05:30,170.4791310151418,170.76843448886095,167.65848766831328,169.42526245117188,18299531
2011-10-19 00:00:00+05:30,170.5824670431845,174.61196946825234,170.29316356184836,174.1986846923828,11872557
2011-10-20 00:00:00+05:30,172.51455921722183,173.76473149019355,169.8592104692793,173.31011962890625,9971735
2011-10-21 00:00:00+05:30,173.57877474130234,175.47987654682862,171.73966358672686,172.70054626464844,10342733
2011-10-24 00:00:00+05:30,175.23187398484154,176.47172820100974,174.31231854485375,174.9219207763672,9081569
2011-10-25 00:00:00+05:30,176.67836988029242,182.04071231027842,174.02303499729175,181.00750732421875,22735907
2011-10-28 00:00:00+05:30,185.9152279873639,186.80378809032024,182.69163191340286,185.9772186279297,24528852
2011-10-31 00:00:00+05:30,185.56395439705634,185.83258051588282,180.30492979734208,181.338134765625,15872042
2011-11-01 00:00:00+05:30,179.88133316296896,181.53445853615358,177.2156524630768,177.83558654785156,16384499
2011-11-02 00:00:00+05:30,176.67839036097317,182.0407334125657,176.67839036097317,180.14996337890625,13751121
2011-11-03 00:00:00+05:30,179.31303795893126,183.77648804016178,178.33149193609862,183.06356811523438,16042287
2011-11-04 00:00:00+05:30,187.0104620935664,187.0104620935664,180.32561068425434,181.83409118652344,18251373
2011-11-08 00:00:00+05:30,181.6377791558402,182.87761966264068,179.46803757780256,182.60899353027344,10120202
2011-11-09 00:00:00+05:30,183.9211536596031,184.45841971025618,177.94922266334055,178.7344512939453,11664515
2011-11-11 00:00:00+05:30,177.50493929411218,183.6628559054312,175.6658283504861,182.94993591308594,21739364
2011-11-14 00:00:00+05:30,184.2001135543603,185.15066430478836,180.39791055264803,181.1624755859375,15996247
2011-11-15 00:00:00+05:30,179.98462384490816,181.4311135016948,176.9366679304938,178.01119995117188,9897941
2011-11-16 00:00:00+05:30,177.52559206560042,177.52559206560042,173.0311465131893,175.25253295898438,13313254
2011-11-17 00:00:00+05:30,174.6223148676555,175.36623028108275,166.6046226960278,167.36920166015625,24227745
2011-11-18 00:00:00+05:30,165.37507943972423,167.78245156609074,162.62674500362294,166.98687744140625,21690327
2011-11-21 00:00:00+05:30,165.31308848373067,165.31308848373067,161.49022205383372,162.492431640625,17715656
2011-11-22 00:00:00+05:30,162.85407469831713,166.2326614441966,162.5441076760387,164.32122802734375,19171804
2011-11-23 00:00:00+05:30,163.22600325758583,163.22600325758583,156.17954074731443,159.81642150878906,23710270
2011-11-24 00:00:00+05:30,160.14705993295416,160.76698015577625,155.63195063021112,159.7647705078125,27857321
2011-11-25 00:00:00+05:30,159.0518509653765,159.37213592666072,155.18765753136168,155.76625061035156,16185464
2011-11-28 00:00:00+05:30,158.08067253544326,162.3788152010178,157.5744017523643,161.9655303955078,11033484
2011-11-29 00:00:00+05:30,161.5935733886326,161.5935733886326,156.87181412188187,158.08067321777344,21013969
2011-11-30 00:00:00+05:30,156.36551551155316,161.86218453811554,155.62161402607464,160.81863403320312,19988986
2011-12-01 00:00:00+05:30,165.1064453125,167.53448107012366,164.3212167276646,165.1064453125,20626920
2011-12-02 00:00:00+05:30,164.69315553891704,168.4127042603568,162.53375975405015,167.80311584472656,19598467
2011-12-05 00:00:00+05:30,167.03851770660393,167.83409174269616,164.9721081200801,166.70790100097656,13827937
2011-12-07 00:00:00+05:30,166.75958741744637,169.34259982743148,165.9743450236475,167.3381805419922,15373615
2011-12-08 00:00:00+05:30,165.72640738116962,166.90425735494367,159.5478264212807,160.94265747070312,19435800
2011-12-09 00:00:00+05:30,159.09316529842576,159.09316529842576,155.53893913187667,156.1588592529297,22070197
2011-12-12 00:00:00+05:30,157.1611157935472,157.46075106871854,149.60836740983717,150.3316192626953,22298377
2011-12-13 00:00:00+05:30,149.58770419841832,154.1544867923434,148.98844744080998,153.38990783691406,22873371
2011-12-14 00:00:00+05:30,152.5013449341762,155.7869459599525,151.55079404103566,153.3072509765625,23206895
2011-12-15 00:00:00+05:30,151.24084463536335,155.91093122529963,149.5050512058043,155.0120391845703,28922246
2011-12-16 00:00:00+05:30,154.77439686854675,174.5293153659323,147.965564322804,149.16407775878906,25499308
2011-12-19 00:00:00+05:30,148.61646232262225,152.89394062685125,147.77956109494727,151.94338989257812,20623197
2011-12-20 00:00:00+05:30,153.26593299067588,153.26593299067588,146.55008568899498,147.42831420898438,24282464
2011-12-21 00:00:00+05:30,150.22829474284705,155.75594596599024,149.33973452666447,154.56776428222656,19963870
2011-12-22 00:00:00+05:30,153.19356199000168,157.1094140794761,151.46810082409618,155.9212188720703,19571514
2011-12-23 00:00:00+05:30,157.04743131944878,159.06218221336408,153.41053690221923,154.2371063232422,15360163
2011-12-26 00:00:00+05:30,154.37144153501114,158.03933179759093,154.06147450910157,157.25408935546875,10396517
2011-12-27 00:00:00+05:30,158.28729617622474,158.8452257939095,154.02014915636406,155.61129760742188,13449406
2011-12-28 00:00:00+05:30,156.57216947586497,156.73747785669173,151.95372864561241,152.7183074951172,12376536
2011-12-29 00:00:00+05:30,151.60244785417473,152.70798913030058,146.13678729816576,147.10800170898438,23840441
2011-12-30 00:00:00+05:30,147.33530418560323,148.89544343920625,142.37590093908997,143.192138671875,29146195
2012-01-02 00:00:00+05:30,143.9877207110105,146.66371928885758,141.99363304728467,146.00247192382812,18808107
2012-01-03 00:00:00+05:30,147.1803280789689,150.20762091440716,146.7877068354104,149.74269104003906,20489219
2012-01-04 00:00:00+05:30,150.31093945466162,151.04450920929418,147.40762817022608,147.98622131347656,18541902
2012-01-05 00:00:00+05:30,147.74858725854241,149.80467942005382,143.42978123302342,144.545654296875,28959200
2012-01-06 00:00:00+05:30,144.0393749160344,149.60835295081716,143.95672072234564,148.2755126953125,20575210
2012-01-09 00:00:00+05:30,147.63489693227697,147.63489693227697,145.15520268809462,145.94044494628906,18386646
2012-01-10 00:00:00+05:30,147.1286772245194,152.70800155018966,147.1286772245194,152.12939453125,19720278
2012-01-11 00:00:00+05:30,152.4806690495984,155.600961422106,151.15816056740672,154.61941528320312,21183286
2012-01-12 00:00:00+05:30,154.4644084111096,155.59061306311227,151.38545725775825,152.27401733398438,14225123
2012-01-13 00:00:00+05:30,153.32789076937013,155.17733339382102,150.45557498489012,151.22015380859375,20530513
2012-01-16 00:00:00+05:30,150.83789724593225,150.83789724593225,146.92204390172998,147.3249969482422,17794345
2012-01-17 00:00:00+05:30,147.95522048180328,153.82383347669816,147.95522048180328,153.33822631835938,22738488
2012-01-18 00:00:00+05:30,157.46075474802973,162.81276616668677,156.64451689921236,161.12863159179688,40461227
2012-01-19 00:00:00+05:30,163.0400515290451,164.47620957836074,161.6142252543125,162.34780883789062,23989114
2012-01-20 00:00:00+05:30,163.2467302549027,165.31315468923722,159.53752563861033,163.79434204101562,31725274
2012-01-23 00:00:00+05:30,156.07623518115045,161.1286106613357,156.05557163293255,159.4341583251953,28250482
2012-01-24 00:00:00+05:30,160.0644301233188,163.5773303131797,159.19653340271634,161.9552001953125,22291662
2012-01-25 00:00:00+05:30,162.97803433068987,164.27987909834175,161.75884374623695,163.44297790527344,16786908
2012-01-27 00:00:00+05:30,165.31309058865313,171.07838562645244,165.10644132830086,169.528564453125,24347771
2012-01-30 00:00:00+05:30,168.18543496620515,169.20830828651816,163.70130664403237,164.22824096679688,21126187
2012-01-31 00:00:00+05:30,166.24300344017996,169.61125861888894,165.60240580768914,168.8466796875,27405612
2012-02-01 00:00:00+05:30,169.2186294624324,172.3389081032901,168.6193727516988,171.76031494140625,16522676
2012-02-02 00:00:00+05:30,172.5455409087222,174.136675400481,170.3034771021743,171.3573455810547,21445055
2012-02-03 00:00:00+05:30,171.5123468864403,173.57875688189029,168.547031162415,173.2274627685547,19989261
2012-02-06 00:00:00+05:30,174.797960799791,175.54187623769448,170.2931824518873,172.13229370117188,17430906
2012-02-07 00:00:00+05:30,173.99204764245678,176.20310255152336,172.39056742605078,174.51898193359375,21068816
2012-02-08 00:00:00+05:30,175.025237585357,178.68278198461093,174.6119528488236,177.38095092773438,15957543
2012-02-09 00:00:00+05:30,177.0400068444374,177.69092243993174,174.11603186088834,176.4407501220703,18851741
2012-02-10 00:00:00+05:30,175.71748899466738,177.50494108647536,173.16547182701765,174.25033569335938,14952871
2012-02-13 00:00:00+05:30,173.8060693730686,177.4636280388524,173.78540582327736,175.49020385742188,15284147
2012-02-14 00:00:00+05:30,175.00459241732875,176.9676847764601,174.19868640674733,175.41787719726562,13711512
2012-02-15 00:00:00+05:30,176.51306828571722,176.8333670854696,172.14260357777798,172.88650512695312,31421021
2012-02-16 00:00:00+05:30,171.71900220765173,171.71900220765173,166.2843366705685,167.88580322265625,27747347
2012-02-17 00:00:00+05:30,169.86956417666215,170.76845624104493,167.42086439172996,169.07398986816406,35922700
2012-02-21 00:00:00+05:30,168.92932594424124,175.38687807552472,168.43338697787433,174.3123321533203,36457910
2012-02-22 00:00:00+05:30,175.23189634812073,177.1743252121492,171.53302436297434,172.21493530273438,25146771
2012-02-23 00:00:00+05:30,171.92563923338093,175.62452517231898,170.80977990410832,173.49612426757812,19105924
2012-02-24 00:00:00+05:30,172.2356017286766,173.93006802257537,168.3094168353209,169.43560791015625,18746068
2012-02-27 00:00:00+05:30,169.81788034927445,170.60312276681714,158.15297636545503,161.4799041748047,27772012
2012-02-28 00:00:00+05:30,163.0503832144848,165.38543323943043,162.771411506804,164.58985900878906,23140014
2012-02-29 00:00:00+05:30,166.35664785076963,171.07840677959007,166.1706759081388,169.60092163085938,27846970
2012-03-01 00:00:00+05:30,167.75149015566012,169.17731652793316,165.54042127317553,167.57583618164062,12960682
2012-03-02 00:00:00+05:30,168.67102568418431,169.03263777632068,166.50128416091167,168.22674560546875,12687228
2012-03-05 00:00:00+05:30,167.80312242747573,168.20607539398446,164.1249006547288,164.79649353027344,13074509
2012-03-06 00:00:00+05:30,164.6931986853693,167.17290767869176,159.9404576000681,160.46739196777344,35129404
2012-03-07 00:00:00+05:30,160.46735763000035,160.6636613311044,155.1876695126799,157.4193878173828,28202989
2012-03-09 00:00:00+05:30,160.20909270015974,161.09765306982166,158.9485883754624,159.89913940429688,17249418
2012-03-12 00:00:00+05:30,163.24669999900541,165.93304436870963,161.118299089325,165.01348876953125,15041933
2012-03-13 00:00:00+05:30,166.02602556623722,169.84889270852406,165.99503024091655,169.43560791015625,16117008
2012-03-14 00:00:00+05:30,171.09903324767006,171.51231793581738,166.69757407914742,168.3093719482422,17623820
2012-03-15 00:00:00+05:30,169.03265704188146,169.69391824533722,163.94928568356212,164.62086486816406,20258209
2012-03-16 00:00:00+05:30,161.1802903296067,164.83784918885118,158.56628217229226,159.5994873046875,25168501
2012-03-19 00:00:00+05:30,161.38695453519057,161.8002393851304,155.2083729270735,156.03494262695312,15978638
2012-03-20 00:00:00+05:30,156.24154679206194,158.36994747880394,155.04303338250207,157.16110229492188,10455362
2012-03-21 00:00:00+05:30,157.0474650629306,159.83711331861525,156.0349235119613,158.71092224121094,14211666
2012-03-22 00:00:00+05:30,158.26661339616558,159.41348160980309,151.26147801163282,152.16036987304688,29243875
2012-03-23 00:00:00+05:30,153.6998822590527,154.87773228029008,152.52201844372226,153.7515411376953,26956646
2012-03-26 00:00:00+05:30,153.72053386970316,153.72053386970316,150.22829738608436,150.86888122558594,23135333
2012-03-27 00:00:00+05:30,152.5013282456893,152.66665042255192,149.83566160303818,151.06517028808594,27194700
2012-03-28 00:00:00+05:30,150.84821598356783,152.06739299933886,148.88512359328857,149.95965576171875,18072694
2012-03-29 00:00:00+05:30,148.36852358463037,150.786227901805,148.36852358463037,149.74269104003906,23976904
2012-03-30 00:00:00+05:30,150.74490810185858,155.60098052134074,150.24896908442406,155.10504150390625,17276879
2012-04-02 00:00:00+05:30,154.84670662578563,155.15667363102605,152.7183060661937,153.02825927734375,11220694
2012-04-03 00:00:00+05:30,153.79286101361606,157.6467235319987,153.79286101361606,155.5389862060547,17515593
2012-04-04 00:00:00+05:30,153.94784493734508,156.42754008363457,153.62755988963448,154.3611297607422,11813695
2012-04-09 00:00:00+05:30,152.9249384378532,154.56774559998183,151.69542980372069,153.35888671875,11411688
2012-04-10 00:00:00+05:30,154.1544603897249,154.36109585899433,152.52198500613616,153.4622039794922,8370104
2012-04-11 00:00:00+05:30,152.70797052424766,152.70797052424766,150.08361730339374,150.91018676757812,16304095
2012-04-12 00:00:00+05:30,151.5301321486492,154.0718316042605,151.5301321486492,153.59654235839844,11779103
2012-04-13 00:00:00+05:30,154.16482292922217,157.46075588045568,152.39803413801758,155.3013458251953,14214624
2012-04-16 00:00:00+05:30,154.38180587463464,155.6939828817292,152.08808250488605,154.5884552001953,10518035
2012-04-17 00:00:00+05:30,155.9728855544832,155.9728855544832,152.9869204187972,154.2371063232422,13893966
2012-04-18 00:00:00+05:30,154.98103162939697,156.38619434385384,153.47255116992665,154.69174194335938,14998238
2012-04-19 00:00:00+05:30,155.7869074318418,155.7869074318418,152.6046249436237,153.25555419921875,18399192
2012-04-20 00:00:00+05:30,152.9249356939177,153.12125318089784,150.43490935575494,151.02383422851562,14922257
2012-04-23 00:00:00+05:30,149.99064511188953,154.10281546932964,149.64968276264645,152.15005493164062,22106609
2012-04-24 00:00:00+05:30,152.70799037261864,153.01794361640674,149.5463707273373,151.90208435058594,16664900
2012-04-25 00:00:00+05:30,151.69544306401363,153.51387674043033,150.44525697951653,152.15005493164062,13586437
2012-04-26 00:00:00+05:30,152.31536685069065,154.77439818496748,151.59211503785485,153.95816040039062,15180399
2012-04-27 00:00:00+05:30,153.18328177356466,154.39212713852052,152.19140370187512,153.3279266357422,12501799
2012-04-30 00:00:00+05:30,152.3980043862603,154.54706845235347,152.3980043862603,153.96847534179688,12147744
2012-05-02 00:00:00+05:30,154.5470714662191,155.27032321408683,152.91460983779749,153.648193359375,12520177
2012-05-03 00:00:00+05:30,152.60466573221117,153.8341883704518,151.91242299568563,152.677001953125,8299657
2012-05-04 00:00:00+05:30,151.55078202432685,152.91461760557362,149.19506852837165,150.1146240234375,16529947
2012-05-07 00:00:00+05:30,147.74856037875466,149.1950499739885,145.7028141583457,147.89321899414062,20084811
2012-05-08 00:00:00+05:30,148.36852316786155,148.5544951170864,144.44233833148942,146.3744354248047,16997816
2012-05-09 00:00:00+05:30,145.0622551249587,146.36410012041603,142.79952749349297,143.6364288330078,16058311
2012-05-10 00:00:00+05:30,144.08069300807333,146.38474748360358,142.69619396804208,143.4401092529297,14838445
2012-05-11 00:00:00+05:30,143.20246172651522,145.2688715735228,142.23124744313088,144.0703582763672,13310297
2012-05-14 00:00:00+05:30,144.2356996881268,145.22757774541364,140.2165285803805,140.7847900390625,17853868
2012-05-15 00:00:00+05:30,140.30951877553127,142.16929363731876,139.29697713639695,140.85711669921875,16170682
2012-05-16 00:00:00+05:30,139.48293800582508,141.0947501146336,139.07998497862295,139.7102508544922,13569502
2012-05-17 00:00:00+05:30,140.5677961075913,142.55155184619022,140.0615253991799,141.58033752441406,15576334
2012-05-18 00:00:00+05:30,139.87557093077245,143.90507395088068,139.48294964601305,142.28294372558594,10341793
2012-05-21 00:00:00+05:30,141.85931103513326,144.7936178710614,141.75599328614115,143.71908569335938,10211280
2012-05-22 00:00:00+05:30,145.5995377407809,145.5995377407809,142.32426822776878,142.80987548828125,12853294
2012-05-23 00:00:00+05:30,141.59070725824722,142.57225361693483,140.42317512789714,141.93165588378906,11301566
2012-05-24 00:00:00+05:30,143.40912493932947,144.64897936386595,141.77666305141108,143.67776489257812,10498664
2012-05-25 00:00:00+05:30,143.61576308383113,143.6777537311284,142.28292278466552,142.8305206298828,13496281
2012-05-28 00:00:00+05:30,142.99585660135284,145.2689023977366,142.99585660135284,144.9899444580078,11265492
2012-05-29 00:00:00+05:30,145.10360295086346,146.67407431305475,144.14272017759944,145.03128051757812,15024360
2012-05-30 00:00:00+05:30,144.57660966346674,146.43638379512552,143.64672259763734,145.94044494628906,15403723
2012-05-31 00:00:00+05:30,145.93191300707136,152.6422587242454,142.86462468841867,147.7324981689453,39482174
2012-06-01 00:00:00+05:30,148.09890502441255,148.53858654405653,141.96432825174813,143.4718017578125,17921568
2012-06-04 00:00:00+05:30,141.74447935773364,145.9319150471686,140.99074959896294,145.04208374023438,14269847
2012-06-05 00:00:00+05:30,145.7225168421436,147.81624140586666,145.53408792075837,147.09390258789062,13284608
2012-06-06 00:00:00+05:30,147.4917332312229,150.32871961191296,146.24596657823656,149.8890380859375,23252900
2012-06-07 00:00:00+05:30,150.96729743251882,153.23898297333886,149.96231508686301,151.00917053222656,27944820
2012-06-08 00:00:00+05:30,150.32870484110063,153.23896886077762,149.13527968033358,152.77835083007812,12717493
2012-06-11 00:00:00+05:30,153.4064602438023,154.18114046466948,150.34964040857915,151.21852111816406,9954345
2012-06-12 00:00:00+05:30,149.70058552405825,152.00367575560813,149.57496623224668,151.36509704589844,11961991
2012-06-13 00:00:00+05:30,151.2185155618741,151.57445083754564,149.15620977508087,149.97276306152344,9950023
2012-06-14 00:00:00+05:30,149.90996792794826,150.91495023482682,148.87358079750067,149.98324584960938,7479627
2012-06-15 00:00:00+05:30,150.4333983103339,152.79929827635544,150.4333983103339,152.16070556640625,9936719
2012-06-18 00:00:00+05:30,152.9144402687087,153.7833349709596,149.07247186650747,150.5171356201172,10034412
2012-06-19 00:00:00+05:30,150.11935042459405,154.80927770554604,150.11935042459405,154.4010009765625,7804051
2012-06-20 00:00:00+05:30,154.51612221397122,155.55250926197854,153.4692668922736,154.3905029296875,10313366
2012-06-21 00:00:00+05:30,153.67863968902057,153.67863968902057,148.73746098145205,150.47525024414062,22609240
2012-06-22 00:00:00+05:30,149.39702469700052,149.67966813976503,147.3033136600677,148.86312866210938,19130296
2012-06-25 00:00:00+05:30,149.53311351439885,151.3651176749995,149.0724954053126,149.9518585205078,11114641
2012-06-26 00:00:00+05:30,150.22403535350324,151.89901539648852,149.58545654969166,151.4802703857422,16084241
2012-06-27 00:00:00+05:30,152.08742869152968,152.75742623022458,150.3287165992089,151.27088928222656,7708056
2012-06-28 00:00:00+05:30,151.66866002430564,152.38053055089082,150.04603575769622,150.72650146484375,11903391
2012-06-29 00:00:00+05:30,151.8152461315499,155.12331863530534,151.8152461315499,154.48472595214844,16771028
2012-07-02 00:00:00+05:30,153.9926945531224,155.10235951696188,152.8725613155926,154.3905029296875,6831968
2012-07-03 00:00:00+05:30,154.92439923952554,155.48969999650504,153.11333198138138,154.17066955566406,10294922
2012-07-04 00:00:00+05:30,154.93485159632965,154.93485159632965,152.60035691589815,153.73097229003906,9347118
2012-07-05 00:00:00+05:30,153.87755592515214,155.43737075952757,153.27038202592118,154.66270446777344,7805552
2012-07-06 00:00:00+05:30,154.51611308022825,154.51611308022825,152.73646472907404,153.85659790039062,9259557
2012-07-09 00:00:00+05:30,152.63178154032133,153.6367637968606,152.02460767206506,153.21803283691406,7798797
2012-07-10 00:00:00+05:30,153.14473401671336,155.35360961220525,153.0086464608852,154.87205505371094,5974354
2012-07-11 00:00:00+05:30,153.56349745902966,154.22302672334786,151.166192650887,151.93040466308594,11937173
2012-07-12 00:00:00+05:30,151.14525885263046,152.79930220459394,150.14027650201206,150.9987030029297,10066480
2012-07-13 00:00:00+05:30,150.7474728879014,152.10837666438835,149.70060340211288,150.43341064453125,11373177
2012-07-16 00:00:00+05:30,150.74747707387337,151.61635794646457,149.71107583487372,150.8207550048828,7307313
2012-07-17 00:00:00+05:30,151.7524425123588,152.41195779391302,150.18214540411645,150.61135864257812,11396875
2012-07-18 00:00:00+05:30,150.32872110788585,151.1347922665831,149.1143592677893,149.86810302734375,8552746
2012-07-19 00:00:00+05:30,150.78933450510152,152.8202357159137,150.32871643886563,152.38055419921875,11681226
2012-07-20 00:00:00+05:30,151.22901394772882,152.60038587652318,150.12980318289948,151.3022918701172,12406980
2012-07-23 00:00:00+05:30,149.70058080702117,151.96179787005002,149.34465949143674,150.53807067871094,10221032
2012-07-24 00:00:00+05:30,150.9568138484412,152.18162984334901,150.40198135724643,151.6896209716797,8035118
2012-07-25 00:00:00+05:30,150.83122316366817,151.7001180119212,149.10390174301241,150.59043884277344,8748220
2012-07-26 00:00:00+05:30,150.93588374652347,150.93588374652347,147.95234170949598,148.6851348876953,14016845
2012-07-27 00:00:00+05:30,150.53805746906386,152.17114999685538,149.94135192778742,150.95680236816406,13466410
2012-07-30 00:00:00+05:30,151.3755767866703,153.2180491114745,151.13479248279157,152.75743103027344,6963876
2012-07-31 00:00:00+05:30,153.17617328685665,156.21205687294625,150.95682912120623,155.68862915039062,13479810
2012-08-01 00:00:00+05:30,154.9872419873081,157.21705464670345,154.6417749045654,156.34815979003906,14431906
2012-08-02 00:00:00+05:30,155.37456371104108,156.5261018815668,154.25443036463872,154.84066772460938,7974567
2012-08-03 00:00:00+05:30,153.88801398032246,156.60984903607974,152.9563096561158,155.46876525878906,10943814
2012-08-06 00:00:00+05:30,156.62033395005133,165.27783493116974,156.62033395005133,164.57644653320312,37384710
2012-08-07 00:00:00+05:30,164.57644904053862,166.64922341750324,162.8386594670687,164.0948944091797,19670296
2012-08-08 00:00:00+05:30,164.3670750213781,167.28780773186975,163.843647272197,165.5709686279297,18370923
2012-08-09 00:00:00+05:30,165.17312925554006,166.7434122090477,162.60833236717758,163.34112548828125,12750067
2012-08-10 00:00:00+05:30,162.8177157695251,165.19408399667498,162.08492256771308,163.74942016601562,10678248
2012-08-13 00:00:00+05:30,163.2050459717773,165.40343941970715,163.2050459717773,165.01611328125,6183560
2012-08-14 00:00:00+05:30,164.96379134643146,167.9159288237252,164.77534841567382,167.40296936035156,16508712
2012-08-16 00:00:00+05:30,167.9264024673922,172.07195140789267,167.30874625548054,170.8785400390625,21632112
2012-08-17 00:00:00+05:30,171.2449304323037,172.71053094895967,169.51762302499628,170.86807250976562,14330179
2012-08-21 00:00:00+05:30,170.847101180498,172.50113032172516,170.0724209891934,170.48069763183594,11057384
2012-08-22 00:00:00+05:30,169.42340522914543,170.7424358848903,168.69059799698877,169.13027954101562,8748439
2012-08-23 00:00:00+05:30,169.70604092228893,169.88401557266485,164.97425486077572,166.3456268310547,16661033
2012-08-24 00:00:00+05:30,165.76985307874185,166.3456221608087,163.03756351350296,163.74942016601562,15117604
2012-08-27 00:00:00+05:30,164.5659893697733,166.70157350905237,164.04256161061008,164.8486328125,9154343
2012-08-28 00:00:00+05:30,164.74395583012293,166.2200246784391,163.00618008122044,165.4453582763672,8774153
2012-08-29 00:00:00+05:30,165.6128282052102,166.9737458324779,163.3725475587028,163.7598876953125,8842299
2012-08-30 00:00:00+05:30,163.25740964413438,165.79080218287552,160.92291433879902,164.02162170410156,27245709
2012-08-31 00:00:00+05:30,163.30973476840163,164.23097086832144,159.68761399146013,160.4622802734375,14781765
2012-09-03 00:00:00+05:30,160.79729727006483,161.20557399433326,159.13279952256295,159.7609100341797,9790138
2012-09-04 00:00:00+05:30,159.94933001535426,163.55052842615015,159.58294039034257,163.2259979248047,8754970
2012-09-05 00:00:00+05:30,162.31524420452422,163.29929009305607,160.00168534598214,161.45681762695312,13179587
2012-09-06 00:00:00+05:30,160.44131824652968,162.17910742640228,159.95976372423954,160.83912658691406,5302686
2012-09-07 00:00:00+05:30,163.03756214231078,166.76436572059475,162.99568904406422,165.7698516845703,13821905
2012-09-10 00:00:00+05:30,167.49718378805312,168.19857220564165,165.22549817873536,165.83267211914062,8776096
2012-09-11 00:00:00+05:30,165.2987460510285,166.62825869411262,163.97971565761654,165.61280822753906,13658914
2012-09-12 00:00:00+05:30,166.13627118854632,167.4343792875681,165.2883129151395,167.09938049316406,7772894
2012-09-13 00:00:00+05:30,167.09934960339032,169.27680642365505,166.30373285488338,167.31918334960938,11677889
2012-09-14 00:00:00+05:30,170.21899426876482,177.06544150512147,169.49666934721705,176.23843383789062,36312698
2012-09-17 00:00:00+05:30,177.56794500795735,184.58189910145813,177.56794500795735,182.93832397460938,42430663
2012-09-18 00:00:00+05:30,182.1950170528935,182.96968320811806,178.23789816627257,179.13818359375,17296128
2012-09-20 00:00:00+05:30,176.01858146676835,177.60980108830958,173.41191128613607,174.30174255371094,15310116
2012-09-21 00:00:00+05:30,174.40641344202348,178.94976996338323,174.19703399406075,178.02853393554688,35935601
2012-09-24 00:00:00+05:30,177.96571040869713,179.59880288898887,174.35405847054597,175.1077880859375,14905003
2012-09-25 00:00:00+05:30,175.4532833075685,176.8770105617543,173.83065883883518,175.81968688964844,13838236
2012-09-26 00:00:00+05:30,175.45328761641613,177.90293377951747,174.58439286306933,176.86654663085938,16657879
2012-09-27 00:00:00+05:30,176.9607450855054,177.54698239236603,172.57441259331,173.74688720703125,30420370
2012-09-28 00:00:00+05:30,175.24392401985938,177.52606383602625,174.68907750171326,175.28579711914062,14117613
2012-10-01 00:00:00+05:30,175.87202598833093,176.35358058313417,173.6212771290328,174.5111083984375,8712229
2012-10-03 00:00:00+05:30,174.71002240797745,178.68809281698543,174.66814930669338,177.14920043945312,21902919
2012-10-04 00:00:00+05:30,178.08089885320106,179.82915667783334,177.77731887919225,178.5729217529297,12626615
2012-10-05 00:00:00+05:30,180.03851267846008,180.47819418016238,142.86462201096674,179.5988311767578,15714795
2012-10-08 00:00:00+05:30,178.91838188099769,178.91838188099769,170.8994599460607,171.55897521972656,20893020
2012-10-09 00:00:00+05:30,172.83617502497228,173.08741365568542,170.23995864958235,170.70057678222656,11601732
2012-10-10 00:00:00+05:30,169.80025278512142,172.16615276765617,169.04652302444163,170.8471221923828,9380939
2012-10-11 00:00:00+05:30,171.4752360759452,172.10334655176257,169.4443348222788,171.67413330078125,11857119
2012-10-12 00:00:00+05:30,171.43336337672613,173.02458310813952,170.85759427451967,171.4542999267578,10626525
2012-10-15 00:00:00+05:30,171.47525335749202,173.75740741728555,171.47525335749202,172.32321166992188,11181159
2012-10-16 00:00:00+05:30,175.64172256739445,175.8615703200932,169.59089186384261,170.10385131835938,22171959
2012-10-17 00:00:00+05:30,170.8575778095416,171.14022120773194,167.82168051316083,168.57542419433594,20915414
2012-10-18 00:00:00+05:30,169.01512464335823,170.84712870548756,166.8690583494442,169.8630828857422,26601633
2012-10-19 00:00:00+05:30,169.10932336591384,169.69556069780796,167.36106566810386,168.08340454101562,12648708
2012-10-22 00:00:00+05:30,166.4921837830259,171.04600881838564,165.75937664096764,170.7633514404297,14165351
2012-10-23 00:00:00+05:30,170.32369060714888,170.5958797439815,168.502168757893,169.58042907714844,9493730
2012-10-25 00:00:00+05:30,169.61181193774306,171.41241097934014,169.00463806662327,169.67462158203125,18056661
2012-10-29 00:00:00+05:30,167.98919210606192,170.51211610201267,167.98919210606192,169.84213256835938,10986118
2012-10-30 00:00:00+05:30,169.59085580820556,169.96772760675393,167.31917072040835,168.17759704589844,9337388
2012-10-31 00:00:00+05:30,168.1566740599575,169.0360370020359,167.07841391789316,168.64869689941406,9422473
2012-11-01 00:00:00+05:30,166.4502662904926,169.33959303887318,165.13122217240664,168.98365783691406,18379112
2012-11-02 00:00:00+05:30,170.00960970892214,170.6167835421172,168.02058185869726,169.16165161132812,11547717
2012-11-05 00:00:00+05:30,168.26137757271482,169.37105664917956,167.88450569724253,168.78480529785156,5066549
2012-11-06 00:00:00+05:30,168.33463545562304,169.04650602190813,166.7120110985223,168.6382293701172,15450143
2012-11-07 00:00:00+05:30,167.9159246819062,168.60684480741412,167.07843473023868,167.67514038085938,10418019
2012-11-08 00:00:00+05:30,166.0315790634357,167.14124416333786,165.3511132374629,166.78530883789062,12414461
2012-11-09 00:00:00+05:30,166.10486330972793,168.22997911564306,164.35660541721484,164.91143798828125,10595311
2012-11-12 00:00:00+05:30,164.53459498121296,165.27785657631765,163.1003991962701,164.70208740234375,12661154
2012-11-15 00:00:00+05:30,165.1626736755015,165.1626736755015,162.6920910587347,164.27284240722656,15252390
2012-11-16 00:00:00+05:30,164.85910906507183,165.9583199912037,161.42541664922976,162.2943115234375,14357871
2012-11-19 00:00:00+05:30,162.31527606557597,162.9433867200086,159.40501093237472,162.1163787841797,20723808
2012-11-20 00:00:00+05:30,163.4563065710095,163.4563065710095,159.58294683023254,160.24246215820312,9434023
2012-11-21 00:00:00+05:30,160.4832089406765,162.0325693812085,159.3526074082705,161.46725463867188,8612899
2012-11-22 00:00:00+05:30,161.85459556867136,161.9906971062185,159.41541785910024,160.3471221923828,10486909
2012-11-23 00:00:00+05:30,160.37850625327277,162.43034358513938,160.37850625327277,162.0011444091797,7469469
2012-11-26 00:00:00+05:30,162.2419301665117,163.19457101529505,161.42537687431653,161.98020935058594,4542818
2012-11-27 00:00:00+05:30,162.68162181648214,164.98471203072558,162.05351138580997,164.73345947265625,10808581
2012-11-29 00:00:00+05:30,164.56596996208035,168.33464658833847,163.86456762313807,167.1412353515625,19614256
2012-11-30 00:00:00+05:30,166.67015399234398,169.17214153542145,165.40345082053702,166.17813110351562,18244916
2012-12-03 00:00:00+05:30,166.4503092460876,168.96276489821088,165.35109854251243,168.3346405029297,10320168
2012-12-04 00:00:00+05:30,168.78479846710934,172.87801960410087,168.7533936434522,172.66864013671875,15279225
2012-12-05 00:00:00+05:30,173.41194016206413,175.26488092580996,171.8102519995226,174.3227081298828,13516432
2012-12-06 00:00:00+05:30,175.0240856593181,177.09686009024736,172.10335296979574,176.68858337402344,11534903
2012-12-07 00:00:00+05:30,176.09185990095742,177.90292726427396,173.87252983902115,174.74142456054688,13188809
2012-12-10 00:00:00+05:30,174.74142302220076,175.44281137204027,171.94630994440598,173.42237854003906,8177837
2012-12-11 00:00:00+05:30,174.19705594225528,175.52656878361623,170.53306189275608,171.695068359375,16253418
2012-12-12 00:00:00+05:30,172.7314742670409,174.78332625181022,171.54853112228216,174.3227081298828,10123422
2012-12-13 00:00:00+05:30,174.32268353622345,176.08139559118607,173.8620654792806,174.6681365966797,11603084
2012-12-14 00:00:00+05:30,174.720467105141,177.295746344597,173.4642462834717,175.71498107910156,8950431
2012-12-17 00:00:00+05:30,174.72046419543497,176.79325227643739,173.9876710577204,174.64718627929688,7246381
2012-12-18 00:00:00+05:30,174.72047337353857,175.75687445664886,172.94082481627018,174.07142639160156,7996183
2012-12-19 00:00:00+05:30,174.86701930745875,176.51058007456763,174.6262350554795,175.76731872558594,8718992
2012-12-20 00:00:00+05:30,176.28030144050828,176.28030144050828,173.6736172962576,175.421875,9577572
2012-12-21 00:00:00+05:30,174.40642263745343,174.72047086145565,172.1452055429677,172.78379821777344,9402708
2012-12-24 00:00:00+05:30,172.85709569161406,173.22348532773208,170.76337074640477,171.8311767578125,5704037
2012-12-26 00:00:00+05:30,172.1033802281267,175.01364510320516,172.1033802281267,173.41195678710938,5823779
2012-12-27 00:00:00+05:30,173.84116887677993,174.19709029358194,170.6587148451273,171.2030792236328,16101867
2012-12-28 00:00:00+05:30,172.41737760149977,177.12822628282174,172.00910097432538,175.92434692382812,14550602
2012-12-31 00:00:00+05:30,175.93484089187163,177.92386897641225,175.2020337152858,175.77781677246094,9730755
2013-01-01 00:00:00+05:30,176.7095192757598,177.2538835268922,175.68358644425263,176.01858520507812,6831351
2013-01-02 00:00:00+05:30,176.70952186584722,179.22197766802813,176.4059279241179,177.53652954101562,13441898
2013-01-03 00:00:00+05:30,177.67263214030993,180.47821384686407,176.8351561196341,180.2165069580078,17266808
2013-01-04 00:00:00+05:30,180.45727613681515,181.02257698945,178.70903220147548,180.44680786132812,13306377
2013-01-07 00:00:00+05:30,181.2528770913181,182.36254214805552,178.34261290377316,179.34759521484375,15307180
2013-01-08 00:00:00+05:30,179.03354159201257,179.66166604882167,177.5260680530741,178.10183715820312,13973797
2013-01-09 00:00:00+05:30,178.4682267314771,180.0280415231339,177.68309218669276,178.53103637695312,17071824
2013-01-10 00:00:00+05:30,179.58836778032642,179.83962034940984,177.33763281494726,177.97621154785156,9239813
2013-01-11 00:00:00+05:30,178.48917997474067,178.59386272699206,175.08689269222202,175.85110473632812,8050294
2013-01-14 00:00:00+05:30,176.0814336316763,178.5938899503652,175.66268858250524,177.45281982421875,7060887
2013-01-15 00:00:00+05:30,177.15968482925354,178.34264197713756,175.4533138677086,177.3690643310547,10387846
2013-01-16 00:00:00+05:30,177.1386973391878,182.3415828905544,177.1386973391878,180.3420867919922,19551254
2013-01-17 00:00:00+05:30,180.49912672159712,187.08386685019082,180.00710385875098,186.34059143066406,22117537
2013-01-18 00:00:00+05:30,187.38745380453636,189.0519653668753,185.42983055417213,188.4761962890625,22754714
2013-01-21 00:00:00+05:30,196.41136238351922,199.94973684941422,192.21345869931108,192.61126708984375,43957346
2013-01-22 00:00:00+05:30,192.62173387446057,194.86201438718984,191.69002953784735,192.6322021484375,18664413
2013-01-23 00:00:00+05:30,193.06143297648262,194.4642237464087,191.8261346054725,193.2603302001953,11701950
2013-01-24 00:00:00+05:30,193.66860809755389,194.3700104750256,189.89991728793967,191.69004821777344,13438049
2013-01-25 00:00:00+05:30,191.83662231024516,192.06693835841676,189.50214085857027,190.98867797851562,14088477
2013-01-28 00:00:00+05:30,190.8106839398071,191.18755581361495,187.387460203417,187.92135620117188,13400981
2013-01-29 00:00:00+05:30,187.3874426040181,188.85304288554636,184.26781310992237,184.8435821533203,15439403
2013-01-30 00:00:00+05:30,185.81715107703272,189.14615987400546,185.81715107703272,188.3086700439453,17641932
2013-01-31 00:00:00+05:30,187.7329167063006,188.01557408986164,184.8959305016857,185.6392059326172,16733589
2013-02-01 00:00:00+05:30,186.6232375937722,188.39241775305337,185.00059928788534,187.17807006835938,8152817
2013-02-04 00:00:00+05:30,187.60728124161002,188.6436682647688,185.10529400794732,185.649658203125,13697044
2013-02-05 00:00:00+05:30,185.0843765102694,185.48217094190528,182.7812862349158,183.14768981933594,9708430
2013-02-06 00:00:00+05:30,184.34111826428898,184.8540777397979,182.3206851887333,183.3361358642578,9876509
2013-02-07 00:00:00+05:30,182.48818682363768,184.6656581180269,181.8077349058303,182.7603759765625,8542570
2013-02-08 00:00:00+05:30,182.14271550090996,182.9906597502863,179.43134842416256,180.802734375,9584217
2013-02-11 00:00:00+05:30,181.10633605078203,183.2000611785065,180.18511376618738,181.81820678710938,8329895
2013-02-12 00:00:00+05:30,181.86003977333053,184.32015402640585,181.14818317037697,183.2942352294922,9728703
2013-02-13 00:00:00+05:30,185.08436142252006,185.92183729192362,182.6765885982765,184.03750610351562,10533233
2013-02-14 00:00:00+05:30,184.24688021703247,184.96920511001227,178.1751134915381,179.23243713378906,12284945
2013-02-15 00:00:00+05:30,178.9916464796806,179.51507414509456,174.63671879952972,177.08636474609375,14390520
2013-02-18 00:00:00+05:30,177.54700452798917,178.92885876551443,176.54202216912267,177.44232177734375,5310071
2013-02-19 00:00:00+05:30,177.75640111146527,179.01262219276947,174.66816183589137,177.63076782226562,9677020
2013-02-20 00:00:00+05:30,179.63025101650658,184.0061015573726,179.34759362937035,183.1581573486328,14873246
2013-02-21 00:00:00+05:30,181.94379015573944,183.5768968303498,178.72994612999673,179.89195251464844,16214530
2013-02-22 00:00:00+05:30,179.74539437780552,182.57189824707447,179.64071163752405,180.60382080078125,9725304
2013-02-25 00:00:00+05:30,180.8969281053069,181.09582530703878,178.1751070420454,178.87649536132812,9878487
2013-02-26 00:00:00+05:30,177.9029338635219,177.9029338635219,171.42289012450482,172.4174041748047,13474915
2013-02-27 00:00:00+05:30,173.77831619929597,176.07092419243654,173.1815966073361,174.0504913330078,17709146
2013-02-28 00:00:00+05:30,175.28579675039865,175.777819642253,168.70105623358805,170.39697265625,27667849
2013-03-01 00:00:00+05:30,170.8471102044125,171.370537883148,168.64870277265632,169.67462158203125,13906688
2013-03-04 00:00:00+05:30,169.36058758529697,171.3182109020366,168.5230976384453,170.13525390625,14948007
2013-03-05 00:00:00+05:30,171.49614232772512,174.70998604029728,171.49614232772512,173.0140838623047,13159371
2013-03-06 00:00:00+05:30,174.1761153454928,175.5370329799343,173.08738682847346,174.8775177001953,10778102
2013-03-07 00:00:00+05:30,174.04002442091303,176.18607658962213,172.53255097032203,175.13922119140625,10529882
2013-03-08 00:00:00+05:30,176.5001559231001,178.94980226500908,175.8720454185002,178.23794555664062,10131948
2013-03-11 00:00:00+05:30,178.4054287023777,180.18509134541247,175.88250456314714,176.814208984375,10569010
2013-03-12 00:00:00+05:30,178.07038110141818,178.9078708186576,176.61524935647196,177.5155487060547,8552523
2013-03-13 00:00:00+05:30,176.33266213799706,179.34760930812584,175.9139171460899,176.9188995361328,9401899
2013-03-14 00:00:00+05:30,176.70951585902634,180.78178637743252,174.87751194892553,180.06991577148438,14790357
2013-03-15 00:00:00+05:30,181.05398381895805,182.02756140269338,175.51611228536404,176.63624572753906,12793329
2013-03-18 00:00:00+05:30,174.82518921710812,176.60483796905504,173.94582612839588,174.67861938476562,8023328
2013-03-19 00:00:00+05:30,175.16015482745243,175.66264596929315,169.98868756910596,172.7314453125,17970333
2013-03-20 00:00:00+05:30,173.6526992743498,173.7364454772201,170.29228504983018,172.24990844726562,20179135
2013-03-21 00:00:00+05:30,172.73145596988815,174.36456276388242,168.4916928136635,170.13525390625,16660114
2013-03-22 00:00:00+05:30,169.23493712512803,171.8939625446581,168.40792951351588,169.71649169921875,11876985
2013-03-25 00:00:00+05:30,171.81022126622102,172.38599032155298,167.9682528375082,169.43385314941406,14058667
2013-03-26 00:00:00+05:30,168.02059986636328,168.54402756850348,163.309736570767,164.01113891601562,19465627
2013-03-28 00:00:00+05:30,164.35658867483545,164.55549986298203,160.04353387379032,161.8231964111328,26513604
2013-04-01 00:00:00+05:30,163.51910570898386,165.57094328987895,162.01163234487723,163.0480194091797,8326610
2013-04-02 00:00:00+05:30,163.35164012800766,166.76439609095794,162.95383164588392,166.22003173828125,11110756
2013-04-03 00:00:00+05:30,167.0365758980498,167.28781451920904,161.42541230945773,162.58743286132812,9321547
2013-04-04 00:00:00+05:30,161.73946643651965,162.8805364029636,160.00167682212881,160.7030792236328,11915658
2013-04-05 00:00:00+05:30,161.00667647547408,163.8122584296924,160.73450128703715,163.33070373535156,12989770
2013-04-08 00:00:00+05:30,162.91193205244835,166.3142191857587,162.89099550291624,165.27783203125,8878601
2013-04-09 00:00:00+05:30,165.84314442939345,166.57595166687457,161.4463429335141,162.67117309570312,13081885
2013-04-10 00:00:00+05:30,163.33065311531473,164.13673810699646,161.55100473654042,163.18409729003906,12190258
2013-04-11 00:00:00+05:30,164.14723363976142,164.37753568915463,159.9912026886959,161.4463348388672,11428531
2013-04-12 00:00:00+05:30,160.5879074356302,163.3934747499656,160.16916249919694,162.33615112304688,11349794
2013-04-15 00:00:00+05:30,161.85459444000008,167.48669349617873,161.85459444000008,166.1571807861328,16184406
2013-04-16 00:00:00+05:30,166.86904257527212,169.59087772321624,164.4403330810402,168.53355407714844,17774606
2013-04-17 00:00:00+05:30,168.7220055533776,169.507154175345,161.0485499004235,161.99072265625,32105722
2013-04-18 00:00:00+05:30,162.57695285747582,164.39847465848837,161.77086772006666,163.64474487304688,13793320
2013-04-22 00:00:00+05:30,164.5659853636533,166.38750721255775,162.95381504644746,165.3511199951172,12790893
2013-04-23 00:00:00+05:30,165.71750651102042,168.71151682498754,164.5764366573036,168.27183532714844,12356228
2013-04-25 00:00:00+05:30,169.08841893909133,173.06647570391527,169.08841893909133,171.61134338378906,25921526
2013-04-26 00:00:00+05:30,170.21899987543563,172.73145573625735,165.34064400257574,165.90594482421875,20852076
2013-04-29 00:00:00+05:30,166.05255800467623,167.26690616432626,165.0789802308915,165.95834350585938,20968563
2013-04-30 00:00:00+05:30,166.16766598970727,166.79577646202466,162.7130374274591,165.02659606933594,17548959
2013-05-02 00:00:00+05:30,164.85909175425618,168.96278136630517,164.02161577281237,168.10435485839844,27236264
2013-05-03 00:00:00+05:30,168.12528011134853,170.82617875434812,166.42937773595418,167.6018524169922,12917135
2013-05-06 00:00:00+05:30,167.9577899682973,172.72098065302237,167.9577899682973,172.01959228515625,9358282
2013-05-07 00:00:00+05:30,171.99863839615978,175.01358500635155,171.61129830235743,173.39096069335938,16529868
2013-05-08 00:00:00+05:30,173.79926079869367,174.38549816710116,172.1138126411454,173.7050323486328,11858396
2013-05-09 00:00:00+05:30,173.44330796643106,174.12375973986644,170.63772672960994,171.28677368164062,8182539
2013-05-10 00:00:00+05:30,172.63251160903545,173.8615217831208,171.4670828767367,172.26168823242188,9081731
2013-05-13 00:00:00+05:30,172.34643323006713,174.92099345221348,169.26333466666713,170.15330505371094,9087230
2013-05-14 00:00:00+05:30,169.63416285223155,171.42469822611395,168.58527420365945,169.1256103515625,8828077
2013-05-15 00:00:00+05:30,169.94139494395213,173.9250579946389,169.94139494395213,173.54364013671875,11255447
2013-05-16 00:00:00+05:30,172.90798643118703,178.7987116159195,172.80202679002812,178.13124084472656,15197535
2013-05-17 00:00:00+05:30,178.13124495356567,178.98943178269903,174.4548371350024,177.03997802734375,12484982
2013-05-20 00:00:00+05:30,177.44261702196866,181.17199826147527,175.6097029850776,176.11825561523438,13237846
2013-05-21 00:00:00+05:30,176.10760717218588,177.99349339084853,174.87861125244987,175.57786560058594,10594235
2013-05-22 00:00:00+05:30,175.89572550764424,176.7221144819042,172.3782220490223,173.49069213867188,12579289
2013-05-23 00:00:00+05:30,171.98623040219374,172.90798449897113,165.3008716356445,166.22262573242188,12798137
2013-05-24 00:00:00+05:30,168.11907738163322,168.39453562076653,165.1101409769442,166.64639282226562,7975390
2013-05-27 00:00:00+05:30,170.1003424040889,176.4678504804269,169.72951902999407,175.51431274414062,18956469
2013-05-28 00:00:00+05:30,175.87453364426034,179.4555901962178,175.0693196359231,178.7139434814453,21734556
2013-05-29 00:00:00+05:30,178.0994447988722,180.07008747133654,176.60557097119522,179.66748046875,25752389
2013-05-30 00:00:00+05:30,179.0529923804701,179.26488336989286,175.8745426695735,177.3154296875,18225094
2013-05-31 00:00:00+05:30,176.74329300418793,177.0929272482951,169.9625981057178,170.85255432128906,17159386
2013-06-03 00:00:00+05:30,170.30160562732598,170.65123983441885,166.39210450004262,166.95364379882812,14165128
2013-06-04 00:00:00+05:30,167.52578890719352,169.47524249282245,165.0995664741026,165.32205200195312,14752690
2013-06-05 00:00:00+05:30,165.38563873633973,170.42880022127386,165.38563873633973,169.94143676757812,12748842
2013-06-06 00:00:00+05:30,169.51760244135994,170.34399131506126,166.99602933918928,167.82241821289062,17113393
2013-06-07 00:00:00+05:30,168.2885810305085,169.94138695549438,165.4915498753956,166.04248046875,9420701
2013-06-10 00:00:00+05:30,167.1867634440317,168.56409735907062,165.70348403051125,167.26092529296875,11361378
2013-06-11 00:00:00+05:30,166.02132338544945,167.7164936807024,164.2837607487592,166.46630859375,13242164
2013-06-12 00:00:00+05:30,165.92596354915597,168.98787295256673,165.74584207870998,167.5681610107422,12774566
2013-06-13 00:00:00+05:30,165.9153752586632,168.01315253238232,165.39621406978807,167.35626220703125,9726275
2013-06-14 00:00:00+05:30,168.71241579320463,173.72377916429247,168.69122669416942,172.62191772460938,17575615
2013-06-17 00:00:00+05:30,172.8020197366468,175.4295528055277,171.86967111800203,174.9315948486328,11089648
2013-06-18 00:00:00+05:30,174.53956521369642,177.46374537226095,173.21520426034627,174.4759979248047,15658352
2013-06-19 00:00:00+05:30,174.17938746456366,176.56323222106732,172.6749187518924,176.2347869873047,17331546
2013-06-20 00:00:00+05:30,173.31058561545797,173.31058561545797,168.45815440730865,169.09384155273438,17422410
2013-06-21 00:00:00+05:30,169.49645275796877,171.7107703437603,166.0425303560003,168.00257873535156,20486223
2013-06-24 00:00:00+05:30,167.39863519330848,168.70180710957015,164.96183242871433,167.96017456054688,16311628
2013-06-25 00:00:00+05:30,169.45406299255296,173.7343741682706,168.45814704544082,170.3228302001953,19232377
2013-06-26 00:00:00+05:30,171.52004593773668,172.57952911543453,169.75069969533078,170.2804412841797,16661304
2013-06-27 00:00:00+05:30,173.0139440272161,177.3472424305246,172.56895876699193,175.8745574951172,25751492
2013-06-28 00:00:00+05:30,184.24445520484062,184.9861019260097,179.2648757167348,182.78237915039062,48133694
2013-07-01 00:00:00+05:30,182.65527200729485,188.16459434572388,181.30972154074905,187.67723083496094,20497553
2013-07-02 00:00:00+05:30,187.1262452216732,188.96975321060077,184.08552498173017,184.74240112304688,17779689
2013-07-03 00:00:00+05:30,182.33740610184915,182.94130958110617,179.80522384799255,180.29258728027344,12816463
2013-07-04 00:00:00+05:30,180.769345470751,184.4775508146148,179.55094403457744,182.58106994628906,13233510
2013-07-05 00:00:00+05:30,183.57698990141614,187.47589721506876,183.57698990141614,186.54354858398438,12756629
2013-07-08 00:00:00+05:30,184.35039728094117,185.08143523853622,181.83941867801636,183.7041015625,14253091
2013-07-09 00:00:00+05:30,184.15970214855776,186.8508025176404,183.72531148599165,185.36752319335938,12922258
2013-07-10 00:00:00+05:30,185.25097495705108,186.43760694154372,177.78160534968922,181.3838653564453,22237458
2013-07-11 00:00:00+05:30,183.29093098483236,185.04968283102116,182.07252946819892,184.36102294921875,11368001
2013-07-12 00:00:00+05:30,185.2509562919627,189.85972633155825,184.2656349931422,188.57774353027344,14371976
2013-07-15 00:00:00+05:30,187.74076794167635,190.68613763529459,187.74076794167635,190.03985595703125,12913233
2013-07-16 00:00:00+05:30,187.95267030358002,191.65026711808696,187.1156725976765,190.83447265625,12974694
2013-07-17 00:00:00+05:30,191.3430151660719,194.50027564232482,191.3430151660719,193.87518310546875,23132227
2013-07-18 00:00:00+05:30,194.52146706526102,194.93466862674012,192.65676983649664,194.362548828125,12303560
2013-07-19 00:00:00+05:30,194.74397243434802,196.61925012214186,193.47258406532214,195.7292938232422,14298611
2013-07-22 00:00:00+05:30,193.88577851445632,193.88577851445632,190.4848292508305,192.62498474121094,16958736
2013-07-23 00:00:00+05:30,193.2607139648254,196.00477329413175,192.24360881764144,192.73097229003906,12430954
2013-07-24 00:00:00+05:30,192.40250003053197,194.2883863514399,189.6796160402491,192.6885528564453,13788582
2013-07-25 00:00:00+05:30,191.96811064133118,193.29247172335064,185.92904787079726,188.7472686767578,15831296
2013-07-26 00:00:00+05:30,189.05452310373258,191.49134011809537,187.62421654237232,188.62013244628906,9565406
2013-07-29 00:00:00+05:30,187.96329786853138,190.4213045252085,187.00975994986786,187.67723083496094,9151355
2013-07-30 00:00:00+05:30,187.96325253247218,189.0121411610282,180.9388685988545,181.66990661621094,11393034
2013-07-31 00:00:00+05:30,181.94538129427582,186.40581373078294,178.54443204837455,184.78480529785156,15795755
2013-08-01 00:00:00+05:30,185.4417021313885,187.07330529501706,179.0212208338206,180.11248779296875,11071339
2013-08-02 00:00:00+05:30,182.2314318515543,184.76359975749995,180.11246549669062,181.66990661621094,12821918
2013-08-05 00:00:00+05:30,182.2314607936202,184.9649397072635,181.33090985122485,182.55990600585938,12559130
2013-08-06 00:00:00+05:30,181.9030199740573,183.121421512812,175.90633494034472,178.21600341796875,12415511
2013-08-07 00:00:00+05:30,179.05300531106434,186.8614151540035,176.08644637535576,184.8695831298828,18794821
2013-08-08 00:00:00+05:30,183.78890927004696,184.86958167549548,181.62755031422319,183.42868041992188,11367214
2013-08-12 00:00:00+05:30,184.13851560378222,184.9543241941744,178.08885818144284,179.1907196044922,8728866
2013-08-13 00:00:00+05:30,178.62919710238435,182.22084840458518,176.93402674419923,180.7269744873047,11537003
2013-08-14 00:00:00+05:30,181.383862745752,183.92662532602927,179.57213821889943,183.29092407226562,11260259
2013-08-16 00:00:00+05:30,183.29092909023387,183.71472522270332,173.151662139737,175.17527770996094,27321905
2013-08-19 00:00:00+05:30,174.3912612186236,176.72211865404034,171.1174464568001,173.80853271484375,16150138
2013-08-20 00:00:00+05:30,171.86967557916157,176.04405537303424,170.58770680394352,174.88922119140625,11418893
2013-08-21 00:00:00+05:30,176.51019003232895,176.87041877814931,165.32202297710933,166.04248046875,15711357
2013-08-22 00:00:00+05:30,165.79883247121535,171.3505321018604,164.0506893379341,170.81019592285156,22293762
2013-08-23 00:00:00+05:30,172.42061642747862,174.75147383540653,171.31874087390437,173.6496124267578,14332191
2013-08-26 00:00:00+05:30,174.28528368180804,176.18176439935294,171.2975362040329,174.3064727783203,9916035
2013-08-27 00:00:00+05:30,172.48421328407014,174.79388198940313,169.51765412471372,170.20631408691406,13094883
2013-08-28 00:00:00+05:30,168.47935689031584,173.44834268818968,161.86815913099875,172.01803588867188,25813146
2013-08-29 00:00:00+05:30,172.90799086246375,180.8329405025972,172.1663440799749,179.10597229003906,30837833
2013-08-30 00:00:00+05:30,178.79870852925944,182.23144156242543,175.51431333318467,180.92828369140625,21443760
2013-09-02 00:00:00+05:30,180.79054880090757,188.5883638700292,180.79054880090757,187.8997039794922,21052445
2013-09-03 00:00:00+05:30,188.20694562129881,188.94859240521794,175.5143211996901,176.08644104003906,17326878
2013-09-04 00:00:00+05:30,176.66916322893556,183.1955901488554,176.51024497319202,179.97476196289062,13323596
2013-09-05 00:00:00+05:30,182.86716991358958,184.29747673474355,180.3455960485343,182.7718048095703,14254145
2013-09-06 00:00:00+05:30,184.35043188705515,185.0920645318786,178.31135450384932,183.9266357421875,15048312
2013-09-10 00:00:00+05:30,184.96492450678505,189.34060083217514,183.55580696353135,188.6625213623047,18493766
2013-09-11 00:00:00+05:30,188.3764654071568,189.2028544140711,185.22978518741178,188.11158752441406,14860857
2013-09-12 00:00:00+05:30,188.1645720515828,190.91923996688263,184.59410962781044,185.4946746826172,17979275
2013-09-13 00:00:00+05:30,183.9266464095883,187.25343431655924,183.72533580301408,184.9861297607422,9825959
2013-09-16 00:00:00+05:30,187.7301520804292,188.1009754236981,180.96005168949497,182.6022491455078,12050423
2013-09-17 00:00:00+05:30,181.45802908875837,183.07903762168627,180.66340957432303,181.83944702148438,10930099
2013-09-18 00:00:00+05:30,182.33741748047396,185.40992196204803,181.55339246203752,184.7636260986328,13704245
2013-09-19 00:00:00+05:30,188.17516368241377,189.8491591639459,186.58593874590068,188.7154998779297,18935509
2013-09-20 00:00:00+05:30,187.74074588020346,190.91920943923608,184.45635098127667,186.87197875976562,18362492
2013-09-23 00:00:00+05:30,184.78480761512338,186.68127434603358,183.29091960662348,185.2721710205078,8875005
2013-09-24 00:00:00+05:30,184.77420467382734,187.43352146041883,183.95841021969116,185.3251495361328,12352943
2013-09-25 00:00:00+05:30,184.85895894653356,185.38870051835426,178.45966774560907,179.91116333007812,17472523
2013-09-26 00:00:00+05:30,179.4026369154762,180.14426956578535,176.98700877331135,177.62269592285156,19874983
2013-09-27 00:00:00+05:30,178.41727518675324,181.0659828326043,177.3577921284128,177.9722900390625,12006474
2013-09-30 00:00:00+05:30,176.3089190052821,178.94704669026862,173.56485997062575,174.2641143798828,15922812
2013-10-01 00:00:00+05:30,175.09052003672724,175.85335589859943,173.26820092386396,174.0628204345703,9108666
2013-10-03 00:00:00+05:30,174.47602731441438,179.8794033745487,174.47602731441438,179.46620178222656,9108321
2013-10-04 00:00:00+05:30,178.11002512806502,182.16785018677493,177.56968903310127,181.0447998046875,9909849
2013-10-07 00:00:00+05:30,179.60391167986754,180.62101665428773,177.14590563419793,178.8516845703125,11265723
2013-10-08 00:00:00+05:30,180.04893004464543,181.10841340944432,177.82400366262576,179.04241943359375,12119312
2013-10-09 00:00:00+05:30,177.98292121901258,183.8524715836131,177.46377413067697,182.4221649169922,11954619
2013-10-10 00:00:00+05:30,182.01953907828505,182.8247530747533,179.69926217274696,182.23143005371094,9371240
2013-10-11 00:00:00+05:30,183.29088898412087,183.92659011618957,181.02359926716807,182.94126892089844,9773103
2013-10-14 00:00:00+05:30,183.2909215504842,185.40990212566638,182.90951777738442,184.4139862060547,12156983
2013-10-15 00:00:00+05:30,190.13518492264595,190.42125187712398,183.07901759138318,183.8842315673828,23041721
2013-10-17 00:00:00+05:30,184.3504202925176,188.164557066587,183.2167610791959,186.54354858398438,17613513
2013-10-18 00:00:00+05:30,186.80843632725473,192.40251426424916,186.80843632725473,191.90455627441406,22177371
2013-10-21 00:00:00+05:30,191.90451437695148,193.9916968296338,189.89149375731955,193.50433349609375,15143599
2013-10-22 00:00:00+05:30,192.27535417329227,193.02758126079573,190.17756284823815,191.59727478027344,10246173
2013-10-23 00:00:00+05:30,191.80921233464233,192.65679050187558,188.0904120273579,190.0186767578125,8945093
2013-10-24 00:00:00+05:30,189.02271649123097,193.03816326630013,186.75541253770635,187.4228973388672,11717100
2013-10-25 00:00:00+05:30,187.33813880855146,189.18163253914707,186.33162848937465,187.95263671875,9945744
2013-10-28 00:00:00+05:30,188.1645543270454,191.7350305594164,188.13277067951157,188.7472686767578,15374364
2013-10-29 00:00:00+05:30,188.39764809443204,191.54431406216042,187.29578669276202,190.0292510986328,14450634
2013-10-30 00:00:00+05:30,189.96567336944696,191.3218180212038,189.58425547599586,190.3153076171875,9614780
2013-10-31 00:00:00+05:30,190.7073232710332,194.52147426283017,189.85974516335403,193.8222198486328,19779731
2013-11-01 00:00:00+05:30,192.84747202979523,196.3331774620351,191.41716556341464,192.45545959472656,11890914
2013-11-05 00:00:00+05:30,191.41717567964463,195.30548830082935,191.41717567964463,192.76272583007812,10955587
2013-11-06 00:00:00+05:30,192.82630305670824,194.92408043502425,189.6372446463566,190.41067504882812,9619806
2013-11-07 00:00:00+05:30,190.49539983177027,191.93630075778862,186.91434368464576,187.71954345703125,9792601
2013-11-08 00:00:00+05:30,187.7407516863116,188.1645477836173,184.5940858203347,185.61119079589844,8755784
2013-11-11 00:00:00+05:30,185.19800165190557,186.91437525370964,182.27382111506788,183.05784606933594,8901228
2013-11-12 00:00:00+05:30,183.29092536608303,184.6894483313389,180.15485385242508,180.6634063720703,12169801
2013-11-13 00:00:00+05:30,180.0912862740403,182.52810337372367,178.43849412400863,178.9258575439453,8391536
2013-11-14 00:00:00+05:30,180.37735602979959,183.07903690747318,180.1972345413373,180.4621124267578,8031378
2013-11-18 00:00:00+05:30,181.82883462952893,185.99260539717557,181.41563308836575,185.35691833496094,12073167
2013-11-19 00:00:00+05:30,185.40990203205962,187.50767936275156,185.40990203205962,186.1197509765625,8434885
2013-11-20 00:00:00+05:30,185.3781078180998,187.10506168177315,181.59574079295345,182.76116943359375,13090661
2013-11-21 00:00:00+05:30,182.2102420921274,182.2314311898021,178.72453651016602,179.60391235351562,11465699
2013-11-22 00:00:00+05:30,180.32439811480924,181.47923240821137,177.80281022832526,178.7881317138672,7482129
2013-11-25 00:00:00+05:30,179.55093276402064,181.5639535460705,178.8516784224897,180.47268676757812,10078405
2013-11-26 00:00:00+05:30,180.21839450004907,181.55334997106277,177.47433586759868,178.2583465576172,13965988
2013-11-27 00:00:00+05:30,178.94704091803865,180.0065241196714,176.98699275154047,177.55911254882812,11421820
2013-11-28 00:00:00+05:30,178.65038573640592,181.46862077129046,178.65038573640592,179.67808532714844,12546701
2013-11-29 00:00:00+05:30,180.31378787192335,181.48981116396075,179.81581575231718,180.79054260253906,9884161
2013-12-02 00:00:00+05:30,180.74818644222444,182.85657278820057,180.59986273017054,181.2355499267578,7221751
2013-12-03 00:00:00+05:30,181.17192793208991,183.39685366590928,180.25017399557356,182.63401794433594,9184625
2013-12-04 00:00:00+05:30,182.42213917907335,183.82066199878034,180.79052215028634,181.39443969726562,8761077
2013-12-05 00:00:00+05:30,184.77417733500744,185.83367456005033,183.9371939057691,184.56228637695312,12534404
2013-12-06 00:00:00+05:30,184.3822210849906,185.33575890340248,182.4857399984841,183.6511688232422,7301066
2013-12-09 00:00:00+05:30,186.9143721053458,188.16455721739797,185.6641728483679,186.24688720703125,12704841
2013-12-10 00:00:00+05:30,186.1515247323136,188.31288338856223,186.1515247323136,187.45469665527344,8718563
2013-12-11 00:00:00+05:30,186.99913560754453,187.51828268989556,184.88016907916702,187.02032470703125,4977570
2013-12-12 00:00:00+05:30,186.04558381821644,186.46937992093495,183.92661744954904,184.39279174804688,5690033
2013-12-13 00:00:00+05:30,183.71470407273594,183.9477982839762,181.73346692935425,183.2273406982422,8926111
2013-12-16 00:00:00+05:30,182.23140741506873,182.70817619547282,178.67154045568228,179.0635528564453,10046119
2013-12-17 00:00:00+05:30,179.83699421598774,180.72695040209942,177.30481234830245,177.82395935058594,10089421
2013-12-18 00:00:00+05:30,177.82397529027017,183.0472435705577,177.82397529027017,182.22084045410156,12009855
2013-12-19 00:00:00+05:30,183.16380105117645,183.16380105117645,178.77753001874066,180.97067260742188,13450539
2013-12-20 00:00:00+05:30,184.77420850903505,190.28354408703555,182.67643109067745,189.67962646484375,20508621
2013-12-23 00:00:00+05:30,190.4954187958439,192.61438513243652,188.58834343494058,189.91270446777344,16191974
2013-12-24 00:00:00+05:30,189.96566801783226,191.76679780372078,189.6690065213,190.2941131591797,7306775
2013-12-26 00:00:00+05:30,189.54188334151004,190.70731201133864,186.91436448747874,188.06919860839844,14619868
2013-12-27 00:00:00+05:30,188.29170053562848,189.41475102327254,185.8125053366277,186.22569274902344,7744563
2013-12-30 00:00:00+05:30,186.68126904236274,188.55656076663993,185.5900022220526,187.97384643554688,10315527
2013-12-31 00:00:00+05:30,188.16455851410362,190.33651186854013,187.97385662465712,189.69021606445312,5706010
2014-01-01 00:00:00+05:30,190.16697531841217,190.33650224538601,188.07979260973613,188.33407592773438,5849398
2014-01-02 00:00:00+05:30,188.10098300885392,189.8597347144782,184.3716027635036,185.40989685058594,6023632
2014-01-03 00:00:00+05:30,184.68944496313208,185.0602683328614,181.17195558765766,183.1320037841797,12833897
2014-01-06 00:00:00+05:30,182.67642468165374,182.92011346090413,180.1124730219564,181.16136169433594,13315857
2014-01-07 00:00:00+05:30,181.08719987592644,182.22084494302166,178.0041011542419,178.43849182128906,17311470
2014-01-08 00:00:00+05:30,178.92584202620222,181.66990082214693,178.92584202620222,179.91116333007812,12726430
2014-01-09 00:00:00+05:30,180.20783047415077,180.9176935939766,179.06359081658002,180.26080322265625,8309185
2014-01-10 00:00:00+05:30,179.7628445632766,185.68536756294947,179.68868271564884,181.83944702148438,14839980
2014-01-13 00:00:00+05:30,183.97960708776085,187.10508418302723,183.9266343381726,186.5541534423828,12058586
2014-01-14 00:00:00+05:30,186.15156062938766,187.43354370219353,184.8695917015093,186.78726196289062,12075547
2014-01-15 00:00:00+05:30,187.46530356101596,189.64783731357366,186.68127861683803,187.6242218017578,12660424
2014-01-16 00:00:00+05:30,188.3128733304159,189.28760004717148,186.90375599587534,187.7725372314453,18038361
2014-01-17 00:00:00+05:30,188.40823971402043,190.05043724183875,186.52235341456733,187.47589111328125,15463211
2014-01-20 00:00:00+05:30,187.93145329378345,188.37643845457384,183.52399402279048,184.29742431640625,16576057
2014-01-21 00:00:00+05:30,184.9119258997426,185.11322231566064,182.65521640719848,182.87771606445312,9806364
2014-01-22 00:00:00+05:30,182.97310205788827,185.48408118851162,181.8394568927568,184.8695831298828,8517726
2014-01-23 00:00:00+05:30,182.35857263504948,184.62586257535676,182.35857263504948,183.46043395996094,13767334
2014-01-24 00:00:00+05:30,182.65523625637732,185.33574211338518,182.4645343679419,183.8524627685547,11879019
2014-01-27 00:00:00+05:30,181.3838488217756,182.40095377580818,178.0676561001221,178.6609649658203,12345838
2014-01-28 00:00:00+05:30,179.4767894914877,181.38386498648623,178.56562994210609,179.02120971679688,11573795
2014-01-29 00:00:00+05:30,180.0700865323074,180.64220631408372,176.93401520890583,177.27304077148438,12374165
2014-01-30 00:00:00+05:30,176.17119300758716,176.69034008530025,174.22173929251932,174.81504821777344,14102043
2014-01-31 00:00:00+05:30,175.2388795280034,176.60561914183998,175.05877214781853,176.11825561523438,11038353
2014-02-03 00:00:00+05:30,175.06932430985472,175.8321459979225,173.63901773168647,173.94627380371094,8227762
2014-02-04 00:00:00+05:30,172.59015604445665,175.1647026295701,172.30408902614283,174.0840301513672,12362252
2014-02-05 00:00:00+05:30,173.77677035280396,174.07343191570416,170.97973825870906,173.17286682128906,11298451
2014-02-06 00:00:00+05:30,173.75555188513007,174.62433318078698,171.2445730827461,172.87619018554688,10826505
2014-02-07 00:00:00+05:30,174.20053721889383,174.56076602504663,171.76372025655138,172.57952880859375,8459052
2014-02-10 00:00:00+05:30,172.74905015467968,174.94219260197923,171.88026881526775,174.16876220703125,10345205
2014-02-11 00:00:00+05:30,174.3912437170852,174.8150256483215,170.1003243589991,170.63006591796875,12609169
2014-02-12 00:00:00+05:30,171.21280001075561,174.158169642882,171.08566541668782,173.31057739257812,9828890
2014-02-13 00:00:00+05:30,173.52251086829912,173.52251086829912,170.58773530635418,171.085693359375,8657303
2014-02-14 00:00:00+05:30,172.03920649403346,174.6031582486881,171.21280332673544,174.18995666503906,9218744
2014-02-17 00:00:00+05:30,173.25757678945962,174.17933073810752,171.0114760756762,172.12393188476562,9058505
2014-02-18 00:00:00+05:30,171.02209314688835,173.29997780407345,171.02209314688835,172.30406188964844,5741275
2014-02-19 00:00:00+05:30,172.27226050675966,173.75553967649714,171.63657347542193,172.11334228515625,6130140
2014-02-20 00:00:00+05:30,171.91207486511902,172.42062740494447,170.17451210284176,170.67247009277344,8041497
2014-02-21 00:00:00+05:30,171.0221038371298,172.90799029188673,170.70425319640825,171.95445251464844,6256274
2014-02-24 00:00:00+05:30,171.2233772877414,172.6854674068075,170.64066297878725,172.13453674316406,6800627
2014-02-25 00:00:00+05:30,172.54776284630995,172.90799168938236,171.11745616889232,171.75314331054688,7039336
2014-02-26 00:00:00+05:30,171.84847940355232,173.08808407478628,171.26576506200144,171.784912109375,13608048
2014-02-28 00:00:00+05:30,171.78493447821563,172.7702559561178,168.0555537197164,169.50704956054688,18949872
2014-03-03 00:00:00+05:30,169.5388132374075,170.95852525974598,168.91370654706284,170.23806762695312,11635479
2014-03-04 00:00:00+05:30,170.15331630683698,172.62191705955865,170.06855991102267,172.26168823242188,8997053
2014-03-05 00:00:00+05:30,172.81261057607261,173.33175762020466,170.6088878119835,171.0009002685547,11827655
2014-03-06 00:00:00+05:30,171.49886137529822,174.68790554160503,171.48826682613958,174.2747039794922,10172590
2014-03-07 00:00:00+05:30,174.8150382939884,185.19799340376377,174.8150382939884,184.2232666015625,33597187
2014-03-10 00:00:00+05:30,183.31212704355636,191.48075093649928,182.95189821961577,187.6242218017578,32869474
2014-03-11 00:00:00+05:30,187.528857382067,188.12216624979564,184.79539311309682,185.35691833496094,12780183
2014-03-12 00:00:00+05:30,185.19798456822804,187.08387078837384,183.85244861356523,184.63645935058594,9431389
2014-03-13 00:00:00+05:30,185.40992158205148,189.5948821354586,185.3463542798643,186.37405395507812,17221827
2014-03-14 00:00:00+05:30,185.19797716909105,188.5777370333799,184.14908861550555,187.7725372314453,16540547
2014-03-18 00:00:00+05:30,188.4824237253475,192.57203327487548,188.4824237253475,189.95510864257812,19034847
2014-03-19 00:00:00+05:30,190.7073011312197,192.8050924201244,189.70079075244735,191.34300231933594,16376397
2014-03-20 00:00:00+05:30,191.04636532901645,192.2965646240893,190.31532725730796,191.9787139892578,29711945
2014-03-21 00:00:00+05:30,192.19056441241187,193.53611437041994,186.92493289192376,187.69834899902344,22050970
2014-03-24 00:00:00+05:30,188.85322033968518,192.56141140987643,188.82143669349333,191.8515625,28815466
2014-03-25 00:00:00+05:30,186.25753864639879,186.99917141537316,184.88020448124195,186.32110595703125,31299573
2014-03-26 00:00:00+05:30,186.73425007118863,191.3324259207486,186.71306097256974,188.84263610839844,13811011
2014-03-27 00:00:00+05:30,189.61605742711868,191.74563261993572,189.03334305457935,190.8662567138672,55407935
2014-03-28 00:00:00+05:30,190.7073021721278,194.93465427299975,190.7073021721278,194.1294403076172,18667646
2014-03-31 00:00:00+05:30,194.1506716003137,199.1408464127404,193.5043898648294,197.2231903076172,18751896
2014-04-01 00:00:00+05:30,198.3356080076678,200.24268333772994,196.91589605873432,199.734130859375,15640608
2014-04-02 00:00:00+05:30,200.24270206661996,203.84494794647844,198.7806117864833,203.03973388671875,26780181
2014-04-03 00:00:00+05:30,202.74306906869586,204.0462268478179,199.26795808282907,201.8636932373047,26550895
2014-04-04 00:00:00+05:30,201.7259979131297,201.99086167485208,199.51166614049467,200.0837860107422,12513877
2014-04-07 00:00:00+05:30,200.0307773894489,202.35105425070748,197.9859729359119,200.06256103515625,12905249
2014-04-09 00:00:00+05:30,201.3021780575926,204.8408565122163,200.69827460701362,203.87672424316406,13438946
2014-04-10 00:00:00+05:30,204.41706730781277,206.36652101025376,203.88732568388218,205.3388214111328,10649501
2014-04-11 00:00:00+05:30,203.9085110235199,205.76261374555543,201.429315742858,202.09678649902344,11691621
2014-04-15 00:00:00+05:30,201.3021814882732,202.14977373032858,198.46275737883573,201.11146545410156,9264526
2014-04-16 00:00:00+05:30,200.56052531637232,203.20924741210666,198.78059866560156,199.4586639404297,12381278
2014-04-17 00:00:00+05:30,200.24267551194765,203.80254272130722,199.98839221024562,203.2304229736328,7845800
2014-04-21 00:00:00+05:30,205.5295390330878,205.5295390330878,202.59476370524303,203.33641052246094,11817203
2014-04-22 00:00:00+05:30,203.4211416917363,209.51317714993408,202.5947385739042,205.06333923339844,19331824
2014-04-23 00:00:00+05:30,205.32823074852917,208.08288441613027,204.3217202295146,204.93621826171875,15288495
2014-04-24 00:00:00+05:30,204.93621826171875,204.93621826171875,204.93621826171875,204.93621826171875,0
2014-04-25 00:00:00+05:30,205.11632487208968,205.3282158523304,200.4545818575409,200.9313507080078,13252156
2014-04-28 00:00:00+05:30,201.25982670845966,202.5735792770902,199.46929107138635,200.2427215576172,16610579
2014-04-29 00:00:00+05:30,200.46519720695377,201.67301835442606,198.75943220424875,199.24679565429688,8396497
2014-04-30 00:00:00+05:30,200.00958744511385,203.4211310843896,196.87351621239284,198.29322814941406,14391181
2014-05-02 00:00:00+05:30,199.18320864024358,200.75124433631098,196.21665003311324,196.66162109375,9070553
2014-05-05 00:00:00+05:30,196.00474410522943,203.10328997721192,196.00474410522943,200.6346893310547,15199246
2014-05-06 00:00:00+05:30,200.85719716835501,204.90442821766757,200.7830353222049,204.13101196289062,12392211
2014-05-07 00:00:00+05:30,203.44233908159143,205.83677799513904,202.7960574166478,203.60125732421875,10571569
2014-05-08 00:00:00+05:30,204.07805019811622,205.56132973852678,201.46112543712064,203.4847412109375,11949181
2014-05-09 00:00:00+05:30,202.53116106202697,211.68511975605946,202.53116106202697,211.38845825195312,18452114
2014-05-12 00:00:00+05:30,210.8163711540975,222.27999978644618,210.64685835115432,217.97848510742188,30847764
2014-05-13 00:00:00+05:30,220.3729231740487,226.47556793637074,219.20749436924697,225.33131408691406,26863271
2014-05-14 00:00:00+05:30,225.45845720757885,226.3060353422273,220.60601191715608,221.53836059570312,19375695
2014-05-15 00:00:00+05:30,221.53837514298087,224.6108796770372,220.21401388729703,223.2123565673828,20864719
2014-05-16 00:00:00+05:30,233.26815394252677,245.06957557813908,227.27649374196167,230.94638061523438,52633579
2014-05-19 00:00:00+05:30,233.46075303667882,240.68285158970758,232.58339926558557,239.67710876464844,23797958
2014-05-20 00:00:00+05:30,241.35689069119533,241.59227060618858,230.1867295571637,231.07476806640625,22509088
2014-05-21 00:00:00+05:30,231.07478465498184,236.01790606965412,229.76946737277603,230.76451110839844,21991587
2014-05-22 00:00:00+05:30,232.39080005988717,238.25407121073826,232.112609510502,235.5578155517578,18745180
2014-05-23 00:00:00+05:30,237.85819414210155,242.2342493942869,235.81461133634542,241.26058959960938,16566818
2014-05-26 00:00:00+05:30,242.34123530659548,243.9461269326116,230.0369280903498,235.7504119873047,16073584
2014-05-27 00:00:00+05:30,236.02858582616238,237.0985230888469,230.05832390140677,232.80807495117188,11273379
2014-05-28 00:00:00+05:30,233.16115502152232,236.7989590152077,232.12331497424032,233.01136779785156,11351815
2014-05-29 00:00:00+05:30,233.7817378385211,233.97432141772558,228.6139213337421,229.72666931152344,27659174
2014-05-30 00:00:00+05:30,232.1768130537049,233.18254150384556,226.82711248997356,227.83285522460938,17293884
2014-06-02 00:00:00+05:30,229.9834299142843,232.87226908947449,227.96124534855022,231.57763671875,8806299
2014-06-03 00:00:00+05:30,231.8130322430614,235.8146050497692,230.5397980388838,234.40228271484375,10874352
2014-06-04 00:00:00+05:30,233.81383829183292,235.77182851177793,230.3044374758626,230.57191467285156,8826406
2014-06-05 00:00:00+05:30,230.78589377569443,234.29529433408143,227.73656824685625,233.22535705566406,19974435
2014-06-06 00:00:00+05:30,236.97013605839058,242.4482257460817,236.2639820300593,240.17996215820312,29319340
2014-06-09 00:00:00+05:30,241.80625286636752,242.38403213703697,237.9758797045116,240.2334442138672,13497804
2014-06-10 00:00:00+05:30,241.90257734134306,241.90257734134306,235.48293891354535,239.30262756347656,15760599
2014-06-11 00:00:00+05:30,239.66635608291134,239.66635608291134,233.78170161186452,235.8359832763672,15164409
2014-06-12 00:00:00+05:30,235.07634438551327,238.27547145095116,231.98422247661009,234.13479614257812,11767348
2014-06-13 00:00:00+05:30,235.4508367872726,236.88455738737233,229.5447689842934,231.51345825195312,14646904
2014-06-16 00:00:00+05:30,231.96283829482215,231.96283829482215,226.2172709902836,227.9933624267578,14371376
2014-06-17 00:00:00+05:30,226.4205446997379,233.9529165150331,226.4205446997379,233.25746154785156,15824961
2014-06-18 00:00:00+05:30,232.81878615548044,235.73972274826073,226.96621388242605,228.27154541015625,19212704
2014-06-19 00:00:00+05:30,229.8229680410323,230.0262507141088,220.74988424804442,222.9967498779297,23126286
2014-06-20 00:00:00+05:30,223.80990176404987,224.55885218783266,221.31694290651487,221.7984161376953,12855084
2014-06-23 00:00:00+05:30,221.9054056893286,223.59590438996702,219.12355719590238,222.1086883544922,14768300
2014-06-24 00:00:00+05:30,223.61732979652027,227.42631973624142,223.61732979652027,226.79505920410156,11890148
2014-06-25 00:00:00+05:30,226.32425132958002,226.68803458401266,224.29136759489086,224.90122985839844,10564797
2014-06-26 00:00:00+05:30,219.33754836429193,219.74412797008992,215.4215680989412,216.5343017578125,24480677
2014-06-27 00:00:00+05:30,216.12771146914696,219.01655063205695,215.52854831971632,216.57708740234375,9225499
2014-06-30 00:00:00+05:30,216.67340190012015,218.26760875984442,213.98784528331018,217.28326416015625,20656550
2014-07-01 00:00:00+05:30,217.66845737237384,218.38531054412448,215.475072936651,215.69976806640625,9653273
2014-07-02 00:00:00+05:30,217.6256512134593,219.8404338704842,216.5557138355087,217.8931427001953,12293489
2014-07-03 00:00:00+05:30,218.2676081886621,219.33754548387182,214.73680940067175,215.37876892089844,11575392
2014-07-04 00:00:00+05:30,215.0577735854922,221.8625928003436,214.69400463284242,220.8247528076172,12957117
2014-07-07 00:00:00+05:30,221.0494417802874,221.90539732824368,218.48158942091422,219.80831909179688,14019093
2014-07-08 00:00:00+05:30,219.5515090319945,221.37041085379212,211.84795257428215,212.9285888671875,17484768
2014-07-09 00:00:00+05:30,214.41579713894023,216.1062955799138,212.38291366157569,214.1911163330078,14903156
2014-07-10 00:00:00+05:30,214.0413304528909,218.58857089356326,209.9327668545698,213.388671875,18600100
2014-07-11 00:00:00+05:30,212.96069153413774,214.41581017162753,206.20938216138623,206.81924438476562,17783841
2014-07-14 00:00:00+05:30,207.26864381813343,208.6167574575688,205.10735664779892,205.80282592773438,13764770
2014-07-15 00:00:00+05:30,206.15588882474114,209.708085619167,206.0809809329548,208.03897094726562,15345123
2014-07-16 00:00:00+05:30,208.42416945059844,212.48993702729024,208.42416945059844,211.78378295898438,13957671
2014-07-17 00:00:00+05:30,211.4199700357565,213.60264074477368,209.77226791786106,210.2430419921875,9426887
2014-07-18 00:00:00+05:30,209.70810354491604,210.46775305401485,207.41842736095668,209.01263427734375,9332698
2014-07-21 00:00:00+05:30,213.98784147094867,215.6997525448616,212.92860327910037,213.48497009277344,16987269
2014-07-22 00:00:00+05:30,214.84381329528037,221.2420535643164,214.22325191196495,220.61077880859375,28489939
2014-07-23 00:00:00+05:30,221.48813249893348,222.5045744190395,218.4923021781477,221.1029510498047,13721398
2014-07-24 00:00:00+05:30,220.40749437713745,223.23213926996357,219.12356098462655,222.77206420898438,9673900
2014-07-25 00:00:00+05:30,222.953930815686,223.25351953525316,215.49645293236014,218.66348266601562,13532588
2014-07-28 00:00:00+05:30,218.48159236452886,219.02726010546652,214.33023218465203,215.18618774414062,9372911
2014-07-30 00:00:00+05:30,214.84381896616952,216.34173416669108,212.48994814120792,215.30389404296875,18616706
2014-07-31 00:00:00+05:30,215.68905941611536,218.24621272603042,214.41582516260746,215.36807250976562,17722817
2014-08-01 00:00:00+05:30,212.91790900115606,213.7738645574459,208.63815978869837,208.9163360595703,15826199
2014-08-04 00:00:00+05:30,209.92209005228347,211.78378848708883,208.86285177992775,210.77804565429688,14672155
2014-08-05 00:00:00+05:30,210.79942810787264,211.3878921836807,207.78219983453351,210.5319366455078,12233949
2014-08-06 00:00:00+05:30,210.75663245309894,213.68826803916906,209.60108818741355,211.45208740234375,16358373
2014-08-07 00:00:00+05:30,211.63397234480846,213.2816889074774,210.42494692523553,211.69818115234375,10844144
2014-08-08 00:00:00+05:30,209.61178180031558,210.45703823208092,208.2315710250217,209.81507873535156,9118453
2014-08-11 00:00:00+05:30,210.8101223833049,211.259498316364,209.1517067803859,209.81507873535156,6696796
2014-08-12 00:00:00+05:30,210.99201373535044,211.19531067701092,208.9270327640617,210.64964294433594,9556263
2014-08-13 00:00:00+05:30,210.41424811977876,213.26029101865782,209.70809408090062,211.88006591796875,14113750
2014-08-14 00:00:00+05:30,212.91791234000206,215.05778697978707,212.22245736742073,214.61911010742188,12062077
2014-08-18 00:00:00+05:30,214.2232421907207,217.2939659887159,213.45287932711767,216.7803955078125,7643510
2014-08-19 00:00:00+05:30,217.1976746132814,218.90957145803657,215.29317991001275,215.97793579101562,14559347
2014-08-20 00:00:00+05:30,216.34170502136288,217.9359118008523,212.9927908766135,213.63475036621094,13022078
2014-08-21 00:00:00+05:30,213.98785496677664,214.8438105577167,211.86937844947158,212.93931579589844,16449220
2014-08-22 00:00:00+05:30,214.00925065376083,215.48576760293966,212.98210967037522,213.6240692138672,8571614
2014-08-25 00:00:00+05:30,213.98784798203735,215.8067499822904,212.58622467585965,213.08909606933594,7455233
2014-08-26 00:00:00+05:30,213.13186993535456,213.33516685948143,210.3500360758062,212.56480407714844,9548209
2014-08-27 00:00:00+05:30,213.38867412392844,214.3730186867749,211.17390599977145,212.63970947265625,8391614
2014-08-28 00:00:00+05:30,212.8323324816294,214.84381819267372,212.8323324816294,213.70968627929688,15914040
2014-09-01 00:00:00+05:30,214.9187019444021,218.48159812780122,213.04630446531516,217.0050811767578,16197464
2014-09-02 00:00:00+05:30,217.94663289133572,220.73918052243488,216.25613416040943,219.0807647705078,16556769
2014-09-03 00:00:00+05:30,219.36964104482684,221.6807152980185,218.502986414318,220.6749725341797,21922291
2014-09-04 00:00:00+05:30,220.1934774991647,221.2420165077803,217.86100530282906,219.5301055908203,9346763
2014-09-05 00:00:00+05:30,219.91531566653532,221.14573929969347,218.39600238599,219.4766387939453,9078852
2014-09-08 00:00:00+05:30,221.24203089884634,222.40825993062643,219.9794958012399,222.05517578125,13886787
2014-09-09 00:00:00+05:30,220.85687015466888,222.82555945074398,220.0223127360512,221.04945373535156,9166689
2014-09-10 00:00:00+05:30,220.01159390813055,220.2148908428849,216.6840921890218,217.37954711914062,9459033
2014-09-11 00:00:00+05:30,218.33181906104306,220.4074992833175,215.69977197497835,218.13922119140625,10619105
2014-09-12 00:00:00+05:30,217.94662642380695,219.12355461938142,216.4380122307905,217.32606506347656,8749882
2014-09-15 00:00:00+05:30,215.93513614239907,216.55569748924913,214.20184114923256,214.57630920410156,8738403
2014-09-16 00:00:00+05:30,214.28743799542517,214.87590209182014,208.95913529641123,209.57969665527344,13242995
2014-09-17 00:00:00+05:30,210.75663619625342,211.9656616346662,209.4834019493048,211.55908203125,10887270
2014-09-18 00:00:00+05:30,210.77802608327028,216.12771238788702,210.4998355388725,215.036376953125,9089107
2014-09-19 00:00:00+05:30,215.27178483862747,217.36886314614665,212.0619585672546,213.0142059326172,17169819
2014-09-22 00:00:00+05:30,212.4899152331804,213.13187470984255,211.35578349136185,212.1796417236328,7900222
2014-09-23 00:00:00+05:30,212.21174556257816,213.01419136216091,206.0809830888719,206.68016052246094,17694403
2014-09-24 00:00:00+05:30,207.24725308464696,208.44557953706502,204.4440062575123,206.5089874267578,15393998
2014-09-25 00:00:00+05:30,206.73367554235975,207.09744453032891,197.43589676794943,198.9766082763672,33092058
2014-09-26 00:00:00+05:30,198.79471161440668,201.50165210520663,196.2910537809115,199.70416259765625,15904980
2014-09-29 00:00:00+05:30,200.4958993899749,201.72633721347304,198.92309079221215,199.68275451660156,12481132
2014-09-30 00:00:00+05:30,198.58072531072585,202.95678076116712,197.94946484894714,202.36831665039062,17642155
2014-10-01 00:00:00+05:30,201.91894677807122,202.34692458551388,198.15276778466995,198.4095458984375,8656245
2014-10-07 00:00:00+05:30,198.42020960756534,200.0572126444409,197.60705048996343,198.18482971191406,12404189
2014-10-08 00:00:00+05:30,197.1148964996346,201.4695389329147,197.1148964996346,200.44239807128906,9827783
2014-10-09 00:00:00+05:30,200.76340847719854,204.83987514232817,200.76340847719854,204.28350830078125,11164671
2014-10-10 00:00:00+05:30,202.64650622477893,207.3542333724506,200.31403368409136,205.5674285888672,15465656
2014-10-13 00:00:00+05:30,205.81351551347646,206.44477595260713,202.87118078066115,204.9789581298828,13881865
2014-10-14 00:00:00+05:30,209.49409187103433,209.49409187103433,205.1287501513325,205.69581604003906,19077913
2014-10-15 00:00:00+05:30,205.69581604003906,205.69581604003906,205.69581604003906,205.69581604003906,0
2014-10-16 00:00:00+05:30,203.64155389172626,204.76498669077617,198.58072818305592,199.2227020263672,19017182
2014-10-17 00:00:00+05:30,200.2926238977527,201.28766756499465,197.9815496664342,200.69920349121094,15313270
2014-10-20 00:00:00+05:30,200.82757520604608,201.276951109038,195.06059635472798,200.0893096923828,21187302
2014-10-21 00:00:00+05:30,199.91813746982237,200.50660153155027,198.38812519553173,198.86959838867188,17621790
2014-10-22 00:00:00+05:30,200.1000261829929,203.4596395192457,199.68276178666613,202.35760498046875,13384016
2014-10-27 00:00:00+05:30,206.2736000394973,206.2736000394973,200.4638239182916,201.43746948242188,10072622
2014-10-28 00:00:00+05:30,201.3839805008733,201.57656408850457,198.1741683333704,199.8753662109375,22023470
2014-10-29 00:00:00+05:30,200.42101696267707,204.01601028445006,199.8967474008455,203.63082885742188,17516848
2014-10-30 00:00:00+05:30,202.86050655838025,210.03979504435443,202.66792296217434,209.54762268066406,32745121
2014-10-31 00:00:00+05:30,210.10397193828396,214.77961614307307,210.10397193828396,214.1055450439453,14086084
2014-11-03 00:00:00+05:30,214.8438221150826,215.91375951906596,211.88008893517997,214.49073791503906,12376151
2014-11-05 00:00:00+05:30,214.41582048425798,215.80674466876363,211.50558306930643,212.1261444091797,15730002
2014-11-07 00:00:00+05:30,211.94425416057564,212.99279324288185,209.29080919419846,209.81507873535156,11633677
2014-11-10 00:00:00+05:30,210.30724769573217,211.8051626874496,206.9797317400509,207.42910766601562,10482542
2014-11-11 00:00:00+05:30,208.08176582363907,211.37718451263228,206.76574959297375,209.21591186523438,10100100
2014-11-12 00:00:00+05:30,210.12537424422757,210.35006937651906,207.2900445043333,208.43487548828125,9286081
2014-11-13 00:00:00+05:30,208.42417200918973,209.665309043398,206.15590826506232,207.40773010253906,7041533
2014-11-14 00:00:00+05:30,207.35420950329552,209.22660677292734,206.50895310344563,207.3863067626953,8424014
2014-11-17 00:00:00+05:30,206.71225251160362,211.3236873944985,206.71225251160362,210.82081604003906,10224348
2014-11-18 00:00:00+05:30,210.87432615699353,213.49567397777503,210.8208307202935,211.55908203125,13410579
2014-11-19 00:00:00+05:30,211.5590909155379,212.27595836641456,208.95914116025318,209.31222534179688,8099318
2014-11-20 00:00:00+05:30,209.28011198215646,210.49983646531862,207.632395451347,209.8685760498047,11342020
2014-11-21 00:00:00+05:30,209.7509010656712,214.20185012187733,209.7509010656712,213.4956817626953,11739875
2014-11-24 00:00:00+05:30,214.03061957815524,214.87587595597347,210.0718434127456,210.8529052734375,12426216
2014-11-25 00:00:00+05:30,210.79941542452264,212.89649351082355,208.27435959488582,212.4899139404297,14606201
2014-11-26 00:00:00+05:30,212.26524442121897,212.48992524906808,210.2644580066762,211.21670532226562,13155281
2014-11-27 00:00:00+05:30,211.84797167392605,212.4899311988225,210.36075568017725,211.55908203125,12279963
2014-11-28 00:00:00+05:30,211.78378902612772,217.7005560708987,210.39286474043985,212.19036865234375,20881173
2014-12-01 00:00:00+05:30,211.6339785066738,212.26525323726904,205.11804852998205,205.77072143554688,17382184
2014-12-02 00:00:00+05:30,205.85631896392735,207.83570733302744,205.00036337607426,205.9954071044922,9453044
2014-12-03 00:00:00+05:30,205.11804117271072,208.42415907840078,205.11804117271072,207.2151336669922,9789854
2014-12-04 00:00:00+05:30,207.16165446994103,208.62745808667228,204.5081949539174,205.11805725097656,10775294
2014-12-05 00:00:00+05:30,205.64231474799433,206.9262480787224,204.3797938763827,204.86126708984375,10048267
2014-12-08 00:00:00+05:30,205.4283227716811,206.0381850024958,201.63004697419012,202.13290405273438,10238784
2014-12-09 00:00:00+05:30,201.3625941821208,203.43827455347636,199.2227192777746,201.1165008544922,10598750
2014-12-10 00:00:00+05:30,199.31897189860845,201.35185551504804,199.00868409898015,199.55435180664062,13242754
2014-12-11 00:00:00+05:30,198.79471615111584,198.79471615111584,193.30592714917424,193.90509033203125,22620658
2014-12-12 00:00:00+05:30,194.08698815467883,194.94294378014177,188.17023524737,188.81219482421875,17874849
2014-12-15 00:00:00+05:30,187.8706362623582,188.69449457833926,186.59740198170533,188.05252075195312,12647964
2014-12-16 00:00:00+05:30,187.62454846286664,189.00475927063732,183.96534639106824,185.01388549804688,20886278
2014-12-17 00:00:00+05:30,185.1529870205557,187.21796796316897,184.98178734293023,186.0624237060547,20779949
2014-12-18 00:00:00+05:30,188.640976264505,189.33643116017615,185.0245708104306,188.3306884765625,14970699
2014-12-19 00:00:00+05:30,189.40062370138145,194.3865407221092,188.84425693375235,192.7067413330078,20073537
2014-12-22 00:00:00+05:30,193.01707377721183,194.04421493642766,190.66321695329975,193.6376495361328,8305143
2014-12-23 00:00:00+05:30,193.09193387396485,193.47711531291029,190.83436924740255,191.25164794921875,10583206
2014-12-24 00:00:00+05:30,191.25163904379303,191.9791912528157,188.30930437733522,189.19735717773438,22479751
2014-12-26 00:00:00+05:30,189.7216212910897,191.01623936513073,188.33069715118617,190.20309448242188,4890141
2014-12-29 00:00:00+05:30,190.1281949634345,192.38575934995018,189.79650899787515,191.94708251953125,6931660
2014-12-30 00:00:00+05:30,191.9685061973696,192.24669676745944,187.68875675842335,188.34141540527344,11627412
2014-12-31 00:00:00+05:30,188.30929894107132,191.28373078303702,188.10601629155727,190.6952667236328,8464992
2015-01-01 00:00:00+05:30,189.65743085018167,190.87715534273178,189.0903506676063,189.9998016357422,2963643
2015-01-02 00:00:00+05:30,190.04260071522322,191.74381271840838,189.22945580333513,189.49693298339844,7331366
2015-01-05 00:00:00+05:30,189.3792394487279,190.64177456827719,187.04676706013433,187.42124938964844,10103941
2015-01-06 00:00:00+05:30,186.16943288485805,186.81139240746566,178.03788369901343,178.9152374267578,18627980
2015-01-07 00:00:00+05:30,179.12924348261123,183.77277619196656,179.1078453068099,182.80982971191406,20720312
2015-01-08 00:00:00+05:30,184.05094717483541,184.650124649003,179.78189694949202,180.1884765625,19872227
2015-01-09 00:00:00+05:30,181.54729564096232,184.457533275433,180.81974337459295,184.09375,13392787
2015-01-12 00:00:00+05:30,184.13655801772492,184.24354889589054,180.0921885470929,181.95387268066406,10100113
2015-01-13 00:00:00+05:30,182.53163606142144,182.94891476700133,179.85679270891694,180.42385864257812,9948711
2015-01-14 00:00:00+05:30,180.39175484961623,181.2477104052324,177.86669881659475,178.66915893554688,11380041
2015-01-15 00:00:00+05:30,179.74979516459382,186.4048131781008,179.74979516459382,184.93899536132812,16927085
2015-01-16 00:00:00+05:30,184.02954549231427,187.2393717003376,182.32834774405396,186.10523986816406,19136963
2015-01-19 00:00:00+05:30,186.21222096929463,189.5932181135974,183.76205866343602,188.23440551757812,13339962
2015-01-20 00:00:00+05:30,188.6303094395571,193.77671368739692,188.0632291983135,193.2417449951172,13361320
2015-01-21 00:00:00+05:30,193.6589944954715,195.0285061417366,190.88784537432815,194.03346252441406,17084297
2015-01-22 00:00:00+05:30,193.6911398854755,194.1298168271671,188.2023499964783,189.11180114746094,23721627
2015-01-23 00:00:00+05:30,190.44918534529805,192.11828584647952,187.66735117666227,189.78582763671875,18080494
2015-01-27 00:00:00+05:30,191.06975469986517,191.88291395176273,188.41630947001002,190.24591064453125,17939876
2015-01-28 00:00:00+05:30,189.61465072299592,194.68617592947535,189.61465072299592,194.05490112304688,19298126
2015-01-29 00:00:00+05:30,194.10838906537893,199.97166089874776,194.0655927119526,198.8803253173828,36117653
2015-01-30 00:00:00+05:30,199.00870306739893,199.2761945456081,194.51495765255618,195.85238647460938,21746801
2015-02-02 00:00:00+05:30,196.0235575345849,196.8474157999274,193.80878939472262,194.31166076660156,19302710
2015-02-03 00:00:00+05:30,195.41369812138836,201.33046471295063,195.41369812138836,200.635009765625,17092333
2015-02-04 00:00:00+05:30,200.95597636749395,201.96171909572098,198.131346029715,198.7519073486328,14072894
2015-02-05 00:00:00+05:30,200.2926304255329,201.1271735293087,196.3552519765529,197.66058349609375,12365643
2015-02-06 00:00:00+05:30,197.74616109413523,199.00868188305802,193.2310179844294,194.70753479003906,9045844
2015-02-09 00:00:00+05:30,192.8458198152882,196.44081259501706,190.87713091230677,191.88287353515625,8839692
2015-02-10 00:00:00+05:30,192.16106636121924,193.55197608527527,184.30770882608624,188.7372589111328,13651008
2015-02-11 00:00:00+05:30,189.5932293784795,193.60551573745482,188.95126984622166,192.73886108398438,9781008
2015-02-12 00:00:00+05:30,194.30097908321838,195.57419911515908,189.86072903431875,194.54705810546875,8709626
2015-02-13 00:00:00+05:30,195.58488238281177,197.04000107625566,194.52564419502826,196.33384704589844,7393680
2015-02-16 00:00:00+05:30,196.5906123330974,197.76755468637614,192.58903975783755,193.18821716308594,12266698
2015-02-18 00:00:00+05:30,192.58903927952977,194.30095023114012,191.3907130409981,192.94212341308594,9835036
2015-02-19 00:00:00+05:30,194.07626429908387,194.21536671250524,189.92490432901656,193.02772521972656,9550637
2015-02-20 00:00:00+05:30,191.57258722436885,191.73308779527505,186.4475822999912,186.832763671875,18717199
2015-02-23 00:00:00+05:30,186.15874320844807,187.61386200854957,181.2691172193531,182.19996643066406,14104463
2015-02-24 00:00:00+05:30,182.79912599269178,183.34479374629717,179.10784076900913,180.06007385253906,19946218
2015-02-25 00:00:00+05:30,181.6328984084374,183.28060077082046,179.97448267383797,180.42385864257812,15274116
2015-02-26 00:00:00+05:30,181.05513496456265,181.8896924488369,179.0222509816617,180.17779541015625,21459750
2015-02-27 00:00:00+05:30,181.36540416281517,184.24354442256953,180.73414371246815,183.07730102539062,18659378
2015-03-02 00:00:00+05:30,185.9554372260285,187.34636143153838,183.0772970290994,184.93899536132812,14579511
2015-03-03 00:00:00+05:30,185.95543448599022,193.969279324954,185.613063696691,192.76025390625,20636925
2015-03-04 00:00:00+05:30,193.87298815397747,194.6540500885291,188.32000476800712,189.98910522460938,14476047
2015-03-05 00:00:00+05:30,190.98418134484587,192.32161032544846,187.91345709001652,189.3685760498047,10716702
2015-03-09 00:00:00+05:30,189.40064622299883,190.82366771217244,184.91760000575078,186.0945281982422,14065391
2015-03-10 00:00:00+05:30,185.94473446187305,187.41055224966092,183.04519614763234,183.84765625,15234060
2015-03-11 00:00:00+05:30,184.2328554743766,186.08384057706047,182.40325426348716,183.1629180908203,11635873
2015-03-12 00:00:00+05:30,183.6015896445869,185.613075295397,183.08800485955376,184.84271240234375,11782380
2015-03-13 00:00:00+05:30,185.95544114677145,186.08383019735746,181.24771406482,181.91107177734375,12936157
2015-03-16 00:00:00+05:30,182.21065854911555,182.73492811785326,179.8139915415307,180.1991729736328,13839990
2015-03-17 00:00:00+05:30,182.00735617885903,184.00814260727708,179.96377340198245,183.35548400878906,19070082
2015-03-18 00:00:00+05:30,183.38759528846785,186.65091709935052,182.89542295907717,185.88055419921875,9269885
2015-03-19 00:00:00+05:30,187.35706396918957,187.6031429821561,182.76702686252392,183.20570373535156,13934612
2015-03-20 00:00:00+05:30,183.5801737532895,184.27564301850518,181.59008631534266,182.76702880859375,10405717
2015-03-23 00:00:00+05:30,183.28057298414848,184.88547875233576,179.34319502411947,180.16705322265625,13251683
2015-03-24 00:00:00+05:30,180.19915185871298,182.809800309064,180.19915185871298,181.4509735107422,9238431
2015-03-25 00:00:00+05:30,181.6757089330273,181.78269981857528,179.96379762627,180.79835510253906,10264941
2015-03-26 00:00:00+05:30,179.98518495338175,181.72919342066984,176.34739507256452,177.4601287841797,20621346
2015-03-27 00:00:00+05:30,178.4444625104279,178.6798567145218,171.50055489934067,173.69393920898438,23326922
2015-03-30 00:00:00+05:30,174.7424670852265,174.9778469896794,170.4306066386598,173.49063110351562,17330588
2015-03-31 00:00:00+05:30,175.04205615338952,178.23048420828187,175.04205615338952,176.75396728515625,20235395
2015-04-01 00:00:00+05:30,176.51857308913966,179.53580146037353,173.99351702564954,178.904541015625,14588531
2015-04-06 00:00:00+05:30,178.89385230787886,179.32183011568313,175.76963288075356,176.465087890625,12334096
2015-04-07 00:00:00+05:30,176.76468396343517,178.91525789512409,176.76468396343517,178.2198028564453,21275454
2015-04-08 00:00:00+05:30,178.35890438987553,186.06246297397303,178.23051531793186,185.2921142578125,24821205
2015-04-09 00:00:00+05:30,185.20648116920796,192.37506943966292,183.7727606582179,191.54051208496094,27276420
2015-04-10 00:00:00+05:30,191.50842709752723,194.4721600924163,190.25660526974175,193.51991271972656,25323219
2015-04-13 00:00:00+05:30,194.04417985370733,197.88526655907532,192.32158390514024,197.40379333496094,20177342
2015-04-15 00:00:00+05:30,197.08279165966744,201.0629662049741,194.12977229541912,197.64987182617188,22231264
2015-04-16 00:00:00+05:30,197.83175090493256,200.7205899544087,196.65482282603247,198.65560913085938,20177302
2015-04-17 00:00:00+05:30,200.08933369628787,202.06872201034483,197.42518950168795,198.3346405029297,23958678
2015-04-20 00:00:00+05:30,200.57078068399127,200.60287794210817,187.98829838982138,189.518310546875,37628162
2015-04-21 00:00:00+05:30,190.4813033556473,191.62614869475382,186.6937259818531,187.54966735839844,17707007
2015-04-22 00:00:00+05:30,188.71588864090145,189.75372868672946,185.52746060719113,188.2558135986328,14761313
2015-04-23 00:00:00+05:30,189.13317359628937,190.32080090490365,185.9661436324908,187.6780548095703,13337818
2015-04-24 00:00:00+05:30,187.66734825610772,189.261555120083,185.88054353589987,188.07391357421875,12709854
2015-04-27 00:00:00+05:30,188.3200001777737,189.91420698512152,186.47970008634118,187.30355834960938,11042925
2015-04-28 00:00:00+05:30,187.17515646609112,188.7372659054619,183.7192516305092,185.14227294921875,14687371
2015-04-29 00:00:00+05:30,184.4575314648479,186.28713262752606,181.33331210166938,181.88967895507812,16387960
2015-04-30 00:00:00+05:30,181.88969384439847,185.29210405504773,181.4510169215807,184.53244018554688,34802149
2015-05-04 00:00:00+05:30,185.35626084324878,191.2837262118975,184.1365364063222,190.6524658203125,15078502
2015-05-05 00:00:00+05:30,191.24095725562034,192.97425238020904,189.40065696560288,190.90927124023438,17846755
2015-05-06 00:00:00+05:30,190.449187448177,191.8936071281178,186.59740163500163,188.36280822753906,22438208
2015-05-07 00:00:00+05:30,187.23936122445218,187.97761249745054,184.02953519601593,186.3299102783203,16735535
2015-05-08 00:00:00+05:30,188.73170175009093,193.6612652260249,186.58653415905832,192.78369140625,17104443
2015-05-11 00:00:00+05:30,193.46620960489525,194.89632592324847,191.41854733175475,194.137939453125,14214007
2015-05-12 00:00:00+05:30,193.91045385282848,193.91045385282848,187.46411688590172,188.23333740234375,16650201
2015-05-13 00:00:00+05:30,189.24087556509227,192.55614581948612,185.74142925496915,191.7869110107422,16701434
2015-05-14 00:00:00+05:30,191.9819387909339,192.02528880195328,188.580011599853,190.29180908203125,12329713
2015-05-15 00:00:00+05:30,191.0935565765658,192.18780811864855,188.5366868611301,189.37091064453125,8331715
2015-05-18 00:00:00+05:30,189.57675436433678,193.71541469418312,188.99171003295376,193.18453979492188,9847540
2015-05-19 00:00:00+05:30,193.11954160387026,196.04477780292075,192.1119612107174,194.05128479003906,14513036
2015-05-20 00:00:00+05:30,195.10222653161168,197.39906867617864,194.51716764285504,196.93319702148438,8708891
2015-05-21 00:00:00+05:30,197.45322393762726,198.3524655180063,193.7370993195459,194.31130981445312,10759523
2015-05-22 00:00:00+05:30,194.36547602487633,196.22896247890162,194.36547602487633,195.84976196289062,8349048
2015-05-25 00:00:00+05:30,195.01553282022468,196.74901270889325,193.35790460987272,193.8237762451172,6617337
2015-05-26 00:00:00+05:30,193.9320951328168,194.14878732879998,191.26688671284074,191.6785888671875,9510249
2015-05-27 00:00:00+05:30,191.98195091176316,193.04371526270762,190.72519105349517,191.8302764892578,8078236
2015-05-28 00:00:00+05:30,191.94942800170307,193.76957872815927,188.94835475895533,189.77175903320312,26538868
2015-05-29 00:00:00+05:30,190.6601945267315,192.07947720989407,189.18674240502867,190.0318145751953,29277517
2015-06-01 00:00:00+05:30,190.6818569418261,196.07729197792483,190.24848698121735,195.50306701660156,19594976
2015-06-02 00:00:00+05:30,196.26143180504818,199.08914821729235,193.16285379328852,194.7229766845703,20178960
2015-06-03 00:00:00+05:30,194.7988350870647,197.27986743651704,192.52366104712465,194.22462463378906,15546279
2015-06-04 00:00:00+05:30,195.9255916692109,198.52579681682707,193.40122372899853,197.7674102783203,15931395
2015-06-05 00:00:00+05:30,197.16071110380008,198.68833263238542,195.97977397468765,196.69483947753906,13066337
2015-06-08 00:00:00+05:30,196.48899339266464,197.18239116374951,191.35358576082993,191.86279296875,10846953
2015-06-09 00:00:00+05:30,191.45106541832612,192.9895207266513,190.10763453551544,191.48358154296875,9153355
2015-06-10 00:00:00+05:30,191.98192876725156,197.1606854188827,191.76525104580847,196.27227783203125,13509379
2015-06-11 00:00:00+05:30,196.31564256252366,197.0740436292606,189.30591472916151,190.06431579589844,14676438
2015-06-12 00:00:00+05:30,190.46515103254958,193.4337080645359,190.30262828105785,192.816162109375,21543824
2015-06-15 00:00:00+05:30,193.91044363539274,196.09896122972717,192.84869373291542,195.3947296142578,12858570
2015-06-16 00:00:00+05:30,194.79887603499134,196.09898609143974,193.5421159984486,195.8714599609375,13929305
2015-06-17 00:00:00+05:30,196.1097653491665,204.19207561771526,193.7154042560621,201.7760467529297,26232634
2015-06-18 00:00:00+05:30,202.06857516100897,212.7835927265047,202.0577412744451,212.12271118164062,49366799
2015-06-19 00:00:00+05:30,212.8919614243679,218.0707042204091,212.8919614243679,215.95803833007812,45710935
2015-06-22 00:00:00+05:30,216.02305469824756,218.56909070062144,213.75869978387632,214.88546752929688,19394187
2015-06-23 00:00:00+05:30,215.09128724148678,217.26895634278375,214.73375451317278,215.60049438476562,16007498
2015-06-24 00:00:00+05:30,215.60050485627713,218.0815373724735,213.7911878177322,214.71209716796875,18603004
2015-06-25 00:00:00+05:30,213.8670347104311,218.63407520017532,213.43366476327824,217.66983032226562,27175118
2015-06-26 00:00:00+05:30,216.6622451528934,219.73915579940316,215.68716640926314,216.83560180664062,20966796
2015-06-29 00:00:00+05:30,214.06204961157323,215.35132559568137,210.61677219354266,214.70126342773438,20168946
2015-06-30 00:00:00+05:30,214.4954259871854,217.3014752085528,214.08372379235777,216.70559692382812,23184864
2015-07-01 00:00:00+05:30,216.9006074512966,218.94826994196328,216.9006074512966,217.90818786621094,14824266
2015-07-02 00:00:00+05:30,218.63408957343708,220.96344776834275,218.22238737335263,219.0349578857422,15931202
2015-07-03 00:00:00+05:30,218.79657650067608,219.67415025395047,217.34479228676173,218.24403381347656,13831096
2015-07-06 00:00:00+05:30,215.83886215863217,220.7792448905271,215.64383772501822,220.05335998535156,12237733
2015-07-07 00:00:00+05:30,219.06743361780875,220.28085783439928,216.68390626614732,217.3881378173828,11294999
2015-07-08 00:00:00+05:30,215.78468181507515,218.56907765168825,214.8746208129287,215.94720458984375,15190654
2015-07-09 00:00:00+05:30,215.81716140276953,216.90059342069063,213.0327803154196,213.9536895751953,16245867
2015-07-10 00:00:00+05:30,214.75545021392298,217.5506801542959,214.57127411465797,217.073974609375,16110573
2015-07-13 00:00:00+05:30,217.07394570167386,219.3924697883684,215.6329953706103,218.20069885253906,9860248
2015-07-14 00:00:00+05:30,218.61240963096824,219.17578622860862,215.6438377578284,216.20721435546875,9942927
2015-07-15 00:00:00+05:30,216.62976160109218,219.8041774944296,216.58642605014992,219.09996032714844,13532911
2015-07-16 00:00:00+05:30,219.2841188295931,222.70772833070598,219.09994275286152,221.81932067871094,14854295
2015-07-17 00:00:00+05:30,222.15519072462945,223.4336183331038,220.5842336995889,221.38595581054688,10195142
2015-07-20 00:00:00+05:30,222.7077260389499,223.17359763388652,220.5625586035714,222.04684448242188,6348354
2015-07-21 00:00:00+05:30,222.75105907623913,222.84856405593627,217.27978721741857,218.37403869628906,7923338
2015-07-22 00:00:00+05:30,217.7673238745862,228.37400251034651,217.680652782599,227.6047821044922,17309440
2015-07-23 00:00:00+05:30,228.27651096672008,231.38592336156816,225.61130240891728,226.4997100830078,18642915
2015-07-24 00:00:00+05:30,227.0847455694087,227.44226383091117,221.25594094462815,222.11184692382812,13099664
2015-07-27 00:00:00+05:30,222.07935014378677,223.1627677677505,217.06311584112788,217.84317016601562,20118553
2015-07-28 00:00:00+05:30,218.4824016823122,220.30253811049852,216.70558633810427,218.90493774414062,13382878
2015-07-29 00:00:00+05:30,218.74238990239033,219.43578752701015,214.97209636833014,215.81715393066406,14790821
2015-07-30 00:00:00+05:30,216.7055815184026,218.4173935018678,215.0154517731475,216.71641540527344,11701228
2015-07-31 00:00:00+05:30,216.68394002230616,218.39575221336585,214.51710452749003,217.08480834960938,16634259
2015-08-03 00:00:00+05:30,216.90061524091573,219.68499660837472,216.55391638172432,217.2147979736328,9887787
2015-08-04 00:00:00+05:30,217.42064814211562,217.90818751837557,212.35024441479956,214.08370971679688,12006872
2015-08-05 00:00:00+05:30,214.13787988528327,216.85727230051697,213.2386383381826,214.029541015625,14345010
2015-08-06 00:00:00+05:30,214.73375016587337,214.9504423616188,211.8085284712884,212.12271118164062,8708037
2015-08-07 00:00:00+05:30,212.1335620722365,215.38382955320594,211.7326937727728,213.29283142089844,8608888
2015-08-10 00:00:00+05:30,213.3253271365139,214.2570558941865,208.991642104184,209.94505310058594,9288894
2015-08-11 00:00:00+05:30,210.40009859015612,210.97430909372304,207.58320104550285,209.31668090820312,8762464
2015-08-12 00:00:00+05:30,208.79663889421184,209.3166799577667,203.80207212080109,204.311279296875,9650325
2015-08-13 00:00:00+05:30,205.19968134701904,206.70563505879738,201.38603734301736,202.241943359375,9340350
2015-08-14 00:00:00+05:30,203.73709667458354,210.61680420448243,202.44782049452263,209.52255249023438,12739366
2015-08-17 00:00:00+05:30,209.3166590389366,209.3166590389366,204.993808185834,206.0013885498047,10857430
2015-08-18 00:00:00+05:30,207.14982656076893,207.14982656076893,204.15960134533572,204.5712890625,6630334
2015-08-19 00:00:00+05:30,204.54962485456264,208.2332478499668,203.56371216469807,206.8464813232422,8877298
2015-08-20 00:00:00+05:30,208.00571234605115,208.00571234605115,197.9949121712965,198.54745483398438,19008087
2015-08-21 00:00:00+05:30,197.18237828844065,197.59408047605146,194.36548076434084,196.73817443847656,20050521
2015-08-24 00:00:00+05:30,190.6818473899387,190.6818473899387,177.24743714191817,179.75013732910156,35635706
2015-08-25 00:00:00+05:30,182.19868081612418,186.48903049306983,178.37421723569062,183.7804718017578,49504268
2015-08-26 00:00:00+05:30,183.70460642336403,189.5550784137296,182.01447682067646,184.9180450439453,18955515
2015-08-27 00:00:00+05:30,187.8215882123534,190.9526678641713,185.7089227120006,188.33079528808594,26997546
2015-08-28 00:00:00+05:30,189.59844131277868,191.33190670939808,187.66995147632863,189.03506469726562,10770215
2015-08-31 00:00:00+05:30,189.13256689851062,189.13256689851062,185.00474009842287,185.45977783203125,20708942
2015-09-01 00:00:00+05:30,185.0264192093235,185.0264192093235,180.9527615964536,181.9820098876953,21645696
2015-09-02 00:00:00+05:30,184.1813062401635,185.7197613924285,182.57784777414372,184.08380126953125,19652369
2015-09-03 00:00:00+05:30,185.05891477430148,186.5106991151108,182.96791659665965,185.0155792236328,11659978
2015-09-04 00:00:00+05:30,184.11632291823486,184.11632291823486,178.78589150241112,181.12608337402344,16199949
2015-09-07 00:00:00+05:30,181.63529768169096,182.88123810648506,179.3492896184002,180.54104614257812,10234633
2015-09-08 00:00:00+05:30,181.1477484492565,184.82053727176375,178.785888839222,183.87796020507812,12900468
2015-09-09 00:00:00+05:30,186.5648612324831,190.4001585674475,184.2896725893102,189.392578125,17340694
2015-09-10 00:00:00+05:30,186.56486429745576,188.62336076513685,185.37309328784568,187.86495971679688,11074406
2015-09-11 00:00:00+05:30,188.94837836211948,189.83678606408114,185.52478313292207,186.5540313720703,10634833
2015-09-14 00:00:00+05:30,186.72736584482607,187.58327184894227,184.59303224251795,187.18240356445312,7964072
2015-09-15 00:00:00+05:30,186.7815420458562,188.51502189093662,185.39476106268572,187.86495971679688,11509788
2015-09-16 00:00:00+05:30,188.97006093051598,190.10764804640357,187.47494106283227,189.06756591796875,13424811
2015-09-18 00:00:00+05:30,190.34599521984015,194.90719207485822,190.064314142537,194.018798828125,34261453
2015-09-21 00:00:00+05:30,190.68185905070663,192.4586599979373,189.82595300742656,190.27015686035156,12732187
2015-09-22 00:00:00+05:30,190.68186148180067,191.74361140156037,182.9895842751388,183.72630310058594,15745524
2015-09-23 00:00:00+05:30,182.66454680679405,185.65478648382367,182.01449910532168,184.25717163085938,15221260
2015-09-24 00:00:00+05:30,183.7479682552496,183.7479682552496,180.8769157435693,181.44029235839844,29076982
2015-09-28 00:00:00+05:30,181.97119026344342,182.2095358186591,179.56599461118395,180.76858520507812,11624639
2015-09-29 00:00:00+05:30,179.8476583991511,184.23549833313385,179.00258628744294,182.177001953125,15853471
2015-09-30 00:00:00+05:30,184.39804104189815,187.388266488164,181.68948222254548,186.8465576171875,17292020
2015-10-01 00:00:00+05:30,189.37090407971954,189.37090407971954,186.0448140197395,187.3665771484375,8663393
2015-10-05 00:00:00+05:30,186.9548752429101,192.8486683687886,186.74901694329932,192.41529846191406,16015412
2015-10-06 00:00:00+05:30,194.07296126936302,195.12387725650683,191.92777928181454,194.59300231933594,12330294
2015-10-07 00:00:00+05:30,193.86712204792647,198.92669251255052,193.06539985181988,198.0057830810547,11515191
2015-10-08 00:00:00+05:30,198.24411595357785,198.24411595357785,192.03612525357676,192.65367126464844,10753149
2015-10-09 00:00:00+05:30,193.72627472665081,196.19647348713048,191.00689654478074,192.2744903564453,9327873
2015-10-12 00:00:00+05:30,192.41531954217825,195.3622236602024,192.41531954217825,193.22789001464844,6212395
2015-10-13 00:00:00+05:30,191.77610112942506,194.21379802388637,191.31022952450718,193.62875366210938,6162561
2015-10-14 00:00:00+05:30,194.10549563251564,196.09898907067333,193.7046272741852,195.65478515625,8002587
2015-10-15 00:00:00+05:30,196.68400064803,197.39905166844528,195.0372063985044,195.8172607421875,9048478
2015-10-16 00:00:00+05:30,195.99060477692237,198.2224578857422,195.81726257991463,198.2224578857422,15246935
2015-10-19 00:00:00+05:30,203.8995993534613,209.20834944300125,203.8995993534613,208.77499389648438,33505855
2015-10-20 00:00:00+05:30,209.09999773181758,209.46836438823505,206.49979228983844,207.30152893066406,18091895
2015-10-21 00:00:00+05:30,207.0414901193275,211.22348637959888,206.49978128380675,206.9331512451172,14404450
2015-10-23 00:00:00+05:30,208.8724576299984,210.84428283498337,203.93206073101337,207.073974609375,12153422
2015-10-26 00:00:00+05:30,208.42825683852374,208.6666023454749,203.96456534631585,204.30043029785156,10938775
2015-10-27 00:00:00+05:30,203.4228493715546,205.47051173963425,203.11948609075966,203.58535766601562,11601798
2015-10-28 00:00:00+05:30,203.01113877040393,204.7446183636427,201.49435135855356,203.02197265625,11958727
2015-10-29 00:00:00+05:30,202.81614902892414,204.76630653335124,202.58862293902442,203.89956665039062,13280382
2015-10-30 00:00:00+05:30,204.1379101598204,207.1281497086737,203.70455468706052,205.35134887695312,13366359
2015-11-02 00:00:00+05:30,205.63302896102584,208.34158743976616,204.80963910221067,207.9732208251953,7222044
2015-11-03 00:00:00+05:30,208.72078391244088,210.28090697028475,208.28741398562846,209.57667541503906,11373522
2015-11-04 00:00:00+05:30,209.75005822789018,211.26684592869807,205.02633845443683,206.1314239501953,10033187
2015-11-05 00:00:00+05:30,205.6330434218748,206.06641338752812,202.16611262558703,202.9461669921875,10767454
2015-11-06 00:00:00+05:30,203.56370272069833,206.8789733878841,203.22785222431574,206.36976623535156,8367190
2015-11-09 00:00:00+05:30,202.2744339208214,209.09997050934973,200.09675039429194,208.28741455078125,17031699
2015-11-10 00:00:00+05:30,207.36652900655542,207.9082378624526,198.54748395366104,199.94509887695312,11486238
2015-11-13 00:00:00+05:30,198.27662579949765,203.36869744218205,198.1574530399701,202.17694091796875,13682323
2015-11-16 00:00:00+05:30,200.64931578292465,204.1162464203342,200.37845414262804,202.44778442382812,15346549
2015-11-17 00:00:00+05:30,203.26035648677433,203.444532567793,200.69265291728763,201.02850341796875,8588142
2015-11-18 00:00:00+05:30,200.99602844938556,201.79776513158296,197.17156453728845,197.6157684326172,11249222
2015-11-19 00:00:00+05:30,199.11084413197418,203.4011787616392,198.7533114246796,202.54527282714844,12183206
2015-11-20 00:00:00+05:30,202.38279382802457,206.45645132438898,200.55180894641563,205.16717529296875,11304265
2015-11-23 00:00:00+05:30,205.84973644807764,207.56153407790757,205.02633206364482,206.66229248046875,10499517
2015-11-24 00:00:00+05:30,206.49974837757273,210.53006957170825,206.07721237101546,209.68499755859375,14806176
2015-11-26 00:00:00+05:30,210.4000850367789,214.93961379970938,209.80420679653648,214.22454833984375,23805828
2015-11-27 00:00:00+05:30,214.30039535707985,215.0587963989896,211.07181014647182,212.14439392089844,10891864
2015-11-30 00:00:00+05:30,212.02520639572313,213.30364840482852,208.51492589455523,209.5550079345703,29919205
2015-12-01 00:00:00+05:30,208.88331123654012,212.0902287367924,208.28743295707417,209.29501342773438,12981379
2015-12-02 00:00:00+05:30,209.37084963989025,212.28525216248792,208.99164911314452,211.9060516357422,7573628
2015-12-03 00:00:00+05:30,211.2451569809326,214.28956617379202,211.07181477987675,211.7435302734375,11361395
2015-12-04 00:00:00+05:30,210.68178049773368,211.52685265735997,208.3199351489603,209.19749450683594,13443688
2015-12-07 00:00:00+05:30,209.1974841011743,210.83345890118747,205.7955567856769,206.29393005371094,14483909
2015-12-08 00:00:00+05:30,205.61134908534262,206.62976331050191,202.83780191371343,203.8778839111328,7532164
2015-12-09 00:00:00+05:30,202.8595041254595,204.4304612744202,197.79993379908925,198.4608154296875,9174419
2015-12-10 00:00:00+05:30,199.89091885238525,206.67312031200535,199.34921002517478,205.92556762695312,18592203
2015-12-11 00:00:00+05:30,206.2289240924403,207.79988108567747,204.31126825408217,206.4889373779297,18155513
2015-12-14 00:00:00+05:30,205.32970736030373,208.77498506059575,204.98300847329259,206.954833984375,10563900
2015-12-15 00:00:00+05:30,207.36652773745791,211.90605689006546,206.6406283284482,211.46185302734375,15718833
2015-12-16 00:00:00+05:30,211.46184572819857,213.9862138120149,210.94180466909168,212.05772399902344,12097338
2015-12-17 00:00:00+05:30,212.36108268774072,219.9341867743403,211.9168788500212,218.78575134277344,19369032
2015-12-18 00:00:00+05:30,217.50730926581477,218.6340623836799,214.5170698237719,214.92877197265625,16016139
2015-12-21 00:00:00+05:30,214.06203154684457,216.46722665054799,213.29281114779627,214.97210693359375,12331769
2015-12-22 00:00:00+05:30,215.1237938560502,217.2472935723345,213.21697188041995,213.93203735351562,11579277
2015-12-23 00:00:00+05:30,214.90710389759477,218.1790243822691,214.51706952212285,217.50730895996094,12919467
2015-12-24 00:00:00+05:30,217.52898467250333,218.24403566657762,215.88219048364215,216.80308532714844,11901877
2015-12-28 00:00:00+05:30,216.81392477286366,219.66332386434127,216.6839181277839,218.93743896484375,12885935
2015-12-29 00:00:00+05:30,218.93742593241504,220.7358944757029,218.2331943845487,220.02084350585938,14913870
2015-12-30 00:00:00+05:30,219.9341697717124,220.15084749801062,217.11727254302883,217.6589813232422,8151610
2015-12-31 00:00:00+05:30,217.42063996469415,220.95258822188913,216.48889679493288,219.8474884033203,18483713
2016-01-01 00:00:00+05:30,218.8074201514001,220.7792454803435,218.46073576088267,220.01002502441406,5416562
2016-01-04 00:00:00+05:30,217.76731330391894,219.67413509294985,213.80199532224194,215.6654815673828,30170947
2016-01-05 00:00:00+05:30,216.7489040539703,218.85073583860782,216.03385309895305,217.79981994628906,14946239
2016-01-06 00:00:00+05:30,218.33073130996965,225.0046088392531,216.77060804018743,223.66116333007812,26759864
2016-01-07 00:00:00+05:30,221.2451225143631,222.75107626597082,218.42823945006,219.55499267578125,19739943
2016-01-08 00:00:00+05:30,221.0175933977657,223.81280846606384,220.30252795242174,222.26351928710938,21313199
2016-01-11 00:00:00+05:30,220.1400286902471,229.85830020526586,219.0674449426684,227.86480712890625,29016443
2016-01-12 00:00:00+05:30,228.60152620236326,230.85503242835276,225.58961900047527,226.53219604492188,23373377
2016-01-13 00:00:00+05:30,228.18984885104433,236.1313198658129,226.9114067252699,233.33609008789062,71802356
2016-01-14 00:00:00+05:30,230.51917068198614,234.23530947936928,228.1789933324697,230.04246520996094,27823189
2016-01-15 00:00:00+05:30,231.79762829460677,236.07712947998945,230.89838672268309,232.5668487548828,28767318
2016-01-18 00:00:00+05:30,232.93520940889573,234.87453303742072,218.43906361533644,220.3350372314453,27254669
2016-01-19 00:00:00+05:30,222.9677657669591,227.47477861500693,219.73916608917565,226.13134765625,21489315
2016-01-20 00:00:00+05:30,224.24618781009107,224.24618781009107,214.51708239892608,217.66983032226562,45114225
2016-01-21 00:00:00+05:30,220.4867190379852,222.2635198402183,211.63517329333288,213.2602996826172,31768619
2016-01-22 00:00:00+05:30,215.39462713252064,219.06741560424348,215.39462713252064,217.5831298828125,23682648
2016-01-25 00:00:00+05:30,218.85073936338725,220.74672734037276,216.68390422652828,217.53981018066406,13099564
2016-01-27 00:00:00+05:30,218.43907903472584,218.8507667692877,216.02304974376474,216.5430908203125,17251028
2016-01-28 00:00:00+05:30,216.9006081253365,221.4076352890921,216.05553601198588,220.3458709716797,23074633
2016-01-29 00:00:00+05:30,220.79008768824772,225.35128455310596,220.5842438236206,224.3545379638672,19177163
2016-02-01 00:00:00+05:30,225.34044883358007,225.741317136433,222.2202024398864,223.24945068359375,9918809
2016-02-02 00:00:00+05:30,223.24945072887465,223.7911595696479,214.62543036213773,216.93312072753906,14771279
2016-02-03 00:00:00+05:30,214.08371145027684,215.38382128565348,211.26682850366376,212.65359497070312,15691478
2016-02-04 00:00:00+05:30,214.0837029334668,216.900600232485,209.2516593361559,210.8442840576172,18203784
2016-02-05 00:00:00+05:30,212.15521880860464,212.7835987114515,208.3199216058435,210.37841796875,20998404
2016-02-08 00:00:00+05:30,210.42176407638163,213.39033601416665,207.57236490013193,208.2440948486328,12078110
2016-02-09 00:00:00+05:30,206.47812216097438,209.92339975651325,205.84974219975453,207.47486877441406,19603494
2016-02-10 00:00:00+05:30,206.21809538853444,210.83346150218782,205.55719934236797,208.5907745361328,16883350
2016-02-11 00:00:00+05:30,208.6341022142668,209.3058321222605,198.37412216414094,200.33511352539062,17114833
2016-02-12 00:00:00+05:30,202.3611088437634,202.3611088437634,192.4369792519477,196.43479919433594,29319458
2016-02-15 00:00:00+05:30,198.91584879413813,206.14225441259546,198.91584879413813,205.1455078125,19283523
2016-02-16 00:00:00+05:30,206.08806656366005,207.583186330241,200.86598849962294,201.63522338867188,13024856
2016-02-17 00:00:00+05:30,202.62111006982167,207.46400182282935,198.5691209345818,206.4130859375,15442221
2016-02-18 00:00:00+05:30,208.65577589542633,209.90171630139076,202.81615165784507,203.70455932617188,14433087
2016-02-19 00:00:00+05:30,203.68292548503499,206.44563946939854,203.10870044594992,204.62548828125,10235503
2016-02-22 00:00:00+05:30,204.57128769025144,209.81504821443392,204.57128769025144,208.5149383544922,12770834
2016-02-23 00:00:00+05:30,208.68826781181738,209.57667543865958,204.2787602662221,205.7738800048828,18989787
2016-02-24 00:00:00+05:30,204.74465420182977,207.70237787785638,204.11625978383063,206.4239501953125,15186204
2016-02-25 00:00:00+05:30,206.75980661819221,207.26901378546972,203.86707192393416,204.5712890625,24826958
2016-02-26 00:00:00+05:30,206.49977811592808,207.74571854364044,204.6146238757118,205.92556762695312,8349402
2016-02-29 00:00:00+05:30,206.13141483861767,215.5138361788657,202.59946628479443,209.45751953125,31032353
2016-03-01 00:00:00+05:30,209.0349757445356,213.44449794652522,209.0241418575042,212.63192749023438,16453192
2016-03-02 00:00:00+05:30,215.14548553343027,217.92988159700158,213.9212272337788,217.00897216796875,20105967
2016-03-03 00:00:00+05:30,218.85076223591665,220.5842420981475,216.14221803176756,219.46832275390625,15880459
2016-03-04 00:00:00+05:30,219.7175342843587,219.9342265310473,217.44235971319247,218.07073974609375,8987660
2016-03-08 00:00:00+05:30,218.3090620853021,223.37946629456678,218.3090620853021,222.53440856933594,13222993
2016-03-09 00:00:00+05:30,221.01761288406888,226.19635578599065,220.71424956771168,225.7196502685547,11854901
2016-03-10 00:00:00+05:30,225.79548916280805,226.6297274406501,218.6340869248464,219.22996520996094,20706353
2016-03-11 00:00:00+05:30,219.9125064796047,223.08692202135626,218.98076330860337,219.82582092285156,15319044
2016-03-14 00:00:00+05:30,220.82255444267014,222.40434517736887,219.48995754812236,220.96340942382812,11880095
2016-03-15 00:00:00+05:30,221.88434793063243,222.7185862382691,219.9558724669886,221.12596130371094,10487788
2016-03-16 00:00:00+05:30,221.2342964917572,222.27437865470074,217.86487058227974,221.3968048095703,11064129
2016-03-17 00:00:00+05:30,225.03994164259063,227.20926193421207,221.7530789750696,222.62957763671875,16832997
2016-03-18 00:00:00+05:30,223.12261189536045,225.73018158313377,222.56384800707525,225.08377075195312,14030979
2016-03-21 00:00:00+05:30,225.24809979968094,228.21722763598328,224.1086603327633,227.29690551757812,12708074
2016-03-22 00:00:00+05:30,227.2311615604986,230.57278876055884,226.93533852407495,229.60865783691406,15333442
2016-03-23 00:00:00+05:30,229.40048249725353,229.40048249725353,224.03196137441657,225.52200317382812,16806372
2016-03-28 00:00:00+05:30,225.6973045331758,226.069818652217,222.5528828244483,223.59371948242188,18070240
2016-03-29 00:00:00+05:30,224.33873472880438,228.3267875113211,223.5498976426835,227.06683349609375,15871250
2016-03-30 00:00:00+05:30,228.4801599242787,230.46323036358757,228.4801599242787,229.433349609375,14453294
2016-03-31 00:00:00+05:30,228.1076618977725,231.39450978763205,226.28892945213528,229.02796936035156,30833349
2016-04-01 00:00:00+05:30,227.6913186672086,229.26900737044363,224.6016764616243,226.67239379882812,12381116
2016-04-04 00:00:00+05:30,227.88855425495225,228.37062708553685,224.6674412237693,226.80389404296875,8632568
2016-04-05 00:00:00+05:30,225.99310667861815,228.41441166012706,223.9881246199325,225.02896118164062,10259495
2016-04-06 00:00:00+05:30,226.15748468658478,227.16545382745403,224.0758111948758,226.51904296875,6990781
2016-04-07 00:00:00+05:30,226.77102453479034,229.64154975769242,223.9662491481989,227.2859649658203,8789163
2016-04-08 00:00:00+05:30,226.99014293472388,231.05488706070773,225.96027669528792,227.08876037597656,13411752
2016-04-11 00:00:00+05:30,227.23115233019854,229.09370815445948,226.35465375086105,227.95425415039062,10308361
2016-04-12 00:00:00+05:30,227.9542784429017,231.7122580915777,227.4612497678992,229.5100555419922,11164859
2016-04-13 00:00:00+05:30,230.63855279527326,234.44034127096924,230.63855279527326,233.59671020507812,16038542
2016-04-18 00:00:00+05:30,233.54193235357084,233.7610643358609,231.2630533526454,233.31185913085938,19065716
2016-04-20 00:00:00+05:30,234.2869537176954,234.2869537176954,226.96821486748303,227.29690551757812,21687934
2016-04-21 00:00:00+05:30,228.1953127836454,230.51801515545162,226.7929178903452,228.14053344726562,11380697
2016-04-22 00:00:00+05:30,227.6694336513031,229.53197511028492,225.54393673059408,227.65847778320312,11705087
2016-04-25 00:00:00+05:30,228.86364076735003,228.86364076735003,221.81881315850842,222.8267822265625,61157544
2016-04-26 00:00:00+05:30,222.4980909080174,224.36063214326785,220.76700544684903,222.8377227783203,26429236
2016-04-27 00:00:00+05:30,223.0459119898499,224.80985052776592,222.62957440025272,223.3745880126953,14502641
2016-04-28 00:00:00+05:30,222.1913145190593,223.33075393210575,217.1405136013782,218.40048217773438,61949033
2016-04-29 00:00:00+05:30,217.68833369750698,218.80587606630152,214.4891326183518,215.332763671875,23479680
2016-05-02 00:00:00+05:30,214.5219815342593,217.45824153721475,214.30286420299032,216.26402282714844,10620873
2016-05-03 00:00:00+05:30,216.49412092562375,218.0170304350802,213.15249347547459,213.82081604003906,17571826
2016-05-04 00:00:00+05:30,213.43735923952363,215.55190036955932,213.2072860009992,214.32481384277344,13546285
2016-05-05 00:00:00+05:30,214.74110815876938,215.49707756019455,212.74708198445174,213.7002716064453,21665684
2016-05-06 00:00:00+05:30,213.20727879199302,214.03993939725515,211.89253073432457,212.31982421875,14748329
2016-05-09 00:00:00+05:30,213.64551574014283,216.05586509826418,213.16344294305327,215.42041015625,15347096
2016-05-10 00:00:00+05:30,215.420426050356,215.77102846337823,214.30289822879905,215.29991149902344,7248302
2016-05-11 00:00:00+05:30,212.94430261355078,214.9054613274706,212.54987677188865,213.733154296875,12339923
2016-05-12 00:00:00+05:30,213.86463971281432,217.8526926229648,213.65647822397045,217.54591369628906,12786216
2016-05-13 00:00:00+05:30,216.70228033097834,217.05288272528878,213.6455201009553,214.33575439453125,14648291
2016-05-16 00:00:00+05:30,214.0837414205846,215.2889306761971,212.79091985603353,213.85366821289062,9327335
2016-05-17 00:00:00+05:30,214.79592331995602,215.42042243005707,211.75010421895527,212.3636474609375,12157600
2016-05-18 00:00:00+05:30,211.65147005866507,213.09767369081237,211.25704423747715,212.67039489746094,8228838
2016-05-19 00:00:00+05:30,212.9223961402468,212.9662196095892,207.20327249048017,208.43035888671875,9134784
2016-05-20 00:00:00+05:30,208.60566701348233,209.1534750065956,204.08076216614526,204.70526123046875,18544619
2016-05-23 00:00:00+05:30,205.39548365266916,206.1295559751392,202.8317377120166,203.78492736816406,18365734
2016-05-24 00:00:00+05:30,203.3576405355201,206.85266451230396,203.3576405355201,206.0747833251953,12283217
2016-05-25 00:00:00+05:30,208.1345504686578,208.78096126878384,206.22817104296016,208.43035888671875,9240115
2016-05-26 00:00:00+05:30,208.16743707014535,208.69333337757857,206.8746007245696,207.47718811035156,14190024
2016-05-27 00:00:00+05:30,207.9592369813486,214.06183046897164,207.89350177891004,213.5797576904297,13401594
2016-05-30 00:00:00+05:30,213.95226198226166,215.06978962709746,211.45425126757416,212.2650146484375,9633652
2016-05-31 00:00:00+05:30,212.33077438883083,213.20727307042165,209.59173429301813,209.88754272460938,23332727
2016-06-01 00:00:00+05:30,209.90944275505268,211.69530762215885,208.56184183162978,208.9562530517578,9042808
2016-06-02 00:00:00+05:30,209.15347092097073,209.73414650468828,207.09370939654212,209.53692626953125,10253825
2016-06-03 00:00:00+05:30,210.35864297306702,210.99409788448816,209.4492767601411,210.28195190429688,8643295
2016-06-06 00:00:00+05:30,210.5777645495879,211.01601386441843,208.72617911290325,209.21920776367188,8672842
2016-06-07 00:00:00+05:30,209.75604430539644,210.56679304439453,208.51798752316395,209.2739715576172,18954268
2016-06-08 00:00:00+05:30,209.9204140083773,209.9204140083773,207.98116685797325,209.0658416748047,12135516
2016-06-09 00:00:00+05:30,210.3586483500551,213.96323106566854,209.52597318461522,212.8018798828125,15643495
2016-06-10 00:00:00+05:30,213.42638914293337,215.70528277589165,212.17739096240973,214.0180206298828,16316760
2016-06-13 00:00:00+05:30,212.52797500136424,215.49710287910304,211.02697726112706,214.98216247558594,10214469
2016-06-14 00:00:00+05:30,214.94928383029816,215.92438524934602,212.39649367901382,213.91940307617188,10923848
2016-06-15 00:00:00+05:30,214.7411306723193,216.16542269416254,213.3716033603493,215.7490997314453,11129082
2016-06-16 00:00:00+05:30,214.9602549728195,215.54093059324074,211.90348009426714,213.9303741455078,9372207
2016-06-17 00:00:00+05:30,214.08374197652589,214.44530021688112,212.5717884400618,213.6235809326172,10534878
2016-06-20 00:00:00+05:30,213.0209959589808,217.50207728233312,212.11164435555278,216.97618103027344,10758608
2016-06-21 00:00:00+05:30,217.8307861924487,217.84174206054942,214.67540841547998,216.2969207763672,13933068
2016-06-22 00:00:00+05:30,215.83671943124594,216.03392502027626,214.10563408490398,214.8506622314453,12788710
2016-06-23 00:00:00+05:30,214.73017826231325,215.17936883458282,212.54988747003043,214.83973693847656,9837526
2016-06-24 00:00:00+05:30,211.43235401267034,211.43235401267034,204.5299674454081,208.48513793945312,24985097
2016-06-27 00:00:00+05:30,206.0857560533214,210.00805916554054,206.0857560533214,209.4054718017578,9163399
2016-06-28 00:00:00+05:30,209.5698226145508,210.69830625669405,209.26304368771218,209.8765869140625,7604977
2016-06-29 00:00:00+05:30,210.7969012058477,212.31981066075218,210.35865188127661,211.87060546875,7523987
2016-06-30 00:00:00+05:30,212.98814657103858,214.19333594609262,211.90348637261903,212.3636474609375,12758283
2016-07-01 00:00:00+05:30,213.15248028671834,214.03992015284405,212.54987833905426,213.3058624267578,6610193
2016-07-04 00:00:00+05:30,213.755070985688,217.72119734639324,213.755070985688,216.20924377441406,7803505
2016-07-05 00:00:00+05:30,216.07776803203262,219.75904175156415,214.8068581997706,217.61163330078125,11359882
2016-07-07 00:00:00+05:30,217.48016753091017,219.23315017798382,216.0887285041374,216.47219848632812,12029091
2016-07-08 00:00:00+05:30,216.27500120159743,216.71323590974276,213.94132824408993,214.39053344726562,7140617
2016-07-11 00:00:00+05:30,217.15148817014477,218.0170309850437,215.94631345185854,217.4801788330078,8266601
2016-07-12 00:00:00+05:30,218.08277206779184,220.2192248656451,217.15149402069494,219.86863708496094,9767494
2016-07-13 00:00:00+05:30,220.2630130450727,222.78293545160463,220.03293985086378,221.04090881347656,14915296
2016-07-14 00:00:00+05:30,220.89850090450767,222.2132342353048,218.7401219095391,220.19729614257812,10758372
2016-07-15 00:00:00+05:30,221.09571535494237,223.7251967489848,219.89054064897658,221.79690551757812,13992989
2016-07-18 00:00:00+05:30,225.2590521886203,227.61463678538598,219.50706097840077,220.4931182861328,32106850
2016-07-19 00:00:00+05:30,220.43831404064173,224.152455012166,218.0936855760721,223.0239715576172,16649300
2016-07-20 00:00:00+05:30,223.4951295709444,225.32480341485555,222.75010128987566,224.1634521484375,12265316
2016-07-21 00:00:00+05:30,224.38255343804434,224.60168541038658,220.21920686412867,220.51502990722656,6711097
2016-07-22 00:00:00+05:30,220.4383620361395,223.02402011608385,220.24114177754274,222.3776092529297,6899519
2016-07-25 00:00:00+05:30,222.19132254947732,224.3277751829863,220.73414831611845,224.10865783691406,8241568
2016-07-26 00:00:00+05:30,224.16345094241404,226.74910892151834,222.45429165608897,224.39352416992188,10516399
2016-07-27 00:00:00+05:30,224.17440155171042,224.82081237449123,221.08475909083396,221.99412536621094,11030767
2016-07-28 00:00:00+05:30,222.39952541753712,225.806888322935,221.98318778257462,224.89752197265625,15610838
2016-07-29 00:00:00+05:30,224.38256159883497,224.57978184384848,221.75308022637645,222.3885498046875,9629597
2016-08-01 00:00:00+05:30,223.06781714764807,223.57180166181095,220.23015980345846,221.20526123046875,7978251
2016-08-02 00:00:00+05:30,220.87659794557266,223.50607933896524,220.50408381520506,221.9283905029297,7710138
2016-08-03 00:00:00+05:30,222.2789639734849,222.2789639734849,217.26104522698256,217.7978973388672,11872282
2016-08-04 00:00:00+05:30,218.90445425716396,219.12357158287915,215.4861215847334,217.58970642089844,10187608
2016-08-05 00:00:00+05:30,218.68536299131176,223.28695933339728,218.47720149315316,222.6843719482422,12109001
2016-08-08 00:00:00+05:30,223.48415333911302,226.5737956075618,223.2102420358569,225.532958984375,13556347
2016-08-09 00:00:00+05:30,225.03994391204938,226.68336794872005,223.72519590631683,225.85069274902344,13290768
2016-08-10 00:00:00+05:30,225.9712308745047,226.69433279854616,219.56185786201095,219.9234161376953,13471958
2016-08-11 00:00:00+05:30,219.55087752238865,224.13056153706498,219.0359371502519,222.21322631835938,14169454
2016-08-12 00:00:00+05:30,222.84869275222752,228.52400763349493,222.84869275222752,226.9682159423828,16365425
2016-08-16 00:00:00+05:30,227.06682794373526,228.94032511953964,222.52001140342725,224.57977294921875,13367575
2016-08-17 00:00:00+05:30,224.404474542693,225.43435536192445,220.70128886600855,222.03794860839844,15486572
2016-08-18 00:00:00+05:30,222.6295759329554,224.30586754298648,222.6295759329554,223.0787811279297,7749690
2016-08-19 00:00:00+05:30,223.06782822626903,223.94432689286407,220.67937594209448,222.3885498046875,8177802
2016-08-22 00:00:00+05:30,221.75308244702694,223.44034459121778,220.70128988751082,221.72021484375,6684236
2016-08-23 00:00:00+05:30,221.75305348703347,222.41043472137497,220.2191883191114,221.41342163085938,7320433
2016-08-24 00:00:00+05:30,221.6873550594052,223.93338116584857,221.5339729053696,223.6156463623047,8719596
2016-08-25 00:00:00+05:30,223.7690202799804,225.47819415706164,221.0957154142639,221.90647888183594,14960746
2016-08-26 00:00:00+05:30,223.04590491537942,225.87259175882602,222.32278843340234,225.2371368408203,9639663
2016-08-29 00:00:00+05:30,225.09473055510134,232.2162495724351,224.8427309625444,231.71226501464844,16193208
2016-08-30 00:00:00+05:30,232.70927052638626,234.1335625806446,230.73715583301112,233.6734161376953,18170724
2016-08-31 00:00:00+05:30,233.34471559525892,235.33874193954605,229.4223981100357,232.27101135253906,23295502
2016-09-01 00:00:00+05:30,230.73714215810568,235.06482665749513,224.75506322637952,225.52200317382812,42621045
2016-09-02 00:00:00+05:30,225.93835537173308,226.25609018435216,219.6275996118064,222.04891967773438,28124615
2016-09-06 00:00:00+05:30,223.48416137695312,224.60168910959345,222.4104571140378,223.48416137695312,11510431
2016-09-07 00:00:00+05:30,223.94432437296902,225.0508962477473,221.98316557651037,222.9911346435547,12927438
2016-09-08 00:00:00+05:30,224.17436846721822,227.00106968565007,223.54986947204242,226.44229125976562,12206479
2016-09-09 00:00:00+05:30,226.79289957444357,230.05783552295614,225.69728368067862,228.88552856445312,15269894
2016-09-12 00:00:00+05:30,225.78495913721363,231.394524338763,225.51106244283108,229.31285095214844,33684893
2016-09-14 00:00:00+05:30,229.6415429885336,232.05189242284777,228.08576587313954,228.92938232421875,18604842
2016-09-15 00:00:00+05:30,229.422408780474,234.50607768266,229.422408780474,233.36663818359375,31371009
2016-09-16 00:00:00+05:30,233.80489319285468,239.6883552097471,232.07380753945966,235.6783905029297,39324529
2016-09-19 00:00:00+05:30,235.02100275325975,238.40646805360544,234.68137087565125,237.1793670654297,16678060
2016-09-20 00:00:00+05:30,237.52997687173615,237.69431488217413,234.25408476638174,235.382568359375,11531268
2016-09-21 00:00:00+05:30,235.33877704424427,237.72721496491323,234.24316090364468,234.95530700683594,10943394
2016-09-22 00:00:00+05:30,237.31086179893705,240.1156370072581,236.43436314688145,238.61463928222656,18761415
2016-09-23 00:00:00+05:30,238.62559838918483,243.10667989017782,238.62559838918483,241.64950561523438,31085948
2016-09-26 00:00:00+05:30,241.78097228034986,247.51106648279213,241.09073800389322,242.6136474609375,38213411
2016-09-27 00:00:00+05:30,244.76105284756102,246.72221160461515,242.48217393863686,243.3367462158203,19374535
2016-09-28 00:00:00+05:30,242.7670132464464,242.7889249798629,238.03394718255126,238.9871368408203,24820234
2016-09-29 00:00:00+05:30,239.94034221374443,243.39152821682944,233.89252786678682,234.9990997314453,21260295
2016-09-30 00:00:00+05:30,234.02400381284568,239.8417450815078,233.65148968422855,237.46424865722656,11199883
2016-10-03 00:00:00+05:30,238.187329260496,242.77796905610504,235.8317594094729,238.9980926513672,18125170
2016-10-04 00:00:00+05:30,239.51301273328082,242.85463955951636,239.28292492461864,240.23611450195312,13113580
2016-10-05 00:00:00+05:30,241.91244179880178,242.4602497633129,237.92438928548657,238.71322631835938,10789932
2016-10-06 00:00:00+05:30,239.28295858002704,246.7879471034055,239.28295858002704,243.40249633789062,21111045
2016-10-07 00:00:00+05:30,244.10370321991394,246.08675922266764,242.46027912734775,243.00808715820312,15280380
2016-10-10 00:00:00+05:30,244.10365214018103,245.85664917395795,239.72117418306286,240.23611450195312,11553662
2016-10-13 00:00:00+05:30,238.62559254856615,238.63654841591426,230.51801667374394,231.64651489257812,21938040
2016-10-14 00:00:00+05:30,232.92836263807334,237.0917089274334,232.6325396151943,236.13851928710938,15265659
2016-10-17 00:00:00+05:30,236.65347451095974,236.82878301333292,231.9970993090854,232.41343688964844,9826781
2016-10-18 00:00:00+05:30,233.58572669382943,237.25605895034775,232.72019862233856,236.89450073242188,11073137
2016-10-19 00:00:00+05:30,237.6285831423203,239.87460912101471,236.96026059613635,238.2640380859375,17073242
2016-10-20 00:00:00+05:30,239.71025688679038,240.5977114122487,237.54093660440458,238.30787658691406,10125508
2016-10-21 00:00:00+05:30,240.3785992596081,240.3785992596081,231.92042067064696,233.19134521484375,43608816
2016-10-24 00:00:00+05:30,234.4622401779821,235.33873879895182,232.41343452491034,232.99411010742188,10513017
2016-10-25 00:00:00+05:30,233.36664168088976,233.4214210203844,231.00010107808697,232.457275390625,7658966
2016-10-26 00:00:00+05:30,231.4054887343722,232.15051702520236,230.53994589357248,230.9672393798828,10945927
2016-10-27 00:00:00+05:30,230.32081815122373,230.93436136893033,228.63357064569894,229.794921875,12842476
2016-10-28 00:00:00+05:30,230.07978383884708,231.83276651068758,228.7212123947254,231.16444396972656,8127969
2016-11-01 00:00:00+05:30,230.3646548876319,231.38357989569866,229.51006790430898,230.29891967773438,10223897
2016-11-02 00:00:00+05:30,228.1076652670801,228.5130469825886,223.72518672187593,224.32777404785156,7039997
2016-11-03 00:00:00+05:30,224.3496855555649,226.73813774988278,223.63753955782738,224.37159729003906,7311872
2016-11-04 00:00:00+05:30,223.56086516928866,225.01803950253543,219.12360696122062,220.33975219726562,11535892
2016-11-07 00:00:00+05:30,222.19132617234345,222.75009004126457,218.91543403119258,219.37559509277344,9506040
2016-11-08 00:00:00+05:30,220.3725909470874,220.3725909470874,218.75106417800762,219.89051818847656,13432073
2016-11-09 00:00:00+05:30,208.16743216884407,221.0957221835673,203.78495329186768,220.13157653808594,21640144
2016-11-10 00:00:00+05:30,223.19928716318674,225.46722478662258,220.65745286260037,221.40248107910156,9764091
2016-11-11 00:00:00+05:30,218.65246270434423,222.95824995809178,218.04987540925788,219.50704956054688,14775330
2016-11-15 00:00:00+05:30,218.3566838289084,219.123609227993,214.64252750135094,215.92440795898438,14487470
2016-11-16 00:00:00+05:30,218.0279764304218,218.42240228153716,214.89451061080626,216.17637634277344,16550762
2016-11-17 00:00:00+05:30,216.05585458196725,218.7182033902041,213.51402031030526,214.2480926513672,12628378
2016-11-18 00:00:00+05:30,215.83672878922638,217.52397611716844,215.17934754264104,216.38453674316406,18163751
2016-11-21 00:00:00+05:30,216.3955046046057,217.71023791600237,215.4423149088138,217.26104736328125,13232434
2016-11-22 00:00:00+05:30,218.6196106415124,220.83275437878703,217.65546504992258,219.4413299560547,17646355
2016-11-23 00:00:00+05:30,220.21920449969392,221.42439376632126,219.0249857275257,221.095703125,13107911
2016-11-24 00:00:00+05:30,220.3397528310744,220.3397528310744,215.22321616157464,216.35169982910156,18913793
2016-11-25 00:00:00+05:30,216.93235424096343,218.22517580329654,215.69431201370156,217.74310302734375,10454964
2016-11-28 00:00:00+05:30,217.58974235269815,219.25507818511412,215.63953932248594,216.19830322265625,8312777
2016-11-29 00:00:00+05:30,216.71321904726835,220.06581669500127,216.50505757709638,218.61959838867188,9885281
2016-11-30 00:00:00+05:30,219.11264922303127,219.11264922303127,216.19830058141181,216.94332885742188,27596098
2016-12-01 00:00:00+05:30,219.1235981279182,222.4104608030963,218.0279821119677,218.6305694580078,12627845
2016-12-02 00:00:00+05:30,218.22519052473288,220.21921696514627,217.32679474163294,217.97320556640625,12481430
2016-12-05 00:00:00+05:30,218.02800121252534,219.05788211302172,216.16544504584246,217.77601623535156,3987213
2016-12-06 00:00:00+05:30,218.247077797115,220.5588387705785,217.94031353440664,220.2630157470703,6726369
2016-12-07 00:00:00+05:30,220.00008048767293,220.78891752467385,218.32378898513616,218.9373321533203,4930865
2016-12-08 00:00:00+05:30,220.23019625925443,223.90052936565576,220.0768140943922,223.51705932617188,8750556
2016-12-09 00:00:00+05:30,223.94431471865443,226.10267903753314,223.5718006115034,225.46722412109375,8239158
2016-12-12 00:00:00+05:30,223.6156405764741,228.26106019587357,223.6156405764741,225.08377075195312,9023848
2016-12-13 00:00:00+05:30,225.25905347973972,228.10766674669884,225.16045067386656,227.84471130371094,10365823
2016-12-14 00:00:00+05:30,227.8447099038759,233.24611335966333,227.49412215181422,232.1614532470703,24139260
2016-12-15 00:00:00+05:30,230.60566649558177,233.93633776374082,229.78394723166943,230.72618103027344,19331986
2016-12-16 00:00:00+05:30,230.51801667374394,232.7092632799974,230.51801667374394,231.64651489257812,14942206
2016-12-19 00:00:00+05:30,231.17540828265783,233.7939338323073,231.03296737345144,232.8297882080078,15009634
2016-12-20 00:00:00+05:30,231.1096619157531,232.49013045119372,230.77001540188377,231.81085205078125,11688169
2016-12-21 00:00:00+05:30,232.29292004340624,233.87060878513904,231.65746512534565,232.983154296875,20367894
2016-12-22 00:00:00+05:30,231.83275237879724,232.851677242946,230.28793128242083,230.81382751464844,28892834
2016-12-23 00:00:00+05:30,230.51801650419446,234.23217255108227,230.51801650419446,231.67938232421875,10265033
2016-12-26 00:00:00+05:30,231.03296498034834,233.58575529653402,228.90746813270198,229.52101135253906,15321770
2016-12-27 00:00:00+05:30,229.60867349698816,233.82679959968016,229.4224091178969,233.3009033203125,17442849
2016-12-28 00:00:00+05:30,234.0020753988561,234.363633634018,229.44430312080814,230.01402282714844,9637310
2016-12-29 00:00:00+05:30,230.07980462950772,234.19932817654473,229.9702313179137,233.4652557373047,8772325
2016-12-30 00:00:00+05:30,233.32279948323998,237.74910140510195,232.95028537724681,237.1793670654297,15711974
2017-01-02 00:00:00+05:30,237.52996765259263,238.84471556704645,234.97717751957185,237.77101135253906,7097888
2017-01-03 00:00:00+05:30,238.81184374637823,240.37857657270558,236.8945085569266,238.71322631835938,6434204
2017-01-04 00:00:00+05:30,239.4801704088041,239.50208214267252,233.21323899453438,233.83773803710938,10392483
2017-01-05 00:00:00+05:30,234.68137523395623,236.6315634816447,234.18834658159105,236.08375549316406,8734164
2017-01-06 00:00:00+05:30,235.38256750773473,237.74910798611037,235.1415237993049,235.54690551757812,7845839
2017-01-09 00:00:00+05:30,235.9961082155429,237.96822282216377,234.68137489601304,236.1494903564453,5228980
2017-01-10 00:00:00+05:30,236.65346498579555,239.80884237359842,236.65346498579555,238.8118438720703,11349916
2017-01-11 00:00:00+05:30,239.94036120425073,240.09374336035165,237.5299970431705,237.9792022705078,11475958
2017-01-12 00:00:00+05:30,238.18733569952568,238.92140804330162,236.609646969281,237.3765869140625,4371992
2017-01-13 00:00:00+05:30,237.65049267666242,240.4881501026076,237.65049267666242,238.932373046875,7234429
2017-01-16 00:00:00+05:30,238.8337981563112,239.71028227974986,235.32781778057242,235.83180236816406,12013154
2017-01-17 00:00:00+05:30,233.36664390193826,234.0240106094572,227.55987295964547,228.16246032714844,39234251
2017-01-18 00:00:00+05:30,228.45826090020353,229.64153848580435,225.4233978038085,226.25607299804688,15867619
2017-01-19 00:00:00+05:30,226.82577677942345,229.04989088764037,225.91641057579744,226.508056640625,15284274
2017-01-20 00:00:00+05:30,226.56282701634493,227.32975229320368,224.36062472891584,224.77696228027344,8784907
2017-01-23 00:00:00+05:30,223.90048692617898,225.91641030709985,221.92837238530092,222.60765075683594,13708502
2017-01-24 00:00:00+05:30,222.84868535220502,225.43434312766897,222.84868535220502,225.1056671142578,9419288
2017-01-25 00:00:00+05:30,226.13555679209082,226.28893893772917,222.66244438885136,222.91444396972656,23856654
2017-01-27 00:00:00+05:30,223.5608630045329,225.45628666893836,223.2869516784924,224.6236114501953,21861796
2017-01-30 00:00:00+05:30,224.5907565532762,229.30191168363982,224.557888947571,228.9403533935547,15678126
2017-01-31 00:00:00+05:30,229.3895276015269,230.91243700850686,227.95426513123775,229.02796936035156,15125194
2017-02-01 00:00:00+05:30,229.22518583889223,230.2769783165975,226.8367337165789,230.00306701660156,11312284
2017-02-02 00:00:00+05:30,230.079778416935,230.25507229179027,227.50507649336802,228.6554718017578,9099129
2017-02-03 00:00:00+05:30,229.20327308059305,230.17837448559214,225.71920502852015,226.49710083007812,13219481
2017-02-06 00:00:00+05:30,227.23115145327833,228.96222224483054,226.1464914135135,228.2500762939453,9991907
2017-02-07 00:00:00+05:30,228.32679175432503,228.40348282813298,225.0837671550574,225.89451599121094,9905562
2017-02-08 00:00:00+05:30,225.89452132915633,227.5050924264882,223.94433295283355,224.6345672607422,16230826
2017-02-09 00:00:00+05:30,225.2590747507581,226.57382283519578,224.99613391026708,226.29991149902344,9861688
2017-02-10 00:00:00+05:30,226.79292725732088,226.91344180233384,224.722209747337,225.7301788330078,12518554
2017-02-13 00:00:00+05:30,226.35466295953427,226.57379492694608,223.94431370928484,225.6644287109375,8565757
2017-02-14 00:00:00+05:30,226.79292512592764,230.7152427544646,225.67539737347482,230.03594970703125,18244623
2017-02-15 00:00:00+05:30,230.71522638991155,231.7231953946146,229.03892025280555,230.3646240234375,15236663
2017-02-16 00:00:00+05:30,230.63855178428076,234.3417374346383,230.63855178428076,233.91444396972656,19655195
2017-02-17 00:00:00+05:30,233.69531943872084,236.2590655221144,231.93136629510505,235.66741943359375,14847356
2017-02-20 00:00:00+05:30,234.58277461980435,236.40150721853405,233.69533468378376,235.64552307128906,11650581
2017-02-21 00:00:00+05:30,235.60170388480802,239.05290476157148,235.13058692454322,238.4503173828125,14186476
2017-02-22 00:00:00+05:30,239.50211128614956,265.5011180509392,239.28297929347514,264.5917663574219,127323130
2017-02-23 00:00:00+05:30,265.9283867599504,267.76903096665285,258.42339828626336,259.1684265136719,62249698
2017-02-27 00:00:00+05:30,260.866627790657,275.3945172115851,260.8337748164993,271.47222900390625,83422197
2017-02-28 00:00:00+05:30,269.96024597149193,273.4662402887745,269.1933060577551,271.28594970703125,36111716
2017-03-01 00:00:00+05:30,271.73514289577173,272.6773766329457,269.5219994391475,270.508056640625,24385665
2017-03-02 00:00:00+05:30,271.2530689376841,274.93435713968313,268.8756019997644,271.0010986328125,18063590
2017-03-03 00:00:00+05:30,272.0529321604447,282.18738823080196,272.0529321604447,275.77801513671875,84305639
2017-03-06 00:00:00+05:30,278.0678838294902,287.49019448164756,277.2461790253962,286.03302001953125,66724743
2017-03-07 00:00:00+05:30,288.9911620500106,290.77701239515955,284.0170517627637,285.9453430175781,42071555
2017-03-08 00:00:00+05:30,286.5478967848004,286.5478967848004,281.8148454002689,282.932373046875,43336972
2017-03-09 00:00:00+05:30,282.669481241822,284.42244945434976,280.8069250897717,281.9573059082031,31094457
2017-03-10 00:00:00+05:30,282.724250635049,283.98421941385106,276.3587007836864,280.83978271484375,24785585
2017-03-14 00:00:00+05:30,288.9692483041829,289.02404227048964,281.62861209829543,282.55987548828125,27765035
2017-03-15 00:00:00+05:30,282.8995239851457,288.4323981612016,282.7571123301341,285.9453430175781,24107889
2017-03-16 00:00:00+05:30,287.0519059208385,287.1395528565999,283.4582645360172,284.3457336425781,15924023
2017-03-17 00:00:00+05:30,286.6136238168241,289.23214899331543,284.4333625460061,285.0140380859375,22727289
2017-03-20 00:00:00+05:30,286.1754377491358,286.2302317171409,280.1166817695777,280.6535339355469,12869337
2017-03-21 00:00:00+05:30,280.96031298332053,281.33281251947153,275.9423788407116,276.9284362792969,22596181
2017-03-22 00:00:00+05:30,274.34273665370296,277.3885556210907,273.1485324538092,276.0299987792969,20291685
2017-03-23 00:00:00+05:30,276.78598690148164,279.94136475761,275.6575178314708,279.0101013183594,11807911
2017-03-24 00:00:00+05:30,279.18539804442884,283.1077159812901,277.9473410234483,281.9573059082031,16282523
2017-03-27 00:00:00+05:30,278.527971515153,280.20429225842906,273.29092095445947,274.1455078125,32452615
2017-03-28 00:00:00+05:30,275.65749676752216,276.9722301267818,272.1734138717025,272.9732360839844,21707345
2017-03-29 00:00:00+05:30,274.2769890890697,276.0957215443711,270.2560834557331,275.3616638183594,18924345
2017-03-30 00:00:00+05:30,275.0001539486225,279.32785387791427,274.5619191857531,278.429443359375,27862325
2017-03-31 00:00:00+05:30,277.4104453657711,293.1106558939095,277.4104453657711,289.4403381347656,45390562
2017-04-03 00:00:00+05:30,294.06388984135134,302.5001421420652,292.9792150397799,301.21826171875,44886623
2017-04-05 00:00:00+05:30,305.7212350749376,310.71725677243865,302.4124754291378,310.05987548828125,40323877
2017-04-06 00:00:00+05:30,308.7451521897154,317.4881685029597,307.2551249531842,315.20928955078125,50620850
2017-04-07 00:00:00+05:30,311.4403803174322,314.22322914804084,307.3317983939805,308.21923828125,31875272
2017-04-10 00:00:00+05:30,308.96424330249187,312.22917930830516,301.79890177437596,302.6863708496094,30768410
2017-04-11 00:00:00+05:30,304.1107012684822,306.8716677610684,300.22126574758386,300.71429443359375,32249647
2017-04-12 00:00:00+05:30,303.0041460235815,303.8039683500523,296.068890726405,296.6933898925781,27448279
2017-04-13 00:00:00+05:30,296.6933508273416,300.944344498031,295.2361765465829,299.0599060058594,12713918
2017-04-17 00:00:00+05:30,299.10372095088104,305.79794605557015,299.10372095088104,304.9871826171875,11837502
2017-04-18 00:00:00+05:30,306.7620641887551,308.96423721057937,299.5419288427577,300.2431335449219,16016414
2017-04-19 00:00:00+05:30,299.98019431958176,302.9493368014956,297.4712275270308,299.9363708496094,11572557
2017-04-20 00:00:00+05:30,302.17147072196843,303.8806153911781,298.9065050268288,300.1007385253906,8393496
2017-04-21 00:00:00+05:30,302.50010377218473,311.3746189168726,302.0728103519453,307.3208312988281,30230907
2017-04-24 00:00:00+05:30,308.75608196859093,314.4423671524225,306.8168496086532,310.5857849121094,25512511
2017-04-25 00:00:00+05:30,319.9204641856001,321.6186675605162,312.49218110489363,313.9602966308594,36764315
2017-04-26 00:00:00+05:30,314.44238306002876,315.5489403211543,307.3427760328846,310.37762451171875,16763153
2017-04-27 00:00:00+05:30,310.49814442003,312.06487733084526,307.2551199250543,308.8547058105469,12571594
2017-04-28 00:00:00+05:30,308.90951235689823,311.2212443406213,304.8009302931679,305.72125244140625,11848658
2017-05-02 00:00:00+05:30,307.21125464576164,307.21125464576164,299.3885609060489,300.31982421875,18591411
2017-05-03 00:00:00+05:30,301.7112490049999,302.55486534292913,299.1036942992869,300.2212219238281,9500038
2017-05-04 00:00:00+05:30,301.29495207199665,302.3029211197685,296.7043120204406,297.55889892578125,14365934
2017-05-05 00:00:00+05:30,298.3586860887891,299.6186546877648,290.33875733120516,291.0509033203125,15598448
2017-05-08 00:00:00+05:30,291.43439454646835,293.5160679573816,288.8816041883912,289.5499267578125,16066733
2017-05-09 00:00:00+05:30,290.11963888194185,292.23416510698564,289.29790497027534,291.5110778808594,21106150
2017-05-10 00:00:00+05:30,292.48615456914683,298.796909306984,291.57680300705687,297.81085205078125,22906024
2017-05-11 00:00:00+05:30,298.9064834103308,300.14454029152614,296.1783993285229,297.90948486328125,13783848
2017-05-12 00:00:00+05:30,298.01908211976763,298.88461037187903,294.51311638199337,295.9154968261719,7523427
2017-05-15 00:00:00+05:30,297.2192792184712,297.2192792184712,292.2013452616669,294.5240478515625,6738085
2017-05-16 00:00:00+05:30,294.9512705426239,301.71122981918825,293.84468422749694,297.1972961425781,12655992
2017-05-17 00:00:00+05:30,296.47415150316016,299.3117935791623,295.3237418349535,296.4960632324219,9844573
2017-05-18 00:00:00+05:30,293.6804002172352,295.81683819203516,290.14155273886877,290.85369873046875,9790379
2017-05-19 00:00:00+05:30,292.0917936161347,292.6834105188399,287.0519478012936,288.9911804199219,12813204
2017-05-22 00:00:00+05:30,290.6674367251093,292.22322838132334,288.1913522214276,290.1524963378906,8801430
2017-05-23 00:00:00+05:30,290.49212814337096,291.40150895954815,285.2989010651615,286.0767822265625,9223001
2017-05-24 00:00:00+05:30,286.5040672505766,287.8626531879912,283.78695388504707,284.3566589355469,14326531
2017-05-25 00:00:00+05:30,284.86066987160564,287.57778334996533,284.0827594460683,285.39752197265625,25922008
2017-05-26 00:00:00+05:30,285.72618385305856,294.58972832932193,284.86065579047096,293.0339660644531,21430443
2017-05-29 00:00:00+05:30,292.9682744617091,299.2023241970798,292.6614809058712,297.3288269042969,24022633
2017-05-30 00:00:00+05:30,297.10969215296217,299.0379832996835,295.4881652894662,297.86566162109375,9658309
2017-05-31 00:00:00+05:30,299.54195340901197,299.7501295143908,292.7052874525053,293.77899169921875,16423338
2017-06-01 00:00:00+05:30,292.0260193745756,293.6256052264595,289.90052264703195,291.0509033203125,9534069
2017-06-02 00:00:00+05:30,292.5299919783309,293.3407554062333,288.58576276553174,290.2839660644531,11495005
2017-06-05 00:00:00+05:30,290.6126673947768,293.8447213133778,288.33378853750685,291.29193115234375,10835031
2017-06-06 00:00:00+05:30,292.29993019582696,292.29993019582696,287.27105505401613,287.66546630859375,9591064
2017-06-07 00:00:00+05:30,287.3148563728158,294.0638754355538,286.8327982099465,293.406494140625,11199223
2017-06-08 00:00:00+05:30,293.62561728896316,294.6774098288396,291.0070918068265,291.806884765625,7903123
2017-06-09 00:00:00+05:30,294.7431724456267,296.4632876936214,291.6535297439835,292.68341064453125,13836547
2017-06-12 00:00:00+05:30,290.67838062520116,291.3795853185319,288.58573703876306,289.1225891113281,8432435
2017-06-13 00:00:00+05:30,289.3745624369237,290.77694244184295,287.2709778022215,288.0050354003906,6025338
2017-06-14 00:00:00+05:30,288.34472168536126,298.008059450785,288.34472168536126,297.46026611328125,52939271
2017-06-15 00:00:00+05:30,298.0080820438874,305.67742338758796,297.8108764274351,303.256103515625,28290813
2017-06-16 00:00:00+05:30,304.3846133818224,305.8527289483489,300.04594338092875,304.3188781738281,32710880
2017-06-19 00:00:00+05:30,304.62566881555745,310.23521998933904,304.62566881555745,308.7999572753906,15236956
2017-06-20 00:00:00+05:30,308.74515976054505,311.6156848835112,308.4055132319619,309.4792175292969,10142474
2017-06-21 00:00:00+05:30,308.4821658041418,312.90845264453566,307.70425544358534,311.5937194824219,19992472
2017-06-22 00:00:00+05:30,313.2261939948752,316.72121768060174,312.842724053112,313.9273986816406,22118609
2017-06-23 00:00:00+05:30,314.66145278197394,315.976185956977,313.4781899990063,314.6285705566406,31143289
2017-06-27 00:00:00+05:30,313.7849832186184,316.19533247111116,312.2511033272854,314.9134521484375,32591540
2017-06-28 00:00:00+05:30,315.5270294353656,315.5270294353656,305.79795563398994,306.4443664550781,15567803
2017-06-29 00:00:00+05:30,306.77304661016433,308.9642786871054,304.60372626889966,305.1734313964844,12898245
2017-06-30 00:00:00+05:30,305.0200305945174,305.10767753186303,301.3058892332133,302.39056396484375,7814271
2017-07-03 00:00:00+05:30,304.1873382673583,305.6116594281433,300.41843241024867,302.62060546875,9195278
2017-07-04 00:00:00+05:30,304.5818047113755,312.71129242237436,304.36268736167807,311.5827941894531,18816782
2017-07-05 00:00:00+05:30,313.2262157216902,317.1704448195307,312.0319823490559,316.11865234375,27209010
2017-07-06 00:00:00+05:30,317.44435762521533,317.7292394465279,315.09974337494833,316.0967712402344,13590313
2017-07-07 00:00:00+05:30,316.1953767175166,328.1923892056725,315.5380246046609,326.7461853027344,35845310
2017-07-10 00:00:00+05:30,327.6116810067517,328.8826201413536,326.29694765696473,327.11865234375,3504540
2017-07-11 00:00:00+05:30,328.90453142984273,329.6495304160742,325.8368007814019,327.4473571777344,20995547
2017-07-12 00:00:00+05:30,328.5539453117608,334.1635254987862,328.1376223097187,331.1177062988281,17104482
2017-07-13 00:00:00+05:30,333.23083819268896,336.8199035117409,332.656574767268,336.17938232421875,23010262
2017-07-14 00:00:00+05:30,335.71558405463156,339.2494198921704,334.7327163348912,338.7524719238281,20530867
2017-07-17 00:00:00+05:30,339.4702812731022,344.461846909531,339.4702812731022,342.7280578613281,18749450
2017-07-18 00:00:00+05:30,341.6347413617533,342.7390668490359,333.7277755907634,335.6934814453125,19640167
2017-07-19 00:00:00+05:30,334.08112752274866,339.6911277437129,334.08112752274866,338.57574462890625,11790198
2017-07-20 00:00:00+05:30,340.07767170765715,342.3415524384327,336.5327780092869,337.6813049316406,13626050
2017-07-21 00:00:00+05:30,342.3415600993515,351.55165519587376,341.22620626597035,350.0718688964844,97142371
2017-07-24 00:00:00+05:30,353.38484536428825,358.8843875143297,350.07186852073573,356.7530517578125,43429394
2017-07-25 00:00:00+05:30,358.8402499128217,358.89547946806397,352.85478740836965,353.8597412109375,20063064
2017-07-26 00:00:00+05:30,354.3124133208033,359.9886417253373,353.6277203704699,358.4094543457031,21954323
2017-07-27 00:00:00+05:30,359.5690292561442,360.3420364348765,350.811711575802,352.2362976074219,18409364
2017-07-28 00:00:00+05:30,351.45224810162387,354.69899661558736,348.52578969054815,352.1590270996094,14331863
2017-07-31 00:00:00+05:30,353.81551558707315,357.5370965308563,352.501359039085,356.7419738769531,16567422
2017-08-01 00:00:00+05:30,358.4095194605089,358.4095194605089,351.5074771130434,354.1799621582031,12311920
2017-08-02 00:00:00+05:30,355.59349142919575,361.2697208771726,355.17382941970163,359.8341064453125,20786240
2017-08-03 00:00:00+05:30,359.3150253418695,367.7189682862611,357.1505462736136,364.45013427734375,19707381
2017-08-04 00:00:00+05:30,367.2993267255002,367.2993267255002,356.71987590939005,358.2769775390625,18579866
2017-08-07 00:00:00+05:30,360.36414834799587,360.36414834799587,356.1566771950295,356.9959716796875,9537088
2017-08-08 00:00:00+05:30,357.3604065854902,358.0340419238002,350.4693927800025,353.9480285644531,10961296
2017-08-09 00:00:00+05:30,353.71610031538785,357.80211354381385,350.07183498277584,353.1197509765625,10436651
2017-08-10 00:00:00+05:30,351.84975649338946,354.85352979789167,348.5146944194518,349.92822265625,10188164
2017-08-11 00:00:00+05:30,342.5513428482333,348.967464630518,338.58678761302866,341.5132751464844,16996281
2017-08-14 00:00:00+05:30,344.77106775114976,349.96140694888464,344.77106775114976,347.4324951171875,13440617
2017-08-16 00:00:00+05:30,347.20062093063217,348.08408734717625,342.3857422297132,345.89752197265625,13576650
2017-08-17 00:00:00+05:30,346.53801022271176,352.86581883158635,344.80422103571016,346.1183776855469,15828719
2017-08-18 00:00:00+05:30,345.4335930033228,348.4815380320866,343.0371972741824,347.9514465332031,7935890
2017-08-21 00:00:00+05:30,348.30491773237475,349.88410534358263,344.6054226919537,345.5220031738281,7573558
2017-08-22 00:00:00+05:30,347.2005593379133,348.9453764510271,343.6777520018999,344.56121826171875,9533641
2017-08-23 00:00:00+05:30,345.62136059097054,350.4141228747241,343.0372196538361,349.42022705078125,8320052
2017-08-24 00:00:00+05:30,351.1761465212219,351.8608100273209,345.5440601123143,346.328125,12654347
2017-08-28 00:00:00+05:30,348.7576852584667,349.39817696337917,344.8152156926778,345.9968566894531,12316426
2017-08-29 00:00:00+05:30,344.9587734941719,346.2066721977142,337.92421634830305,338.3990783691406,15164812
2017-08-30 00:00:00+05:30,341.8004262707008,346.4938173172478,340.40898371851057,345.45574951171875,10334911
2017-08-31 00:00:00+05:30,347.86314217766665,352.8215933185694,347.64228298117433,352.1700439453125,25104625
2017-09-01 00:00:00+05:30,353.3516287219936,357.0511231892636,353.163913162747,355.6155090332031,15431918
2017-09-04 00:00:00+05:30,356.80823608083756,361.36911157787165,352.46821979952165,356.3333740234375,21560532
2017-09-05 00:00:00+05:30,360.0107280948516,361.0819393580254,358.03399418576265,360.5849914550781,25216776
2017-09-06 00:00:00+05:30,359.21566626029073,364.9802688061407,358.4205730709698,363.412109375,48745984
2017-09-07 00:00:00+05:30,363.5446049515162,367.7410474955072,360.0107399751818,361.3800964355469,16205339
2017-09-08 00:00:00+05:30,362.21945435673086,363.655098312809,358.72979009353804,360.85009765625,13248413
2017-09-11 00:00:00+05:30,362.79368013282823,365.2452762826746,360.6954587109712,361.2917785644531,12690592
2017-09-12 00:00:00+05:30,363.4341676352422,364.4280635334582,360.8942278326957,363.87591552734375,6500191
2017-09-13 00:00:00+05:30,363.9864072375408,379.8445429872575,363.102940789797,375.0296936035156,29377106
2017-09-14 00:00:00+05:30,378.03344263665167,380.5512967814506,371.93755109036556,372.7547302246094,11867640
2017-09-15 00:00:00+05:30,371.9375258130909,376.7302886289489,368.7349787997664,371.84918212890625,28595395
2017-09-18 00:00:00+05:30,375.47138232534337,375.9352161800743,372.4234365914427,373.50567626953125,5061995
2017-09-19 00:00:00+05:30,374.8971112012486,374.91919712132307,369.7288584677731,370.43560791015625,7718697
2017-09-20 00:00:00+05:30,378.16596149847163,385.41035056814684,373.3069110592952,374.21246337890625,24942703
2017-09-21 00:00:00+05:30,374.14618824054907,376.2223238562813,369.39756763553936,371.650390625,12950541
2017-09-22 00:00:00+05:30,371.0098820444893,371.0098820444893,359.21564653725477,361.0709228515625,12294087
2017-09-25 00:00:00+05:30,360.01079996459333,365.73123084181907,355.68184118572685,362.9041442871094,14229631
2017-09-26 00:00:00+05:30,362.9703592493951,365.33361166354615,358.7739165010327,362.2635803222656,10564143
2017-09-27 00:00:00+05:30,364.69314469580945,364.73731653879764,351.3970366226274,353.00933837890625,18448855
2017-09-28 00:00:00+05:30,353.2301819626899,354.6657961636441,344.6384942140146,347.3993225097656,29547622
2017-09-29 00:00:00+05:30,349.74054752863793,350.46941245431447,344.1526617310185,344.9477844238281,16666208
2017-10-03 00:00:00+05:30,351.1762194548821,355.0855164890374,346.91348866008093,352.656005859375,18345748
2017-10-04 00:00:00+05:30,353.03145356480366,364.40602843646917,351.4412375981986,361.71148681640625,18907611
2017-10-05 00:00:00+05:30,364.4280729585558,365.9520604692661,361.62310204053017,364.0526123046875,10631751
2017-10-06 00:00:00+05:30,363.98637399818506,370.7669584615433,363.3679386950757,369.7509765625,12997688
2017-10-09 00:00:00+05:30,370.6122649371781,370.9656691166543,365.75324496965214,366.923828125,8850408
2017-10-10 00:00:00+05:30,367.07844804976196,374.27866417800624,367.07844804976196,372.4675598144531,14732024
2017-10-11 00:00:00+05:30,373.39523973586347,379.1819281847069,369.2871403222968,371.1203308105469,15420644
2017-10-12 00:00:00+05:30,371.98172841606475,387.3098011978053,371.98172841606475,385.5207824707031,18642942
2017-10-13 00:00:00+05:30,388.41413850075946,393.44984701587765,385.7858251383049,387.1551818847656,21509701
2017-10-16 00:00:00+05:30,388.28159398583864,394.0240811128242,380.4629417397284,387.3097839355469,32009221
2017-10-17 00:00:00+05:30,387.8398101808125,390.49020902383444,383.0691040582567,386.2275085449219,13898844
2017-10-18 00:00:00+05:30,387.57478800046744,405.46488476630276,386.5146343364713,403.9630126953125,36671941
2017-10-19 00:00:00+05:30,404.5372277273808,407.2317983458048,398.8830849459252,401.9310302734375,8014767
2017-10-23 00:00:00+05:30,403.2562652237301,417.3033244832035,401.57767617174875,415.1167297363281,27455320
2017-10-24 00:00:00+05:30,418.6284844323052,418.6284844323052,410.0147394376654,412.68719482421875,13857773
2017-10-25 00:00:00+05:30,415.271357603654,417.83338351959236,410.58899472275726,415.1830139160156,10011782
2017-10-26 00:00:00+05:30,415.22719720292406,423.08999202991583,411.2516132007852,418.4960021972656,16840049
2017-10-27 00:00:00+05:30,419.6444831175931,422.60408508004355,408.9104008373966,410.74359130859375,11498547
2017-10-30 00:00:00+05:30,412.57675752533976,417.6787525621229,411.07488545436416,416.33148193359375,7823263
2017-10-31 00:00:00+05:30,417.4137351173189,417.7671098544238,411.7816483214438,415.6026306152344,9504986
2017-11-01 00:00:00+05:30,418.6505970383469,423.08998534320716,417.7671306643662,420.7709045410156,17571371
2017-11-02 00:00:00+05:30,420.88132084905544,422.5157380123426,417.1045103286451,418.142578125,10277678
2017-11-03 00:00:00+05:30,422.2727787685376,422.2727787685376,415.2934504061956,417.568359375,4798537
2017-11-06 00:00:00+05:30,416.3315472872504,416.3315472872504,410.3681709335258,411.9142150878906,9757496
2017-11-07 00:00:00+05:30,412.2896358299867,413.0184711931569,398.9051849180429,400.5174865722656,20447574
2017-11-08 00:00:00+05:30,398.66229099481717,400.2083350873009,390.534435457974,392.1688232421875,17752793
2017-11-09 00:00:00+05:30,395.23883909702386,401.93107988691895,394.04616981942183,397.77880859375,15007224
2017-11-10 00:00:00+05:30,397.977572280075,397.977572280075,388.36993103796044,390.4239807128906,13923102
2017-11-13 00:00:00+05:30,390.9319334198506,393.97987886685445,385.8520243415109,386.62506103515625,9088619
2017-11-14 00:00:00+05:30,386.5146389856547,395.3492431294856,385.6311726738295,391.6828918457031,12481463
2017-11-15 00:00:00+05:30,390.71107125346384,393.40561246987085,387.8177272697005,390.3576965332031,15272059
2017-11-16 00:00:00+05:30,391.15283644375705,400.20833011854813,391.15283644375705,399.25860595703125,15160866
2017-11-17 00:00:00+05:30,405.92880964243585,408.5570937280715,401.3127038177702,402.8146057128906,12219276
2017-11-20 00:00:00+05:30,400.2966534382785,408.31407885291696,399.7665913214557,406.76800537109375,9231195
2017-11-21 00:00:00+05:30,409.39630888803543,415.07253802520114,408.8220454544086,411.9362487792969,13082246
2017-11-22 00:00:00+05:30,414.1007468415369,414.63083845723384,407.91651175260876,411.14117431640625,11058315
2017-11-23 00:00:00+05:30,411.2516039623576,419.6003183844171,409.3300697720086,418.3193054199219,16031638
2017-11-24 00:00:00+05:30,419.644450337873,423.8408930720192,418.49595301468446,420.1303405761719,13987125
2017-11-27 00:00:00+05:30,418.42973909834956,422.95747110575553,416.9940951785287,420.2408142089844,10237135
2017-11-28 00:00:00+05:30,419.57822851232504,420.2408061667508,414.38788944992933,416.70697021484375,10153618
2017-11-29 00:00:00+05:30,416.0443425643491,419.6444655914432,415.6688819120161,417.8775329589844,8038351
2017-11-30 00:00:00+05:30,415.8676415301619,415.8676415301619,406.1716572654643,407.07720947265625,20637767
2017-12-01 00:00:00+05:30,408.3582455026828,411.36201925477985,400.95925547231275,402.0194091796875,11114967
2017-12-04 00:00:00+05:30,403.5212446543328,403.65376016981486,396.3872863270865,398.2646484375,10103208
2017-12-05 00:00:00+05:30,398.0217638036081,406.723853206849,395.5480814976589,403.6096496582031,18306627
2017-12-06 00:00:00+05:30,401.9752895003022,410.94241059051166,401.4451978342208,409.3301086425781,24078081
2017-12-07 00:00:00+05:30,410.8318997561245,413.4602126684137,407.71769660925935,411.4945068359375,12095301
2017-12-08 00:00:00+05:30,412.51054867691244,413.87990538815984,405.97293855501806,406.83428955078125,12224184
2017-12-11 00:00:00+05:30,407.4747785490257,409.04293793006826,403.5433666230206,404.6918640136719,10792248
2017-12-12 00:00:00+05:30,404.6035150207305,410.3681173067914,401.09176513118786,404.44891357421875,15782031
2017-12-13 00:00:00+05:30,405.02319284293577,408.5791147133835,402.28445007886097,404.029296875,9147866
2017-12-14 00:00:00+05:30,405.9508197175826,408.5570173909573,401.4230584401265,407.0551452636719,10983157
2017-12-15 00:00:00+05:30,411.2515532528849,412.1129335927471,405.3765217961495,406.2820739746094,24408414
2017-12-18 00:00:00+05:30,402.8366490318806,411.98045703846,381.05930975366454,406.83428955078125,18581421
2017-12-19 00:00:00+05:30,407.98277574288807,409.4846478418375,406.3925304736846,409.0208435058594,8891691
2017-12-20 00:00:00+05:30,408.99875301130504,409.66133062672145,405.0673412109932,405.5753173828125,10443493
2017-12-21 00:00:00+05:30,405.7078305292151,408.13737023314025,401.9752215226045,403.2783203125,9071450
2017-12-22 00:00:00+05:30,404.0292740300846,407.4526801762004,401.6659920701318,406.5692138671875,10658428
2017-12-26 00:00:00+05:30,408.534931411343,414.7412521846172,405.5753295123395,410.72149658203125,11596338
2017-12-27 00:00:00+05:30,412.1350859433566,414.12284848786203,405.9508506196122,408.049072265625,9520350
2017-12-28 00:00:00+05:30,408.71163761799204,412.7534793280383,405.9950102139105,408.2478332519531,15511891
2017-12-29 00:00:00+05:30,409.26377699830647,411.82580270814617,405.72991182819817,406.8563232421875,11089700
2018-01-01 00:00:00+05:30,407.5852081610255,407.5852081610255,400.8709111867806,401.86480712890625,9453202
2018-01-02 00:00:00+05:30,403.3004544888271,406.19379886702285,400.3850241876042,402.4832458496094,9499419
2018-01-03 00:00:00+05:30,408.60119648615387,409.04294440475746,403.3225137949618,404.0955505371094,13507800
2018-01-04 00:00:00+05:30,405.57533083084263,407.18766205623797,404.4930912025674,406.5250549316406,9008932
2018-01-05 00:00:00+05:30,407.18772473799834,409.4405480263292,406.50303158675433,407.8282165527344,7441284
2018-01-08 00:00:00+05:30,409.08713287049676,411.25161224669074,407.9386354149987,410.16937255859375,8827020
2018-01-09 00:00:00+05:30,409.9926471118475,416.949918953857,408.15948609823374,415.6468200683594,14294571
2018-01-10 00:00:00+05:30,416.55234523885497,418.4959652231692,413.2393686921782,416.2652282714844,11727682
2018-01-11 00:00:00+05:30,416.02229612049877,416.3977862956731,413.0185221551711,414.2333068847656,7849171
2018-01-12 00:00:00+05:30,416.55235874310455,420.8813172634133,414.45413724679906,419.2027282714844,15071161
2018-01-15 00:00:00+05:30,419.6444415340331,423.3991363037455,417.5241342915199,419.2689514160156,11120925
2018-01-16 00:00:00+05:30,418.62847250038965,418.62847250038965,406.3925189007881,407.69561767578125,10825151
2018-01-17 00:00:00+05:30,409.0429171487414,410.36810184182707,400.65000212663995,408.38031005859375,13204016
2018-01-18 00:00:00+05:30,410.3681705759163,410.63320166148253,404.2281068370109,406.26007080078125,9381821
2018-01-19 00:00:00+05:30,407.71768321325516,412.753420187635,407.3201366707548,411.3840637207031,9973533
2018-01-22 00:00:00+05:30,418.76104488901365,430.3785648153731,415.2272087263813,429.1417236328125,45700733
2018-01-23 00:00:00+05:30,430.6877354766296,437.73332086860324,430.6877354766296,434.3320007324219,22526810
2018-01-24 00:00:00+05:30,433.6694316398229,433.6694316398229,425.23237357649236,426.8667907714844,14289485
2018-01-25 00:00:00+05:30,427.5514666866288,429.36257130907364,422.3611274544124,426.66802978515625,13669901
2018-01-29 00:00:00+05:30,426.8005113405526,431.7037037022086,423.752565811496,426.049560546875,9897064
2018-01-30 00:00:00+05:30,426.6238682256018,426.6238682256018,419.2027621766119,419.8211975097656,9182956
2018-01-31 00:00:00+05:30,419.64448165223286,426.04957583102106,415.911842957929,424.63604736328125,12551686
2018-02-01 00:00:00+05:30,425.4974289045024,429.6275847106691,413.7252788299651,416.9278259277344,16524809
2018-02-02 00:00:00+05:30,413.0184839222284,416.97198169010886,397.999644973091,399.47943115234375,28965593
2018-02-05 00:00:00+05:30,394.9075660137017,403.07959339364197,389.5184533839458,398.5076599121094,19191099
2018-02-06 00:00:00+05:30,387.3981722381715,396.67452588443314,384.74777284471867,394.06829833984375,24062503
2018-02-07 00:00:00+05:30,398.6843516745189,399.9432786891704,393.14060844620684,395.084228515625,15532284
2018-02-08 00:00:00+05:30,396.6302930686932,402.26235036914375,394.17866737197033,399.5677795410156,13825894
2018-02-09 00:00:00+05:30,392.69885906222356,398.4413456444961,391.37364490021434,396.6081848144531,11580639
2018-02-12 00:00:00+05:30,398.88312679383546,405.5974238941796,398.4634647955566,404.4047546386719,11877059
2018-02-14 00:00:00+05:30,407.7177314304644,416.33150625485683,406.83426507766427,412.42218017578125,22247829
2018-02-15 00:00:00+05:30,414.18909986996863,417.76710752483655,409.9926274541938,413.3056335449219,13363743
2018-02-16 00:00:00+05:30,415.0504503430303,416.37566457278876,405.5532389615524,406.966796875,9628162
2018-02-19 00:00:00+05:30,406.834250693511,411.6933007185078,403.5433600239128,409.4846496582031,8941900
2018-02-20 00:00:00+05:30,410.368111374123,410.61105650084346,405.862465620646,406.87841796875,8458450
2018-02-21 00:00:00+05:30,410.809791501732,411.91411691657487,407.34221382733455,410.5226745605469,11917390
2018-02-22 00:00:00+05:30,407.27598865425296,411.25157226062186,406.39252235425874,408.3140563964844,11196908
2018-02-23 00:00:00+05:30,408.77786890060446,414.3436978557467,407.60728561303847,412.68719482421875,10610664
2018-02-26 00:00:00+05:30,414.7854391158514,417.39166637087266,413.72528537370306,414.6529235839844,8435611
2018-02-27 00:00:00+05:30,414.78541671116307,422.2064925053509,414.49829974095985,419.8653259277344,14021366
2018-02-28 00:00:00+05:30,417.8554614653701,422.78076939325695,416.6407062963173,421.65435791015625,56650480
2018-03-01 00:00:00+05:30,419.534001886215,424.01756137788414,417.85541307310126,418.9376525878906,8956590
2018-03-05 00:00:00+05:30,416.5523267833553,419.7107017461303,407.0992878146186,408.20361328125,12325694
2018-03-06 00:00:00+05:30,410.3681335199396,413.5485947211846,399.81076802606185,402.3507080078125,16019726
2018-03-07 00:00:00+05:30,401.6439272474934,401.6439272474934,392.27923105957655,393.0301818847656,15853546
2018-03-08 00:00:00+05:30,396.51980150838153,403.96299218602155,394.598297048302,402.6156921386719,13283967
2018-03-09 00:00:00+05:30,404.1396965875809,406.1054024562447,402.4390217608376,403.3445739746094,10638527
2018-03-12 00:00:00+05:30,406.3925044431907,412.17919223514866,405.310264908018,410.94232177734375,8315150
2018-03-13 00:00:00+05:30,411.64916111790114,413.46026574459586,406.9889135028455,411.6270751953125,11148731
2018-03-14 00:00:00+05:30,410.27979866009423,411.7154130953788,406.03918363386197,410.3902282714844,14724464
2018-03-15 00:00:00+05:30,408.60121571667827,410.5669218033103,401.9752620106834,402.7703552246094,12711836
2018-03-16 00:00:00+05:30,401.53348541636956,401.84271779804146,391.3957822773599,397.58001708984375,30814962
2018-03-19 00:00:00+05:30,397.99967032673925,400.60586811883854,394.0240863848267,395.5701599121094,12630833
2018-03-20 00:00:00+05:30,394.59835013975066,399.32485543939316,391.83752140311753,393.0522766113281,15192983
2018-03-21 00:00:00+05:30,395.28298536522124,398.5959619191376,394.598321826149,396.18853759765625,14715126
2018-03-22 00:00:00+05:30,395.79102394517105,402.836639617899,395.68059433291023,401.1580505371094,22129723
2018-03-23 00:00:00+05:30,393.4056125892194,397.5578835023807,392.74303498852964,394.86334228515625,23469999
2018-03-26 00:00:00+05:30,394.8854783339088,399.4573823078872,394.24495708472136,398.0438537597656,13227705
2018-03-27 00:00:00+05:30,400.73837759916535,402.30650742234764,396.23270243722345,397.46954345703125,15179544
2018-03-28 00:00:00+05:30,395.702642645587,395.72472856594,388.72328540357233,389.91595458984375,19160609
2018-04-02 00:00:00+05:30,394.46578098920827,397.9775603530314,391.59455230442575,394.4436950683594,12494499
2018-04-03 00:00:00+05:30,393.5823498776638,398.30885495689813,391.04238048147505,397.359130859375,13922126
2018-04-04 00:00:00+05:30,399.6341044632255,402.7703942391487,394.0462180657961,395.3051452636719,14214534
2018-04-05 00:00:00+05:30,399.8107885543741,401.97526797661175,399.10400953318157,401.1801452636719,8527915
2018-04-06 00:00:00+05:30,401.09177688805187,405.72993836820274,399.7665921061819,402.4169616699219,9664888
2018-04-09 00:00:00+05:30,403.10165228472334,405.95082461261825,403.10165228472334,404.6256103515625,7813897
2018-04-10 00:00:00+05:30,405.6857057796343,408.1152452510222,403.8083732394261,405.0893859863281,8455132
2018-04-11 00:00:00+05:30,407.187693763826,412.0246288422403,404.6477241610922,411.18536376953125,13140816
2018-04-12 00:00:00+05:30,410.74354132162796,413.74731476181876,408.24777350472635,410.2355651855469,10822592
2018-04-13 00:00:00+05:30,412.00255072573566,415.9781348838027,410.2356473677613,414.7192077636719,12616816
2018-04-16 00:00:00+05:30,412.7755139320417,415.2271394522302,410.1472305434901,413.92401123046875,8934275
2018-04-17 00:00:00+05:30,415.2272202173379,418.4076816978869,413.46028734351694,417.10455322265625,9599816
2018-04-18 00:00:00+05:30,417.546266621617,418.84936550176684,413.0405911150599,414.3437194824219,7360987
2018-04-19 00:00:00+05:30,414.82960609806076,417.4358333225374,413.0185015426797,416.2431640625,9802587
2018-04-20 00:00:00+05:30,414.34373651211394,416.0443820566165,406.92266003344923,409.8822326660156,7326696
2018-04-23 00:00:00+05:30,410.80983661669,417.14867286069017,410.1472589873449,413.4602355957031,7674482
2018-04-24 00:00:00+05:30,413.3719498901384,430.9970185853443,413.0185456177093,428.501220703125,19921115
2018-04-25 00:00:00+05:30,430.09142425772006,433.6915179925618,425.6299500807275,428.6999816894531,14079382
2018-04-26 00:00:00+05:30,429.8042479994627,436.43020058541777,425.05562800514923,430.8423156738281,34096999
2018-04-27 00:00:00+05:30,437.22536049167144,446.5900562795913,435.3259123317311,440.09661865234375,25518647
2018-04-30 00:00:00+05:30,433.7798710455857,438.46220422459254,424.06177097879834,425.5195007324219,19406069
2018-05-02 00:00:00+05:30,427.15386959643564,432.5429814945542,426.29248923209184,429.6717529296875,13381914
2018-05-03 00:00:00+05:30,431.9687713909612,431.9687713909612,423.7304869065152,424.7685546875,8634812
2018-05-04 00:00:00+05:30,425.3206950990202,426.1379036539284,419.6444660305814,421.3893127441406,8302649
2018-05-07 00:00:00+05:30,423.5537808475155,429.91470277960525,422.44945535182814,428.9208068847656,7683268
2018-05-08 00:00:00+05:30,431.79207805255453,433.7798699024677,426.3587646029462,427.19805908203125,10792648
2018-05-09 00:00:00+05:30,426.66801315469206,434.7958387419284,425.0556818979233,431.4386901855469,9831044
2018-05-10 00:00:00+05:30,432.89638175647445,434.92834534562013,430.3564125264377,433.40435791015625,8781584
2018-05-11 00:00:00+05:30,433.44855655160154,437.88794463972954,431.902512588023,436.982421875,8774740
2018-05-14 00:00:00+05:30,438.175110737556,438.175110737556,431.4386980924482,435.81182861328125,5642499
2018-05-15 00:00:00+05:30,434.2436605785683,441.7309939178403,431.4165743385117,432.43255615234375,10501479
2018-05-16 00:00:00+05:30,430.2460555907951,430.2460555907951,420.72675719662317,422.36114501953125,18840763
2018-05-17 00:00:00+05:30,423.7746584228482,424.0617753975009,415.88974868277296,417.5904235839844,10353948
2018-05-18 00:00:00+05:30,417.70086764500707,421.19053176549426,411.69331996725697,412.5105285644531,11440117
2018-05-21 00:00:00+05:30,411.1411579111766,413.32772307835273,407.3201756052975,411.40618896484375,14491208
2018-05-22 00:00:00+05:30,412.20132350955527,412.5767841797532,408.6012003111627,409.3742370605469,11310073
2018-05-23 00:00:00+05:30,409.0429212216042,409.0429212216042,401.59973017681125,402.9691162109375,9991028
2018-05-24 00:00:00+05:30,403.7421481005316,406.8342655956632,402.0415026448969,404.5593566894531,11632489
2018-05-25 00:00:00+05:30,404.62563360721043,407.8944386304119,403.9409700030995,406.7459411621094,17782410
2018-05-28 00:00:00+05:30,408.5570056906639,409.48464384076686,405.5532320349043,406.5692138671875,11369679
2018-05-29 00:00:00+05:30,407.05513181193413,409.92636044455554,403.91884264673007,405.26611328125,17878384
2018-05-30 00:00:00+05:30,404.1176517445624,407.8060892478365,400.4733565988856,404.6697998046875,13105124
2018-05-31 00:00:00+05:30,406.8341996525835,407.40846301007747,403.9850572448226,406.98883056640625,37080158
2018-06-01 00:00:00+05:30,406.3925489987045,413.34982076599186,405.707855936696,411.0528259277344,19174278
2018-06-04 00:00:00+05:30,412.3117399143121,416.9940731297958,411.052812926165,415.6026306152344,12250151
2018-06-05 00:00:00+05:30,416.4640517846973,421.85316448905,415.6689290611793,418.6064453125,17436812
2018-06-06 00:00:00+05:30,418.319299374377,422.29485374254074,416.397765211798,421.5881042480469,9164022
2018-06-07 00:00:00+05:30,421.8089347789721,431.12945848865303,421.61016149716374,429.0754089355469,14999572
2018-06-08 00:00:00+05:30,426.8667947900904,435.7897432192137,424.3268252860924,434.8179626464844,14289325
2018-06-11 00:00:00+05:30,436.0327226652633,441.7089521456387,432.4767712178357,434.0670166015625,15018718
2018-06-12 00:00:00+05:30,434.3982713230844,441.7310033783938,433.0289147576214,440.4720764160156,16285583
2018-06-13 00:00:00+05:30,441.73103207621193,444.3372593399646,437.0928704964789,442.8353576660156,12962502
2018-06-14 00:00:00+05:30,440.6045767284937,446.94341264998974,436.16518888890295,445.2427673339844,11997529
2018-06-15 00:00:00+05:30,444.3814517460582,452.1117312323721,441.3997636694587,448.0036315917969,24705890
2018-06-18 00:00:00+05:30,445.6182875453367,450.7644549954616,444.82316483706717,448.5999755859375,12363932
2018-06-19 00:00:00+05:30,447.87108648190514,448.26866255819596,438.9260228427197,439.9862060546875,13881382
2018-06-20 00:00:00+05:30,439.9641257570585,451.846706381027,439.456149519363,450.234375,15735681
2018-06-21 00:00:00+05:30,452.08963556112866,457.6333790563893,451.1399114022214,455.8443603515625,22988909
2018-06-22 00:00:00+05:30,454.27615462354066,454.6295588363348,445.4636365066074,447.2526550292969,35370008
2018-06-25 00:00:00+05:30,446.7668092420351,449.01963246493483,442.74705312433696,443.69677734375,11369371
2018-06-26 00:00:00+05:30,444.3813927967452,444.3813927967452,430.7981685744807,432.43255615234375,17649122
2018-06-27 00:00:00+05:30,435.12316373157483,438.19148396923833,428.0971511995494,429.4979248046875,19595831
2018-06-28 00:00:00+05:30,427.7858611664616,430.6763127931449,418.136229723001,420.2040100097656,18770484
2018-06-29 00:00:00+05:30,422.04946136624187,433.78913734978505,422.00499424589475,432.4328308105469,17425606
2018-07-02 00:00:00+05:30,432.38833426741104,432.38833426741104,425.5624536526587,427.1632995605469,14570004
2018-07-03 00:00:00+05:30,429.1198998718936,435.1009050872301,427.0521196066898,431.9214172363281,11084063
2018-07-04 00:00:00+05:30,432.1437740285319,441.12639907146564,431.7880370826304,440.281494140625,10938521
2018-07-05 00:00:00+05:30,443.34981193687685,448.4192118099807,426.2739636774319,428.8975830078125,40946479
2018-07-06 00:00:00+05:30,429.00874497922905,437.12423137783117,428.89757718574947,434.7007141113281,20039239
2018-07-09 00:00:00+05:30,438.9474564917528,444.68386323899347,437.34658084618684,443.394287109375,11309207
2018-07-10 00:00:00+05:30,445.9067429463483,457.3573526750429,444.68386748326304,456.11224365234375,22846197
2018-07-11 00:00:00+05:30,455.8009814087461,462.87146127397045,452.62149327804246,461.9376220703125,18953870
2018-07-12 00:00:00+05:30,464.4056377153635,488.70760314586596,463.62743337944954,481.3036193847656,52736376
2018-07-13 00:00:00+05:30,480.4809325754795,493.1544176396645,480.25856729725484,489.0633239746094,39301408
2018-07-16 00:00:00+05:30,489.0633546727231,493.1099814730018,477.16804344052815,478.5688171386719,14427529
2018-07-17 00:00:00+05:30,479.5026190457951,487.35127318235175,475.63386103299104,485.75042724609375,14150770
2018-07-18 00:00:00+05:30,488.4407718955738,491.19782241037757,479.0579423423618,485.8393859863281,10241565
2018-07-19 00:00:00+05:30,486.1728594548824,495.82249113607037,483.0823057277265,491.3089599609375,11885426
2018-07-20 00:00:00+05:30,495.11101288806327,506.2725561540274,494.4439764454092,501.8924560546875,17538801
2018-07-23 00:00:00+05:30,502.40381631461236,502.40381631461236,494.97762936510736,498.1793212890625,12779803
2018-07-24 00:00:00+05:30,498.9353411713594,501.0475590823347,492.44293377916534,494.0215759277344,9775749
2018-07-25 00:00:00+05:30,493.59907475330965,499.37997813581995,491.0199225689629,495.8891906738281,13014255
2018-07-26 00:00:00+05:30,493.6435534065623,498.71298302734516,492.62077999556044,493.88812255859375,14053674
2018-07-27 00:00:00+05:30,497.8236213810163,505.78347371733986,494.5551988513007,502.4261169433594,14610585
2018-07-30 00:00:00+05:30,502.4927126149122,514.6325913491372,501.60337030558236,512.0089721679688,30344461
2018-07-31 00:00:00+05:30,511.8311132473274,529.351632016895,510.11909958563047,527.39501953125,30350826
2018-08-01 00:00:00+05:30,529.3516115813917,534.9101790096715,527.1281964838087,530.21875,21227054
2018-08-02 00:00:00+05:30,529.840913329401,529.840913329401,518.4792367942981,519.5464477539062,13668930
2018-08-03 00:00:00+05:30,522.5034671011394,526.283290355327,520.0799204461621,523.37060546875,14536058
2018-08-06 00:00:00+05:30,523.2594472476418,531.8418379748372,522.6591708754345,530.3299560546875,8785462
2018-08-07 00:00:00+05:30,531.3527661969772,534.2432477903697,523.3929140879111,526.5946655273438,8879612
2018-08-08 00:00:00+05:30,526.9503533662355,543.6259970843528,526.9503533662355,541.4915161132812,17307566
2018-08-09 00:00:00+05:30,543.1813957338118,547.7171609592524,538.9569003653997,541.602783203125,14976885
2018-08-10 00:00:00+05:30,538.5122253264666,540.2909695798277,534.6434669649205,535.4883422851562,7833494
2018-08-13 00:00:00+05:30,532.5311008278853,533.5983709494287,525.9275858727119,528.1510009765625,10211072
2018-08-14 00:00:00+05:30,529.1738266928132,541.2692399802731,526.6391413928889,538.3343505859375,11592139
2018-08-16 00:00:00+05:30,535.0658517360988,540.7355573527685,531.6195018821965,533.976318359375,13086024
2018-08-17 00:00:00+05:30,537.6228226346489,540.4688371828257,533.6429261586562,535.2882690429688,8379864
2018-08-20 00:00:00+05:30,537.1336581393147,549.9850119964649,537.0224606552896,549.14013671875,16639535
2018-08-21 00:00:00+05:30,550.1851734905159,556.5218868378826,545.6271450345823,554.6097412109375,15923396
2018-08-23 00:00:00+05:30,554.2095025896118,566.5272509074617,550.6965407791934,564.5039672851562,17429373
2018-08-24 00:00:00+05:30,562.6362479976997,569.173092197335,560.3238985823036,568.0836181640625,14550512
2018-08-27 00:00:00+05:30,568.9284443537545,576.2434921424017,568.6394378071352,574.3091430664062,12188510
2018-08-28 00:00:00+05:30,576.3102909797232,588.3167689804493,575.8656198023589,586.5380249023438,19018790
2018-08-29 00:00:00+05:30,585.3373565772522,590.984858666815,573.731141940907,575.5098266601562,24230135
2018-08-30 00:00:00+05:30,575.2430167338491,576.8216884553461,564.9486118914537,566.7273559570312,21545859
2018-08-31 00:00:00+05:30,564.7484154702348,564.7484154702348,549.895984372119,552.1416625976562,33479841
2018-09-03 00:00:00+05:30,553.6313754210861,559.3678113787188,545.2045899451549,546.5831298828125,26686176
2018-09-04 00:00:00+05:30,549.251263656787,557.9893196942645,546.5165061555106,552.275146484375,19333815
2018-09-05 00:00:00+05:30,552.5197181795183,557.0332794403364,537.400481265716,545.6271362304688,22584608
2018-09-06 00:00:00+05:30,547.027893644338,562.8364010140253,544.8934123881183,560.9242553710938,24487897
2018-09-07 00:00:00+05:30,562.4806412778075,569.7956904493466,557.8559419711983,568.5728149414062,23389269
2018-09-10 00:00:00+05:30,566.9718986178387,567.8613003399703,555.8992894737322,558.4562377929688,15440786
2018-09-11 00:00:00+05:30,559.8569858494014,564.0370136791685,548.851047615597,550.3851928710938,23787332
2018-09-12 00:00:00+05:30,556.6552845469216,559.7236347017905,546.4498128904398,556.9666137695312,17642490
2018-09-14 00:00:00+05:30,560.0348380467377,567.2386890601483,554.8098034113691,557.2555541992188,17233514
2018-09-17 00:00:00+05:30,556.1883445058162,556.1883445058162,543.2257940620204,545.137939453125,14773803
2018-09-18 00:00:00+05:30,545.182436718355,551.1412088051937,540.0018689028976,541.2469482421875,16660044
2018-09-19 00:00:00+05:30,544.2929810817415,544.2929810817415,534.0653071897559,538.4009399414062,24642640
2018-09-21 00:00:00+05:30,542.0695946487879,550.2517816901769,526.2833524583987,541.402587890625,41713856
2018-09-24 00:00:00+05:30,540.0462918745893,551.3634993287706,535.6216654482612,547.8727416992188,22098277
2018-09-25 00:00:00+05:30,549.4069144522583,553.6314093860151,531.3971974021459,547.2279663085938,21250513
2018-09-26 00:00:00+05:30,550.9633751184218,557.6113582892539,545.693872731704,556.4774169921875,13992341
2018-09-27 00:00:00+05:30,558.0783296844626,561.6358184226336,550.2963453329604,557.5224609375,23642923
2018-09-28 00:00:00+05:30,560.2572142066184,565.5045124646996,554.6541789890709,559.3900756835938,24220992
2018-10-01 00:00:00+05:30,559.2789711752496,559.2789711752496,535.399413912335,547.7171630859375,16039441
2018-10-03 00:00:00+05:30,546.738821611623,551.2301191999461,533.6428696596937,535.8884887695312,16135428
2018-10-04 00:00:00+05:30,528.9515099796203,529.3517140883273,491.8203934804469,499.0465087890625,50774608
2018-10-05 00:00:00+05:30,488.9299261248213,495.9559090483925,461.64854708088967,466.40667724609375,47998260
2018-10-08 00:00:00+05:30,466.9180941850017,496.71189612404964,456.04555667950297,493.3323059082031,53983473
2018-10-09 00:00:00+05:30,498.7796251605546,499.51336225851844,480.79217211386884,484.7276306152344,24042005
2018-10-10 00:00:00+05:30,486.43963737445586,496.2004660366487,482.1706755637221,490.0860595703125,20784941
2018-10-11 00:00:00+05:30,473.14364091100714,495.71132662023854,463.8052789913624,483.72711181640625,28926389
2018-10-12 00:00:00+05:30,491.3534530919685,502.0480922876127,489.99717624860824,500.9586181640625,19814528
2018-10-15 00:00:00+05:30,502.44836142287465,510.00801027090034,497.2233554127728,506.8285217285156,19406012
2018-10-16 00:00:00+05:30,509.6077473830085,519.1239486657785,506.9396014097709,517.5231323242188,16358598
2018-10-17 00:00:00+05:30,524.2822865768344,524.4378918068329,506.93957609155115,511.96453857421875,27967162
2018-10-19 00:00:00+05:30,489.1522436351969,494.04377497684607,475.9228902961787,489.7303161621094,55606079
2018-10-22 00:00:00+05:30,493.59911030596476,495.73359146893216,470.18651819439566,472.5433349609375,28798142
2018-10-23 00:00:00+05:30,468.14097912297376,473.4549485591432,464.0943523327568,469.00811767578125,23128845
2018-10-24 00:00:00+05:30,477.9907205459065,478.45765501227083,458.6469881150502,465.0281982421875,29869514
2018-10-25 00:00:00+05:30,460.69250621023355,462.7602866268105,451.97668366649805,458.380126953125,30833933
2018-10-26 00:00:00+05:30,459.313974169843,470.03087663847646,454.4669393430194,464.6501770019531,20085933
2018-10-29 00:00:00+05:30,465.1393222129333,486.41743181850205,465.1393222129333,483.72711181640625,16781215
2018-10-30 00:00:00+05:30,482.70433807824037,482.70433807824037,467.8518754425523,470.0308532714844,19263668
2018-10-31 00:00:00+05:30,470.92020599104325,473.9662926855967,465.5840033067991,471.9207458496094,35999348
2018-11-01 00:00:00+05:30,474.8779252398085,474.8779252398085,466.9181027230076,469.6973571777344,20552752
2018-11-02 00:00:00+05:30,474.4776703553768,480.70324478770397,472.7656269969736,477.99066162109375,36739798
2018-11-05 00:00:00+05:30,477.34588920002255,485.90604663719756,473.58829910252797,484.83880615234375,16585905
2018-11-06 00:00:00+05:30,486.4841062614549,494.48842452789165,485.4168658048848,490.9754333496094,18886485
2018-11-07 00:00:00+05:30,495.82251539264945,495.82251539264945,492.1316553971387,493.9103698730469,2808599
2018-11-09 00:00:00+05:30,491.9315321822815,495.28888863484895,482.482002474835,486.23956298828125,23712291
2018-11-12 00:00:00+05:30,488.12949307154554,488.61863138641775,477.8350580562082,480.2585754394531,12690610
2018-11-13 00:00:00+05:30,477.5905059898117,490.4863273280188,475.8339953367159,488.90771484375,14899604
2018-11-14 00:00:00+05:30,491.397885450904,494.77747538240635,482.7043266374612,488.2406311035156,17034346
2018-11-15 00:00:00+05:30,487.7959624783827,490.4862824288341,483.1490003245572,487.7514953613281,14943663
2018-11-16 00:00:00+05:30,488.24062668708495,502.47051952218806,487.8626561975103,501.3365783691406,24131016
2018-11-19 00:00:00+05:30,503.78232970084434,512.1423850717864,502.93745448791486,511.3864440917969,15987574
2018-11-20 00:00:00+05:30,509.16306710824983,514.0101019045014,502.4927616626139,505.783447265625,12511640
2018-11-21 00:00:00+05:30,505.82790977537366,509.38539806480344,492.28728602135544,494.888671875,16422494
2018-11-22 00:00:00+05:30,495.6001846268527,500.42501559270096,489.1967412087544,490.41961669921875,12670591
2018-11-26 00:00:00+05:30,493.15441165226196,496.93420575564187,487.99607751479056,493.4879150390625,13969873
2018-11-27 00:00:00+05:30,492.665259836989,502.4927604495133,491.5757857200251,501.6923522949219,14896607
2018-11-28 00:00:00+05:30,503.582165544558,514.8327014984241,500.8474083735428,512.5648193359375,17507771
2018-11-29 00:00:00+05:30,516.2779456717894,524.6824681597061,515.833274507063,519.6130981445312,27640198
2018-11-30 00:00:00+05:30,521.3028917197313,527.3950652866846,516.8560609671007,519.190673828125,23443212
2018-12-03 00:00:00+05:30,522.4590910850749,522.4590910850749,510.71941526791136,514.2546997070312,12182825
2018-12-04 00:00:00+05:30,514.9439259920243,514.9439259920243,507.91794275776755,512.4092407226562,11358720
2018-12-05 00:00:00+05:30,508.6072042536634,515.299713651556,506.6283283466079,513.6765747070312,12729759
2018-12-06 00:00:00+05:30,510.94178056272494,510.94178056272494,497.2677842431366,499.6690979003906,12831451
2018-12-07 00:00:00+05:30,502.2481460146356,505.5832388629861,492.8652883151784,504.1824951171875,15779984
2018-12-10 00:00:00+05:30,493.5991137501297,495.5112593228649,481.63713166676786,484.8166198730469,20521072
2018-12-11 00:00:00+05:30,474.0329833745023,490.08608789212525,469.1414816662142,488.0627746582031,29518062
2018-12-12 00:00:00+05:30,488.7075139875586,495.1554534289392,483.70484483129354,493.8213806152344,27572962
2018-12-13 00:00:00+05:30,501.6033901811685,501.6033901811685,486.9510594738557,492.2872619628906,20337275
2018-12-14 00:00:00+05:30,490.5307660526879,495.7780344633259,485.50583323480475,494.577392578125,15795834
2018-12-17 00:00:00+05:30,496.24499148080645,503.826843329135,494.2661452465646,502.44830322265625,11077711
2018-12-18 00:00:00+05:30,499.51337467331854,506.494890161356,498.26823602633556,505.3387451171875,12841994
2018-12-19 00:00:00+05:30,507.6067073156106,510.1858598808573,503.91581727972857,505.5166931152344,16118419
2018-12-20 00:00:00+05:30,498.49060945378,503.60450641252686,496.33392442719014,501.8035583496094,12609700
2018-12-21 00:00:00+05:30,500.2693536549157,503.0486377366628,487.37353250951514,489.2412109375,18115814
2018-12-24 00:00:00+05:30,489.55242708069596,490.5752004234189,483.1712178886543,484.327392578125,9065704
2018-12-26 00:00:00+05:30,482.8377764410723,489.152285769515,473.87738434318686,488.4185485839844,15771193
2018-12-27 00:00:00+05:30,492.3539531107081,501.15870931046913,490.93097570261085,498.13482666015625,27294221
2018-12-28 00:00:00+05:30,500.4916832889124,504.82737590371954,498.57953776326934,500.5139465332031,16768547
2018-12-31 00:00:00+05:30,502.9152052782862,504.20481106054626,496.3561273100057,498.6017761230469,15799099
2019-01-01 00:00:00+05:30,500.380511591524,501.29211717323517,493.64353558398005,498.4905700683594,9746670
2019-01-02 00:00:00+05:30,495.60012481927885,501.15869228234436,489.5968862076428,491.9981994628906,15628818
2019-01-03 00:00:00+05:30,492.4873615561272,495.64461591671386,484.74987540635277,485.92828369140625,16288287
2019-01-04 00:00:00+05:30,487.9960714293212,491.13109227912537,480.74772345630646,488.5519104003906,18516544
2019-01-07 00:00:00+05:30,492.2650356863747,497.3566691059738,489.59691956022573,491.2644958496094,12060290
2019-01-08 00:00:00+05:30,491.4201643000039,493.57687903332504,487.3735375588875,491.2200622558594,12304389
2019-01-09 00:00:00+05:30,494.4884553327521,496.7118706154236,488.5741504955051,493.9325866699219,12614237
2019-01-10 00:00:00+05:30,492.5985029916517,494.04374358575177,490.48625567811047,492.4873352050781,8925160
2019-01-11 00:00:00+05:30,492.53188514856754,495.2889357722093,484.08289447353985,488.28515625,14139060
2019-01-14 00:00:00+05:30,486.92887121313214,489.374622256868,483.10458003842365,487.72930908203125,8994060
2019-01-15 00:00:00+05:30,491.3757164560614,503.3821957876693,491.3757164560614,502.3371887207031,22011407
2019-01-16 00:00:00+05:30,504.7161306328441,509.16302031076884,502.6483800675471,505.11639404296875,13961606
2019-01-17 00:00:00+05:30,508.9184184171951,510.4525635845906,502.4927124442108,504.4715881347656,16379077
2019-01-18 00:00:00+05:30,510.8527506017523,529.1292687610969,504.82730823724705,526.6612548828125,56181172
2019-01-21 00:00:00+05:30,530.9525279850722,551.3857327105305,528.5734481188317,550.3851928710938,48206814
2019-01-22 00:00:00+05:30,548.2285379681914,554.4985800560028,542.3364367197829,549.2512817382812,36207430
2019-01-23 00:00:00+05:30,548.4284919909994,553.2755851789117,543.4035897283505,545.3157348632812,19313542
2019-01-24 00:00:00+05:30,544.7377510626503,557.2778345730263,542.5588029080949,554.7208862304688,28775487
2019-01-25 00:00:00+05:30,556.0548642393167,562.3915759058096,549.3623563202608,554.0759887695312,18703992
2019-01-28 00:00:00+05:30,556.0771759770403,558.5007230218457,543.5815592935013,546.7610473632812,18744303
2019-01-29 00:00:00+05:30,547.4058319436815,547.6948978925816,534.2209456710425,538.3565063476562,20405845
2019-01-30 00:00:00+05:30,540.2910091697695,544.7378404446878,529.6630099929512,531.7085571289062,17164298
2019-01-31 00:00:00+05:30,534.5099806581494,546.8277277392239,534.0653095076366,545.6937866210938,22279301
2019-02-01 00:00:00+05:30,548.7399868583243,558.0783204303511,545.6494326683425,555.8326416015625,20187323
2019-02-04 00:00:00+05:30,554.52081965213,576.7328304815715,552.3196673642985,574.04248046875,25528059
2019-02-05 00:00:00+05:30,574.5316136709903,580.0457150170757,568.572841095863,574.3314819335938,20479210
2019-02-06 00:00:00+05:30,576.42139839868,585.9376579308329,575.5320560913038,582.64697265625,20586783
2019-02-07 00:00:00+05:30,582.6470609227102,587.5163592148692,571.9079837753518,573.8201293945312,20150710
2019-02-08 00:00:00+05:30,571.3297709781081,578.3113456353781,565.7489995219256,568.1725463867188,14230054
2019-02-11 00:00:00+05:30,567.3721156501077,567.4165827641457,556.2994480427927,557.2999877929688,16457901
2019-02-12 00:00:00+05:30,556.5218574185877,565.7935190840021,556.5218574185877,558.7008056640625,13998153
2019-02-14 00:00:00+05:30,551.8527332372782,551.8527332372782,541.6249980277621,544.3820190429688,14496604
2019-02-15 00:00:00+05:30,546.8499357176113,555.810326626612,539.8461572542001,553.3867797851562,20994460
2019-02-18 00:00:00+05:30,555.8548007347506,556.9665380020092,540.2908945736532,542.5587768554688,21106139
2019-02-19 00:00:00+05:30,541.624965624784,551.2746276536953,538.6011420504902,540.7800903320312,13658461
2019-02-20 00:00:00+05:30,544.2263417435522,551.4079890010752,542.0695974945315,548.8955078125,13776558
2019-02-21 00:00:00+05:30,549.6292834807225,559.3234126066798,546.6721309103161,554.476318359375,23142949
2019-02-22 00:00:00+05:30,553.4535348502544,553.764804671846,545.1824135447996,548.0061645507812,19152470
2019-02-25 00:00:00+05:30,549.6293518231257,552.7421693868843,542.8034401776968,547.9840087890625,17176522
2019-02-26 00:00:00+05:30,537.8451245393707,549.0956619235902,536.2887753653348,542.62548828125,22160532
2019-02-27 00:00:00+05:30,546.0939603512974,553.5868766118792,537.6227082452347,544.0706176757812,24308835
2019-02-28 00:00:00+05:30,548.6288334415959,551.3413876088596,545.4270814993649,547.4281616210938,24688859
2019-03-01 00:00:00+05:30,550.0738873711305,552.4529670830805,543.5148394691456,545.20458984375,17329606
2019-03-05 00:00:00+05:30,544.0262644494293,551.319109914387,541.8917832299436,550.363037109375,15577500
2019-03-06 00:00:00+05:30,551.3191403320105,566.1271083197254,549.2291261191059,562.4362182617188,26332276
2019-03-07 00:00:00+05:30,562.0803962714617,569.1063789616119,559.4789808376285,564.8596801757812,17738092
2019-03-08 00:00:00+05:30,562.991988931222,566.7273454629021,561.1910410246052,563.4589233398438,13211934
2019-03-11 00:00:00+05:30,564.7707329778415,583.4251930254334,563.8591274031988,579.9122314453125,21258869
2019-03-12 00:00:00+05:30,585.6042004364595,593.2083156201982,584.4257920428238,592.0299072265625,24561597
2019-03-13 00:00:00+05:30,594.5423874268889,604.7700627353223,590.5846949191043,599.1226196289062,24577591
2019-03-14 00:00:00+05:30,600.2120965053618,605.6594672762811,594.1421266687281,596.565673828125,22753310
2019-03-15 00:00:00+05:30,598.0997697695152,604.2364100965389,583.0694684590887,587.7164306640625,34764353
2019-03-18 00:00:00+05:30,591.8741456080553,603.8584186781022,590.9848033317016,600.3453979492188,22104063
2019-03-19 00:00:00+05:30,604.770062981689,613.6637840318997,597.2549414208606,612.129638671875,21448030
2019-03-20 00:00:00+05:30,612.6853877853137,617.2211524223837,606.5487475796755,611.640380859375,21639437
2019-03-22 00:00:00+05:30,610.3286275838059,614.0639844657932,594.4089827675687,596.6546020507812,25078643
2019-03-25 00:00:00+05:30,591.6963034908932,594.4755872811774,585.5151962891665,588.9614868164062,17394088
2019-03-26 00:00:00+05:30,591.5629142966276,609.9283678159212,591.4295129464958,607.9940185546875,20734876
2019-03-27 00:00:00+05:30,612.7521657804966,612.7521657804966,597.7663307190293,599.98974609375,22079870
2019-03-28 00:00:00+05:30,600.4343864888832,609.1279751855097,597.1214971568348,604.77001953125,22930248
2019-04-01 00:00:00+05:30,609.2168953564346,625.5812099242753,605.9040061008697,618.9332275390625,22088854
2019-04-02 00:00:00+05:30,621.6680623919196,623.9359447841351,613.7082107757865,617.9771728515625,17526740
2019-04-03 00:00:00+05:30,619.3334225165113,623.8914503447172,610.106228754018,611.5292358398438,17169813
2019-04-04 00:00:00+05:30,613.2191720148456,615.3091862738775,599.1004144585554,601.6796264648438,18320845
2019-04-05 00:00:00+05:30,605.1924547766507,606.5042643677637,597.2103997569392,602.0574340820312,14717266
2019-04-08 00:00:00+05:30,602.9913484888758,603.6583552715974,588.6280535203862,591.0960083007812,19081843
2019-04-09 00:00:00+05:30,590.9404329916111,596.1876720186839,587.4274116874274,593.408447265625,20774977
2019-04-10 00:00:00+05:30,594.9646869015703,599.4337801704421,589.8730540519848,592.052001953125,16651949
2019-04-11 00:00:00+05:30,592.7413646626808,601.6572893551589,590.9848837435666,598.9002685546875,12558520
2019-04-12 00:00:00+05:30,600.3231732314594,603.3915230190657,594.3866647342375,597.2548828125,12948769
2019-04-15 00:00:00+05:30,598.0997389733817,599.8562790788998,593.6529087106474,595.9430541992188,9285737
2019-04-16 00:00:00+05:30,598.0997545833641,604.7700001515543,595.8763393939673,597.5439453125,17360317
2019-04-18 00:00:00+05:30,611.4403334527134,617.9993818498127,606.9935028676342,616.3096313476562,39286534
2019-04-22 00:00:00+05:30,604.770013246378,607.8828302001219,596.4544248221322,598.2554321289062,23607922
2019-04-23 00:00:00+05:30,599.4338101256589,610.5508857514487,598.5444678230537,606.4820556640625,19807450
2019-04-24 00:00:00+05:30,609.3503203942593,620.2450612802776,607.5493130403371,617.8882446289062,16101112
2019-04-25 00:00:00+05:30,617.7103647867747,628.07150005961,605.9262223781365,610.2841186523438,30469914
2019-04-26 00:00:00+05:30,611.4403870024071,620.7565162983317,609.5282413717472,619.355712890625,15069884
2019-04-30 00:00:00+05:30,620.9565886646793,620.9565886646793,607.7939642305762,619.355712890625,22348580
2019-05-02 00:00:00+05:30,618.9999337216068,628.7385297006279,614.5975701695064,624.8031005859375,18992003
2019-05-03 00:00:00+05:30,626.0925328153513,630.3392903592552,623.7357165516107,626.4927368164062,14240262
2019-05-06 00:00:00+05:30,621.668083175341,623.8025642845884,612.8188295325302,615.8427124023438,15832114
2019-05-07 00:00:00+05:30,620.2450860719435,620.3340203125821,595.9653259537797,597.4328002929688,19417647
2019-05-08 00:00:00+05:30,595.8763417992864,595.8763417992864,574.6204663806473,577.8444213867188,31958919
2019-05-09 00:00:00+05:30,573.108520460313,573.108520460313,556.6330086290789,558.7230224609375,42670173
2019-05-10 00:00:00+05:30,562.5251167243712,568.1726192629694,553.6314549463908,556.3662719726562,24557430
2019-05-13 00:00:00+05:30,554.9209873160831,560.6573639690338,545.8493988853006,547.8727416992188,17603659
2019-05-14 00:00:00+05:30,549.8515690855692,564.4594621270546,547.6281538909506,560.5017700195312,28438234
2019-05-15 00:00:00+05:30,566.0826007206683,568.3060161476365,556.1216687361512,558.9231567382812,24419559
2019-05-16 00:00:00+05:30,560.2794414070868,565.5934103188847,559.4567700569194,562.6807250976562,14451308
2019-05-17 00:00:00+05:30,563.4145387341147,567.8391065367374,556.7442327926992,563.5924072265625,17276949
2019-05-20 00:00:00+05:30,584.1368094194668,594.853682889219,579.6454518974258,589.6063842773438,26979100
2019-05-21 00:00:00+05:30,592.4078542813324,607.8828266181661,591.4517815790188,595.7874145507812,30343560
2019-05-22 00:00:00+05:30,598.3889343980982,604.6367138649781,593.6975043019173,596.0543212890625,24689918
2019-05-23 00:00:00+05:30,610.1062655891104,618.9999268330204,589.2061260447321,593.163818359375,38766006
2019-05-24 00:00:00+05:30,599.4338793034989,602.0130316473468,585.4263208404058,594.4756469726562,22269265
2019-05-27 00:00:00+05:30,594.5868290372126,594.7646975136477,581.2018106049238,582.8248901367188,16076686
2019-05-28 00:00:00+05:30,586.8937267895313,593.5639721575324,584.0255088138755,588.6502075195312,42594251
2019-05-29 00:00:00+05:30,587.4273758435999,592.8970095110765,579.934458605217,583.8921508789062,15558515
2019-05-30 00:00:00+05:30,585.3151810856352,596.7657910486324,585.3151810856352,591.3184204101562,23494381
2019-05-31 00:00:00+05:30,594.9425062582113,596.7212502126272,587.071589491595,591.4962158203125,25724066
2019-06-03 00:00:00+05:30,593.6529389620333,607.9940296272227,587.516298638274,604.8590087890625,18556942
2019-06-04 00:00:00+05:30,603.6360980885171,611.1068116046075,599.4783333814987,601.0569458007812,15442761
2019-06-06 00:00:00+05:30,605.6149325640446,605.6149325640446,587.4718148138544,590.2510986328125,16764835
2019-06-07 00:00:00+05:30,589.6286089339727,590.2066814942485,580.5792828507242,584.71484375,14722419
2019-06-10 00:00:00+05:30,587.3828795103498,590.0954329656549,582.5803122261857,586.6046752929688,11768468
2019-06-11 00:00:00+05:30,587.8054154783434,593.4306547533242,586.0934016212589,591.0515747070312,11492074
2019-06-12 00:00:00+05:30,593.5195613436267,595.1649041263249,589.2061320343628,592.3856201171875,10297599
2019-06-13 00:00:00+05:30,591.4295404898774,593.5195544412555,581.935543471113,590.2066650390625,15686169
2019-06-14 00:00:00+05:30,587.8275376717066,589.206077611282,582.2690295355039,585.8931884765625,14942768
2019-06-17 00:00:00+05:30,586.9827186282585,586.9827186282585,568.5283297408919,570.2181396484375,14908257
2019-06-18 00:00:00+05:30,568.7061458574321,572.7305682182637,564.3482498157947,569.6400146484375,16797371
2019-06-19 00:00:00+05:30,572.2637263980207,578.9784400081198,561.4579187765696,568.0169677734375,14492763
2019-06-20 00:00:00+05:30,569.1953483758955,578.0890692931227,568.3060059684988,576.643798828125,10748848
2019-06-21 00:00:00+05:30,576.288009856738,576.3102730992397,567.2164806453644,568.9729614257812,23236832
2019-06-24 00:00:00+05:30,565.7045908119254,567.616736357961,559.012140769453,561.3689575195312,11267228
2019-06-25 00:00:00+05:30,559.8124858702336,577.1996029387475,557.7446759514091,576.2435302734375,14966899
2019-06-26 00:00:00+05:30,574.0868659940008,580.1345720095973,572.0190560013318,575.4876098632812,11593027
2019-06-27 00:00:00+05:30,575.0429845151868,576.7105312192405,565.1931907910755,566.593994140625,24905533
2019-06-28 00:00:00+05:30,567.9058042132716,570.4627526979973,555.254522519952,557.2333984375,18942165
2019-07-01 00:00:00+05:30,559.4346159655151,565.9269944307913,554.2763106413568,564.2372436523438,13478857
2019-07-02 00:00:00+05:30,566.5050975449429,569.6401188033373,561.7692004725765,568.5283813476562,10146746
2019-07-03 00:00:00+05:30,570.4848882204199,572.0857637371373,566.9941306223501,570.3292236328125,8806492
2019-07-04 00:00:00+05:30,569.817975906356,574.0869384125054,569.1953768214119,570.97412109375,9351405
2019-07-05 00:00:00+05:30,571.4631858784575,573.8645289266176,560.3016427013837,561.7913208007812,10926753
2019-07-08 00:00:00+05:30,559.4123622916998,563.9036603298425,555.0544656189284,556.7664794921875,14009219
2019-07-09 00:00:00+05:30,555.3879134410759,570.7517485679084,553.8537681265412,569.2398071289062,17535754
2019-07-10 00:00:00+05:30,569.2175653620112,573.3531259576268,564.1703991885711,568.6839599609375,12018196
2019-07-11 00:00:00+05:30,572.3080681852458,573.5532067124459,568.8839817619269,569.884521484375,8608376
2019-07-12 00:00:00+05:30,570.5294025820405,578.089050270766,568.3281911431877,569.417724609375,15692436
2019-07-15 00:00:00+05:30,571.4187536167633,573.4198333665262,564.9041721766271,567.4611206054688,10659498
2019-07-16 00:00:00+05:30,569.1730892227583,575.8211308626826,567.8834834886258,574.9761962890625,10070773
2019-07-17 00:00:00+05:30,575.5542485107924,576.7549199705015,569.1952730336634,570.0179443359375,9482233
2019-07-18 00:00:00+05:30,570.084720053663,572.0413326152861,559.4123148851044,561.1243286132812,11942908
2019-07-19 00:00:00+05:30,563.9480184225731,566.0602359835875,552.6085483463659,555.4100952148438,16336536
2019-07-22 00:00:00+05:30,556.299508951372,571.1964093656397,545.7605049272529,569.417724609375,29092589
2019-07-23 00:00:00+05:30,571.4188455720887,575.3765385889242,560.4796355517013,566.3272705078125,20316348
2019-07-24 00:00:00+05:30,566.3048710383226,568.661687557077,557.4334142294794,559.9014282226562,15189179
2019-07-25 00:00:00+05:30,562.0804654495325,564.3261442187804,545.6271549553801,547.6282348632812,21805071
2019-07-26 00:00:00+05:30,547.6281806669657,552.5196824605647,538.0674533045859,539.7572631835938,20387504
2019-07-29 00:00:00+05:30,541.1358118566359,543.4036943148075,535.888513661204,538.4899291992188,17626045
2019-07-30 00:00:00+05:30,539.8239634029369,542.5143129866509,522.9259842937183,525.1271362304688,20853117
2019-07-31 00:00:00+05:30,522.8371050851758,526.950402820518,516.9005366560214,518.6126098632812,21229950
2019-08-01 00:00:00+05:30,517.3452186160949,528.3734210380151,511.54211079766753,524.8381958007812,22628222
2019-08-02 00:00:00+05:30,525.9529875749496,536.0407802154169,519.8689802518164,529.8225708007812,23766807
2019-08-05 00:00:00+05:30,522.0610071052761,522.0610071052761,504.61425742213294,511.48114013671875,30399133
2019-08-06 00:00:00+05:30,507.6339087573893,514.2771215118842,501.9301703949488,504.74847412109375,29067994
2019-08-07 00:00:00+05:30,503.94330761494183,509.3339082477903,493.4752147377102,496.2935485839844,25349369
2019-08-08 00:00:00+05:30,495.8238708992756,518.034949480859,489.98592920668983,515.5074462890625,31198568
2019-08-09 00:00:00+05:30,519.7571523106718,525.8634965195398,515.4849032721378,519.8689575195312,21970009
2019-08-13 00:00:00+05:30,551.6534122080756,582.8115291963719,548.4548395699373,570.2633056640625,104827144
2019-08-14 00:00:00+05:30,583.3484312700429,583.5497045483337,572.7685043829358,576.3026123046875,31688983
2019-08-16 00:00:00+05:30,577.6222954192474,577.8906996066623,569.4804628342943,571.7172241210938,21977767
2019-08-19 00:00:00+05:30,573.0817265434819,580.1275465408661,572.6119892836517,578.2486572265625,16317602
2019-08-20 00:00:00+05:30,576.9960435256826,578.2485964535656,569.3015509257864,570.8001708984375,14969299
2019-08-21 00:00:00+05:30,570.6659748321008,572.0080555654605,566.5727211691215,568.5634155273438,10677848
2019-08-22 00:00:00+05:30,568.5634226883876,568.585759842969,554.2257765227104,557.7374877929688,14031953
2019-08-23 00:00:00+05:30,554.2704931165212,574.4013453869694,548.6785598455581,570.7554321289062,21307915
2019-08-26 00:00:00+05:30,578.874926990228,578.874926990228,563.2175958540626,566.7069702148438,19202504
2019-08-27 00:00:00+05:30,574.8486994909782,574.8486994909782,564.2017008121152,570.30810546875,28401906
2019-08-28 00:00:00+05:30,569.8160301574608,573.0593371929982,561.8978672808688,565.1411743164062,11605488
2019-08-29 00:00:00+05:30,562.0767529347145,563.7767057901501,552.6152368804542,555.5006713867188,18890222
2019-08-30 00:00:00+05:30,557.1783066454112,561.1597553095268,546.2181691725724,558.542724609375,24735240
2019-09-03 00:00:00+05:30,555.724365883025,556.0599009833398,536.8236700987924,539.686767578125,18730619
2019-09-04 00:00:00+05:30,537.0697915833224,539.1723510117648,530.5831771530227,537.3381958007812,32949395
2019-09-05 00:00:00+05:30,539.8656977046184,542.7287354271208,533.8264243161294,536.1973876953125,22995486
2019-09-06 00:00:00+05:30,538.1657845260604,549.796991849655,534.6988072637425,546.88916015625,23186819
2019-09-09 00:00:00+05:30,546.0614755104552,551.5862773251275,542.7063636586323,546.7548828125,11747929
2019-09-11 00:00:00+05:30,546.8891780630742,554.7178732593286,546.8891780630742,552.2127075195312,12127900
2019-09-12 00:00:00+05:30,552.4811260640912,554.9191609506446,539.3736948324291,541.453857421875,11880005
2019-09-13 00:00:00+05:30,542.1919324610177,549.5732268594613,539.9104371214981,548.2759399414062,12947715
2019-09-16 00:00:00+05:30,531.9028303810459,545.3681328630463,530.6054836798681,541.6327514648438,20547730
2019-09-17 00:00:00+05:30,541.7445926965229,541.7445926965229,533.9158982485218,535.6829223632812,15640772
2019-09-18 00:00:00+05:30,539.03812210891,544.1155842826566,535.5711448848785,539.3736572265625,14933909
2019-09-19 00:00:00+05:30,540.3354205777293,541.1630300871835,524.5886221931479,527.45166015625,13766222
2019-09-20 00:00:00+05:30,531.4331523287888,568.09374218297,525.3268067417363,561.1373901367188,48165560
2019-09-23 00:00:00+05:30,569.994978423035,573.0593493887246,552.4810961684015,554.3599853515625,21610844
2019-09-24 00:00:00+05:30,556.328390918286,581.0222372021885,555.9481217276539,572.0304565429688,34958974
2019-09-25 00:00:00+05:30,574.4013388291797,579.32226155245,567.6239836297596,572.41064453125,18192270
2019-09-26 00:00:00+05:30,577.980269872532,581.0222442594841,574.1777570950776,580.1275634765625,18350457
2019-09-27 00:00:00+05:30,578.2039128132178,588.26936977172,574.4014002150042,585.6076049804688,19058663
2019-09-30 00:00:00+05:30,586.0324939218673,597.5518347003888,584.0417400743631,595.986083984375,25263770
2019-10-01 00:00:00+05:30,598.1110797172258,600.3478410067997,578.561710792839,583.7510375976562,17920384
2019-10-03 00:00:00+05:30,575.296115069358,588.1351414776207,573.1935556971858,586.5023193359375,13524851
2019-10-04 00:00:00+05:30,590.4613512863376,594.3533316552545,583.2813298639416,585.1825561523438,14992253
2019-10-07 00:00:00+05:30,585.1825910935223,590.8639928687065,582.3195530503269,586.0773315429688,10061584
2019-10-09 00:00:00+05:30,585.4510800476256,594.9573319134045,578.2039269700573,592.6310424804688,17588647
2019-10-10 00:00:00+05:30,592.7427680084465,612.4262776818766,590.9533471790431,609.63037109375,35006390
2019-10-11 00:00:00+05:30,610.0553797608088,610.9053861013408,597.9097614777667,605.0897827148438,16597126
2019-10-14 00:00:00+05:30,610.6145980694955,610.6145980694955,604.3069201919269,607.5054931640625,13394275
2019-10-15 00:00:00+05:30,609.5186334301526,612.8738056514717,605.8503229501799,610.2567749023438,9672791
2019-10-16 00:00:00+05:30,612.8290960517813,617.1907544159047,610.055466200217,613.9251098632812,19403660
2019-10-17 00:00:00+05:30,615.1105806410983,625.8470483684862,613.7684997782934,624.7286376953125,16038940
2019-10-18 00:00:00+05:30,628.0838393236604,638.7755735124656,625.7128754778188,633.608642578125,28121951
2019-10-22 00:00:00+05:30,637.4780602759029,642.7791919469498,627.792874377324,632.6243286132812,27786502
2019-10-23 00:00:00+05:30,633.586201337099,637.9031250769546,618.756421570499,622.8944091796875,18446160
2019-10-24 00:00:00+05:30,626.7415596328452,644.8146435925757,620.2773435881218,642.6002197265625,22642488
2019-10-25 00:00:00+05:30,644.6806202898492,644.8371595611579,631.3271216645048,640.2518310546875,13539957
2019-10-27 00:00:00+05:30,644.635847926269,646.4252690742446,639.7149248380822,641.6162109375,3014841
2019-10-29 00:00:00+05:30,646.6489747529108,662.082635948356,645.1279577348761,656.2894287109375,25768505
2019-10-30 00:00:00+05:30,662.0825379232862,664.1180259398081,653.2696948361131,661.679931640625,16341366
2019-10-31 00:00:00+05:30,663.8720501104048,666.39961281965,653.8960611110986,655.08154296875,19463741
2019-11-01 00:00:00+05:30,650.8987716125406,653.9407456609271,644.6358276540866,651.7487182617188,13904301
2019-11-04 00:00:00+05:30,655.7749371618147,658.0564327559093,646.470018638842,652.0842895507812,14063434
2019-11-05 00:00:00+05:30,654.522317533806,657.1392882739638,644.6357978154026,647.4541015625,12685356
2019-11-06 00:00:00+05:30,645.3962954434453,647.0738515591739,639.0438835228734,641.9069213867188,14625505
2019-11-07 00:00:00+05:30,641.9517463190575,654.4775749097812,640.6991335974781,652.50927734375,14084039
2019-11-08 00:00:00+05:30,648.2146155357956,652.9788793630199,644.7699757434531,646.6488647460938,12019353
2019-11-11 00:00:00+05:30,643.7858393788213,646.0897317907238,636.3821474784538,638.7307739257812,11357841
2019-11-13 00:00:00+05:30,639.7149647351628,660.2484855944018,639.7149647351628,658.6380004882812,25225749
2019-11-14 00:00:00+05:30,660.2931928467199,662.798358618493,651.2566785637106,654.3657836914062,14258133
2019-11-15 00:00:00+05:30,655.6630893679287,665.1246062674503,654.5446787993037,657.9893188476562,15691605
2019-11-18 00:00:00+05:30,658.7945257246133,664.7666684900898,651.0776959332642,652.7776489257812,14076051
2019-11-19 00:00:00+05:30,656.2670493023915,677.695311064439,655.3723685179723,675.3914184570312,30176255
2019-11-20 00:00:00+05:30,695.6564462284737,703.4180100751444,690.3553139483255,692.3460083007812,43538120
2019-11-21 00:00:00+05:30,691.1604742985135,696.081337059536,683.8015173095262,687.8500366210938,14897371
2019-11-22 00:00:00+05:30,689.8631857536991,702.1206693826493,687.8500945047838,691.83154296875,22352865
2019-11-25 00:00:00+05:30,693.9118107417911,700.0181560781981,693.8446798240759,698.5642700195312,15146156
2019-11-26 00:00:00+05:30,701.4943158405458,705.1849628164225,696.081319162589,697.9826049804688,35330983
2019-11-27 00:00:00+05:30,697.8484938217292,704.8048452673582,696.1261438952308,702.2772827148438,9642739
2019-11-28 00:00:00+05:30,703.5298454170753,708.6744386628012,699.6379246125003,706.9521484375,13747479
2019-11-29 00:00:00+05:30,707.6902457553092,707.6902457553092,692.4355212735608,693.9118041992188,18559594
2019-12-02 00:00:00+05:30,715.765043427941,722.229261317028,705.475915926694,709.7257690429688,31225364
2019-12-03 00:00:00+05:30,712.521616976094,713.0807625025484,703.5074409435476,706.3257446289062,12990426
2019-12-04 00:00:00+05:30,703.6864112318285,705.6995024548221,686.1277955034981,694.6051635742188,20987607
2019-12-05 00:00:00+05:30,704.1336619714378,706.7059581457469,690.7130953424411,693.7774658203125,19942460
2019-12-06 00:00:00+05:30,694.7393478229513,701.4496318188408,689.4158188233732,695.5892944335938,13085234
2019-12-09 00:00:00+05:30,696.1485494736302,705.6548007454388,691.8315657510143,703.5075073242188,12642677
2019-12-10 00:00:00+05:30,703.2614209575684,703.9548283487694,695.2537899519466,698.7431640625,10173333
2019-12-11 00:00:00+05:30,695.9025459474237,704.3575182981664,693.6657842513289,698.944580078125,12364641
2019-12-12 00:00:00+05:30,702.4562622023744,704.0667472788023,696.3722539219933,701.5391845703125,10326606
2019-12-13 00:00:00+05:30,706.8178876216022,711.2914703427954,703.4180412015133,708.115234375,12668303
2019-12-16 00:00:00+05:30,712.186169215049,713.0361159104941,699.8168796069076,700.8234252929688,11892718
2019-12-17 00:00:00+05:30,700.8904936892386,706.3705624637059,695.8801621597299,699.0787353515625,20324601
2019-12-18 00:00:00+05:30,699.212892125798,706.8178569998239,698.7655517905632,704.9613647460938,14742077
2019-12-19 00:00:00+05:30,703.9995298991538,722.4304886268787,703.1495832902942,720.216064453125,20507816
2019-12-20 00:00:00+05:30,722.4752563243196,723.6160040571339,714.0202849737523,715.3623657226562,21271510
2019-12-23 00:00:00+05:30,697.9155173301782,705.7218149032799,696.8866346005615,702.9706420898438,25107772
2019-12-24 00:00:00+05:30,701.8522634418367,703.2614153675864,690.042120180771,691.8092041015625,18048449
2019-12-26 00:00:00+05:30,689.6619584729085,694.7170240868594,675.570318790412,677.9189453125,29761019
2019-12-27 00:00:00+05:30,683.1081535254751,691.6973267522384,680.5582539222193,689.9750366210938,17677571
2019-12-30 00:00:00+05:30,691.5855488098815,692.3460274000547,683.5779176956529,690.8026733398438,17123749
2019-12-31 00:00:00+05:30,689.8184941634283,690.5790325109319,674.6309005193739,677.3150024414062,22203005
2020-01-01 00:00:00+05:30,679.0819357370663,683.1528519736394,673.4900624593615,675.3241577148438,14004468
2020-01-02 00:00:00+05:30,676.397899264457,689.3487905881979,676.397899264457,686.8212280273438,17710316
2020-01-03 00:00:00+05:30,685.7923126356704,689.6619561224467,681.3187895160008,687.6488647460938,20984698
2020-01-06 00:00:00+05:30,679.976780464453,683.510829151107,670.1349935917717,671.7007446289062,24519177
2020-01-07 00:00:00+05:30,679.5293813804267,686.4633961016671,677.0689495898322,682.0346069335938,16683622
2020-01-08 00:00:00+05:30,677.7400241132464,686.4410035098094,675.5032624964547,676.9124145507812,16047902
2020-01-09 00:00:00+05:30,688.2975058097518,693.3973052036212,685.0094646794911,692.5026245117188,14982742
2020-01-10 00:00:00+05:30,694.247234586273,696.9537331994524,688.7671661721967,692.3460083007812,12478359
2020-01-13 00:00:00+05:30,691.182979891191,697.289325272827,688.2080768341074,690.5790405273438,18282382
2020-01-14 00:00:00+05:30,688.9238120878065,693.3973351908096,680.8043754201078,684.181884765625,15816535
2020-01-15 00:00:00+05:30,687.0672990416617,688.8790573291237,679.1938699492092,681.6990356445312,15817859
2020-01-16 00:00:00+05:30,684.0029251254354,690.4224084594933,683.55552505049,687.9843139648438,12847975
2020-01-17 00:00:00+05:30,694.9630411899628,709.0322829800654,694.8288390890643,707.2652587890625,29463471
2020-01-20 00:00:00+05:30,719.7911481994419,719.7911481994419,682.839761284159,685.5015258789062,32545850
2020-01-21 00:00:00+05:30,683.8239219068291,691.5407512237331,680.8713564368783,686.1948852539062,18922720
2020-01-22 00:00:00+05:30,690.71323780845,691.9434536836012,684.9423678831845,685.9489135742188,10322817
2020-01-23 00:00:00+05:30,687.3580618125278,689.796156393504,680.2899048582964,683.0411376953125,11247739
2020-01-24 00:00:00+05:30,683.1082008428737,687.2909825261135,679.3280852091012,680.670166015625,14628445
2020-01-27 00:00:00+05:30,677.6952802850295,681.9674704241261,673.2664314282462,673.9598388671875,13387750
2020-01-28 00:00:00+05:30,674.8768456496997,675.5031818296184,654.7459935025485,658.3919067382812,24532236
2020-01-29 00:00:00+05:30,659.4208095162297,668.5244541677285,654.9472866809749,662.0155029296875,24746565
2020-01-30 00:00:00+05:30,661.6351599067466,661.9482981087504,644.1884108522094,645.865966796875,22402689
2020-01-31 00:00:00+05:30,650.004074503463,650.115939458839,629.5153479649114,631.5060424804688,34750310
2020-02-03 00:00:00+05:30,612.8290505582687,626.2720164126083,609.7646795449248,619.8077392578125,30712290
2020-02-04 00:00:00+05:30,626.2944084877797,640.8333893471847,625.3102596223829,638.1045532226562,25383901
2020-02-05 00:00:00+05:30,641.9070191850406,649.914651287147,639.8492533342408,647.9910278320312,18472100
2020-02-06 00:00:00+05:30,650.4961469348968,656.26695662953,644.2332031533095,652.1513061523438,15538577
2020-02-07 00:00:00+05:30,649.109342186217,649.7132815022266,638.9544179355763,641.3477783203125,12209212
2020-02-10 00:00:00+05:30,638.8202476362594,646.6489428047836,630.9692153123326,642.2201538085938,15142476
2020-02-11 00:00:00+05:30,647.4989123607826,655.9091502920886,646.4476326193693,649.8922729492188,13999816
2020-02-12 00:00:00+05:30,651.4132707150139,659.7787743619559,650.8987994375913,657.7432861328125,13533565
2020-02-13 00:00:00+05:30,661.076061195236,661.076061195236,654.2986456938107,659.465576171875,13565659
2020-02-14 00:00:00+05:30,660.8524216851458,671.6783575404241,650.0488229864293,665.4825439453125,21227841
2020-02-17 00:00:00+05:30,666.1087404521531,673.7808361092095,659.5326584603905,661.2996826171875,13149130
2020-02-18 00:00:00+05:30,660.248435272722,660.248435272722,651.9723999060855,656.4459228515625,11127161
2020-02-19 00:00:00+05:30,661.7918138192991,673.9150960904617,659.8905874009041,672.7296142578125,14084409
2020-02-20 00:00:00+05:30,669.687583672214,674.6084467350322,663.7825121618259,664.7443237304688,16892268
2020-02-24 00:00:00+05:30,657.4972328720769,660.7405401434429,643.9871953423907,646.4028930664062,21370214
2020-02-25 00:00:00+05:30,649.2882495489266,649.2882495489266,630.7678229370605,633.6309204101562,27745062
2020-02-26 00:00:00+05:30,630.7678186366056,631.8190982347916,620.6352917833475,622.7154541015625,29362748
2020-02-27 00:00:00+05:30,620.9260041253467,623.5206972699094,612.4262996742075,620.1431884765625,25054993
2020-02-28 00:00:00+05:30,606.1186837322065,607.0581581658521,592.7428492925397,594.3756713867188,39315769
2020-03-02 00:00:00+05:30,606.2081680239584,612.426378055896,582.0511321802886,588.7838134765625,29500495
2020-03-03 00:00:00+05:30,594.8454135797672,605.6713484615526,591.4007735026032,600.7280883789062,27398798
2020-03-04 00:00:00+05:30,604.821435403794,605.6266480626504,585.0931280116588,599.3189697265625,22105261
2020-03-05 00:00:00+05:30,604.9108243565992,607.4831207123542,584.2431048990697,586.5469970703125,30510390
2020-03-06 00:00:00+05:30,568.1384140570675,576.2579099445863,555.2099199542964,568.5857543945312,33734039
2020-03-09 00:00:00+05:30,554.7401548853941,555.1651580471522,489.85162058131226,498.4184265136719,88187018
2020-03-11 00:00:00+05:30,495.6672390040311,527.183262933386,495.6672390040311,516.044189453125,59578576
2020-03-12 00:00:00+05:30,485.37810154536595,492.5357258130127,469.1391701914128,475.53631591796875,55970485
2020-03-13 00:00:00+05:30,446.45833304032806,509.98244628268765,421.58552595652526,494.4593200683594,73297403
2020-03-16 00:00:00+05:30,474.44030673011787,483.0071128058158,449.5898351157526,454.37652587890625,38482258
2020-03-17 00:00:00+05:30,468.4905324264047,474.19430109253625,448.7846523850041,450.93194580078125,45445979
2020-03-18 00:00:00+05:30,458.6711544738802,463.41311163950786,429.9063628131876,433.2615051269531,44730415
2020-03-19 00:00:00+05:30,411.60959642106957,432.5904563115507,399.128442171934,410.53594970703125,61404010
2020-03-20 00:00:00+05:30,420.2882223245293,462.9657149231966,416.03836966442924,455.3830871582031,63360475
2020-03-23 00:00:00+05:30,409.86486186475844,424.9854120443488,391.7247049147837,395.48248291015625,40670949
2020-03-24 00:00:00+05:30,416.03838849257653,433.9325104811008,400.73893016882965,422.0329284667969,45734887
2020-03-25 00:00:00+05:30,431.15893082862937,515.1494403179707,430.91289363718744,484.14788818359375,73130298
2020-03-26 00:00:00+05:30,490.2094960975014,499.648645569476,466.2984692637249,476.96783447265625,45744488
2020-03-27 00:00:00+05:30,489.8516573515531,495.3540929516579,468.0208212280606,476.699462890625,41657940
2020-03-30 00:00:00+05:30,465.51562917935905,480.81508630927294,456.30014975804846,460.9749755859375,30229866
2020-03-31 00:00:00+05:30,480.4348787671312,505.41952430798887,468.8260681247117,498.2395324707031,44292810
2020-04-01 00:00:00+05:30,502.04201634176945,503.09329603601816,467.5734864710347,483.3426818847656,41597459
2020-04-03 00:00:00+05:30,507.49975757793965,507.49975757793965,472.53909292167856,482.0006103515625,41367807
2020-04-07 00:00:00+05:30,493.0278714782651,543.086660841312,492.08842686836795,539.5526123046875,54373624
2020-04-08 00:00:00+05:30,527.8766166035285,549.7969487728319,518.929571501776,533.3119506835938,49880330
2020-04-09 00:00:00+05:30,543.0866484415843,551.4968858405396,533.6922622821191,545.7484130859375,33032857
2020-04-13 00:00:00+05:30,538.590786977077,543.534047096568,527.8766572382242,531.969970703125,23673784
2020-04-15 00:00:00+05:30,535.50397581859,552.9283884903713,511.32454531609477,514.388916015625,35321842
2020-04-16 00:00:00+05:30,514.3889290016788,531.2094028193618,512.2192985890305,522.53076171875,37455706
2020-04-17 00:00:00+05:30,543.9813981126731,550.2443422338717,533.5356723756136,547.5601806640625,33269335
2020-04-20 00:00:00+05:30,548.4548889228998,562.3227974116861,537.7184224485133,556.4177856445312,36030932
2020-04-21 00:00:00+05:30,541.2972622124873,560.0860954670951,520.719067459836,553.5324096679688,61371628
2020-04-22 00:00:00+05:30,590.5061043699907,619.5393292310587,581.5590584712065,610.0106811523438,142683366
2020-04-23 00:00:00+05:30,611.6883400063555,619.964375961398,605.4029986108286,613.2764282226562,65464502
2020-04-24 00:00:00+05:30,603.9937855419026,668.7705176942633,602.6741016877038,633.8993530273438,134986308
2020-04-27 00:00:00+05:30,641.5043146604703,659.8458058753123,636.5834515375906,639.6030883789062,58482901
2020-04-28 00:00:00+05:30,648.6620459031445,651.1000807620374,622.7826591494636,638.8873901367188,78453401
2020-04-29 00:00:00+05:30,646.380615079962,650.2949332649216,635.2414804925826,638.3505859375,37494672
2020-04-30 00:00:00+05:30,650.4290406318744,668.770532341543,643.3161499559969,655.8196411132812,71345899
2020-05-04 00:00:00+05:30,644.1884921115068,655.3722993617022,634.100638844068,642.0411987304688,53456868
2020-05-05 00:00:00+05:30,650.3172850620577,661.6352953042017,647.4094531412376,653.4263305664062,44903763
2020-05-06 00:00:00+05:30,654.9249553114857,664.2970042488814,646.6489200756587,653.4710693359375,40489094
2020-05-07 00:00:00+05:30,650.8987749292127,677.1360326646604,646.4252520396666,674.1387329101562,50026966
2020-05-08 00:00:00+05:30,691.1605902433332,706.7731874423821,687.6264818225529,698.6761474609375,84262770
2020-05-11 00:00:00+05:30,706.817841580586,722.475230772329,703.3732613494101,705.3863525390625,67085063
2020-05-12 00:00:00+05:30,700.0181429966896,701.6062908611085,655.372320874391,661.7470703125,100683202
2020-05-13 00:00:00+05:30,689.5834112989287,689.5834112989287,656.6170544616783,675.7872314453125,66430125
2020-05-14 00:00:00+05:30,663.3909205122524,675.9000855316069,645.8013667337839,648.4657592773438,49266771
2020-05-15 00:00:00+05:30,652.101104371265,662.3523056062347,639.0500542508714,659.0556640625,62152260
2020-05-18 00:00:00+05:30,663.8426273750064,669.2617172227509,644.8756934578628,650.6334838867188,62796089
2020-05-19 00:00:00+05:30,657.9718729953,660.0943806330317,633.6987303989603,636.2501831054688,42315854
2020-05-20 00:00:00+05:30,636.7469852193168,653.3882265487033,629.0698717548398,647.4497680664062,55320985
2020-05-21 00:00:00+05:30,648.0367682176926,659.981412669229,643.5208404585119,650.8592529296875,39167981
2020-05-22 00:00:00+05:30,655.6236168765307,658.4234659784153,644.1982807272651,646.4788208007812,37828973
2020-05-26 00:00:00+05:30,653.9751868958597,654.6751640177939,639.5919112653286,643.091796875,33216635
2020-05-27 00:00:00+05:30,646.2303793438942,656.61703698639,637.6501047337907,652.8010864257812,35667956
2020-05-28 00:00:00+05:30,657.0685886567666,668.2455271815335,654.359044090917,664.8585815429688,40126278
2020-05-29 00:00:00+05:30,662.9393746004914,664.7457577060809,656.007450356248,661.3136596679688,40022527
2020-06-01 00:00:00+05:30,668.3585186853417,694.7090163146383,666.5295595380629,686.580322265625,39943702
2020-06-02 00:00:00+05:30,689.1318561237848,695.454167278361,686.7835281692161,693.5122680664062,22153960
2020-06-03 00:00:00+05:30,697.7121756042062,704.4860680447767,692.4510582225082,696.1993408203125,25381289
2020-06-04 00:00:00+05:30,697.2604077785676,717.8079613810611,695.905665372641,713.427490234375,34202350
2020-06-05 00:00:00+05:30,720.291708575871,730.6783659768879,710.6727564801458,714.2855224609375,33076685
2020-06-08 00:00:00+05:30,730.859089589277,730.859089589277,706.7439793566319,708.776123046875,31414953
2020-06-09 00:00:00+05:30,704.6214390965813,714.8726404733965,692.29294201313,694.1670532226562,25857161
2020-06-10 00:00:00+05:30,696.8540015463917,713.3146329578219,695.4766830422209,709.9728393554688,22132647
2020-06-11 00:00:00+05:30,707.1954823716251,708.0760679196416,691.3897362648564,694.4154052734375,20385805
2020-06-12 00:00:00+05:30,677.3903002260765,719.3885083960947,676.0354981246212,717.4918212890625,38548899
2020-06-15 00:00:00+05:30,706.7439083037186,734.7201185977291,704.9826774658966,729.120361328125,53107403
2020-06-16 00:00:00+05:30,741.9682427707079,744.474543171046,715.9112353938917,730.5429077148438,51187003
2020-06-17 00:00:00+05:30,726.2753520321108,738.5586972066078,723.4980791176175,729.481689453125,41782053
2020-06-18 00:00:00+05:30,725.7107978465832,751.9031997400788,725.0785489207035,747.793701171875,40471557
2020-06-19 00:00:00+05:30,754.1611973181019,807.8105013724783,750.5484911968546,794.53369140625,105804173
2020-06-22 00:00:00+05:30,800.8560305108304,814.7650899304879,783.5148135515716,788.5501098632812,60198705
2020-06-23 00:00:00+05:30,790.2886927800162,796.4981230069162,774.9796793150689,777.1473388671875,37962078
2020-06-24 00:00:00+05:30,783.9212306484618,800.5398941664224,772.9926883895107,780.285888671875,51586221
2020-06-25 00:00:00+05:30,779.9021017250843,789.8371789860777,773.6023667469223,775.7926025390625,39679374
2020-06-26 00:00:00+05:30,780.7149415817722,791.1919028764127,775.3860969939733,786.5178833007812,30921913
2020-06-29 00:00:00+05:30,780.3762638421109,785.6598967514907,774.7313543352946,778.1634521484375,25621946
2020-06-30 00:00:00+05:30,784.4179786955026,786.2243018289918,765.6993848508981,769.560546875,30276420
2020-07-01 00:00:00+05:30,776.7408788298266,789.8370801059237,771.3443062214384,784.6889038085938,28464103
2020-07-02 00:00:00+05:30,790.3307847728718,801.485204140099,786.7259846212489,798.1978149414062,28789533
2020-07-03 00:00:00+05:30,807.0169546549783,813.0023064997346,801.6664846343106,810.6897583007812,29434266
2020-07-06 00:00:00+05:30,818.4434059167284,842.4752438841282,812.5941218966552,839.6640014648438,47016185
2020-07-07 00:00:00+05:30,843.3821557977242,845.3545651080822,819.0329064848479,826.8092041015625,35189589
2020-07-08 00:00:00+05:30,827.0813186844387,832.0237061429656,811.6420023700266,815.2694702148438,26204095
2020-07-09 00:00:00+05:30,820.2570791014771,832.0462580004826,809.9414950928035,827.171875,36418942
2020-07-10 00:00:00+05:30,829.0990778284718,854.5365672443328,827.1719444149811,851.5665893554688,43759967
2020-07-13 00:00:00+05:30,863.0383906975433,883.1480789947044,861.519399808991,877.3895263671875,69608392
2020-07-14 00:00:00+05:30,876.9361375023506,880.4275378777578,855.7608760819069,869.227783203125,67331128
2020-07-15 00:00:00+05:30,878.7269992664014,897.2496904821614,815.2693491404729,836.1271362304688,139669773
2020-07-16 00:00:00+05:30,837.4874939607755,847.4629995747565,821.8214399496038,835.8551635742188,60961724
2020-07-17 00:00:00+05:30,836.5807150882681,870.5880602549773,833.4066658222266,866.8245849609375,49726765
2020-07-20 00:00:00+05:30,869.5904907729887,876.0292010321696,861.3607145700907,870.5426635742188,36592938
2020-07-21 00:00:00+05:30,879.2031842537095,896.4335647635958,878.0696081666921,893.9623413085938,42173371
2020-07-22 00:00:00+05:30,899.1541819328522,911.3968402873401,889.0426683207968,908.67626953125,59771457
2020-07-23 00:00:00+05:30,908.6534892544267,943.0009104541319,902.9402730055884,933.07080078125,58333751
2020-07-24 00:00:00+05:30,933.1615612066566,980.771821076851,933.0708895039387,973.1315307617188,120597372
2020-07-27 00:00:00+05:30,987.9361194684092,997.0047292904097,964.8564523008031,977.6885375976562,80304827
2020-07-28 00:00:00+05:30,977.688488793748,994.8281988813131,975.1719293046234,987.437255859375,55114422
2020-07-29 00:00:00+05:30,987.5279599955765,989.7497164572247,938.806733983119,950.6866455078125,72663399
2020-07-30 00:00:00+05:30,951.7522658851112,970.2068959629854,939.5096069794463,956.2185668945312,72857444
2020-07-31 00:00:00+05:30,958.7803899595893,965.3551074174673,930.8036739652497,937.2877197265625,74958061
2020-08-03 00:00:00+05:30,930.1234808378756,932.7080438678015,908.2680646839153,910.943359375,46715383
2020-08-04 00:00:00+05:30,916.2032119273854,982.5855095976556,906.9758674005031,975.1492309570312,92041055
2020-08-05 00:00:00+05:30,983.492374105097,995.7349719814191,960.5033812650585,964.1988525390625,74549993
2020-08-06 00:00:00+05:30,978.0512526670176,982.9029683593162,955.7424156591269,967.6676635742188,49322975
2020-08-07 00:00:00+05:30,965.7178380803712,978.4139143017511,961.3649370691895,973.2674560546875,32984416
2020-08-10 00:00:00+05:30,979.0034370833714,981.6786719644749,955.8784359553779,961.2062377929688,26958997
2020-08-11 00:00:00+05:30,967.9849736113041,979.4114660011795,952.3642557487519,967.5315551757812,46828306
2020-08-12 00:00:00+05:30,961.727691023823,972.6100942320181,955.2889807683499,964.7203369140625,30264617
2020-08-13 00:00:00+05:30,964.901699164418,969.8440862641454,956.7399270901238,962.2037963867188,24830322
2020-08-14 00:00:00+05:30,962.4304992398274,978.0512181796919,947.331262509623,958.4630126953125,33224635
2020-08-17 00:00:00+05:30,954.472749949031,954.472749949031,938.6480204856721,948.283447265625,30979066
2020-08-18 00:00:00+05:30,945.4041850307872,967.7583570068861,944.2026051100721,960.6168212890625,30547672
2020-08-19 00:00:00+05:30,970.7963711289713,976.6909912734272,961.8864371354927,966.5114135742188,34087543
2020-08-20 00:00:00+05:30,961.2742991196269,963.0426971858464,946.7644877423543,950.8680419921875,22537845
2020-08-21 00:00:00+05:30,960.3673777103614,962.1811114690666,941.7766816436981,943.975830078125,25280895
2020-08-24 00:00:00+05:30,948.3061551600297,954.2460509640609,938.8294034471639,950.278564453125,32717218
2020-08-25 00:00:00+05:30,954.9262408658594,957.3294607463159,942.2301636663344,944.0892333984375,19388008
2020-08-26 00:00:00+05:30,945.404164454041,973.9476387792452,928.1737834196999,969.1185913085938,59870421
2020-08-27 00:00:00+05:30,973.9702681942395,974.8771650364313,953.6792384308745,957.011962890625,28085062
2020-08-28 00:00:00+05:30,961.2742345079785,967.1235185049004,955.0395957954092,959.528564453125,27166900
2020-08-31 00:00:00+05:30,985.7595929976718,985.7595929976718,934.2271229260566,943.4544677734375,62076132
2020-09-01 00:00:00+05:30,952.205597527122,962.362446519786,935.1565603111148,946.4243774414062,38616258
2020-09-02 00:00:00+05:30,948.5781547637196,969.4360033995823,945.4041656068121,964.9923706054688,26949439
2020-09-03 00:00:00+05:30,964.9018008480825,969.7761846883416,953.5660384214475,957.6922607421875,18586429
2020-09-04 00:00:00+05:30,944.746652794342,950.8226158672919,939.6001945341707,941.8900146484375,28475945
2020-09-07 00:00:00+05:30,944.9507158856927,954.8128218318382,926.9267781694189,944.3385620117188,21926473
2020-09-08 00:00:00+05:30,948.5782565741886,961.7277530048063,943.363793855557,955.4251098632812,27397082
2020-09-09 00:00:00+05:30,945.4041824088742,982.948262646231,943.7944599093832,980.0236206054688,55310877
2020-09-10 00:00:00+05:30,989.8857107486725,1063.2735913062183,986.3715829983507,1049.2398681640625,140304404
2020-09-11 00:00:00+05:30,1048.3331597240744,1060.0542764084548,1037.042733630043,1051.84716796875,59470807
2020-09-14 00:00:00+05:30,1054.2277957192978,1070.0978626809967,1034.7301409572988,1044.0482177734375,44063445
2020-09-15 00:00:00+05:30,1048.3104335818653,1054.5677402462597,1037.5187024549093,1051.4390869140625,27178393
2020-09-16 00:00:00+05:30,1051.9602968564543,1074.3371332294498,1047.6754600565869,1054.0234375,33952295
2020-09-17 00:00:00+05:30,1051.9605029718427,1058.17259404091,1039.1964218842008,1042.3251953125,25828669
2020-09-18 00:00:00+05:30,1049.3532551234189,1051.7110790333331,1032.2588818564082,1045.4764404296875,33074915
2020-09-21 00:00:00+05:30,1042.8917579068893,1059.215300889657,1019.0185972834089,1022.8728637695312,33627381
2020-09-22 00:00:00+05:30,1032.462885418295,1032.462885418295,998.2515311852266,1002.6044921875,34792254
2020-09-23 00:00:00+05:30,1024.7546930361625,1032.349647647501,999.9520239691242,1011.5144653320312,42988708
2020-09-24 00:00:00+05:30,1001.130821092991,1009.337868735385,986.6890150583746,989.0242309570312,29826318
2020-09-25 00:00:00+05:30,992.561027630643,1003.3526989604931,982.7215890510984,998.319580078125,28374935
2020-09-28 00:00:00+05:30,1009.7914367963479,1014.7792199657465,1000.7454952765087,1004.9170532226562,19666849
2020-09-29 00:00:00+05:30,1008.8846136182149,1026.5683543037608,1004.9170669476492,1017.9758911132812,25842539
2020-09-30 00:00:00+05:30,1024.754589473698,1027.928578554187,1008.8845241351473,1013.1241455078125,24465159
2020-10-01 00:00:00+05:30,1026.4776536649397,1026.4776536649397,1003.8968020817645,1008.9979248046875,20783227
2020-10-05 00:00:00+05:30,1017.4997684325708,1019.8349246567832,1000.2694458305725,1003.0806884765625,18922799
2020-10-06 00:00:00+05:30,1008.9978810960307,1012.9200316663944,998.2968817912705,1002.2417602539062,18412175
2020-10-07 00:00:00+05:30,1013.4187882912593,1046.9727113511217,1006.6173319875696,1023.6210327148438,53170865
2020-10-08 00:00:00+05:30,1024.301155767066,1028.3821018510423,1007.5695886566497,1015.3458862304688,21077808
2020-10-09 00:00:00+05:30,1013.4189511481339,1021.5807240113821,1005.3025141380299,1012.7161254882812,18545499
2020-10-12 00:00:00+05:30,1013.4188838080661,1022.8275119437076,1009.4513972409951,1014.348388671875,14226473
2020-10-13 00:00:00+05:30,1011.423767661742,1036.4305673579886,1009.2699549272937,1034.1407470703125,23112012
2020-10-14 00:00:00+05:30,1033.324638008591,1044.7057362892785,1028.6088696874467,1037.22412109375,26742011
2020-10-15 00:00:00+05:30,1038.3575230267356,1038.3575230267356,995.2815705789496,1000.4960327148438,20036197
2020-10-16 00:00:00+05:30,1004.3502763795697,1012.285249528179,985.1474254749343,986.5757446289062,21583600
2020-10-19 00:00:00+05:30,993.0370533155368,1010.5621766967382,977.2123240387696,986.7570190429688,31200385
2020-10-20 00:00:00+05:30,988.0267509433463,994.3747895538761,975.8974318290545,977.552490234375,18482288
2020-10-21 00:00:00+05:30,983.0389831777511,993.9213260213652,951.1853919731954,963.3600463867188,34082321
2020-10-22 00:00:00+05:30,964.629675395071,966.9421636132013,948.1247869738381,955.3569946289062,30802210
2020-10-23 00:00:00+05:30,954.9262685377893,968.075764596618,950.573367065108,958.1229858398438,23422125
2020-10-26 00:00:00+05:30,953.0898169372152,953.0898169372152,915.2509933655792,920.057373046875,37324416
2020-10-27 00:00:00+05:30,922.6872027612388,934.0002955194137,909.1296257900527,922.505859375,36478896
2020-10-28 00:00:00+05:30,925.8159103792913,933.0255097674074,910.2179195551136,912.0543212890625,29924017
2020-10-29 00:00:00+05:30,905.5021761803395,925.9066057760115,902.781605556934,919.0597534179688,30655304
2020-10-30 00:00:00+05:30,922.0524968177426,936.3809648847906,916.7473625510196,931.5745849609375,34021563
2020-11-02 00:00:00+05:30,919.1051761545775,919.1051761545775,842.9967754989971,851.2945556640625,99366895
2020-11-03 00:00:00+05:30,856.9850494031045,865.600239943717,832.0917105106013,839.0291748046875,88691623
2020-11-04 00:00:00+05:30,832.953205081128,874.6689020903103,832.953205081128,867.504638671875,80180117
2020-11-05 00:00:00+05:30,886.4354619573483,889.1560327894556,876.0292050636682,886.4581298828125,37205373
2020-11-06 00:00:00+05:30,902.3282736472202,924.9997976298749,896.9550756882459,920.080078125,66674086
2020-11-09 00:00:00+05:30,935.0206280565577,938.1492815350944,923.1860519106892,929.8515014648438,35838510
2020-11-10 00:00:00+05:30,941.7767378395364,947.6713579150476,925.5439246746041,945.2001342773438,36934242
2020-11-11 00:00:00+05:30,947.217858238175,949.9384288213167,896.9323084725518,905.5928344726562,56724780
2020-11-12 00:00:00+05:30,898.2472405870444,910.693908818151,890.9923061234117,897.7937622070312,40046527
2020-11-13 00:00:00+05:30,898.7007210390979,923.4807196009718,898.5873814202945,905.2301025390625,45388670
2020-11-14 00:00:00+05:30,913.6187335697492,913.8000769836483,904.7541349819926,907.9054565429688,5226220
2020-11-17 00:00:00+05:30,945.4042408434395,945.4042408434395,900.0610723827276,903.8018798828125,46542562
2020-11-18 00:00:00+05:30,903.8018324500739,909.8098520291383,888.7705994600573,901.05859375,30402290
2020-11-19 00:00:00+05:30,901.0585724391551,911.6008364153229,892.4433818817643,894.6878662109375,27796343
2020-11-20 00:00:00+05:30,895.5266860839987,899.5169003772073,859.2521905953536,861.2926635742188,57471248
2020-11-23 00:00:00+05:30,884.6444304096374,893.2596216864068,873.4220078266853,884.5084228515625,45327567
2020-11-24 00:00:00+05:30,890.5390386169317,895.0733434410346,876.0292271989675,890.5617065429688,30936268
2020-11-25 00:00:00+05:30,897.7938413094128,903.6657931642695,880.654192057057,883.193359375,32637879
2020-11-26 00:00:00+05:30,885.5738832910803,890.9923565552566,875.1449593853476,885.3698120117188,25838637
2020-11-27 00:00:00+05:30,879.8833317328676,886.956863707273,871.2228051404243,875.0316162109375,47336811
2020-12-01 00:00:00+05:30,879.8153957062484,891.5593007073751,875.1450831922687,886.412841796875,19750687
2020-12-02 00:00:00+05:30,888.0451500921909,889.6322047606417,877.3895457117752,887.886474609375,22188887
2020-12-03 00:00:00+05:30,894.1665064634373,898.2927286508155,888.1131507545629,890.5617065429688,27785372
2020-12-04 00:00:00+05:30,892.8061306985533,892.8061306985533,879.6566356036066,882.71728515625,18464552
2020-12-07 00:00:00+05:30,879.9286890581647,890.9923750186222,879.9286890581647,887.9090576171875,18242188
2020-12-08 00:00:00+05:30,889.2467387240156,913.3239128258733,884.1909519390108,904.028564453125,43403061
2020-12-09 00:00:00+05:30,911.3742252800819,922.1885651259229,906.5225094998519,919.08251953125,29175254
2020-12-10 00:00:00+05:30,916.6566737897788,919.7853272816659,907.3159891974719,910.0365600585938,16065507
2020-12-11 00:00:00+05:30,912.7570925495094,924.0929139357568,895.1866323672836,909.492431640625,26944202
2020-12-14 00:00:00+05:30,910.4672819578382,913.6639990942831,900.6731791916262,902.9176635742188,17312747
2020-12-15 00:00:00+05:30,902.1921266922071,902.1921266922071,889.2239753376022,895.2319946289062,18551265
2020-12-16 00:00:00+05:30,901.421286250231,904.5726673464999,891.3097731763147,896.2294921875,18561011
2020-12-17 00:00:00+05:30,899.8343755485606,909.1297243018021,896.5016507528353,900.3331298828125,20252358
2020-12-18 00:00:00+05:30,897.8392714360722,909.0843613071538,890.9924186751066,903.031005859375,18466344
2020-12-21 00:00:00+05:30,911.3967647349846,916.8379057961085,841.2282692058656,879.5205078125,44135540
2020-12-22 00:00:00+05:30,883.7375484737753,888.2265172786522,856.2822534289644,878.1603393554688,28140001
2020-12-23 00:00:00+05:30,875.1223699613015,884.8484691755272,870.8827482738318,881.4024047851562,19501410
2020-12-24 00:00:00+05:30,882.8306298588741,906.3183777688924,882.3318755488342,904.2099609375,20776988
2020-12-28 00:00:00+05:30,909.9004843884214,915.0242747672096,904.7313581616152,908.3588256835938,17221499
2020-12-29 00:00:00+05:30,910.9433521975491,912.4396749942401,898.9500419328722,902.350830078125,18611939
2020-12-30 00:00:00+05:30,904.7087428928894,910.1272165991579,895.7761410801606,904.8220825195312,22043630
2020-12-31 00:00:00+05:30,903.9152831436563,912.2583993085362,897.1591616899547,900.1971435546875,18781189
2021-01-01 00:00:00+05:30,901.421320358103,905.5022064134912,898.7007496438623,901.1946411132812,10015175
2021-01-04 00:00:00+05:30,904.6406964491767,906.3636985650919,892.3527025549105,902.713623046875,24513534
2021-01-05 00:00:00+05:30,892.80613046262,899.4262438413816,886.9115106039434,891.4912109375,24123091
2021-01-06 00:00:00+05:30,891.4004573776713,891.4457932255564,863.854552119663,867.9807739257812,46401468
2021-01-07 00:00:00+05:30,870.8146344257167,881.9237155642203,863.8545027482037,866.5750732421875,32325918
2021-01-08 00:00:00+05:30,869.6811807226603,878.9311936650147,867.0059456976594,876.800048828125,27540187
2021-01-11 00:00:00+05:30,879.1125050229124,879.1125050229124,858.1186482532938,860.2724609375,33307825
2021-01-12 00:00:00+05:30,862.87970997784,888.7252828199374,861.4740587259083,887.3876953125,41161546
2021-01-13 00:00:00+05:30,890.3349094942321,895.5040358477936,869.8852032617441,879.1124877929688,26619458
2021-01-14 00:00:00+05:30,881.923722106697,891.8538914370755,879.2258195153461,888.9972534179688,21553242
2021-01-15 00:00:00+05:30,888.9973558240713,894.9826476255291,870.6107298685408,878.5004272460938,20593268
2021-01-18 00:00:00+05:30,883.7828981720585,905.5022489944743,872.1070575050039,899.5849609375,35100458
2021-01-19 00:00:00+05:30,904.4366615381475,920.9188817318542,904.4366615381475,914.298828125,32006615
2021-01-20 00:00:00+05:30,916.5660452495849,933.161606242415,907.4973753386912,931.665283203125,30924537
2021-01-21 00:00:00+05:30,944.0438963533106,961.2742782497206,940.8699070414725,951.93359375,39087742
2021-01-22 00:00:00+05:30,957.1933088409049,959.1657779947258,922.8005518130244,929.3526611328125,30532660
2021-01-25 00:00:00+05:30,922.7099765082173,922.7099765082173,876.0292211149126,880.110107421875,54207104
2021-01-27 00:00:00+05:30,872.8552326609131,872.8552326609131,856.0782689298538,859.2522583007812,42370131
2021-01-28 00:00:00+05:30,852.5187439949068,872.084340959147,847.9164357485394,850.8864135742188,34067814
2021-01-29 00:00:00+05:30,858.9347876285253,867.4593064405973,829.7791594362084,835.1976928710938,43712383
2021-02-01 00:00:00+05:30,843.1100367737496,863.7864814872391,837.9409106033642,859.3882446289062,34180952
2021-02-02 00:00:00+05:30,867.9808262438378,879.6566667876373,841.0923491274965,873.2179565429688,41470034
2021-02-03 00:00:00+05:30,874.3516028138517,885.097879377404,861.5194571782569,875.4171752929688,30301696
2021-02-04 00:00:00+05:30,872.4017742702679,879.6567100873364,863.7865829635437,872.537841796875,25626981
2021-02-05 00:00:00+05:30,875.1450294447208,881.7651430554548,870.5880568440388,872.2883911132812,20248046
2021-02-08 00:00:00+05:30,876.5052135771294,892.8060891318694,874.6915398289318,884.848388671875,21183400
2021-02-09 00:00:00+05:30,889.6095735403137,902.1469161459931,885.233944002577,886.9796142578125,19604141
2021-02-10 00:00:00+05:30,885.8913937556059,899.9477267102546,873.8980819416108,895.2093505859375,21234156
2021-02-11 00:00:00+05:30,897.7938959649373,935.9728593397923,894.2798277886045,932.11865234375,42539278
2021-02-12 00:00:00+05:30,932.0280449983507,942.2302313482184,913.8454289984702,925.725341796875,30497029
2021-02-15 00:00:00+05:30,928.6498762091927,934.6578356915304,918.1982839074868,921.6443481445312,15791099
2021-02-16 00:00:00+05:30,924.8864658007502,942.8650096572084,922.7326530138156,933.8417358398438,21421660
2021-02-17 00:00:00+05:30,934.0683329596526,950.3692089797069,929.8061035808391,944.6106567382812,23742994
2021-02-18 00:00:00+05:30,945.4042372455169,956.0145057624479,933.6603325517267,937.5598754882812,18646877
2021-02-19 00:00:00+05:30,932.7080181575017,954.450034127703,931.0302920410015,943.27294921875,23403483
2021-02-22 00:00:00+05:30,943.1370313830363,947.6260001116775,904.5727145749872,910.5352783203125,23804335
2021-02-23 00:00:00+05:30,928.6272336757321,930.8490501461664,913.0291825324456,917.4954833984375,25644108
2021-02-24 00:00:00+05:30,920.46551838717,936.4489852163127,918.7197882041789,934.5219116210938,10807663
2021-02-25 00:00:00+05:30,941.3232777095965,975.7840397521635,939.9629623775807,972.3153076171875,34855693
2021-02-26 00:00:00+05:30,959.9140321981981,967.57699044691,938.9201148180857,945.7669677734375,37481215
2021-03-01 00:00:00+05:30,956.8306484903325,957.6468737146039,935.2019693603648,952.9765014648438,17680764
2021-03-02 00:00:00+05:30,962.1810822756376,965.8084897149365,947.263190026968,954.9261474609375,17150760
2021-03-03 00:00:00+05:30,961.7503348817029,1006.5720155428403,955.4703006523928,998.5009155273438,31924461
2021-03-04 00:00:00+05:30,988.4800650989264,992.9917014235936,978.3685522339485,986.5983276367188,21435754
2021-03-05 00:00:00+05:30,977.5977682721734,1002.9672532884404,976.260120871694,987.890625,25511666
2021-03-08 00:00:00+05:30,983.2656636273797,1012.0132094952947,983.0389843818929,993.5132446289062,19506841
2021-03-09 00:00:00+05:30,997.5488190712593,1003.8061862317355,973.3356356542184,993.4906005859375,15154484
2021-03-10 00:00:00+05:30,1000.7227465962088,1004.3955499162571,984.0591241137868,989.3642578125,11519358
2021-03-12 00:00:00+05:30,995.2816784252693,1000.4508052727284,963.0427293609322,969.2547607421875,16864952
2021-03-15 00:00:00+05:30,970.3655452396614,974.378367439583,943.3636702802955,956.2411499023438,16698099
2021-03-16 00:00:00+05:30,958.5537469717594,963.9949488326658,950.165294900262,952.477783203125,13873801
2021-03-17 00:00:00+05:30,951.321487384943,953.5659717866566,922.7779520359184,931.9599609375,19210236
2021-03-18 00:00:00+05:30,939.9177225056251,945.3135885679565,907.3160267693697,910.9888305664062,20647480
2021-03-19 00:00:00+05:30,902.7817223103584,950.3239804534788,899.0635826580283,944.0439453125,41787429
2021-03-22 00:00:00+05:30,939.0561589834671,940.4164143959771,921.9164490477823,935.1566162109375,18572478
2021-03-23 00:00:00+05:30,934.9526119187763,956.6039587366939,932.2547090305418,946.5377807617188,17421165
2021-03-24 00:00:00+05:30,943.0236364808284,943.0236364808284,925.1811610696235,928.309814453125,16822814
2021-03-25 00:00:00+05:30,931.3478510950881,931.3478510950881,900.0610755416413,902.9857177734375,22001648
2021-03-26 00:00:00+05:30,912.3036747318539,913.0745041101142,894.937285828174,904.4366455078125,20180202
2021-03-30 00:00:00+05:30,910.4899757979094,929.035337372419,903.0310289019577,920.1480712890625,20441701
2021-03-31 00:00:00+05:30,915.0243084377211,929.4887232737643,906.40905776399,908.2681274414062,16250796
2021-04-01 00:00:00+05:30,915.0243493680184,920.4654911265429,908.2908359953475,916.77001953125,11723312
2021-04-05 00:00:00+05:30,918.1756892265367,918.1983571528486,889.6775482799965,903.5072021484375,14875099
2021-04-06 00:00:00+05:30,908.6762538058488,909.1070043382359,892.8061280725167,899.74365234375,14009194
2021-04-07 00:00:00+05:30,906.8625335398098,928.1284651595439,903.8245518752842,908.15478515625,24266353
2021-04-08 00:00:00+05:30,911.8502864734401,916.8380096725809,903.6885139889864,909.2883911132812,15369188
2021-04-09 00:00:00+05:30,906.1597285641935,909.7418004729616,897.7938848658578,898.7234497070312,14037885
2021-04-12 00:00:00+05:30,888.2717533622153,889.3599935534187,861.632686520503,866.5750732421875,20901482
2021-04-13 00:00:00+05:30,872.4016807388492,879.9286908340912,869.6131063111714,875.9384765625,19411189
2021-04-15 00:00:00+05:30,873.4445516203328,889.1786089267097,867.4139245804644,881.6063232421875,19723716
2021-04-16 00:00:00+05:30,878.1149969863354,884.1456245317884,873.5126286216039,876.0745239257812,15656948
2021-04-19 00:00:00+05:30,863.333187750963,868.9557331768007,856.9851487238521,862.290283203125,18478808
2021-04-20 00:00:00+05:30,866.2803940149797,870.1345408290238,857.1891171314771,862.0408325195312,17203668
2021-04-22 00:00:00+05:30,858.0053442180699,868.0715224771913,850.9544798546892,864.42138671875,14490954
2021-04-23 00:00:00+05:30,864.2400438171045,870.0892682363567,859.4109960022909,863.4918823242188,11828857
2021-04-26 00:00:00+05:30,870.5879935892407,889.6321078230069,866.7337869207527,878.6817016601562,20846778
2021-04-27 00:00:00+05:30,879.6566357896455,905.592879224886,878.8631384956852,901.716064453125,19992524
2021-04-28 00:00:00+05:30,905.8875907227454,910.4898988549594,897.8618863960234,905.63818359375,17122437
2021-04-29 00:00:00+05:30,917.2460958998795,927.0402589004967,910.1726236848527,917.767578125,17412606
2021-04-30 00:00:00+05:30,910.7167522740972,923.1860908307701,901.2173918419056,904.3687133789062,19828769
2021-05-03 00:00:00+05:30,891.4458771331132,897.340497401844,881.0623478526642,888.2945556640625,23640186
2021-05-04 00:00:00+05:30,884.1908961551087,892.2619961748394,866.507097421783,869.0462646484375,21849830
2021-05-05 00:00:00+05:30,872.1070779189138,878.976538945821,865.1695531457119,870.6334228515625,12393609
2021-05-06 00:00:00+05:30,871.4267940731952,877.3894172578272,864.5119382269039,875.57568359375,14624666
2021-05-07 00:00:00+05:30,878.6364644741296,886.7529013481309,873.308662266205,875.9158935546875,12288548
2021-05-10 00:00:00+05:30,879.2031788665513,882.7399146478764,871.0187391792962,873.3992309570312,13941237
2021-05-11 00:00:00+05:30,868.320883202796,878.9991548596583,866.0536709526697,876.5506591796875,13478264
2021-05-12 00:00:00+05:30,875.1676804843173,876.4372641804301,864.6934200952072,867.4819946289062,13177961
2021-05-14 00:00:00+05:30,874.2380874670803,880.5634577549068,864.2399737584975,878.432373046875,13291616
2021-05-17 00:00:00+05:30,878.4324402760395,890.2896245106193,875.3037267948372,888.884033203125,11873078
2021-05-18 00:00:00+05:30,898.2473602910601,908.0414631541172,894.3931533556103,901.398681640625,12064918
2021-05-19 00:00:00+05:30,897.7938200130252,914.32143492012,894.1664125157001,905.5248413085938,16317002
2021-05-20 00:00:00+05:30,905.9103124284246,911.8049324349585,898.2473543943751,900.242431640625,11422532
2021-05-21 00:00:00+05:30,903.2350870037179,911.2154560407943,900.5145161905418,908.018798828125,10785605
2021-05-24 00:00:00+05:30,910.4899555985552,911.3061808075764,898.7007755187158,900.3557739257812,8551760
2021-05-25 00:00:00+05:30,905.2301950520241,905.5022701330101,888.7253062731775,890.1536254882812,14780102
2021-05-26 00:00:00+05:30,895.5267109206686,897.5671839561246,891.1284738713696,893.2822265625,7480204
2021-05-27 00:00:00+05:30,893.3956745411289,903.6885320706949,889.7455387788042,896.0255737304688,26819294
2021-05-28 00:00:00+05:30,902.3282518740783,954.472815743996,902.3282518740783,949.8478393554688,56469931
2021-05-31 00:00:00+05:30,953.1124880356037,993.7852821100847,945.4268620793822,979.5475463867188,59124142
2021-06-01 00:00:00+05:30,982.1320420491826,998.4555855632798,973.290112651038,983.447021484375,28013832
2021-06-02 00:00:00+05:30,978.0512481274061,1001.856407995626,978.0512481274061,998.1156005859375,24630162
2021-06-03 00:00:00+05:30,1007.0707759680465,1020.220331233519,995.7804103170117,1001.9243774414062,23974257
2021-06-04 00:00:00+05:30,1004.2595618006808,1005.007723278059,990.4072405064371,993.2412109375,14468646
2021-06-07 00:00:00+05:30,998.4556731308024,1016.5928919877746,990.7473191357551,1009.9727783203125,16336573
2021-06-08 00:00:00+05:30,1009.6100858849402,1009.8594330639162,996.7099374722953,1004.1688842773438,9674735
2021-06-09 00:00:00+05:30,1006.1639653966724,1007.0708023507111,978.4819907883092,986.2130126953125,11409161
2021-06-10 00:00:00+05:30,994.5561020859403,1011.1517216348074,987.3692305170946,989.8404541015625,14155653
2021-06-11 00:00:00+05:30,993.2457554895082,1013.7668141971928,991.9716855769274,1007.0098266601562,13762778
2021-06-14 00:00:00+05:30,1007.8518201458088,1027.5310646021146,998.7742810551655,1021.4566650390625,20332436
2021-06-15 00:00:00+05:30,1028.7822100785202,1035.106825043558,1019.3634081270661,1023.7770385742188,15174215
2021-06-16 00:00:00+05:30,1021.4564397057088,1022.4346788679379,1003.6881840170562,1006.3045043945312,10797349
2021-06-17 00:00:00+05:30,1001.0264608448158,1016.9519142263862,991.8807422543711,1008.1473999023438,15745975
2021-06-18 00:00:00+05:30,1012.6292689125116,1016.9519117351164,993.9055193524756,1012.697509765625,29369026
2021-06-21 00:00:00+05:30,1002.6190479059233,1022.6394940703871,1001.0947614747922,1017.9756469726562,12186448
2021-06-22 00:00:00+05:30,1025.596992217332,1028.7821668704214,1009.8308290128952,1012.742919921875,12871913
2021-06-23 00:00:00+05:30,1023.777092514532,1024.0500559302593,1001.7999870984139,1003.4608154296875,16653951
2021-06-24 00:00:00+05:30,1004.143316081599,1007.6696350296437,973.7257686881059,979.868408203125,91461975
2021-06-25 00:00:00+05:30,979.868355835384,979.868355835384,946.9254774381874,957.5499877929688,55355022
2021-06-28 00:00:00+05:30,965.5354805207484,967.5830068351754,946.8799733132387,949.155029296875,20277042
2021-06-29 00:00:00+05:30,950.7476377872767,959.6203929887992,948.2906059997632,949.97412109375,27144063
2021-06-30 00:00:00+05:30,953.8190103371659,965.8313268791452,951.45296622348,960.3712158203125,19762858
2021-07-01 00:00:00+05:30,963.7154392931002,966.0587361622839,953.2501575281797,954.5924682617188,12534407
2021-07-02 00:00:00+05:30,954.1601447164786,970.4951021153942,952.3173409366497,968.7432861328125,14086620
2021-07-05 00:00:00+05:30,972.1103871470752,979.8911076185376,969.8580780772137,978.3668212890625,11702287
2021-07-06 00:00:00+05:30,975.9780960314433,977.775345876362,964.7165499262375,966.8095703125,10070124
2021-07-07 00:00:00+05:30,968.15182763501,968.15182763501,954.6152261057076,960.0980834960938,10454892
2021-07-08 00:00:00+05:30,963.2377120648708,963.2377120648708,946.880007204719,952.1581420898438,11185460
2021-07-09 00:00:00+05:30,950.0650773140198,951.7486525291566,940.1003484340649,942.4208984375,9037675
2021-07-12 00:00:00+05:30,946.3112426024383,956.2077909534229,943.9224517127791,948.2905883789062,8585292
2021-07-13 00:00:00+05:30,955.5252756516485,956.9130803745411,950.0878516924769,955.3887939453125,6717133
2021-07-14 00:00:00+05:30,955.6844267309463,958.6420115450965,946.9937080592862,949.155029296875,8532544
2021-07-15 00:00:00+05:30,953.2502049164673,953.2502049164673,945.7425076403309,947.4943237304688,9448356
2021-07-16 00:00:00+05:30,949.951367281346,962.2367066615387,949.8831264283724,961.1674194335938,8828185
2021-07-19 00:00:00+05:30,955.525231478772,966.4455126172754,951.9989126340373,955.0474853515625,8354449
2021-07-20 00:00:00+05:30,955.2977362314513,959.1653798198789,948.2450982877981,952.7041625976562,6741464
2021-07-22 00:00:00+05:30,964.1705140611995,966.4000763573125,954.6835309155986,964.9440307617188,7972397
2021-07-23 00:00:00+05:30,971.2004383163171,971.2004383163171,956.4580071605648,958.1188354492188,9937030
2021-07-26 00:00:00+05:30,959.1653976108203,965.0805075916205,942.3754396207585,944.9917602539062,12389668
2021-07-27 00:00:00+05:30,944.9689777697635,948.1085383406385,929.1345728588083,935.0496826171875,10824523
2021-07-28 00:00:00+05:30,936.414732655119,936.414732655119,917.4179602018662,927.0187377929688,12897848
2021-07-29 00:00:00+05:30,934.5946824013536,943.8769425785124,929.7715466212894,934.25341796875,13765738
2021-07-30 00:00:00+05:30,936.4148004933196,940.9421660372899,924.1749545520307,926.0860595703125,11350608
2021-08-02 00:00:00+05:30,934.7312977266258,946.1520730211323,928.7478864764136,943.0125122070312,10925104
2021-08-03 00:00:00+05:30,950.9751482931742,951.430147484226,939.2358562430207,949.9513549804688,11817299
2021-08-04 00:00:00+05:30,952.9771655453944,961.8954143261994,949.6100753022611,957.2315673828125,13169800
2021-08-05 00:00:00+05:30,962.0318379378849,980.4598152724985,957.4589790719469,971.109375,21252078
2021-08-06 00:00:00+05:30,969.1528622918455,976.8880893431025,945.8562535112904,950.5429077148438,16620987
2021-08-09 00:00:00+05:30,946.8799898333923,950.8841149123823,940.2822912594686,945.128173828125,7494143
2021-08-10 00:00:00+05:30,947.3349664779623,961.4403616289129,943.5811181110125,950.0877685546875,11919198
2021-08-11 00:00:00+05:30,954.1373988131746,964.6254274166216,947.9720127090839,963.3969116210938,9184963
2021-08-12 00:00:00+05:30,966.8550009426898,967.4465419866664,957.8002707488877,960.3028564453125,8137612
2021-08-13 00:00:00+05:30,963.3969420853272,978.2303606065249,959.5975996548036,976.2965087890625,12780901
2021-08-16 00:00:00+05:30,977.9800453155041,1002.3914332731313,968.3337742680684,988.9685668945312,21935444
2021-08-17 00:00:00+05:30,986.8528461084586,994.2922421974579,977.2975624086582,984.759765625,12658169
2021-08-18 00:00:00+05:30,989.1961972236583,995.0203194571639,979.4589373887336,988.5819091796875,10075860
2021-08-20 00:00:00+05:30,975.090702319037,988.2860390419917,972.3606471777291,977.4795532226562,9426282
2021-08-23 00:00:00+05:30,989.1961455676026,989.1961455676026,970.2221199980743,983.895263671875,9854395
2021-08-24 00:00:00+05:30,985.1237449789751,997.3863365967811,980.823849400721,993.6097412109375,11864472
2021-08-25 00:00:00+05:30,994.3833180171741,1010.1267354530132,991.9717199859176,1002.20947265625,13380559
2021-08-26 00:00:00+05:30,1004.666465019474,1021.4564210623375,1003.301407394536,1014.8814697265625,18589616
2021-08-27 00:00:00+05:30,1017.8619111430866,1020.4782919319844,1008.3294342208058,1013.4937744140625,10480636
2021-08-30 00:00:00+05:30,1023.7770080256,1035.5391065503322,1017.7708505413503,1032.990966796875,14027062
2021-08-31 00:00:00+05:30,1036.016904489164,1039.1337183154053,1020.2507393885751,1027.4854736328125,26485463
2021-09-01 00:00:00+05:30,1034.2423608926047,1043.2970916409213,1029.6922485674477,1031.5577392578125,11145486
2021-09-02 00:00:00+05:30,1026.052128476792,1050.0767599227504,1026.052128476792,1043.9796142578125,9956770
2021-09-03 00:00:00+05:30,1051.0776557907193,1089.753727352986,1047.6651320377116,1086.796142578125,30664428
2021-09-06 00:00:00+05:30,1097.944051619568,1128.4299004209945,1097.4889922462605,1103.67724609375,33641710
2021-09-07 00:00:00+05:30,1105.6792381399396,1118.4195769224002,1097.4890117544835,1110.638916015625,17349882
2021-09-08 00:00:00+05:30,1115.689388852755,1116.599387104017,1095.0545376191697,1106.2933349609375,14301651
2021-09-09 00:00:00+05:30,1104.7237261918483,1109.2510915570197,1099.35460328716,1103.67724609375,8963249
2021-09-13 00:00:00+05:30,1107.0444444518414,1107.0444444518414,1077.4914568578176,1079.083984375,16311160
2021-09-14 00:00:00+05:30,1080.6536720322044,1089.2988378614205,1076.5584984650136,1077.67333984375,8908356
2021-09-15 00:00:00+05:30,1077.6960268089388,1090.09504087413,1077.6960268089388,1082.1551513671875,9071075
2021-09-16 00:00:00+05:30,1083.6338341939222,1108.750437452325,1077.013388880378,1104.860107421875,13448882
2021-09-17 00:00:00+05:30,1112.9594649804742,1117.441336518829,1080.9265822690465,1087.72900390625,34882133
2021-09-20 00:00:00+05:30,1079.3339306750968,1100.3782281549334,1078.3784384748346,1089.4580078125,11779819
2021-09-21 00:00:00+05:30,1094.3038400919852,1099.5819747220887,1084.7485569386888,1094.1673583984375,9915736
2021-09-22 00:00:00+05:30,1095.6690469817631,1111.139381442334,1091.2326692117995,1105.9068603515625,10995912
2021-09-23 00:00:00+05:30,1113.596411926489,1136.1649964932392,1112.731907489886,1132.9344482421875,15748397
2021-09-24 00:00:00+05:30,1139.1453680882425,1140.009872555042,1124.7897556991463,1129.6583251953125,15192163
2021-09-27 00:00:00+05:30,1131.6149158288965,1151.134928281977,1126.2912870102596,1148.655029296875,15373834
2021-09-28 00:00:00+05:30,1153.0003348281084,1167.0602357363134,1143.3540640558012,1159.393310546875,18035258
2021-09-29 00:00:00+05:30,1169.38083570803,1169.38083570803,1146.653022546889,1150.2021484375,9719875
2021-09-30 00:00:00+05:30,1148.9053210131074,1153.273457399079,1137.6892697076169,1146.2889404296875,13590654
2021-10-01 00:00:00+05:30,1138.4173546931033,1155.6395643825463,1135.2550471541776,1148.3138427734375,8958928
2021-10-04 00:00:00+05:30,1161.645680951927,1171.587662580675,1154.38820045178,1163.0789794921875,10918552
2021-10-05 00:00:00+05:30,1162.6012346483487,1188.4914771861918,1159.0748554855732,1187.2174072265625,13533634
2021-10-06 00:00:00+05:30,1192.1087413964174,1192.1087413964174,1160.78125500237,1164.7625732421875,10258881
2021-10-07 00:00:00+05:30,1180.7560859021983,1182.4624681330135,1168.334326130549,1170.472900390625,6336665
2021-10-08 00:00:00+05:30,1176.3197940015023,1221.4343385648037,1174.613532001241,1215.450927734375,15772493
2021-10-11 00:00:00+05:30,1229.1694349795048,1237.6326239992216,1203.6660128198464,1206.987548828125,14768666
2021-10-12 00:00:00+05:30,1203.5068077762007,1220.7972576970285,1201.800425485858,1213.8809814453125,6682011
2021-10-13 00:00:00+05:30,1218.9771386553036,1237.4051767394146,1214.563508294983,1226.234619140625,9959762
2021-10-14 00:00:00+05:30,1228.6916085198675,1236.4723889341724,1222.7081981299596,1228.71435546875,8623469
2021-10-18 00:00:00+05:30,1214.2450907648501,1249.0079672854492,1211.3784935963072,1231.9906005859375,13594479
2021-10-19 00:00:00+05:30,1239.3617971163028,1251.8974138396732,1232.172677010528,1243.024658203125,8833409
2021-10-20 00:00:00+05:30,1247.9841503821117,1247.9841503821117,1224.6647967965337,1228.71435546875,12710570
2021-10-21 00:00:00+05:30,1240.999848015025,1241.2728114223185,1184.487275783306,1193.26904296875,20831669
2021-10-22 00:00:00+05:30,1192.1315066188683,1212.56163907253,1188.2639230760205,1195.4986572265625,11027475
2021-10-25 00:00:00+05:30,1219.4322268467454,1219.4322268467454,1169.3808726672285,1183.8502197265625,17198417
2021-10-26 00:00:00+05:30,1190.8118738257544,1214.381442916926,1184.464392150526,1210.8095703125,9750178
2021-10-27 00:00:00+05:30,1206.691962726344,1217.976256032517,1192.1087596672705,1195.4986572265625,9896298
2021-10-28 00:00:00+05:30,1192.131424255356,1200.2989032113676,1178.7086777178667,1182.3941650390625,9886181
2021-10-29 00:00:00+05:30,1181.2794715076984,1181.2794715076984,1138.303621720808,1154.0242919921875,14233025
2021-11-01 00:00:00+05:30,1154.0242164122978,1163.0107055431893,1134.8454091416836,1154.7294921875,15481114
2021-11-02 00:00:00+05:30,1158.005596587504,1159.3706543132414,1135.3687704240997,1137.89404296875,10569130
2021-11-03 00:00:00+05:30,1140.2828162204378,1146.6302984409235,1119.7845647630193,1130.06787109375,11989430
2021-11-04 00:00:00+05:30,1134.3220924997154,1139.7595760808606,1132.9799021702054,1137.0067138671875,1705656
2021-11-08 00:00:00+05:30,1146.3572476973713,1146.63033145871,1117.6915164906068,1138.4173583984375,20337183
2021-11-09 00:00:00+05:30,1139.805123815544,1150.6798507830363,1131.637644937905,1147.40380859375,15682497
2021-11-10 00:00:00+05:30,1145.1288464956922,1163.9208374346147,1139.1909292747953,1160.2352294921875,10253470
2021-11-11 00:00:00+05:30,1155.7533749476675,1169.6084350981216,1153.7057882040397,1162.35107421875,10722478
2021-11-12 00:00:00+05:30,1166.1503984605802,1182.4626105860948,1163.465776749054,1179.8917236328125,8712341
2021-11-15 00:00:00+05:30,1183.0312646799675,1184.03237124433,1169.3809275416072,1172.9300537109375,4803269
2021-11-16 00:00:00+05:30,1170.3136027722971,1171.6559135252794,1135.255016670807,1145.6748046875,11337581
2021-11-17 00:00:00+05:30,1137.0523041547756,1137.0523041547756,1119.7846004549367,1121.149658203125,10202029
2021-11-18 00:00:00+05:30,1119.3295736996563,1132.5249718442826,1114.8022082606076,1125.3812255859375,8505625
2021-11-22 00:00:00+05:30,1108.4546749722033,1114.3243503421943,1069.7331113718908,1075.5345458984375,24124307
2021-11-23 00:00:00+05:30,1061.5658216102945,1092.597718814344,1050.6228528101806,1085.5904541015625,25326999
2021-11-24 00:00:00+05:30,1082.9287078531017,1096.5335515396243,1066.343532034508,1069.9154052734375,16820296
2021-11-25 00:00:00+05:30,1079.7435455818988,1138.4400635861748,1072.5315589664726,1134.3221435546875,42401936
2021-11-26 00:00:00+05:30,1122.8785658449294,1127.33768989774,1092.7112978197426,1097.761962890625,15763138
2021-11-29 00:00:00+05:30,1109.820013179238,1137.530255730691,1091.6194414696517,1110.9119873046875,24325354
2021-11-30 00:00:00+05:30,1122.9695939867834,1126.5642137673601,1086.9553960411952,1094.48583984375,32172299
2021-12-01 00:00:00+05:30,1107.0441954788987,1125.6997027555497,1103.4495757193315,1122.5146484375,10104610
2021-12-02 00:00:00+05:30,1123.7431517479451,1135.800961053092,1120.0575440347766,1129.7265625,12720411
2021-12-03 00:00:00+05:30,1136.801959680644,1136.8474535768446,1092.0287445657639,1095.7825927734375,19222481
2021-12-06 00:00:00+05:30,1099.309066908383,1103.404119692969,1072.5315739182363,1075.0113525390625,10332254
2021-12-07 00:00:00+05:30,1081.1768723394634,1093.8488493527543,1073.8284038337267,1083.7703857421875,11235122
2021-12-08 00:00:00+05:30,1102.994641711683,1106.4981533356588,1094.8954038300121,1100.2645263671875,8744178
2021-12-09 00:00:00+05:30,1107.9542272517804,1126.1091818377997,1103.4041151302852,1117.7142333984375,13213547
2021-12-10 00:00:00+05:30,1110.343003210938,1122.0596079618992,1105.8383850496557,1118.851806640625,8364414
2021-12-13 00:00:00+05:30,1125.4723509045855,1125.7453143246432,1093.8489128488443,1096.4197998046875,12901733
2021-12-14 00:00:00+05:30,1082.9285853235253,1094.758924705155,1079.925506579218,1082.996826171875,12991523
2021-12-15 00:00:00+05:30,1084.7486582787296,1094.3039423247055,1074.3288697386265,1079.8345947265625,9366969
2021-12-16 00:00:00+05:30,1094.6222331236886,1099.0813569765323,1077.7640971670983,1093.80322265625,9761279
2021-12-17 00:00:00+05:30,1091.1415595298965,1095.6689246022736,1055.6277943848347,1064.932861328125,21049821
2021-12-20 00:00:00+05:30,1054.6495980178693,1054.6495980178693,1022.4574879615027,1036.2216796875,14325846
2021-12-21 00:00:00+05:30,1051.6919782743073,1067.4581418231853,1042.9785726603923,1051.646484375,12836561
2021-12-22 00:00:00+05:30,1057.8575060271485,1079.2431318361741,1056.5380624164334,1076.60400390625,17658543
2021-12-23 00:00:00+05:30,1080.1984810516549,1082.9285964305648,1072.9411209146308,1076.2171630859375,9072401
2021-12-24 00:00:00+05:30,1078.3785179602155,1088.3887407376528,1063.6133400712515,1079.652587890625,7886494
2021-12-27 00:00:00+05:30,1074.5337382222722,1082.0186888381238,1068.413845410363,1078.4923095703125,4017223
2021-12-28 00:00:00+05:30,1080.9264873926504,1094.2356191315223,1079.766272622182,1091.30078125,6374613
2021-12-29 00:00:00+05:30,1087.9337410579972,1100.6740785888855,1083.884061988693,1093.1663818359375,15425312
2021-12-30 00:00:00+05:30,1092.02896140955,1094.2812707813944,1067.276305271878,1073.4189453125,29333171
2021-12-31 00:00:00+05:30,1079.7435583793856,1084.703115610681,1073.828388538488,1077.5367431640625,9477290
2022-01-03 00:00:00+05:30,1076.1033704774222,1095.6461284145312,1075.4435886178533,1093.780517578125,5421611
2022-01-04 00:00:00+05:30,1099.2636517956478,1119.7846517979926,1093.848914455948,1118.465087890625,10847728
2022-01-05 00:00:00+05:30,1120.2396140596422,1127.0647821675334,1107.021469888781,1123.6976318359375,11643813
2022-01-06 00:00:00+05:30,1115.3254092772324,1116.5994791465537,1096.1238548571225,1099.5364990234375,14447422
2022-01-07 00:00:00+05:30,1106.111498715673,1118.4422714413886,1097.2842377517782,1108.4093017578125,13112115
2022-01-10 00:00:00+05:30,1115.6895654128748,1117.9646215781718,1099.3318598320666,1109.3193359375,9246731
2022-01-11 00:00:00+05:30,1108.409307707792,1126.1319502273575,1107.9542483452858,1117.3048095703125,16205164
2022-01-12 00:00:00+05:30,1124.471284081761,1148.8827357783716,1121.604686652831,1147.130859375,14800442
2022-01-13 00:00:00+05:30,1147.19918473575,1156.1856749337926,1141.3522552982324,1153.592041015625,11856712
2022-01-14 00:00:00+05:30,1153.4553940360954,1168.1522095010407,1149.2919803342058,1155.275390625,19930176
2022-01-17 00:00:00+05:30,1154.8205993720844,1167.105878804206,1154.3655399895374,1161.304443359375,8036453
2022-01-18 00:00:00+05:30,1162.4419883292344,1165.9000062324892,1144.6964783846606,1147.4493408203125,6215029
2022-01-19 00:00:00+05:30,1151.1803655784236,1156.6404758295853,1141.6250823732196,1147.3582763671875,9755485
2022-01-20 00:00:00+05:30,1137.5529609143537,1142.0575796806486,1117.0545865844654,1127.2696533203125,16494486
2022-01-21 00:00:00+05:30,1115.689679954786,1138.5539787102412,1115.689679954786,1127.45166015625,13338594
2022-01-24 00:00:00+05:30,1126.1545759538076,1139.6912967231897,1071.598729229798,1081.9730224609375,21868937
2022-01-25 00:00:00+05:30,1069.0734401117095,1086.8644436444313,1048.802657948011,1079.8572998046875,24510205
2022-01-27 00:00:00+05:30,1062.9080331478985,1072.0537511885557,1051.5554999211186,1063.863525390625,20020431
2022-01-28 00:00:00+05:30,1076.103482458547,1081.0630398643073,1059.4500666597933,1062.83984375,14667727
2022-01-31 00:00:00+05:30,1073.91944662709,1094.9409997464795,1072.0993294430996,1085.9317626953125,12143683
2022-02-01 00:00:00+05:30,1095.6690383601324,1101.402112704543,1067.9587979070466,1082.337158203125,13200509
2022-02-02 00:00:00+05:30,1095.2138271372608,1095.2138271372608,1080.6989871423398,1084.5438232421875,10017691
2022-02-03 00:00:00+05:30,1088.3887863228124,1092.6886822523618,1068.0042683536662,1070.529541015625,9572839
2022-02-04 00:00:00+05:30,1065.1830393454286,1068.5729364671636,1056.1283095273284,1060.7694091796875,11061241
2022-02-07 00:00:00+05:30,1065.6382591326399,1072.372440138568,1048.802746440698,1054.3084716796875,10714467
2022-02-08 00:00:00+05:30,1060.4737500675897,1073.8283759531457,1051.0776952115107,1072.031005859375,12060849
2022-02-09 00:00:00+05:30,1078.901658786714,1086.204633140618,1072.918368570495,1084.5211181640625,11486225
2022-02-10 00:00:00+05:30,1090.0723137940836,1090.0723137940836,1076.1490130370194,1083.406494140625,12464491
2022-02-11 00:00:00+05:30,1079.857228868873,1084.9761347999724,1066.593591416207,1081.29052734375,15943370
2022-02-14 00:00:00+05:30,1064.8418760134352,1071.5305623649283,1052.4427424947037,1064.068359375,10719633
2022-02-15 00:00:00+05:30,1069.824295697398,1102.9037798370225,1062.7716573911962,1100.1964111328125,11212671
2022-02-16 00:00:00+05:30,1105.6791781831728,1107.0442358991004,1090.1860980638264,1097.9212646484375,10392840
2022-02-17 00:00:00+05:30,1101.1745201113265,1117.0089242641513,1096.5789142269996,1111.82177734375,12853252
2022-02-18 00:00:00+05:30,1112.2314504381943,1117.6915612787002,1101.1973736454247,1103.1312255859375,6775458
2022-02-21 00:00:00+05:30,1097.4890031023695,1109.091873871227,1085.021748188729,1091.9833984375,11107193
2022-02-22 00:00:00+05:30,1070.5977356852184,1090.1633625619224,1067.9814753307442,1087.023681640625,13494914
2022-02-23 00:00:00+05:30,1092.529336789828,1095.009115283983,1077.468449525144,1080.22119140625,7310110
2022-02-24 00:00:00+05:30,1048.8026672886117,1064.6826864402094,1020.7739713257805,1026.393310546875,24846650
2022-02-25 00:00:00+05:30,1037.4729771115954,1050.1450756675365,1035.7212210618118,1039.224853515625,14570089
2022-02-28 00:00:00+05:30,1020.5919703644313,1077.1726610969984,1020.5919703644313,1073.62353515625,21297446
2022-03-02 00:00:00+05:30,1062.2027357830907,1092.4838597770897,1059.8139450476658,1091.3690185546875,21471786
2022-03-03 00:00:00+05:30,1092.0288927878125,1098.785820478749,1078.4013026500006,1082.1551513671875,10186748
2022-03-04 00:00:00+05:30,1070.643322817288,1075.784976526752,1055.7872762059867,1058.1533203125,10805667
2022-03-07 00:00:00+05:30,1036.8358471079189,1052.0333374144284,1011.0367133096933,1019.022216796875,17983310
2022-03-08 00:00:00+05:30,1006.2590402981642,1021.9570232050447,991.92617525868,1017.1793212890625,21289374
2022-03-09 00:00:00+05:30,1017.4068401715399,1077.0133522040442,1016.5649623830144,1071.1436767578125,20414228
2022-03-10 00:00:00+05:30,1092.028820377732,1094.3038764083778,1073.8283721325647,1088.50244140625,17980493
2022-03-11 00:00:00+05:30,1081.1311923906428,1097.0339575128753,1081.1311923906428,1091.6419677734375,12257423
2022-03-14 00:00:00+05:30,1086.06812572994,1103.1311056498985,1080.1984500463022,1100.605712890625,8340678
2022-03-15 00:00:00+05:30,1104.7464533796308,1104.7464533796308,1065.1148867530296,1075.398193359375,15925769
2022-03-16 00:00:00+05:30,1083.8387095081287,1095.6235563592827,1081.6091471404573,1093.55322265625,11149828
2022-03-17 00:00:00+05:30,1106.9303748135985,1136.3468717821495,1098.8993784397219,1129.2032470703125,21422098
2022-03-21 00:00:00+05:30,1112.0493977484434,1130.249846191458,1109.7743416930666,1122.6966552734375,11999466
2022-03-22 00:00:00+05:30,1119.3751418583722,1153.4328665457272,1116.417676927256,1151.703857421875,22557065
2022-03-23 00:00:00+05:30,1147.9953600851836,1167.0375661035232,1147.9953600851836,1155.366455078125,15462187
2022-03-24 00:00:00+05:30,1142.08015447494,1175.8192962308133,1142.08015447494,1173.316650390625,13168266
2022-03-25 00:00:00+05:30,1175.0685459381182,1190.3114093068612,1172.5659000566366,1181.1429443359375,14222488
2022-03-28 00:00:00+05:30,1187.5813149251485,1196.5678044575318,1176.8885634283017,1193.018798828125,9891424
2022-03-29 00:00:00+05:30,1200.3215159366819,1200.3215159366819,1186.398217701339,1193.2916259765625,8684065
2022-03-30 00:00:00+05:30,1201.1863453712592,1223.0724028520565,1190.8120505919683,1216.2244873046875,15811550
2022-03-31 00:00:00+05:30,1212.584340487485,1214.7456618708436,1196.0446595036312,1198.8428955078125,13223718
2022-04-01 00:00:00+05:30,1199.4116203413212,1212.6752582349072,1193.0415116671982,1208.443603515625,7922880
2022-04-04 00:00:00+05:30,1208.2617761125623,1217.1572786813153,1201.9826544660282,1212.015625,7929162
2022-04-05 00:00:00+05:30,1206.2823045318924,1214.8366019261355,1192.4499926471442,1194.88427734375,13149870
2022-04-06 00:00:00+05:30,1177.1618722792348,1198.729354997681,1177.1618722792348,1191.699462890625,12257215
2022-04-07 00:00:00+05:30,1180.8016922079776,1185.7613700217532,1168.015859682402,1170.677734375,15496499
2022-04-08 00:00:00+05:30,1164.8307737717014,1194.4066235414564,1164.8307737717014,1190.1522216796875,15152495
2022-04-11 00:00:00+05:30,1183.0312648122701,1200.572052745213,1175.296097837182,1187.6724853515625,9254209
2022-04-12 00:00:00+05:30,1177.116066491659,1184.2143186613282,1162.737706900729,1165.30859375,13217742
2022-04-13 00:00:00+05:30,1171.4284128604863,1179.664132404293,1158.2330158892628,1161.0313720703125,10354235
2022-04-18 00:00:00+05:30,1152.545489452205,1164.7397805103374,1147.4493300930017,1157.4822998046875,9974224
2022-04-19 00:00:00+05:30,1163.920736701103,1213.972089786732,1160.7584292751112,1201.595703125,26141820
2022-04-20 00:00:00+05:30,1209.0124078704498,1244.0028730390352,1205.3722941596611,1236.9273681640625,25072240
2022-04-21 00:00:00+05:30,1251.6926535659309,1269.0285988217172,1243.092861615674,1265.8890380859375,21708633
2022-04-22 00:00:00+05:30,1255.3327253469529,1274.9437261640837,1248.6440386176957,1255.2872314453125,15054154
2022-04-25 00:00:00+05:30,1247.825046254362,1255.1051538112451,1211.9928211860372,1226.2574462890625,17063215
2022-04-26 00:00:00+05:30,1233.0824231040833,1271.7584924700711,1232.035943159545,1262.9539794921875,12227666
2022-04-27 00:00:00+05:30,1253.9449263825297,1286.7740721528176,1253.5808548135026,1264.1827392578125,19338945
2022-04-28 00:00:00+05:30,1278.5610555725848,1297.239310503393,1267.7089550364747,1283.065673828125,25614076
2022-04-29 00:00:00+05:30,1299.5827089210004,1299.5827089210004,1263.7049887259216,1269.597412109375,18214862
2022-05-02 00:00:00+05:30,1256.7433563845793,1276.5363340584336,1254.9459860935513,1265.1383056640625,9467006
2022-05-04 00:00:00+05:30,1267.2084828840266,1269.4835388914837,1217.7486714056079,1225.64306640625,19247660
2022-05-05 00:00:00+05:30,1239.2252151754037,1242.18280014838,1197.591676403661,1201.6412353515625,17210669
2022-05-06 00:00:00+05:30,1188.582409796725,1209.8769247815503,1180.0963532492094,1192.42724609375,19649948
2022-05-09 00:00:00+05:30,1171.6331985147315,1181.711782557566,1140.715158224648,1145.8568115234375,18083752
2022-05-10 00:00:00+05:30,1135.2550569441219,1149.633416525882,1118.4195452683007,1125.9954833984375,19511677
2022-05-11 00:00:00+05:30,1125.0854480941018,1130.6821606199796,1102.0163098457965,1114.4609375,16643899
2022-05-12 00:00:00+05:30,1104.5416911448524,1107.8859741719987,1078.378486557952,1091.755859375,20490321
2022-05-13 00:00:00+05:30,1103.8591166926499,1127.5196744148523,1099.0131741208802,1104.132080078125,19308778
2022-05-16 00:00:00+05:30,1107.7039403213957,1128.8847193240686,1099.6047027471154,1104.4051513671875,13437911
2022-05-17 00:00:00+05:30,1107.9997065605392,1155.6850157625827,1106.5891549718588,1150.7935791015625,16551828
2022-05-18 00:00:00+05:30,1155.5712773721964,1169.3808421611643,1141.2839062872033,1154.979736328125,17276788
2022-05-19 00:00:00+05:30,1130.2499303127915,1143.2177387581737,1122.0824507846328,1128.361572265625,14699118
2022-05-20 00:00:00+05:30,1143.2176453948912,1203.2337272058603,1138.4400638194588,1194.15625,21793091
2022-05-23 00:00:00+05:30,1197.364082975496,1207.3971730449673,1179.8461630484092,1186.1708984375,15252755
2022-05-24 00:00:00+05:30,1186.2163522132455,1200.3216273375488,1181.984697463416,1190.2431640625,13527818
2022-05-25 00:00:00+05:30,1198.956737262974,1208.8304783808387,1183.713752995507,1188.491455078125,12714544
2022-05-26 00:00:00+05:30,1194.1334932703796,1198.9111951609145,1159.3706180239299,1177.16162109375,17882023
2022-05-27 00:00:00+05:30,1179.8690179099194,1185.3746228810087,1155.7761439362052,1171.7015380859375,16521973
2022-05-30 00:00:00+05:30,1189.8564191042008,1216.7021540363792,1180.392243237482,1212.51611328125,13853398
2022-05-31 00:00:00+05:30,1201.8686470065388,1218.886133257268,1190.1749097343077,1197.8873291015625,70620653
2022-06-01 00:00:00+05:30,1198.638243225424,1208.1480337988985,1190.402522676765,1198.2742919921875,9776989
2022-06-02 00:00:00+05:30,1198.5016232049925,1243.2975879303071,1198.5016232049925,1239.5892333984375,22126569
2022-06-03 00:00:00+05:30,1248.5530698496407,1281.9281427980586,1247.642951094485,1264.7059326171875,23939791
2022-06-06 00:00:00+05:30,1264.9335082984549,1280.4038420032741,1252.102061607887,1259.2685546875,11093152
2022-06-07 00:00:00+05:30,1260.3378265980741,1269.9840987331656,1252.2159612910536,1261.6346435546875,12358255
2022-06-08 00:00:00+05:30,1261.6346065371608,1265.3884552322884,1235.949206752914,1239.4755859375,12479250
2022-06-09 00:00:00+05:30,1233.0825097662923,1275.3985751416717,1233.0825097662923,1273.46484375,17278305
2022-06-10 00:00:00+05:30,1261.24792684013,1269.4381532361936,1229.215044054509,1235.0164794921875,18093057
2022-06-13 00:00:00+05:30,1205.7819334162448,1216.156107684235,1190.4479609930536,1211.6514892578125,17620803
2022-06-14 00:00:00+05:30,1205.804612494347,1215.7238471836963,1189.151077141205,1195.8170166015625,14714312
2022-06-15 00:00:00+05:30,1191.016551311612,1200.0030396756413,1175.9329182849908,1181.3475341796875,11195535
2022-06-16 00:00:00+05:30,1193.4966675690844,1209.8998688820898,1162.10081677253,1164.8309326171875,17111475
2022-06-17 00:00:00+05:30,1164.8308634674381,1194.3383543037446,1163.0563604863046,1178.481201171875,24457187
2022-06-20 00:00:00+05:30,1185.3063342518615,1190.8120593552974,1147.1308115234453,1157.118408203125,12066797
2022-06-21 00:00:00+05:30,1164.830795221328,1180.0281654943678,1150.4069416324683,1175.796630859375,11720049
2022-06-22 00:00:00+05:30,1163.9661497975553,1164.057137590061,1137.9849226393887,1140.0780029296875,10617206
2022-06-23 00:00:00+05:30,1144.3779613702993,1148.905326422505,1112.5043100555831,1121.581787109375,19446323
2022-06-24 00:00:00+05:30,1128.429884986889,1142.5351607614082,1122.9696539988313,1137.5528564453125,14240234
2022-06-27 00:00:00+05:30,1157.9829545073123,1157.9829545073123,1129.135125114688,1134.185791015625,15474529
2022-06-28 00:00:00+05:30,1129.3853215361614,1152.9776391694047,1129.3853215361614,1150.1337890625,13572847
2022-06-29 00:00:00+05:30,1140.8062890806102,1181.6664368341112,1137.9851854445403,1173.9993896484375,19205146
2022-06-30 00:00:00+05:30,1173.9310028878358,1190.2659611777156,1167.5608938992502,1181.052001953125,23112959
2022-07-01 00:00:00+05:30,1171.6105762032093,1179.3912376535845,1076.1035827419444,1095.987548828125,81997149
2022-07-04 00:00:00+05:30,1082.4506733389208,1111.1391472548082,1076.6037450673573,1098.2623291015625,41857728
2022-07-05 00:00:00+05:30,1102.4941121326237,1121.5590649917854,1099.8094906293034,1107.157958984375,17647327
2022-07-06 00:00:00+05:30,1101.1746251311279,1111.1166075291421,1086.5687955560873,1097.4207763671875,23943726
2022-07-07 00:00:00+05:30,1103.8135967687947,1107.1578795789183,1080.6534724660446,1086.6141357421875,23301033
2022-07-08 00:00:00+05:30,1100.2191487523794,1100.2191487523794,1084.0889121323955,1088.1158447265625,19010108
2022-07-11 00:00:00+05:30,1081.336087585235,1105.1331283386687,1078.3785026593284,1102.9036865234375,13847467
2022-07-12 00:00:00+05:30,1093.8487904297283,1110.0927598985188,1093.8487904297283,1101.333740234375,10778989
2022-07-13 00:00:00+05:30,1104.4507905221294,1107.4993634434227,1079.7436294761944,1081.8138427734375,14224132
2022-07-14 00:00:00+05:30,1086.5687619025882,1107.4765795757364,1081.540843303509,1090.7320556640625,16970315
2022-07-15 00:00:00+05:30,1098.8540583216684,1098.8540583216684,1084.33921677306,1092.847900390625,9603210
2022-07-18 00:00:00+05:30,1101.584037969047,1103.4040345430283,1088.525123257814,1102.15283203125,15160908
2022-07-19 00:00:00+05:30,1092.1652674583531,1113.4144080582162,1092.1652674583531,1108.9097900390625,16439888
2022-07-20 00:00:00+05:30,1155.730530749646,1156.8679986086788,1131.2735877067614,1138.89501953125,23924246
2022-07-21 00:00:00+05:30,1134.8000189659344,1137.5301345200253,1122.6512213878611,1131.29638671875,16523230
2022-07-22 00:00:00+05:30,1137.5301221641155,1144.9468316984942,1135.2550660118313,1138.940673828125,10969995
2022-07-25 00:00:00+05:30,1122.7195298133436,1122.7195298133436,1093.3940142099802,1101.3111572265625,23110452
2022-07-26 00:00:00+05:30,1101.629669898458,1112.003964591019,1097.193292295004,1101.8116455078125,11303288
2022-07-27 00:00:00+05:30,1101.1064630855503,1104.314264889533,1092.9389830261998,1100.7652587890625,8655086
2022-07-28 00:00:00+05:30,1108.4093537574902,1122.9469424061926,1101.5841851617515,1118.0101318359375,12496073
2022-07-29 00:00:00+05:30,1126.0181765545474,1145.3107190485075,1121.149607208918,1141.829833984375,15130683
2022-08-01 00:00:00+05:30,1146.2435722402156,1177.4574449449278,1140.9881839019702,1171.5877685546875,15700044
2022-08-02 00:00:00+05:30,1170.5184018297261,1186.580275301345,1165.535977507085,1176.0467529296875,13917913
2022-08-03 00:00:00+05:30,1183.0311881851292,1187.5813002703721,1168.220637135406,1185.9205322265625,14250977
2022-08-04 00:00:00+05:30,1187.5813052958538,1191.107684300821,1153.455464512121,1170.245361328125,14467127
2022-08-05 00:00:00+05:30,1172.1110567812314,1173.3850064214535,1149.792686697798,1153.00048828125,13942438
2022-08-08 00:00:00+05:30,1151.6354129424305,1175.546309977684,1151.6354129424305,1168.0841064453125,10165178
2022-08-10 00:00:00+05:30,1172.5204636099309,1178.4356336498447,1163.4884798945134,1175.068603515625,10724688
2022-08-11 00:00:00+05:30,1184.4416775272762,1187.5357439542797,1174.02189010763,1178.9815673828125,8198226
2022-08-12 00:00:00+05:30,1178.6176057306407,1201.845973401522,1174.9321182963517,1198.046630859375,12650587
2022-08-16 00:00:00+05:30,1204.052862906299,1209.1035287580976,1195.4531911057852,1206.3734130859375,6607378
2022-08-17 00:00:00+05:30,1212.6070521185068,1218.0216687174445,1208.3071564277768,1212.67529296875,6595965
2022-08-18 00:00:00+05:30,1214.2810405952932,1218.3894546289891,1205.24240897424,1214.87451171875,7410035
2022-08-19 00:00:00+05:30,1209.7159828214287,1215.0569809988342,1189.1507309375147,1193.213623046875,9460724
2022-08-22 00:00:00+05:30,1194.6517009933089,1201.1795211355932,1180.500282384016,1189.904052734375,9471680
2022-08-23 00:00:00+05:30,1184.1522321085429,1211.1768414672938,1182.9424687305054,1208.2552490234375,9678484
2022-08-24 00:00:00+05:30,1205.1968562417935,1218.846089361482,1203.0284828486285,1205.0369873046875,10369622
2022-08-25 00:00:00+05:30,1209.2366122809538,1215.6046836675666,1197.2079256645413,1201.5218505859375,7871946
2022-08-26 00:00:00+05:30,1201.9555917154182,1209.716117387308,1190.0867726380989,1195.108154296875,10742038
2022-08-29 00:00:00+05:30,1180.0437597555986,1211.9985882371661,1176.8711343003506,1185.8184814453125,19838975
2022-08-30 00:00:00+05:30,1193.2823008817281,1207.547826665914,1176.2092881324143,1204.21533203125,23139054
2022-09-01 00:00:00+05:30,1178.9710757031155,1189.150886984996,1164.385933490136,1168.81396484375,19909939
2022-09-02 00:00:00+05:30,1168.8139049237643,1175.638520959865,1152.9734784565321,1155.1646728515625,12999345
2022-09-05 00:00:00+05:30,1155.3929766209455,1178.446101569222,1155.3929766209455,1173.1051025390625,11327815
2022-09-06 00:00:00+05:30,1174.5658588505653,1189.6302455363334,1174.1093147173583,1185.4532470703125,10899618
2022-09-07 00:00:00+05:30,1175.478839783805,1184.563114237557,1173.1963605855797,1178.5601806640625,7488501
2022-09-08 00:00:00+05:30,1181.527366464761,1185.978218827882,1173.6528558204227,1180.226318359375,7057077
2022-09-09 00:00:00+05:30,1191.4561604892992,1191.4561604892992,1170.4573041604863,1172.8768310546875,8314850
2022-09-12 00:00:00+05:30,1173.4474025715353,1192.369291715923,1173.4474025715353,1186.0010986328125,7435419
2022-09-13 00:00:00+05:30,1195.1081207827935,1200.4491194045427,1187.3477160754526,1195.906982421875,8888657
2022-09-14 00:00:00+05:30,1175.4787801044877,1191.4561336808906,1174.451706778856,1181.572998046875,8678219
2022-09-15 00:00:00+05:30,1179.1307346574977,1188.5116835520153,1167.1476896556205,1169.8638916015625,10365600
2022-09-16 00:00:00+05:30,1161.213264147553,1165.4359048168926,1137.133067391258,1140.8763427734375,20217708
2022-09-19 00:00:00+05:30,1140.8762459554318,1151.6038847358493,1132.7277612467549,1142.35986328125,7580254
2022-09-20 00:00:00+05:30,1151.4898271317024,1158.4514907194557,1138.8220264150539,1142.54248046875,8411448
2022-09-21 00:00:00+05:30,1139.7580348153278,1156.3060391967588,1138.9591731329301,1145.6925048828125,9207309
2022-09-22 00:00:00+05:30,1134.8505978968233,1142.6110027498532,1128.5053470017444,1134.896240234375,10308170
2022-09-23 00:00:00+05:30,1134.394179751921,1139.3927402184245,1112.0714541784876,1113.62353515625,9528051
2022-09-26 00:00:00+05:30,1092.8756748841324,1103.7175409409906,1084.2479451217905,1085.252197265625,12479523
2022-09-27 00:00:00+05:30,1092.8528108642224,1107.4607728213189,1077.3776445528867,1093.8800048828125,16154822
2022-09-28 00:00:00+05:30,1077.491757249726,1085.5489575446488,1062.3132660155625,1064.7554931640625,16997059
2022-09-29 00:00:00+05:30,1077.3320028920632,1080.7556609643932,1055.8766040342564,1061.4915771484375,14671827
2022-09-30 00:00:00+05:30,1054.9636064469146,1096.5047707006538,1054.9636064469146,1085.434814453125,18613024
2022-10-03 00:00:00+05:30,1091.7117072217247,1103.3294933419215,1078.7015883112226,1081.6688232421875,11852723
2022-10-04 00:00:00+05:30,1094.587668996287,1103.808870249341,1091.095426399377,1101.61767578125,8948850
2022-10-06 00:00:00+05:30,1108.830344904405,1118.4166846220046,1103.87730611944,1105.680419921875,13352162
2022-10-07 00:00:00+05:30,1102.2795971833257,1115.6321543527151,1102.2795971833257,1110.359619140625,7714340
2022-10-10 00:00:00+05:30,1097.8743645838504,1103.6262649687026,1090.1139598954956,1098.2396240234375,6329527
2022-10-11 00:00:00+05:30,1101.9828714622417,1101.9828714622417,1073.269250949044,1076.3734130859375,9215177
2022-10-12 00:00:00+05:30,1073.6801664299744,1087.2381151547559,1069.6172735984808,1084.293701171875,7417103
2022-10-13 00:00:00+05:30,1082.5360411069073,1092.8527780894253,1077.3776122421918,1087.7401123046875,7328492
2022-10-14 00:00:00+05:30,1102.4393688537991,1103.0556611703817,1081.48615457156,1082.216552734375,9106089
2022-10-17 00:00:00+05:30,1075.0496814411536,1101.982888862092,1069.845609321564,1099.5863037109375,16729355
2022-10-18 00:00:00+05:30,1105.634748048647,1124.3511243615108,1104.7902440911478,1118.9873046875,12415820
2022-10-19 00:00:00+05:30,1120.4709308445554,1153.9550179585947,1114.6277458530562,1138.4569091796875,19247142
2022-10-20 00:00:00+05:30,1134.3942113183082,1149.9150215278255,1134.3942113183082,1141.5155029296875,8717053
2022-10-21 00:00:00+05:30,1144.7565172867282,1148.9106943491454,1126.177188586748,1128.2769775390625,8243452
2022-10-24 00:00:00+05:30,1122.9816380159375,1142.382770547029,1120.836206695688,1132.0430908203125,3370033
2022-10-25 00:00:00+05:30,1140.7849504711187,1140.7849504711187,1112.9386597912353,1114.5592041015625,12233241
2022-10-27 00:00:00+05:30,1122.0686333408069,1126.8391025996318,1110.5649536618178,1118.941650390625,12513059
2022-10-28 00:00:00+05:30,1125.2641978503823,1157.2190279737692,1122.7306857391648,1153.1790771484375,17609592
2022-10-31 00:00:00+05:30,1159.957944449031,1169.065039404331,1155.9406944170403,1163.8837890625,12419943
2022-11-01 00:00:00+05:30,1186.8912136799254,1186.8912136799254,1144.8936213637878,1154.8680419921875,13963166
2022-11-02 00:00:00+05:30,1155.986348539346,1164.1576549471247,1148.0890168960855,1162.08056640625,8981896
2022-11-03 00:00:00+05:30,1154.8680356681098,1168.4259835133787,1152.676841200972,1166.4173583984375,6693449
2022-11-04 00:00:00+05:30,1165.8465983843867,1186.8910951526373,1164.5684922927214,1183.58154296875,12575815
2022-11-07 00:00:00+05:30,1182.7827614663586,1191.5931814379082,1175.0223567357784,1189.904052734375,11789748
2022-11-09 00:00:00+05:30,1191.5931131291466,1196.9112902936065,1182.3489707407007,1188.7171630859375,11254205
2022-11-10 00:00:00+05:30,1182.3262632089597,1185.3163193750859,1170.0008998356418,1174.337646484375,5966242
2022-11-11 00:00:00+05:30,1186.8912796597394,1203.3251787933696,1181.4133535308406,1201.407958984375,12310132
2022-11-14 00:00:00+05:30,1200.9284005914947,1206.0640083384951,1189.2420312652064,1195.58740234375,9043112
2022-11-15 00:00:00+05:30,1197.0711926191022,1198.9427700567662,1182.3263018305277,1190.2237548828125,7086433
2022-11-16 00:00:00+05:30,1191.4561277313167,1194.1723297469184,1178.3775455967132,1183.3990478515625,9716161
2022-11-17 00:00:00+05:30,1180.020863607493,1192.825591205946,1177.7612057960014,1186.45751953125,6661451
2022-11-18 00:00:00+05:30,1189.9725379072304,1190.9997319984882,1173.6985088451027,1185.8184814453125,5303197
2022-11-21 00:00:00+05:30,1181.4131345958851,1181.4131345958851,1160.9164671915146,1164.4771728515625,6390268
2022-11-22 00:00:00+05:30,1161.783907991267,1172.5115476255721,1157.9037056180239,1170.9366455078125,6611488
2022-11-23 00:00:00+05:30,1175.4786728280303,1176.8025419691705,1165.0933516897298,1167.2845458984375,6413408
2022-11-24 00:00:00+05:30,1171.3704732897338,1184.152381470378,1163.2448083737015,1177.3505859375,9389439
2022-11-25 00:00:00+05:30,1181.8698970100845,1198.2580330465703,1178.7199717595092,1194.9256591796875,7349922
2022-11-28 00:00:00+05:30,1190.9541361505962,1242.1502306285356,1142.154626734269,1235.987548828125,31527484
2022-11-29 00:00:00+05:30,1234.3440108402901,1246.9889910362924,1229.8018737736188,1238.110107421875,11058913
2022-11-30 00:00:00+05:30,1238.247142030381,1253.288707028199,1231.7192011093234,1246.85205078125,26164986
2022-12-01 00:00:00+05:30,1251.6224067137045,1257.6481612150444,1239.8448724818554,1243.17724609375,9485801
2022-12-02 00:00:00+05:30,1246.235748845341,1254.4526976676975,1232.8147284105949,1242.6522216796875,11589592
2022-12-05 00:00:00+05:30,1238.0189040182454,1240.1872774344642,1222.4980932976318,1224.5294189453125,14828536
2022-12-06 00:00:00+05:30,1216.6091015367565,1231.1713003979203,1214.737403586102,1228.067138671875,8594245
2022-12-07 00:00:00+05:30,1225.693478313524,1230.258436618436,1206.132596960368,1209.9443359375,8462111
2022-12-08 00:00:00+05:30,1214.2809311328976,1216.5634100007333,1205.1966579940977,1209.37353515625,7757008
2022-12-09 00:00:00+05:30,1207.8900896926802,1214.2811038799705,1187.7357368415526,1191.04541015625,12655763
2022-12-12 00:00:00+05:30,1180.2719996623723,1197.3905313761602,1180.0436672450348,1192.8712158203125,9479842
2022-12-13 00:00:00+05:30,1192.8713067918438,1201.9555809304147,1189.9497141999723,1198.3037109375,8333348
2022-12-14 00:00:00+05:30,1204.0782660411908,1204.6717371538757,1191.9126515922892,1193.9669189453125,7268947
2022-12-15 00:00:00+05:30,1188.0324923462415,1193.7386297598832,1173.6528618480468,1177.008056640625,8688551
2022-12-16 00:00:00+05:30,1173.6529134607251,1195.4734533972091,1167.78690686101,1171.187744140625,15837349
2022-12-19 00:00:00+05:30,1178.2177795852808,1188.7172073020977,1171.6898388274747,1186.5716552734375,7729933
2022-12-20 00:00:00+05:30,1179.541792973625,1198.7602374146065,1171.3704856304953,1196.843017578125,7467588
2022-12-21 00:00:00+05:30,1196.477661489117,1201.9555872542346,1175.9809916475376,1179.8155517578125,8527550
2022-12-22 00:00:00+05:30,1185.9781586267084,1189.013856887232,1171.7126347696108,1176.7569580078125,7451122
2022-12-23 00:00:00+05:30,1170.137785137051,1182.554553491853,1137.703712598857,1142.245849609375,10257115
2022-12-26 00:00:00+05:30,1147.9748739735228,1160.414342154975,1137.7721216907048,1152.22021484375,5990242
2022-12-27 00:00:00+05:30,1154.9364624540497,1163.518549950611,1148.2031310835503,1161.64697265625,5763271
2022-12-28 00:00:00+05:30,1158.5884232916014,1163.9750640999512,1151.0562304776126,1161.5328369140625,7459393
2022-12-29 00:00:00+05:30,1153.566904464591,1163.5641454874342,1152.882148696241,1161.0078125,6930648
2022-12-30 00:00:00+05:30,1161.829476176333,1176.3916749175478,1160.0035413220228,1162.7880859375,7289476
2023-01-02 00:00:00+05:30,1164.066351583663,1177.3048023328713,1163.244668797144,1175.8896484375,5316175
2023-01-03 00:00:00+05:30,1170.9365362462836,1174.5657054277967,1163.0620263922654,1167.2845458984375,7658932
2023-01-04 00:00:00+05:30,1167.2618507099899,1169.1107276232437,1147.6325061253483,1149.7095947265625,9264891
2023-01-05 00:00:00+05:30,1151.969321148222,1157.858149023016,1143.0676158255733,1147.6553955078125,13637099
2023-01-06 00:00:00+05:30,1153.4071180013361,1163.1305046928026,1149.595379440652,1158.086181640625,6349597
2023-01-09 00:00:00+05:30,1161.9207528429104,1187.8041821914996,1161.0306065888913,1185.4302978515625,10722753
2023-01-10 00:00:00+05:30,1189.6301316742909,1189.6301316742909,1162.2403842296717,1167.90087890625,8047142
2023-01-11 00:00:00+05:30,1165.2077656913489,1167.7184566325625,1150.873655990327,1153.1790771484375,11509553
2023-01-12 00:00:00+05:30,1152.5855061360771,1156.077627831873,1125.2641003718309,1128.2769775390625,17688773
2023-01-13 00:00:00+05:30,1122.2513519945564,1128.8705782042637,1111.3867843100481,1126.451171875,20618583
2023-01-16 00:00:00+05:30,1128.7791493112115,1131.951774613395,1107.917221092014,1115.723388671875,13623855
2023-01-17 00:00:00+05:30,1122.0687880986452,1133.4811846812154,1118.690771838856,1131.56396484375,10751000
2023-01-18 00:00:00+05:30,1129.1444306357287,1137.178689301756,1123.1414974309203,1129.692138671875,13448286
2023-01-19 00:00:00+05:30,1128.8705038207283,1132.6366004638107,1121.4524163802744,1128.4825439453125,11940054
2023-01-20 00:00:00+05:30,1129.8291140692525,1129.8291140692525,1112.596474928504,1115.0615234375,14930286
2023-01-23 00:00:00+05:30,1117.960272105855,1125.811961602633,1107.004299933337,1109.4237060546875,10954118
2023-01-24 00:00:00+05:30,1113.851719292168,1115.51790607312,1089.8171651533376,1102.873046875,16488755
2023-01-25 00:00:00+05:30,1101.2753294802073,1102.302402806859,1086.461976225218,1087.6259765625,12385018
2023-01-27 00:00:00+05:30,1088.4706538388855,1089.817223588686,1055.260418546103,1066.992431640625,25830975
2023-01-30 00:00:00+05:30,1064.4132886312711,1082.764407064242,1050.3987961919847,1077.218017578125,21772103
2023-01-31 00:00:00+05:30,1087.3747826880974,1089.9540573273835,1068.6584086670991,1074.5244140625,22691594
2023-02-01 00:00:00+05:30,1086.4390237052419,1086.4390237052419,1052.2245419941687,1068.1563720703125,19347800
2023-02-02 00:00:00+05:30,1058.1590377354637,1071.85391093282,1054.9635914721293,1062.2447509765625,13662663
2023-02-03 00:00:00+05:30,1072.3105805967245,1072.3105805967245,1046.7467660021255,1063.1806640625,24699575
2023-02-06 00:00:00+05:30,1056.7897340697052,1059.528757546533,1052.5900349184292,1055.169189453125,14837879
2023-02-07 00:00:00+05:30,1055.4202857843334,1062.4502927137798,1046.7467924098464,1052.6356201171875,15135435
2023-02-08 00:00:00+05:30,1055.876758827137,1077.28651848918,1053.1378561171298,1073.6573486328125,21160332
2023-02-09 00:00:00+05:30,1074.341987106508,1082.284961068636,1065.463103759131,1075.52880859375,13172763
2023-02-10 00:00:00+05:30,1075.0039060071294,1075.0039060071294,1059.6655455942528,1066.6728515625,10790445
2023-02-13 00:00:00+05:30,1068.293381324993,1072.7670546240697,1056.127767130611,1060.6014404296875,10352493
2023-02-14 00:00:00+05:30,1063.6144381671827,1087.329376978281,1060.738487756277,1085.5947265625,14321920
2023-02-15 00:00:00+05:30,1084.6358877756606,1112.5735854842064,1083.2664969637603,1110.1768798828125,33503591
2023-02-16 00:00:00+05:30,1118.1655094417106,1124.7162706791198,1107.0269694456317,1109.3094482421875,17264487
2023-02-17 00:00:00+05:30,1104.7216712307097,1117.2753650050747,1100.4305676175113,1113.94287109375,11809520
2023-02-20 00:00:00+05:30,1116.13425652598,1118.3026298698114,1100.2025445254703,1102.16552734375,8836937
2023-02-21 00:00:00+05:30,1106.5479683974272,1116.9559918914763,1101.2296696771075,1111.1585693359375,13311592
2023-02-22 00:00:00+05:30,1107.4379365148654,1109.2866925279875,1084.2022454513722,1085.959716796875,11024335
2023-02-23 00:00:00+05:30,1085.5490279902117,1093.1953270218976,1077.9483712962124,1080.7557373046875,9851910
2023-02-24 00:00:00+05:30,1082.8100022510873,1093.8344379808216,1080.9840672539892,1088.1510009765625,9434053
2023-02-27 00:00:00+05:30,1087.3750050988056,1090.8672478016565,1073.543202799622,1080.91552734375,11199715
2023-02-28 00:00:00+05:30,1075.5516247048565,1080.5274845520237,1056.1734344203933,1060.2362060546875,21994038
2023-03-01 00:00:00+05:30,1070.0280642112666,1070.712820002187,1060.5557097259696,1069.982421875,11551145
2023-03-02 00:00:00+05:30,1066.8325430044117,1073.5202315216086,1059.8024162422653,1061.8338623046875,9333535
2023-03-03 00:00:00+05:30,1072.3791189632545,1092.6019362119685,1068.9098180563456,1088.9271240234375,14643807
2023-03-06 00:00:00+05:30,1095.5918675399987,1106.8216933590497,1095.5918675399987,1099.5633544921875,10171916
2023-03-08 00:00:00+05:30,1099.5632986303585,1104.265304210858,1088.7443751303776,1103.5120849609375,15782657
2023-03-09 00:00:00+05:30,1102.8958764013148,1103.3066574341256,1075.095225544964,1076.9896240234375,16235128
2023-03-10 00:00:00+05:30,1068.8868957671646,1070.0280749321848,1056.8124450060086,1060.3046875,13334091
2023-03-13 00:00:00+05:30,1063.1806779260546,1070.0281154160118,1038.5298305140532,1042.8665771484375,12771592
2023-03-14 00:00:00+05:30,1040.812257084253,1052.2018311560978,1035.8136967949142,1038.9635009765625,16027522
2023-03-15 00:00:00+05:30,1042.6840329673732,1049.1662111592916,1016.800600298463,1021.205810546875,21728555
2023-03-16 00:00:00+05:30,1023.921951504309,1028.9433330363881,1005.2968594074098,1016.1157836914062,18363159
2023-03-17 00:00:00+05:30,1024.7208434439497,1028.007574780085,1010.0901194945558,1014.8377075195312,34014213
2023-03-20 00:00:00+05:30,1011.1400680229121,1013.4225471579439,995.1626537042278,1004.8632202148438,19524589
2023-03-21 00:00:00+05:30,1012.9430039303461,1038.0732119172073,1012.0528577510236,1036.1102294921875,21400360
2023-03-22 00:00:00+05:30,1043.0948141638403,1046.0392280531037,1036.2473765076484,1039.26025390625,10920094
2023-03-23 00:00:00+05:30,1035.3343603002547,1036.2016854580306,1023.9447859117854,1026.1131591796875,16249370
2023-03-24 00:00:00+05:30,1024.9489888672188,1027.117362031003,1003.3795441878093,1005.7989501953125,12375945
2023-03-27 00:00:00+05:30,1012.2812223607901,1028.9432703448797,1004.3838307288752,1021.4338989257812,14054323
2023-03-28 00:00:00+05:30,1024.8349561252708,1030.0846702786253,1021.1829653124684,1026.2044677734375,12576424
2023-03-29 00:00:00+05:30,1022.0958575091914,1024.743595933455,1009.3596536883372,1020.1329956054688,18804065
2023-03-31 00:00:00+05:30,1029.3999027039445,1069.7770709600845,1029.2629756900762,1064.116455078125,28171201
2023-04-03 00:00:00+05:30,1070.4846960590223,1072.3106311531849,1056.7896998650788,1064.299072265625,10293043
2023-04-05 00:00:00+05:30,1071.8540232011114,1071.8540232011114,1053.8453439607506,1061.74267578125,16262928
2023-04-06 00:00:00+05:30,1058.2275373074351,1074.592970502133,1058.2275373074351,1068.8638916015625,18435046
2023-04-10 00:00:00+05:30,1072.7671126043012,1072.9496819536614,1059.779694186431,1061.2861328125,12961408
2023-04-11 00:00:00+05:30,1065.4631729553812,1068.6586196822263,1060.9210357303307,1066.535888671875,10542367
2023-04-12 00:00:00+05:30,1066.5357872569193,1080.8925957399235,1063.6599579243734,1071.23779296875,18179087
2023-04-13 00:00:00+05:30,1074.1365320735108,1079.9797173840186,1069.1151503508545,1075.27783203125,12378208
2023-04-17 00:00:00+05:30,1106.9814803229494,1106.9814803229494,1072.333391852291,1080.73291015625,17929479
2023-04-18 00:00:00+05:30,1085.0925121063174,1085.0925121063174,1061.8111761257844,1068.3619384765625,10405576
2023-04-19 00:00:00+05:30,1067.768405195298,1076.3733137885806,1064.64142217666,1073.6800537109375,12273475
2023-04-20 00:00:00+05:30,1074.638556551585,1076.875393044396,1064.5956738732273,1070.9637451171875,7007330
2023-04-21 00:00:00+05:30,1073.0637661728558,1077.7884724738815,1066.5586465106753,1072.310546875,7647317
2023-04-24 00:00:00+05:30,1084.1794719407253,1086.8727319946267,1071.8539885727766,1076.4190673828125,12936186
2023-04-25 00:00:00+05:30,1080.0710338352167,1086.7359021827194,1072.995384428631,1084.6588134765625,9236126
2023-04-26 00:00:00+05:30,1086.005534613959,1089.2467445727555,1074.6159592843226,1078.290771484375,8617834
2023-04-27 00:00:00+05:30,1084.1795677314856,1088.2879820525134,1079.158065119624,1085.1153564453125,9167125
2023-04-28 00:00:00+05:30,1087.374995527852,1106.5022750107378,1087.2608896802224,1104.9500732421875,15565210
2023-05-02 00:00:00+05:30,1112.1171610071847,1116.4995501680314,1108.4195276994035,1114.3311767578125,12981805
2023-05-03 00:00:00+05:30,1116.1342091904096,1116.1342091904096,1101.549188303151,1104.7674560546875,7061872
2023-05-04 00:00:00+05:30,1105.2467632974385,1119.717677582049,1102.2567073883076,1117.503662109375,8635233
2023-05-05 00:00:00+05:30,1114.3083172243437,1123.5979821409157,1112.0258380416835,1114.650634765625,8746585
2023-05-08 00:00:00+05:30,1118.4165791288924,1133.7777597410543,1115.7461404298203,1128.4139404296875,9153782
2023-05-09 00:00:00+05:30,1129.8291612797643,1135.2159233997013,1124.4653410768628,1131.90625,6464721
2023-05-10 00:00:00+05:30,1136.6766978121202,1141.173192717246,1132.659447469911,1139.6895751953125,10872255
2023-05-11 00:00:00+05:30,1140.7622816578707,1145.578272899187,1130.536707274967,1132.2486572265625,10557860
2023-05-12 00:00:00+05:30,1127.4553650769165,1135.4897449397138,1121.3839680276494,1134.097412109375,6955341
2023-05-15 00:00:00+05:30,1136.6310244600713,1143.318592964205,1128.9846046154787,1136.334228515625,6833343
2023-05-16 00:00:00+05:30,1138.5024831085086,1141.058816015231,1118.4850597805391,1120.1513671875,8717229
2023-05-17 00:00:00+05:30,1124.3511508366894,1125.2641183192468,1108.830341392445,1113.5322265625,8798967
2023-05-18 00:00:00+05:30,1118.2112689036005,1121.6122266625744,1107.9856952056505,1111.1356201171875,10525531
2023-05-19 00:00:00+05:30,1111.1355938507186,1116.5678769225615,1104.1967514891073,1114.7418212890625,8050447
2023-05-22 00:00:00+05:30,1111.5691808774143,1125.720598669704,1110.3595382742935,1120.6990966796875,7434906
2023-05-23 00:00:00+05:30,1123.2783175836105,1126.6335119735163,1119.0784985578177,1120.49365234375,6092034
2023-05-24 00:00:00+05:30,1116.5452176617491,1124.8078096781505,1110.8617801773491,1113.9659423828125,8112254
2023-05-25 00:00:00+05:30,1111.0672556833676,1117.9603357408223,1102.9187697829475,1113.8289794921875,11487863
2023-05-26 00:00:00+05:30,1122.0687058844728,1145.3500415058625,1118.7591533794464,1144.2088623046875,12626260
2023-05-29 00:00:00+05:30,1150.8278330032474,1154.9363674405995,1144.5282250956022,1150.645263671875,10010304
2023-05-30 00:00:00+05:30,1150.645307987406,1158.451475420254,1147.7921790871794,1150.3486328125,11342504
2023-05-31 00:00:00+05:30,1141.2416143873527,1145.7381091276332,1123.4382047768395,1127.5009765625,27107927
2023-06-01 00:00:00+05:30,1132.1802156805027,1134.34858906371,1122.068746948841,1124.46533203125,14592692
2023-06-02 00:00:00+05:30,1128.003101699598,1133.412563645759,1118.8731857024297,1120.7904052734375,15800644
2023-06-05 00:00:00+05:30,1126.2684221252366,1133.8234358683376,1122.2739934203582,1130.856201171875,10908682
2023-06-06 00:00:00+05:30,1133.6866395560062,1135.626680467698,1123.8947880782737,1131.81494140625,7493309
2023-06-07 00:00:00+05:30,1135.3071289198083,1141.241598708449,1128.7335456658939,1140.3970947265625,10312545
2023-06-08 00:00:00+05:30,1143.9804362633743,1148.9334747780272,1137.1329993758209,1141.0816650390625,12071109
2023-06-09 00:00:00+05:30,1144.437171009834,1145.1447480583759,1131.1987183736474,1133.001953125,5877018
2023-06-12 00:00:00+05:30,1130.0574375493186,1136.311403822295,1125.2641468372988,1134.006103515625,6391969
2023-06-13 00:00:00+05:30,1138.9591656822827,1151.946463788879,1134.9647365494955,1150.759521484375,11248016
2023-06-14 00:00:00+05:30,1150.827933567815,1166.3488637759137,1149.0019986007082,1164.910888671875,13277380
2023-06-15 00:00:00+05:30,1164.888030487722,1169.7954267696327,1157.4471223513988,1165.23046875,11813494
2023-06-16 00:00:00+05:30,1168.72265257123,1178.856942021871,1168.72265257123,1176.574462890625,24171579
2023-06-19 00:00:00+05:30,1179.5873088461865,1179.5873088461865,1160.7111839901809,1164.8880615234375,6798554
2023-06-20 00:00:00+05:30,1162.9480481347903,1170.457299404325,1157.2189687814275,1167.3074951171875,6921096
2023-06-21 00:00:00+05:30,1167.2617442064677,1173.127750027222,1163.1533304634168,1170.59423828125,6961603
2023-06-22 00:00:00+05:30,1166.8053921892115,1174.702723824018,1155.8494202932393,1157.4471435546875,7619166
2023-06-23 00:00:00+05:30,1154.434209748897,1156.4884770186727,1146.7194478373872,1147.974853515625,6628570
2023-06-26 00:00:00+05:30,1144.437098137329,1148.2716583591261,1136.0832218598148,1139.210205078125,12641159
2023-06-27 00:00:00+05:30,1139.666736088607,1145.578264166708,1135.1474200849475,1139.62109375,9689466
2023-06-28 00:00:00+05:30,1147.1760589375283,1158.519990797568,1140.2600374666351,1154.708251953125,11354006
2023-06-30 00:00:00+05:30,1162.423070452648,1167.1021346662303,1156.511421596289,1164.1805419921875,11151555
2023-07-03 00:00:00+05:30,1167.741194264735,1196.9341777415286,1166.5086096788432,1194.0582275390625,12154387
2023-07-04 00:00:00+05:30,1198.3036177471888,1198.3036177471888,1174.6798459927943,1181.755615234375,8061643
2023-07-05 00:00:00+05:30,1190.9997357239995,1190.9997357239995,1175.8440646341217,1179.8155517578125,10248062
2023-07-06 00:00:00+05:30,1175.958111582341,1207.1824197013011,1175.958111582341,1204.5804443359375,19117987
2023-07-07 00:00:00+05:30,1202.8687277617782,1216.5407819731026,1199.6731602419495,1202.2296142578125,13375267
2023-07-10 00:00:00+05:30,1227.4738168988026,1258.1047776229054,1221.128565671655,1248.5411376953125,33240016
2023-07-11 00:00:00+05:30,1256.6895309307056,1264.4955779542368,1249.705166712445,1262.076171875,20069348
2023-07-12 00:00:00+05:30,1262.8064492251153,1279.1034182559108,1260.6837185366455,1263.4683837890625,18733835
2023-07-13 00:00:00+05:30,1270.8408996155135,1277.7339788902639,1249.545369524751,1252.170166015625,14682934
2023-07-14 00:00:00+05:30,1255.365580017741,1260.3414396091937,1243.9988277461352,1251.1202392578125,15124144
2023-07-17 00:00:00+05:30,1253.9963391795925,1285.060901535764,1245.3228457945552,1276.6842041015625,22220040
2023-07-18 00:00:00+05:30,1285.9509768018002,1295.286283587151,1274.995004828538,1287.52587890625,25867313
2023-07-19 00:00:00+05:30,1291.8854597114334,1303.7543992835303,1276.8210735612868,1297.294921875,39122156
2023-07-20 00:00:00+05:30,1276.014839753512,1301.213635792283,1276.014839753512,1295.723876953125,38717624
2023-07-21 00:00:00+05:30,1290.3576048302098,1293.2755748788927,1248.1205739980844,1255.6134033203125,30249238
2023-07-24 00:00:00+05:30,1227.0515368964086,1243.8424839995957,1221.2649818512405,1230.216796875,23727866
2023-07-25 00:00:00+05:30,1233.4810641733905,1239.0203294862108,1226.5569523456327,1229.425537109375,12026020
2023-07-26 00:00:00+05:30,1229.029726310642,1259.6936470475673,1229.029726310642,1249.4063720703125,12911012
2023-07-27 00:00:00+05:30,1253.2889256301971,1255.06933898356,1231.6758304667376,1237.7838134765625,17226898
2023-07-28 00:00:00+05:30,1242.4081558253793,1257.6412248805652,1236.7204929547063,1250.2225341796875,20827852
2023-07-31 00:00:00+05:30,1250.222567835286,1263.1062644351005,1245.3261593927457,1260.8065185546875,8551174
2023-08-01 00:00:00+05:30,1263.6503718598296,1265.6286894674379,1239.0697997346808,1242.9769287109375,9536632
2023-08-02 00:00:00+05:30,1240.9985763343113,1242.383422770223,1218.4458286875906,1229.697509765625,12748214
2023-08-03 00:00:00+05:30,1224.23249959185,1236.8936606795558,1215.7010043381908,1224.5291748046875,10168350
2023-08-04 00:00:00+05:30,1235.8549028515122,1244.3616435147105,1222.4023686926273,1241.171630859375,22885610
2023-08-07 00:00:00+05:30,1246.8345411789287,1250.494380069662,1238.9212715800145,1248.244140625,5982870
2023-08-08 00:00:00+05:30,1250.2965991690858,1253.486611833248,1236.2258407843067,1240.7264404296875,9844072
2023-08-09 00:00:00+05:30,1238.8472469851743,1250.7912910864598,1227.1009863432985,1248.911865234375,11486586
2023-08-10 00:00:00+05:30,1248.7882887892447,1261.1775274732204,1240.627728317359,1254.4759521484375,15470598
2023-08-11 00:00:00+05:30,1252.4975295128647,1265.5544976220099,1242.5565564009414,1259.767822265625,22179330
2023-08-14 00:00:00+05:30,1255.737002454242,1277.1523130180672,1248.8128913733601,1274.6546630859375,9575812
2023-08-16 00:00:00+05:30,1261.672044700447,1277.3996937112483,1261.672044700447,1273.6160888671875,10203112
2023-08-17 00:00:00+05:30,1269.6348629683328,1275.0752365265755,1252.695518025622,1255.2425537109375,13673744
2023-08-18 00:00:00+05:30,1251.9040005908723,1274.8278021449016,1240.6770733077956,1264.54052734375,18639978
2023-08-21 00:00:00+05:30,1260.6443643964944,1268.3374245054665,1248.5836072167706,1250.74267578125,9221746
2023-08-22 00:00:00+05:30,1249.204008079304,1259.6517042081298,1240.319812990251,1250.44482421875,7713044
2023-08-23 00:00:00+05:30,1252.8272476636503,1262.0838090060652,1249.2288807667073,1251.8345947265625,9517952
2023-08-24 00:00:00+05:30,1260.6195534341234,1260.6195534341234,1226.4227081001463,1230.7904052734375,14140020
2023-08-25 00:00:00+05:30,1218.9778633049934,1243.2978613921046,1212.3271367872899,1225.1075439453125,22222400
2023-08-28 00:00:00+05:30,1226.9190501118926,1232.8749678308823,1206.6193456890517,1212.8978271484375,12580826
2023-08-29 00:00:00+05:30,1217.0173382536789,1217.7121468384466,1195.2285336373561,1201.2838134765625,16876644
2023-08-30 00:00:00+05:30,1207.0659417448908,1212.5255327642963,1198.628391987628,1200.1422119140625,12168946
2023-08-31 00:00:00+05:30,1202.5989377093504,1203.5915905675504,1191.133748727762,1194.65771484375,21638600
2023-09-01 00:00:00+05:30,1194.4343955405523,1203.9141576589248,1192.0023233270636,1197.4619140625,18112842
2023-09-04 00:00:00+05:30,1197.4619529612135,1202.921543874001,1193.8140262826475,1196.494140625,9347626
2023-09-05 00:00:00+05:30,1201.1100268699734,1208.033756715794,1197.3627378820318,1202.8968505859375,8675876
2023-09-06 00:00:00+05:30,1201.6560920331103,1209.125708635972,1199.745186611218,1205.4281005859375,8200370
2023-09-07 00:00:00+05:30,1201.9537313347682,1210.1679582595825,1196.6430625915527,1207.06591796875,13652572
2023-09-08 00:00:00+05:30,1211.0365924741222,1218.9778160313297,1202.5742018862823,1215.1064453125,23109288
2023-09-11 00:00:00+05:30,1216.9924464989115,1229.326207160582,1216.9924464989115,1228.20947265625,13271074
2023-09-12 00:00:00+05:30,1232.3787090583842,1232.3787090583842,1209.0265228175713,1210.4659423828125,16255666
2023-09-13 00:00:00+05:30,1211.0365644667,1222.2783103355039,1204.2120756300537,1216.52099609375,12803338
2023-09-14 00:00:00+05:30,1220.9630582690309,1223.8417758931353,1213.5181615722684,1217.6376953125,9209636
2023-09-15 00:00:00+05:30,1224.9337835939812,1224.9337835939812,1215.7517434819517,1219.8961181640625,25468592
2023-09-18 00:00:00+05:30,1211.061482045193,1216.4962329024152,1207.0908701058952,1209.274658203125,7516300
2023-09-20 00:00:00+05:30,1202.623798606989,1204.8821081322808,1168.8487603007638,1182.323974609375,57081884
2023-09-21 00:00:00+05:30,1178.750555955457,1186.2699748730859,1171.3304992731428,1173.712890625,12226182
2023-09-22 00:00:00+05:30,1179.2717940052096,1182.47307577697,1166.3673046768697,1168.8240966796875,19176786
2023-09-25 00:00:00+05:30,1166.5657437194718,1171.6779308453931,1158.9720452955405,1161.6273193359375,14254884
2023-09-26 00:00:00+05:30,1160.684188171601,1166.4663425671888,1159.2200494490667,1162.6446533203125,10087782
2023-09-27 00:00:00+05:30,1163.1410372849095,1177.1871000752483,1160.6594050312615,1175.7476806640625,11722778
2023-09-28 00:00:00+05:30,1182.7459002555731,1182.7459002555731,1153.9589668880435,1158.4755859375,14518346
2023-09-29 00:00:00+05:30,1162.2973995824232,1175.847137006539,1158.475709840611,1163.8856201171875,12342014
2023-10-03 00:00:00+05:30,1156.415758225436,1159.220075299941,1149.492028660551,1150.55908203125,8859056
2023-10-04 00:00:00+05:30,1146.0178196869251,1150.981084388904,1139.1189302205564,1148.5738525390625,10286386
2023-10-05 00:00:00+05:30,1151.105104982258,1156.14276991832,1146.017758932428,1148.549072265625,10953682
2023-10-06 00:00:00+05:30,1150.0132553057874,1153.8597853939605,1147.5316229908371,1150.4847412109375,5431026
2023-10-09 00:00:00+05:30,1145.5711149238573,1147.4818990309532,1139.0691900320726,1140.6822509765625,7576878
2023-10-10 00:00:00+05:30,1144.8018394410437,1150.435072150941,1143.4121010954177,1145.719970703125,10236032
2023-10-11 00:00:00+05:30,1148.7227620999727,1166.2182699823193,1148.0031129607796,1163.910400390625,9814118
2023-10-12 00:00:00+05:30,1163.3148210249558,1171.0078811502246,1160.485663265934,1166.0693359375,12554450
2023-10-13 00:00:00+05:30,1161.4040366702475,1170.0897506197043,1156.0188455521982,1166.0198974609375,10150316
2023-10-16 00:00:00+05:30,1163.885548402189,1168.6254903286665,1159.4186102633319,1163.4140625,5929036
2023-10-17 00:00:00+05:30,1169.3451452373686,1171.18152891328,1162.0491704758838,1168.972900390625,7928180
2023-10-18 00:00:00+05:30,1168.9729714451066,1174.8048077319042,1151.9737890772074,1153.4627685546875,8918320
2023-10-19 00:00:00+05:30,1147.5068298823098,1152.37085365543,1142.0472385636656,1144.603271484375,12032556
2023-10-20 00:00:00+05:30,1141.5508934053469,1148.846868358942,1139.7145096810816,1141.104248046875,8913312
2023-10-23 00:00:00+05:30,1136.5877075106362,1144.6530132953733,1119.3403612940447,1123.2861328125,7853962
2023-10-25 00:00:00+05:30,1116.7593673158804,1132.219887961399,1113.2602415640138,1120.6802978515625,11620688
2023-10-26 00:00:00+05:30,1117.2309217780673,1120.7052071856403,1101.9937228681183,1105.0709228515625,15222534
2023-10-27 00:00:00+05:30,1111.7712909465938,1128.3982276638756,1109.761144511754,1124.5765380859375,11771084
2023-10-30 00:00:00+05:30,1128.6463150337838,1153.958963260135,1126.6361687340607,1147.7548828125,16813304
2023-10-31 00:00:00+05:30,1155.4480281047179,1155.4480281047179,1133.0636557231696,1135.5452880859375,12808438
2023-11-01 00:00:00+05:30,1136.1656826268284,1150.236586425296,1129.2419526519689,1140.2603759765625,10309190
2023-11-02 00:00:00+05:30,1148.4746196953226,1153.6116471680004,1145.4966608528325,1151.57666015625,10562104
2023-11-03 00:00:00+05:30,1155.0509397455937,1158.897469898072,1149.3680258840427,1151.3284912109375,8850156
2023-11-06 00:00:00+05:30,1157.5822297180116,1161.4039192346488,1154.256866662586,1160.9075927734375,10647304
2023-11-07 00:00:00+05:30,1158.4507493206686,1160.9572220726066,1151.2540159543112,1153.3634033203125,6960204
2023-11-08 00:00:00+05:30,1157.4332718147846,1161.900209827792,1152.3459257444151,1159.368896484375,7884494
2023-11-09 00:00:00+05:30,1159.344192861405,1159.3689122452765,1143.6353879313751,1146.787109375,14513610
2023-11-10 00:00:00+05:30,1144.3054653415224,1149.6658152095554,1140.5830169850344,1148.946044921875,7734954
2023-11-13 00:00:00+05:30,1152.9166537769547,1153.7605056745233,1147.3578218124285,1148.7972412109375,3854810
2023-11-15 00:00:00+05:30,1161.4039352802765,1172.2982770196893,1154.9516911953863,1169.5684814453125,12220648
2023-11-16 00:00:00+05:30,1166.9131951067154,1178.3534231349859,1164.8533675821152,1171.6778564453125,13134910
2023-11-17 00:00:00+05:30,1167.8064883385834,1177.9067803474445,1167.3846835483773,1169.121826171875,7758634
2023-11-20 00:00:00+05:30,1165.647592311094,1170.5363354915235,1159.617152805321,1166.044677734375,4490186
2023-11-21 00:00:00+05:30,1174.3083747965666,1185.227556641674,1171.4296571663483,1180.7109375,8214450
2023-11-22 00:00:00+05:30,1178.7754188353035,1188.4289448727575,1177.3856804226161,1185.326904296875,8534814
2023-11-23 00:00:00+05:30,1185.3268657327444,1191.1835423841578,1185.3268657327444,1188.9500732421875,8531542
2023-11-24 00:00:00+05:30,1187.0144298509326,1192.474021001291,1186.7414260587238,1188.1558837890625,6749486
2023-11-28 00:00:00+05:30,1188.1558894990753,1191.034607263244,1178.899449291774,1188.404052734375,13792174
2023-11-29 00:00:00+05:30,1195.1540911072586,1197.1145563492605,1190.2156671664848,1191.5308837890625,12531306
2023-11-30 00:00:00+05:30,1188.5529645510346,1191.530923348677,1176.2440439527552,1179.9913330078125,28439984
2023-12-01 00:00:00+05:30,1180.2643464861462,1189.3967050711567,1180.0658643673892,1188.3544921875,14342842
2023-12-04 00:00:00+05:30,1215.9997806950958,1215.9997806950958,1190.4886500919326,1201.209228515625,15590990
2023-12-05 00:00:00+05:30,1210.540207865299,1211.4584602643838,1201.9288955146308,1209.9197998046875,12693624
2023-12-06 00:00:00+05:30,1214.560584514323,1227.3905513904704,1208.5549856031337,1221.5091552734375,16422442
2023-12-07 00:00:00+05:30,1220.9631623446442,1221.4346482742724,1212.0292855470004,1219.4990234375,8142096
2023-12-08 00:00:00+05:30,1222.874052744466,1229.251775342433,1213.5182500771466,1218.853759765625,10204894
2023-12-11 00:00:00+05:30,1218.9777608532804,1224.7351961410227,1217.1909371644088,1220.6405029296875,7066138
2023-12-12 00:00:00+05:30,1220.9631521449135,1223.41994400905,1201.1844932637518,1203.1202392578125,9197124
2023-12-13 00:00:00+05:30,1202.102614795848,1210.2176004047437,1194.3103140708777,1208.03369140625,10031182
2023-12-14 00:00:00+05:30,1217.9851619285064,1228.3831772791464,1212.3518080035872,1223.0228271484375,16972354
2023-12-15 00:00:00+05:30,1229.8970515295573,1240.8162343922088,1225.951280138882,1238.6324462890625,15932152
2023-12-18 00:00:00+05:30,1238.6323699765335,1258.1379030406688,1236.3243792186838,1251.239013671875,14165188
2023-12-19 00:00:00+05:30,1268.1140495332209,1277.4945707453207,1253.3234974409622,1269.6527099609375,16820604
2023-12-20 00:00:00+05:30,1276.080186427869,1289.8780864366483,1250.7426960684581,1254.2913818359375,17736722
2023-12-21 00:00:00+05:30,1254.2170195322976,1277.2962009364337,1249.8741628164655,1271.8614501953125,13765454
2023-12-22 00:00:00+05:30,1270.3972179591544,1280.968874306117,1264.4660199985942,1273.1021728515625,16541784
2023-12-26 00:00:00+05:30,1274.5663382448713,1286.453332624264,1271.935783794956,1279.554443359375,7465664
2023-12-27 00:00:00+05:30,1281.514887400953,1290.3990823415181,1277.0976304877347,1283.922119140625,9204156
2023-12-28 00:00:00+05:30,1285.3862277761266,1296.4046504171113,1283.9220890250845,1293.203369140625,12302636
2023-12-29 00:00:00+05:30,1295.9581362918193,1297.397434632089,1280.174929799553,1282.9791259765625,10864584
2024-01-01 00:00:00+05:30,1280.7953983035607,1293.8488097378856,1277.1225094292433,1285.6097412109375,4030540
2024-01-02 00:00:00+05:30,1283.0039664322292,1297.8937610136477,1277.0480485996618,1296.255859375,7448800
2024-01-03 00:00:00+05:30,1295.412048372221,1307.3238832997818,1279.132516403198,1282.16015625,9037536
2024-01-04 00:00:00+05:30,1284.4928354763001,1295.337616733607,1280.0755785995668,1288.7860107421875,9612778
2024-01-05 00:00:00+05:30,1291.8881165287519,1300.3009471094986,1289.456165302221,1294.2705078125,8086406
2024-01-08 00:00:00+05:30,1295.412156841061,1306.3064992127524,1275.0379299096924,1284.17041015625,7734652
2024-01-09 00:00:00+05:30,1290.4487513775189,1293.8237954235035,1279.132484246134,1280.7703857421875,5403074
2024-01-10 00:00:00+05:30,1279.0333061103788,1319.7320764251056,1278.0654937339266,1315.3148193359375,11102740
2024-01-11 00:00:00+05:30,1319.7321386109766,1352.489686993197,1318.7394856296971,1349.9088134765625,23725852
2024-01-12 00:00:00+05:30,1349.9087552154863,1363.2350482099334,1335.8626919019084,1360.6541748046875,15012164
2024-01-15 00:00:00+05:30,1364.8977157386187,1386.190071634762,1355.9638397810568,1383.8822021484375,8610594
2024-01-16 00:00:00+05:30,1379.7627106993223,1386.0413130880693,1360.4308194226976,1364.5255126953125,9069024
2024-01-17 00:00:00+05:30,1349.5117047016763,1376.0900120502974,1345.0696069219948,1351.5714111328125,12197382
2024-01-18 00:00:00+05:30,1341.4712027363942,1360.92717605878,1341.3222805612156,1357.8995361328125,10279438
2024-01-19 00:00:00+05:30,1365.890429247957,1365.890429247957,1349.015329468004,1357.4031982421875,10422704
2024-01-23 00:00:00+05:30,1361.6716823004633,1361.6716823004633,1312.8332056966303,1318.8138427734375,20055420
2024-01-24 00:00:00+05:30,1325.4149927095905,1339.5851376107455,1314.1980872328543,1334.00146484375,21919128
2024-01-25 00:00:00+05:30,1333.0831783387705,1354.1274927557365,1325.390118278632,1343.1337890625,11808872
2024-01-29 00:00:00+05:30,1354.474931519067,1441.8283899094502,1350.1817560391485,1437.4111328125,23893438
2024-01-30 00:00:00+05:30,1449.2235971647833,1449.2484377227322,1394.1066401470152,1397.2830810546875,14093978
2024-01-31 00:00:00+05:30,1393.6846609266845,1423.7124109217216,1392.1956815880876,1416.1434326171875,15130226
2024-02-01 00:00:00+05:30,1424.4569627393994,1432.745590517861,1407.631543948549,1416.1683349609375,13349362
2024-02-02 00:00:00+05:30,1422.6455164089482,1464.0639387350582,1422.6455164089482,1446.990234375,19652588
2024-02-05 00:00:00+05:30,1450.0177530325548,1459.6961190035063,1421.007495677393,1428.452392578125,8814432
2024-02-06 00:00:00+05:30,1431.256637826339,1431.256637826339,1409.3934322746634,1417.3099365234375,9047984
2024-02-07 00:00:00+05:30,1425.3752031215413,1438.8504181404362,1418.7491963623445,1431.554443359375,9296568
2024-02-08 00:00:00+05:30,1439.3467435794867,1448.752105824393,1417.0368932886952,1439.4708251953125,14694634
2024-02-09 00:00:00+05:30,1443.31729322881,1461.1602045826953,1440.2896534634558,1450.0177001953125,12556798
2024-02-12 00:00:00+05:30,1450.017752117624,1450.2659153474917,1431.7529141646626,1441.679443359375,6674430
2024-02-13 00:00:00+05:30,1444.806250056761,1468.1335924657844,1443.3172707540573,1454.335693359375,7715594
2024-02-14 00:00:00+05:30,1446.7916226083244,1472.749520552248,1446.7916226083244,1470.4912109375,7117888
2024-02-15 00:00:00+05:30,1472.4517353218182,1473.8166331337911,1455.7503978374216,1459.79541015625,10006782
2024-02-16 00:00:00+05:30,1465.6271998466532,1466.1483668657747,1447.8339689108675,1449.843994140625,9767498
2024-02-19 00:00:00+05:30,1451.3082561823699,1468.6300012389227,1442.8458657695369,1463.17041015625,6729828
2024-02-20 00:00:00+05:30,1464.1878968342883,1464.659382736365,1451.0600862084646,1460.21728515625,7117496
2024-02-21 00:00:00+05:30,1463.170510366537,1477.5888193115914,1446.8414171157522,1456.916748046875,12720292
2024-02-22 00:00:00+05:30,1457.36346935178,1474.0399663973683,1447.2880175600008,1470.863525390625,18493728
2024-02-23 00:00:00+05:30,1478.556551746289,1486.5474563697878,1472.4517119404402,1482.6512451171875,14438584
2024-02-26 00:00:00+05:30,1482.5768223248915,1483.5446346905887,1471.607959051116,1476.3974609375,7513106
2024-02-27 00:00:00+05:30,1472.1291493159843,1488.9297276070065,1467.1907251784094,1474.73486328125,10826044
2024-02-28 00:00:00+05:30,1472.1042938560004,1480.3185210789975,1439.5205099276588,1444.930419921875,8647950
2024-02-29 00:00:00+05:30,1454.2365988812116,1468.1088998815815,1443.8385832706604,1450.0675048828125,23628976
2024-03-01 00:00:00+05:30,1452.7475417409498,1488.979373154373,1451.7548888255137,1481.1622314453125,12132926
2024-03-04 00:00:00+05:30,1479.5243736818861,1501.337897909408,1476.2982516112518,1496.3250732421875,10024420
2024-03-05 00:00:00+05:30,1494.712091681268,1496.3251528023525,1475.1320355384912,1489.177978515625,7107668
2024-03-06 00:00:00+05:30,1482.4773919378927,1497.9131926576536,1467.6372798835923,1491.957275390625,7805676
2024-03-07 00:00:00+05:30,1491.9325571368477,1492.056638756749,1464.7091224345347,1468.059326171875,8315726
2024-03-11 00:00:00+05:30,1478.060279979328,1478.060279979328,1452.747629113329,1455.8248291015625,11277130
2024-03-12 00:00:00+05:30,1455.8247263461558,1477.0675227494196,1454.261346490045,1464.5849609375,9432678
2024-03-13 00:00:00+05:30,1468.9029635812572,1472.2034859914554,1417.2850129833478,1421.6527099609375,13522134
2024-03-14 00:00:00+05:30,1429.1223094125826,1437.8825438227764,1415.0266869213976,1420.957763671875,18571102
2024-03-15 00:00:00+05:30,1415.4733954219128,1422.694969713975,1402.5193474045138,1407.80517578125,19223818
2024-03-18 00:00:00+05:30,1409.56727675182,1431.1326391984185,1406.1178317705178,1428.899169921875,9169392
2024-03-19 00:00:00+05:30,1418.252849649116,1427.0378036957165,1406.8373411480031,1414.778564453125,8275764
2024-03-20 00:00:00+05:30,1417.4587350761735,1434.3835163859578,1413.562644941621,1433.1427001953125,8488806
2024-03-21 00:00:00+05:30,1441.8532357214951,1447.1887452733042,1434.060934378195,1440.3145751953125,13006936
2024-03-22 00:00:00+05:30,1439.321893152815,1449.2732629085037,1436.716179238339,1444.3348388671875,19527608
2024-03-26 00:00:00+05:30,1434.3835274360674,1441.7291835759677,1428.4276096750873,1430.983642578125,11415906
2024-03-27 00:00:00+05:30,1437.3613782559069,1488.979328303771,1436.368725370371,1481.8818359375,16326644
2024-03-28 00:00:00+05:30,1481.90676076149,1494.8856495085238,1467.786296896486,1474.933349609375,21854364
2024-04-01 00:00:00+05:30,1481.5095896793896,1482.9985690062601,1471.60790139039,1473.8662109375,5013880
2024-04-02 00:00:00+05:30,1473.0968689675985,1483.0233977342266,1464.1629930776332,1476.025146484375,8910166
2024-04-03 00:00:00+05:30,1471.186101560143,1473.5436523631188,1458.1079713887636,1460.7880859375,7008292
2024-04-04 00:00:00+05:30,1468.8780939901114,1468.8780939901114,1439.3466709144527,1452.1767578125,14490272
2024-04-05 00:00:00+05:30,1450.1417667351745,1459.9938949751336,1445.3025839763254,1449.3724365234375,7442298
2024-04-08 00:00:00+05:30,1452.226356281804,1480.0206375610207,1450.2658910334067,1475.057373046875,8357118
2024-04-09 00:00:00+05:30,1478.060211901015,1478.8543827139295,1451.7549092714805,1452.896484375,7071414
2024-04-10 00:00:00+05:30,1455.5766564963697,1476.0749645358123,1455.5766564963697,1468.7044677734375,9138330
2024-04-12 00:00:00+05:30,1465.0317226594827,1475.5538200544618,1452.3257159957793,1456.370849609375,15551012
2024-04-15 00:00:00+05:30,1450.2658952456557,1471.2356878788278,1435.6986653849476,1454.062744140625,12902062
2024-04-16 00:00:00+05:30,1442.6720371000315,1460.3661473678603,1440.2649265731254,1454.98095703125,9366184
2024-04-18 00:00:00+05:30,1452.7476380801534,1475.0823301585979,1448.628103973215,1453.5665283203125,19005692
2024-04-19 00:00:00+05:30,1446.0720814485837,1463.1705049395248,1432.4231028577299,1459.323974609375,15741778
2024-04-22 00:00:00+05:30,1461.6317610616636,1471.9305352298081,1457.0160218672338,1468.9774169921875,10350362
2024-04-23 00:00:00+05:30,1468.1337674689391,1482.5272357774581,1444.8561033979943,1448.603271484375,14605554
2024-04-24 00:00:00+05:30,1452.7475596039474,1457.7605053579202,1438.8504186169605,1439.5205078125,10462776
2024-04-25 00:00:00+05:30,1431.9018276580116,1457.189636393573,1430.9091747445573,1449.2484130859375,15943926
2024-04-26 00:00:00+05:30,1453.194198141131,1454.236532179651,1439.3467383348082,1441.8780517578125,9413848
2024-04-29 00:00:00+05:30,1439.3467183436048,1457.1152296530197,1439.3467183436048,1454.2613525390625,7247974
2024-04-30 00:00:00+05:30,1457.214576809603,1472.178772035999,1452.1272302795285,1456.221923828125,11474262
2024-05-02 00:00:00+05:30,1461.1850562736174,1466.4708844514234,1453.3679147531318,1455.775146484375,14512646
2024-05-03 00:00:00+05:30,1460.1925152681529,1464.1134460205978,1405.7455242326487,1423.46435546875,17226958
2024-05-06 00:00:00+05:30,1424.9533097670264,1429.4202480421582,1407.5818831415143,1409.095703125,7394208
2024-05-07 00:00:00+05:30,1405.571689953147,1410.311631866643,1381.772860502106,1391.17822265625,14517472
2024-05-08 00:00:00+05:30,1387.2324157830615,1422.42191231512,1387.2324157830615,1408.1278076171875,9439002
2024-05-09 00:00:00+05:30,1402.6185253372132,1413.2895438420787,1379.7875090012217,1383.8822021484375,11009612
2024-05-10 00:00:00+05:30,1386.4879762578594,1399.6406275450738,1377.8766636438304,1397.0845947265625,10505096
2024-05-13 00:00:00+05:30,1389.6149314683873,1396.6379028351905,1373.8317248456565,1392.394287109375,8456620
2024-05-14 00:00:00+05:30,1390.681954289976,1416.5901722719507,1389.7389824487905,1409.6416015625,7188300
2024-05-15 00:00:00+05:30,1410.063563528233,1419.468926315315,1402.6435067088078,1405.86962890625,5046534
2024-05-16 00:00:00+05:30,1408.1278405018506,1417.0120356183081,1387.75361519461,1414.8778076171875,14711774
2024-05-17 00:00:00+05:30,1412.5948920294334,1426.6408349602225,1402.8668442157614,1425.15185546875,10916476
2024-05-21 00:00:00+05:30,1415.1260338425998,1431.231803864575,1415.1260338425998,1425.57373046875,11176128
2024-05-22 00:00:00+05:30,1425.722543020764,1457.9837617014118,1425.722543020764,1449.91845703125,10281604
2024-05-23 00:00:00+05:30,1447.8340020088174,1481.2615172416956,1444.3100355832012,1475.1319580078125,14608260
2024-05-24 00:00:00+05:30,1472.724715385057,1477.5638984586112,1465.2549777906743,1469.37451171875,7094776
2024-05-27 00:00:00+05:30,1469.3497180106694,1473.990419113941,1450.8119965034373,1455.4774169921875,6629010
2024-05-28 00:00:00+05:30,1457.2145743340495,1467.637430621861,1442.0766163922278,1445.501220703125,7820162
2024-05-29 00:00:00+05:30,1435.8724890871501,1447.287997987601,1427.8815843874524,1430.1895751953125,7383556
2024-05-30 00:00:00+05:30,1424.9532474164846,1429.817270893488,1409.6663684202383,1414.3814697265625,13206858
2024-05-31 00:00:00+05:30,1420.7841589242364,1431.653659822201,1411.800601617005,1419.8907470703125,31069832
2024-06-03 00:00:00+05:30,1472.1043222829317,1503.3728901534053,1448.2806515244756,1499.228515625,21527942
2024-06-04 00:00:00+05:30,1487.0437791255476,1487.0437791255476,1349.3131842665355,1387.0091552734375,36709098
2024-06-05 00:00:00+05:30,1411.5524616660985,1420.6352601794422,1373.9308915121778,1410.3116455078125,17464890
2024-06-06 00:00:00+05:30,1424.4569533735907,1433.0929853880773,1410.9072166555904,1421.0819091796875,17855722
2024-06-07 00:00:00+05:30,1418.004611799037,1461.1850112482903,1416.0193060772324,1459.1500244140625,18558696
2024-06-10 00:00:00+05:30,1459.150058153404,1482.3781598703026,1457.2888339961758,1460.5894775390625,9251760
2024-06-11 00:00:00+05:30,1458.20717740815,1462.847878399236,1443.9874724286744,1445.9727783203125,11774902
2024-06-12 00:00:00+05:30,1446.7915758989445,1465.155654220818,1444.4837064170613,1452.57373046875,10081742
2024-06-13 00:00:00+05:30,1461.1851486521073,1461.433311890669,1449.3725542618724,1454.4847412109375,9181160
2024-06-14 00:00:00+05:30,1459.199879544848,1468.8038455887872,1446.518713499826,1466.6944580078125,8157998
2024-06-18 00:00:00+05:30,1476.4224025999808,1476.4720837189377,1460.5399547367645,1470.1439208984375,7196766
2024-06-19 00:00:00+05:30,1476.571240472528,1476.571240472528,1445.3026730272272,1447.9332275390625,8725874
2024-06-20 00:00:00+05:30,1448.2806091505108,1471.9553570393568,1439.4459739347105,1462.87255859375,16113776
2024-06-21 00:00:00+05:30,1462.7982011333013,1463.8652545834836,1429.9909727182371,1443.515869140625,31170360
2024-06-24 00:00:00+05:30,1434.9045699529108,1438.8503408924523,1426.9385064042085,1430.88427734375,8878386
2024-06-25 00:00:00+05:30,1432.3982039886682,1445.2282918111714,1430.4128980926341,1443.46630859375,7045386
2024-06-26 00:00:00+05:30,1435.425808927042,1507.8149506909176,1434.5075565031482,1502.9013671875,22014882
2024-06-27 00:00:00+05:30,1502.6284353235128,1526.2039433921725,1494.935374795845,1519.3050537109375,28383030
2024-06-28 00:00:00+05:30,1519.7764812043604,1569.3842873036351,1519.7764812043604,1553.89892578125,28957336
2024-07-01 00:00:00+05:30,1551.0450507194453,1567.7960689891884,1544.2454023527885,1548.6875,7724306
2024-07-02 00:00:00+05:30,1557.968712393485,1561.939323957406,1545.5605512562322,1553.675537109375,7749246
2024-07-03 00:00:00+05:30,1554.8170660210362,1563.4283787351976,1531.440162014497,1541.019287109375,9049620
2024-07-04 00:00:00+05:30,1545.5606622734106,1555.983518377374,1539.4062623766438,1542.6075439453125,6837176
2024-07-05 00:00:00+05:30,1542.4088769403465,1586.755694667964,1536.6267221432645,1576.9532470703125,12269710
2024-07-08 00:00:00+05:30,1577.325467706802,1596.9800437158895,1570.8980643748457,1589.1380615234375,9500806
2024-07-09 00:00:00+05:30,1585.8623208770043,1588.7410386525216,1568.887979750272,1578.5911865234375,6960002
2024-07-10 00:00:00+05:30,1583.2814308954767,1585.7630632323035,1551.6654591589945,1572.5855712890625,7134578
2024-07-11 00:00:00+05:30,1575.8365135146928,1592.4634499565013,1558.9614138424095,1569.036865234375,11940946
2024-07-12 00:00:00+05:30,1572.8586162043875,1593.3569240772113,1562.9320865975437,1584.9937744140625,12924784
2024-07-15 00:00:00+05:30,1592.6620057625546,1594.0517441522056,1573.8512804915936,1585.4901123046875,5329688
2024-07-16 00:00:00+05:30,1581.792452589091,1588.24469666931,1557.5965372882695,1564.669189453125,9386838
2024-07-18 00:00:00+05:30,1564.4210812674708,1582.1895936713806,1546.3795650620239,1575.0177001953125,12298374
2024-07-19 00:00:00+05:30,1574.3475621142547,1578.293333314245,1541.3915329908289,1543.7242431640625,13140390
2024-07-22 00:00:00+05:30,1525.9557698439748,1526.203933085127,1488.2597977476694,1489.6495361328125,19674376
2024-07-23 00:00:00+05:30,1489.9719903646578,1494.6870915999891,1452.2511804820083,1476.96826171875,18052044
2024-07-24 00:00:00+05:30,1474.0895996286229,1498.4095963901725,1465.552808673545,1484.7109375,11913362
2024-07-25 00:00:00+05:30,1470.1190347480779,1489.4509269223795,1466.2228234080762,1481.435302734375,12519876
2024-07-26 00:00:00+05:30,1481.4352554076795,1501.3131545447015,1479.4002684339398,1497.9381103515625,9859940
2024-07-29 00:00:00+05:30,1500.8414953005092,1516.2772962786503,1500.6678537480493,1508.931640625,7538550
2024-07-30 00:00:00+05:30,1505.8793670988641,1513.7957501477324,1498.9059558839842,1502.0328369140625,8228208
2024-07-31 00:00:00+05:30,1492.9499231376883,1499.3524857083617,1490.1208866802617,1494.364501953125,10057346
2024-08-01 00:00:00+05:30,1500.8913109431162,1506.8472288436842,1493.2479314401046,1504.1671142578125,10764222
2024-08-02 00:00:00+05:30,1493.9426800961044,1498.2358556077295,1482.303848567256,1488.309326171875,10268248
2024-08-05 00:00:00+05:30,1469.126390399314,1472.997761203301,1422.7198642160924,1436.69140625,17046704
2024-08-06 00:00:00+05:30,1444.4588830824964,1466.6446510309138,1440.6619130584993,1445.352294921875,10236186
2024-08-07 00:00:00+05:30,1458.2071184913539,1461.6814036613468,1450.7622216985117,1454.062744140625,8174568
2024-08-08 00:00:00+05:30,1446.8164580997684,1454.2365143735713,1435.3017085687702,1438.4781494140625,12387192
2024-08-09 00:00:00+05:30,1449.2732763644294,1465.6520496932055,1445.3026646483625,1463.46826171875,6249776
2024-08-12 00:00:00+05:30,1459.199797918004,1462.1777566892652,1447.0397996020206,1449.8936767578125,8184584
2024-08-13 00:00:00+05:30,1450.0178268110735,1459.2742672925806,1447.28803114191,1452.8717041015625,6265064
2024-08-14 00:00:00+05:30,1452.7972017764512,1461.1850703208015,1443.0194737625147,1451.109619140625,6267466
2024-08-16 00:00:00+05:30,1457.8598362701878,1469.5235088888628,1447.3377388233519,1467.339599609375,9416902
2024-08-19 00:00:00+05:30,1476.6025720306277,1492.3397678065596,1474.6105280885965,1482.4791259765625,13797742
2024-08-20 00:00:00+05:30,1491.268975771349,1497.9423959482733,1484.0976661921165,1489.9990234375,8411808
2024-08-21 00:00:00+05:30,1487.30978907883,1501.8766102174725,1484.072717714687,1492.7132568359375,7769996
2024-08-22 00:00:00+05:30,1497.0210123494212,1500.5070892244864,1484.720165407205,1492.1654052734375,10445782
2024-08-23 00:00:00+05:30,1497.768063961028,1505.3128818837536,1492.4642955105633,1494.008056640625,9249654
2024-08-26 00:00:00+05:30,1500.9802618699923,1516.941539085057,1497.021098650585,1506.5828857421875,8816114
2024-08-27 00:00:00+05:30,1504.4912711730515,1507.4544123852302,1493.485179145279,1494.481201171875,6251156
2024-08-28 00:00:00+05:30,1499.0131426615155,1501.4782728482842,1487.0608784010915,1492.33984375,9610286
2024-08-29 00:00:00+05:30,1497.1205913811584,1530.885760314005,1488.0568158159556,1514.874755859375,38335358
2024-08-30 00:00:00+05:30,1527.89778785993,1533.599989641746,1497.3447635789732,1503.6197509765625,41620730
2024-09-02 00:00:00+05:30,1504.8647654458696,1520.7264647058682,1500.6316718721823,1510.2183837890625,11240852
2024-09-03 00:00:00+05:30,1515.1984708784905,1516.941509382377,1501.5031683479538,1503.1217041015625,10923800
2024-09-04 00:00:00+05:30,1494.7301447200666,1511.4633627071519,1493.534966971581,1508.525146484375,11983304
2024-09-05 00:00:00+05:30,1513.0072347057646,1519.7054581926027,1481.1345314015284,1487.035888671875,16264168
2024-09-06 00:00:00+05:30,1486.5627588054047,1491.0448575756723,1455.8105811316245,1458.997802734375,19394228
2024-09-09 00:00:00+05:30,1460.666261949736,1464.07768593117,1449.809597840599,1456.63232421875,9010298
2024-09-10 00:00:00+05:30,1454.6901127162012,1466.1942153054945,1451.7766997689328,1455.7110595703125,10768260
2024-09-11 00:00:00+05:30,1457.2300550346945,1462.9073318760024,1441.7917138302157,1445.7259521484375,9760202
2024-09-12 00:00:00+05:30,1451.2039809867947,1480.088617533546,1440.1232367942907,1473.913330078125,22349376
2024-09-13 00:00:00+05:30,1470.5268529366479,1477.2500011980833,1463.6542770635715,1466.766845703125,8711328
2024-09-16 00:00:00+05:30,1471.6723576050656,1475.0090069946318,1458.9232273463058,1465.4969482421875,5481774
2024-09-17 00:00:00+05:30,1468.1364260685732,1471.5975781970765,1460.790763828237,1466.4432373046875,5935328
2024-09-18 00:00:00+05:30,1464.1522884024148,1476.10455198121,1454.7399294679985,1457.6282958984375,8574714
2024-09-19 00:00:00+05:30,1460.4171894563083,1470.6264144806405,1449.7598031867433,1463.82861328125,16955902
2024-09-20 00:00:00+05:30,1468.136427109257,1489.0528890965668,1465.5218693608433,1480.0140380859375,30897320
2024-09-23 00:00:00+05:30,1485.0687739665293,1495.5270047691104,1483.026880271187,1487.434326171875,8832314
2024-09-24 00:00:00+05:30,1482.5786761041754,1494.530939532627,1481.9561623839436,1483.4501953125,17137444
2024-09-25 00:00:00+05:30,1477.9970102640052,1490.5468626388433,1474.3116560624171,1488.0069580078125,7069002
2024-09-26 00:00:00+05:30,1484.7202013028073,1498.017070530802,1482.1305684499498,1491.9910888671875,18818998
2024-09-27 00:00:00+05:30,1493.0369361114394,1527.3747692811157,1486.0647823070499,1520.1038818359375,20597478
2024-09-30 00:00:00+05:30,1513.3558880158446,1518.9086621673466,1468.5348969230117,1470.701171875,27008814
2024-10-01 00:00:00+05:30,1474.7599230273088,1482.0308103038055,1457.0057588364782,1458.997802734375,16431642
2024-10-03 00:00:00+05:30,1430.8602791168494,1443.634334423912,1396.4975195620746,1401.3780517578125,37757294
2024-10-04 00:00:00+05:30,1398.34020617394,1411.711728297617,1376.2782950115372,1381.0093994140625,37072876
2024-10-07 00:00:00+05:30,1387.9566419173104,1390.9447078848398,1355.9594355150189,1365.272216796875,22181340
2024-10-08 00:00:00+05:30,1367.513224520688,1395.4267642320656,1359.669551595401,1391.791259765625,17020808
2024-10-09 00:00:00+05:30,1391.9656892391695,1395.4019165531051,1367.0402140253339,1369.1318359375,14310610
2024-10-10 00:00:00+05:30,1374.5352199766685,1380.4864268287754,1363.9774115920343,1365.595947265625,22358646
2024-10-11 00:00:00+05:30,1364.5501018082973,1377.7723178051706,1363.3797273571677,1366.6417236328125,7980122
2024-10-14 00:00:00+05:30,1373.962442591221,1374.5849563155427,1362.8070452852592,1367.0650634765625,12221432
2024-10-15 00:00:00+05:30,1353.1207855156183,1366.243302159234,1335.3666207605413,1338.678466796875,33762794
2024-10-16 00:00:00+05:30,1334.6695151768993,1358.5740438069333,1332.3039628645522,1348.6884765625,20034438
2024-10-17 00:00:00+05:30,1360.2671814831224,1363.0062419523483,1346.6715786036464,1351.0291748046875,15543660
2024-10-18 00:00:00+05:30,1346.796043723323,1362.9814005892638,1335.9891081789099,1353.8927001953125,12082452
2024-10-21 00:00:00+05:30,1361.686598848784,1368.5342502099143,1352.3239675798945,1363.7532958984375,14067408
2024-10-22 00:00:00+05:30,1363.7532474009167,1370.5262455038624,1334.8935348257999,1338.006103515625,15831960
2024-10-23 00:00:00+05:30,1332.1793705575924,1352.0748848775756,1329.689315659354,1333.2003173828125,17214742
2024-10-24 00:00:00+05:30,1329.9633130042932,1338.3547254831988,1317.8616212723593,1334.4703369140625,22155934
2024-10-25 00:00:00+05:30,1338.1555171764887,1339.002111534351,1316.7410448137834,1322.5677490234375,18597496
2024-10-28 00:00:00+05:30,1331.6813526124565,1347.6177038778262,1316.8406011796387,1329.0418701171875,10824350
2024-10-29 00:00:00+05:30,1322.8167478889227,1337.856655249044,1315.0478495098762,1334.66943359375,12008361
2024-10-30 00:00:00+05:30,1329.6893351932274,1344.62966480214,1320.0776988278842,1338.553955078125,11984423
2024-10-31 00:00:00+05:30,1334.6694245700712,1337.6574904459744,1320.8745447599274,1326.7510986328125,9331650
2024-11-01 00:00:00+05:30,1327.7471304089104,1336.6116286385318,1327.6972806767253,1333.3248291015625,2127335
2024-11-04 00:00:00+05:30,1332.5280301195805,1334.6695017714562,1279.9878687625326,1296.9700927734375,19796890
2024-11-05 00:00:00+05:30,1287.8564249120313,1304.3406373759979,1281.0336986406933,1300.1075439453125,16267479
2024-11-06 00:00:00+05:30,1304.7888451117578,1323.0160966964434,1295.0277806900112,1320.0777587890625,21625209
2024-11-07 00:00:00+05:30,1318.7331565363688,1318.7331565363688,1297.4182609581876,1300.4561767578125,9611974
2024-11-08 00:00:00+05:30,1292.4879180085577,1296.4720058402277,1269.9279963447846,1278.6431884765625,19814406
2024-11-11 00:00:00+05:30,1273.8622221377802,1280.884225507143,1261.9598084895413,1267.6370849609375,9056552
2024-11-12 00:00:00+05:30,1270.4759075040322,1284.1712099692156,1262.4578817905294,1269.1810302734375,10671091
2024-11-13 00:00:00+05:30,1265.196886863478,1270.3761523895544,1244.5294313213271,1247.0693359375,14633633
2024-11-14 00:00:00+05:30,1248.613186761178,1267.537605244334,1246.1231316976048,1262.5574951171875,12612633
2024-11-18 00:00:00+05:30,1262.55746761959,1267.8364328732807,1238.951794764919,1255.7347412109375,13620611
2024-11-19 00:00:00+05:30,1255.734688515481,1276.4021442257297,1230.236550606767,1236.710693359375,14183746
2024-11-21 00:00:00+05:30,1236.7107220331202,1239.0014996478671,1212.407761281373,1218.1348876953125,19433843
2024-11-22 00:00:00+05:30,1224.509420421979,1263.8024380613526,1217.586994857739,1260.3662109375,20471957
2024-11-25 00:00:00+05:30,1284.868314871977,1299.260783408558,1277.3483005192684,1281.8802490234375,28923341
2024-11-26 00:00:00+05:30,1289.7986377983043,1292.687125909721,1279.0914013187908,1290.545654296875,9247557
2024-11-27 00:00:00+05:30,1288.3543972122054,1298.6632001168684,1280.8842325588682,1288.0555419921875,9572746
2024-11-28 00:00:00+05:30,1284.818474176107,1291.442044503892,1264.0017125526565,1265.7447509765625,15027412
2024-11-29 00:00:00+05:30,1274.9081506356404,1294.3305794929802,1270.177046170391,1287.0595703125,13202307
2024-12-02 00:00:00+05:30,1282.876370557777,1306.133460567327,1271.9699779978703,1303.9422607421875,11024152
2024-12-03 00:00:00+05:30,1311.7609017834461,1321.5219654799555,1301.8006823317874,1318.035888671875,16869482
2024-12-04 00:00:00+05:30,1320.7251432865569,1323.1156203515295,1298.8625094957517,1303.742919921875,19608540
2024-12-05 00:00:00+05:30,1309.1214514378748,1324.6593698468237,1300.9541199209712,1316.7908935546875,16858723
2024-12-06 00:00:00+05:30,1318.6334884089777,1318.6334884089777,1304.7887589399247,1306.3326416015625,9037514
2024-12-09 00:00:00+05:30,1297.8166732313093,1309.7689372979064,1287.9560310594236,1289.9979248046875,14650002
2024-12-10 00:00:00+05:30,1284.121290398709,1289.7488386952925,1275.107243177966,1279.73876953125,16043729
2024-12-11 00:00:00+05:30,1279.8882324099652,1284.8683422637005,1270.9738844056644,1273.115234375,11724373
2024-12-12 00:00:00+05:30,1264.9479526569407,1273.1152845047754,1255.5853214463157,1257.876220703125,20906813
2024-12-13 00:00:00+05:30,1254.9877622795104,1270.1272485556606,1234.6688884780408,1267.78662109375,28630222
2024-12-16 00:00:00+05:30,1269.9280595585296,1275.904191603511,1261.511722229068,1263.2547607421875,9486781
2024-12-17 00:00:00+05:30,1256.033537225462,1258.8721754853295,1237.8561365143116,1240.34619140625,17462791
2024-12-18 00:00:00+05:30,1235.714673937889,1254.9378248920182,1235.714673937889,1248.2645263671875,12670179
2024-12-19 00:00:00+05:30,1234.0712121990753,1239.947766097918,1224.1109925687356,1225.55517578125,14244653
2024-12-20 00:00:00+05:30,1219.1309339507777,1234.5692750261348,1196.7204388413884,1200.50537109375,20312896
2024-12-23 00:00:00+05:30,1210.1667348774333,1222.3181546925216,1208.3738466363206,1217.437744140625,10052824
2024-12-24 00:00:00+05:30,1217.4377030050357,1228.6429501715868,1216.1428258096823,1217.8858642578125,6734917
2024-12-26 00:00:00+05:30,1219.3798917928577,1222.8161189414398,1209.4196721335327,1211.7105712890625,10016178
2024-12-27 00:00:00+05:30,1213.4536884394554,1223.0154756156849,1212.1588111658666,1216.1927490234375,7000397
2024-12-30 00:00:00+05:30,1211.5611874241417,1218.3340640862093,1203.294156174512,1205.8837890625,8818766
2024-12-31 00:00:00+05:30,1203.1945530395503,1214.2503727116298,1201.3519366916562,1210.6148681640625,6405475
2025-01-01 00:00:00+05:30,1210.0172807004092,1221.4218053468785,1206.7802092584152,1216.391845703125,5892590
2025-01-02 00:00:00+05:30,1216.3918076943417,1239.4994683243335,1215.1467802555553,1236.860107421875,15486276
2025-01-03 00:00:00+05:30,1238.9518139936486,1257.0296379589822,1230.5852047154665,1246.1729736328125,15521102
2025-01-06 00:00:00+05:30,1248.961727102304,1256.9797527645217,1210.1667191829588,1213.15478515625,14816766
2025-01-07 00:00:00+05:30,1217.1388288273843,1239.5493228115217,1216.3918123612464,1235.913818359375,10070505
2025-01-08 00:00:00+05:30,1244.0314575822304,1265.9937909556584,1240.395953024955,1260.4658203125,19346579
2025-01-09 00:00:00+05:30,1261.9598138402198,1264.6988742096441,1243.0852464738894,1249.758544921875,12794704
2025-01-10 00:00:00+05:30,1248.8621307808614,1251.750618829338,1231.0831628192257,1236.959716796875,8120332
2025-01-13 00:00:00+05:30,1225.1070543419412,1240.2963897717905,1221.5213994754447,1234.9178466796875,13764861
2025-01-14 00:00:00+05:30,1239.1509590647415,1248.3641626627486,1222.3680125031533,1233.822265625,13095266
2025-01-15 00:00:00+05:30,1239.9974688456068,1251.9995818882041,1236.90982514039,1247.2186279296875,9578856
2025-01-16 00:00:00+05:30,1253.8920943102864,1269.9280238633037,1246.3223515830243,1261.4119873046875,14117603
2025-01-17 00:00:00+05:30,1316.9900509904955,1320.7251333812799,1279.888232575373,1297.169189453125,29366277
2025-01-20 00:00:00+05:30,1310.764916385877,1310.764916385877,1295.0775703121099,1300.2568359375,14040244
2025-01-21 00:00:00+05:30,1305.2868371165837,1307.776892128252,1265.1471016946018,1268.6331787109375,14562976
2025-01-22 00:00:00+05:30,1273.2149526536994,1277.7966294698952,1263.6530443254642,1272.0196533203125,10273590
2025-01-23 00:00:00+05:30,1264.9478840486133,1272.2686211078578,1256.581275301743,1258.6231689453125,8720682
2025-01-24 00:00:00+05:30,1260.9638702056575,1267.9360243063209,1238.5533748820974,1241.34228515625,14235970
2025-01-27 00:00:00+05:30,1234.1708090151494,1235.515414368934,1215.1468135462453,1224.4595947265625,9536019
2025-01-28 00:00:00+05:30,1233.0752790316255,1239.7984277662488,1213.6528493538253,1229.4896240234375,10568025
2025-01-29 00:00:00+05:30,1231.0832160878692,1237.8063647194172,1223.1648896668228,1230.585205078125,5928156
2025-01-30 00:00:00+05:30,1230.635044492625,1251.9996679975989,1227.497550840604,1248.0654296875,9269259
2025-01-31 00:00:00+05:30,1250.8541794958078,1261.9598488917904,1244.0314532484974,1260.0673828125,6584612
2025-02-01 00:00:00+05:30,1260.0673469134033,1265.495739501575,1236.0632421918099,1259.5693359375,7118453
2025-02-03 00:00:00+05:30,1246.0235355947286,1251.003645649064,1232.6270881824535,1240.94384765625,9252345
2025-02-04 00:00:00+05:30,1243.0852829885687,1283.6731787459128,1241.6409781641657,1280.08740234375,16691069
2025-02-05 00:00:00+05:30,1277.5476050956522,1285.366353249074,1271.6212014188793,1273.115234375,10112028
2025-02-06 00:00:00+05:30,1268.6331564996678,1282.8763195509282,1265.2965071593937,1276.4520263671875,9956001
2025-02-07 00:00:00+05:30,1271.073491533156,1278.5933846345008,1256.979756005846,1261.6610107421875,8764283
2025-02-10 00:00:00+05:30,1259.469777897567,1261.461821832557,1240.5952102474196,1248.6629638671875,6970972
2025-02-11 00:00:00+05:30,1259.5196705337273,1259.5196705337273,1225.2066396338644,1229.937744140625,8859714
2025-02-12 00:00:00+05:30,1214.5989377224967,1222.0193743195214,1188.6027887286011,1211.7105712890625,21131654
2025-02-13 00:00:00+05:30,1212.2086229517822,1223.1150152108587,1207.1786632211406,1211.2623291015625,8511216
2025-02-14 00:00:00+05:30,1214.1507532507958,1219.1308629852126,1200.6546072366423,1212.40771484375,10298145
2025-02-17 00:00:00+05:30,1206.2821918357026,1222.6169765728448,1199.7084711054922,1220.02734375,8166683
2025-02-18 00:00:00+05:30,1219.9775298877432,1225.0074896525716,1211.2623373341316,1220.525390625,6673250
2025-02-19 00:00:00+05:30,1214.6488125132394,1227.8461038341088,1212.706618273488,1222.567138671875,6217338
2025-02-20 00:00:00+05:30,1219.0810452834291,1234.4198079853766,1217.1388510698625,1228.0950927734375,7795582
2025-02-21 00:00:00+05:30,1223.8121434284387,1235.0672403005465,1217.2882724889691,1223.264404296875,6904025
2025-02-24 00:00:00+05:30,1211.7105497558396,1218.3838481751116,1205.68456833515,1209.718505859375,7172498
2025-02-25 00:00:00+05:30,1206.1826029932777,1216.1428226711741,1196.7203942992758,1199.21044921875,11552182
2025-02-27 00:00:00+05:30,1207.975493883109,1210.166693583284,1195.8738026303336,1202.298095703125,11509215
2025-02-28 00:00:00+05:30,1197.218393771922,1212.5073065135477,1188.5530513693543,1195.325927734375,23007298
2025-03-03 00:00:00+05:30,1199.2104168056296,1201.6506219268736,1151.4013636439433,1166.5906982421875,17944938
2025-03-04 00:00:00+05:30,1157.576687742468,1169.3297956512124,1154.9373267832577,1157.2779541015625,11377373
2025-03-05 00:00:00+05:30,1156.3815647449799,1178.2940491759787,1152.3974766666165,1170.9234619140625,8664095
2025-03-06 00:00:00+05:30,1192.2383549047067,1209.1208794668382,1180.4355183146993,1204.7882080078125,14468014
2025-03-07 00:00:00+05:30,1211.1627762331514,1249.8084792402678,1207.178688153437,1244.828369140625,16474965
2025-03-10 00:00:00+05:30,1240.0473535020744,1252.9956391209716,1230.4855669004469,1233.4736328125,11931051
2025-03-11 00:00:00+05:30,1235.0672477916657,1244.5294565449083,1224.858022557904,1242.3382568359375,10089838
2025-03-12 00:00:00+05:30,1252.995610693361,1257.9757204337955,1239.0513034201438,1252.0494384765625,11977555
2025-03-13 00:00:00+05:30,1255.0376050433522,1259.1212710412995,1238.901975238559,1242.9359130859375,9505270
2025-03-17 00:00:00+05:30,1237.208673957254,1252.3980085038181,1228.1946267891797,1233.9217529296875,16640917
2025-03-18 00:00:00+05:30,1233.9217529296875,1233.9217529296875,1233.9217529296875,1233.9217529296875,0
2025-03-19 00:00:00+05:30,1236.113132982547,1248.2645525643281,1233.8720835165427,1242.1888427734375,16162399
2025-03-20 00:00:00+05:30,1246.8700894970418,1267.9359786597456,1245.0773228865291,1264.101318359375,15971477
2025-03-21 00:00:00+05:30,1269.927977701306,1275.9041093610767,1265.0474458622177,1271.2725830078125,21780769
2025-03-24 00:00:00+05:30,1285.86434660882,1300.8046759652354,1279.141198398433,1296.920166015625,20299319
2025-03-25 00:00:00+05:30,1302.497915186312,1302.497915186312,1277.4977874103538,1280.33642578125,13713899
2025-03-26 00:00:00+05:30,1285.8643858858131,1288.6532960847499,1263.7028966635362,1267.98583984375,12074747
2025-03-27 00:00:00+05:30,1273.0655062272906,1279.8882324099652,1266.242780044616,1273.115234375,15028056
2025-03-28 00:00:00+05:30,1274.9081198538831,1290.5954658598978,1263.9518781988888,1270.027587890625,18147129
2025-04-01 00:00:00+05:30,1259.5693287834792,1272.8164693011493,1244.330265958221,1247.6170654296875,12099648
2025-04-02 00:00:00+05:30,1242.5873186806543,1250.5554948342144,1238.9518139936486,1246.1729736328125,10142590
2025-04-03 00:00:00+05:30,1228.145018441354,1246.8204315907722,1228.145018441354,1243.732666015625,7434366
2025-04-04 00:00:00+05:30,1236.1628160172713,1240.4954871764826,1188.4036122186155,1199.9075927734375,17908652
2025-04-07 00:00:00+05:30,1127.6960086529814,1166.590714623955,1110.415052053189,1161.062744140625,22156106
2025-04-08 00:00:00+05:30,1167.3378163352843,1191.8399338970503,1158.6724733291408,1177.4971923828125,19555040
2025-04-09 00:00:00+05:30,1164.8477193030515,1185.0670143686195,1163.3536863154889,1180.6346435546875,10223104
2025-04-11 00:00:00+05:30,1190.3957018139643,1217.786306450343,1190.3957018139643,1214.1009521484375,11224242
2025-04-15 00:00:00+05:30,1246.0235343416643,1246.0235343416643,1232.1788040875913,1235.1668701171875,13378535
2025-04-16 00:00:00+05:30,1229.1907298200806,1235.9637280756608,1224.1110419207541,1234.3701171875,8248464
2025-04-17 00:00:00+05:30,1235.266450081142,1275.1073305428426,1222.7165970526498,1269.4300537109375,15398401
2025-04-21 00:00:00+05:30,1264.947875835223,1295.7249783909904,1261.9598099867933,1290.346435546875,10429964
2025-04-22 00:00:00+05:30,1294.8286411452223,1298.713151385602,1281.1831879455033,1286.0635986328125,13051707
2025-04-23 00:00:00+05:30,1291.840547250601,1300.8047453425481,1280.286716249035,1294.82861328125,10480888
2025-04-24 00:00:00+05:30,1287.2588872304611,1299.3107293954529,1285.1672652984741,1296.4222412109375,10468940
2025-04-25 00:00:00+05:30,1298.3146947064158,1319.928323767296,1282.9759313802824,1295.22705078125,14431012
2025-04-28 00:00:00+05:30,1334.669497851195,1369.1318351951852,1314.9482133535364,1363.35498046875,31104496
2025-04-29 00:00:00+05:30,1365.5461749701867,1405.2874774645995,1364.5501529607263,1394.1319580078125,32538970
2025-04-30 00:00:00+05:30,1396.4228227174156,1406.7814756764847,1363.5540972183608,1399.410888671875,25480745
2025-05-02 00:00:00+05:30,1408.3751233126775,1421.024554216323,1403.4945911426703,1414.152099609375,13007841
2025-05-05 00:00:00+05:30,1425.3074680112338,1433.773654928142,1421.2238021682567,1425.6063232421875,12685649
2025-05-06 00:00:00+05:30,1425.3074785225756,1426.3035005201455,1404.9886054552057,1415.2476806640625,14084117
2025-05-07 00:00:00+05:30,1415.2476117092147,1418.733688530858,1397.1199392858432,1400.4068603515625,13440169
2025-05-08 00:00:00+05:30,1398.51446598441,1415.1481063364454,1392.438756100913,1401.4029541015625,16106175
2025-05-09 00:00:00+05:30,1379.9884666950659,1389.251519832932,1369.032224808638,1371.721435546875,13668904
2025-05-12 00:00:00+05:30,1394.430721507353,1433.275577320772,1394.430721507353,1430.7855224609375,10674081
2025-05-13 00:00:00+05:30,1427.7974767909468,1441.9409399606418,1406.7814377941193,1410.0682373046875,11407896
2025-05-14 00:00:00+05:30,1414.3512435205853,1424.2118856620737,1409.8691445094285,1418.7337646484375,5570160
2025-05-15 00:00:00+05:30,1419.3313670179805,1455.5865925696291,1407.0802476372012,1448.4151611328125,20177211
2025-05-16 00:00:00+05:30,1447.4191020051853,1455.1881221330052,1441.542669553187,1450.6064453125,9036695
2025-05-19 00:00:00+05:30,1446.3234565863577,1448.81351147394,1432.4787270944578,1435.0684814453125,6195791
2025-05-20 00:00:00+05:30,1432.4787356808251,1439.2517336495314,1416.1440727881434,1418.932861328125,11270560
2025-05-21 00:00:00+05:30,1418.235682967954,1430.486680037078,1412.458707007589,1423.5145263671875,6136364
2025-05-22 00:00:00+05:30,1415.5464438973825,1418.1361984129633,1391.3431818014155,1403.79345703125,12134466
2025-05-23 00:00:00+05:30,1401.0045498118507,1428.0964217220903,1401.0045498118507,1421.124267578125,6474883
2025-05-26 00:00:00+05:30,1426.3034970063507,1435.2676949623963,1419.430920923106,1429.0924072265625,4842944
2025-05-27 00:00:00+05:30,1420.4269591196573,1431.2836233071982,1408.275539274527,1416.44287109375,12640414
2025-05-28 00:00:00+05:30,1414.4508509493858,1416.9409060075968,1405.0882196135674,1407.279541015625,5944611
2025-05-29 00:00:00+05:30,1406.4826358531975,1414.3512339364067,1402.996558868143,1412.1600341796875,13771917
2025-05-30 00:00:00+05:30,1412.3591925541664,1424.9090454066043,1404.0921613404494,1415.2476806640625,13788484
2025-06-02 00:00:00+05:30,1406.4826830156508,1411.8612262898896,1390.0483195350275,1408.0762939453125,8098668
2025-06-03 00:00:00+05:30,1416.6421539546416,1420.8253977642241,1397.8173136420837,1399.908935546875,11252626
2025-06-04 00:00:00+05:30,1409.0722382665938,1420.0284799827916,1400.506473605418,1417.8372802734375,8126827
2025-06-05 00:00:00+05:30,1422.3193687346825,1448.913106617055,1417.9368477633755,1436.662109375,13716817
2025-06-06 00:00:00+05:30,1435.2676355449807,1445.7258660607492,1431.28354772945,1437.7576904296875,8182161
2025-06-09 00:00:00+05:30,1451.204075048637,1451.70208605586,1439.5506661134996,1443.0367431640625,7885125
2025-06-10 00:00:00+05:30,1444.2318404180787,1448.1163503747662,1430.2875329933524,1432.777587890625,7913181
2025-06-11 00:00:00+05:30,1440.0485867347081,1462.7578142878924,1437.3592545136698,1443.13623046875,8195700
2025-06-12 00:00:00+05:30,1447.7179200254843,1451.2039968882907,1428.6939248911115,1435.865234375,8828114
2025-06-13 00:00:00+05:30,1418.335338487147,1429.7895915718395,1408.6739736495979,1422.2198486328125,9757276
2025-06-16 00:00:00+05:30,1421.223780491138,1436.6621211041454,1418.7337255535563,1432.0804443359375,8458093
2025-06-17 00:00:00+05:30,1442.2398094911548,1442.2398094911548,1420.12817043809,1425.506591796875,10366599
2025-06-18 00:00:00+05:30,1424.3114328610282,1437.0605628519918,1420.028489708749,1424.4110107421875,6681735
2025-06-19 00:00:00+05:30,1424.4110453044384,1434.1721095891817,1420.0285241646616,1427.598388671875,10007230
2025-06-20 00:00:00+05:30,1425.3075053013417,1465.148385952672,1422.4190171371765,1460.367431640625,29010635
2025-06-23 00:00:00+05:30,1447.2199506188397,1457.9770367383994,1436.2637087352834,1451.0048828125,5989078
2025-06-24 00:00:00+05:30,1459.1721495093714,1469.1323689599471,1437.359244595668,1445.0286865234375,16402744
2025-06-25 00:00:00+05:30,1458.1762135192969,1466.5428226679085,1454.690136506102,1461.463134765625,7525851
2025-06-26 00:00:00+05:30,1463.2558362824063,1492.8377614283193,1459.2717484446844,1489.3516845703125,14657893
2025-06-27 00:00:00+05:30,1493.4353527246628,1515.9454247275912,1490.9452978220222,1509.3717041015625,11117052
2025-06-30 00:00:00+05:30,1507.7781788170053,1518.734421010171,1490.0489382705405,1494.630615234375,8409527
2025-07-01 00:00:00+05:30,1494.630607775488,1525.3081343971446,1494.132596769193,1522.320068359375,10368523
2025-07-02 00:00:00+05:30,1522.3200879079554,1523.9136988316197,1502.6983810571346,1512.75830078125,6361002
2025-07-03 00:00:00+05:30,1514.7502729656235,1525.8060926058627,1506.9812529023668,1511.76220703125,11283291
2025-07-04 00:00:00+05:30,1517.9375659885409,1523.913698138102,1511.1645675851503,1521.2244873046875,6603501
2025-07-07 00:00:00+05:30,1520.5271677380254,1538.65484117058,1518.933556847784,1535.367919921875,7251074
2025-07-08 00:00:00+05:30,1529.8897875590692,1538.7544076502807,1524.1128113419518,1531.4833984375,7171261
2025-07-09 00:00:00+05:30,1530.586937987722,1544.8301010282516,1504.0927774643353,1512.9573974609375,8870660
2025-07-10 00:00:00+05:30,1513.654605815878,1518.6347158851345,1501.5031858807802,1511.16455078125,10047129
2025-07-11 00:00:00+05:30,1505.9852937598653,1508.9733598189127,1484.3716645666439,1489.2520751953125,7234991
2025-07-14 00:00:00+05:30,1486.263916129696,1494.0329360309418,1473.2160528053016,1477.7977294921875,10311846
2025-07-15 00:00:00+05:30,1480.2878335086834,1490.5469086437597,1476.503022895967,1479.4910888671875,8132454
2025-07-16 00:00:00+05:30,1467.1403332858122,1485.068728397248,1465.6463003598592,1479.690185546875,10409983
2025-07-17 00:00:00+05:30,1481.4830970988435,1483.674296790977,1468.0368005528198,1470.52685546875,11854613
2025-07-18 00:00:00+05:30,1478.8934598804974,1478.8934598804974,1463.2558421043927,1470.12841796875,10296318
2025-07-21 00:00:00+05:30,1459.1722169809668,1470.128458883213,1417.4388712363768,1422.9169921875,22442744
2025-07-22 00:00:00+05:30,1421.721828538219,1426.2039275426996,1405.0881881707605,1407.179931640625,20396320
2025-07-23 00:00:00+05:30,1420.3273163904719,1420.3273163904719,1408.7734859597779,1418.932861328125,8354596
2025-07-24 00:00:00+05:30,1413.554298653669,1417.3392306864348,1390.4466381154343,1397.3192138671875,14740507
2025-07-25 00:00:00+05:30,1393.3351272649268,1395.4267490386208,1378.593953801798,1386.1636962890625,11854722
2025-07-28 00:00:00+05:30,1386.7614543919697,1402.199795115413,1379.490445288333,1382.080078125,7748361
2025-07-29 00:00:00+05:30,1377.4984422704579,1414.550412474214,1377.4984422704579,1411.4627685546875,10750072
2025-07-30 00:00:00+05:30,1412.458776601272,1417.6381639620695,1395.7256799199,1404.4906005859375,7209849
2025-07-31 00:00:00+05:30,1382.5780559389787,1397.0203743336986,1376.7015020683227,1384.669677734375,17065827
2025-08-01 00:00:00+05:30,1381.3828853186424,1400.3073026227253,1378.7932525308158,1388.15576171875,10321171
2025-08-04 00:00:00+05:30,1389.5502251510159,1410.466686507784,1386.1637261382157,1405.885009765625,6312820
2025-08-05 00:00:00+05:30,1405.38696851784,1405.38696851784,1382.5780415934858,1386.1636962890625,9315972
2025-08-06 00:00:00+05:30,1386.3630773472378,1390.3471654369864,1377.797312271222,1387.259521484375,5834312
2025-08-07 00:00:00+05:30,1382.1796145349972,1388.1557462486337,1360.5659868045632,1383.8729248046875,9976705
2025-08-08 00:00:00+05:30,1379.4904158119157,1391.6418351007062,1359.569976594415,1362.35888671875,8793606
2025-08-11 00:00:00+05:30,1364.5501609316866,1382.4785572067015,1355.7851185633474,1380.6856689453125,9997486
2025-08-12 00:00:00+05:30,1376.4028464986861,1396.3232867936674,1369.7294260490362,1374.9088134765625,12244664
2025-08-13 00:00:00+05:30,1382.4785186353236,1386.2634508216695,1372.0202877666845,1377.0999755859375,7457021
2025-08-14 00:00:00+05:30,1377.300048828125,1380.699951171875,1370.0999755859375,1373.800048828125,7126128
2025-08-18 00:00:00+05:30,1390.0,1394.9000244140625,1377.0,1381.699951171875,11785109
2025-08-19 00:00:00+05:30,1390.0,1421.0,1389.0999755859375,1420.0999755859375,14384719
2025-08-20 00:00:00+05:30,1413.0,1424.9000244140625,1410.0,1413.0,8725641
2025-08-21 00:00:00+05:30,1425.0,1431.9000244140625,1420.300048828125,1424.800048828125,11021323
2025-08-22 00:00:00+05:30,1420.0,1423.4000244140625,1407.9000244140625,1409.199951171875,5818868
2025-08-25 00:00:00+05:30,1414.699951171875,1419.5,1405.699951171875,1412.5999755859375,5979407
2025-08-26 00:00:00+05:30,1408.0,1410.0,1381.5999755859375,1384.9000244140625,12145259
2025-08-28 00:00:00+05:30,1389.9000244140625,1392.199951171875,1366.5,1385.9000244140625,13161813
2025-08-29 00:00:00+05:30,1381.0999755859375,1403.5,1350.0,1357.199951171875,18758842
2025-09-01 00:00:00+05:30,1356.0,1363.199951171875,1340.5999755859375,1353.9000244140625,11232238
2025-09-02 00:00:00+05:30,1354.800048828125,1384.5,1354.5,1366.5,11517006
2025-09-03 00:00:00+05:30,1369.699951171875,1376.5,1360.5,1372.5999755859375,7847563
2025-09-04 00:00:00+05:30,1371.800048828125,1374.0,1357.0999755859375,1359.300048828125,13223177
2025-09-05 00:00:00+05:30,1363.0,1381.0,1359.300048828125,1375.0,5777575
2025-09-08 00:00:00+05:30,1380.0,1386.0,1372.4000244140625,1378.5,6986720
2025-09-09 00:00:00+05:30,1376.5999755859375,1381.199951171875,1368.699951171875,1376.199951171875,9754452
2025-09-10 00:00:00+05:30,1383.9000244140625,1388.5,1374.0999755859375,1377.0,7790815
2025-09-11 00:00:00+05:30,1376.0,1385.5,1375.0,1383.300048828125,9766072
2025-09-12 00:00:00+05:30,1383.300048828125,1396.300048828125,1380.5,1395.0,7403368
2025-09-15 00:00:00+05:30,1393.0,1400.800048828125,1388.5999755859375,1399.300048828125,5396697
2025-09-16 00:00:00+05:30,1404.699951171875,1408.0,1398.199951171875,1405.300048828125,8686961
2025-09-17 00:00:00+05:30,1407.0,1416.199951171875,1406.9000244140625,1413.800048828125,7519417
2025-09-18 00:00:00+05:30,1420.4000244140625,1422.0,1410.699951171875,1415.0,9332642
2025-09-19 00:00:00+05:30,1414.9000244140625,1417.0,1403.5999755859375,1407.4000244140625,13461373
2025-09-22 00:00:00+05:30,1403.9000244140625,1410.699951171875,1388.0,1390.5999755859375,7757970
2025-09-23 00:00:00+05:30,1391.0,1395.0,1376.800048828125,1389.800048828125,14014702
2025-09-24 00:00:00+05:30,1385.300048828125,1396.0,1380.4000244140625,1383.0,5922759
2025-09-25 00:00:00+05:30,1381.300048828125,1384.5,1369.0,1372.4000244140625,11411143
2025-09-26 00:00:00+05:30,1372.0,1382.699951171875,1366.0,1377.5999755859375,9879109
2025-09-29 00:00:00+05:30,1381.5999755859375,1389.0,1368.0,1372.800048828125,14231999
2025-09-30 00:00:00+05:30,1377.0999755859375,1377.0999755859375,1362.800048828125,1364.0,14604684
2025-10-01 00:00:00+05:30,1367.0,1378.5999755859375,1362.699951171875,1368.699951171875,12045916
2025-10-03 00:00:00+05:30,1363.199951171875,1371.5999755859375,1356.9000244140625,1363.4000244140625,12842347
2025-10-06 00:00:00+05:30,1360.0,1377.4000244140625,1359.0,1375.0,12396580
2025-10-07 00:00:00+05:30,1376.0,1395.9000244140625,1375.9000244140625,1384.800048828125,11244040
2025-10-08 00:00:00+05:30,1384.800048828125,1389.0,1364.5,1367.4000244140625,8525081
2025-10-09 00:00:00+05:30,1374.0,1380.0,1369.0999755859375,1377.800048828125,8826633
2025-10-10 00:00:00+05:30,1377.800048828125,1388.0,1375.0999755859375,1381.699951171875,6373084
2025-10-13 00:00:00+05:30,1376.9000244140625,1377.699951171875,1367.800048828125,1375.0,7600682
2025-10-14 00:00:00+05:30,1380.0,1388.0,1370.0999755859375,1375.9000244140625,9768174
2025-10-15 00:00:00+05:30,1383.0,1384.0,1372.699951171875,1374.300048828125,10882743
2025-10-16 00:00:00+05:30,1375.0999755859375,1400.5,1375.0,1398.300048828125,12315932
2025-10-17 00:00:00+05:30,1401.0,1423.300048828125,1399.0999755859375,1416.800048828125,19335561
2025-10-20 00:00:00+05:30,1440.0,1473.800048828125,1433.300048828125,1466.800048828125,24721978
2025-10-21 00:00:00+05:30,1468.0,1474.0,1460.0,1465.199951171875,2066169
2025-10-23 00:00:00+05:30,1475.0,1482.9000244140625,1444.5999755859375,1448.4000244140625,18707090
2025-10-24 00:00:00+05:30,1450.0,1459.800048828125,1441.0,1451.5999755859375,9700837
2025-10-27 00:00:00+05:30,1463.0,1485.0,1458.0,1484.0999755859375,14113867
2025-10-28 00:00:00+05:30,1484.0999755859375,1492.0,1477.5999755859375,1486.9000244140625,17631577
2025-10-29 00:00:00+05:30,1490.0,1508.300048828125,1488.0999755859375,1504.199951171875,11884745
2025-10-30 00:00:00+05:30,1500.0,1503.0999755859375,1484.0,1488.5,9318663
2025-10-31 00:00:00+05:30,1490.4000244140625,1497.5,1482.300048828125,1486.4000244140625,8758053
2025-11-03 00:00:00+05:30,1486.0,1495.0,1479.300048828125,1484.699951171875,8452085
2025-11-04 00:00:00+05:30,1483.9000244140625,1492.800048828125,1470.0999755859375,1473.0999755859375,10007806
2025-11-06 00:00:00+05:30,1484.0,1501.5999755859375,1476.199951171875,1496.0999755859375,16772678
2025-11-07 00:00:00+05:30,1494.5999755859375,1498.4000244140625,1475.9000244140625,1478.0,7821765
2025-11-10 00:00:00+05:30,1477.9000244140625,1501.0,1475.5,1489.300048828125,7068438
2025-11-11 00:00:00+05:30,1497.0,1498.800048828125,1480.199951171875,1493.4000244140625,7127506
2025-11-12 00:00:00+05:30,1505.0,1524.699951171875,1500.0,1511.5,12384459
2025-11-13 00:00:00+05:30,1515.0,1522.0999755859375,1506.800048828125,1510.9000244140625,7196443
2025-11-14 00:00:00+05:30,1505.5,1520.9000244140625,1505.5,1518.9000244140625,7682823
2025-11-17 00:00:00+05:30,1520.9000244140625,1523.699951171875,1511.5,1518.300048828125,5871416
2025-11-18 00:00:00+05:30,1521.699951171875,1527.800048828125,1510.5,1519.4000244140625,11045042
2025-11-19 00:00:00+05:30,1517.4000244140625,1522.300048828125,1512.0,1518.9000244140625,5692366
2025-11-20 00:00:00+05:30,1530.0,1550.9000244140625,1526.699951171875,1549.0999755859375,18171724
2025-11-21 00:00:00+05:30,1541.0,1557.800048828125,1540.0999755859375,1546.5999755859375,9615271
2025-11-24 00:00:00+05:30,1550.0,1550.0,1531.800048828125,1535.9000244140625,18433951
2025-11-25 00:00:00+05:30,1535.9000244140625,1559.5999755859375,1525.0999755859375,1539.699951171875,15033482
2025-11-26 00:00:00+05:30,1542.300048828125,1571.5999755859375,1540.5,1569.9000244140625,14054299
2025-11-27 00:00:00+05:30,1575.0,1575.5,1556.0,1563.4000244140625,9794643
2025-11-28 00:00:00+05:30,1568.0,1581.300048828125,1563.0,1567.5,8959508
2025-12-01 00:00:00+05:30,1575.0,1577.5,1563.5999755859375,1566.0999755859375,8920233
2025-12-02 00:00:00+05:30,1561.0999755859375,1567.5,1542.0,1546.300048828125,11389150
2025-12-03 00:00:00+05:30,1545.199951171875,1552.4000244140625,1533.0,1538.800048828125,6090883
2025-12-04 00:00:00+05:30,1536.0,1560.5,1517.5999755859375,1535.5999755859375,11867930
2025-12-05 00:00:00+05:30,1530.4000244140625,1545.800048828125,1520.5999755859375,1540.5999755859375,10183266
2025-12-08 00:00:00+05:30,1539.199951171875,1551.0,1535.0,1543.0,11301491
2025-12-09 00:00:00+05:30,1540.300048828125,1542.5,1520.0999755859375,1529.4000244140625,11503971
2025-12-10 00:00:00+05:30,1534.0,1547.5,1531.4000244140625,1536.9000244140625,7991629
2025-12-11 00:00:00+05:30,1536.9000244140625,1550.0,1524.0,1545.0,4706197
2025-12-12 00:00:00+05:30,1550.800048828125,1559.800048828125,1546.0999755859375,1556.5,5106655
2025-12-15 00:00:00+05:30,1551.199951171875,1558.5999755859375,1546.5,1556.199951171875,5774543
2025-12-16 00:00:00+05:30,1545.0,1551.699951171875,1538.800048828125,1542.300048828125,11731856
2025-12-17 00:00:00+05:30,1550.0,1550.0,1539.300048828125,1544.4000244140625,7116649
2025-12-18 00:00:00+05:30,1535.199951171875,1551.5,1535.199951171875,1544.4000244140625,6580829
2025-12-19 00:00:00+05:30,1554.4000244140625,1574.199951171875,1551.0,1565.0999755859375,13937275
2025-12-22 00:00:00+05:30,1573.5,1577.5,1565.300048828125,1575.4000244140625,10184852
2025-12-23 00:00:00+05:30,1580.9000244140625,1580.9000244140625,1568.0999755859375,1570.699951171875,7506564
2025-12-24 00:00:00+05:30,1572.699951171875,1575.699951171875,1553.5999755859375,1558.199951171875,8815745
2025-12-26 00:00:00+05:30,1554.699951171875,1561.0,1554.300048828125,1559.199951171875,2311495
2025-12-29 00:00:00+05:30,1554.9000244140625,1558.0999755859375,1543.5999755859375,1545.5999755859375,5972105
2025-12-30 00:00:00+05:30,1547.0,1553.5999755859375,1537.800048828125,1539.800048828125,8815884
2025-12-31 00:00:00+05:30,1541.0,1577.0,1541.0,1570.4000244140625,5771830
2026-01-01 00:00:00+05:30,1573.699951171875,1592.5,1571.0999755859375,1575.5999755859375,6408128
2026-01-02 00:00:00+05:30,1580.0,1594.5999755859375,1578.199951171875,1592.300048828125,6602230
2026-01-05 00:00:00+05:30,1593.0,1611.800048828125,1575.300048828125,1578.0999755859375,8704973
2026-01-06 00:00:00+05:30,1569.0,1569.0,1496.300048828125,1507.5999755859375,27417125
2026-01-07 00:00:00+05:30,1510.0,1520.0,1498.0,1504.199951171875,11199340
2026-01-08 00:00:00+05:30,1500.0,1503.9000244140625,1468.800048828125,1470.5999755859375,16518684
2026-01-09 00:00:00+05:30,1465.0,1479.9000244140625,1465.0,1475.300048828125,8335311
2026-01-12 00:00:00+05:30,1475.300048828125,1485.300048828125,1451.0,1483.199951171875,8883745
2026-01-13 00:00:00+05:30,1485.0,1485.800048828125,1444.699951171875,1452.800048828125,13499760
2026-01-14 00:00:00+05:30,1444.0,1467.0,1440.199951171875,1458.800048828125,8321764
2026-01-15 00:00:00+05:30,1458.800048828125,1458.800048828125,1458.800048828125,1458.800048828125,0
2026-01-16 00:00:00+05:30,1458.800048828125,1480.0,1455.0999755859375,1457.9000244140625,17167161
2026-01-19 00:00:00+05:30,1450.5999755859375,1450.5999755859375,1403.300048828125,1413.5999755859375,20392765
2026-01-20 00:00:00+05:30,1410.699951171875,1416.0,1390.0,1394.0,13189498
2026-01-21 00:00:00+05:30,1389.5,1412.9000244140625,1373.0,1404.5999755859375,17352720
2026-01-22 00:00:00+05:30,1410.0999755859375,1419.5,1395.0,1402.5,15721693
2026-01-23 00:00:00+05:30,1401.800048828125,1407.0,1381.0,1386.0999755859375,9837802
2026-01-27 00:00:00+05:30,1380.0,1391.5999755859375,1368.0,1380.5,26302396
2026-01-28 00:00:00+05:30,1385.0,1409.9000244140625,1384.9000244140625,1396.699951171875,11121657
2026-01-29 00:00:00+05:30,1402.9000244140625,1402.9000244140625,1384.0,1391.0,20846683
2026-01-30 00:00:00+05:30,1382.5999755859375,1398.0,1378.5,1395.4000244140625,11239835
2026-02-02 00:00:00+05:30,1340.0,1392.9000244140625,1335.5,1390.4000244140625,15711165
2026-02-03 00:00:00+05:30,1473.9000244140625,1489.5,1430.199951171875,1437.0999755859375,25456171
2026-02-04 00:00:00+05:30,1444.0,1464.0,1440.300048828125,1456.800048828125,8333387
2026-02-05 00:00:00+05:30,1457.0,1461.5,1439.5,1443.4000244140625,11763658
2026-02-06 00:00:00+05:30,1441.5,1452.800048828125,1433.5,1450.800048828125,8277304
2026-02-09 00:00:00+05:30,1458.0,1465.9000244140625,1453.0,1461.5999755859375,5775864
2026-02-10 00:00:00+05:30,1471.0,1471.0,1452.199951171875,1458.5,10259630
2026-02-11 00:00:00+05:30,1459.5999755859375,1470.0,1453.5999755859375,1468.699951171875,7106877
2026-02-12 00:00:00+05:30,1470.0,1473.0,1445.5,1448.9000244140625,11135399
2026-02-13 00:00:00+05:30,1445.5,1450.699951171875,1416.300048828125,1419.5999755859375,10755693
2026-02-16 00:00:00+05:30,1420.0999755859375,1439.5999755859375,1409.300048828125,1437.0999755859375,5896514
2026-02-17 00:00:00+05:30,1431.0999755859375,1431.800048828125,1418.5999755859375,1423.0,10731630
2026-02-18 00:00:00+05:30,1427.0,1442.0999755859375,1419.199951171875,1441.300048828125,5521096
2026-02-19 00:00:00+05:30,1443.0,1443.0,1400.0,1409.5,11884664
2026-02-20 00:00:00+05:30,1409.5,1427.4000244140625,1406.0999755859375,1419.4000244140625,8177670
2026-02-23 00:00:00+05:30,1425.0,1434.9000244140625,1418.300048828125,1428.0,7758856
2026-02-24 00:00:00+05:30,1425.300048828125,1433.300048828125,1415.0,1428.800048828125,12529409
2026-02-25 00:00:00+05:30,1435.0,1440.5,1393.5,1398.5,10728792
2026-02-26 00:00:00+05:30,1398.5,1412.9000244140625,1391.9000244140625,1406.800048828125,16683858
2026-02-27 00:00:00+05:30,1398.0,1410.4000244140625,1388.0999755859375,1393.9000244140625,12031440
2026-03-02 00:00:00+05:30,1375.5,1378.5999755859375,1341.5,1358.0,23728722
2026-03-04 00:00:00+05:30,1330.0,1352.800048828125,1307.0,1345.0,32495007
2026-03-05 00:00:00+05:30,1353.0999755859375,1399.0,1353.0999755859375,1389.4000244140625,25957532
2026-03-06 00:00:00+05:30,1396.5,1424.300048828125,1390.300048828125,1404.800048828125,19311971
2026-03-09 00:00:00+05:30,1375.0,1429.4000244140625,1370.0,1424.0,24870822
2026-03-10 00:00:00+05:30,1430.5999755859375,1431.5,1400.5999755859375,1408.800048828125,18071259
2026-03-11 00:00:00+05:30,1424.9000244140625,1434.0,1383.5999755859375,1390.199951171875,21848087
2026-03-12 00:00:00+05:30,1390.0,1410.9000244140625,1381.0999755859375,1392.199951171875,20939959
2026-03-13 00:00:00+05:30,1385.199951171875,1400.800048828125,1378.4000244140625,1380.699951171875,17265090
2026-03-16 00:00:00+05:30,1380.0,1397.300048828125,1363.5,1395.0999755859375,22837802
2026-03-17 00:00:00+05:30,1399.0,1405.9000244140625,1388.199951171875,1397.5999755859375,19007744
2026-03-18 00:00:00+05:30,1397.199951171875,1412.9000244140625,1397.199951171875,1408.0999755859375,9559327
2026-03-19 00:00:00+05:30,1388.0,1415.699951171875,1376.0999755859375,1384.800048828125,16498373
2026-03-20 00:00:00+05:30,1398.0,1430.0,1396.0999755859375,1414.4000244140625,22994918
2026-03-23 00:00:00+05:30,1400.0,1415.5999755859375,1391.0,1407.800048828125,18979554
2026-03-24 00:00:00+05:30,1420.0,1422.4000244140625,1406.5999755859375,1411.800048828125,18620893
2026-03-25 00:00:00+05:30,1420.0,1430.5,1408.4000244140625,1413.0999755859375,19041331
2026-03-27 00:00:00+05:30,1401.0,1404.699951171875,1345.0,1348.0999755859375,23266517
2026-03-30 00:00:00+05:30,1335.0,1365.0,1334.0999755859375,1343.9000244140625,24393861
2026-04-01 00:00:00+05:30,1384.199951171875,1384.4000244140625,1362.9000244140625,1369.199951171875,14404619
2026-04-02 00:00:00+05:30,1357.0,1358.199951171875,1328.0,1350.5,21280051
2026-04-06 00:00:00+05:30,1359.0,1359.0,1290.0,1304.699951171875,29274881
2026-04-07 00:00:00+05:30,1295.0,1308.300048828125,1291.0,1304.5999755859375,28388922
2026-04-08 00:00:00+05:30,1349.0,1350.5999755859375,1326.199951171875,1347.800048828125,21817543
2026-04-09 00:00:00+05:30,1346.0,1350.0,1326.300048828125,1330.0,20725390
2026-04-10 00:00:00+05:30,1337.0,1352.300048828125,1331.5,1350.199951171875,19364461
2026-04-13 00:00:00+05:30,1321.199951171875,1327.5999755859375,1310.0,1315.0999755859375,28753269
2026-04-15 00:00:00+05:30,1337.0,1347.0,1334.199951171875,1344.0999755859375,15313779
2026-04-16 00:00:00+05:30,1352.0,1353.800048828125,1330.0,1343.300048828125,30211012
2026-04-17 00:00:00+05:30,1340.0,1368.4000244140625,1340.0,1365.0,13869105
2026-04-20 00:00:00+05:30,1363.199951171875,1373.0,1352.800048828125,1363.300048828125,13614733
2026-04-21 00:00:00+05:30,1359.0,1369.800048828125,1350.0999755859375,1353.300048828125,27293629
2026-04-22 00:00:00+05:30,1350.300048828125,1366.0,1349.0999755859375,1362.0999755859375,9525953
2026-04-23 00:00:00+05:30,1346.0,1355.5,1340.699951171875,1343.4000244140625,16385079
2026-04-24 00:00:00+05:30,1340.0,1345.9000244140625,1325.0,1327.800048828125,11744802
2026-04-27 00:00:00+05:30,1313.0,1371.5999755859375,1311.0,1365.800048828125,24673098
2026-04-28 00:00:00+05:30,1358.0,1395.199951171875,1357.0,1388.9000244140625,41027699
2026-04-29 00:00:00+05:30,1392.0,1433.800048828125,1391.300048828125,1425.4000244140625,30542143
2026-04-30 00:00:00+05:30,1409.0,1437.0,1393.0999755859375,1430.800048828125,30957881
2026-05-01 00:00:00+05:30,1430.800048828125,1430.800048828125,1430.800048828125,1430.800048828125,0
2026-05-04 00:00:00+05:30,1433.4000244140625,1467.4000244140625,1433.4000244140625,1463.0999755859375,24035700
2026-05-05 00:00:00+05:30,1460.0,1473.4000244140625,1450.0,1463.5999755859375,23543341
2026-05-06 00:00:00+05:30,1463.0,1473.300048828125,1427.5,1437.9000244140625,14221786
2026-05-07 00:00:00+05:30,1438.800048828125,1449.5,1430.300048828125,1436.199951171875,19816903
2026-05-08 00:00:00+05:30,1426.0,1442.800048828125,1417.5,1435.199951171875,8663105
2026-05-11 00:00:00+05:30,1420.0,1428.0,1382.0,1388.199951171875,15261787
2026-05-12 00:00:00+05:30,1392.0,1393.5,1360.300048828125,1364.0,24357500
2026-05-13 00:00:00+05:30,1361.4000244140625,1372.4000244140625,1352.4000244140625,1358.800048828125,13797989
2026-05-14 00:00:00+05:30,1365.199951171875,1378.0,1358.4000244140625,1361.800048828125,17303059
2026-05-15 00:00:00+05:30,1356.800048828125,1364.800048828125,1329.199951171875,1336.4000244140625,19976192
2026-05-18 00:00:00+05:30,1334.0,1342.0,1318.699951171875,1335.9000244140625,13022473
2026-05-19 00:00:00+05:30,1338.699951171875,1344.0,1318.4000244140625,1322.699951171875,21665501
2026-05-20 00:00:00+05:30,1318.699951171875,1362.9000244140625,1312.5999755859375,1359.699951171875,13248515
2026-05-21 00:00:00+05:30,1367.199951171875,1370.9000244140625,1345.199951171875,1349.5999755859375,17150630
2026-05-22 00:00:00+05:30,1350.0,1367.4000244140625,1349.0999755859375,1354.5,7105813
2026-05-25 00:00:00+05:30,1366.800048828125,1371.0999755859375,1357.0,1367.0,6750071
2026-05-26 00:00:00+05:30,,,,,13766805
