Price,Close,High,Low,Open,Volume
Ticker,SBIN.NS,SBIN.NS,SBIN.NS,SBIN.NS,SBIN.NS
Date,,,,,
2010-01-04,188.69981384277344,189.42457275123326,187.36561000393723,187.36561000393723,11031470
2010-01-05,188.76979064941406,190.248124131934,187.78560059851998,190.0834096547254,11613740
2010-01-06,189.90223693847656,190.65993365490746,188.18917857514623,189.17747809366867,14527930
2010-01-07,188.8397979736328,190.24813384451951,187.86797371165193,189.91870487328424,8576510
2010-01-08,188.2756805419922,189.74578305739888,187.78564637018997,188.93042923115124,10453820
2010-01-11,186.72320556640625,190.47052009792878,186.39788594939313,189.17748552328848,14145340
2010-01-12,181.45225524902344,186.95379707805833,180.87573568908738,186.70671906193002,22917720
2010-01-13,179.203857421875,180.77690779046083,177.73787712487234,180.77690779046083,21719690
2010-01-14,177.6760711669922,181.10629640361736,176.70423454721714,180.2003606442008,20723990
2010-01-15,176.52308654785156,179.40974326453423,175.98362684172218,178.55322044228575,20611920
2010-01-18,177.59788513183594,179.79273382803032,176.47780892677156,179.12975387454296,19222170
2010-01-19,178.9732666015625,180.11804932732036,177.64729415803774,178.70148202491214,12277070
2010-01-20,177.8820343017578,180.08512703164845,177.28082067729645,179.8709868556316,16830720
2010-01-21,174.93768310546875,178.00142013988133,173.96584632489896,177.81198655227567,19265470
2010-01-22,171.91099548339844,173.48815504552502,169.08609272715844,172.9651831554373,27193180
2010-01-25,172.2610626220703,176.0001334485831,169.29202928684276,169.29202928684276,15378040
2010-01-27,163.6999053955078,170.3503531129398,162.3368729479818,169.6585445879605,38068910
2010-01-28,164.9846649169922,172.95285241671573,163.97578081804065,172.95285241671573,27952460
2010-01-29,169.37850952148438,170.26798291041354,161.0150040911541,163.89342990654345,46487190
2010-02-01,166.4671173095703,176.9060596468177,165.993558450272,176.9060596468177,22047160
2010-02-02,162.93394470214844,168.43960844001896,162.58802794178655,167.20423093472888,24086260
2010-02-03,164.61817932128906,166.02650268087154,163.35809523454256,163.5886980368942,30450710
2010-02-04,160.42613220214844,164.4452314139196,159.77550551839582,164.38758699311393,35357120
2010-02-05,157.10650634765625,159.77213573681104,154.23391823345375,159.77213573681104,26878830
2010-02-08,160.31436157226562,161.24567580585452,155.9351206451855,157.28862611723522,18885130
2010-02-09,161.45263671875,162.0900731175176,159.35821546884299,159.85492145287762,13836980
2010-02-10,158.2696075439453,163.08346933237559,156.87470780956943,163.08346933237559,19731930
2010-02-11,158.74978637695312,160.59999820171234,158.19928163181353,159.26718327837617,12427940
2010-02-15,156.8747100830078,159.3582147281214,156.15449777808738,159.3582147281214,13325010
2010-02-16,158.9939727783203,159.35822216434875,156.8747174033459,158.44759869927768,8070150
2010-02-17,161.99485778808594,162.46258649129487,159.5444737484216,160.1860406933277,13468360
2010-02-18,160.79864501953125,162.25562980092323,159.54860631786275,162.0817789253062,13103230
2010-02-19,157.7273712158203,160.1032531668856,156.46492813623325,159.35820686282722,15863020
2010-02-22,158.64215087890625,160.18606765463883,158.1288972365944,158.94431519219975,11528650
2010-02-23,158.27377319335938,160.14467571663755,157.83502166076863,158.52212621582342,10625770
2010-02-24,159.04782104492188,159.77217676861378,157.28867143024155,157.78537755062052,8173590
2010-02-25,158.4186248779297,159.77213034664598,157.5700865548061,159.35821291051477,21615960
2010-02-26,163.43942260742188,168.21603306033336,158.53036818331756,159.35820300411817,43215190
2010-03-02,164.46182250976562,166.47761119582083,163.43117205342926,164.78467763053115,19347350
2010-03-03,167.42135620117188,167.71109087428576,164.66466411471717,164.66466411471717,15843680
2010-03-04,168.27398681640625,169.26738607061975,166.56036268168862,167.47098603324247,14301070
2010-03-05,169.474365234375,170.45120437328086,167.31371559553585,169.29224054207756,12685070
2010-03-08,171.0265350341797,174.8801050968986,168.3070946286252,170.53397230750824,38664790
2010-03-09,169.25912475585938,172.0240902174437,168.26158221181086,168.26158221181086,14305280
2010-03-10,168.6506805419922,169.72272528834154,167.75247406166767,169.72272528834154,12767630
2010-03-11,169.35430908203125,169.93793415733816,167.08190649892157,168.878306577588,11979800
2010-03-12,169.5323028564453,170.75336438119925,168.76656568276908,169.04388329924694,12033430
2010-03-15,166.81703186035156,169.27157231726596,166.48590290202333,168.83695134873005,8997490
2010-03-16,166.87908935546875,167.6365526650935,165.36828068900735,166.9784254926636,12857170
2010-03-17,167.8269500732422,169.04386827318191,166.8625280627458,167.22677740582395,10777370
2010-03-18,168.0215301513672,169.74757170907807,166.43623166162183,168.05050740840477,14269070
2010-03-19,170.40565490722656,171.01825720482796,168.32365089671958,168.87829869525103,12889130
2010-03-22,168.9569549560547,170.02072577140456,166.39480508120403,167.64897437542638,11151560
2010-03-23,169.58612060546875,170.2566648759366,167.10675903875511,169.0438897382752,13650500
2010-03-25,169.6688995361328,170.66644208346037,167.65312362215766,169.26325589704595,13646480
2010-03-26,171.59774780273438,172.02408223996898,169.29636795858843,170.1076425647154,13422710
2010-03-29,173.435546875,174.2592385208578,171.61016948774733,171.7757339338622,11231550
2010-03-30,172.4007568359375,175.66242828155825,171.77573745988482,173.43555043509343,11929880
2010-03-31,172.0406494140625,173.75426103309633,171.6391489952846,172.60357106460262,9997220
2010-04-01,174.06056213378906,174.50760005513314,171.80057638579723,172.1896598006952,7681450
2010-04-05,177.0117950439453,177.33879336648133,174.2592465265872,175.08708142695104,11075350
2010-04-06,175.7948760986328,177.79823503450874,174.84701423598563,177.479523146446,12359300
2010-04-07,174.74766540527344,176.74275053899837,173.51419949286273,176.35366712680278,13004150
2010-04-08,173.5059356689453,174.6566258206423,172.81470051354535,174.259268555129,11497010
2010-04-09,174.3502960205078,175.91490336160663,173.31135925496284,173.8453162632348,12367190
2010-04-12,173.1830596923828,175.087082501254,172.18966033220252,175.087082501254,8614120
2010-04-13,173.344482421875,174.8387182669263,170.78233254364883,173.59696598856493,17619090
2010-04-15,170.0414276123047,174.59451958876897,169.5405910317859,173.56799975936954,13016220
2010-04-16,169.51573181152344,170.10763064890793,167.65723413672845,169.7061302744518,9466180
2010-04-19,168.2532958984375,169.28395891213202,166.56037508711358,168.87417205753343,9250600
2010-04-20,173.70872497558594,174.39168617558875,167.30542213898278,169.07698814813426,24993280
2010-04-21,174.32550048828125,175.41823614905496,172.73605876149037,174.67318968178924,15633000
2010-04-22,184.03598022460938,186.1717958477205,172.3635153567919,172.3635153567919,65306760
2010-04-23,187.14035034179688,189.90531580036352,183.03429642416359,184.60717763833418,31784560
2010-04-26,186.3911895751953,188.66359262218342,185.5261035106192,187.4218401144505,12145600
2010-04-27,183.59722900390625,186.67677594128318,182.87701665995405,186.4284229369608,11094760
2010-04-28,184.78932189941406,186.41601457403073,180.6749811127883,182.45482123484982,18684250
2010-04-29,188.2496337890625,189.16025714750822,185.0210830304949,185.43500044219624,21393940
2010-04-30,190.45999145507812,191.96664448326516,188.74636705932164,188.74636705932164,19146310
2010-05-03,190.1660919189453,190.8159453501328,188.50214830952893,189.5741929942751,13160890
2010-05-04,188.754638671875,191.71828925011803,188.17515674467856,190.81595220407226,13397620
2010-05-05,188.43179321289062,189.16029203400294,185.47642891680417,187.09070459380595,16717010
2010-05-06,191.36231994628906,192.0576982358659,187.28108729026263,188.7463586111096,17751300
2010-05-07,184.28848266601562,189.72320852344896,183.64277241301843,188.34901210118454,16085350
2010-05-10,191.0518798828125,192.47988750218175,185.61299854209253,186.26285196835963,14791690
2010-05-11,189.39620971679688,193.6264465407124,188.84156185227667,191.56098988555533,18377970
2010-05-12,192.40541076660156,193.63060303978529,188.91194602732924,189.57421655912793,20204040
2010-05-13,191.87142944335938,194.45841351325558,190.91528114166638,193.05109670558366,17762910
2010-05-14,184.1311798095703,193.20838643922968,183.08396916832712,191.64377898646794,33008880
2010-05-17,186.324951171875,188.08410046259468,177.26843468468846,182.9515262348467,25703050
2010-05-18,188.74636840820312,190.23647384304073,184.71894683311245,186.08901266342951,18901340
2010-05-19,183.2950439453125,188.16686002063508,181.2958283820859,187.0906722116503,20415020
2010-05-20,187.7115936279297,188.91195189875737,183.87043958222503,183.944941703531,17039960
2010-05-21,188.01783752441406,188.74633619751398,182.98046979222468,183.9448917854364,15706440
2010-05-24,184.7064971923828,191.31262801480077,184.0235360062991,188.91189950718737,15195470
2010-05-25,178.4066925048828,183.77934548565764,176.99110191749398,183.77934548565764,17355820
2010-05-26,179.93820190429688,180.96472177071595,178.11696757438315,179.78918504754247,16500270
2010-05-27,183.72972106933594,186.09732992135778,178.5888596255827,179.6402137220472,21781920
2010-05-28,185.3853759765625,186.99137793277686,182.38447403591493,185.76617301110738,13567960
2010-05-31,187.81918334960938,188.29104266704925,184.60717994340905,184.60717994340905,11989040
2010-06-01,182.9225311279297,188.4152236380625,182.2975243834655,186.3539102405526,14423360
2010-06-02,186.94583129882812,187.6701869042617,182.95153005807495,183.13365476369614,12342500
2010-06-03,189.3506622314453,190.89457877843182,187.50873726411515,187.50873726411515,12587190
2010-06-04,193.77548217773438,194.37566762736446,188.66359833963298,189.57422192560412,19478740
2010-06-07,189.30516052246094,192.05770921656205,184.84313062826033,186.36220069418388,14925200
2010-06-08,189.06094360351562,193.00557650313996,187.80263098468413,189.40863275508252,14018340
2010-06-09,189.78749084472656,192.83577767954432,188.5765281052793,190.8314264379319,18141760
2010-06-10,194.32655334472656,195.25774863759216,189.2446811612839,189.2446811612839,24496840
2010-06-11,195.41644287109375,219.65246096543896,194.26393362277958,219.65246096543896,15063270
2010-06-14,195.84234619140625,197.0908892672898,194.25556895286957,195.84234619140625,10187660
2010-06-15,197.4458465576172,198.29352194589544,193.7544909742926,196.25159007919925,15305340
2010-06-16,197.23703002929688,201.8554004563225,195.87573382524135,201.8554004563225,14141550
2010-06-17,196.3308868408203,197.26206924412915,194.05092230576446,197.01152215042083,10331080
2010-06-18,198.14735412597656,198.76118886252732,195.4247742517865,196.24739614031566,15597620
2010-06-21,199.41676330566406,200.6653062696954,198.34777421567537,198.34777421567537,8879250
2010-06-22,196.63990783691406,199.9345623149704,196.26826060690993,198.34778513126264,8514510
2010-06-23,196.22232055664062,196.92802207015336,194.46433650352168,196.2599007105528,10849420
2010-06-24,196.8904571533203,197.5961587214463,195.25774015355492,196.25991589883523,12123400
2010-06-25,192.15098571777344,196.6774894663091,190.8314494397097,196.27244189758906,13022720
2010-06-28,192.3890380859375,193.29516730433625,189.99633243274698,191.0820283096057,10718170
2010-06-29,191.34506225585938,194.49774289580046,190.5099137161817,192.50173839570502,14208420
2010-06-30,192.25123596191406,193.08638469566986,189.99633692944505,190.3972047535075,10610400
2010-07-01,188.93150329589844,192.00066430633933,188.24249548373572,191.34090249789256,14219900
2010-07-02,189.16534423828125,190.4055404617446,188.52227622598554,189.16116441726322,8907340
2010-07-05,189.78749084472656,191.58305496769796,188.20488091728808,189.16947638594144,6192550
2010-07-06,193.15316772460938,193.67095578017242,189.44093881385172,189.82927985552402,10143910
2010-07-07,192.42657470703125,193.67093785355578,191.3325321781989,192.83578932854113,8912210
2010-07-08,196.8278045654297,197.66713293783695,193.3368897358225,193.3368897358225,17562290
2010-07-09,197.83836364746094,198.64427903817378,197.1034287558827,197.51265618294005,9803290
2010-07-12,200.49415588378906,201.4378652556976,197.93442306201436,198.35199741484266,14948170
2010-07-13,202.86595153808594,203.5340729735208,199.60886431909955,200.51918598726584,17615470
2010-07-14,205.82237243652344,207.0333353726504,203.52571375845775,203.52571375845775,18159640
2010-07-15,203.76373291015625,206.53225257479733,203.27516536913166,206.32346542353758,8162390
2010-07-16,204.52789306640625,205.84326234483154,202.7824354994046,204.19383871391022,9528070
2010-07-19,205.04986572265625,205.69711356777643,202.6070661336192,203.68858209840639,7630370
2010-07-20,204.52789306640625,205.85578906446622,203.79713801988407,205.04986095677924,5076900
2010-07-21,203.5048370361328,205.70544900284676,203.27516352581597,205.07490773388614,5055340
2010-07-22,206.80368041992188,207.73487573410566,201.9180558154351,202.70309757005003,11585880
2010-07-23,208.51988220214844,209.10031655663,206.78278444600554,207.20035871771123,14843460
2010-07-26,201.2833251953125,208.9833957664708,200.6110367362977,208.62010818989953,15780730
2010-07-27,203.3712158203125,204.3525179981147,200.48577580715465,202.10178634895652,23112370
2010-07-28,206.39027404785156,206.9498220710297,202.3690315690431,203.3294473451902,16576370
2010-07-29,206.53643798828125,207.35071304782667,203.45057024524985,205.6136022659253,15800230
2010-07-30,209.0293426513672,210.62447957518341,204.64899221401683,205.44656067592493,26944870
2010-08-02,215.99867248535156,217.13864220115937,209.78933176260264,210.45327338936107,20585770
2010-08-03,217.18453979492188,218.53747630414335,215.3847957741496,217.05091297482826,16001370
2010-08-04,216.7335968017578,217.9737802141822,214.88372026167178,217.96960039339228,9779810
2010-08-05,220.9552764892578,222.37501385109522,216.30349255948775,217.13864117940855,22437960
2010-08-06,218.75465393066406,221.7236011876743,217.8067520817266,220.06166357298528,12794400
2010-08-09,221.38534545898438,221.7444787041171,218.47486500612968,219.22649360113422,8402850
2010-08-10,219.61485290527344,223.40225493995072,219.14717171891564,221.32274304037003,13309390
2010-08-11,217.105224609375,221.06384633514818,216.35359596086786,219.22650920616377,9961780
2010-08-12,232.53878784179688,233.42404335547806,215.15934679584132,216.2951367052007,64002190
2010-08-13,238.0382080078125,240.49772658000308,232.5053489188847,232.5053489188847,40721170
2010-08-16,235.6288604736328,238.40153471738512,234.63918584146276,237.76683905245426,15501900
2010-08-17,235.3824462890625,238.52261302209084,234.80619174525228,235.92946757494482,12544710
2010-08-18,235.06927490234375,236.73957208415976,231.01043949744042,236.134084258409,15230490
2010-08-19,234.3176727294922,235.91280977667168,232.3926611268676,235.09853471123736,10875610
2010-08-20,232.74754333496094,236.65603229607,232.17964845754378,233.8415858584332,9755310
2010-08-23,235.7833251953125,237.39097596361825,231.3778961930743,233.00644606455404,13250210
2010-08-24,237.66659545898438,238.4265838012209,233.549318664493,233.549318664493,19905960
2010-08-25,235.8083953857422,238.39318135791768,235.09433414766139,236.84815132923165,9216230
2010-08-26,239.36611938476562,240.9236889298966,235.9294908856662,236.3470652058178,22642910
2010-08-27,233.37393188476562,239.31182632593516,232.5888901448012,238.9861316179615,12367930
2010-08-30,233.84156799316406,236.388760592692,232.70577832510295,234.39694885342615,9183040
2010-08-31,231.0355224609375,233.00646093631067,228.9643447440648,233.00646093631067,13063890
2010-09-01,231.8789825439453,232.69743727251404,228.60103478259828,231.75371536271294,11380730
2010-09-02,230.42584228515625,234.24247732178233,229.7493739903841,233.00226845689244,10757500
2010-09-03,231.62014770507812,232.92297769610772,229.77865595379947,230.63885813360386,6371210
2010-09-06,238.77734375,239.85469260042802,231.75374083423964,231.75374083423964,15331120
2010-09-07,236.9358673095703,239.05715229238288,236.19677798928603,238.94024471928918,8915520
2010-09-08,241.85072326660156,242.69423165919716,234.6099978822765,235.93370151371948,24261960
2010-09-09,249.21253967285156,250.10197505183777,241.94673599607518,242.19311606967995,32230550
2010-09-13,262.9507751464844,264.40810567222024,249.79718201933875,249.79718201933875,49114260
2010-09-14,259.693603515625,264.40803334402625,257.43453792495376,263.41002472009376,24448530
2010-09-15,255.58047485351562,260.95883282037437,254.16489213766417,259.39710932290376,18165620
2010-09-16,258.4617614746094,262.4036633304909,255.55543558102173,255.80596993102537,32196770
2010-09-17,258.2905578613281,262.23663978343694,257.225748577384,262.23663978343694,13313900
2010-09-20,259.63934326171875,260.8753467962194,256.8081774619318,258.8960488234109,13964290
2010-09-21,258.7916564941406,261.3179757562814,257.7017937550421,260.1487728855984,9449940
2010-09-22,262.9632263183594,263.8150941717743,258.7457362319726,260.21558038510483,19799750
2010-09-23,262.1907043457031,264.32450266589547,261.08830219881696,263.73988851586836,13751230
2010-09-24,262.3536071777344,263.90697142146587,260.8461445058832,261.8274594543047,10802760
2010-09-27,265.63153076171875,267.235001736351,262.65422408411763,262.65422408411763,12317840
2010-09-28,266.4708557128906,268.07850648749957,264.1867111605709,265.49372068882946,14599770
2010-09-29,266.8883972167969,269.3353760670456,266.0949959918386,266.4123564818219,14836720
2010-09-30,270.6257019042969,273.48607526934643,265.1596438584795,267.1639951241624,30806190
2010-10-01,273.27313232421875,274.59683565225646,269.0013556061613,270.5380258943447,16451380
2010-10-04,272.22918701171875,275.59483456182863,271.0223912713249,273.5111430612661,12102230
2010-10-05,271.2562561035156,273.51952716844426,270.35430682628356,271.8408703203951,9620340
2010-10-06,270.0285339355469,273.75331432899026,269.29777905042647,271.84081726479695,7865720
2010-10-07,268.9095458984375,271.1644577855571,267.9157168172799,270.25414867924053,8527160
2010-10-08,271.2061767578125,272.9182468600677,268.50030316471634,268.75083757640476,9432630
2010-10-11,272.6760559082031,273.38593741449574,271.018297939751,272.0914416120289,6559420
2010-10-12,270.0578308105469,272.74283061972625,267.38119064348473,271.8408813060446,7547160
2010-10-13,276.0666809082031,276.85172252231627,269.16834627271464,270.583929070295,15432970
2010-10-14,272.3795166015625,277.67435538781143,271.2729600569699,276.85174629383283,6700620
2010-10-15,264.37884521484375,274.01228834411677,263.0927091050797,274.01228834411677,14198900
2010-10-18,264.55419921875,268.03260036016434,261.639538688323,265.99483568676663,17299680
2010-10-19,260.28240966796875,267.5816001060975,259.37210077359094,265.9781291040289,11811670
2010-10-20,258.4241638183594,261.7271902775325,256.89167351786386,259.3135989745518,12889050
2010-10-21,266.83837890625,268.0368152949893,259.4013804842827,259.5642151167453,12952060
2010-10-22,267.7654113769531,269.0849607889915,264.82569669713814,267.24762318490747,12025260
2010-10-25,270.5213317871094,271.62370851240604,267.91564688053285,267.9991668335719,9432490
2010-10-26,265.64404296875,270.0870394284086,265.0761480642945,270.0870394284086,14037350
2010-10-27,266.237060546875,268.4000926160874,263.62722086586837,265.52717905629805,8411000
2010-10-28,266.27459716796875,270.2540924869163,264.33289196191,267.08051250984425,19709480
2010-10-29,263.1218566894531,266.274536847935,260.40344453006884,265.59388885310545,9741720
2010-11-01,267.1181335449219,268.75083801832596,264.5918138571675,266.83000622764877,8783170
2010-11-02,267.4021301269531,270.588225000386,265.3017440409242,267.1641096484075,12948750
2010-11-03,273.3106994628906,274.4297953666306,268.1745159263654,268.5002360668787,13392290
2010-11-04,286.74407958984375,288.04272946679134,274.4423322872584,275.43198127893476,19974730
2010-11-08,286.0509338378906,293.5547317457642,285.05710496886127,292.71958314904793,17527910
2010-11-09,273.3065490722656,279.6077307538795,272.35028764910317,278.1044735241095,39874860
2010-11-10,268.4668273925781,274.9225344179399,267.9991462754888,273.1770771261761,23510530
2010-11-11,265.2390441894531,271.75737347446375,264.41640949231333,269.08491300917933,23159970
2010-11-12,252.7827606201172,265.1596684253159,250.71576283190038,264.7629677610381,27246230
2010-11-15,264.1992492675781,265.13461156704165,251.3797139094073,253.21705091671865,38057580
2010-11-16,257.27587890625,266.2453668270821,255.67240784668317,264.90078979782777,31881610
2010-11-18,255.97714233398438,259.8146499203498,247.62147923504384,259.5640901299443,43440440
2010-11-19,249.7887725830078,256.22358135881416,248.46088936184992,256.22358135881416,22096350
2010-11-22,253.87265014648438,254.7203382598901,248.9202247686035,250.64898859098201,22722140
2010-11-23,246.6527862548828,251.7137847686597,239.71688319837887,251.7137847686597,44970820
2010-11-24,238.1008758544922,248.54856772441093,235.03586921529896,246.83234343292344,34672020
2010-11-25,235.67059326171875,240.8568591028424,231.75374415933206,239.77117608164625,46879080
2010-11-26,239.08216857910156,243.00319750758308,233.15260821810415,236.43891603303766,40665000
2010-11-29,240.501953125,242.28082394234468,237.26575189709075,239.86305213283433,18550930
2010-11-30,249.89317321777344,250.536228485417,238.45580665294474,239.88808349000095,31774970
2010-12-01,258.9085998535156,260.85866465598906,248.46088293811138,250.46105461656225,28775250
2010-12-02,258.8292541503906,265.04273601832847,257.81452621689755,260.86283886464724,20127970
2010-12-03,256.4533386230469,259.31371318734983,254.55335463463325,258.31152439097167,16717370
2010-12-06,246.56507873535156,258.0609111704668,245.11610818295148,257.20070915270037,31659450
2010-12-07,239.22830200195312,246.7863858580835,238.017326462111,246.61934596061906,38866190
2010-12-08,234.25918579101562,238.85250315946692,233.17350278952145,238.01735454702123,34752920
2010-12-09,224.39605712890625,235.26134749359503,222.69234701751282,235.09430759546836,43130530
2010-12-10,228.20018005371094,229.2107027452386,221.77370532121589,224.15388397992294,52261980
2010-12-13,229.23573303222656,232.17129236171613,225.0725298254766,229.29001972585232,42073330
2010-12-14,233.23196411132812,234.25920616921277,228.87666677696234,229.59908772053606,24181790
2010-12-15,225.32725524902344,232.421838318544,222.98466961204483,232.421838318544,30594750
2010-12-16,230.74740600585938,232.087803269131,223.6026899804145,226.24176275612157,45922940
2010-12-20,225.52772521972656,229.66587550790584,224.65498367864245,229.66587550790584,24810450
2010-12-21,229.14390563964844,230.91859648059332,226.26263266789954,226.26263266789954,19613340
2010-12-22,229.24411010742188,232.83941870150795,227.99556703249885,229.49882431275338,18938400
2010-12-23,229.35267639160156,231.16078018473226,228.42149389035654,230.08343139148374,11988360
2010-12-24,230.1126708984375,231.2526405734611,227.9955661543134,229.33180900201083,11545630
2010-12-27,229.76609802246094,231.4489348262068,229.2984168061779,230.87686002616925,10204450
2010-12-28,227.87033081054688,230.9186185072414,227.57802366446035,230.9186185072414,9764330
2010-12-29,230.10011291503906,230.7682470284656,228.09994136868775,228.41312206621913,9241550
2010-12-30,229.63661193847656,232.20888367722247,228.98101728560457,229.74936514550163,21062540
2010-12-31,234.83544921875,236.13409924321184,229.92059129361712,229.9999314342567,19624140
2011-01-03,235.68727111816406,238.18438267676274,235.10686223113987,236.57252656460932,11060070
2011-01-04,228.46324157714844,236.7145135557641,227.75754001353758,236.7145135557641,31035310
2011-01-05,224.9222412109375,228.53008950659427,223.98687879800002,228.41315646161996,25213120
2011-01-06,219.00933837890625,226.65930183335104,218.23265637690477,226.65930183335104,37167080
2011-01-07,217.21798706054688,220.6462814111753,214.3951805727115,218.6335701255488,44430600
2011-01-10,212.72071838378906,219.97814945248217,211.79370287196554,217.12610967463937,29547190
2011-01-11,218.21182250976562,219.52716636822723,211.71018707893575,212.64972932928603,34477870
2011-01-12,222.9596405029297,224.5714713123761,214.60815383838082,219.47705934965836,41769810
2011-01-13,213.8564910888672,223.31871275921253,213.37627048742334,223.31871275921253,28050330
2011-01-14,208.85398864746094,216.13647359532158,208.06894682968826,214.35762827126976,26839080
2011-01-17,210.1400909423828,211.710174420297,207.95200564360533,209.12120861012232,16030680
2011-01-18,213.34288024902344,213.96507460140245,210.45744040005022,210.45744040005022,11847170
2011-01-19,208.93328857421875,214.28658103146415,207.72232573970987,213.95670653333102,22819750
2011-01-20,211.71434020996094,212.54530895097201,205.70544019176612,208.03551181516994,28013320
2011-01-21,216.87973022460938,217.72323842066476,210.62446296184757,211.200717503569,29086400
2011-01-24,225.0767364501953,226.10813277849115,220.1451847910176,220.4792391469278,36693320
2011-01-25,223.6486358642578,228.6135750393057,222.8176415786777,226.24175601736513,41470240
2011-01-27,221.60670471191406,226.48814970819504,220.68803607744644,224.5756521173554,29786890
2011-01-28,218.82147216796875,223.37301673565224,216.34107981210724,221.28932506123653,28302770
2011-01-31,220.6796417236328,222.56708557695595,214.71669441004525,215.46832299757835,26079810
2011-02-01,216.64173889160156,222.14954536861146,215.9026241657355,221.53154351092869,26786520
2011-02-02,214.94638061523438,219.94473297794852,213.79805123846526,219.20146394353097,21956200
2011-02-03,221.46051025390625,222.06599806012093,213.89824612404223,215.05075522018348,21769030
2011-02-04,220.963623046875,225.07256570166845,219.64409936749092,221.14735677303884,29249880
2011-02-07,222.43763732910156,224.4712219706504,220.02404583198822,222.12445662882143,17458040
2011-02-08,220.3289337158203,224.2374234718134,219.14301136077177,222.48360612385278,25097770
2011-02-09,215.55186462402344,220.0616620894242,214.21562173031236,220.0616620894242,19473280
2011-02-10,208.29441833496094,215.88591615809136,206.8078548253718,215.30966157699152,28514130
2011-02-11,216.5206298828125,217.30567159012656,207.5386027906881,208.62011867696228,26488500
2011-02-14,225.3397979736328,226.06637316681156,217.973781315805,217.973781315805,26170250
2011-02-15,228.56349182128906,230.58456290467163,222.99306422287972,226.32529940523727,28975160
2011-02-16,229.75357055664062,231.58670240984324,227.4694258251026,228.19182122652316,17009500
2011-02-17,232.21725463867188,232.8394363127633,228.8307329377369,229.83292152485078,16081310
2011-02-18,230.58871459960938,235.07345852749035,228.79730453162446,232.38427900177768,26082690
2011-02-21,233.1609649658203,233.7580931695112,229.2023686707472,230.61795169560526,18315610
2011-02-22,227.7700653076172,231.9207544764569,226.6593035021291,231.67019462813067,19700870
2011-02-23,218.61268615722656,227.23558018562457,217.9236783655099,226.32527126734593,31528330
2011-02-24,211.1798553466797,220.47923042095525,209.81021215228375,219.17640064376843,37517520
2011-02-25,215.6896514892578,218.79222527957256,211.60994268586626,212.96287925265645,31609310
2011-02-28,219.681640625,222.32904700378563,215.77312641337176,216.3034538478575,26445970
2011-03-01,225.9369354248047,226.9933851781399,221.10141776899346,221.89899897525802,18161160
2011-03-03,224.0286102294922,227.08943696126502,221.78205847380838,224.65497167468183,28700950
2011-03-04,225.87847900390625,227.82854398644196,224.90970350103532,226.15824666839848,17552410
2011-03-07,219.15553283691406,224.18729818846464,218.0573103597538,224.18729818846464,15342560
2011-03-08,220.66714477539062,221.72359450533617,218.82562783279613,219.4770427238163,13918430
2011-03-09,219.42274475097656,222.56709131404412,218.57508221538453,222.12446359656533,15533520
2011-03-10,216.28260803222656,218.41222671092322,215.05075878263415,218.41222671092322,14394580
2011-03-11,214.2281494140625,216.7210556822189,213.29694141995512,215.29295875215297,13732700
2011-03-14,217.309814453125,217.89024880474568,214.28240099818032,214.84196173366078,12226670
2011-03-15,214.00682067871094,215.84415772410065,210.49501941895613,213.79803353658536,14295940
2011-03-16,220.8091278076172,222.03261757502068,215.15518037482852,215.15518037482852,18196070
2011-03-17,218.6001434326172,222.98467353011955,217.8652085955428,219.2265048751175,20404270
2011-03-18,216.3243408203125,220.6462497138206,215.4683186825784,220.14515550326325,11578130
2011-03-21,215.6854705810547,218.34959646858107,214.51624223305734,217.8401426049461,10688970
2011-03-22,218.85482788085938,219.81942335169768,216.7210296403245,216.75444271566124,11912100
2011-03-23,220.70057678222656,221.14735889494065,216.72108111313483,218.6335787147294,12688430
2011-03-24,221.37704467773438,222.62558786592493,219.8194750717107,221.1473584033004,8893740
2011-03-25,226.396240234375,227.07688834966095,221.1473284767625,222.81762559663747,15233710
2011-03-28,229.6031951904297,230.51352949968305,225.59449251488164,225.90767320786853,15428240
2011-03-29,231.16079711914062,233.25284852136565,228.92257941420425,228.9810459352888,15582890
2011-03-30,238.52676391601562,239.74609914323221,231.7787748805656,232.16293607532828,22426060
2011-03-31,230.94363403320312,241.23267057654604,230.3339663992719,240.49773575391987,48157790
2011-04-01,227.12277221679688,231.6701613777921,225.9160021470523,230.9435863466768,31112850
2011-04-04,230.776611328125,231.6702264852875,227.68657666753705,227.74504318885732,15845550
2011-04-05,233.52842712402344,234.1506087527472,228.9977561666376,232.5471377143429,17637000
2011-04-06,233.62025451660156,235.84593241588578,231.7662493050916,233.7413673611674,21141460
2011-04-07,234.9189453125,236.76461649172953,231.7537251374072,233.340502302267,15238690
2011-04-08,232.02517700195312,235.92112698826347,230.64300704664964,234.2591893797844,12049980
2011-04-11,232.52207946777344,233.6745631023589,230.70979583026565,232.14625241110267,11324650
2011-04-13,235.42832946777344,236.33863816770838,230.4174390548941,231.1607333664237,15569850
2011-04-15,234.52224731445312,237.93382208067365,233.4240249078816,235.34485642084675,13672440
2011-04-18,229.79531860351562,237.51626355405998,229.40279773079055,234.84380324944775,10581700
2011-04-19,228.2753448486328,231.22341850861162,226.75121388287312,230.08344877839806,11032690
2011-04-20,233.43661499023438,234.00868984480283,227.45694688438067,229.83710043149094,19305390
2011-04-21,238.94850158691406,240.10519039901803,234.61407889346984,235.51187371312378,17996100
2011-04-25,243.7631378173828,247.20812523233238,239.85464912159554,239.85464912159554,12606890
2011-04-26,245.01168823242188,246.33539145267807,240.97375241990198,244.23918607392284,14745840
2011-04-27,243.06585693359375,246.7697392622482,242.29332911844818,245.53371005004422,15225750
2011-04-28,238.49758911132812,244.87393180847593,237.60815374823363,244.61503776244712,18966690
2011-04-29,234.2257843017578,239.5999638498697,232.58890007663672,238.51428079464654,11658890
2011-05-02,224.8804473876953,235.428377957156,223.9868577832497,234.67674933775822,20646010
2011-05-03,215.77735900878906,227.80349482737267,215.05078373965955,223.82820446668532,51171950
2011-05-04,218.45814514160156,220.80493600033853,214.00681461182836,216.46215337255558,22676620
2011-05-05,217.33905029296875,220.7214172093318,216.0529398776037,218.39134562073207,17188540
2011-05-06,221.30601501464844,222.4418303414462,217.38916611858795,217.38916611858795,14598950
2011-05-09,219.08035278320312,222.55872813097446,217.3056621208545,221.89897912928623,10878290
2011-05-10,219.3935089111328,220.3956717632257,217.8944062230717,218.85900166731673,9979430
2011-05-11,223.4022216796875,224.5463710362109,218.14079637313,220.26205519304096,22769520
2011-05-12,220.60031127929688,223.80312441646802,219.72341546978987,222.0660011070342,14504050
2011-05-13,221.28514099121094,223.81981999621533,218.39971385429365,220.84669308296375,18406430
2011-05-16,218.49990844726562,221.91566279004078,217.98212044965464,220.4792063353572,13822430
2011-05-17,201.663330078125,219.38100427146674,200.51918059319465,219.06782355172103,80113800
2011-05-18,196.74012756347656,200.26445565106886,194.46017546906228,198.76536545342748,58824570
2011-05-19,193.94654846191406,198.65678587772564,193.14063315185285,197.4625295417828,34026530
2011-05-20,196.32827758789062,199.5983755315152,195.4779645918469,195.61334024586904,26997180
2011-05-23,190.34649658203125,195.78254007039638,189.37349865868487,195.78254007039638,24033650
2011-05-24,188.00711059570312,191.88213879426462,187.49100219037155,190.3676639482021,24855500
2011-05-25,184.27163696289062,188.65855124376642,183.17596702344423,187.66018496447398,34547150
2011-05-26,185.1473388671875,187.21177224047142,183.3748035763632,184.84275012506149,40873720
2011-05-27,189.06887817382812,189.71190592377872,186.22183304772176,186.45026488613377,26039190
2011-05-30,189.29312133789062,190.7060707504191,187.40637007566787,189.6823230916436,13539840
2011-05-31,194.4246063232422,194.95340538292706,190.2069045067903,190.53687460362832,20564070
2011-06-01,197.06858825683594,197.72852840575607,194.6826537746168,195.34259392353692,25424640
2011-06-02,197.49160766601562,198.81148783146207,194.09036907112053,195.2748865117469,19906680
2011-06-03,195.6556396484375,199.33608603398542,194.68265460450908,197.5339348218731,15729010
2011-06-06,196.04905700683594,196.4509494183695,192.26286384243863,194.85186172900927,13405530
2011-06-07,196.2986297607422,197.70312289459417,195.02951225885613,195.73175882578212,12526900
2011-06-08,194.16653442382812,196.5440126347815,193.42198130917478,195.78253433748648,14453350
2011-06-09,191.5140838623047,195.38912471105147,190.84568756751645,194.16654806453394,19949120
2011-06-10,189.76693725585938,192.47862034286524,188.2778437735509,192.04289044056173,14751640
2011-06-13,187.82518005371094,189.69078457203796,186.9833361331322,189.43273684346894,17059570
2011-06-14,188.69664001464844,190.07151748764647,187.89286807399915,188.76010622612358,15920730
2011-06-15,184.65663146972656,189.16199687201282,184.08552590377292,188.97163695678378,20552870
2011-06-16,186.59835815429688,188.26513362595628,182.8671493323508,183.7343874336685,23779200
2011-06-17,187.24560546875,187.93939594186904,185.18964118841592,187.8294016204888,12198680
2011-06-20,184.46202087402344,187.9816972920185,179.37285969052041,187.82940937317395,15482450
2011-06-21,181.77996826171875,186.97488966022925,181.1623216703498,185.12197570638878,16470300
2011-06-22,181.1031036376953,183.14215590008038,179.64361307620672,182.9052420452031,14625190
2011-06-23,182.86715698242188,183.59056333600805,180.72235797217212,180.76465156560377,9463560
2011-06-24,193.42196655273438,194.437257961538,183.90358538870524,184.1870273082694,27608460
2011-06-27,196.79782104492188,197.1193220254258,191.38291208802,192.48281647849464,22791310
2011-06-28,198.075439453125,198.7607609770075,196.27752262880938,197.22936094756471,17301420
2011-06-29,201.32859802246094,201.9081596919332,198.413851581222,198.99764777416365,18677540
2011-06-30,203.45225524902344,205.8508933808367,202.0435402834481,202.0435402834481,27865900
2011-07-01,204.77633666992188,205.55472718237834,201.70506820838662,204.62404876776182,18739400
2011-07-04,206.11318969726562,207.2046253124979,204.92021588028746,206.9000365275276,9574540
2011-07-05,209.2605743408203,209.69206968154347,203.86258996290184,206.35851868615677,15940790
2011-07-06,206.7688751220703,209.5947869262454,206.15124147507916,208.98137489256848,10108580
2011-07-07,210.068603515625,210.45357078242293,205.60131006748523,206.95080630808303,13821540
2011-07-08,209.6962890625,212.78870438970694,207.95759134517283,209.93318996698224,14722650
2011-07-11,206.02853393554688,208.96442683679678,204.83557327620915,208.96442683679678,12102030
2011-07-12,203.07154846191406,205.17405423512056,201.7347427655165,203.39728406531933,13952420
2011-07-13,205.6901397705078,206.57429023281148,204.0741267754228,204.30257157983928,8140370
2011-07-14,208.73602294921875,210.61008364329754,204.16295698678596,205.00481383499817,15270140
2011-07-15,209.39598083496094,211.43502028832617,208.55835843942216,208.55835843942216,13043910
2011-07-18,209.55247497558594,210.15318342330943,207.58534523374024,209.26903302480642,6776210
2011-07-19,212.58990478515625,212.95794685145222,208.6429544302266,208.96445546772375,11027960
2011-07-20,209.0998077392578,213.94783318206024,208.18180702781598,213.55017531555157,9809450
2011-07-21,207.71226501464844,209.78093307693308,206.78157353077404,209.2352088472916,7842670
2011-07-22,211.38424682617188,212.1118748439187,208.13954304695736,208.98138701319706,12400210
2011-07-25,212.59414672851562,213.63481966093752,209.17176077068808,210.8850645563908,13838330
2011-07-26,206.95501708984375,214.03246802106977,205.51668629684542,213.04255777688624,25320140
2011-07-27,203.4776153564453,206.84923820869304,201.4089604358028,206.77309425311563,18543260
2011-07-28,199.3868408203125,202.6357788101097,198.4096212914292,200.98592849576988,19799270
2011-07-29,198.38845825195312,201.0282316206772,197.53392372148107,199.50528792913096,11077080
2011-08-01,198.4138641357422,201.62050887635053,196.85284827241105,200.10602113359636,11195130
2011-08-02,192.6605224609375,197.8554434369223,191.93711611743495,197.67776128848337,13644640
2011-08-03,192.79591369628906,193.5573921319942,190.2365312646597,190.36767240617323,12104420
2011-08-04,191.0233612060547,195.44412637136492,190.55802837613396,193.65890028507397,11950660
2011-08-05,189.08583068847656,189.85998673971173,184.4873966756798,186.56028616212149,20169060
2011-08-08,187.57559204101562,191.6579180293823,184.4451043203572,185.19811363351664,15078220
2011-08-09,188.01553344726562,193.66733067281538,182.5414054469386,183.17596421442505,29536660
2011-08-10,192.24171447753906,193.48968537195574,190.7103145282735,192.482849937431,14737300
2011-08-11,190.058837890625,193.1851041234536,189.60619570794438,191.6367789299033,13660260
2011-08-12,185.88340759277344,192.73664726941513,181.90684200082802,192.72817822358252,22806370
2011-08-16,185.87921142578125,190.15613179726088,183.20560042310316,184.44510225496273,27203690
2011-08-17,183.62017822265625,188.9631659262781,183.0194697273933,186.56030612496,18874550
2011-08-18,175.8489227294922,184.86812111913645,175.14245453063256,184.78350811933151,22263180
2011-08-19,172.3884735107422,178.43792888952044,171.44509144977215,173.4460715077406,28269740
2011-08-22,174.45716857910156,175.55283872553767,169.80795828082168,173.09074710637367,20180230
2011-08-23,174.60519409179688,176.153519102505,172.35463537477054,175.874311683184,17086370
2011-08-24,168.3484649658203,176.06893083183928,167.36277634064882,174.86748807040237,31650290
2011-08-25,165.8102569580078,170.01949020019038,165.11646631684644,169.2157181211419,36511880
2011-08-26,159.72689819335938,166.8804919137095,157.9289817695083,166.1697763156409,31415580
2011-08-29,164.02076721191406,164.98529611897354,161.74057961484212,162.87010001488414,21877780
2011-08-30,166.99896240234375,167.84504082098343,162.6712666433542,167.0751063615896,29507680
2011-09-02,168.66148376464844,170.99243366792473,165.83980688646503,168.4541987074516,29550280
2011-09-05,169.7698516845703,170.5694019287679,166.00057105506286,166.9185717528307,26481160
2011-09-06,167.49813842773438,168.95762880169883,163.47926611058588,168.66995233992927,32404740
2011-09-07,171.56356811523438,172.82422976786904,167.79852125283833,167.81121191433553,25046770
2011-09-08,171.23358154296875,172.6000028800838,170.15483668902124,172.32079544385599,24303920
2011-09-09,165.21372985839844,173.27262131169573,164.1392066945816,171.75391215979414,36514780
2011-09-12,157.6582489013672,163.37774725464618,156.98561811002364,163.37774725464618,34519740
2011-09-13,155.073486328125,160.70837170448323,153.81705935785774,159.0627429805076,40065080
2011-09-14,154.55738830566406,156.82910694987154,153.01329766778844,155.50922659190516,42356430
2011-09-15,160.58990478515625,161.1610102881429,154.83234746033864,156.33836598206037,37918130
2011-09-16,164.61300659179688,165.74252690299923,159.0711906529342,161.89710223743313,57707590
2011-09-19,162.1890106201172,163.5046563801548,161.1821752241344,163.16623017265758,16373720
2011-09-20,168.42884826660156,169.20723891462356,160.92412341216698,162.10864102360887,23820310
2011-09-21,170.02793884277344,171.2462810225138,168.42885101484768,168.7926585682813,32603240
2011-09-22,163.9319305419922,167.00742099126117,163.29313719529674,166.02174529953015,27418300
2011-09-23,165.00645446777344,167.6843001526961,159.9088366640957,161.68560667997232,37517600
2011-09-26,165.09951782226562,166.75783730619878,162.59935439077026,165.15874951211066,24401740
2011-09-27,168.9872589111328,169.7910309218046,167.32048319662104,167.95082047189126,17630570
2011-09-28,166.62245178222656,170.2902074179005,165.91598353033075,170.06176262938223,22320190
2011-09-29,165.18411254882812,165.9836499023031,161.74056735551477,165.49293580426522,25805020
2011-09-30,161.68983459472656,164.02501961061165,161.20757654370715,163.69081497490723,23917760
2011-10-03,157.50596618652344,159.4857866464615,156.60912510177195,159.2446511915616,20078410
2011-10-04,151.21112060546875,158.45354906548545,148.06370817600268,156.5244915003457,50595240
2011-10-05,145.39010620117188,153.32632556303713,144.6794034580551,152.3025650393965,62754520
2011-10-07,148.25831604003906,150.42005308897058,147.43339733708837,149.16362613481212,29985040
2011-10-10,148.5756072998047,149.3201604906121,145.71163630355827,148.90557738934288,32689920
2011-10-11,149.29476928710938,152.8017679560597,148.35985624698975,150.33120760647975,39354610
2011-10-12,158.3900909423828,159.06272164694013,148.67711559707638,150.62308537422717,53725530
2011-10-13,159.6846160888672,163.62734474730468,158.63970869121576,159.14736092308067,41069620
2011-10-14,159.50270080566406,161.30483898739658,158.15742636138702,158.30549266083534,23597460
2011-10-17,160.0526580810547,163.54696619428694,159.32926462455976,161.0933309548005,24612620
2011-10-18,157.92477416992188,159.53655260597736,155.50922377761324,158.20821613493155,18018620
2011-10-19,162.30746459960938,162.74319448351352,159.57462191984885,159.7353788904386,15555360
2011-10-20,163.72042846679688,164.13923320378024,159.62963313406857,160.07805371774242,21594800
2011-10-21,164.83724975585938,166.45749739732477,163.81350194727528,164.25768801882998,21746120
2011-10-24,161.49522399902344,168.28499839013563,159.54924098374084,167.1004937252502,25165530
2011-10-25,155.6614990234375,165.83136491521785,154.5785197139446,162.43012616283414,66183590
2011-10-28,161.58407592773438,163.22123583674315,159.9299908330909,162.87011892315996,28314390
2011-10-31,161.28793334960938,162.5951229594051,158.89352987158912,162.3539875112528,29915310
2011-11-01,160.87335205078125,162.5316714528745,159.57039694995478,160.12034276501552,20925820
2011-11-02,161.5502166748047,162.8531717699731,159.48578325039853,159.6549963535184,16533380
2011-11-03,163.69503784179688,164.13922387637822,161.04680808821894,161.1779492188147,28629820
2011-11-04,166.35169982910156,167.5996576522452,165.2433263434516,166.21208967134564,25322200
2011-11-08,168.9872589111328,169.55412996939887,165.83138965148035,167.2697205511246,24294080
2011-11-09,157.5440216064453,170.69630808273712,156.7106339105531,170.31557540509925,94152450
2011-11-11,152.154541015625,157.78519270700883,150.71197554533427,157.52289751320993,54231820
2011-11-14,148.3260040283203,154.57852296336804,147.25148083251645,154.4939228684262,28123030
2011-11-15,146.34193420410156,149.22282986435113,145.38163995406194,147.6406675298008,34040170
2011-11-16,149.41322326660156,150.60196244296154,145.3647348294643,146.20235713339588,31890660
2011-11-17,148.69403076171875,152.19257289021502,147.76757396511536,149.22282971365536,28578790
2011-11-18,146.088134765625,149.4174644220288,144.1125487485986,148.07218982991895,35137650
2011-11-21,141.48123168945312,145.90199651252368,139.9879038234342,145.77931152915897,28185380
2011-11-22,142.9449462890625,144.59479662386724,140.89743806456997,142.25962483538456,28518380
2011-11-23,140.0428924560547,141.63351097913198,137.67810501112345,141.63351097913198,29181030
2011-11-24,139.9329376220703,141.15974899675652,137.8261972832385,140.11061980660529,31828920
2011-11-25,143.0380096435547,143.74449077519657,138.33381589051362,139.51832046497302,41738460
2011-11-28,150.56813049316406,151.27459878730738,144.77672232199103,145.61011013295982,25489820
2011-11-29,149.01132202148438,152.04028420905337,147.82258291549988,151.27881882156473,30152190
2011-11-30,149.11708068847656,151.871069960223,146.20234736824656,148.03833591270032,80068770
2011-12-01,154.3373565673828,156.75291923941356,153.1401615374777,153.6478136458526,24461390
2011-12-02,159.64231872558594,160.6703009983351,152.4464169960752,154.3670187941069,32783180
2011-12-05,161.68983459472656,162.1932523551723,158.2166858281493,159.46042230570538,29149520
2011-12-07,164.59608459472656,165.8186740672536,161.93939896193845,161.99863064620408,33426470
2011-12-08,158.03900146484375,163.61466873726351,157.37060511283408,163.29315476761815,32063030
2011-12-09,157.84014892578125,159.4773214661045,153.9862680299177,154.853493221528,37919700
2011-12-12,149.98855590820312,160.47146765627534,149.16363714436636,159.29119748353665,41127410
2011-12-13,151.26614379882812,152.9625223684529,147.78029169032035,148.74059902540637,31436850
2011-12-14,151.03770446777344,155.67421108072253,149.84473067204598,150.94040079162258,43558460
2011-12-15,146.94688415527344,149.9208620003339,146.07965899567938,148.61365956621447,44368240
2011-12-16,142.0650177001953,150.79653948844708,140.88473479663574,148.23292314145087,50521620
2011-12-19,137.75,140.8720308576,135.10600542684685,140.8720308576,41792820
2011-12-20,133.55349731445312,139.51834045267717,132.92739457246682,138.08000957473757,33988040
2011-12-21,137.36082458496094,138.33380951843884,134.97911197625493,136.63319669127216,29947570
2011-12-22,141.38818359375,142.06081447554638,134.36996374013813,136.21864326163896,34376160
2011-12-23,139.38719177246094,143.13954767723592,138.58765434096685,141.71814206118742,26774370
2011-12-26,140.92706298828125,141.7181442952934,138.9430079353365,139.0233864231206,16405640
2011-12-27,139.065673828125,141.2104726519165,138.19843576592064,140.87204647309068,15426610
2011-12-28,136.23553466796875,138.33380528621979,135.58405074689125,137.83462217597304,17801920
2011-12-29,137.8134765625,138.50303252925548,134.52646660167267,135.3725450079725,36163040
2011-12-30,136.9843292236328,139.59870851297416,135.84211816200903,138.579182440371,20779220
2012-01-02,137.7119140625,138.41839502126197,136.33703702388163,137.82612996883128,14464990
2012-01-03,144.31138610839844,144.67942820223885,139.01070465002584,139.09530475669544,21341020
2012-01-04,143.49913024902344,145.00938336335682,141.7350639307117,144.84862639408226,22241630
2012-01-05,143.19454956054688,145.40281493048153,142.1454204979837,143.49491671906227,21344840
2012-01-06,141.52777099609375,144.47635498234283,140.28403461158433,141.7181438160192,21137420
2012-01-09,138.52423095703125,140.59288652541494,137.4962355943222,140.59288652541494,26127920
2012-01-10,144.05332946777344,144.57367242436678,139.5183479173104,139.58181413675248,28087310
2012-01-11,146.113525390625,146.68461802123676,143.2664667339613,144.3409899896455,24529370
2012-01-12,149.28207397460938,150.29736546587017,145.55086515684744,146.43079391670344,25162480
2012-01-13,150.27197265625,152.28564321220233,149.7558643587215,150.33542594895212,20468290
2012-01-16,153.6816864013672,155.24693667001097,147.92835046192576,148.58829060834805,21265790
2012-01-17,156.01686096191406,158.41973357078265,155.2596300447218,155.50922163816944,22716470
2012-01-18,157.82322692871094,158.30126325848664,153.98625854188688,156.5244935727971,21712160
2012-01-19,159.4265594482422,161.8082724000863,158.64816880728938,159.06275190404884,17022890
2012-01-20,163.53427124023438,164.47764042027302,160.3445519677178,160.585687416929,26377250
2012-01-23,164.18150329589844,166.4320747627859,162.5316531266128,163.453875412248,16830570
2012-01-24,172.667724609375,174.1229808541785,163.01396455231648,163.46238518366624,51131380
2012-01-25,174.1229248046875,176.4877122137436,172.59152507622187,173.8902455153085,33818960
2012-01-27,172.65077209472656,175.1382448847986,170.73017033550045,174.66444300290544,21060520
2012-01-30,167.96771240234375,174.18639392510715,166.69013864160314,170.4848008544461,20774550
2012-01-31,174.42752075195312,175.3920495822932,170.23096633477883,170.8951409570657,29751020
2012-02-01,175.78549194335938,176.69502371213417,172.81152665226065,173.53069851229628,27568480
2012-02-02,175.35821533203125,178.81021696576462,167.7181279424907,177.25343571235524,55330560
2012-02-03,177.94297790527344,179.16555446038004,172.30385823011898,175.13822598867432,24481860
2012-02-06,182.97715759277344,185.07542855824636,180.3797034344489,180.3797034344489,31648070
2012-02-07,182.1691436767578,185.14734334850428,181.51765967447184,184.60585367274422,21732080
2012-02-08,184.25474548339844,185.121983716971,181.50076866542355,182.87986788127648,24978160
2012-02-09,184.78350830078125,185.46037356949185,182.54986195112807,183.11673290201048,18499690
2012-02-10,183.75975036621094,186.898693669229,181.91952745841576,185.1219369628406,22965380
2012-02-13,180.1512451171875,184.4873968982968,177.33803703146975,183.93743819461363,56126600
2012-02-14,186.14993286132812,187.65171681049728,180.0877869946121,180.0877869946121,36543090
2012-02-15,190.42262268066406,191.00641879788955,188.04091010016364,188.42164276918393,26676630
2012-02-16,198.8580322265625,201.15089737307648,188.6035536323991,189.71192713846133,42827580
2012-02-17,204.50140380859375,209.11252901587062,201.1128553110831,201.1128553110831,50345570
2012-02-21,207.49649047851562,209.40440137786723,204.32793104143408,204.75097023613685,27876680
2012-02-22,190.79066467285156,208.90520493600914,189.2592649510762,207.7968443820228,63344440
2012-02-23,191.25601196289062,196.55245774092015,190.11380103611245,190.73566913444617,44543300
2012-02-24,186.611083984375,194.8518937559214,185.71424278189255,192.90591049782006,36297520
2012-02-27,179.6097412109375,187.82938908060558,178.61559659211085,187.39789378036477,29408220
2012-02-28,188.78121948242188,190.79065543209472,180.26967390437588,180.9761420506932,44586320
2012-02-29,190.1603546142578,193.49812718356583,188.08323059641702,191.63675728861668,35696060
2012-03-01,187.72366333007812,189.33120728299232,184.99083344607075,189.001237191178,22623660
2012-03-02,190.0884552001953,193.07511127481075,184.95276541429288,188.3709168766108,31101180
2012-03-05,184.1109161376953,189.07317139699583,183.15062164736818,189.07317139699583,19686120
2012-03-06,181.7249298095703,191.46752086650014,178.93710337492672,181.9914465382915,44398420
2012-03-07,181.1919403076172,183.0744701359672,178.1841374341106,180.63775992239894,35286120
2012-03-09,188.37091064453125,189.77540400763777,185.13042854489134,185.29118552032477,22974790
2012-03-12,195.51181030273438,196.67516817462328,192.99472174313988,195.05069909545614,36567100
2012-03-13,196.92478942871094,198.82846623307012,195.99409782697037,198.09238199996096,18007900
2012-03-14,199.2345428466797,200.89286223133595,197.32241026397637,200.55020150384027,22802380
2012-03-15,194.53880310058594,200.3513705707012,193.41353017339003,199.50529215858685,27417960
2012-03-16,188.497802734375,199.2472304513293,187.40636726911228,194.598033733164,40578470
2012-03-19,182.545654296875,189.26774065475618,181.90686095622826,188.67548834064607,22683990
2012-03-20,185.06695556640625,186.37837964168926,180.90001694935467,182.75293067319,26379790
2012-03-21,188.91664123535156,189.4369712510945,184.13628995758066,184.77508335721745,23060820
2012-03-22,182.80369567871094,190.84144041892733,181.91531078329226,188.42165569652008,30745480
2012-03-23,183.32408142089844,186.54340426514096,179.9778390418323,184.10670670017223,30728320
2012-03-26,179.15286254882812,182.66831718701664,178.52253828659386,182.642935868412,20093020
2012-03-27,180.14279174804688,183.75978495314482,177.4818842553631,182.3299102733152,38470940
2012-03-28,175.92088317871094,179.4871011297679,174.58407753502445,179.3686506504607,24367160
2012-03-29,174.4064178466797,175.98012465187378,173.2049877130573,173.44612322670747,25090990
2012-03-30,177.3676300048828,178.51407546281308,174.9436237980295,174.9436237980295,25032100
2012-04-02,180.24851989746094,180.97192615749927,177.6764474810499,177.6764474810499,20297730
2012-04-03,183.81478881835938,184.7158644873122,181.22155614784512,181.2300122852049,21628480
2012-04-04,182.96868896484375,184.36047864090796,180.7731144787341,181.9068564390388,15237090
2012-04-09,177.71453857421875,181.81378951489688,176.83462270582604,181.73764555621648,13896030
2012-04-10,182.00840759277344,182.49913468494194,177.25768495236596,178.52256821200922,19318620
2012-04-11,182.6302490234375,184.4027843004267,179.123263358293,179.8043502719614,25933200
2012-04-12,188.4682159423828,189.01392726668337,184.0263039224125,184.0263039224125,33620420
2012-04-13,187.17791748046875,193.21046049617286,185.73958680813527,190.36763660644468,27182620
2012-04-16,191.6452178955078,192.30515802901954,186.2218650455084,187.15254355962725,20681450
2012-04-17,194.9618682861328,198.8030720186624,187.92250167258496,194.344234577824,55740650
2012-04-18,193.9000244140625,197.96542502380072,192.50398727549774,196.54824108879663,18500350
2012-04-19,191.9794464111328,194.49653518350578,190.7187847630154,194.34423433595137,19747410
2012-04-20,191.2518310546875,193.5320190245067,189.3693139603883,191.6367983577791,19024070
2012-04-23,185.5619354248047,192.863583810045,184.61431876366333,191.636772615943,21607120
2012-04-24,185.3504180908203,187.45714523535554,184.03052482263317,185.71846016257007,17626560
2012-04-25,183.74708557128906,186.72950687223974,180.27393723184537,185.22348830002724,24860580
2012-04-26,182.9517822265625,185.1219756122132,180.8069701627214,185.1219756122132,19133070
2012-04-27,179.833984375,183.48903671299234,177.76109467101023,182.0760871937808,25322120
2012-04-30,180.90003967285156,183.58634145753314,179.9608920336283,180.2993311753183,17221600
2012-05-02,181.11155700683594,183.50596064974084,179.8212924914278,181.48383360292476,13934080
2012-05-03,176.33120727539062,180.02856585348718,175.60357931504223,179.45323872258166,22939970
2012-05-04,168.8983917236328,175.05360659609596,168.0311665732621,174.9097748248708,24320340
2012-05-07,171.60162353515625,172.59998982847745,158.7243095357309,164.6468582063159,38693170
2012-05-08,165.43792724609375,173.35298630751146,162.6881727086457,172.26155095618188,30371610
2012-05-09,159.32501220703125,165.40831761618347,158.7285254203761,163.80077391337787,34001410
2012-05-10,155.94493103027344,163.5215641009522,155.02693035251966,159.9088059806273,41622790
2012-05-11,156.82908630371094,159.46884667212578,154.0708754805629,155.5938062099522,36830270
2012-05-14,155.65728759765625,160.38262849893283,153.43633167218698,157.4552042992266,29719730
2012-05-15,157.40443420410156,158.36050701449673,154.4093220755333,154.49393508729912,26559600
2012-05-16,154.6377716064453,156.0845586168847,152.48872497917426,155.17079228443873,28987000
2012-05-17,156.3848876953125,157.53977630815186,154.2062257525885,155.27229266921591,28710190
2012-05-18,164.18572998046875,165.57753249773887,153.99049606886413,153.99049606886413,88722070
2012-05-21,170.01943969726562,171.75390287482577,165.83135449983178,165.83135449983178,38849830
2012-05-22,164.033447265625,172.59999093326886,163.3861978160305,172.17695173980496,41395000
2012-05-23,165.40835571289062,167.00744364813417,162.48938731174877,163.56391067981073,34534760
2012-05-24,169.38414001464844,170.06040877289692,165.87351051561367,168.68201411484148,32104050
2012-05-25,172.89476013183594,173.85102744429938,168.35895468316494,169.06108059825596,29159720
2012-05-28,181.02737426757812,181.51842344932462,173.7606088152229,173.93720511311025,35316050
2012-05-29,182.65130615234375,185.21427930133152,181.3202874302098,182.20763324496576,48415290
2012-05-30,180.7602996826172,182.46606943091018,179.3646579381291,181.04458368610503,32384070
2012-05-31,177.12905883789062,179.9634068802061,175.53097681559035,179.19235915407506,40737620
2012-06-01,174.7340850830078,179.2354368630545,173.76489564050263,177.465043979099,26260160
2012-06-04,176.25033569335938,176.95244855504606,170.06474648975316,171.62837421947006,29318990
2012-06-05,179.4292449951172,181.77684217235637,177.55548948436228,177.81392945448604,32970970
2012-06-06,185.93360900878906,186.77357845716455,180.5707686048842,180.9153640401046,33459450
2012-06-07,186.76927185058594,188.58272936852504,185.7871603733238,188.06583620155598,35579490
2012-06-08,187.75997924804688,188.80670057463104,183.62906736004848,185.35638233647774,29803650
2012-06-11,186.49790954589844,191.07248208800968,185.6967191664211,189.53039962056027,28149690
2012-06-12,190.06019592285156,190.55124503978658,183.72384166647907,185.65361014232383,38566440
2012-06-13,191.77459716796875,193.3209912623226,188.32429152995394,190.39189051262554,31091980
2012-06-14,185.24440002441406,191.14138028386225,184.71458488560972,190.56417571533902,33236270
2012-06-15,188.07443237304688,188.6559486445376,184.96441073752376,186.8123355485374,28244050
2012-06-18,179.8772430419922,192.27856349897377,179.33019420347532,190.9087789724536,53583960
2012-06-19,180.9713592529297,182.31961153562224,177.12475726337263,179.8772483978462,37168690
2012-06-20,182.38421630859375,183.23279599650223,180.6224469353163,182.09560745930665,25115340
2012-06-21,187.6652374267578,188.23813030018488,179.6231128951421,180.93259922144114,34033180
2012-06-22,185.89483642578125,188.195044395385,183.37064274576278,184.9644130090641,35627920
2012-06-25,182.20761108398438,189.53037559563387,181.053201951179,186.17913448023907,43573040
2012-06-26,182.04391479492188,183.6549187025141,180.5793645929769,182.0353045106387,26383570
2012-06-27,182.0697784423828,184.2235328381112,181.19966639887903,183.336187078709,19443200
2012-06-28,180.76889038085938,183.02172189786867,178.6797462784378,182.46604966031347,27841960
2012-06-29,185.99822998046875,186.94588720143057,183.2414268996807,183.49988006407702,25872690
2012-07-02,187.97537231445312,189.29776745149564,186.084369747241,186.9286377440655,23629020
2012-07-03,188.44058227539062,189.87497687821138,187.5618468261503,189.0996305759526,23044680
2012-07-04,191.66690063476562,192.10627492885055,188.67748858899446,188.67748858899446,33471910
2012-07-05,192.41209411621094,192.9462209522174,190.57279275848336,191.24476301845033,18782280
2012-07-06,191.481689453125,192.60595609316033,190.02145079571434,192.60595609316033,21904250
2012-07-09,190.34451293945312,191.16723555338788,188.8928714296234,189.3580897421398,21137340
2012-07-10,192.02871704101562,192.52838958721853,190.56416683068142,190.71924396697239,17667680
2012-07-11,191.14138793945312,194.0575797591195,190.40049591300064,190.8226365003832,24675290
2012-07-12,191.35675048828125,192.86869015534674,189.01346484826806,189.09100999064842,19749170
2012-07-13,187.67384338378906,192.4164145624467,187.04495080845655,191.41706941159435,17027690
2012-07-16,189.48301696777344,190.9001779435164,187.65662423929075,188.23814057496728,18541930
2012-07-17,189.45285034179688,191.54199468535742,187.98830001642062,190.82263495018256,13473830
2012-07-18,188.28118896484375,189.75434943057746,186.27820024994082,189.09961290641493,20777200
2012-07-19,185.92066955566406,191.02075776191032,185.56745072316323,190.74938263804924,20951570
2012-07-20,183.6721954345703,187.2474360702805,183.24575621691267,185.30905686932718,19267410
2012-07-23,180.32522583007812,182.96573057636854,179.77386528198855,181.94915176070415,15895700
2012-07-24,180.484619140625,182.19038894866773,179.22682078408525,180.484619140625,16448600
2012-07-25,178.3610076904297,180.4630739426012,177.55550570386202,179.73510395415315,17127660
2012-07-26,173.7993621826172,179.51973309265452,173.07569074535294,178.76160737050773,24636420
2012-07-27,167.2174835205078,178.09824094146842,166.3990463974878,176.69400212373043,42134890
2012-07-30,175.03561401367188,175.7463503012367,167.21748855951293,168.10052256141574,34443090
2012-07-31,172.7397003173828,176.17278510145948,169.5607701016197,175.57404825843798,48379270
2012-08-01,175.17774963378906,176.1598610297717,172.75262028501234,173.16183884395198,19820020
2012-08-02,173.2781524658203,174.88916970245597,172.0892889711356,174.88485798708697,21311770
2012-08-03,172.76123046875,173.54088838297372,170.1465698979369,171.5292763168818,20063360
2012-08-06,173.87258911132812,175.50082690281081,173.23077451026606,175.29837346452314,16064040
2012-08-07,177.57705688476562,178.49455839656676,173.269547924553,174.1267380010836,25271900
2012-08-08,177.5382537841797,179.96338292531382,176.88351729140814,178.58928680249153,22909420
2012-08-09,169.60812377929688,179.23540657719687,169.14291870950942,178.09391961133196,42898490
2012-08-10,162.62998962402344,171.7834458318026,161.61773557154208,169.1127982608171,108902910
2012-08-13,164.24961853027344,164.63299312686988,160.11010884476326,162.99613188034704,53428630
2012-08-14,164.5770263671875,166.26556280919158,163.51736951557248,164.63302609659922,36635290
2012-08-16,163.20721435546875,165.73140831259843,162.82383974571076,165.23604740807536,27216820
2012-08-17,163.4311981201172,165.16712369552624,162.16478944128065,163.25458867628225,28632600
2012-08-21,164.98619079589844,165.23172194269523,162.75059276553438,163.92654735376647,19716500
2012-08-22,164.73204040527344,166.52827719010753,163.4268658873265,163.685319020137,25303710
2012-08-23,164.70620727539062,166.26122474434212,163.69394010660963,164.8957387089272,21831520
2012-08-24,163.155517578125,164.02564283012094,162.26817175445706,163.68534593021735,18012150
2012-08-27,158.90399169921875,163.6336409361293,158.3612545474556,162.84535949057428,20736720
2012-08-28,158.87814331054688,160.19623987130817,157.67204617830544,158.7101573132399,24599940
2012-08-29,157.64622497558594,159.96365386154852,157.18100662482377,159.2916834842029,18804350
2012-08-30,158.49046325683594,159.1193557951057,156.37547507985892,156.96560162044136,21627450
2012-08-31,158.28802490234375,160.6571547199367,157.53852258478403,158.43016690739097,27903670
2012-09-03,159.43812561035156,160.67006672906388,158.73168790793576,159.37781418164514,15997080
2012-09-04,161.53155517578125,162.1130714035084,159.46395652771992,160.239302734375,17181080
2012-09-05,157.67636108398438,160.84238281597493,157.4049990602202,160.25225618850698,19033670
2012-09-06,159.71812438964844,160.66576844971877,157.39637080880223,157.39637080880223,19561570
2012-09-07,163.00042724609375,163.8576172127425,162.19061356210668,162.65152011668033,24267990
2012-09-10,160.33840942382812,164.11609001812133,159.92487910234829,163.5991836890085,19432850
2012-09-11,160.0411834716797,161.2602026615864,158.94707257054284,158.9556828556559,18557340
2012-09-12,160.18765258789062,161.70389107834924,158.95139956346182,161.100842425637,19625090
2012-09-13,160.89405822753906,162.39307596885266,159.72241534990243,159.72241534990243,16407420
2012-09-14,169.84506225585938,170.1465931221132,164.63298726140872,165.3221781348918,37985040
2012-09-17,179.15357971191406,179.95476994780668,172.81723866816773,172.81723866816773,53902050
2012-09-18,185.1754913330078,185.81730590029292,177.52104022790974,179.19235564828963,44354080
2012-09-20,182.92697143554688,186.07575913496927,180.9153591580434,181.69070543910303,31870400
2012-09-21,190.66757202148438,193.1917658179971,183.9392323681895,184.00815408506855,42035570
2012-09-24,189.37960815429688,194.07910149485332,188.16488760507167,190.82262612769793,29149940
2012-09-25,189.22885131835938,193.40714000198125,187.11817469130767,190.6675707875042,30847570
2012-09-26,192.02871704101562,192.9763741364819,187.07078386763564,188.49656808026515,28369700
2012-09-27,193.60096740722656,195.12151732391763,192.13210548728858,192.97637344035795,27464560
2012-09-28,193.028076171875,196.25009738531767,191.75305728790508,195.5092053691987,22346820
2012-10-01,195.57382202148438,196.3104023474383,192.99362845022756,193.18315988955086,15900770
2012-10-03,197.87831115722656,198.34782796731145,194.10061810307994,196.50421500810504,25948710
2012-10-04,202.08245849609375,202.36674248685122,198.5115302968293,199.00689114135506,24480430
2012-10-05,201.5440216064453,203.5340884310595,173.18768577680132,202.4528995905248,39747760
2012-10-08,195.51351928710938,201.6344854876414,194.81139326360412,201.6344854876414,18144560
2012-10-09,196.64207458496094,198.66229712150542,194.46677490689297,197.6198742813196,19485380
2012-10-10,191.55921936035156,195.031070386947,191.12416991229895,194.52709922092671,21841000
2012-10-11,195.3153533935547,196.74113764543768,188.7894806908245,191.856424618083,29460140
2012-10-12,193.98867797851562,197.66729448812399,193.41577189779866,195.53507219211986,17758970
2012-10-15,195.082763671875,195.53073510239935,192.1838056461077,193.6655896590064,14254380
2012-10-16,192.0157928466797,196.8531294022157,191.589353731331,195.59964290887186,15137550
2012-10-17,190.7967987060547,194.3461818040418,189.71131120451292,193.510524032646,21075700
2012-10-18,196.267333984375,196.74114942805684,190.1334326170325,191.97274725691608,24274450
2012-10-19,194.50555419921875,196.40947886884723,192.45948752349582,195.56089911120213,19700000
2012-10-22,193.0582275390625,194.69077696688285,191.705663539036,191.8564289679936,13785660
2012-10-23,192.51979064941406,195.38428124273236,192.16226007372322,192.97638550992025,14004630
2012-10-25,189.474365234375,193.8680289526635,189.0996141160538,192.95913786693856,28767350
2012-10-29,186.7477264404297,189.91374780432096,185.8129913156722,187.19139928833062,21364870
2012-10-30,178.7012939453125,189.51314306817366,177.94747994674313,186.85971621575268,45981440
2012-10-31,181.79837036132812,182.1731346005124,177.25826638209227,178.50312936173074,25377620
2012-11-01,182.2506866455078,183.03465634476035,180.78182467453664,181.9491557933422,14382330
2012-11-02,185.4339141845703,185.99819670070968,183.07770670017067,184.36134886152962,17604300
2012-11-05,184.7705841064453,185.5502421006528,183.34479983115057,184.61119524824662,12145950
2012-11-06,187.21722412109375,187.59197521744906,183.58168628223385,183.58168628223385,15070250
2012-11-07,190.9949188232422,192.089029631825,186.4720350270096,186.80372158516894,28982660
2012-11-08,193.17454528808594,195.29384550398728,188.0012359085062,188.58273910819491,27559100
2012-11-09,185.65792846679688,195.50488660927783,185.05056818952588,192.68347379386165,62456180
2012-11-12,188.69473266601562,189.09102926639684,182.98728340847347,186.5237445129801,31728480
2012-11-15,185.54161071777344,187.97966202469956,184.22351421248956,185.3951570111277,17207000
2012-11-16,181.64334106445312,186.94157167184648,181.01013674006452,185.54163130085914,18348140
2012-11-19,180.3898468017578,182.9829622778788,179.57142278697643,182.9829622778788,18300990
2012-11-20,178.02931213378906,182.5349752639538,176.86629278429916,181.77684959935803,18897210
2012-11-21,177.55551147460938,178.70992063570748,175.83250801787557,178.41701320297628,23015420
2012-11-22,180.78182983398438,182.16884813168053,178.12409123864626,178.12409123864626,18180930
2012-11-23,180.0107879638672,181.90179061421398,178.7874570567966,181.77686917977965,13757250
2012-11-26,180.21754455566406,181.74670483049746,179.19235541898172,180.613827980222,13539140
2012-11-27,182.22052001953125,182.90110053545897,180.48459472969222,181.0617992547124,15647840
2012-11-29,183.65924072265625,184.53366443619902,181.40211043942668,183.34048929515455,20991170
2012-11-30,186.97171020507812,188.41041644588947,184.84379998510374,185.13670740396944,21590680
2012-12-03,189.87928771972656,190.39188230063536,187.2474062448096,187.807377111034,18628530
2012-12-04,192.93760681152344,193.76895276268445,189.7371312834667,190.21957011221357,22339070
2012-12-05,195.71592712402344,196.68081785467686,193.42434285921556,193.66556225551113,23558250
2012-12-06,198.76568603515625,199.69179779301228,192.9763931878819,196.5085556428138,23499050
2012-12-07,199.54104614257812,201.5569703798228,198.14972912474383,199.5582798596074,25831160
2012-12-10,199.8899383544922,200.4542209492989,198.2401682866816,200.0751712213659,13614690
2012-12-11,198.90350341796875,201.4664629170074,196.6549836053264,200.7040386957992,20557710
2012-12-12,197.70603942871094,199.691794633438,196.97375769010029,199.00690232626548,18423190
2012-12-13,194.92335510253906,200.29913003454573,194.27722887662117,198.36075135679204,18254110
2012-12-14,199.8899383544922,200.4714546650374,194.16956725833847,195.2292238759448,20181840
2012-12-17,201.96185302734375,202.36675990967086,199.17490742938242,199.76072232140322,18967760
2012-12-18,204.4085235595703,205.20971387589603,196.33624323671987,202.45291090962561,41036170
2012-12-19,204.3740692138672,207.46255896418342,203.55133341386528,205.46818018531422,21278390
2012-12-20,205.1450958251953,206.6570355411355,201.81108839565846,204.04237468195126,18314370
2012-12-21,201.11328125,204.7488065214862,200.51453122716362,202.89227131192303,15685940
2012-12-24,200.84190368652344,203.22825402772582,200.29915338692356,201.59140598941985,10549750
2012-12-26,204.24917602539062,205.03744445008667,200.12688643478887,201.30713978662595,15353080
2012-12-27,205.75677490234375,206.5450432144406,203.5470208247404,204.2491468496836,19723060
2012-12-28,204.99432373046875,206.5321073962114,204.09836776026802,206.2434985471459,11036230
2012-12-31,205.51123046875,206.47610815354406,204.05960222656418,204.17590022216874,10006870
2013-01-01,209.03909301757812,209.69382960646308,206.54935351914978,207.1825578227617,17202300
2013-01-02,211.11529541015625,212.27401626270972,210.04704170196865,211.06791912589375,14660120
2013-01-03,212.92877197265625,213.8591954238918,209.8790484693608,211.92942680516546,20103090
2013-01-04,214.22962951660156,214.76806808753406,211.12391952019527,211.92942151903466,13705950
2013-01-07,212.5841522216797,215.28926700156558,212.0801810946611,214.51392073901118,10264490
2013-01-08,214.80255126953125,215.375444167007,212.18789022243007,212.6186411107641,16123870
2013-01-09,217.3396453857422,218.8214293447539,214.85851631102997,214.85851631102997,22474110
2013-01-10,218.74388122558594,219.8293685430332,217.31378537012014,218.81710150240315,21504650
2013-01-11,214.60440063476562,219.68295738926193,213.93243028733053,219.59680195170392,14156720
2013-01-14,215.35389709472656,217.0941210993722,213.23890880076337,214.6000830918984,17721580
2013-01-15,214.50100708007812,216.87444853408212,212.80815934887758,215.80618166492732,12219330
2013-01-16,209.5516815185547,214.81545751371905,208.82801008867446,213.65242494233573,14390080
2013-01-17,212.77801513671875,213.8635026342801,208.74188144854136,208.9572568909882,14091240
2013-01-18,214.69053649902344,216.89597878650724,213.48873792567014,214.08317621239271,16073730
2013-01-21,215.3280487060547,216.35753640185976,214.52253357439605,214.94467413974607,11849060
2013-01-22,212.31275939941406,216.15073730172438,211.44694612043335,214.5138895871592,12954000
2013-01-23,213.6868896484375,214.69054655505184,211.25314981826492,212.87708904047201,15042750
2013-01-24,211.85617065429688,214.02715847436386,210.25377707325467,213.6524073631113,17650270
2013-01-25,216.5557098388672,217.51197739173958,210.89564967654923,211.90360523571613,12460930
2013-01-28,214.64747619628906,218.2873264962097,213.91089585082534,217.52920071883594,18349860
2013-01-29,212.1405029296875,218.39070258903382,211.50300002162368,214.5613208432763,46331240
2013-01-30,209.87045288085938,214.2554938640645,209.05202880441138,213.39399206875626,23715290
2013-01-31,210.03411865234375,211.64081092169957,208.15173952710916,209.86182094015592,25528120
2013-02-01,207.82435607910156,211.24883047868497,206.84655641512373,209.43106142749693,14516810
2013-02-04,202.67691040039062,209.28032911309583,202.02217375938343,208.26806186068634,18596650
2013-02-05,204.30514526367188,205.08911505141253,200.5662306312575,202.45292166408373,22375350
2013-02-06,202.34091186523438,205.71799714860015,201.76370727005062,205.46816742504762,13866580
2013-02-07,200.43698120117188,203.6589890258974,199.88130894466454,201.07448402229224,13760530
2013-02-08,196.9522247314453,201.84123658234245,196.08641127747322,199.86840338466584,17646650
2013-02-11,197.65863037109375,199.17056998415435,196.1940801847658,197.27526896976102,14811360
2013-02-12,197.83526611328125,198.8001438899895,196.3190277291006,198.23156271184288,13296820
2013-02-13,194.24278259277344,200.14837286008077,193.1917495037019,198.317681811272,27599120
2013-02-14,190.88726806640625,195.47476274726745,187.37665068835165,193.83791450519135,60922460
2013-02-15,192.41209411621094,193.63973664150646,189.9740427799831,190.13341848779325,21127420
2013-02-18,194.9320068359375,195.45752343514079,192.5456432809842,192.5456432809842,18380120
2013-02-19,195.86241149902344,196.42238233081267,192.71792249109322,195.4618032287108,13692360
2013-02-20,194.01451110839844,197.03837764200148,193.5449942129335,196.85315791310205,16094270
2013-02-21,190.4392547607422,193.2305250418159,189.54329876368496,192.9246956145885,19310510
2013-02-22,189.185791015625,191.72290685327403,188.67319641878822,190.47804365058016,18284310
2013-02-25,191.3309326171875,192.8902487801438,189.6208510093404,190.39189880514382,16887440
2013-02-26,189.3925018310547,190.90875300605234,188.5525456883093,190.21954912155076,16446360
2013-02-27,190.68479919433594,192.34319273570281,189.27193681307634,190.6029554743002,14100300
2013-02-28,179.26988220214844,192.69208001134632,176.6940005810463,192.4594708760203,58729590
2013-03-01,179.8513946533203,181.68639740719289,177.9862493317173,179.79539494179318,21676800
2013-03-04,180.87228393554688,181.65625365761363,178.89082734551548,179.8298742132146,18279980
2013-03-05,183.3749542236328,184.2752219892032,179.31297656287816,181.94916985640938,19059400
2013-03-06,186.8252716064453,187.3723204899385,184.05984518161424,184.44753148876265,21540750
2013-03-07,186.61419677734375,187.11816791388839,184.80503793655672,186.27821163782303,11774640
2013-03-08,190.34877014160156,191.16289543883786,187.47135803942416,187.57043545280126,19462340
2013-03-11,189.93528747558594,191.33953950211756,188.98333174461408,190.34019434034693,14154810
2013-03-12,190.12049865722656,191.94257946684917,188.07443214021728,190.13342065677824,21840370
2013-03-13,187.7513885498047,191.08539623591562,187.0492624949733,189.27193866753856,21052580
2013-03-14,194.27294921875,194.82860836239007,186.53235575293152,187.72121918542885,33666130
2013-03-15,194.8717041015625,195.88828305896936,192.7610273253076,195.04400183208804,22161680
2013-03-18,193.8206787109375,194.63049253724736,192.40351766036997,192.77826885445543,11219240
2013-03-19,189.83619689941406,195.5350351814547,186.95878447520423,195.21628376995923,40393960
2013-03-20,182.67283630371094,190.3617425153039,181.8027242161015,189.4873187121329,23048180
2013-03-21,182.59097290039062,185.99820034658035,179.21387487581816,183.15525542759087,32310360
2013-03-22,179.5326690673828,183.4998811264976,178.8477767223253,182.91836478960752,20894740
2013-03-25,177.318603515625,183.0734423155457,176.85769690249464,183.06052031449877,22640640
2013-03-26,176.63369750976562,178.14993581240518,174.63502034471682,176.60785350967035,16268370
2013-03-28,178.56776428222656,179.19235828926057,174.97100510698164,176.5087756911641,18801120
2013-04-01,180.10556030273438,180.73876463783495,178.02503928481755,179.62312140846228,11155370
2013-04-02,184.40013122558594,185.05056922066908,178.81760384713118,179.3818864133587,15282510
2013-04-03,181.31167602539062,185.82163850936618,180.10556560870407,184.03832345963704,23043560
2013-04-04,178.12408447265625,180.65690154141248,177.24966078420206,180.09261898679526,15062340
2013-04-05,177.18504333496094,179.53693916612113,175.9186348538427,178.1240769814992,16152430
2013-04-08,175.20359802246094,178.45146314000002,174.77284716877304,177.24536600786305,10811270
2013-04-09,171.28807067871094,177.9862541976715,170.57733441441206,176.19862767669798,18252900
2013-04-10,174.29469299316406,174.76852148781163,170.24132651129156,172.21415933113408,18994350
2013-04-11,175.9487762451172,176.60782442997606,172.98952041221222,175.29833834371462,18848870
2013-04-12,179.347412109375,180.65689833404608,174.02333807608196,175.7463414233699,20632180
2013-04-15,184.9040985107422,185.94650811851852,177.6933209498857,177.72778837644867,18089020
2013-04-16,188.07443237304688,189.00916749335096,184.3613621819111,185.05056616495668,14838250
2013-04-17,193.4200439453125,195.54795408918773,189.09961366239824,189.09961366239824,24644810
2013-04-18,198.115234375,199.22657892435672,192.54562906501275,194.1307890308135,21382190
2013-04-22,200.48007202148438,203.3144069100786,198.69675714257315,198.69675714257315,14450260
2013-04-23,197.06851196289062,201.8756929797044,195.2162885840514,201.59139584400614,18770200
2013-04-25,201.12188720703125,201.84985721781322,197.62849086922023,198.9207434594169,20535590
2013-04-26,197.1072998046875,201.12190128754023,196.17687629715033,200.29916550339198,11550470
2013-04-29,195.8667449951172,198.9595465572128,194.88033486392376,198.31771875455922,13964420
2013-04-30,195.06983947753906,197.49928077884454,191.71429954802238,196.5947012912207,14814500
2013-05-02,198.09799194335938,200.45849791689758,195.14303461640984,195.99161421917765,20143690
2013-05-03,190.71925354003906,197.57679981799313,190.04728325515092,196.85314153357098,36583570
2013-05-06,191.77890014648438,192.3345724416337,188.06582980303682,190.0085072602545,19604120
2013-05-07,194.42373657226562,195.04401897304894,191.12849453402637,191.25341598646236,12903980
2013-05-08,194.24278259277344,195.8193322263807,192.24840412338384,194.6993774262503,14795230
2013-05-09,197.36573791503906,200.4542142247817,193.320981023254,194.6993890356781,22585460
2013-05-10,197.5940399169922,200.1268571397746,196.74546017596438,197.275288479252,18603240
2013-05-13,196.22425842285156,199.76071944649792,195.39721095401887,198.5761545333381,12807580
2013-05-14,197.54664611816406,199.74778985424186,195.2507498122893,195.84087638877716,19822490
2013-05-15,205.27432250976562,206.14013596784076,198.59768400299131,199.0155128740729,27233960
2013-05-16,208.42739868164062,210.12886969116843,204.34818786083932,204.63248498155764,22683930
2013-05-17,208.90126037597656,209.75415187351476,205.72662840890646,208.5221974881818,16893270
2013-05-20,207.77696228027344,212.96320591005778,206.97577205312018,209.34490159795297,18149490
2013-05-21,203.3747100830078,209.25875505233608,202.78888209869532,208.48340879023087,19350270
2013-05-22,203.57286071777344,206.94994591013307,202.0695312652472,205.03741102456857,15125760
2013-05-23,187.60061645507812,202.88366224120196,185.48132951032943,202.88366224120196,63821860
2013-05-24,185.3262481689453,189.3580831057318,183.27588298805637,188.84117680893476,34747060
2013-05-27,186.2653045654297,188.09168412196308,184.94719475578236,185.56747708544916,22382280
2013-05-28,187.0733642578125,189.8841174117764,186.43216433582893,187.56524438441517,21430960
2013-05-29,185.00921630859375,187.90779742833854,184.2845576259298,187.54328344238732,16838910
2013-05-30,183.45013427734375,186.2038053612519,182.6156937742042,184.4558616567602,24345150
2013-05-31,179.77857971191406,183.4896477076903,179.36574887932088,182.8660187666942,20767490
2013-06-03,181.80758666992188,182.87040957908872,179.19007414528022,179.89714845133713,21804450
2013-06-04,178.1492462158203,183.05049050063312,177.51682500434836,181.82079003539872,18890680
2013-06-05,178.46104431152344,179.57217072343047,176.72627553356878,177.95598928842546,19682800
2013-06-06,179.95867919921875,181.55728990032216,176.24320100732197,177.71445896156405,24860940
2013-06-07,177.79347229003906,182.25994478597025,176.98977770782173,178.74650006720455,18938650
2013-06-10,176.68675231933594,179.80054127437037,175.76886644142556,179.1856910933214,14601870
2013-06-11,175.4526824951172,177.9560177441248,174.09121970009076,176.11145351825277,27831190
2013-06-12,176.20364379882812,178.21948113335313,173.09425106522352,178.21948113335313,31892330
2013-06-13,177.32359313964844,178.81680474999948,174.3722984756484,174.78951207411367,21107870
2013-06-14,179.6995391845703,180.85457295046314,178.39077611925663,178.8343528318663,18141370
2013-06-17,181.45188903808594,182.17213837466085,174.98714897499917,180.28806293150635,25618850
2013-06-18,179.50192260742188,182.25997665784584,178.94416798576512,181.20594573844292,15409980
2013-06-19,179.6951446533203,180.25289921749408,178.19314103099035,179.53703266020344,15403450
2013-06-20,175.45704650878906,177.41139214510412,174.5611143283797,176.46276043691685,26521840
2013-06-21,174.71482849121094,176.4495838094717,172.7121660390916,175.1452168989585,26461690
2013-06-24,171.14427185058594,174.5391423716768,169.52369452757313,174.1833937909936,21810540
2013-06-25,167.57374572753906,171.23651025903237,166.99842022383822,171.1047614424322,30781170
2013-06-26,166.89303588867188,169.14603467032066,166.19474029365296,168.1183401992959,20557680
2013-06-27,167.98658752441406,169.52371969784008,166.97647745725425,168.77710728108445,19891950
2013-06-28,171.61422729492188,171.9260417895072,169.5237232069166,170.226414895574,15660360
2013-07-01,177.04248046875,177.51680301997695,171.71961376700716,172.42230540414414,15135150
2013-07-02,174.78512573242188,178.219508343714,174.11756254444458,176.65164355707793,16265170
2013-07-03,166.77883911132812,173.56418499715963,166.25621310548905,173.56418499715963,25313640
2013-07-04,166.88426208496094,168.94841663933994,164.48194323240952,167.05994507891458,28494530
2013-07-05,166.4011688232422,169.32171756894925,165.85657568403914,168.74199587369938,17580390
2013-07-08,164.53465270996094,165.29882278720234,162.50562675543068,165.04409049296828,15419820
2013-07-09,166.418701171875,167.98657912704888,165.1846047608331,165.74675539147592,22886230
2013-07-10,164.80691528320312,168.9791309588577,163.84510870259714,167.50787327689704,19184670
2013-07-11,167.8855743408203,169.34805334194633,166.88863913727226,167.8548418828429,15679190
2013-07-12,166.3088836669922,168.64093126212424,165.2460742657417,168.2939882854947,14990890
2013-07-15,167.96902465820312,168.395030417234,164.07789060173354,166.15960255682805,23207480
2013-07-16,160.53370666503906,163.3752060811073,157.8854478122529,163.3752060811073,30413700
2013-07-17,158.6935272216797,161.53063033846178,157.2354443135551,161.2671326826687,24112260
2013-07-18,160.2350616455078,160.81916600847777,157.3145130251986,159.24690519033126,20494950
2013-07-19,159.09759521484375,160.65228515047357,157.98646864599328,160.65228515047357,14077470
2013-07-22,160.2745819091797,161.16172196634395,158.63205062417728,158.7198787094849,9686870
2013-07-23,163.45864868164062,164.23161092154078,160.9772806671297,161.4428110881432,14172240
2013-07-24,158.21484375,160.47662162549128,156.90608046734854,159.86177133934768,26278990
2013-07-25,157.94253540039062,159.5104134987957,157.14761951575534,157.57800796437124,29959130
2013-07-26,155.05270385742188,160.1428187529204,153.86252819655547,159.07121702783945,26165140
2013-07-29,152.83926391601562,155.46995174853677,152.20684270109132,155.22840774956748,16545080
2013-07-30,151.3679962158203,155.821280795522,150.93321168480904,153.20816411159052,27908980
2013-07-31,150.05923461914062,151.0605659206152,148.44305311548504,150.88489634895336,30356230
2013-08-01,147.8457794189453,151.34165361581756,146.2471554307761,150.8980768735354,23616550
2013-08-02,147.6173858642578,150.10754584336163,146.2471444927265,148.26737799809672,25310950
2013-08-05,147.76229858398438,148.7943621345742,145.42145879170462,148.26735352628447,17653750
2013-08-06,144.17420959472656,147.24847385363924,143.44077208147112,146.24714260255968,25454280
2013-08-07,150.73558044433594,151.86866060320168,143.69991138629953,144.4904311806031,30640510
2013-08-08,146.17247009277344,150.90683632399873,144.9295949184008,150.0460461190654,22000410
2013-08-12,141.00772094726562,146.65997322458432,138.34189144156227,146.1724757805619,54399680
2013-08-13,142.2901153564453,142.90936159794006,138.34188613313762,140.07225873349734,40050290
2013-08-14,142.68099975585938,144.34549803259316,141.24048788072292,142.64585780127655,22630340
2013-08-16,137.95541381835938,141.76749837248337,136.40950286533004,141.49520853329292,33161930
2013-08-19,134.4331817626953,137.72703619953333,133.59874131924195,137.72703619953333,27358320
2013-08-20,136.501708984375,137.169258611586,130.75283705375304,131.75416819593306,24469990
2013-08-21,135.97032165527344,145.0086528527107,133.77441857105626,144.0512423246469,32616310
2013-08-22,137.44158935546875,138.0696144663802,132.8345752372955,134.6264397893078,39523490
2013-08-23,136.94529724121094,139.37396541126498,135.4520858890342,137.59967204314862,22294020
2013-08-26,136.7827911376953,139.20706301037566,135.7199682824624,137.99931646715632,17001610
2013-08-27,133.5109100341797,135.4652691770216,131.88593636017205,135.44330210412858,23246040
2013-08-28,131.56533813476562,132.80821335990126,127.59953777522254,131.75418257980851,25272130
2013-08-29,130.6826171875,133.91499433567978,129.33872522344106,132.89609182354567,20084810
2013-08-30,133.41868591308594,134.03793220308845,129.14545360392054,130.5596157535003,21562390
2013-09-02,133.1903076171875,135.26763686546113,132.6632988918169,133.51091430876681,13421710
2013-09-03,129.61537170410156,134.79331469417934,128.33735455882902,133.9456859561114,21050700
2013-09-04,131.2447509765625,132.76431235545274,127.86306782925806,129.6461402930276,23858020
2013-09-05,143.8887481689453,144.44650272940115,134.68352615888637,134.91629135055854,41009330
2013-09-06,143.572509765625,144.75390647255335,140.26548088561202,143.87554540585427,24826830
2013-09-10,143.4803009033203,148.89099546496772,142.38234945289003,145.812348711816,21510870
2013-09-11,148.4474639892578,149.12379257762382,140.7398351146804,142.5492573481187,28928540
2013-09-12,145.66741943359375,149.9977471559414,144.57826011405152,149.32140527340965,19021980
2013-09-13,145.90457153320312,148.09169562724028,143.2650919818761,143.8755594159859,17630960
2013-09-16,144.60899353027344,149.7605868713888,143.63840814231668,149.05789522018554,22536660
2013-09-17,143.4934844970703,145.80796147012285,142.92693776148568,145.1052698186368,16469200
2013-09-18,147.00694274902344,147.4065987459952,143.7789623140435,144.49043281752282,13959810
2013-09-19,158.78575134277344,159.6860796754991,153.11154511129737,153.1861983128349,33437450
2013-09-20,153.498046875,162.0137534638328,148.65388441226807,159.31719100325432,50467260
2013-09-23,145.3380584716797,150.55113097215423,144.34551925381794,150.12512517862595,24899540
2013-09-24,144.4860382080078,145.29412899821594,140.20842295245868,142.29453104650463,27959960
2013-09-25,148.6758270263672,149.5146636881445,144.06882623111125,144.07320892381742,31710460
2013-09-26,147.22213745117188,149.11060887766655,146.1856641518212,148.02583214031577,16402440
2013-09-27,144.1127471923828,148.32009198839765,142.94012894122682,147.6130041613499,16454000
2013-09-30,141.84657287597656,142.99722404844363,140.24355276192273,141.74995259569988,16838130
2013-10-01,144.3455047607422,144.78468539439766,141.767503182892,142.50094073829752,12547570
2013-10-03,145.8255615234375,146.24717123730284,142.7512966625933,144.31477886246128,17636560
2013-10-04,144.98670959472656,147.3890282774843,143.1728913724729,144.92961396600018,20201430
2013-10-07,143.44078063964844,144.49042878969829,142.29892171182215,144.16104331373393,11363520
2013-10-08,141.20095825195312,147.5207600832832,140.31820096172464,147.14745389470167,26710340
2013-10-09,141.32830810546875,142.10127023057893,138.2408691025166,139.7384765185536,34175100
2013-10-10,143.4320068359375,144.01172851043407,141.2404996819105,141.43812293271856,17336910
2013-10-11,145.175537109375,146.8532102070005,143.26071613927292,144.9295970472101,15976780
2013-10-14,145.56204223632812,146.59850218350059,144.37186637421593,144.600235497475,10581410
2013-10-15,142.5404815673828,148.75050286550737,141.51280037630002,146.15932611062107,23221460
2013-10-17,142.40870666503906,143.5944862518966,140.53779300676345,142.79079164533965,19848640
2013-10-18,146.21200561523438,146.85320551376319,142.90935905274867,143.08502860543396,16838070
2013-10-21,146.8224639892578,148.88222205689445,145.98362744249778,146.4316002282026,14555250
2013-10-22,147.14744567871094,148.6099244928864,145.80795029164076,146.68631143797595,13665340
2013-10-23,150.77511596679688,152.38691493595422,148.0038869888677,148.61873725130204,32879400
2013-10-24,150.92880249023438,153.26524643520122,149.99334569329702,150.9024527271709,21267920
2013-10-25,151.16160583496094,152.80853345592692,149.32143763424978,150.63897973102257,14223140
2013-10-28,147.16064453125,152.73824408012186,146.80930537657616,151.51732242394533,13060010
2013-10-29,152.87437438964844,153.27403034644365,144.5431178200951,146.77416278739926,30146060
2013-10-30,151.1703643798828,154.45983648817113,150.61700588719887,153.54193715593695,14466420
2013-10-31,157.81954956054688,158.40365385494354,149.82207467497815,150.89805909154637,33459510
2013-11-01,165.04408264160156,166.0102854311286,157.1651807211439,157.4901835154738,34197760
2013-11-05,164.7761688232422,167.58252586120392,161.63603024357346,164.4555621633011,21888850
2013-11-06,158.94386291503906,165.60184285336504,158.45636544784298,163.55086342047207,23159300
2013-11-07,153.94158935546875,160.56444075076428,153.44970919509512,159.05365831377148,31283760
2013-11-08,153.21255493164062,155.2942803238603,151.95650470754174,153.62538581433614,17637190
2013-11-11,149.70350646972656,153.97234293662953,148.90419446767586,151.930155588555,18516020
2013-11-12,146.94546508789062,150.81464588480657,146.59850859090164,149.74744002745558,24334250
2013-11-13,149.0623016357422,152.59770040305173,145.16237543413732,145.64108072021446,60408150
2013-11-14,151.35040283203125,152.90950186567744,149.82206305704574,151.3460067375473,18331450
2013-11-18,155.2591552734375,155.4699668331097,152.14098304501493,153.30480921223065,18948610
2013-11-19,160.160400390625,160.7401220803569,154.85510389785162,154.9429319884979,28702840
2013-11-20,157.72731018066406,161.15291313173395,156.52394635202518,159.773879762504,23355560
2013-11-21,154.85069274902344,157.10369146753536,154.15239717357318,156.56349448151738,23675930
2013-11-22,152.65480041503906,156.42736058748974,152.39568544005357,155.259138451005,17754460
2013-11-25,158.6891326904297,159.1239306322317,152.839256827775,152.9666095617537,22735900
2013-11-26,156.8094482421875,159.81783842359462,156.4361554058705,158.10503654160658,16048660
2013-11-27,154.9165802001953,157.99084479004472,154.31930094176352,156.87533557455066,13691010
2013-11-28,154.9077911376953,157.283759935733,154.65745496389897,156.08479200023135,18432410
2013-11-29,159.81346130371094,160.47661500513988,154.6794381714332,154.6794381714332,23401810
2013-12-02,160.0505828857422,162.80425382625214,159.1941887571416,160.4765886039695,17459790
2013-12-03,159.29083251953125,160.72255237324157,158.56617370026564,159.41818526238583,14806910
2013-12-04,159.62896728515625,161.1573205413339,157.84149909293654,158.71986026029037,15426920
2013-12-05,163.01947021484375,165.36469333030078,162.16306256697644,163.375205477132,23662450
2013-12-06,163.33567810058594,163.9988451748197,162.0620568887183,162.6725110263522,14500680
2013-12-09,166.0849151611328,168.9966709610962,165.57546411274913,167.85481224866828,18775040
2013-12-10,161.9083251953125,166.7656616668257,161.29347502222132,166.4274974223077,18864240
2013-12-11,157.80198669433594,161.87758229101914,156.48004874601173,161.6184673348695,20710400
2013-12-12,156.0847930908203,157.9293570963682,155.60608781284847,157.22666540841047,15817310
2013-12-13,153.15109252929688,155.46996606328406,152.8436606816386,154.41593507560466,16462210
2013-12-16,152.14097595214844,154.7584890330756,151.72374894810198,151.9652929592464,13021320
2013-12-17,150.92880249023438,154.15238639803692,150.4325262813256,153.7307767862933,17632770
2013-12-18,154.89022827148438,156.2516909656779,150.63896280036252,150.63896280036252,23581260
2013-12-19,152.04872131347656,156.20776239254317,150.4193649380071,155.67196149081542,18373200
2013-12-20,153.81861877441406,154.4159113975737,151.08253204127593,151.5173165738755,15023660
2013-12-23,154.4554443359375,155.71589066079719,153.27404731166075,153.27404731166075,13320010
2013-12-24,154.5257110595703,155.64561633189192,153.88889376967478,154.51691886901233,13339310
2013-12-26,154.01626586914062,155.61927258865953,153.4497190681341,153.97674121828854,16332130
2013-12-27,155.47874450683594,156.47129716441765,154.15242363558139,154.15242363558139,10695570
2013-12-30,154.99562072753906,157.11246099902618,154.16116687893236,156.41856155951584,10861570
2013-12-31,155.1625213623047,155.73346426026998,153.68688078233856,154.54328842792145,10753080
2014-01-01,155.03515625,155.9003426147356,154.70137468713887,155.6456103474798,5904780
2014-01-02,153.063232421875,158.63205314476272,152.14974258433062,155.10981582054558,19451900
2014-01-03,151.04737854003906,152.48350766075714,150.2876046898518,151.69297454959437,13759590
2014-01-06,148.2805633544922,151.42948107443553,147.7403663360185,151.245032709016,13907830
2014-01-07,145.9309539794922,149.49709891181791,145.36880325226937,148.69778686761234,17352910
2014-01-08,145.55764770507812,147.38464091897683,145.01746405329385,146.18129015995046,14248790
2014-01-09,144.03366088867188,146.0494981652823,143.17287069492627,145.19310406625914,14791100
2014-01-10,141.253662109375,145.4566237747581,140.53779556876006,144.01171581130276,20473070
2014-01-13,144.1610107421875,144.4991749294573,141.4293072759447,141.4293072759447,15564850
2014-01-14,142.95330810546875,144.84177962564698,142.58879404651793,143.6120791105631,10197000
2014-01-15,144.1127471923828,145.6323085125336,143.3485637354997,143.3485637354997,13624980
2014-01-16,143.7174530029297,145.083311616944,143.38806755809148,144.41574853765928,7241970
2014-01-17,142.43064880371094,144.4464860006333,142.03099287887446,143.57252095999692,11207380
2014-01-20,144.2137451171875,144.5694803646144,142.0002709310749,142.43067278476417,9468650
2014-01-21,145.7640380859375,146.92348130027602,144.59581608460365,145.27215795963446,12351890
2014-01-22,144.65292358398438,145.62790512964844,143.63402129428098,145.28094867528586,9821920
2014-01-23,145.65866088867188,146.0714917857818,143.7130937603596,143.96341655320822,9241310
2014-01-24,142.39993286132812,146.23838094228537,142.11886420844291,144.84177625788323,16616560
2014-01-27,140.0546875,140.88912794063046,139.04896019592402,140.35332708460828,15688040
2014-01-28,140.21282958984375,142.99723352060064,138.6273803497462,140.80571279159665,18296910
2014-01-29,138.2233123779297,142.45261021548185,137.90270572117544,141.67966148835197,17594550
2014-01-30,133.21224975585938,136.84866423143637,132.63692429845088,136.5851532167108,20955320
2014-01-31,133.8490753173828,135.17979208557318,132.89606085910586,134.43319305879177,13174950
2014-02-03,130.73089599609375,134.30142304029798,130.43663909487452,133.9500839189789,14150230
2014-02-04,133.1068572998047,133.68657893872455,128.83802110883576,129.47044227807035,18002040
2014-02-05,133.6602325439453,134.38049521701922,131.85081047629234,133.41429246112233,13227190
2014-02-06,132.18019104003906,135.08316848961118,131.1788597678319,133.69536953213552,16116300
2014-02-07,134.178466796875,134.80210921444476,132.0616262588813,133.51531313202932,18203400
2014-02-10,132.99269104003906,134.6396185195242,132.39539837139276,134.42002818892618,10494640
2014-02-11,133.4845733642578,134.16969413442794,133.0278217165676,133.06734636837777,7118720
2014-02-12,134.6088409423828,135.2676117789687,133.3396026972517,134.13453183724084,15539930
2014-02-13,131.80247497558594,134.89870604855327,131.40721514149342,134.65276600055228,13251910
2014-02-14,129.56707763671875,133.0541732609876,127.8103549404717,131.95622157583318,45823350
2014-02-17,129.43531799316406,130.42787052258083,128.52621085707324,129.11910739812072,16601150
2014-02-18,131.83763122558594,132.614976097034,129.21572239134693,129.73395230564563,13981720
2014-02-19,132.4612579345703,133.07172541847967,131.578514018422,131.7454047953966,9753850
2014-02-20,130.0501708984375,131.8464181343128,129.67686466836287,131.49068288286264,10363320
2014-02-21,131.93865966796875,132.193378553362,130.43665591477915,130.43665591477915,9430050
2014-02-24,132.6764678955078,133.28253929514685,130.80555416666192,131.82006032597806,10295950
2014-02-25,132.2812042236328,133.59874604497287,131.67513284137982,133.2473935176451,9445490
2014-02-26,133.54600524902344,134.8108472780331,132.21968491726437,132.63251567403074,31769610
2014-02-28,134.6747283935547,135.2149253568742,133.3352329238095,134.3189931795508,13109410
2014-03-03,133.36599731445312,136.9013962768335,133.0805191624234,134.38928235808302,16179310
2014-03-04,136.17672729492188,136.57198714112977,133.07171734032624,133.33522837204077,17249460
2014-03-05,138.48243713378906,138.95674630899256,135.2676317597276,137.02435425011367,25001030
2014-03-06,138.55271911621094,139.0885200562611,137.20003518106063,139.0885200562611,22604310
2014-03-07,144.8988800048828,146.19886448082954,138.9831156491933,139.1324354735796,51525570
2014-03-10,148.63189697265625,150.28761652080655,144.0512462314041,144.40258537331584,44180640
2014-03-11,148.4236297607422,152.6154462003671,147.6481898314749,149.77068348134,25625230
2014-03-12,145.7915802001953,148.35274725303924,145.1180600263771,147.05000694534556,17206710
2014-03-13,146.4119415283203,150.3024342819449,145.5966098491684,146.22582997658768,29306490
2014-03-14,146.59359741210938,147.89191575642198,144.80787047500633,144.985124715221,17043720
2014-03-18,150.77210998535156,151.45448737279017,146.66892074542318,146.66892074542318,29193580
2014-03-19,151.4412078857422,152.38503128342134,150.35116461301138,151.54312772281463,17798490
2014-03-20,148.70277404785156,151.18861966690196,148.21978742454607,151.18861966690196,14052620
2014-03-21,150.84742736816406,151.70262355018284,149.68204981896614,150.47965325345606,16902930
2014-03-24,152.9256134033203,154.19291082833055,151.62730865844762,151.62730865844762,16494770
2014-03-25,154.50308227539062,154.8841626510333,153.1471712266098,153.56369433546138,16789650
2014-03-26,156.6388702392578,157.21490593717988,154.33913581504038,155.455764477323,20279380
2014-03-27,162.798095703125,164.2869476196073,157.7466604058838,157.7466604058838,48585150
2014-03-28,168.55406188964844,169.79476037691683,164.52619341210365,164.52619341210365,33298740
2014-03-31,169.94985961914062,171.81977826927567,167.0696540006568,169.71057721220012,25924470
2014-04-01,167.81851196289062,171.35450966286402,165.5010492960442,170.86266564576408,22272160
2014-04-02,171.47415161132812,171.9261174643614,167.30006311882164,170.15368326369787,19202730
2014-04-03,168.0444793701172,171.748873818043,166.92785071088957,171.3943788703996,20425470
2014-04-04,168.62937927246094,169.4712827658419,165.73588114373757,168.29261246606896,20800500
2014-04-07,170.3663787841797,170.65883204750907,168.23944964794765,169.24087929002107,22630300
2014-04-09,175.91409301757812,176.53444227835948,171.04433441719496,171.04433441719496,26631730
2014-04-10,179.72923278808594,180.78826859743282,176.37491170917593,176.80029208425415,28796540
2014-04-11,176.7249755859375,179.87548438215066,175.8609220341387,178.57274417410974,20895560
2014-04-15,174.05743408203125,177.6643434578188,172.6040388658582,176.80027654685924,16863520
2014-04-16,173.64540100097656,176.76931123397793,172.82121197004682,174.23030760065555,19376260
2014-04-17,178.7765655517578,179.19308865601607,173.94224981741522,174.3321874914101,21513800
2014-04-21,183.63307189941406,184.2268358004997,179.1931150744611,179.1931150744611,18872420
2014-04-22,181.5459747314453,184.06726310857454,180.80599112955062,183.80139531140244,18364100
2014-04-23,183.0215606689453,184.1559174837563,180.86362417766503,181.2313983270155,23265390
2014-04-24,183.0215606689453,183.0215606689453,183.0215606689453,183.0215606689453,0
2014-04-25,184.7984161376953,187.12917144762915,181.04528616266867,182.56072335992067,22655730
2014-04-28,186.65504455566406,187.78940138179502,183.5754481925929,184.33316004008347,16889200
2014-04-29,183.07473754882812,188.3122840671893,182.56072998731685,187.85588278312503,16514320
2014-04-30,184.20909118652344,186.79684355536924,182.02013381733605,183.44250850924442,22114870
2014-05-02,181.51499938964844,186.53097807745226,180.79715215405045,185.66248907479087,15446470
2014-05-05,181.19151306152344,183.43364117166576,180.3451741351307,182.07329472084916,13172760
2014-05-06,181.86949157714844,182.89307134283143,180.85034722461768,182.54301176883303,9841880
2014-05-07,183.9609375,184.77625556611702,181.14276023947028,181.8251511566657,19519520
2014-05-08,185.37445068359375,186.46005843605272,183.55770306043124,184.90917862745525,19363440
2014-05-09,192.59713745117188,193.65617342544837,184.33316531638758,184.33316531638758,27635400
2014-05-12,198.7519073486328,200.7104395132255,193.9042988628662,193.9042988628662,26436870
2014-05-13,201.7118682861328,205.956842110802,200.32050099233265,202.05749240328709,32756640
2014-05-14,202.2834930419922,205.23459767414607,200.92758193027285,202.23474406864275,28870930
2014-05-15,201.99102783203125,204.09579336752688,201.37953589178716,202.94370847515677,21093980
2014-05-16,214.21636962890625,222.17459432823554,203.91853264173545,208.26099043756463,79653680
2014-05-19,227.5894012451172,229.9556126975971,217.03455280442057,217.03455280442057,36044700
2014-05-20,223.91603088378906,231.74576467663158,222.4759281396226,231.36469782594602,23419880
2014-05-21,217.94737243652344,224.21293404068234,217.30043771751676,224.03569331908326,23542300
2014-05-22,222.5867156982422,224.92190645030328,218.98425448541136,219.3387359223064,20116860
2014-05-23,244.01986694335938,246.10248239273176,221.31055533334685,223.3266936867572,89947940
2014-05-26,239.44699096679688,251.2336671137506,232.98646098999905,251.15391082332084,43472930
2014-05-27,233.01747131347656,239.27859675895158,231.89642084031223,239.0304570737502,21141040
2014-05-28,231.3203887939453,234.48419048344832,229.54354614124097,233.6954712901453,22103120
2014-05-29,231.87745666503906,235.5453364489414,229.9655436239674,232.006718274884,38177620
2014-05-30,226.6007537841797,233.5309118540486,225.59799700618044,232.01119021694902,23614930
2014-06-02,235.73252868652344,236.35647713781566,225.21472120340457,227.20240422751527,22338560
2014-06-03,235.77706909179688,239.596461373896,233.65124329297535,237.6444260707645,31312470
2014-06-04,239.11512756347656,240.100039987061,233.7358921368874,233.7358921368874,19581210
2014-06-05,240.4744415283203,242.71168471303685,238.07673659367194,239.28005010981607,21508380
2014-06-06,244.20913696289062,245.53722373794375,242.02980597313748,243.7812843312994,23003760
2014-06-09,241.36131286621094,246.14333945177088,240.40311224901563,245.56397435367165,16762200
2014-06-10,237.61322021484375,242.30167366869247,236.30295034701805,241.90948219794757,15604840
2014-06-11,240.42539978027344,243.6698879801115,237.45279074772284,239.1463300249766,20880260
2014-06-12,240.7775115966797,241.5529725067276,237.9965370772586,240.4031370875949,17608610
2014-06-13,232.45240783691406,241.5529754198873,230.50037239079415,241.37469666074082,18537170
2014-06-16,230.0234832763672,233.0807706087507,227.02858262384933,232.71977927302046,17379420
2014-06-17,236.4990692138672,238.19706966974312,227.60351947927617,228.54833705988582,22808210
2014-06-18,235.45175170898438,239.2622220999439,232.3409859921584,235.31359519380635,25021300
2014-06-19,232.23402404785156,237.84052900162132,231.33822364448662,235.93753797711608,21446630
2014-06-20,230.24185180664062,233.8651482278161,228.86028677584906,232.37216578481497,15397210
2014-06-23,231.76605224609375,233.93646142703744,228.806826222962,230.32208682484782,17948990
2014-06-24,237.3814697265625,238.32628713211034,231.7660162693191,231.7660162693191,17354830
2014-06-25,239.9396514892578,241.04490362339226,235.95536334584685,237.45280698593598,23118070
2014-06-26,236.43222045898438,242.22592615612044,235.2645681022984,240.66162126565084,17973090
2014-06-27,235.22000122070312,237.97869775235327,234.24398348943382,236.69516683995747,10927310
2014-06-30,239.43606567382812,241.28114490929372,235.80830749430424,236.20496008772247,15140470
2014-07-01,238.89671325683594,241.46377440477312,238.56692211796434,240.5724352396012,9828620
2014-07-02,240.8621826171875,243.24650451092805,239.97973815880752,240.66608687104954,16497960
2014-07-03,240.32290649414062,242.4888545439112,238.63382825147485,240.66161979275844,14368590
2014-07-04,240.49224853515625,241.97187500152017,237.10070910912106,240.7507445423234,15306300
2014-07-07,239.29788208007812,241.88722186541779,238.43328180193188,240.4031341959076,13937420
2014-07-08,229.53768920898438,240.39422267275023,228.18286325097782,239.14632587813284,17690110
2014-07-09,230.16610717773438,233.07631598646506,226.8904323736052,230.8568897279294,18223190
2014-07-10,226.90826416015625,236.37874472478597,223.28050648844666,230.2463256633993,37386490
2014-07-11,216.17205810546875,226.72997319290957,214.9910362541406,225.64253815978822,22975720
2014-07-14,214.9063720703125,217.5670205975759,210.9265451016185,215.70412460381604,16142970
2014-07-15,224.40357971191406,225.04980615174452,216.3414172878363,216.3414172878363,20244400
2014-07-16,229.39064025878906,230.53601454801097,226.0391957144983,226.22192190700426,21653240
2014-07-17,231.94876098632812,233.78937870746825,225.7851424770198,227.9154427332777,16169410
2014-07-18,228.4057159423828,230.41122954577932,226.19073704082336,230.10817742100394,13962750
2014-07-21,224.90274047851562,230.1438199561027,223.95790938842526,228.27200197103346,12814270
2014-07-22,224.99188232421875,227.20240015538354,223.1423558501335,225.3305956373341,10256470
2014-07-23,226.43138122558594,229.3371560337742,224.35009798599268,226.57844622502867,15629540
2014-07-24,227.92437744140625,229.15887747050985,225.52221150951166,227.20238118676565,12997790
2014-07-25,222.8838653564453,228.80683303105766,221.3284824681254,226.62304063791146,13895680
2014-07-28,221.91229248046875,225.6871150777138,220.60648362943022,223.29833220758562,12536680
2014-07-30,220.11622619628906,223.43200931135578,216.62217795045956,222.03261375407246,24264520
2014-07-31,217.41995239257812,221.23042265115583,216.95199107611975,219.00207428923693,18349440
2014-08-01,217.2372283935547,221.49782941660615,214.81278426318744,215.25845394008203,20333530
2014-08-04,219.394287109375,220.07170018099185,217.56703855478122,218.6455652511521,13946260
2014-08-05,220.50843811035156,221.40868594475026,217.62495481015915,220.74464249070542,17961890
2014-08-06,216.2611846923828,219.68838518339948,215.80214552444372,218.8237850261926,12928410
2014-08-07,217.13917541503906,218.2889971700574,214.3938486378279,215.25844887873487,15579810
2014-08-08,215.5214080810547,217.96813037602337,213.03011609603945,214.99106005124852,32789900
2014-08-11,215.2094268798828,217.48233124662576,214.36710470103026,216.59545298274574,12536370
2014-08-12,216.51968383789062,217.3887451107967,214.09970086051766,215.70411434855117,12331020
2014-08-13,211.15383911132812,217.1570101771782,209.68758207247066,216.14979235950747,20923880
2014-08-14,210.57891845703125,212.45073650584177,209.47365278240156,212.22790167149572,15800260
2014-08-18,215.81109619140625,216.5286314974776,209.82129419613693,209.91043357851257,16556210
2014-08-19,217.68734741210938,219.4477343807128,216.53751209113503,216.96981219850377,15948060
2014-08-20,215.2361602783203,218.22659978507457,214.6790732226261,217.93245618757703,16065950
2014-08-21,219.94241333007812,220.77581332369732,214.82166026855984,215.16928201992926,27963970
2014-08-22,225.03643798828125,227.20238599577303,221.0298721188482,221.0298721188482,26474960
2014-08-25,223.38299560546875,229.7337742908989,222.0950038345026,225.50883486394096,26784130
2014-08-26,222.47828674316406,223.63701691101016,219.73740761333383,222.82144746508675,14312180
2014-08-27,223.28050231933594,225.97679835414613,220.51734495412245,223.73063303353987,14200130
2014-08-28,219.3318634033203,224.95175104164315,218.64552834874027,223.90442466631993,14700480
2014-09-01,223.22254943847656,224.3456456308703,220.4192836068734,220.78473597426367,15193550
2014-09-02,224.79576110839844,225.86536551193544,223.19134770271398,224.363461018544,16508080
2014-09-03,223.28050231933594,225.44645036436884,222.2465454316391,224.87154628866782,15715840
2014-09-04,221.600341796875,223.63704191549115,220.69563288269043,223.3696509857888,12428860
2014-09-05,224.23867797851562,225.5088391802159,221.59586026179107,222.0326214078597,16913550
2014-09-08,228.70875549316406,229.25248662942593,225.32166331793644,226.15061596749433,17875080
2014-09-09,228.83798217773438,230.8479566519071,227.46978668851798,228.80680923956243,12975200
2014-09-10,227.28707885742188,228.4413753130665,225.11666966227912,227.2024005290038,16289770
2014-09-11,232.02452087402344,232.54151287829498,228.47254697537142,228.47254697537142,15981320
2014-09-12,234.4578857421875,235.40270317834313,230.63403271381245,232.19387641332614,16374410
2014-09-15,233.8206024169922,235.66122032368688,231.258001823579,232.9782802153147,17437540
2014-09-16,228.45916748046875,235.67009895360422,227.2915152059243,234.33309004062818,15687360
2014-09-17,228.39231872558594,230.68306731760475,226.12833642675523,230.2685977959505,13044950
2014-09-18,233.5665740966797,234.2439735149462,226.75672831246965,227.6480676747054,20121200
2014-09-19,228.89593505859375,234.5916065832022,227.73720477985154,234.0657196289104,15558510
2014-09-22,231.88636779785156,233.976559483969,226.60517987791894,227.3806542950098,14346980
2014-09-23,227.84414672851562,233.94982635277637,227.2157508920903,232.6306344007768,19379150
2014-09-24,221.61813354492188,229.3594264961407,218.88619011878419,227.3227130087878,23106290
2014-09-25,211.93374633789062,222.82591352643774,210.56107621780407,222.38915237899963,28369080
2014-09-26,217.95474243164062,219.27838186981202,209.4692018725218,210.34717164936623,28118450
2014-09-29,218.35137939453125,220.87387112993,216.23890970266083,218.46725785045925,13845560
2014-09-30,217.99485778808594,220.69561476240807,215.73084836359126,217.13470503230195,18632180
2014-10-01,216.00270080566406,218.73464415284113,215.00885265635,217.93244427678783,10544750
2014-10-07,210.92654418945312,216.01163683618472,210.29814831278333,214.33591449839855,13002440
2014-10-08,214.9241943359375,215.6862856491651,209.11265813966776,209.11265813966776,13589310
2014-10-09,221.0120391845703,222.70113097714253,216.23892101059428,216.23892101059428,17279230
2014-10-10,218.485107421875,222.22874374900408,216.87624634762756,218.80599014703577,12525220
2014-10-13,221.53793334960938,222.3356858625177,216.70241473786564,217.219393184173,13926640
2014-10-14,224.93392944335938,226.7567167138043,222.15295512767437,223.24039018204016,17315970
2014-10-15,224.93392944335938,224.93392944335938,224.93392944335938,224.93392944335938,0
2014-10-16,219.8399200439453,227.71935603534928,218.59205048902,222.85709861827854,19073950
2014-10-17,224.78689575195312,225.95008719383455,220.61542009660477,221.7652555916651,14633000
2014-10-20,229.0251922607422,231.19114031927268,227.5366436006693,229.6981578117939,18824230
2014-10-21,230.33546447753906,232.37217814524905,229.03855049758477,229.96555103290214,15022310
2014-10-22,229.54214477539062,232.96042332954048,228.63744954256947,232.5504148733538,14511170
2014-10-27,231.55213928222656,233.52199166356226,230.05469567654654,231.03517441890324,13429580
2014-10-28,236.80654907226562,237.4795145716406,232.28301860947008,232.46127014210566,22963480
2014-10-29,235.6478271484375,238.78979273678,234.5113749826349,238.61154119790868,17372970
2014-10-30,235.1352996826172,236.47676969974867,233.70917854428137,236.1959956402785,15544270
2014-10-31,240.91119384765625,241.53514226139566,235.8483929643183,236.38320200444954,20770240
2014-11-03,242.75180053710938,244.53894016958606,240.14907783613117,241.19641782500867,17780640
2014-11-05,247.96170043945312,249.55720552124868,242.80529894221658,243.60303788235498,26605100
2014-11-07,244.44979858398438,247.88146026694338,243.33562447922603,247.34665125635613,18163030
2014-11-10,244.1824188232422,246.81185350956213,243.60302650111305,245.92051418507725,12068890
2014-11-11,244.25816345214844,246.232476697961,241.10727582551476,244.93112896242528,17405950
2014-11-12,244.76625061035156,247.0346940103789,243.83032797725159,245.38571078193254,16233230
2014-11-13,242.38186645507812,246.21018035609416,240.21591868877098,245.66198824127753,16859020
2014-11-14,248.4920196533203,250.1900198609582,242.4442794908107,243.33561875364452,50846690
2014-11-17,262.1072082519531,263.06094774351465,248.87973752187304,249.04017205273922,49164120
2014-11-18,262.5662536621094,265.5299401579661,260.63649669281466,263.5645492060406,32898390
2014-11-19,259.42431640625,264.54951785582716,258.8048562085427,262.8559784693142,20735930
2014-11-20,264.81695556640625,266.2876602159979,259.6026143528348,262.7223024223109,18099509
2014-11-21,272.3041687011719,273.6411777127979,264.9506191372286,267.3126629507977,21009207
2014-11-24,275.2901611328125,276.1815004745399,272.794394655065,274.3542385030879,18631463
2014-11-25,271.3682556152344,276.270621672191,268.2931242079914,276.2260383871271,26776620
2014-11-26,272.97265625,275.2010044642857,270.6106125831604,271.76934277398243,11131807
2014-11-27,272.6161193847656,274.97816299449624,270.83344085643824,273.64115409825075,15378080
2014-11-28,286.4764709472656,287.45694970439064,274.53252870992964,274.88905902119717,27760604
2014-12-01,284.8721008300781,291.4234513927694,283.089421885211,287.7243708209524,18449916
2014-12-02,284.06982421875,287.72429331002144,277.6967269465005,284.2480757443038,23776383
2014-12-03,283.4013671875,287.81348080437465,281.97521873700265,284.9166278149191,13699078
2014-12-04,285.49603271484375,286.11998124926754,279.9251608057848,285.0949462583053,13809486
2014-12-05,283.0448303222656,286.38735324624855,281.6632650609612,285.228622846543,11391988
2014-12-08,278.9000549316406,283.9806997020524,278.3652459239895,283.9806997020524,9814223
2014-12-09,273.24005126953125,280.2370702080521,272.3041558860451,278.72180972043094,14926558
2014-12-10,281.6186828613281,282.7328570660311,270.3432181485192,270.5214969018792,15381613
2014-12-11,279.9250793457031,283.93610595298986,276.71627982108583,279.5239930058835,13151866
2014-12-12,277.51849365234375,282.4654158360597,275.4238408784985,279.5685631407357,11727933
2014-12-15,276.8053894042969,281.66319913066906,274.131371691031,274.79987611934746,15117938
2014-12-16,263.4798889160156,277.20650798696414,261.1624014153714,274.6216295907328,20951938
2014-12-17,268.9616394042969,273.1063617957415,255.81438445412826,262.4102899718755,28290440
2014-12-18,273.73028564453125,278.63265145737154,271.4127981836129,277.0282245068058,18921827
2014-12-19,271.1008605957031,278.09788000405763,270.5214954526651,277.6967664119059,14130478
2014-12-22,274.26513671875,275.1118928045537,270.3878049950665,273.0172398318494,11565161
2014-12-23,273.8194274902344,278.5435146175418,272.97264432519097,274.1759577486418,12836868
2014-12-24,272.5269775390625,276.27061329510303,271.85847309702064,272.7498123530765,14866629
2014-12-26,274.2205505371094,276.1369247338979,272.79440211106254,273.50748992484534,7373519
2014-12-29,274.1313781738281,276.49344897095096,273.6411524620756,275.86950060916087,7699059
2014-12-30,276.09234619140625,276.9836854850024,272.7498238404207,274.71078116693883,8113742
2014-12-31,277.9641418457031,278.9446204302931,276.3151588445537,276.35971492505195,6305857
2015-01-01,279.88055419921875,280.77189354380226,276.9391452427004,278.4989890957215,6138488
2015-01-02,280.9947204589844,283.7132945027229,280.1925205117761,280.1925205117761,9935094
2015-01-05,278.766357421875,282.3762705942138,278.1869923351623,281.88604487503744,9136716
2015-01-06,267.3126220703125,277.2956320443455,266.24303134549643,276.31515347879537,15329257
2015-01-07,267.5354309082031,269.67463935174703,263.07873531685703,267.401735480765,15046745
2015-01-08,271.7247619628906,273.19546621017935,269.4964139513883,271.858457403278,8939749
2015-01-09,270.2540588378906,274.398780716194,269.1844409073222,273.37374606694897,11953948
2015-01-12,273.73028564453125,274.35420679071115,268.38225021234183,271.1008240097655,8536142
2015-01-13,271.9476318359375,276.98369355110873,271.10084860175516,274.6662058799674,9484804
2015-01-14,271.5910949707031,273.64116447541716,269.4073028100809,270.9671465815206,8855660
2015-01-15,285.49603271484375,288.52660879459023,279.8806047111215,285.1395023529686,30729523
2015-01-16,281.1729736328125,285.4959471778241,279.07832098227755,285.2285562869111,21598514
2015-01-19,279.1229248046875,283.401370201684,278.54355964093827,282.15347329327705,9975658
2015-01-20,283.5796203613281,285.05032490868007,279.88056734783106,279.88056734783106,13104643
2015-01-21,290.7549133300781,292.0027830075833,284.3372589864535,285.1394589790268,22617660
2015-01-22,289.373291015625,292.00275276499775,286.83296863431025,291.3788043901078,12232626
2015-01-23,291.8691101074219,296.4149194839567,289.37334335793986,292.58217077783337,17127278
2015-01-27,294.1865234375,296.0583413973247,287.5460620105842,293.6071583360467,13734088
2015-01-28,298.2421569824219,299.490026653173,292.5375904864747,294.4985207686497,19428852
2015-01-29,291.46795654296875,297.3508014731303,289.7744172816464,296.63771369890384,14911660
2015-01-30,275.3793029785156,294.58765508450784,273.64118036594226,292.983255135608,30252827
2015-02-02,274.0868835449219,278.00877172282134,271.94767428438774,275.8695624622872,17639807
2015-02-03,267.6691589355469,278.0978387700288,266.55498490201313,278.0978387700288,23743882
2015-02-04,261.20697021484375,270.03125102005964,260.18193546316695,269.8084161957161,21477507
2015-02-05,259.20147705078125,265.4408526199687,257.7753558247534,261.2961300035979,15722348
2015-02-06,258.7558288574219,262.811439635131,254.65568918978943,259.3797773467682,15985714
2015-02-09,249.12936401367188,260.98416723460895,247.79235490447508,258.04275807498396,17088719
2015-02-10,256.081787109375,259.2014748676936,245.74227230016243,247.3466722666903,22589681
2015-02-11,254.8785400390625,261.60814236057377,252.87302617088093,259.2015148381468,17366588
2015-02-12,253.40780639648438,257.59711288455856,248.0597694507842,257.50797349515904,20957180
2015-02-13,273.5966491699219,274.48798860073896,254.34371202396804,256.70575607532925,70540056
2015-02-16,273.373779296875,279.12290156835115,271.59110066357687,276.8499971915029,21372131
2015-02-18,272.4824523925781,274.44338265762167,269.1844858901379,273.46290392434065,13472484
2015-02-19,269.4964599609375,273.908573456058,264.5495102099305,272.8389825488402,17762135
2015-02-20,269.4518737792969,273.1955099181628,264.7723422064735,269.0953434807187,15792502
2015-02-23,264.32666015625,271.5019578861863,262.41028608979485,270.2540882988329,12440505
2015-02-24,264.0592956542969,266.51047898948445,260.3602426069541,264.6386608204918,15046698
2015-02-25,263.4353332519531,267.9811693641433,262.9451074914746,266.51046488118953,12845169
2015-02-26,257.9535827636719,264.7277667469959,256.75026929270047,264.7277667469959,18707345
2015-02-27,267.3126220703125,268.29310063586263,258.57750874416905,259.6025433893521,18316053
2015-03-02,269.18450927734375,272.660727632343,264.4604211540782,272.660727632343,15085595
2015-03-03,269.7193298339844,272.2150694765161,267.1344508038933,270.52152991897515,14387971
2015-03-04,261.9200439453125,280.7718636347728,260.2710608931862,279.8805243851386,38674148
2015-03-05,261.8755187988281,264.0593113258445,258.26560491700735,262.7223021545744,16803823
2015-03-09,259.06781005859375,262.0538027066095,257.3297144227793,260.2711237766325,13199803
2015-03-10,256.3492126464844,261.3852747330057,254.12086418328738,259.1569262698087,14064427
2015-03-11,254.16539001464844,259.29059086986837,252.91752046411548,257.1959381235188,16329314
2015-03-12,255.68067932128906,257.9981669023996,255.01217485759466,256.83940951108616,9969794
2015-03-13,250.2435302734375,259.4243149825588,249.5750257402048,258.4884195166407,13414248
2015-03-16,251.04568481445312,253.0066419707927,249.5749805479555,250.91198937231954,15132928
2015-03-17,252.338134765625,253.14033461106152,249.12930818236512,253.05119525012105,11350496
2015-03-18,256.081787109375,257.10684913403736,251.3576993845285,253.2295174798234,12394230
2015-03-19,251.0011749267578,258.7558112142701,250.10983554647922,258.48842028079423,11046649
2015-03-20,248.0151824951172,251.71423548196424,246.72272951345678,251.1794264136386,11482652
2015-03-23,244.89547729492188,249.5750087082006,243.82585923413697,249.04019967780818,13058026
2015-03-24,241.15184020996094,246.36618063041524,239.770275155656,244.04869297671144,17585259
2015-03-25,236.5614471435547,242.53343139383688,236.20491686029538,242.35515265144875,15824629
2015-03-26,228.76222229003906,237.0071106847621,227.4697830456125,235.75924112478296,22253318
2015-03-27,234.95704650878906,236.1603600122277,228.18286234268714,231.6145241111911,19423101
2015-03-30,238.789794921875,240.08224779772314,234.55593321332574,236.29405574270538,12303870
2015-03-31,238.0321502685547,241.8649255969218,237.09625487989868,239.68113342136863,19482636
2015-04-01,243.7367706298828,244.8063615925662,234.5559584581114,237.67564636859763,12383589
2015-04-06,244.8063201904297,245.78679880820883,241.73121609107295,245.51940791313964,12925445
2015-04-07,242.48883056640625,246.3216056383616,240.92898688865486,245.38568311080175,12933524
2015-04-08,244.13784790039062,247.21297960620953,242.31061307326385,242.35516916113764,9913899
2015-04-09,250.33267211914062,251.1794282153374,242.8899828021471,245.11833126822185,13471276
2015-04-10,254.70022583007812,256.12637426715577,249.61958052346375,250.4663638084058,16880558
2015-04-13,255.19044494628906,257.1514023962962,252.56101018550478,256.5274539708799,11985436
2015-04-15,258.4884033203125,262.45487418290355,254.87848994765304,256.1709156433442,17289500
2015-04-16,260.62762451171875,262.2766077749063,255.36872770606854,258.7112503200223,15043998
2015-04-17,260.04827880859375,262.85599257393505,257.7753741417747,259.379774235821,16819018
2015-04-20,256.39373779296875,261.47438255652196,253.89799869598724,259.37972981360036,13788536
2015-04-21,257.77532958984375,260.27106868290906,251.13484110071792,256.1709025715738,15487948
2015-04-22,253.00665283203125,261.38523638409123,245.47482525084348,258.97860951631696,17741741
2015-04-23,247.48033142089844,256.17088890116753,246.2324619409576,254.03168019248113,13874710
2015-04-24,245.6085662841797,249.21850725585364,244.53897530116254,248.10433298092718,10049508
2015-04-27,238.0321502685547,246.49987365712252,237.18539425060803,246.49987365712252,12394191
2015-04-28,242.88999938964844,243.7813388369499,236.33864901167846,237.98763242949042,12693457
2015-04-29,242.35513305664062,243.69214191190144,240.2604804097624,242.6671072298378,8217676
2015-04-30,240.43878173828125,243.7367481051964,237.72020769098546,240.75075594080306,21635216
2015-05-04,247.03468322753906,247.79232707797294,242.13231704434176,244.22696985382944,8012690
2015-05-05,242.48883056640625,246.9009707069377,241.86490941621472,246.9009707069377,7102772
2015-05-06,236.5614471435547,243.87044035719705,234.64507306970853,241.95406628335087,16335660
2015-05-07,232.594970703125,238.21039667587047,231.43621344422408,235.31354433088794,15962706
2015-05-08,233.48634338378906,238.87893533442582,232.015611759509,235.3135780906284,14044596
2015-05-11,246.05419921875,247.0792611596923,234.06570213326114,234.7787626820315,17198308
2015-05-12,238.34413146972656,245.47484611176188,237.4082360535665,245.3857067384329,12792368
2015-05-13,244.49436950683594,245.11831792397683,238.92349864492738,240.57248186035588,9245732
2015-05-14,250.42178344726562,251.26853944861364,243.29106915456845,244.22696452487844,13101418
2015-05-15,256.2154846191406,257.01768452364416,251.35767470609383,251.35767470609383,18247889
2015-05-18,258.26556396484375,258.488398791388,254.38823254266953,258.39925942046693,13266119
2015-05-19,257.1068420410156,259.6917206720076,255.1013285374243,257.77534654221273,14541041
2015-05-20,260.805908203125,262.76683851952794,257.8199158378196,258.04275068296903,11807544
2015-05-21,258.71124267578125,262.72226969401044,257.10684274909676,262.05376519097223,12118415
2015-05-22,251.75880432128906,271.8584953068083,250.2435165815949,261.1624233603109,69490117
2015-05-25,247.48033142089844,253.40773185175343,246.1433225777801,249.7532627751083,20356833
2015-05-26,247.03468322753906,250.28806625426662,246.0096484659012,248.6836663840088,9675703
2015-05-27,250.2435302734375,251.00117418473837,244.40526823047963,246.90100760727404,12176680
2015-05-28,250.55943298339844,252.5451179710194,249.20554558710296,252.5451179710194,13024987
2015-05-29,251.0558319091797,254.21490230631636,250.10812180800184,251.5071276801992,14809918
2015-06-01,251.10101318359375,254.53085050577783,250.51430656316523,251.5071629074538,11567692
2015-06-02,240.31500244140625,252.22922203111256,239.5026755477691,251.64251548218334,21653784
2015-06-03,232.3270721435547,241.26272346736263,230.2059901487391,240.99195700554498,25967877
2015-06-04,232.5076141357422,235.9374513816818,229.0326307804361,234.5835639090881,20210546
2015-06-05,232.68807983398438,236.478975187006,230.70239504256432,231.96601764526923,13539638
2015-06-08,230.11573791503906,233.545588932108,227.94952346870897,233.545588932108,17384700
2015-06-09,232.5076141357422,233.13941176267258,229.25827869253504,230.16087034093087,15275972
2015-06-10,235.21536254882812,236.97539953772252,233.31991479201966,233.77121056531178,10910978
2015-06-11,229.2582550048828,237.33646044132527,228.03975089646576,236.7046353347658,20857622
2015-06-12,229.21311950683594,230.61213915246697,227.27255319907465,229.30338417008466,11440479
2015-06-15,225.87353515625,230.70240545278781,224.60991249652534,230.16084501436063,13545280
2015-06-16,229.79981994628906,230.83779474603824,224.7453016295739,225.8735410955858,9896598
2015-06-17,230.2510986328125,231.8757523252492,228.80694671458718,231.06342547903085,11241061
2015-06-18,232.95887756347656,235.30562103193762,230.34135388366172,231.46960705971134,11598549
2015-06-19,234.80921936035156,237.4718758265752,233.0040360055998,234.5835714410076,12216399
2015-06-22,240.08935546875,241.3529781464459,235.3958683288411,235.48613299401404,11051382
2015-06-23,241.66888427734375,244.78283610112138,240.31499697046786,243.15815480592565,16180083
2015-06-24,236.794921875,241.80429445082794,235.12512183475377,241.62379265007021,8361760
2015-06-25,239.00624084472656,240.0893617653913,233.81633922761756,235.80205173386642,16506503
2015-06-26,239.3673095703125,240.9016988033172,235.62153229685686,238.3744532754798,14588452
2015-06-29,234.35787963867188,235.39585436431327,230.1608346337438,233.5455527901224,15040805
2015-06-30,237.15594482421875,237.69750529759477,232.5076035554853,233.9968741985869,14181965
2015-07-01,241.66888427734375,243.24841946869893,236.97539726221095,237.4718391350101,12072024
2015-07-02,241.75917053222656,244.82797652624632,240.17963519979915,241.80428909518895,8741783
2015-07-03,243.15817260742188,243.6997330788012,240.81142892805147,241.3078708371949,7238541
2015-07-06,244.42178344726562,245.05360855727355,236.47898873666912,237.56210962670886,9458200
2015-07-07,246.31723022460938,247.8967654482583,243.69972022011572,244.0607513336824,12523410
2015-07-08,241.30784606933594,244.60229957679476,239.72831092446734,243.60944340532455,12669850
2015-07-09,241.66888427734375,244.8730732189869,240.9919406239058,240.9919406239058,6469504
2015-07-10,244.19613647460938,244.60231369612725,240.3150037697191,243.9253700235365,8788162
2015-07-13,247.03933715820312,247.62601620161843,241.80428924063443,245.50492038781516,8423083
2015-07-14,242.07508850097656,246.94907784064563,241.12735075345896,246.94907784064563,10337307
2015-07-15,241.93966674804688,245.23414811561395,241.1273398190903,242.57149188440732,7483918
2015-07-16,245.68544006347656,246.18185441647188,241.9848090618915,243.47407966578658,8354120
2015-07-17,244.69259643554688,247.3101066539238,244.15103594849046,245.8659545367436,5571891
2015-07-20,241.39813232421875,245.50491305029482,240.22474672754743,245.50491305029482,6418930
2015-07-21,238.554931640625,243.51918508225282,237.8328694307149,240.9919398026599,5638653
2015-07-22,242.39096069335938,243.15816905452755,236.38873212347215,238.0134135138711,11322177
2015-07-23,243.7448272705078,245.50489174028516,241.2175820499677,242.3458214421565,6376216
2015-07-24,237.60723876953125,244.0156446403885,236.56926393820945,242.52637400893462,7796401
2015-07-27,233.27479553222656,237.74260714745864,232.91373687875057,237.56210536562858,6788558
2015-07-28,233.95175170898438,238.1939156652478,233.18454334665614,234.89946186280136,10788886
2015-07-29,228.897216796875,235.3056221486958,227.72384505707566,234.67379706172048,9997136
2015-07-30,231.78550720214844,234.22251549111792,228.89723066716104,228.89723066716104,10536937
2015-07-31,243.7448272705078,247.0844268893495,232.4624333486197,232.8686105477705,20534806
2015-08-03,253.67333984375,255.4334043546159,243.60944973946664,243.69971440193035,21901780
2015-08-04,260.4879150390625,261.70641908534674,249.4762876099182,254.98210132449034,28858887
2015-08-05,257.599609375,263.37618948359915,256.56163465582233,260.9392089531264,10169558
2015-08-06,260.89410400390625,262.4736393828658,254.53084392377625,257.78017935518966,15372143
2015-08-07,253.89898681640625,260.3976568617687,252.90615816759075,260.3976568617687,13845614
2015-08-10,255.20774841308594,258.14117080863866,252.81588643030895,254.57592334069648,14694901
2015-08-11,242.61659240722656,261.25512955003563,241.44323443541,257.96064842742084,39233644
2015-08-12,231.37936401367188,241.39813636252924,230.20599216982612,241.39813636252924,29724325
2015-08-13,234.0419921875,237.24620891259244,233.0040173506035,234.44816942776419,16360033
2015-08-14,242.3458709716797,243.15819799109386,233.99689776315813,236.38876025445475,14852873
2015-08-17,252.5,254.44056643024953,244.4217941652354,245.50491510277033,27500063
2015-08-18,257.0580749511719,259.9463790699125,248.70910270673895,253.4477085752009,27728824
2015-08-19,250.9204559326172,258.09606991699906,248.7090955728015,256.2457406754428,15452575
2015-08-20,244.19613647460938,254.2149083379343,241.89453900576422,250.60454208411693,14577599
2015-08-21,241.44322204589844,242.70684461491444,231.24394929145473,236.02767314019604,19030056
2015-08-24,221.49595642089844,232.59784879029417,218.7881818251786,229.89006042212057,29561705
2015-08-25,228.67160034179688,229.98035548155318,216.62199628922642,225.64791280127753,23492839
2015-08-26,221.76673889160156,228.62644011287577,221.13492756732856,227.90436412551207,16325529
2015-08-27,225.15145874023438,227.45306994055218,223.93296841473955,226.68586161629491,21076926
2015-08-28,224.70018005371094,230.97318903055955,223.3462926296808,229.70956627711345,16644381
2015-08-31,223.2560272216797,226.86639345111487,221.13493155290485,224.74529778234003,21645114
2015-09-01,215.8096466064453,220.99954805483685,214.546010164234,220.99954805483685,19689080
2015-09-02,208.09251403808594,219.32977767041217,207.68635053763194,219.01386507425013,23655457
2015-09-03,209.62689208984375,212.47005002578348,208.49865262757334,209.98792320878854,14680299
2015-09-04,203.21849060058594,209.31098382172556,202.18051578300327,209.31098382172556,20466346
2015-09-07,199.56300354003906,205.33958413417244,198.7055305223943,204.97855301170955,15424783
2015-09-08,206.1068115234375,207.8217301722282,199.6081405391752,201.2779406228312,16189253
2015-09-09,209.0853271484375,211.65771857614845,206.78372971280086,211.16129046892038,18237115
2015-09-10,205.29444885253906,207.41554454079764,202.27077537108508,205.20419795944667,14195882
2015-09-11,207.6863250732422,210.5746153331174,205.79087727358274,208.40838730887023,13650937
2015-09-14,212.3346710205078,213.0116147113277,207.59606518476852,208.99508490028725,10671222
2015-09-15,210.2135772705078,215.22296338449283,209.9879293714315,212.2895406965008,13193410
2015-09-16,213.7336883544922,214.59114759881885,212.10902076013642,213.37264345993842,11272509
2015-09-18,218.42715454101562,222.44368417374596,216.17067567179024,216.62197144563532,16049395
2015-09-21,221.360595703125,222.03753942087155,214.13986271382836,216.21582620274216,9602436
2015-09-22,214.7716522216797,224.24886330488957,213.23724937222218,223.79756753902242,13667322
2015-09-23,216.48660278320312,218.33690456245472,210.84540523071664,212.10902797349164,13614082
2015-09-24,215.76451110839844,217.9307253026144,214.86191956539943,216.12554221661645,9299508
2015-09-28,216.12554931640625,219.91643116704282,215.40347330379586,217.5245690085037,8588230
2015-09-29,218.33688354492188,221.49595387021603,209.58174854074016,213.01159907697885,24488685
2015-09-30,214.04959106445312,221.49597171691292,212.74083600729963,220.99955735804608,17011911
2015-10-01,212.24440002441406,218.33689306013773,211.5674563537781,217.705081722035,11590498
2015-10-05,216.62197875976562,217.8404828992711,214.13985191980998,214.90706027023262,18307463
2015-10-06,216.71224975585938,219.14924433359067,214.5460216415222,219.05897966415606,10087077
2015-10-07,219.826171875,220.45798319722593,215.76450995324967,216.75735238176077,10608795
2015-10-08,219.60052490234375,221.31544332300012,217.61482626462214,218.83331658273465,9230511
2015-10-09,219.7359161376953,223.66219499718443,217.20865697368248,221.58623162058623,12171416
2015-10-12,220.72879028320312,221.72163283257618,217.79536742706608,220.32262679607527,7566962
2015-10-13,220.0518341064453,223.39142026090528,218.47229881167124,220.23234967135713,10200698
2015-10-14,220.45799255371094,222.75960382820986,219.51026864392261,219.9615644321595,7895820
2015-10-15,224.70018005371094,225.55763933443902,221.58624173293262,222.03753754094268,11582401
2015-10-16,231.78550720214844,232.10141976477917,224.15862486242744,225.51251223520848,11738832
2015-10-19,229.70956420898438,232.05630789849036,228.8069726010905,231.65013065697414,8969153
2015-10-20,230.0254669189453,232.05629794963951,228.53618256629693,229.70955436074448,8811740
2015-10-21,225.46737670898438,230.97317701685847,224.33913724764284,229.25825854460106,8606466
2015-10-23,228.71670532226562,230.02547415674607,227.4530825946108,228.35567419220848,7544810
2015-10-26,226.77613830566406,231.0634483830846,225.9638113789242,229.93520888902657,13085058
2015-10-27,224.56478881835938,227.63359469449472,223.9329774641497,225.7381606318657,6565348
2015-10-28,218.47230529785156,225.15147780506805,217.70509690863045,223.8427227050337,12310403
2015-10-29,213.86907958984375,218.24665441458868,213.417783784095,217.97587417664843,16114932
2015-10-30,213.95932006835938,216.9829933615271,212.19926937943288,215.44859054996178,8669606
2015-11-02,213.82395935058594,214.8168156883801,210.03307712234098,214.8168156883801,7611610
2015-11-03,212.9664764404297,216.35119480017096,212.10901721045275,216.03529601673432,8323201
2015-11-04,215.71937561035156,217.07326290497718,213.9141925508507,215.89989116181087,8418352
2015-11-05,211.1161651611328,215.719387730472,210.39410291472666,214.81679615000976,8906564
2015-11-06,219.3297576904297,220.9544253167016,210.30384173609102,212.65058539320097,30821077
2015-11-09,222.1278076171875,224.11350646626428,212.65059541834086,213.01162656455284,22806485
2015-11-10,217.70509338378906,223.165775373921,216.71225087714552,221.0446795833264,11767845
2015-11-13,216.8476104736328,218.24663006988888,214.54599936656038,217.97584986215327,9082062
2015-11-16,224.1134796142578,225.06120347508264,215.8096402942022,216.1706713971575,14051479
2015-11-17,223.7073211669922,227.13715803888346,222.66933262106377,225.64788749042825,11273394
2015-11-18,217.52456665039062,224.4745189299579,216.1255469734595,223.4816764742793,10397889
2015-11-19,220.14207458496094,221.13493080367337,217.88559569920915,219.3748800272778,7325199
2015-11-20,219.28463745117188,225.55764663094442,218.42717814270605,220.18722909638967,13718619
2015-11-23,219.05899047851562,221.3606019381743,217.11842394196444,220.1420977029269,10552151
2015-11-24,217.88560485839844,220.23234850721127,217.1635426025681,218.87846111884727,6651669
2015-11-26,218.8784637451172,221.04467808350958,217.52457634050822,218.38203560893626,13629888
2015-11-27,225.37710571289062,226.099181702359,219.14922957019047,219.32974512444406,15149912
2015-11-30,224.4293975830078,228.35567658263992,221.13494372627187,225.33198919005383,12865469
2015-12-01,225.8284149169922,227.36281787809486,225.0160879883069,226.41510771878026,9501537
2015-12-02,220.77392578125,226.2345943121293,220.00671736044666,226.14434340950618,10881754
2015-12-03,217.6148223876953,220.68362806655136,216.98299730164817,220.36771552352778,7155630
2015-12-04,217.6148223876953,218.56253247185865,214.86191547940916,216.62196620029582,11115170
2015-12-07,215.40350341796875,219.28465047745013,214.8168243227086,219.28465047745013,7531729
2015-12-08,212.9664764404297,216.57684269082037,212.3797974337229,214.90705656348723,8254434
2015-12-09,211.5674591064453,214.99730983678356,210.8453968663357,212.47005067903672,7408777
2015-12-10,209.35610961914062,213.68855186228606,208.13761927642906,213.0116081921838,11713559
2015-12-11,205.15907287597656,211.11616915628636,203.1733741158733,210.21357755874354,12872949
2015-12-14,203.94056701660156,205.5201022991836,202.18051617050108,202.9928430925614,12464883
2015-12-15,204.3467254638672,205.02366913979313,202.18051120988585,204.8882859135897,10404430
2015-12-16,205.15907287597656,207.23503630481602,203.30875734652278,205.56523634037987,13030720
2015-12-17,208.4084014892578,209.76228893186223,206.24218709007283,207.59607453267725,14539096
2015-12-18,204.43699645996094,209.7171628046637,203.80518509735708,207.5509347111515,18871084
2015-12-21,208.00221252441406,208.4986406136993,204.4369787835623,204.79800988170416,9557098
2015-12-22,206.1068115234375,209.6269134961998,205.33960310176727,209.085352990026,9155574
2015-12-23,207.28016662597656,208.4986708607685,206.60322288941563,207.82172712420754,7914311
2015-12-24,206.06167602539062,208.49867072088387,205.42986462618208,208.36328748264472,7257958
2015-12-28,206.60321044921875,207.5509343778299,205.7908835232405,206.7386074518516,8756879
2015-12-29,205.9713897705078,207.5509249892578,205.33957843749866,206.55808254380173,7263286
2015-12-30,203.80517578125,207.32527733517517,202.9477165588789,206.69346600145195,11702877
2015-12-31,202.586669921875,204.48211767910954,202.1805064803116,203.94055724205566,11558305
2016-01-01,205.61036682128906,206.60320930616342,202.6318118217567,203.08310761645998,6449426
2016-01-04,199.2019500732422,204.84314719681868,198.6152710813718,204.84314719681868,14092071
2016-01-05,196.539306640625,201.09739664441614,195.8623629897388,201.09739664441614,15074848
2016-01-06,195.7269744873047,198.4798675753317,195.32079728976964,196.67468455501051,11921123
2016-01-07,189.13809204101562,193.24488699905584,188.64166385532616,193.1546223207646,14342279
2016-01-08,188.59649658203125,191.80069925346217,188.28059781143895,191.34940349051286,11745840
2016-01-11,184.3994598388672,187.28775009793483,182.91017549027848,186.65593875570977,19287860
2016-01-12,179.97674560546875,185.0312636833616,179.25468339930157,184.8958804628187,20318816
2016-01-13,181.33065795898438,182.6845454413236,175.10278104920621,181.7368352216507,23788247
2016-01-14,176.9530792236328,181.87220050258662,175.3735439835359,177.81053845662314,20256636
2016-01-15,166.34764099121094,178.53262805684153,163.36908584289904,178.53262805684153,29090426
2016-01-18,163.3690643310547,169.82258815890776,161.69926451813708,166.8891657330739,35653244
2016-01-19,165.12911987304688,169.50669436122254,163.82036489148996,164.40704388487458,24501774
2016-01-20,156.73501586914062,163.05315666756766,154.79444956146247,163.05315666756766,28655794
2016-01-21,158.49508666992188,161.24797996597232,155.29088381223428,159.75870937065145,28697205
2016-01-22,166.61842346191406,167.34048576118877,160.9320933341647,162.37623170516966,21432409
2016-01-25,165.12911987304688,170.40928590332442,164.72295643359183,169.59694525196036,17534650
2016-01-27,166.43788146972656,168.0625490645736,163.41420794698084,166.43788146972656,16569813
2016-01-28,167.20509338378906,167.79177241299587,164.7229664914521,166.257369452224,20241030
2016-01-29,162.37620544433594,167.65637123167693,160.75155176126484,166.2573516512961,24259147
2016-02-01,155.9226837158203,164.22652287267866,155.33600474193466,164.22652287267866,22915269
2016-02-02,152.8990020751953,160.11973442863933,152.1769398578141,156.23860180662635,35957332
2016-02-03,149.87533569335938,151.45487096974009,147.34807649665927,151.45487096974009,24132003
2016-02-04,146.98704528808594,153.2600540562525,144.59516932172937,152.80875826325556,23811109
2016-02-05,151.81588745117188,152.80874360953624,146.40033845453706,147.75422570369577,22732245
2016-02-08,155.3811492919922,159.66845969167053,152.131827568341,152.94415455613986,22289005
2016-02-09,150.77792358398438,155.60678018993886,149.9204643523153,151.63538281565346,19008384
2016-02-10,143.51205444335938,150.01071075800186,142.60946290597977,148.9276036676371,32294785
2016-02-11,139.22476196289062,151.18410132112922,137.37444632655883,143.96336812370214,72749830
2016-02-12,139.72116088867188,142.29353828852337,133.80918406584226,140.93965109730067,41187889
2016-02-15,151.5,153.44056635968488,142.60946755782476,143.51205912464644,35956266
2016-02-16,141.16531372070312,154.1175080464749,140.48837005432037,154.1175080464749,33816243
2016-02-17,143.46690368652344,144.2792442293084,136.51695249577443,139.90167032624817,32447698
2016-02-18,144.23416137695312,147.7542636190818,141.16534122789474,146.17472808973693,21024178
2016-02-19,148.65682983398438,149.19839028864365,141.7971421188753,142.51920436181507,24592575
2016-02-22,148.8824920654297,150.5522921510525,147.75425248661853,149.7850837284786,15815058
2016-02-23,143.06077575683594,148.92762145033396,142.60947993425918,148.92762145033396,20200068
2016-02-24,141.0750732421875,145.04647086913548,140.1724816203852,140.8042930011558,19440950
2016-02-25,137.01339721679688,142.69972661893274,136.29132123720834,142.24843085324662,22713124
2016-02-26,140.71401977539062,143.24127891728523,137.69034628964803,140.35298865760038,30051402
2016-02-29,143.28640747070312,147.93474840880262,138.09650609774855,142.78997936749494,66981910
2016-03-01,146.2649383544922,147.03213277698228,143.10586847112282,144.86591893736684,23588231
2016-03-02,163.50445556640625,165.35477101868645,155.69704408227668,155.69704408227668,53333757
2016-03-03,164.9486083984375,166.61840830160313,161.11259424963663,166.07684785396717,33507048
2016-03-04,170.04824829101562,171.35701710096438,161.11259715127147,165.53529038761866,38860711
2016-03-08,165.49017333984375,168.73949479652967,163.7301087234607,168.73949479652967,27928279
2016-03-09,165.53530883789062,166.07686935564143,161.29313069036274,162.46650263051882,29453018
2016-03-10,162.9178009033203,166.75381560603006,161.92494453010704,166.75381560603006,20472928
2016-03-11,162.55674743652344,164.8583449244746,160.2551361761179,162.466482770447,21869157
2016-03-14,164.0460205078125,165.53529111348206,163.0982965894525,164.67783186256761,14369755
2016-03-15,167.25021362304688,168.0625404928117,163.95574626799214,163.95574626799214,22369600
2016-03-16,167.15994262695312,167.79175392088047,163.91062149856117,166.9794270818958,19237834
2016-03-17,168.1979522705078,170.86059476928486,166.97944808630146,169.68722292013337,21560986
2016-03-18,172.62063598632812,173.29757965686275,167.88203029258577,168.64923862817338,21144216
2016-03-21,177.63002014160156,178.08131591748347,174.2001694904084,174.2001694904084,20678069
2016-03-22,178.26181030273438,178.9387538861625,175.55403596902195,177.62999904602532,16728809
2016-03-23,177.4495086669922,178.35210023951512,176.27613686822147,177.72027512078554,13362780
2016-03-28,169.95799255371094,178.93877577108543,169.37129977951358,176.72742921592098,19760603
2016-03-29,171.0410919189453,172.62062706859257,168.4687005948241,170.1385004048612,16804848
2016-03-30,178.30694580078125,178.98388939624934,171.94367324889083,173.523208304983,20709407
2016-03-31,175.32839965820312,179.39006142634682,173.6134813095238,178.57773458169942,30132473
2016-04-01,176.592041015625,178.03619308448106,173.2975871848941,174.83199015026938,21752206
2016-04-04,175.7345733642578,178.2167001455961,173.7940070260114,178.08131692105022,15732565
2016-04-05,166.39276123046875,175.5991924784686,165.44503732866266,175.01249969522942,36635637
2016-04-06,165.9414825439453,167.43075327704997,164.4521980383849,166.97945744611454,16350631
2016-04-07,164.22653198242188,167.56611800796168,163.3690727528508,165.89633188141892,19430601
2016-04-08,165.26454162597656,166.03173628822356,162.64701749827967,163.9557726759001,15805231
2016-04-11,169.91287231445312,170.49955135795125,164.27167469445135,165.94147469895393,18990364
2016-04-12,169.50669860839844,171.71804518746495,168.15281126132248,170.1385099492097,14563344
2016-04-13,173.2073211669922,174.9222534569598,172.21447867828383,172.8914223729528,17573045
2016-04-18,168.55897521972656,172.84628516507436,167.5210004261504,172.80115283221141,13985439
2016-04-20,169.05538940429688,170.27387965645357,166.16709938100118,170.00311322649867,20163005
2016-04-21,175.41867065429688,178.17156382307527,171.4923919609463,171.94368772926458,31008152
2016-04-22,180.65370178222656,181.87220594143645,172.89142234795074,174.7417378676027,34049763
2016-04-25,177.85568237304688,182.8199363080992,176.72744284235316,181.37578419982916,23835613
2016-04-26,181.37579345703125,181.78195695432004,175.59921227403183,176.86283510392047,21809451
2016-04-27,177.0433349609375,181.33064501565133,176.45665593611645,181.33064501565133,22801603
2016-04-28,173.34271240234375,178.89364500496995,172.57550406492845,177.58488999330933,24555479
2016-04-29,170.58981323242188,175.1027712544436,168.2882018866998,173.2073233762125,21021661
2016-05-02,167.8820343017578,170.0933809238223,167.43073851062405,169.32618634236766,14469844
2016-05-03,166.1219940185547,170.90573246280147,165.7609490992508,168.78463660081442,16247931
2016-05-04,162.4213409423828,166.43787044380255,161.6992649733464,165.6255435864201,17826594
2016-05-05,162.7823944091797,164.90347632544353,161.11259450338417,162.69212974361344,17742028
2016-05-06,166.39276123046875,166.9343079083191,162.5567470627643,163.32394163283254,18336962
2016-05-09,170.3190155029297,170.95082680662762,167.02456199421323,168.3333169316847,13863696
2016-05-10,171.0410919189453,171.76316788470334,168.51383292501902,169.32617355116685,13845979
2016-05-11,166.9794464111328,170.138517018911,166.16711947811464,167.34047754303978,18128414
2016-05-12,170.1385040283203,171.04109556162703,167.34046476608788,168.87488139067239,17398341
2016-05-13,166.84405517578125,169.64208074496807,166.34762706388312,169.64208074496807,15546644
2016-05-16,159.57818603515625,166.9794338626873,158.08890173993566,166.9794338626873,30937008
2016-05-17,159.62330627441406,161.20284133994704,158.17915441980279,161.11257668436406,22183140
2016-05-18,162.4213409423828,162.87263670147388,156.64476073499864,159.66843405743663,25345278
2016-05-19,155.8775634765625,163.36907636259795,155.15548745638054,163.36907636259795,25480517
2016-05-20,154.65907287597656,157.6827464081235,153.93699685686005,156.59963926567602,16720624
2016-05-23,151.99644470214844,155.87759196915687,151.81592910722046,155.5165607793009,16193112
2016-05-24,152.9892578125,153.80158464588598,150.19121867980928,152.3574465229272,14816798
2016-05-25,158.04380798339844,158.6756194021345,154.74934010238275,154.7944724406759,18900887
2016-05-26,166.21221923828125,167.43072327242578,156.59962527097505,158.04377718014982,30700988
2016-05-27,176.8176727294922,182.6845175919224,163.82036038939745,166.07683918263984,85585820
2016-05-30,179.48033142089844,184.03840763378872,175.64431741473476,180.69882172408992,46075949
2016-05-31,184.9861297607422,185.66307340253982,177.0884539397698,179.43519740698306,39457647
2016-06-01,178.9387664794922,188.00981389032032,177.44949600011967,185.88871833731974,41868032
2016-06-02,181.01473999023438,182.59427521916757,176.5017821932824,178.57774553437113,23499884
2016-06-03,179.78024291992188,184.85541139726752,178.6828956188574,183.80380317932304,24568749
2016-06-06,181.88345336914062,185.2669175138055,180.2374603784227,180.55750836957336,23623536
2016-06-07,192.17100524902344,193.08545212425716,183.02653649668633,183.30087334992686,66063192
2016-06-08,192.67393493652344,193.77126828858056,189.79343314320465,192.17098641376998,35163093
2016-06-09,191.9881134033203,194.59429250765632,190.47928168187417,192.03383853649933,27858182
2016-06-10,188.330322265625,193.40550497405414,187.73593740614692,191.43944986653312,25598224
2016-06-13,184.53536987304688,185.26693011498517,183.07224938917028,184.26103303815114,21192525
2016-06-14,189.93060302734375,190.753613543005,186.36426598619866,186.86721453132202,23918910
2016-06-15,197.56625366210938,198.93792399910154,190.7079019771485,191.8052354560718,48362742
2016-06-16,197.5205078125,199.8066248010706,194.82289255665683,197.5205078125,48122379
2016-06-17,195.1886749267578,198.8921874141045,193.49695664720042,198.20635228509036,26486677
2016-06-20,197.42906188964844,198.16062213273548,190.11348736548027,190.2049376283728,32633757
2016-06-21,195.69161987304688,198.8921837494752,194.91433449314522,196.60606669488354,18960306
2016-06-22,194.68572998046875,196.83468567251987,193.35978483048797,195.69162710299304,16395548
2016-06-23,198.93789672851562,199.34939498253428,194.54854946116592,194.77716115265966,20666649
2016-06-24,193.17689514160156,194.18279224793983,185.1754852836654,188.2845989614086,47224652
2016-06-27,198.57212829589844,200.12669910670917,192.53678744575984,192.76539915872007,29021651
2016-06-28,197.42906188964844,199.94379063233126,196.97183848188794,198.20634726418174,21784062
2016-06-29,198.61782836914062,200.0809487288217,197.611945331041,199.2579382939949,18019568
2016-06-30,200.0809783935547,202.91575532487508,199.25796783670535,201.17831184933522,30600995
2016-07-01,200.81251525878906,202.09273514898095,200.1723913603428,201.909848586575,15346865
2016-07-04,203.921630859375,205.15613958717327,203.00718408422085,203.32724603686498,16534518
2016-07-05,204.3788604736328,205.88769211726557,202.59569199842565,204.1502487728793,15357018
2016-07-07,201.22402954101562,205.38476544558762,200.5839195449318,204.74464149615238,12917872
2016-07-08,199.6237335205078,201.95557558447652,197.97772653692107,201.31545168010635,16017389
2016-07-11,205.47621154785156,206.1620467091951,203.00720775768528,204.4703283498923,15831791
2016-07-12,207.30508422851562,207.7623076229117,204.97324212642545,205.75052747823906,19374179
2016-07-13,208.21954345703125,208.95110372244093,204.7903677941903,207.57943345730456,18377333
2016-07-14,212.1516571044922,212.92894246401707,206.66497631730704,207.57942311517124,21208021
2016-07-15,211.69444274902344,214.34633299477647,211.0543327538435,212.97466273938323,15068302
2016-07-18,209.1796875,213.84337136002839,208.67673901260878,212.51741245144703,11816985
2016-07-19,209.9569854736328,212.2888135911151,207.57941827330325,210.3227586029064,19767339
2016-07-20,211.37437438964844,212.83749486587777,209.5912059021727,210.91715098499563,18051608
2016-07-21,206.34490966796875,212.24310254284964,205.20185119661207,211.83159033048085,13306837
2016-07-22,204.3788604736328,206.57352721952608,203.09864053075353,206.11630381801908,12341622
2016-07-25,210.23130798339844,211.2372050172015,203.64729399431158,203.92163081747157,18427070
2016-07-26,207.30508422851562,212.33454156687256,206.57352400681174,210.32276142219993,14162638
2016-07-27,209.63693237304688,211.23721429955867,207.39654046660056,208.26526215032246,17626617
2016-07-28,211.23719787597656,215.03214628245172,209.6826412017584,210.4599125621925,26838284
2016-07-29,209.7740936279297,212.7917709059172,208.8596468135911,210.32276729787324,15577230
2016-08-01,207.853759765625,212.74604175796125,206.0248661714767,211.05432355538454,16071228
2016-08-02,208.5395965576172,211.14576157844067,207.8537614542398,209.68265506324613,16145066
2016-08-03,207.25936889648438,210.77999478111028,206.48209746127634,208.95110111706592,14838944
2016-08-04,206.34490966796875,209.13397512874914,204.10451785477974,208.9053634344778,17810908
2016-08-05,212.83750915527344,213.88911747523693,207.48798938034147,207.89950163483772,21264296
2016-08-08,213.2947235107422,215.71800203359658,211.87732813082582,213.93483350231207,16972827
2016-08-09,215.03216552734375,217.63834456247864,212.74604846261184,214.20916896538077,19854185
2016-08-10,211.69444274902344,216.63245008709853,211.28294446307572,216.49528864289977,16279843
2016-08-11,207.71658325195312,211.78588263963107,206.75642528289274,211.69443237907737,16673286
2016-08-12,222.4849090576172,226.73708109296945,205.20185617904977,207.5794234385408,86616475
2016-08-16,225.63975524902344,226.69136352193368,221.89051766557148,224.2680850043485,27709873
2016-08-17,225.18251037597656,228.4287991030312,223.3993420184916,225.36539693383529,18294050
2016-08-18,227.14859008789062,228.97748377282807,225.45687180133436,225.77691982418753,14314950
2016-08-19,236.38450622558594,237.75617647447717,231.81227206261525,233.18394231150646,39822529
2016-08-22,233.0010528564453,238.1219466836824,232.26949260873968,237.5732730095654,19769886
2016-08-23,232.95533752441406,233.9155095178347,229.52616180030589,233.09249897203767,17583721
2016-08-24,232.63526916503906,234.2812902115115,231.8122725951542,233.13821771479152,11560293
2016-08-25,228.7488555908203,233.686876556593,227.33147424973555,233.092477779778,21230706
2016-08-26,225.5025634765625,229.2517866024053,224.81672844646755,228.88601350102775,16531983
2016-08-29,227.74298095703125,228.47454119613786,223.35363347574255,224.81675395395578,11786129
2016-08-30,230.66920471191406,231.26358954905834,228.42881284829605,228.7488608554696,15323228
2016-08-31,230.89779663085938,233.91547359531873,229.70901310506028,231.58363167035697,15601566
2016-09-01,230.4405975341797,233.0467765400138,229.66331215956922,230.39487240272888,12175873
2016-09-02,232.8181610107422,233.36682071908376,230.12053178633042,230.44059374787614,11380257
2016-09-06,237.8476104736328,239.127830370375,234.09837313505162,235.19572042180246,16620963
2016-09-07,243.9744110107422,247.17497501976388,238.12195668987184,240.40807383917303,30862337
2016-09-08,245.3917999267578,248.36375197305034,244.0658409280391,245.07173797120146,14339143
2016-09-09,241.50538635253906,245.4374961187353,240.81955130680487,245.4374961187353,11455826
2016-09-12,231.1264190673828,236.61309963871534,230.25769743425855,235.4700411863544,18989750
2016-09-14,235.51577758789062,235.92728983749788,231.35505553832155,233.18394925799208,12754966
2016-09-15,234.09837341308594,236.24732890661653,232.4523664343551,236.24732890661653,7783662
2016-09-16,232.5438232421875,239.5850607876427,231.72081275296756,235.88156242288076,18013477
2016-09-19,233.77830505371094,236.20158334947982,233.36680680864546,234.09836699617853,11433295
2016-09-20,232.6809844970703,234.46415295894914,231.94942426945698,234.46415295894914,9914599
2016-09-21,229.66331481933594,234.3269992143075,229.20609140623483,232.7267172684537,12817180
2016-09-22,235.83583068847656,236.33879318646623,233.2753907400467,235.83583068847656,20797370
2016-09-23,232.77243041992188,236.65881527790242,232.08659533556934,236.65881527790242,12730223
2016-09-26,230.1205291748047,232.6809829780606,229.2060823845955,232.223759582956,8800173
2016-09-27,227.697265625,232.17804960816738,227.0571556207406,231.49221447074268,11345387
2016-09-28,232.04086303710938,233.91548166709399,226.828519347734,228.61168772129002,17277539
2016-09-29,226.0969696044922,234.7842141393463,222.66779413020768,233.18393225134685,27870695
2016-09-30,229.7547607421875,230.89781925334265,224.77102842422119,225.73120036426172,14826293
2016-10-03,233.45826721191406,234.69276200076808,231.03497485746618,231.35503681384535,9314647
2016-10-04,237.52755737304688,239.5850626823418,232.08660167913717,233.91549528739932,21532806
2016-10-05,238.53346252441406,242.23696104400034,237.34466489472635,239.58507080347042,20868556
2016-10-06,234.82994079589844,239.58507559637033,233.77833249580465,238.99069072298715,11081154
2016-10-07,236.56741333007812,237.66473281566905,233.41256050725946,235.2414542232811,11934100
2016-10-10,234.6470489501953,238.0304852867077,234.14408647798737,237.16177759113197,9399844
2016-10-13,228.29164123535156,233.50399923101912,224.81675450937453,233.13821213388664,18050638
2016-10-14,230.5320281982422,231.85797317748302,227.7886879846337,229.5261312052458,12133951
2016-10-17,231.53793334960938,234.50989948485596,230.44059995004133,232.04088189413883,16865537
2016-10-18,234.92137145996094,235.65294562567493,232.0865948229092,233.09247790572738,20218355
2016-10-19,233.54969787597656,235.92726504302155,233.04676331860384,235.92726504302155,9546481
2016-10-20,237.93907165527344,238.57916767967964,233.4582739042709,233.82404704774615,14179531
2016-10-21,236.38450622558594,237.52756476632862,234.18983940870055,237.52756476632862,8833390
2016-10-24,240.4537811279297,242.23693552455342,237.1160282059805,237.1160282059805,14483254
2016-10-25,239.08212280273438,241.91688550733772,238.44199889135228,241.4139509388955,9079178
2016-10-26,236.6131134033203,242.19124455668106,234.82993095122313,238.12194506687064,15020687
2016-10-27,233.54969787597656,236.01871530073493,232.54381480788084,235.92726504302155,10938008
2016-10-28,235.92724609375,236.65879228329936,232.26945933260657,234.00690246281005,11430184
2016-11-01,236.79600524902344,238.5791597290552,234.55559947150795,235.01282286229062,10000632
2016-11-02,229.57186889648438,234.09837770598864,229.11464550252737,232.36093439029227,13716294
2016-11-03,224.6338653564453,231.1721687710176,223.90231903184713,229.66332308149242,12902390
2016-11-04,222.07342529296875,226.23414733880253,219.74158301181188,225.18253903227676,12657669
2016-11-07,231.08070373535156,232.1780371054698,224.49668956129142,226.78280656293387,11224419
2016-11-08,231.03497314453125,232.36093213682778,227.37718602834886,231.99514505319925,9367228
2016-11-09,237.75616455078125,238.7163225141712,214.8949948824369,214.8949948824369,31761606
2016-11-10,257.2338562011719,259.88577406636523,242.55699722098007,244.1572790122589,50227559
2016-11-11,249.64398193359375,264.0922305311721,247.3578648829198,254.9020511501438,57937113
2016-11-15,254.39913940429688,259.1999856417824,247.54078763646038,251.61005960802052,48658808
2016-11-16,253.48463439941406,260.43440693913175,252.52444862798316,259.7028607475926,27532708
2016-11-17,253.71327209472656,258.0568943309032,252.0215399582438,254.216206664656,19500760
2016-11-18,252.20445251464844,256.0451407891682,251.33574467385145,254.3534083847558,13389671
2016-11-21,235.3328857421875,253.8504331416713,233.96121556444797,253.43892092566895,26002028
2016-11-22,235.3328857421875,240.1794425408534,229.6633045115169,238.48771040696772,25631435
2016-11-23,236.52163696289062,238.07620753916078,232.95530036011098,237.57324510250913,16190033
2016-11-24,239.3564453125,240.49950379059217,232.77243126935923,235.74436935904828,28927720
2016-11-25,238.6248779296875,241.87115255747702,236.24731092434234,240.95670585593646,19303589
2016-11-28,231.85800170898438,235.69867568998404,226.78281889860733,231.766551442604,22315183
2016-11-29,231.08070373535156,234.55560436851832,230.44059376556186,232.49809906704007,12656706
2016-11-30,236.247314453125,237.89330737780443,231.08068214023822,232.26946566066746,16501691
2016-12-01,233.77830505371094,238.67060072657264,232.8638583076321,237.43609203802623,12986151
2016-12-02,232.3609619140625,239.03641309387916,231.35506474686565,232.2237865076162,21139754
2016-12-05,234.92137145996094,235.74436797802585,231.53792117529895,232.635254517169,8406973
2016-12-06,236.9331817626953,237.8933397817603,234.4184529533602,236.3845080774998,10048459
2016-12-07,233.73260498046875,240.2708939441354,230.12052899921795,238.0762272306482,22193202
2016-12-08,237.6647186279297,238.21339229132298,235.9729864602594,236.33878750698943,9047721
2016-12-09,243.83721923828125,244.3401816925986,236.6588067008789,238.48770019286928,16004173
2016-12-12,241.09390258789062,246.30626071269808,239.85939377867803,245.89474847405964,14296268
2016-12-13,243.38002014160156,243.928693825267,239.17355910910362,242.2369615950914,9084137
2016-12-14,240.4080810546875,243.47148370803558,239.85940734104685,243.242871986244,8672531
2016-12-15,242.6941680908203,244.61451189639385,236.84171432211593,237.66471083687577,12274497
2016-12-16,242.09979248046875,243.56291295498664,240.54522174378687,243.56291295498664,11017555
2016-12-19,238.9906768798828,241.87117871997125,238.53345347965603,240.81957048078996,8371299
2016-12-20,232.77243041992188,240.40805265370315,231.58364681637403,239.44789469829,12765309
2016-12-21,233.50399780273438,235.92727626050382,232.36093929372032,234.18983290814282,8778450
2016-12-22,228.42880249023438,232.49808776466867,227.10285748440972,232.49808776466867,12981595
2016-12-23,227.8343963623047,230.25768855992422,226.59990165334355,228.38306997963167,10557157
2016-12-26,223.30789184570312,227.05712907327214,222.7592321719235,226.78279225970735,8592983
2016-12-27,227.46864318847656,228.5659765659518,222.30202431146563,223.67369452164738,8756536
2016-12-28,226.55418395996094,230.89780605404698,226.00551032463108,227.9258540949355,11747088
2016-12-29,226.46273803710938,227.5600853287707,224.4966830540253,226.46273803710938,10658616
2016-12-30,228.79458618164062,230.71493003972694,226.09697091688184,226.5541943161071,10538497
2017-01-02,222.75924682617188,231.94942603504518,221.84480002303218,230.89781779277487,25988990
2017-01-03,223.94802856445312,225.31969884301046,220.47314168812252,223.1250319786594,15963085
2017-01-04,222.119140625,225.3197046913738,221.47903060239565,224.77104493772092,11225978
2017-01-05,224.35952758789062,224.86246216437283,222.85068199839162,224.03946562708305,11970913
2017-01-06,224.86245727539062,227.6972478703781,224.49668414529245,224.9539075345904,12354302
2017-01-09,225.91407775878906,227.10286135277246,224.95390585775056,225.31967898512218,8329253
2017-01-10,227.05712890625,227.69723883519703,225.31967172385097,226.508455279524,9352013
2017-01-11,230.5777587890625,231.5379307353501,227.6972569035508,228.29164175187827,13415303
2017-01-12,229.7547607421875,232.68098774007453,229.1146507666108,231.26359239557192,11282323
2017-01-13,229.4346923828125,230.98926307733456,227.7886993353077,230.4405894259326,9333736
2017-01-16,233.86976623535156,234.46415106673066,229.25180716124635,229.57186911866626,13234727
2017-01-17,234.09837341308594,236.52165177527968,232.635252997914,235.4243323939263,9480201
2017-01-18,236.247314453125,237.11602208854507,234.64703270152592,235.10425605912565,8048897
2017-01-19,236.2930450439453,239.5850590705295,234.55560172362908,235.19572563955148,13029151
2017-01-20,229.57186889648438,238.2133882516017,228.88603380554886,236.38449467577368,15341756
2017-01-23,232.40664672851562,233.36681865129415,228.70314838163523,229.52614491353071,9339939
2017-01-24,233.0924835205078,235.0128273800509,232.2694869826184,233.2753840430173,13540202
2017-01-25,237.02462768554688,238.67062080427473,232.4523796171713,233.68688840956835,16343545
2017-01-27,243.65435791015625,245.25463978971368,237.29894156866186,238.03048783663615,18039379
2017-01-30,241.3682403564453,244.98028841755954,240.865277880064,243.10568366871428,11884795
2017-01-31,238.07623291015625,241.27679674979848,237.43610897954701,238.80777919653653,8899165
2017-02-01,247.54075622558594,248.63807562517613,239.21928488852924,239.58505802172598,27253142
2017-02-02,249.91830444335938,251.47287519817445,245.71187140176988,248.59237329997217,20139955
2017-02-03,253.8046875,254.71913426153012,248.72951913618812,249.64396589771823,15366890
2017-02-06,253.34747314453125,258.3312193350924,252.3873151734,256.0451023498261,14725291
2017-02-07,254.12474060058594,256.045084314283,252.66162025173585,254.07902942678106,10981984
2017-02-08,253.48463439941406,255.3592389569198,249.2781740313176,254.30763084157027,13622088
2017-02-09,252.25015258789062,256.31942405912866,247.6779186381616,254.94775387420995,16080181
2017-02-10,252.70736694335938,258.6055317835079,251.47285823975145,254.9020335793844,37580487
2017-02-13,248.4094696044922,254.44482411359436,247.0835384780202,254.0333118876571,19853043
2017-02-14,247.0835418701172,249.6439818028501,245.16319796721635,248.72953498305947,13306738
2017-02-15,245.94049072265625,249.18676586760807,244.20301938757467,247.76938441709743,12201568
2017-02-16,247.3578338623047,253.30173744864473,246.58054858121278,253.30173744864473,21794688
2017-02-17,246.3062744140625,250.23838486259558,244.79744263296047,247.952267646773,17830528
2017-02-20,246.58056640625,248.31800969113058,245.0717348142932,246.80917809917378,9229363
2017-02-21,247.54075622558594,248.2723024919794,245.66612356956313,246.90063231246572,7754157
2017-02-22,249.00384521484375,251.19853979619435,246.44340541220248,248.63807208685225,12617613
2017-02-23,247.31216430664062,249.64399263561054,246.5348788947495,248.4552228809795,13146194
2017-02-27,245.30038452148438,248.2266258070695,244.7059996091107,247.6322129879907,9645350
2017-02-28,246.16908264160156,248.0436873649977,245.0717353504862,245.8947318654723,7941592
2017-03-01,248.5009002685547,249.91828154530907,246.71771797239302,246.90061848209666,7656892
2017-03-02,244.4315948486328,251.1985228398495,243.7000486420305,249.64395226744588,14220808
2017-03-03,242.3741455078125,245.89477173877214,241.64259913291156,243.47149297686926,10120034
2017-03-06,246.76344299316406,247.220666334672,243.56287960260863,243.7914912733626,9515073
2017-03-07,244.88885498046875,247.72364579348886,243.60863497330897,247.63219552725533,11599142
2017-03-08,246.80917358398438,247.1749467046307,243.24283682095702,244.8888298172157,9122987
2017-03-09,249.87261962890625,250.46700454256538,245.43754650794878,245.9862202385207,15594429
2017-03-10,248.7752227783203,251.9757863467581,246.44339476970978,251.01562843890662,9557026
2017-03-14,251.1527862548828,254.58196145745276,250.37550096096047,254.58196145745276,15734886
2017-03-15,253.62184143066406,256.5023434495591,249.3239300390596,249.3239300390596,20055974
2017-03-16,255.40501403808594,256.2280385928834,252.4330615429105,254.2162442026979,18005184
2017-03-17,250.69561767578125,255.58791428183727,250.10123275879246,255.54220309849404,14265642
2017-03-20,250.4669952392578,251.24428066980457,248.54665120693758,251.24428066980457,9678185
2017-03-21,249.04962158203125,253.34750531608148,247.0378272168469,250.92422658531734,11898233
2017-03-22,244.61448669433594,247.815050071645,243.97436285619494,247.174926233504,9887203
2017-03-23,245.52899169921875,246.35198832469086,243.88299844827455,245.9862151474482,7998170
2017-03-24,252.84454345703125,255.08494930857182,245.66613040322179,246.44341577457476,20133467
2017-03-27,255.5421600341797,256.7766408434641,251.65576127696417,252.38730752740685,15966114
2017-03-28,257.9654541015625,258.697000396578,254.67343996058784,256.6394950468067,18673371
2017-03-29,263.7721862792969,265.09811737344256,258.92560157508177,258.92560157508177,31008407
2017-03-30,266.1497497558594,268.61876746202154,264.1379833903788,264.2751448392314,19683170
2017-03-31,268.2986755371094,269.761795943908,263.8178919654829,267.0184556461733,20185269
2017-04-03,268.070068359375,270.4019243957335,267.2013606611522,269.57889996719456,10509610
2017-04-05,271.9107666015625,273.1909865639527,264.869514948363,268.2072402488918,21936647
2017-04-06,267.7957458496094,272.09362898354965,266.51552593538673,270.1733130655663,18413111
2017-04-07,264.6866455078125,269.57891371189066,263.0406244735121,266.74415087066114,10765502
2017-04-10,264.5951843261719,265.5096311163735,262.0347165695866,265.00666863774177,10307875
2017-04-11,269.3045654296875,269.8989502304504,264.0922078393362,264.54943121018454,11682024
2017-04-12,265.32672119140625,270.1733057517131,264.366563258407,268.8473467902375,13251421
2017-04-13,266.60693359375,268.02434277259215,265.18955232160744,265.4181640046433,9944020
2017-04-17,265.09814453125,267.70432371666425,263.81792448251963,266.19549194827835,8146800
2017-04-18,265.46392822265625,271.4992834421069,263.72648466575356,266.1497634088051,13457050
2017-04-19,259.74859619140625,266.7898475463995,258.6969879777906,266.6069470280746,18149995
2017-04-20,260.4344482421875,262.35479218290385,258.056908789275,259.61145166950985,14514929
2017-04-21,258.056884765625,262.4462180157519,255.35925568257395,262.4462180157519,12042308
2017-04-24,261.5774841308594,263.2235050403345,256.8680889054813,259.0170443694986,10077853
2017-04-25,261.5774841308594,264.092212716971,260.61732619702417,262.9034430934893,11531902
2017-04-26,261.9433288574219,264.73238077370286,259.10853785156104,262.5377137683189,13836891
2017-04-27,257.9197082519531,263.3149666863246,257.0052614538158,261.94329648911867,22622372
2017-04-28,264.9609375,265.8753842213115,258.3311987704918,258.78842213114757,14152004
2017-05-02,263.635009765625,267.475697611965,262.5376903143154,265.4181922457191,9754789
2017-05-03,265.00665283203125,268.11579405864023,261.34886588938514,264.6408797191066,13950914
2017-05-04,273.46527099609375,274.33400651273007,268.02432994427693,268.84732638247544,24534923
2017-05-05,270.67626953125,278.8148409729773,267.15564355229003,275.24850381387245,34756331
2017-05-08,273.785400390625,275.0199093055069,268.7559423650879,270.76773673798476,11560550
2017-05-09,271.13348388671875,275.1570443394476,269.9904253543127,275.1570443394476,7843574
2017-05-10,269.2588806152344,272.6423171467246,267.9329215472852,271.5907088721628,8699405
2017-05-11,272.5965881347656,273.7853577749013,269.25886300050695,270.58479407501204,11934889
2017-05-12,272.4137268066406,276.71163841317457,270.67628327238185,274.3340708841708,13376269
2017-05-15,275.6142272949219,276.16290089127733,272.047890778659,272.870887219843,10383539
2017-05-16,281.1924133300781,282.01540993409367,273.73967689958107,276.16295553067835,17533439
2017-05-17,281.3295593261719,282.38116759057704,279.36350423937927,281.64962129534797,14120513
2017-05-18,277.0316467285156,281.5581412769564,276.16291117637377,278.7690899260999,15471393
2017-05-19,281.6496276855469,288.3250784777504,276.1629466267375,278.4033525550992,55250969
2017-05-22,269.12164306640625,282.9297933261664,268.11577405757475,282.5183090698347,35771221
2017-05-23,264.13800048828125,270.5848401619983,262.674879823502,269.76184350890543,19846852
2017-05-24,258.92559814453125,265.60107633018646,257.55392798529124,265.2352752956951,16435958
2017-05-25,265.2810363769531,266.4240949377753,259.29139277422297,259.84006646475825,15018467
2017-05-26,266.1576232910156,268.51053943480326,263.2510433781197,268.0491811196232,12304394
2017-05-29,262.051513671875,268.37212799612803,261.40560079003933,266.5728193674971,10619968
2017-05-30,266.5267333984375,267.35717282457534,259.32952600072315,261.49791595052966,9643418
2017-05-31,266.0191955566406,268.97190006281346,265.00422978177846,266.6651084670775,10697171
2017-06-01,265.23492431640625,268.8796383534985,262.60517611301145,265.69628266229734,12186700
2017-06-02,264.8658447265625,268.0492289327703,264.2199598655471,267.4955932239844,12004368
2017-06-05,265.05035400390625,267.35714559662955,264.5889956853616,265.7885160499469,7917410
2017-06-06,265.09649658203125,270.30986846302915,264.45061178763535,269.4332763346103,12346121
2017-06-07,268.0953063964844,268.9718984612754,265.00422820386507,265.9269448366653,10864355
2017-06-08,266.2960205078125,269.43325136448783,265.51170575387454,269.43325136448783,8370299
2017-06-09,266.2498779296875,267.03419271351936,263.7124071437522,266.0191987673297,10804887
2017-06-12,262.9281005859375,264.8196583102376,262.32831228201644,264.58897916536813,10326846
2017-06-13,261.9130859375,264.8196373004464,261.1287712753531,263.34328525859445,9171049
2017-06-14,262.2360534667969,264.1737356848811,260.7597013623393,263.8046546985352,11566255
2017-06-15,262.051513671875,263.7123922836298,259.6063203204843,261.91311181407474,11925641
2017-06-16,263.8508605957031,264.4967454122064,261.3595141574022,262.6974646815045,19246907
2017-06-19,266.5267333984375,267.4494501294973,263.2510721077273,264.4506207535529,14848661
2017-06-20,267.6800842285156,268.51052351478756,263.52785963808077,265.3732927893851,14927701
2017-06-21,268.41827392578125,269.84850166108464,265.97308037977757,265.97308037977757,10537576
2017-06-22,271.7400207519531,273.03181827481654,268.55663742858076,268.74119200002156,26110402
2017-06-23,266.61895751953125,272.70886420247757,265.5578109632208,271.9707022285066,20648597
2017-06-27,258.0376892089844,267.08032870210485,255.40794129111066,266.89577412015467,25523129
2017-06-28,255.03887939453125,256.93046544447867,252.59368587540678,256.14615065104084,17241351
2017-06-29,251.3941192626953,257.7147046994438,250.65592917437505,255.73086987540228,30457363
2017-06-30,252.5013885498047,253.516382427919,248.85667492444827,250.97891181217096,12235472
2017-07-03,253.608642578125,254.20840268767864,251.48637767476188,252.9166051842384,8951033
2017-07-04,251.90162658691406,255.08501005466454,251.0250345714247,253.74705974872296,7856082
2017-07-05,253.65476989746094,254.30068273573764,251.30185399630457,252.73205336225075,10048734
2017-07-06,259.28338623046875,260.85201584496053,253.37800512963315,253.79321073882574,16115817
2017-07-07,258.45294189453125,260.57517894723094,257.622502533,258.91430022416836,5914038
2017-07-10,263.4817199707031,264.81967033533107,261.31335843772735,262.14379776515176,2095795
2017-07-11,261.6362609863281,267.3109901767409,261.1287781581309,265.28100254580437,12400820
2017-07-12,265.41943359375,266.1114710678302,261.3133614763202,262.6974364244806,7524835
2017-07-13,266.4344177246094,267.587813472335,264.404429944982,266.5728195825213,8434324
2017-07-14,269.064208984375,270.9096424778768,265.05038550419255,266.48058519802424,13750192
2017-07-17,270.35595703125,271.37095089765336,267.2648508668251,270.1714024522402,10549310
2017-07-18,268.51055908203125,273.493223618748,267.5878423841549,269.29487390704196,11913832
2017-07-19,270.63275146484375,271.27866431016434,268.8795956606405,268.97187294698267,9006728
2017-07-20,268.4643859863281,271.509339275319,267.6339185810817,270.35594361144763,6256500
2017-07-21,268.1875915527344,269.617819270944,265.973077200917,268.55667258485767,7266604
2017-07-24,271.7861633300781,273.40091738045663,268.2337269465062,268.32597607926704,11195781
2017-07-25,273.2164001464844,274.32364320854447,271.87844976753354,273.12412285154346,10846999
2017-07-26,272.9395446777344,276.49200903292405,272.4320618380249,273.3547783895508,12527914
2017-07-27,275.2925109863281,276.6765859252648,273.30867587233416,274.04683790946973,22286060
2017-07-28,275.9845275878906,277.50700427378723,272.75501964122975,274.04681718807916,15766196
2017-07-31,288.34893798828125,289.5946110322058,274.969547265625,276.26134487599734,41547584
2017-08-01,285.119384765625,290.47112894419905,284.1505437509238,289.73296704338594,14888804
2017-08-02,283.919921875,287.70303757817896,281.70537940796805,286.04215888698224,17005571
2017-08-03,277.32244873046875,283.6430627501046,275.98452662411194,283.27398176073285,14459919
2017-08-04,281.65924072265625,282.62808188411617,274.6004644002427,277.09178231217203,9615344
2017-08-07,287.1493835449219,287.70299091280765,281.56693187344416,282.1666919613689,11420767
2017-08-08,280.182861328125,287.7029952178764,277.92222278457047,286.9648332769347,13578680
2017-08-09,278.937255859375,283.6892695400742,276.9072959514137,279.352489650977,15852734
2017-08-10,273.77001953125,279.0294871222404,269.433240357752,277.9222441258044,14519518
2017-08-11,258.4990539550781,279.5831342310501,256.00773599103934,271.74004300674676,67652562
2017-08-14,256.69976806640625,260.57516087107456,255.1311385908251,259.69859700101813,23773509
2017-08-16,261.2210693359375,261.9592313360421,253.00889740870386,257.4840502928353,21074533
2017-08-17,259.14495849609375,262.69742297970686,258.3606437671284,261.86695552605215,12134114
2017-08-18,257.1611328125,258.0376967045368,254.66978667918175,256.5152199159874,12653217
2017-08-21,253.42408752441406,258.9603866649106,252.2245673076026,257.43791003308877,9247153
2017-08-22,252.73207092285156,255.59249801256914,250.24075300012404,254.66978141324577,11814388
2017-08-23,257.43792724609375,258.08384011930195,253.008898901189,253.51638175937012,11317821
2017-08-24,258.6374816894531,259.6986284296885,256.05388617367475,258.0838741925572,14138226
2017-08-28,257.7608947753906,260.2983654936467,257.43793832488814,260.2983654936467,10505317
2017-08-29,255.5924835205078,259.1449478582936,254.71589153722292,256.93043377729543,10335964
2017-08-30,255.2234344482422,257.6686279717539,254.66979881899402,256.5152321437693,7648702
2017-08-31,256.2845458984375,257.8993000130091,253.0089131010802,255.45410655704467,14222467
2017-09-01,256.3768310546875,258.7297472872893,255.22343522320077,256.19227645801845,8255209
2017-09-04,256.2845458984375,257.9915773085143,255.0388728068097,257.391817126346,7168751
2017-09-05,255.17724609375,257.89927113139606,254.62363870087015,256.60747361622,9565430
2017-09-06,253.0550079345703,255.26952197109821,252.50137238566992,254.6236372966092,7306781
2017-09-07,253.0089111328125,255.50022913761,251.9939172083053,254.11615419303024,16102724
2017-09-08,250.79437255859375,254.11615810858436,250.1484878032838,253.6547997866156,7077895
2017-09-11,250.01007080078125,252.3629868367256,248.71824505022494,251.5325475392791,14489224
2017-09-12,252.31689453125,254.34685438909838,249.59486898478974,250.97894404385514,8375133
2017-09-13,252.2707061767578,255.2234104827706,251.4402668904027,253.70093376460704,10150073
2017-09-14,253.0089111328125,254.30070878260494,251.25572700908333,252.27072093359052,8015217
2017-09-15,250.51754760742188,253.28569730474146,249.0411954703698,249.82551018309198,18404860
2017-09-18,249.50254821777344,252.82433341267452,248.62598439518135,251.9016168673728,17538678
2017-09-19,247.103515625,249.87166566482782,245.85787063434014,249.5487373541106,14331316
2017-09-20,249.17959594726562,251.02502906862014,246.7805554167645,247.42644011379377,12355806
2017-09-21,247.7494354248047,250.42530823891784,246.68831684530383,248.90283130667063,8509419
2017-09-22,241.61334228515625,246.7344080443485,240.9213048496397,246.59600618906026,12860892
2017-09-25,238.7529296875,241.56720416511314,234.73910668702516,241.29040043780194,13937050
2017-09-26,238.29156494140625,239.58336256580773,236.21545256534367,238.5222440943021,11728345
2017-09-27,231.04823303222656,239.81404080901729,230.21779371676686,239.81404080901729,17080769
2017-09-28,233.03207397460938,233.9547905501734,230.21778560323148,230.90982303490452,17776419
2017-09-29,234.23162841796875,235.75410526634687,233.49345227833075,235.01592912670887,10073641
2017-10-03,231.87867736816406,236.58452343781724,231.23277858364747,236.58452343781724,10547836
2017-10-04,233.6318359375,234.9697721665863,231.92481870712703,232.20162241832318,14063896
2017-10-05,232.15550231933594,234.46229382060304,229.94097403039675,234.0931987326775,13476692
2017-10-06,236.90748596191406,237.9686044152253,232.61685942343556,232.66298398959333,11932139
2017-10-09,236.999755859375,238.61450985158146,234.6006871534247,236.9536031355813,8009211
2017-10-10,237.09202575683594,238.24542142959916,235.9386160045357,236.9997484712001,9742878
2017-10-11,232.29388427734375,238.47609623474952,231.09434998353947,237.2765478614085,14192548
2017-10-12,231.786376953125,233.40113079307645,229.29504527310712,232.52455295301004,13404759
2017-10-13,232.61685180664062,235.61568064467386,230.86368188437564,231.6941352410919,15697555
2017-10-16,232.5707244873047,235.01591787326052,230.77142991277697,234.9236546599354,12171830
2017-10-17,231.7402801513672,235.0159270625578,231.2789218280879,232.57073358099308,13505216
2017-10-18,224.91217041015625,228.6491754421095,223.80491331019846,226.98828275240385,20677891
2017-10-19,223.9894561767578,226.29624769248136,222.5131039748795,224.95831142926932,3458869
2017-10-23,226.942138671875,227.91099389096271,223.57422880692073,225.14284416759068,8901335
2017-10-24,234.7852325439453,235.56954727403462,226.94214156120313,226.98828020642094,17197805
2017-10-25,299.7906494140625,302.6972013796444,258.22227345141886,258.22227345141886,262677081
2017-10-26,295.73065185546875,324.1503100993225,292.9625022281165,304.49645900875095,112804243
2017-10-27,287.010986328125,298.59109651974967,286.13442245613066,295.4999902869624,27580765
2017-10-30,287.8875732421875,297.43769548636357,286.5957756607363,287.8875732421875,28530254
2017-10-31,282.1667175292969,289.5946028576493,280.78264266602224,288.81028813664534,16455750
2017-11-01,295.13092041015625,296.6072726533374,285.4885203410427,285.4885203410427,34907283
2017-11-02,290.05596923828125,298.17586406574964,289.3177790618267,295.269312403592,23110527
2017-11-03,299.88287353515625,302.18966487004207,288.4411941459374,291.070941899522,26898400
2017-11-06,303.5737609863281,304.49647758507075,296.60726192945157,298.5910969849331,17143407
2017-11-07,292.6856994628906,306.0650893711166,291.1170700720896,303.52761887128065,21883541
2017-11-08,285.6269226074219,294.6234097831375,282.95105000235776,293.4238894233395,20242447
2017-11-09,289.4562072753906,293.42387737245707,284.3812660000808,288.94869625241415,21846178
2017-11-10,307.7720947265625,312.33955292363987,285.58077290950234,290.65571394666637,82984969
2017-11-13,305.46533203125,318.15268581558655,304.26581166436176,310.72482813638766,38777555
2017-11-14,303.6660461425781,308.8332648611764,302.1896939145391,304.81944192087786,25647162
2017-11-15,299.8367614746094,305.5575873282275,297.3454154654196,302.6510357568894,17389606
2017-11-16,307.63372802734375,308.37191824890715,298.63724061529575,302.0974280814681,22506014
2017-11-17,311.4168395996094,319.9058432315842,310.03276475694446,318.33721381293407,26518142
2017-11-20,307.2646484375,311.0939169528785,305.64989427904464,311.0477923834109,13507662
2017-11-21,305.0962219238281,309.4791255406111,304.4964617975569,309.11004455206535,14189920
2017-11-22,309.3868713378906,313.40069426560996,301.72833465761244,305.2807992754577,22861716
2017-11-23,309.06390380859375,310.63250496756535,306.0189224545789,309.57138662139306,13338423
2017-11-24,306.71099853515625,310.9555006145289,305.8805592098408,310.0327839954947,11716981
2017-11-27,309.7098083496094,310.95548133990764,302.6971568478143,304.4041881190323,13114683
2017-11-28,306.3418884277344,310.67866738898545,305.6037264662368,310.0327545533697,16054996
2017-11-29,303.4814758300781,308.9716507139522,301.91287454831064,306.6648592768749,11264624
2017-11-30,295.59228515625,301.26698693531404,293.88525371790973,300.62107401516016,27276288
2017-12-01,288.5796203613281,297.3915527410251,287.195545443528,296.65339071516223,16425620
2017-12-04,289.36395263671875,291.5323424377356,287.10328553711173,290.3789466030541,13887727
2017-12-05,294.4388732910156,295.91522548583526,284.93487539622885,288.34893808680704,15130931
2017-12-06,288.2566833496094,292.8702667199907,287.4262439747564,292.2243819435842,18658202
2017-12-07,291.947509765625,293.19318273557684,288.30279630133543,288.34892086504414,12278558
2017-12-08,288.9025573730469,294.2081775343758,287.9798408232505,292.13206529733407,16418832
2017-12-11,293.7929992675781,294.6234386872994,290.7480453422402,291.5323601893968,14014369
2017-12-12,293.839111328125,295.73066908673434,290.3327713670646,293.19319844714454,17658856
2017-12-13,289.08709716796875,294.30046844287864,287.1032621258996,291.71684508842117,17540585
2017-12-14,289.7330322265625,291.0248299231456,285.5808072424239,290.00983596187393,13894451
2017-12-15,288.1182556152344,294.6695490448659,287.4262181718031,293.79295701955596,16050711
2017-12-18,294.2543029785156,298.4988047520913,277.18404675621673,284.1966981874625,32119915
2017-12-19,295.0847473144531,297.3454141706919,293.79294975049163,294.761819042769,14741481
2017-12-20,292.9624938964844,294.3465686707985,292.039777380275,294.3465686707985,9895770
2017-12-21,292.27044677734375,293.6083969449258,291.0247738901246,292.1320449363355,9916409
2017-12-22,295.13092041015625,298.8217869385707,292.03981406079373,292.5934496718713,13821639
2017-12-26,292.63958740234375,295.2232109838876,291.855272597963,293.97753784270384,9329690
2017-12-27,290.517333984375,295.5461226773726,288.85642716981005,292.0398107784187,14276027
2017-12-28,284.5657653808594,292.0397747260419,283.87372799999196,290.9325036530248,20353152
2017-12-29,285.94989013671875,287.88760077374224,285.16557533612854,286.042167435449,11939569
2018-01-01,283.3663024902344,288.5796461819291,282.62811223924575,286.59581092072756,12182400
2018-01-02,279.8138122558594,285.1194327685426,278.0606563269619,285.1194327685426,14797364
2018-01-03,279.4447326660156,282.76651811398784,278.7988197714657,281.7053714787877,13857373
2018-01-04,284.6580810546875,286.2267105931739,279.7215414402381,280.96721452561536,24517099
2018-01-05,282.67425537109375,287.3339632560944,281.9822178737722,287.3339632560944,14580575
2018-01-08,282.1667175292969,285.5807801223378,281.4285555325138,283.45854326228005,13557197
2018-01-09,280.78265380859375,285.5807914553185,279.85993719646024,283.73535823105146,15574755
2018-01-10,277.8299865722656,282.2128906223059,276.814992634125,281.10561938813856,13064599
2018-01-11,278.844970703125,279.58313272722313,276.81498289824077,277.6454222151202,12298455
2018-01-12,278.8910827636719,281.10559689573716,277.32245333396,281.10559689573716,17594228
2018-01-15,279.21405029296875,281.65924366429977,278.2451809623142,280.4597233414811,18189668
2018-01-16,273.2625427246094,279.9061141711423,272.47822790453444,279.02952205004465,18040940
2018-01-17,283.3663024902344,284.56582292935747,269.9869104210482,273.124141550283,26277307
2018-01-18,279.8138122558594,293.2393276808447,277.27634157588045,290.6557324339512,40000111
2018-01-19,285.35009765625,286.04213507983025,279.1217608440279,280.45971112657963,18461642
2018-01-22,282.8126525878906,284.8887650457136,280.5519855368524,284.5196840183606,12622645
2018-01-23,293.5161437988281,295.77678247870296,282.67422420290734,282.7203487673452,35252217
2018-01-24,304.40423583984375,305.97286550451156,291.763033856353,293.14710891609076,38070520
2018-01-25,288.9486999511719,307.0339510865047,287.7491796252833,307.0339510865047,42466150
2018-01-29,287.9798583984375,292.40888684413034,286.9648644999024,288.94869957122154,23600898
2018-01-30,289.3177795410156,294.20819443124554,286.96486346753284,287.9337046368314,25810404
2018-01-31,289.0409851074219,292.1320914578641,284.0583209241372,288.81030594931536,16409938
2018-02-01,282.39739990234375,292.87023878602554,281.42855875060303,292.4088804929918,19515991
2018-02-02,274.3697814941406,282.1205951569061,272.66275018435243,279.49084726442976,23274673
2018-02-05,275.01568603515625,277.184075792629,267.58782827259955,270.0330217612061,18940578
2018-02-06,269.20257568359375,274.32364169517797,261.0365279102195,262.974238456981,30577218
2018-02-07,270.1714172363281,274.8772776678354,267.5878219432652,273.67775731585834,21463818
2018-02-08,278.10675048828125,279.85990622550503,269.9407037427876,270.26366015310936,18932796
2018-02-09,273.49322509765625,277.3686465133249,272.2014273454597,274.0468607511916,15750824
2018-02-12,266.4344177246094,269.8023276761529,263.11263233934454,265.9730594255191,50839665
2018-02-14,254.85433959960938,266.3882972542065,253.7470684011375,266.3882972542065,45641149
2018-02-15,257.1611328125,260.482890111489,253.05503259697682,253.56251547346776,26058237
2018-02-16,250.65597534179688,259.46793635024926,249.17962305230498,258.82202342388473,30338112
2018-02-19,247.7494354248047,250.97894389402933,236.8152368328997,250.51758554128295,43847791
2018-02-20,248.81051635742188,253.00889362761566,244.3353353810944,248.2107562214156,33458021
2018-02-21,252.1784210205078,252.91661115352034,246.73439902525934,251.1634553461114,23714454
2018-02-22,251.5325469970703,252.45526358314976,248.62599538273517,249.50255924406534,25584062
2018-02-23,254.71591186523438,255.77705850623659,251.44027912557766,252.31687117882038,15482147
2018-02-26,253.23959350585938,258.3606596022007,252.68595788918208,258.3606596022007,15306032
2018-02-27,246.91897583007812,254.5775125957657,245.39649902233023,251.90164000046985,20824909
2018-02-28,247.28805541992188,248.85668494554457,240.64448445844255,243.82786807729235,26810799
2018-03-01,241.89016723632812,249.13349866259315,241.0597278726017,245.7194357506228,22859175
2018-03-05,243.13583374023438,244.51990869511235,238.75292971645405,240.32155926227992,18484565
2018-03-06,236.72293090820312,245.44261398443848,235.29273145124742,245.30421212716465,20778164
2018-03-07,227.58804321289062,235.615688877287,227.03442170193986,235.33887108204266,31262500
2018-03-08,236.95362854003906,238.01477523308887,225.41968429580123,227.91101647782924,33133336
2018-03-09,233.677978515625,237.50724676669174,232.20162632655416,237.13816575919301,21536191
2018-03-12,233.3088836669922,235.52339773968367,228.14166539132924,234.46227934642258,25332474
2018-03-13,235.0159149169922,242.1208299124051,230.31006871046372,231.8786841126399,37647221
2018-03-14,237.18429565429688,237.92248584495516,230.67915475386837,232.98594630140707,25471485
2018-03-15,234.09320068359375,238.79904693767404,233.0320822159828,237.13816830655048,18339890
2018-03-16,232.80137634277344,235.93860681873272,230.77140285365059,231.27888566627894,25728297
2018-03-19,228.78758239746094,234.00093973187688,227.08056510352333,233.35502683626666,18167594
2018-03-20,229.8487091064453,232.75526074458233,226.38852188031177,227.7725967707652,20556571
2018-03-21,228.83370971679688,234.6468269327682,228.00327043431707,232.293896859692,19533972
2018-03-22,222.8822021484375,228.23396135485922,222.0517487435658,227.91100490637498,26828240
2018-03-23,216.6538543701172,221.12902130586107,214.3932015799437,219.422004091849,27150262
2018-03-26,227.44964599609375,228.695319060342,216.14636744253534,216.60772575084385,30373940
2018-03-27,234.69296264648438,235.754081058573,228.83370685920198,230.67913997903426,31205051
2018-03-28,230.58685302734375,236.3999840066322,229.47959601775696,232.52456335377323,36673566
2018-04-02,227.12667846679688,232.52457604245458,225.97328275230058,232.34003554404268,14993188
2018-04-03,231.1405029296875,233.26275387628675,229.06439062792384,230.26392499596147,19883309
2018-04-04,228.18783569335938,233.44731790535886,226.52694286863874,232.24778341641957,18824449
2018-04-05,239.26039123535156,241.65945990803556,230.6791385451035,233.0782072177875,22880821
2018-04-06,239.6295166015625,241.2442706806591,235.15433537910815,239.58336387528533,24868860
2018-04-09,240.50607299804688,242.44378346440146,237.6917986686555,240.5060729980469,20208874
2018-04-10,242.95127868652344,244.51990822936148,238.5222501029809,240.92131898534853,21201141
2018-04-11,237.18429565429688,242.67447080106953,236.49225819003527,242.67447080106953,14885838
2018-04-12,234.18548583984375,237.5995345889028,232.75527223320674,237.5995345889028,18660913
2018-04-13,231.5557403564453,236.16932360355338,230.4023445446683,234.37002895308896,25654020
2018-04-16,229.75643920898438,231.8786902585493,228.00328325647413,230.07939565896496,16408377
2018-04-17,228.97213745117188,232.98596062242333,227.541937867418,231.97096664730208,15922452
2018-04-18,227.4034881591797,230.58685740196188,226.3423697714313,230.21777641827646,16142387
2018-04-19,227.12667846679688,229.2489293973776,226.2501005396872,228.0032704734441,13166927
2018-04-20,222.5592498779297,226.84989068480016,220.99063441199857,226.84989068480016,15546939
2018-04-23,223.71263122558594,225.9271594575922,220.80607964052862,223.20513429244676,12111837
2018-04-24,222.00563049316406,224.58922583639838,221.08291384785505,223.29742816478122,9486349
2018-04-25,218.86839294433594,222.14403996323225,218.4531732556396,221.17518463658135,13124853
2018-04-26,215.17750549316406,220.3447240174783,214.5316066975092,219.97562893457714,24495144
2018-04-27,223.85105895996094,226.8037493454138,215.22365288042027,215.22365288042027,31401889
2018-04-30,227.35736083984375,230.40232838528243,225.60420496071666,225.88102275203613,17263193
2018-05-02,222.37469482421875,227.26509549310703,221.22129910417613,226.8960004149708,12887066
2018-05-03,223.20513916015625,224.5892140555178,220.29858751171219,222.32856120900152,12939642
2018-05-04,223.25128173828125,225.05057631803663,221.7749436049473,224.6814953045877,12777310
2018-05-07,227.44964599609375,229.01826142843504,223.34355986805568,223.7126408828872,15122614
2018-05-08,230.7252960205078,233.07822624162137,225.69649320568135,228.8337241141405,23293920
2018-05-09,228.83370971679688,230.49460236129406,227.2650943612586,230.49460236129406,11429823
2018-05-10,228.78758239746094,230.86369478596703,227.26510561103845,229.06440019850274,13160967
2018-05-11,231.0021209716797,232.15551679422745,227.03443652620766,228.46465016207463,11958589
2018-05-14,234.00094604492188,236.0309198414307,228.97212908235002,230.63302185387127,18673849
2018-05-15,228.83370971679688,237.5533925805226,226.89599928496062,233.44729257399038,18026861
2018-05-16,224.31240844726562,229.47961289862366,222.00561697446173,226.52692262934224,17222004
2018-05-17,223.94332885742188,226.98829662809678,222.51311522942652,225.3274038368615,11721064
2018-05-18,220.39088439941406,225.1428696641993,219.46816772046242,224.2201529852477,11873041
2018-05-21,225.55807495117188,226.7576093731225,221.72880660985,224.72763562495743,18780730
2018-05-22,234.27774047851562,239.62951368526464,222.3747019007079,224.81989527319507,68713602
2018-05-23,242.8590087890625,248.90279096689005,234.64682299340566,234.96976534026498,71202072
2018-05-24,247.7494354248047,248.85670673502764,240.5061036548707,243.4588083760792,34679642
2018-05-25,246.31919860839844,247.65712073393087,242.25922318989677,247.1034851624011,22317308
2018-05-28,251.02503967285156,253.00890288937322,245.4887400749141,246.7344131162652,18959368
2018-05-29,243.87399291992188,250.0100810083661,242.4899179813092,249.5948472631516,16107543
2018-05-30,246.5037384033203,247.28805315896068,239.8601956616598,240.36767853697484,19320209
2018-05-31,248.71824645996094,253.56250857477767,242.81286589466615,246.2269285535006,31935892
2018-06-01,246.08851623535156,248.9489150257235,244.1508058399798,248.44143218461224,16574717
2018-06-04,242.67446899414062,247.61100850093177,241.10583948986357,247.28805205486574,12933824
2018-06-05,243.1819610595703,244.75059062314222,240.7367675767719,240.7367675767719,14102731
2018-06-06,249.2718963623047,250.425292170162,241.93631591977865,242.6744779731764,18315171
2018-06-07,248.81051635742188,251.8093451965282,247.6571206500733,250.10231391783734,18773700
2018-06-08,251.90162658691406,252.732065877913,246.36532710148737,248.16463569788118,14096549
2018-06-11,252.82435607910156,256.8843036106002,252.04004131346417,252.17844317585272,18219428
2018-06-12,260.9903564453125,262.4205556952455,252.82431013929113,252.82431013929113,31358021
2018-06-13,265.465576171875,267.2648566402497,261.7285570592644,262.0515134999704,26748300
2018-06-14,260.7596740722656,264.4043871497166,259.5601257933388,264.4043871497166,18513730
2018-06-15,256.0077209472656,261.5440203096798,255.2234062391087,260.89810745376826,16949917
2018-06-18,255.45408630371094,258.12995870674695,254.1622887462875,256.51520472019894,13542420
2018-06-19,251.5325469970703,255.31569063181112,248.9027990949288,254.66977775792532,20726975
2018-06-20,252.1784210205078,253.51637127722938,250.14846151264067,252.08617189307128,14002946
2018-06-21,247.88783264160156,253.51641007117587,247.38034972674657,253.51641007117587,12954943
2018-06-22,251.94776916503906,252.54755751276838,245.21194890649716,248.21077800883438,20784133
2018-06-25,247.70326232910156,252.0400130999182,246.54986667318113,250.84049288139042,10934401
2018-06-26,246.73443603515625,250.24077633499564,244.8890026644235,246.596034164167,16867009
2018-06-27,241.4749298095703,246.68827262935872,240.82901696786595,246.68827262935872,16277655
2018-06-28,237.13818359375,241.7517669321498,235.93864910985826,240.27541463204628,21349738
2018-06-29,239.3065643310547,243.08970815707437,238.2454458352274,238.29157040323327,16244724
2018-07-02,238.84521484375,241.5210875457749,234.3700333777529,238.93749214224974,21896701
2018-07-03,237.59951782226562,240.73674854227858,236.58452395897686,239.53722825962146,16099030
2018-07-04,237.5533905029297,238.38382977814666,234.83136537736178,235.9847610815728,14206935
2018-07-05,236.6306915283203,238.70680395021756,235.43114301133352,237.96861374920795,11215032
2018-07-06,237.32272338867188,240.64448065787337,235.80023253423704,236.30772948571533,16174019
2018-07-09,241.33651733398438,242.12083208186908,238.01476007553927,238.2454392273244,13220744
2018-07-10,243.36651611328125,245.2119494108227,242.12084300562526,243.4587934099738,11487165
2018-07-11,239.07586669921875,242.35149922867757,237.9685955618687,242.35149922867757,12857179
2018-07-12,242.44378662109375,244.05854067090124,240.9674344294546,241.1981135794271,10642215
2018-07-13,237.8302001953125,242.12082669117228,236.95360817441536,241.84402297882346,11976239
2018-07-16,232.15550231933594,237.5995246305111,231.60186672721665,237.1381663302577,8965623
2018-07-17,239.0297393798828,239.7679296029296,231.09438455590487,231.3250637207799,16067598
2018-07-18,239.4910888671875,242.21311417584192,236.3538579725348,239.998599906621,17641125
2018-07-19,240.0908660888672,243.13581954823195,236.39999975796422,239.35267592724136,9958284
2018-07-20,241.29037475585938,242.67444956325437,238.56834970435295,239.81402266282325,6120163
2018-07-23,245.7655792236328,246.82669771282588,240.45995861859078,241.75175626452477,17013119
2018-07-24,246.2269287109375,248.3953183383904,245.02738024343714,246.5498851506136,9320281
2018-07-25,250.84051513671875,251.7632317433213,245.11966091215248,247.28805056948372,13099277
2018-07-26,265.465576171875,267.034177491042,253.0089021146581,253.83934141999072,53496546
2018-07-27,264.5889587402344,274.04680294978067,263.0664821334391,267.1264291379175,32175436
2018-07-30,274.4159240722656,276.39975922344877,266.84966449301976,266.84966449301976,40949610
2018-07-31,270.81732177734375,279.02949387574444,269.24869229558226,274.04682987349605,36510328
2018-08-01,272.2936706542969,274.96954312673523,266.0653336875,271.7400350698776,33885474
2018-08-02,271.1864013671875,273.49319285237806,268.095295145217,270.35596206433405,15665209
2018-08-03,276.1229248046875,276.76883764680764,271.7400212363591,271.832298522244,18254462
2018-08-06,284.6580810546875,287.28782908846676,277.36862529158543,277.36862529158543,31576923
2018-08-07,280.55194091796875,287.61074467919923,279.6292244167959,285.90371352021486,23928622
2018-08-08,284.8426513671875,286.8726111747784,279.62927957984994,280.55199626304903,20498279
2018-08-09,292.8702697753906,295.1309369140934,286.18057381854675,288.7641974283611,46464355
2018-08-10,280.9210510253906,301.1746614013236,277.276309569418,293.1008919879046,111510771
2018-08-13,271.41705322265625,279.39854532700065,268.6027791573507,273.1240843818574,58127432
2018-08-14,272.109130859375,275.84615013796576,270.678931334395,273.7700377028855,25294933
2018-08-16,270.0791931152344,275.3386614830397,267.8185259051167,270.81735522188376,31083900
2018-08-17,278.752685546875,279.30632112886894,271.3248001531966,272.20139217127667,21931134
2018-08-20,283.873779296875,284.84264870061094,280.1367880285342,280.5981463658147,20240462
2018-08-21,283.2740173339844,284.98104880315464,279.90610712453275,284.4735377398456,14139592
2018-08-23,279.0756530761719,283.2278778675636,275.2463565746271,283.2278778675636,22721004
2018-08-24,277.230224609375,282.0744869494155,275.89227422325683,277.3686264729893,18869585
2018-08-27,284.1966857910156,286.3650752267552,279.8599069195364,280.50581974178164,28111768
2018-08-28,281.7514953613281,286.27280068309,279.95218688147946,284.24281307295684,16890236
2018-08-29,285.7653503417969,287.8875873180105,282.1206084053901,283.0894495990796,24320824
2018-08-30,284.7503662109375,286.5035222288314,282.3512972689932,285.39625097591016,19935935
2018-08-31,285.67303466796875,286.64187573149707,281.0132994371484,284.1044053508465,18100140
2018-09-03,282.67425537109375,288.34895721731493,281.2440276478492,288.34895721731493,14708076
2018-09-04,273.49322509765625,283.6892615597726,272.61666112538103,283.08947317564645,42859084
2018-09-05,273.6316223144531,275.75388759037435,267.9569203202185,273.5854977437264,22922686
2018-09-06,273.5393371582031,276.6765678496856,271.74002859150545,274.96953657137055,18001336
2018-09-07,269.1103210449219,273.0318670362681,267.08036119190774,273.0318670362681,23716678
2018-09-10,262.8358459472656,270.58666025102946,261.86697655987155,268.18759130582026,23354395
2018-09-11,260.7596740722656,268.92572027625965,259.88308218224495,265.1425772042265,28361400
2018-09-12,263.25103759765625,264.54286337905603,258.3606508277613,262.05151726815785,22717796
2018-09-14,268.1875915527344,269.2487100797429,266.38831096147925,267.68010865344957,15149585
2018-09-17,263.25103759765625,266.203742013604,262.143794560983,266.203742013604,16089996
2018-09-18,252.63978576660156,264.72737847327426,251.34798819957683,262.9742226209496,33901000
2018-09-19,250.51754760742188,260.9903862607626,249.5948310416487,254.11613658212235,40759431
2018-09-21,249.68710327148438,257.8531503449514,233.81636739809,253.00888847278486,39308482
2018-09-24,243.92015075683594,251.90164410490107,242.30539662795837,251.6248403750101,24633374
2018-09-25,249.96392822265625,251.8555142004266,240.64448467304774,243.59718913835547,28948831
2018-09-26,243.45877075195312,252.82433823353367,242.44377690095246,252.82433823353367,23951904
2018-09-27,244.8428497314453,247.84167861150485,243.3664975740625,244.0585350079224,24829383
2018-09-28,244.9812774658203,252.3630108734533,242.21312743795792,245.81171684236335,33803139
2018-10-01,252.68597412109375,253.9316472988673,243.68948628917678,244.9812840383542,17711738
2018-10-03,250.7021026611328,257.1611186338326,249.68710880503644,252.2245793657399,19714943
2018-10-04,250.37911987304688,251.62479273989229,245.1657774471389,247.24188950552391,17754204
2018-10-05,238.3838348388672,250.0561939814636,236.21544523710213,250.0561939814636,36628643
2018-10-08,245.2119140625,247.74938448083253,238.3838174777107,239.67561496795625,21100804
2018-10-09,242.62832641601562,247.42643554754355,239.90630134862272,247.2880336978111,16010883
2018-10-10,257.1149597167969,258.7758663937864,241.0135728967084,241.38265388301468,31772330
2018-10-11,241.89016723632812,250.51757365516312,240.45996767430364,247.28806533916654,46291120
2018-10-12,243.36651611328125,247.1957845738643,241.2904036535471,245.44262857301538,42967696
2018-10-15,242.8590087890625,245.16580017893173,240.92129838975742,243.966251760755,21965859
2018-10-16,249.4102783203125,249.91778933070822,242.99741503592625,244.15081075172324,33597068
2018-10-17,240.96743774414062,253.74706846022542,239.90631927148587,252.59367269449714,21631573
2018-10-19,240.9213104248047,243.781737522948,238.15316061868072,239.62951281376203,28474307
2018-10-22,240.22927856445312,245.44262185550858,239.3988392351032,245.44262185550858,19933462
2018-10-23,235.89248657226562,238.98359272777975,235.2927264308256,238.06087615354122,20206307
2018-10-24,235.9386444091797,241.56720752216444,233.26277175803563,240.137007979386,25636533
2018-10-25,230.26394653320312,235.29274954081473,229.20281392088393,234.83139120838175,33066232
2018-10-26,228.92599487304688,232.98594229508663,228.28008198721224,232.5245839935122,20543437
2018-10-29,247.1957550048828,248.4414279635343,229.20278250613103,230.67913459938188,37768359
2018-10-30,252.04000854492188,257.53018303151134,245.44259114410363,246.82666590619445,33401683
2018-10-31,259.6524658203125,260.89813895909464,247.84170368455767,253.7470847524351,28137370
2018-11-01,263.8046569824219,266.6650839297462,257.2995165446513,261.12878460940544,29144808
2018-11-02,263.2972106933594,270.1714330749703,261.31337545998383,265.65012696751296,27760214
2018-11-05,272.1552429199219,276.8149499809724,261.59012773201897,264.312152670461,44619891
2018-11-06,264.3122253417969,275.2463963450831,261.95928072458446,273.2164363825389,40688243
2018-11-07,264.4044189453125,266.5728084926431,263.8508115366959,266.5728084926431,3312160
2018-11-09,261.3594665527344,265.2810119467295,260.62130456572993,264.819653665083,19201007
2018-11-12,256.4690856933594,261.77470604943403,255.45409181951263,261.77470604943403,24044907
2018-11-13,256.5613098144531,258.08381455634475,252.22455918942566,254.94655595044796,25633628
2018-11-14,261.68243408203125,265.4655777838249,256.51521547658695,258.7297296906128,52674807
2018-11-15,263.3432922363281,264.86576888020517,259.42174698075837,261.9130928773381,18445463
2018-11-16,268.41827392578125,269.2487132977533,260.7597368211483,263.8046905714052,24805910
2018-11-19,265.8807678222656,270.8173069886261,263.943057438573,270.8173069886261,13799970
2018-11-20,261.5439758300781,266.249806960571,260.667383983144,263.80461412316254,12900924
2018-11-21,264.8658447265625,267.17263671393573,261.1749775467653,261.54408679201055,16167419
2018-11-22,260.8520202636719,264.86581534924994,259.83702626998826,263.8508495146451,12066797
2018-11-26,264.2660217285156,265.05033644991266,257.9915602754898,262.14378486739446,16846820
2018-11-27,267.0341796875,268.0491735841778,262.09764022203467,262.60515124991167,21242956
2018-11-28,262.5589599609375,269.8484425924793,261.12876069777633,267.0341404669011,19837609
2018-11-29,264.2660217285156,267.2648506004468,262.28218672197625,266.94189416703915,27919104
2018-11-30,262.6512756347656,268.41825440840387,261.3133534547272,266.4805439086462,17583510
2018-12-03,264.6351318359375,265.6501258129747,261.3594988945358,264.54288269545276,15772176
2018-12-04,260.7135925292969,265.69628524053394,260.11383230563433,265.69628524053394,11897307
2018-12-05,258.4990539550781,261.3133565251269,255.63862681792867,260.62131906415897,14893748
2018-12-06,254.3468475341797,257.6686332182268,253.83936462316458,256.5152373667575,11083451
2018-12-07,254.1161651611328,255.9154739303786,251.07121141526247,255.5925174642219,10165275
2018-12-10,253.0089111328125,255.03887082275008,249.27189188700103,250.05620665407827,11947887
2018-12-11,259.5140075683594,261.3594405110677,247.61097071970502,247.61097071970502,30927239
2018-12-12,263.2049255371094,263.7585611612904,260.39065100621565,261.8208505561956,21765939
2018-12-13,266.6650695800781,271.2786520987646,263.6662409429319,267.5877860838154,24097152
2018-12-14,266.8496398925781,268.3259638584246,264.86577676520693,266.20372703821425,12156361
2018-12-17,267.12640380859375,268.9257120926943,265.09641641930443,266.94184926081454,12728014
2018-12-18,270.125244140625,271.27863971765584,264.8196244862831,265.6039391104784,13606582
2018-12-19,277.4609069824219,278.66042735974344,271.9246071011025,271.9246071011025,26124125
2018-12-20,271.3248291015625,278.33748151717504,270.49438971950747,275.29252772994727,19222232
2018-12-21,269.3409729003906,273.5854749393595,268.3259789972995,270.9557269683295,15777301
2018-12-24,270.4020690917969,272.20137759717045,267.7261967743513,270.8173027958289,12048877
2018-12-26,271.41705322265625,272.2013678805674,264.9580377136258,270.2175330346083,12684324
2018-12-27,269.5716247558594,274.6004410361337,268.97186465174394,273.77000180281436,15304564
2018-12-28,272.0168762207031,274.1391415598888,270.8634803273672,270.9096330585483,12876558
2018-12-31,273.0318298339844,275.20021942438217,272.6627488345513,274.2313782809859,9526067
2019-01-01,276.4459228515625,277.4609168309807,271.1403019436401,274.5082121925056,11837127
2019-01-02,271.1864013671875,279.1217697080582,270.44823935555684,275.9845389200142,25559853
2019-01-03,268.6028137207031,272.7088857843625,267.68009710067946,272.2014029069801,17548347
2019-01-04,274.6466064453125,275.89227956009165,268.9719046547382,269.52554027898196,19514041
2019-01-07,273.4009094238281,278.1990468689458,272.3859437203889,277.7838131473024,14579399
2019-01-08,281.70538330078125,282.35129622243744,271.9707338613184,272.93957508472516,22949961
2019-01-09,281.70538330078125,283.36629017400685,277.5070337872486,282.35129622243744,21109911
2019-01-10,281.93603515625,283.73534372152864,280.0444774617364,281.52082959746826,16295468
2019-01-11,279.3524475097656,282.5358310076112,277.69156891206615,281.7976408404637,12702551
2019-01-14,277.1840515136719,280.13675579616194,276.3997367987222,277.7376870865231,10372933
2019-01-15,278.3374328613281,280.1367413404776,277.8299500385288,278.66038927541564,9444374
2019-01-16,279.7215576171875,282.9510660168956,278.7527163609065,279.5831557461586,12111480
2019-01-17,274.4159240722656,280.82881600651984,272.75504537803727,280.4135822534241,15974634
2019-01-18,272.1552429199219,276.67654813779654,271.50933010633713,275.66155435605174,9082501
2019-01-21,269.8484802246094,273.816150330554,268.9257636270338,273.03183559079963,10188647
2019-01-22,267.8185119628906,270.3559827911351,265.9269540636487,270.3559827911351,11297989
2019-01-23,264.4967346191406,270.3098666849386,263.43561605319394,268.00307495067244,10304608
2019-01-24,265.78851318359375,267.4955445756152,263.43559704802146,264.4967155374153,11532528
2019-01-25,263.3432922363281,268.5105104401877,261.3133327641834,267.2187129289913,11121223
2019-01-28,259.8370056152344,264.4505887115309,255.86930725697349,263.57399665960395,18905470
2019-01-29,258.914306640625,263.8969710923716,255.17728718250623,259.2833876816658,17435611
2019-01-30,265.23492431640625,267.0342049699342,258.5913528719434,259.4679449927679,18908654
2019-01-31,270.9557189941406,272.0168374328852,265.7423759314669,267.5878090976576,25546487
2019-02-01,262.4205627441406,279.30629131778375,260.2060488116011,273.95451880848464,60015958
2019-02-04,262.00537109375,263.1587667612536,256.37679460451756,260.57514357060114,20642919
2019-02-05,262.6512756347656,264.81966528546883,261.12879887034035,262.2360700585093,13291133
2019-02-06,266.71124267578125,267.35715560956504,261.59017641177456,263.7585662219594,12149759
2019-02-07,265.188720703125,271.27865533219295,264.45055875496604,267.0341537325957,19733315
2019-02-08,263.8969421386719,265.7423753004808,260.3906303948651,263.52786113812516,19781908
2019-02-11,258.822021484375,263.8508385130322,258.3606631573084,263.8508385130322,15420017
2019-02-12,254.1161651611328,260.39065540949196,253.42412765897336,258.9604276762489,15326106
2019-02-14,246.4575958251953,247.610991511237,243.2742124680906,247.28803508733046,26372671
2019-02-15,242.62832641601562,248.07234839172722,241.10582159173615,248.07234839172722,23366091
2019-02-18,239.86019897460938,244.9812650019805,238.79905232398715,243.96627107825483,14781744
2019-02-19,242.5821990966797,246.82670127376358,240.1831302001473,240.73676581612818,19064306
2019-02-20,247.01124572753906,247.56485316172146,243.8739867521001,244.0585413362116,15514595
2019-02-21,247.28805541992188,250.05620529402546,246.64214251900034,249.41029239310396,13760702
2019-02-22,250.01007080078125,250.88663466400095,246.91896459893675,247.19576831172708,12536918
2019-02-25,249.2718963623047,250.425292170162,247.19578390816156,250.33301487371796,20793897
2019-02-26,245.7655792236328,247.47261061533126,242.90515204822958,246.1807848103205,15274303
2019-02-27,246.965087890625,251.62482353177666,245.95009401717087,247.28804432659794,20571652
2019-02-28,248.25689697265625,249.87165106822772,246.96509932801442,247.0112520547625,31636468
2019-03-01,251.8555145263672,253.3779913286369,249.22576650840494,249.6409720949821,20024726
2019-03-05,255.0850067138672,256.3768042783999,250.24074472756317,250.70210301197307,21533972
2019-03-06,256.60748291015625,260.7135547377915,255.08500620644708,255.86929276112383,22161376
2019-03-07,259.9753723144531,260.66740968529905,256.1922290553475,257.8531356408214,14899105
2019-03-08,259.4679260253906,262.28220046596823,257.99157379464634,260.0676861993902,19943319
2019-03-11,265.1426086425781,266.6650853318621,261.5901442615325,263.2510228027378,22931245
2019-03-12,264.7274169921875,267.49556710676404,263.66629841341563,266.8496823088103,20828136
2019-03-13,270.4943542480469,271.64774994939376,262.69741620238705,265.83464687823556,23725641
2019-03-14,269.3409729003906,271.92459630453857,268.27985443041746,271.7400417188579,16164017
2019-03-15,275.338623046875,278.01449550878715,269.89460083283126,269.98687812305076,37928480
2019-03-18,275.84613037109375,277.64541079044903,271.8784322173711,275.79997764706405,23782967
2019-03-19,279.6292419433594,282.9049026232781,276.03065299504806,276.9533695540548,27218691
2019-03-20,280.3212890625,281.10560379661007,276.8611018464928,279.3985724715647,18820555
2019-03-22,275.01568603515625,282.72037568792416,274.00072024828074,280.7826650927554,17865957
2019-03-25,271.2786865234375,272.6166368872688,269.6178078695777,271.2786865234375,16895511
2019-03-26,280.04449462890625,281.4285695611743,271.9707241906758,271.9707241906758,18303791
2019-03-27,284.93487548828125,286.8264614181874,280.8288035040442,281.6592428141873,35956450
2019-03-28,294.34661865234375,313.4007123157347,285.16557649344344,286.13444589542627,63244736
2019-04-01,297.80682373046875,302.32813006233766,296.2381940304564,296.93023157591836,22372357
2019-04-02,303.5737609863281,305.4191941838134,297.2070220868191,298.6372215512398,27897583
2019-04-03,295.73065185546875,306.757125801385,294.807935313018,305.4191755512017,30552104
2019-04-04,296.93017578125,300.5749174327831,293.7006678426015,296.65337207870994,27832294
2019-04-05,292.54730224609375,298.6833904880369,290.65574437963505,298.6833904880369,23117232
2019-04-08,288.6257629394531,294.5772967210188,287.0571614968397,293.6545800515716,17394139
2019-04-09,290.425048828125,291.301640858671,284.2889890915302,289.68688681435265,25556039
2019-04-10,286.8725891113281,292.5472906447439,286.04214979213396,290.51733099327777,19237974
2019-04-11,290.56341552734375,291.0247737698956,284.8425902151442,286.96482686725375,14897935
2019-04-12,290.88641357421875,291.94753205219047,287.1494225381647,290.2866534048501,14751964
2019-04-15,291.2093811035156,294.0698083575183,289.50234966491104,291.11710380646826,13864791
2019-04-16,291.3477478027344,294.7156575453613,290.37890669837395,292.1320624943507,14940726
2019-04-18,286.7803039550781,291.393886889742,284.242833341013,291.393886889742,15691168
2019-04-22,286.0882873535156,288.1643998253382,282.6742526286318,284.93489153583647,15665440
2019-04-23,281.65924072265625,289.5023317829104,281.0594805675108,286.0882691165812,17324274
2019-04-24,286.7341613769531,287.8414324753448,280.1367438266433,282.21285601682234,15228591
2019-04-25,282.5357971191406,287.88754143344113,281.7976070405346,286.96482495448777,30842477
2019-04-26,288.34893798828125,289.27165458984376,282.9049156708777,283.18171938771604,14987906
2019-04-30,285.9960021972656,287.88755983640726,281.42854407084684,287.88755983640726,18178758
2019-05-02,284.3350830078125,287.333911624002,282.0282917645898,284.242805726269,16640100
2019-05-03,286.0421447753906,287.70302338464967,284.9348735965007,285.11942817934096,12452689
2019-05-06,284.88873291015625,286.3189322894763,282.2589851284015,283.08942438604134,10639216
2019-05-07,281.84381103515625,289.1793914819381,280.27518147192933,286.6880734309674,15219845
2019-05-08,275.2002258300781,281.70536659361306,273.81615093068126,280.45972171141665,22103678
2019-05-09,276.1690368652344,277.7376661770395,273.2163609641115,274.6004357125021,12654440
2019-05-10,284.24285888671875,286.7342051589718,269.8485013641664,278.47587970009425,60739833
2019-05-13,283.1817321777344,289.91758056881355,281.7053799167391,286.0421594035857,40101505
2019-05-14,290.3327941894531,292.2705048256376,281.52086126654973,284.05833210560417,30521436
2019-05-15,287.9798583984375,293.3316034502393,286.9648644999024,291.7630021152997,27932459
2019-05-16,291.3477478027344,292.59342076482216,285.6268939852585,288.3489190446698,18147559
2019-05-17,294.5773010253906,297.0686473329329,289.2255555280282,291.25551533502704,25838962
2019-05-20,318.0604248046875,319.0753905422806,305.4191960606031,306.3419126650158,53207071
2019-05-21,311.46295166015625,320.6901169074911,310.2634314416322,319.1676402734955,33457162
2019-05-22,314.7386169433594,316.12269175123777,307.77209018159374,312.70862929484144,32002499
2019-05-23,315.7536315917969,335.86884219594566,312.98548179347864,325.71895960211214,74413322
2019-05-24,327.8873291015625,329.4098057653016,316.9531324380423,318.2910826886739,35703403
2019-05-27,333.74658203125,334.484743995749,326.64165344688314,327.6104945451723,31374994
2019-05-28,332.2240905761719,333.7465954476499,329.0868598623257,333.05455801845994,23501608
2019-05-29,321.70513916015625,331.255261667339,320.3210642506827,330.3325450610233,28370210
2019-05-30,326.2264404296875,327.56439075414454,320.6440163015922,322.7201286373579,25712604
2019-05-31,325.2575988769531,330.24026284495517,318.0142679935519,326.9646302050019,32588069
2019-06-03,327.9796142578125,328.90233082271385,322.6278412859398,325.1191872748034,18380919
2019-06-04,325.165283203125,329.5943392200432,324.2425667194844,326.6416352087644,18130636
2019-06-06,310.86322021484375,322.5817324231242,309.9405036050288,322.02809682542,41941144
2019-06-07,315.61517333984375,316.2610861652987,310.0327496762665,310.9554661931602,29739710
2019-06-10,317.69134521484375,320.4594952858151,313.86207658181587,319.25997485202566,20500542
2019-06-11,320.2749328613281,321.38217586987423,316.3533873680252,318.38334696323085,16281297
2019-06-12,317.41448974609375,320.1365148026041,315.8458603645328,320.1365148026041,11564970
2019-06-13,319.7212829589844,320.5978749406834,313.53907084160227,316.49177505030775,15509948
2019-06-14,317.2299499511719,319.58289413311434,316.0765542224968,318.7985794058002,10347594
2019-06-17,311.73980712890625,317.1838294054316,310.9093678255508,317.1838294054316,13779496
2019-06-18,313.769775390625,317.41451730352577,308.0027965151976,309.57142603294443,21957480
2019-06-19,312.66253662109375,318.5217928705332,309.57143026974444,316.5840823100548,16416903
2019-06-20,318.47564697265625,319.49064092220294,309.6637142050756,314.64637849666775,20626861
2019-06-21,322.39715576171875,323.5967041677861,316.6301773452632,318.15265401539256,24749090
2019-06-24,325.90350341796875,327.33370283621656,322.62784270273926,322.9507991336879,17919504
2019-06-25,328.99456787109375,329.4098015736817,324.10418152032406,325.4421317539307,15922634
2019-06-26,330.4709167480469,331.25523142362226,326.9184525062574,328.2564027268903,15835579
2019-06-27,334.16180419921875,334.9461189249352,329.6404985838377,330.42481330955417,29658120
2019-06-28,333.3313903808594,336.7915778242593,330.97847418297846,334.20798246348505,22708464
2019-07-01,333.6081848144531,334.9461351855744,330.7939103692243,334.7615805967726,12348793
2019-07-02,336.3301696777344,336.79152793517983,332.50090177275183,334.1617802359261,14482172
2019-07-03,337.8526611328125,338.36017213373464,334.9461096150751,337.0222218647553,12626285
2019-07-04,339.006103515625,342.23561190434583,337.89886039208204,338.8677016450669,19252646
2019-07-05,342.0049133300781,344.72693865262585,337.71428663173623,340.8976702693546,30019347
2019-07-08,327.8411865234375,339.97493196344715,326.18030795870635,339.5596982427269,27247892
2019-07-09,331.71661376953125,332.17797206406465,325.2575976460633,326.18031423513014,16579914
2019-07-10,326.8262023925781,333.56202171969215,324.15030195940756,332.6854297627469,18681819
2019-07-11,335.1306457519531,335.86880769204265,329.4097921595034,330.7938669164761,20048321
2019-07-12,335.4997863769531,338.2217836542185,333.5620757408339,334.94615074390794,14661748
2019-07-15,332.2240905761719,336.7915488724558,329.9634518695963,335.9611095892428,15665939
2019-07-16,336.1918029785156,337.7142797554339,330.00959041881566,330.79390517028156,16251836
2019-07-17,343.61962890625,344.68074728012476,334.9922237499162,335.9149402766027,17545177
2019-07-18,335.5458679199219,344.9114352746329,334.5308740826707,343.20443218365864,21691056
2019-07-19,328.4871520996094,337.76044386575586,327.7028372563197,336.88387987779174,22213173
2019-07-22,323.7351379394531,331.7627557912677,321.7513028003938,328.48712299136105,19682038
2019-07-23,315.7536315917969,325.71895960211214,314.6463604088392,324.0580809867516,27956145
2019-07-24,313.35455322265625,318.06041336776127,310.26344707720955,315.4306655079312,20823143
2019-07-25,314.92315673828125,316.6763407633546,311.3245677166903,315.29226589666,19857643
2019-07-26,316.12274169921875,319.3983746651241,314.1850310302123,314.4618347718939,16139052
2019-07-29,317.2299499511719,319.7674205542571,310.77093387059125,317.3683799658732,17060483
2019-07-30,302.23577880859375,319.90582233992194,300.6671776514569,317.78355749098677,24437235
2019-07-31,306.5264587402344,307.4491753190321,298.86789424076807,299.9751653989555,22741445
2019-08-01,292.63958740234375,305.88057730040623,287.28784195905996,305.23466436525075,40853304
2019-08-02,284.6119689941406,297.3454478153887,283.3201431249338,291.16323484388124,64472348
2019-08-05,277.0456848144531,279.4447538285089,269.15646841725663,275.384806044226,48815899
2019-08-06,278.10675048828125,280.73649817365356,274.27748260351194,275.707681930414,30442970
2019-08-07,267.49554443359375,279.07565499347885,266.480550512465,279.0295022667004,30820114
2019-08-08,271.60162353515625,272.6627419413534,263.5278536807169,267.58780088999146,32929233
2019-08-09,268.83349609375,274.96955605854305,267.6339475779143,273.4009265220951,23377581
2019-08-13,261.4517517089844,269.01801086024017,260.66743697476727,268.4182507078656,24231272
2019-08-14,267.35711669921875,268.7411915052544,262.512854878094,263.0203377100108,18523649
2019-08-16,268.41827392578125,270.1714299686285,262.3283382661893,265.69627664214624,20047399
2019-08-19,264.6812744140625,269.8023405140066,263.8969596364743,269.4332594889878,19831459
2019-08-20,261.7746887207031,265.1887229588197,258.96038643137786,265.0964456747466,23204417
2019-08-21,255.9615478515625,263.5278343082834,254.9465540840893,263.43555702777263,28226325
2019-08-22,247.7955322265625,256.7920190969009,246.64213647395502,256.7920190969009,27728925
2019-08-23,250.1484832763672,253.9777516475946,242.39766923937313,246.45761676741031,35212444
2019-08-26,258.54522705078125,265.7424059482482,249.13350557648266,265.7424059482482,64066440
2019-08-27,263.62017822265625,265.7424154154674,260.7597507582433,262.051548534697,45164811
2019-08-28,262.8819580078125,264.49671208422296,260.3906400425107,264.49671208422296,18979998
2019-08-29,253.2856903076172,262.32830113875855,252.17841919564822,261.3133354717068,27083514
2019-08-30,252.68597412109375,256.46911822581825,246.22695721612774,254.62368482439936,45702652
2019-09-03,247.65711975097656,250.97890500789603,246.31919763075436,250.97890500789603,21241863
2019-09-04,253.83934020996094,254.53137765428522,246.59600932755166,248.85667624264124,27309675
2019-09-05,252.1784210205078,254.99272338418007,250.10230878984808,253.74705041396936,25085139
2019-09-06,252.77822875976562,255.59250318097978,251.07119738468387,253.79319451228451,16675146
2019-09-09,256.5152282714844,257.16114118903636,250.05621173227433,252.77823710885812,18616889
2019-09-11,263.2049255371094,263.7585611612904,256.9765881229972,256.9765881229972,20999669
2019-09-12,264.8658447265625,266.4805991177237,262.1899716530259,264.58904095171044,21964832
2019-09-13,269.1564025878906,269.8945644921036,260.20604166418195,262.9741910435881,27303181
2019-09-16,262.69744873046875,268.00306961362406,261.86698119540796,265.9269570941285,18267680
2019-09-17,252.77822875976562,264.3121864845391,251.90163670905227,262.97423612483476,21533362
2019-09-18,258.729736328125,261.0826806201397,253.1934365714929,255.77706002003393,25478758
2019-09-19,252.87046813964844,258.31451850299464,251.94775155726097,258.31451850299464,23387797
2019-09-20,278.3836364746094,283.87378388146686,247.6571538200453,253.28573125758516,84481749
2019-09-23,289.5023193359375,291.5784315861554,277.1840476861632,283.78146542726284,54178171
2019-09-24,279.21405029296875,290.794132421597,277.55314350859356,288.9486992116753,40096711
2019-09-25,258.59130859375,274.50816880157225,257.16110923001,274.04681053467885,73063465
2019-09-26,260.06768798828125,267.49554560160476,255.5925066976798,259.74473153572876,79005946
2019-09-27,259.4679260253906,263.9430791261326,258.36065481256327,260.8520009618865,37851718
2019-09-30,249.87164306640625,260.06767835308847,249.2718829105016,259.65244462103675,41094131
2019-10-01,236.1693115234375,254.20842391283287,226.57306449211853,251.67095325671568,79350077
2019-10-03,234.50840759277344,240.5522179433473,230.77141679636165,234.3700057408831,56207921
2019-10-04,230.6330108642578,240.36767378949023,229.3412132588166,238.5222405934097,60029186
2019-10-07,229.8487091064453,233.81637919544815,227.7725967707652,232.06322329935563,39160623
2019-10-09,240.78289794921875,241.7517390750116,225.4657973989107,230.77141762670198,60328507
2019-10-10,234.50840759277344,238.060871973023,233.07820819144908,238.060871973023,37577511
2019-10-11,234.87750244140625,241.19810241024118,232.06321412615574,236.39999320844535,43272106
2019-10-14,235.70794677734375,239.3526744405646,234.3700105566092,237.09203572237314,28265136
2019-10-15,238.4761199951172,239.8140421890916,235.10819590850892,236.6306867683307,23444973
2019-10-16,236.26156616210938,241.7056164449322,235.29272502856293,239.26039501051264,30892295
2019-10-17,244.9351348876953,245.44261775852794,235.84637066594962,236.58453268881095,37061013
2019-10-18,248.81051635742188,250.3791457830459,242.8590114029481,243.96625438655784,33203721
2019-10-22,249.59481811523438,253.74704244617172,247.74938507926223,249.50254083162108,27574295
2019-10-23,254.16226196289062,256.3306231319238,247.88777309520216,249.82548330668052,31789622
2019-10-24,242.2130889892578,256.19223877910883,229.43345942410508,254.6697621372768,63943183
2019-10-25,259.7908630371094,262.18993197271436,243.18196324164384,245.25807571607703,105518180
2019-10-27,260.0215148925781,262.92809457878764,258.591315490693,262.92809457878764,12183625
2019-10-29,258.9603576660156,262.9741797252146,257.02264755201577,261.2671487162368,51033578
2019-10-30,267.49554443359375,268.5105383547225,257.6686179916022,261.12880534153425,51469048
2019-10-31,288.2566833496094,293.23934775780555,270.1253063358264,270.67894197208784,128449327
2019-11-01,289.3177795410156,290.6557298786908,284.7503492526532,288.2566610796229,44894016
2019-11-04,290.0097961425781,294.3465751275223,288.2105157919452,291.5784255181726,31535656
2019-11-05,294.5311584472656,297.1147537378774,288.6257495103073,289.6407434312893,50080853
2019-11-06,293.0086975097656,294.3005235082405,289.73306425711536,294.3005235082405,32157080
2019-11-07,293.56231689453125,298.3143023392852,292.31664369895435,293.65459419773686,33926772
2019-11-08,291.57843017578125,296.19201293172716,290.1943553489975,291.76298474964887,25423362
2019-11-11,293.654541015625,294.9463385493148,288.90255643147606,290.3789085381535,20491942
2019-11-13,283.0893859863281,293.9774566221533,282.02826773666425,291.62451285908594,32675829
2019-11-14,282.3512878417969,285.5807960360658,276.5381843557435,283.22787990101483,43617772
2019-11-15,297.0224609375,298.68336767396653,286.0882638522945,287.88757244369776,95199897
2019-11-18,299.9751892089844,304.3580933061593,298.72951609691916,298.96019525992835,39009263
2019-11-19,304.8655090332031,306.15730642963047,297.20697377225645,300.62100773716645,41372145
2019-11-20,303.38922119140625,306.80328403680005,299.9751865050897,306.3419257149402,29972583
2019-11-21,305.7421569824219,307.1262319093146,301.3131003209192,303.8044464529567,34116162
2019-11-22,303.8505554199219,308.00277998741655,302.8817142844698,305.8344185738738,28974967
2019-11-25,310.12506103515625,311.4168586689306,302.97400724349933,303.57376741356495,27561300
2019-11-26,309.5714111328125,313.72363572326753,306.8955386952232,311.8782025719542,36464072
2019-11-27,316.999267578125,318.84470072521714,308.2334601294373,309.9866441464349,33971305
2019-11-28,322.3049011230469,323.8735306261774,317.8758726516185,320.0442623203897,42538227
2019-11-29,315.4306945800781,321.8897111740165,314.277298759732,321.8897111740165,23081823
2019-12-02,312.3395690917969,317.7374668334703,310.21733217548297,317.32223309985085,20648850
2019-12-03,310.2634582519531,316.44567076551095,307.5875857308147,314.6463621231703,26482178
2019-12-04,315.4306945800781,316.44568853379826,306.203528017309,308.27964049393205,26789483
2019-12-05,310.21734619140625,317.96816034957686,309.24847682221167,316.4918080910974,30429507
2019-12-06,295.2693176269531,311.55526029549947,293.42388439178467,310.6786964042403,47027528
2019-12-09,292.224365234375,302.32809534233814,290.42505655917836,294.3004776323358,52435239
2019-12-10,289.17938232421875,297.71451103702447,288.11826384579336,292.685722366547,52155809
2019-12-11,288.6257629394531,291.3477883779536,284.19673418973775,287.1494387956,52557951
2019-12-12,296.9763488769531,297.99134278768605,289.31778405876486,289.73301780013446,37804216
2019-12-13,306.8493957519531,307.6798632237758,299.8828966473152,300.06745123195935,40955226
2019-12-16,306.2035217285156,311.1861859382617,305.2346523638769,309.98666557336844,35027613
2019-12-17,307.17236328125,309.80211133241727,305.09625084491955,307.4953197364946,26734601
2019-12-18,301.68218994140625,309.6175298139902,300.621043372307,309.1100469706533,26449075
2019-12-19,302.7894592285156,304.1274096176911,299.4215491305117,302.0512971815011,27516289
2019-12-20,311.73980712890625,313.26228387823716,304.81943266915135,304.81943266915135,51839714
2019-12-23,306.71099853515625,312.6625319915575,304.8194407297667,309.75598027341505,30150335
2019-12-24,305.8344421386719,308.3719129032106,303.7583296949584,307.44919626156013,21747782
2019-12-26,304.35809326171875,307.6798788403818,302.7433391208901,307.2646450833948,24616942
2019-12-27,311.1861877441406,312.2011816829051,307.2646420127467,307.6337230380036,33477173
2019-12-30,308.5564270019531,311.7398105520264,306.80327108471283,311.64753325973464,22775554
2019-12-31,307.9566955566406,310.355764584553,306.84942426404143,308.55645577384905,23801635
2020-01-01,308.60260009765625,309.98667509616433,306.48033487116373,308.8332792640743,17379320
2020-01-02,313.0777282714844,313.58523929231825,307.587581446818,308.64869989536055,20324236
2020-01-03,307.9105224609375,311.83206777885346,306.3418930701414,311.83206777885346,21853208
2020-01-06,294.34661865234375,306.06513166169526,293.14709824121627,306.06513166169526,35645325
2020-01-07,293.7929992675781,301.7283687251943,291.0248490957873,299.375452342804,50966826
2020-01-08,295.0847473144531,296.65337674438314,286.96485277605956,287.9798466331275,44527485
2020-01-09,304.6810302734375,305.7882732895965,299.88289272618823,301.63604862108,40348407
2020-01-10,306.5726013183594,311.83209739016064,302.7433329231734,305.4192055270939,42377838
2020-01-13,305.18853759765625,309.5253171960085,303.6199080001898,308.1873667652825,23615129
2020-01-14,302.6510314941406,306.0650940276739,301.26695665499057,304.31191003749075,26296117
2020-01-15,299.1908264160156,303.7582843743535,297.4376706902653,303.57372980992795,32625740
2020-01-16,298.3143005371094,301.63608631888707,297.4377365596503,298.96021349656695,26653623
2020-01-17,293.42388916015625,298.49883063934135,286.13443339459667,288.81030599726074,58396326
2020-01-20,289.7330322265625,296.60728263060093,289.1793965968618,296.19204886855596,30682902
2020-01-21,289.4562072753906,292.455036210801,287.8875777993918,289.5484564076811,30591772
2020-01-22,291.716796875,292.5011114808164,289.4561584924363,292.5011114808164,24994911
2020-01-23,298.2220458984375,299.6983700772874,289.87144294653916,291.57847445729794,33293610
2020-01-24,299.0063171386719,302.0051462308104,296.33044450365605,298.49883424824856,22706879
2020-01-27,291.7630310058594,297.11477658759446,291.3939217996055,296.099782588554,23309355
2020-01-28,290.7480163574219,295.2693222221329,287.01099710260183,293.3777643902781,26488426
2020-01-29,291.99371337890625,294.9925426785575,291.1632458148164,293.2855111377094,23914114
2020-01-30,286.68804931640625,292.2704732964817,282.0283137464633,292.2704732964817,35802330
2020-01-31,293.839111328125,296.837940265822,284.75034722359743,289.45620749610634,92656638
2020-02-03,275.0617980957031,283.13556758265054,272.52432768551967,279.583103376579,56060158
2020-02-04,282.58197021484375,283.78149057988,274.1391186141177,279.490863847617,51141567
2020-02-05,286.96484375,289.4100369475662,281.0594635297248,283.18170030669,35014841
2020-02-06,297.0686340332031,298.4988335640833,286.1344361981902,287.1494301357877,57757656
2020-02-07,295.7768249511719,299.88292550245234,293.7929896912022,296.6534170739644,37126803
2020-02-10,293.88525390625,297.85292424951655,292.03982060071627,295.0847742912159,24816396
2020-02-11,299.2831115722656,300.62103364279534,296.2381301335703,296.2381301335703,30188757
2020-02-12,295.453857421875,304.40419126888776,294.57726541542695,304.40419126888776,38930849
2020-02-13,302.1435546875,305.3730627100486,297.11473807447277,297.11473807447277,62516057
2020-02-14,294.7156677246094,306.24962488477,293.9313530059034,302.74331317171124,48205947
2020-02-17,289.9175720214844,296.3304356074742,287.56462775515206,296.14590917971327,36950692
2020-02-18,293.0086975097656,294.53120269952797,285.4885615056089,291.0248620965092,38588583
2020-02-19,295.59228515625,298.9601953048752,292.7318579026903,297.39156573254576,39846727
2020-02-20,302.3280944824219,303.7583221368394,294.1159222078837,294.66955781091383,40150409
2020-02-24,297.9913635253906,305.69602528791177,296.9763695440226,300.57495896971074,45273936
2020-02-25,301.54376220703125,302.7894352017146,297.2992885348877,300.7133229302673,39050709
2020-02-26,302.8355712890625,305.2346116992387,299.14470523147037,299.7444653340144,43915281
2020-02-27,297.0686340332031,304.4964917346136,293.4238920351731,302.6510584513735,47010040
2020-02-28,279.5831298828125,290.3327726441814,277.8299739741084,287.8875792852723,59705346
2020-03-02,265.188720703125,287.88755259742925,262.0976147469469,286.9648360826939,66711413
2020-03-03,267.44940185546875,271.64775096036607,263.2510245914966,270.35595340186495,61949382
2020-03-04,263.25103759765625,270.3559667590502,253.8393450700907,269.2486955633007,73675736
2020-03-05,266.2037353515625,275.3386239311182,249.13347849193025,268.41824952856456,149245973
2020-03-06,249.59481811523438,253.1934069035654,234.3238569266574,247.28802682026918,106043172
2020-03-09,233.86251831054688,242.44378546449363,231.7402673250167,239.95243939304547,101286241
2020-03-11,226.15785217285156,238.52224941190474,224.3124189085428,233.4473079350557,90845604
2020-03-12,196.1695556640625,213.97797485961541,192.47868924765146,213.97797485961541,99767083
2020-03-13,223.29742431640625,229.57190021227905,170.37961998812023,184.54332588132746,155701316
2020-03-16,206.08876037597656,213.51661781926572,203.55128969969968,210.2871096858224,75583409
2020-03-17,198.52247619628906,212.13254641225254,195.6620631070977,209.64121434117027,65403057
2020-03-18,198.568603515625,205.90419744848927,184.63559172354203,203.9203624501333,101356399
2020-03-19,187.9112091064453,202.76695034977956,182.83626836959075,187.26531037402566,93533467
2020-03-20,193.632080078125,199.0299636271187,184.5433161270526,189.66439596548582,77391650
2020-03-23,167.56532287597656,184.08194267736954,166.31964996288653,175.31613588320909,61750037
2020-03-24,169.0416717529297,177.115441690033,160.137462539825,176.19272512579263,67491360
2020-03-25,175.223876953125,180.16041640184082,162.8133414816843,164.24355502959114,71567553
2020-03-26,177.85360717773438,185.46601837989422,170.7948315130008,176.74635018241844,107260359
2020-03-27,180.8063201904297,195.52364757075105,179.92974221095068,186.38875859801044,114740377
2020-03-30,172.45571899414062,179.9297287429713,171.855958863479,175.31614595468997,60081554
2020-03-31,181.6367645263672,183.15924125257095,173.51685580102577,177.1615834785573,59543412
2020-04-01,172.13279724121094,179.46839193632516,170.93326275683413,179.00703360229863,52954239
2020-04-03,161.93675231933594,173.65524952881637,161.47539405061988,173.0554894113003,64448494
2020-04-07,171.99436950683594,172.82482289889774,163.87447464804077,170.14893629719376,72130500
2020-04-08,168.8571319580078,179.37609520226545,166.50420189350513,168.76485466938516,80435759
2020-04-09,173.24005126953125,175.31616373481194,169.41078279871797,173.47073043234022,62416005
2020-04-13,169.31849670410156,174.11662022531291,168.94941569459994,172.36346431087313,51847146
2020-04-15,168.25738525390625,177.11545656692928,166.2273973784377,172.54801200620224,72190004
2020-04-16,173.9320831298828,175.22388076799766,166.31967100350863,167.93442509092134,61165773
2020-04-17,178.3149871826172,182.69789113665306,171.90210947630396,180.8524578928485,89851063
2020-04-20,177.62295532226562,182.0981367115512,175.36230234316272,179.00703029880276,81958510
2020-04-21,170.47189331054688,173.65526279191334,168.8571392467122,173.47072228623986,53042420
2020-04-22,174.1166229248047,174.8547990347906,167.3346642331835,171.16393256439926,61503413
2020-04-23,172.2711639404297,175.22385385949985,170.84095058101778,173.24001906000137,50955312
2020-04-24,165.85830688476562,169.77985238829973,165.16626944296547,169.77985238829973,65137305
2020-04-27,166.91943359375,169.3185024759052,166.55035257166696,169.3185024759052,42996571
2020-04-28,170.05667114257812,171.02552638248466,167.1962440684804,167.93442015981574,49590230
2020-04-29,175.408447265625,176.97706281256552,169.31851151922152,170.70258654526418,57470466
2020-04-30,175.7775115966797,180.76017558492788,175.03933550372568,178.54566138560378,63063889
2020-05-04,165.0278778076172,169.31850458070795,164.2435630265178,168.349649286273,58118177
2020-05-05,157.2309112548828,167.24239252179618,155.75457306517225,167.01171335969713,91050439
2020-05-06,157.87681579589844,159.90678949875755,153.67845245254153,157.92294036224004,73156432
2020-05-07,157.55386352539062,159.21475626425993,155.75456892475648,157.64614081959272,42942399
2020-05-08,153.7707061767578,160.36813790339573,153.26322334200935,159.1224649391982,55932236
2020-05-11,152.6634521484375,155.84682146687268,152.2482325120394,154.97024355013508,54591827
2020-05-12,154.00140380859375,155.47775608573374,148.41897931959159,151.51007166051645,70752542
2020-05-13,160.64495849609375,164.7510443662635,157.3231732530703,164.7510443662635,81720683
2020-05-14,154.97024536132812,158.47657114879559,154.55502572007723,157.73839507571756,48136531
2020-05-15,153.5400390625,155.24707043160183,151.9714236333335,154.97025263126935,35495540
2020-05-18,143.29788208007812,153.54002726939575,143.02106430100747,153.54002726939575,77349435
2020-05-19,140.99110412597656,145.65082593151678,140.62200902560934,145.32786947863775,71522334
2020-05-20,141.54469299316406,143.2517239995297,139.4685810511419,141.17561205750755,66168767
2020-05-21,140.206787109375,144.08219408409707,139.79156744771518,141.7754025420556,61147471
2020-05-22,139.1918182373047,143.5747225122538,137.90000642433293,140.25293679837137,87064198
2020-05-26,139.69927978515625,141.36017238805542,138.5920227430692,140.621996333485,48275988
2020-05-27,146.3428497314453,148.37282331540666,139.1456578614577,140.20677625684698,88195120
2020-05-28,145.9737548828125,149.84916156333128,144.5896800626603,147.1271505662727,76968678
2020-05-29,148.8341827392578,149.38780422305445,143.20560613700002,144.03605948200084,58363280
2020-06-01,156.90794372558594,158.15360255353633,150.7257459881569,151.32550608166596,92740893
2020-06-02,157.09251403808594,158.06136936347974,154.27822536129023,156.76955756977495,70419104
2020-06-03,161.3831024169922,165.99668469397352,158.70723032815732,159.16858855585548,113168889
2020-06-04,160.59881591796875,163.92058700007948,158.24588593509637,161.38311652590156,83494674
2020-06-05,173.28616333007812,175.13159634939836,162.39810570018136,162.90560259640176,201321234
2020-06-08,172.36346435546875,182.23652919734116,171.44074775193792,181.77517089557574,151741826
2020-06-09,170.195068359375,176.23886470305752,169.18008858105895,173.19389720903436,96654191
2020-06-10,173.19390869140625,174.39344312670394,169.59531946505155,170.28735693777654,67333317
2020-06-11,163.45924377441406,175.68523900237082,162.7210817412624,173.47072474383924,91726802
2020-06-12,165.30467224121094,166.08898697820092,156.67728053201046,156.86182103496756,92758901
2020-06-15,160.27587890625,164.10516144232645,158.7072634209046,164.10516144232645,63613412
2020-06-16,159.53768920898438,165.12012726946583,156.30818121625563,164.24354934448982,63925976
2020-06-17,159.58384704589844,162.5826762569471,156.16979814461237,157.78455233517707,73866905
2020-06-18,165.76605224609375,166.6887689612505,157.87683559513533,159.07635606120735,58261857
2020-06-19,170.24122619628906,170.65644588329903,165.62764283053596,166.36581898496428,76895151
2020-06-22,173.19390869140625,176.93091386002902,170.01053913277886,170.70257660550388,80023958
2020-06-23,177.57679748535156,178.17657169143098,173.33230979700846,174.94706376181597,65487085
2020-06-24,170.33349609375,179.8374661505847,169.6875831869808,179.74520293500228,74668987
2020-06-25,170.93325805664062,172.36347166870377,166.4580767078227,168.11896948055607,73620385
2020-06-26,170.33349609375,174.0243626259696,169.59531997139837,173.47072701432126,49176958
2020-06-29,165.39694213867188,168.94940649982505,164.70490472386572,168.85712921270266,50966428
2020-06-30,164.65878295898438,168.76486922516278,163.55152579770035,167.10399052300608,43613239
2020-07-01,170.51803588867188,171.07165741845782,164.79719560365348,165.58149629073483,54012853
2020-07-02,171.1177978515625,173.47072809643785,169.7798615411945,171.30233836341696,52127276
2020-07-03,170.42575073242188,172.40959984137305,169.22621635391104,172.22504526041928,38048810
2020-07-06,173.51686096191406,175.17775367233276,171.76369095887392,172.17892469613219,43773740
2020-07-07,174.0243682861328,174.5779898362493,169.82600465327303,172.54801599341104,55124494
2020-07-08,177.06930541992188,182.19038523602293,173.8397974017818,174.30115569008754,143063102
2020-07-09,183.712890625,185.4660466279763,177.66909375230995,177.89977291478255,89539723
2020-07-10,180.48336791992188,186.85010666330078,179.7451918431223,182.697882070783,111406477
2020-07-13,177.8074951171875,184.35878894477347,176.79251525288993,183.43607229748184,61949761
2020-07-14,171.6714324951172,177.43841145504763,170.333496192321,177.43841145504763,62239932
2020-07-15,169.59530639648438,175.27000760373662,168.85713033321858,173.4245744853408,58527305
2020-07-16,171.85597229003906,172.50187111495302,167.61147016139589,170.7025765028576,46546803
2020-07-17,173.65525817871094,174.85479255302977,170.70256792775993,172.3634605937754,47035238
2020-07-20,176.0081787109375,178.3149700439773,174.16274564450563,175.31614131102555,45672856
2020-07-21,179.3760986328125,181.03699130302215,176.70022616602975,177.57680410655942,59281860
2020-07-22,177.16159057617188,181.54449450969696,175.40843463457713,180.57563924532587,62276152
2020-07-23,182.9285430908203,183.7128577346257,176.37725041767,177.530646023539,70801412
2020-07-24,177.11544799804688,181.12927082726085,175.91591360590516,180.57563523718377,65265493
2020-07-27,172.68641662597656,178.26885521350945,172.08665643108856,178.08431469812382,50697767
2020-07-28,174.80865478515625,175.77751001848856,171.39460622537663,173.47071854842963,51488617
2020-07-29,176.42343139648438,180.16043687222592,172.5480240466389,173.1016597021338,73763368
2020-07-30,172.13279724121094,178.54567526827208,171.6714389071844,177.622958600219,48472816
2020-07-31,176.65408325195312,179.79132801532313,172.2711795756808,173.47071392404175,145892485
2020-08-03,177.3922576904297,179.56064722639292,175.36228408543238,177.16157855169052,72454278
2020-08-04,176.79251098632812,178.82248474547225,175.77751706698686,178.40726508011934,43866676
2020-08-05,176.65408325195312,181.63676114217463,176.23886361431903,177.8536176003141,68888892
2020-08-06,176.19273376464844,179.46838054421656,175.54683495391876,177.43840681926415,59740172
2020-08-07,175.91592407226562,177.25387448129877,174.90094420278726,176.65410020977455,44822338
2020-08-10,178.82249450683594,180.39111003909414,176.88478385669754,177.02319980572977,48784530
2020-08-11,179.9758758544922,181.59062990636363,178.77634145719438,179.92973720853112,43890305
2020-08-12,187.5883026123047,188.46488063656693,179.5606703656023,180.8524680771952,157818228
2020-08-13,186.29649353027344,191.2791720893159,185.2353749717157,189.61827923630173,70443118
2020-08-14,181.31381225585938,188.23418676944178,179.56065634423368,187.3114701676308,56169088
2020-08-17,178.17657470703125,183.29764038989248,176.7002225681197,183.11309989241292,54787889
2020-08-18,180.0220184326172,180.62177860459747,176.88477347273263,178.82248400911834,46294169
2020-08-19,181.82131958007812,184.82014870711976,180.76018697970935,181.22154530694652,59296062
2020-08-20,179.6990509033203,181.1754030380637,178.3149760568249,179.0070134800726,37504602
2020-08-21,183.0669708251953,185.92739796415137,182.37493336379026,183.6206064261346,68041871
2020-08-24,185.88125610351562,187.12692914432174,183.25152224336867,184.54331985050706,53850253
2020-08-25,191.87892150878906,192.34027982647288,187.03465917310908,188.23419361499467,105394375
2020-08-26,193.632080078125,194.09343836844263,190.2180174661444,192.38640706245232,66749637
2020-08-27,198.9838409423828,199.7681557306466,194.2318558027765,194.2318558027765,80997993
2020-08-28,207.4728240966797,208.44166522081102,200.04495297460295,200.22949347065,95974037
2020-08-31,195.6159210205078,213.65503353429716,194.093444248154,213.65503353429716,119986476
2020-09-01,201.24449157714844,201.98265357695834,194.87773873225575,196.63090868064836,75048313
2020-09-02,199.53746032714844,202.07493092090408,195.8927326538433,201.38289348624343,47608088
2020-09-03,196.67703247070312,201.38289263839826,195.89273182911234,200.69085520665118,38594129
2020-09-04,190.63323974609375,195.89272112404595,189.9873269147973,193.77047030008998,54435758
2020-09-07,191.83277893066406,193.4475330094728,189.52598738950869,191.46369791589447,35687359
2020-09-08,188.28033447265625,192.38642073233063,187.21920188180508,191.83278511279622,34146789
2020-09-09,179.79135131835938,185.83513432851223,177.62296148144551,185.55833058723746,72715826
2020-09-10,182.83628845214844,185.8812560446247,180.11427730112345,182.42106879852395,67789617
2020-09-11,187.03465270996094,188.09578525168843,181.77517088601925,183.20538443732445,48487971
2020-09-14,183.15924072265625,190.2641555569475,182.09812228983122,189.9873377676556,63605531
2020-09-15,184.6817169189453,185.46603163978432,181.86744262784234,184.45103777511474,51761038
2020-09-16,182.88243103027344,184.58946240686893,181.08313643952087,184.40492189901656,52404964
2020-09-17,180.344970703125,182.69790103232793,179.92975101668662,181.7751843604475,41223296
2020-09-18,177.71522521972656,181.95971318999116,175.03933859544634,180.85245607077164,55286316
2020-09-21,171.4407501220703,178.54566525157415,170.0105365509175,178.13044559015256,57611375
2020-09-22,171.809814453125,173.74752479098146,167.15009317745063,171.7636758108833,51210889
2020-09-23,169.59530639648438,174.3472910445387,167.01169721482276,173.6091149812729,44320497
2020-09-24,162.72108459472656,167.749887451333,161.93676982132638,167.10398862122972,46114798
2020-09-25,168.1189727783203,168.62646975765742,162.5365341646898,165.16628227973013,46550127
2020-09-28,172.77867126464844,173.6091105147465,169.18008240817417,169.77984252440754,41921548
2020-09-29,170.74871826171875,174.34730755148482,169.08782548200415,173.93208787644082,35688726
2020-09-30,171.07164001464844,172.36345161180455,168.3034904087186,170.74869767501215,37641083
2020-10-01,175.59298706054688,176.4234264409234,172.45574190009728,172.54801919993432,43588724
2020-10-05,174.16275024414062,178.82247167585157,172.59413491215383,177.16157905629137,41694686
2020-10-06,176.79251098632812,177.2538692988399,173.74754330784273,176.33115267381635,31098726
2020-10-07,175.96205139160156,178.22270422754715,174.48571329117527,177.66908271971397,34578053
2020-10-08,176.7002410888672,180.66792555846757,175.82366307430803,176.56183922113536,43351606
2020-10-09,182.97470092773438,183.43605921848533,175.82364742109465,177.16158364836488,64907230
2020-10-12,183.34378051757812,190.03347568198564,182.00584430060414,184.26649709197918,69122798
2020-10-13,180.57562255859375,184.54330646346563,180.0220010869255,183.29763351302248,34948525
2020-10-14,184.5894775390625,185.3737782816147,178.13046067796736,179.05317737240952,40548275
2020-10-15,177.94590759277344,186.85011743372573,177.16159282605108,185.4660424897722,49184123
2020-10-16,180.8063201904297,181.5444963077156,176.7925113119084,179.00702558422785,36893126
2020-10-19,188.2341766357422,188.78781219883868,180.8985828621685,181.036984713174,60220779
2020-10-20,187.35760498046875,188.5571393541893,185.18921537876096,185.4660331695484,39316753
2020-10-21,188.0034942626953,191.27914078232084,183.48218886684282,188.8800721562336,54515523
2020-10-22,187.5883026123047,188.7878371042347,185.55832874571337,186.29649082117268,33721637
2020-10-23,187.12693786621094,189.71054728044632,185.9735420633861,188.23419502101507,32707020
2020-10-26,181.49835205078125,188.23418603357663,180.48337224047984,187.03465164000409,45470123
2020-10-27,179.60679626464844,182.28268308637527,177.39228186280621,182.0058652662602,37794381
2020-10-28,175.7313690185547,179.92973225371557,174.43957144444562,179.92973225371557,46458319
2020-10-29,174.1166229248047,175.96205616000037,171.5330135796231,174.71639717396621,44822673
2020-10-30,174.62411499023438,177.16158561756936,171.7636879239689,174.71639228122532,41519686
2020-11-02,180.8986053466797,182.00586253096023,175.36230534573792,177.34614054759314,52600119
2020-11-03,188.9262237548828,189.89507900030262,182.32880570001953,182.69788670801853,69890201
2020-11-04,191.00233459472656,192.84776777921667,182.74402391004088,187.77282652186886,117577856
2020-11-05,201.75198364257812,203.92037333474022,198.1533944508392,199.3067902276194,138023646
2020-11-06,202.2594757080078,204.70468314336003,200.27564065174627,202.07493520409432,73147085
2020-11-09,202.53628540039062,205.44283693946966,200.27563263893612,205.30443508695635,60359458
2020-11-10,213.79344177246094,216.8384094875556,205.7658098541485,205.85808714957562,135294550
2020-11-11,216.10023498535156,220.85223414475914,210.14871545361572,214.7622986688433,107094861
2020-11-12,209.27212524414062,215.315921719241,208.21099271884975,215.17750578313985,58859905
2020-11-13,211.7173309326172,212.82458808837316,203.08993876779425,207.6112446869388,70676525
2020-11-14,211.90188598632812,214.9007152820345,210.1487298760387,214.07027587811626,7753219
2020-11-17,221.63650512695312,222.92831670173595,213.14751596503234,213.9318306382768,80501583
2020-11-18,232.52456665039062,233.44728318471758,219.5142578845659,220.8983326860563,104514060
2020-11-19,221.2213134765625,232.34005175604716,220.52927599957638,228.8337257234098,82284278
2020-11-20,223.9894561767578,226.43464955160957,215.86954722550325,222.836060418896,84411129
2020-11-23,220.25244140625,227.1266770044819,219.69881991457868,224.6814837373077,57538324
2020-11-24,225.0044403076172,226.0655587269696,220.9906176126907,221.91333417892324,47636611
2020-11-25,224.2201385498047,230.5868775928604,222.92834091425487,226.48079145178602,74767232
2020-11-26,226.4807891845703,227.21896528872557,221.5903883340221,225.1428529155291,64248318
2020-11-27,225.37351989746094,227.21895301842275,223.34354628031042,226.48077695413056,54355703
2020-12-01,228.87986755371094,229.7103069058262,225.37354147231778,226.06557895892675,37003272
2020-12-02,227.86485290527344,231.46345595640796,225.23511914281016,229.15666454396433,56723083
2020-12-03,236.49224853515625,238.98359456841854,228.83371217362085,230.0332465452772,79266442
2020-12-04,243.13583374023438,243.9201485131473,233.95480602211805,237.13817560242973,79252024
2020-12-07,248.76443481445312,250.47146638836062,242.67449879463493,243.41266091136694,76053084
2020-12-08,250.88662719726562,252.5475339018033,244.7505677010431,250.01006336013367,65617502
2020-12-09,249.45645141601562,253.6548009007409,248.39533290264214,251.07120554999878,48495641
2020-12-10,248.71824645996094,250.05619678387393,245.0273800867672,248.2107635972771,38676657
2020-12-11,251.3941192626953,254.90043066523052,249.17957715680717,249.17957715680717,50255223
2020-12-14,253.0089111328125,254.80819166532012,251.30187973601542,252.8243565432378,31946501
2020-12-15,249.73324584960938,252.8704767041671,247.42645431551162,252.8704767041671,34890948
2020-12-16,248.57984924316406,252.50139483788814,247.74940992550836,251.71708008712807,24844177
2020-12-17,247.01124572753906,251.11731771279722,246.08852912513373,249.13348264944094,25904699
2020-12-18,250.47142028808594,250.9327785658985,244.51988724067365,247.01123320449148,29816205
2020-12-21,235.0159149169922,248.2107650967807,231.64800496292168,247.703282231031,55160758
2020-12-22,237.5533905029297,238.7067862071407,229.06438685630673,235.10818316227991,51189571
2020-12-23,242.67446899414062,243.5049083132559,235.84637169608274,237.09204475429377,29056404
2020-12-24,246.2269287109375,248.07236189871432,244.1969409407527,244.5198973804288,28585509
2020-12-28,253.93161010742188,254.6697720962448,247.28803957171598,247.98007699589056,36870242
2020-12-29,256.42291259765625,258.2683456183793,253.47023665994325,254.94656054926315,45032526
2020-12-30,255.50021362304688,257.1611203511346,251.4402663306243,256.5152074859213,30971894
2020-12-31,253.70098876953125,255.82322609023612,251.53259871458764,253.74711334468867,29467966
2021-01-01,257.8070068359375,258.3606424157864,253.1934239356556,253.65478222568382,24531791
2021-01-04,259.3294982910156,261.9592463253599,256.2845446675077,260.0676884924348,31450608
2021-01-05,259.9753723144531,260.6212851242051,255.59246896576227,256.56131002131747,27393072
2021-01-06,263.0203552246094,266.8034989115089,259.65244527080074,261.12879746069757,40765708
2021-01-07,265.465576171875,269.24869169162093,264.81966329046304,266.66509648412483,30546600
2021-01-08,263.8969421386719,268.8796060437408,263.15878013757845,267.68008575219517,32543357
2021-01-11,260.6674499511719,265.9269460456759,257.9915773357009,265.74239145464605,29703173
2021-01-12,269.8946228027344,271.1402959244087,256.42295394726096,258.36066456330127,44307145
2021-01-13,283.0893859863281,284.19665695236813,271.7399853002351,273.1240599282499,78042133
2021-01-14,283.50469970703125,285.3501330655798,280.32131589990354,282.9972167970617,40123498
2021-01-15,280.367431640625,286.8725721076587,278.0144875234509,283.08942858992594,35307601
2021-01-18,271.6939392089844,284.7964992428088,269.61782666737446,280.0445139460507,54969750
2021-01-19,275.523193359375,279.12178261080635,273.4932054949383,274.64660129085075,35803901
2021-01-20,279.16790771484375,281.15177101488257,273.9084397708344,275.707720320465,33759304
2021-01-21,272.06298828125,281.5669577579597,268.9718821173827,280.5058393265329,29995203
2021-01-22,261.7746887207031,274.96952373002455,260.5751403458998,272.6627324235646,44440810
2021-01-25,259.23724365234375,265.7423845095192,255.63862633484962,262.51287636443817,34034630
2021-01-27,254.3468475341797,262.8358522646246,251.62485022015932,258.5452253289747,39211107
2021-01-28,260.5290222167969,261.45173876216603,248.67210897698834,250.88662305405947,48717297
2021-01-29,260.2983703613281,268.1875863874432,257.5302204351015,263.5278786085926,42300984
2021-02-01,286.68804931640625,289.6407254424253,260.8981099434261,263.06649951287875,103414068
2021-02-02,307.3569030761719,311.32457316652153,290.65572709388283,290.65572709388283,121434166
2021-02-03,309.9866943359375,313.6314084961099,300.62109707081424,307.95670628183365,66420168
2021-02-04,327.6566467285156,330.3325190442661,305.5114499210788,308.5564032184718,145203439
2021-02-05,362.71990966796875,376.79133815067377,355.38430126089514,357.0913326430714,214955688
2021-02-08,366.3646240234375,376.2838277240696,364.24238705344453,367.24121607921705,79389205
2021-02-09,364.2884826660156,372.3161279144172,358.9367379397975,366.08779120209425,63869990
2021-02-10,361.9355773925781,367.14892042173966,358.01403193963114,363.5964559678432,54163507
2021-02-11,359.9978942871094,366.2723843837571,358.2447382891774,361.52037112323245,36392708
2021-02-12,362.7660217285156,368.4868758501748,355.75337001266513,360.78218669182075,53589755
2021-02-15,375.49951171875,377.8063030964077,365.11895051929037,366.77982904757414,56608937
2021-02-16,371.2550048828125,383.61940086641556,369.3634190835168,380.15921384717547,80365431
2021-02-17,379.9285583496094,382.78898542862254,369.22504020569835,371.85478813574395,74161370
2021-02-18,383.1119689941406,394.6459272591487,381.72789400233967,392.2007055797048,67154539
2021-02-19,368.67138671875,382.9273686965026,364.4730376749844,382.9273686965026,66155518
2021-02-22,359.3981018066406,370.0093422964387,355.8456374021541,369.6402613025216,52535049
2021-02-23,365.0267028808594,368.8098466793104,358.93676751738656,361.7049173954127,45462768
2021-02-24,374.8536071777344,378.7751526066707,364.65760032613,366.318478891226,39632090
2021-02-25,375.7763671875,382.83514414373684,375.1304542491449,379.236554730663,46988836
2021-02-26,359.9978942871094,370.00937554142985,357.09134248013305,368.62530057057666,64450414
2021-03-01,364.42694091796875,366.9644116270444,360.78219899948397,364.5653427793757,29677890
2021-03-02,363.7348937988281,368.67140506548753,360.36695569253783,364.4730558127933,30534337
2021-03-03,373.7463684082031,377.29883314812025,365.3957939761667,365.8571523018942,46268223
2021-03-04,365.07281494140625,372.3161458392388,363.96557192357517,367.8871174497629,43603653
2021-03-05,354.000244140625,364.4730839570286,348.8791778954929,364.4730839570286,72179228
2021-03-08,359.4903564453125,362.99666790522355,356.2146959528771,358.4292380950031,39147858
2021-03-09,357.6449890136719,364.3808094804006,352.7084491685102,363.0428871965295,28054083
2021-03-10,357.73724365234375,362.6276304585099,355.8918104184582,360.87447451813387,22677399
2021-03-12,351.6473083496094,362.8121850464609,348.3255228967916,361.4281101210432,35336355
2021-03-15,354.23089599609375,356.1686064818256,340.8053807718729,352.9390983919645,42722585
2021-03-16,349.2943420410156,357.87562293258566,347.03370336758877,355.7995106754586,38196452
2021-03-17,339.6981506347656,350.3093927835248,337.7604399149155,348.9714704515201,33143064
2021-03-18,338.729248046875,346.01870309356457,333.19294879737794,342.78919519802463,39405038
2021-03-19,342.4662780761719,344.081032209242,329.6405223081732,335.8227351098441,60309145
2021-03-22,338.6369934082031,343.98873844366693,335.40748529668076,343.2505764246637,28461974
2021-03-23,343.8965148925781,348.74077742021956,338.6831431689015,340.2056482048513,41032380
2021-03-24,332.0395812988281,340.5285573063599,330.93231009133086,340.0210744290516,42318999
2021-03-25,327.74896240234375,332.9623057962426,318.5217959851503,332.17799101896577,57495003
2021-03-26,329.5943908691406,334.0234194210375,327.14916927705667,332.17798616456764,40718848
2021-03-30,332.9161682128906,336.145676605817,328.76394313627105,332.27028342975245,39405124
2021-03-31,336.1455993652344,339.42125973510105,330.2863722973965,332.45473347856006,38651025
2021-04-01,342.0049133300781,343.1583091177548,335.03841403614166,339.28291616660727,31883453
2021-04-05,326.2264404296875,340.66697764794066,322.0742157581561,339.09834817506515,51743981
2021-04-06,323.4582824707031,329.4098156130564,322.3048867577723,328.21029533523836,44147709
2021-04-07,330.84002685546875,335.1306815881509,320.7362969445997,324.1042069148894,48023602
2021-04-08,328.1180419921875,335.2229432069068,326.9184934677523,333.10070620386483,33370259
2021-04-09,325.7189636230469,336.33020464759375,324.05808498718307,327.0107612463938,46473100
2021-04-12,303.43536376953125,317.41451482248533,297.6222322130923,317.41451482248533,75501713
2021-04-13,314.6463623046875,315.79975806093637,304.9578379521971,306.34191285969575,49773360
2021-04-15,316.2149963378906,320.6901494091417,310.1250610256256,315.66136073512536,52992349
2021-04-16,313.63134765625,318.79856593417594,312.4779519763145,316.49177457430494,37766793
2021-04-19,305.5575866699219,306.38802595150435,296.46882281925707,301.86672038815544,53304377
2021-04-20,304.0351257324219,313.6313729310078,301.4515304647906,309.2023444267609,41296147
2021-04-22,310.6325378417969,311.5552544420452,298.314265596666,300.805611680967,49105833
2021-04-23,310.447998046875,313.63135328518615,306.0189416609871,306.0189416609871,44223940
2021-04-26,317.69134521484375,320.5979253166266,313.03163719234016,313.03163719234016,49234985
2021-04-27,325.76507568359375,327.518259704126,315.9381497873308,317.414501939796,46003023
2021-04-28,335.3152160644531,336.14565539556196,328.53324323542375,329.4098352932522,56696255
2021-04-29,331.62432861328125,341.35900529249295,328.0257396330877,336.79154702131365,63692926
2021-04-30,326.1802978515625,334.4847467360436,323.3660236598958,326.13417328805616,53832840
2021-05-03,323.50445556640625,325.257611528646,315.015451321035,322.58173893795623,43691860
2021-05-04,324.33489990234375,334.8538639970908,323.13537953048944,327.564408151727,57749307
2021-05-05,327.9335021972656,329.82508828531144,321.10540440213924,328.94849617632946,40872501
2021-05-06,328.0718688964844,331.57820879743775,323.45828599449993,330.3325357820869,36294427
2021-05-07,330.5632019042969,334.02338894446746,325.718940048058,329.87116449626274,38357618
2021-05-10,333.74658203125,338.63696840397205,331.07068155202484,332.6393109254276,41739324
2021-05-11,336.4685974121094,338.0833514374127,327.33370884363694,329.27141930581604,41892770
2021-05-12,339.2829284667969,344.63467385200545,333.9311549225104,334.76159428792863,53436590
2021-05-14,332.59320068359375,343.71192414741705,331.7627332389305,341.4051327101861,51722170
2021-05-17,353.4927062988281,355.4304166328113,335.5458586270196,336.23789602065114,106555796
2021-05-18,352.7084045410156,362.21237383140135,350.6784168483727,359.8594578704934,70917710
2021-05-19,354.6922302246094,359.39809018230284,351.7395542096985,352.4777161736577,48189573
2021-05-20,354.8306579589844,357.82948691483796,352.47774188802197,357.0913248970275,42898608
2021-05-21,370.1939697265625,373.1466464180569,348.7869299575964,359.8595309086312,192810772
2021-05-24,380.2053527832031,386.8027988098804,373.9770159131239,384.7728110848912,142964052
2021-05-25,380.482177734375,383.3887292557626,376.929713359757,383.0196482649486,56048127
2021-05-26,381.5894775390625,386.38761561148135,379.05200663056917,381.82015671256187,52357719
2021-05-27,392.339111328125,395.9377004523106,380.15924089033814,381.7278703809433,73392997
2021-05-28,389.4324951171875,400.13601235667306,387.5870620813822,397.2294609570944,65137568
2021-05-31,391.5547790527344,393.0772557495267,385.6955232471882,388.46367293556517,38291043
2021-06-01,399.12109375,401.7047173823289,392.70822963783024,393.12343525366754,59299647
2021-06-02,403.4578552246094,404.10376814325974,395.9838447275696,397.50632156829977,38657806
2021-06-03,409.417724609375,411.5595835342854,403.69063137062693,406.94995596070123,38909199
2021-06-04,403.78375244140625,411.512996373803,402.0609609377117,407.41556551302574,36898769
2021-06-07,402.5265808105469,407.3224383798865,401.1762778473778,405.1806079062955,20201197
2021-06-08,397.8238525390625,402.759389762753,394.8438873049879,402.5265808669364,31113823
2021-06-09,392.46923828125,402.57312137591043,389.4427227100807,398.1032020538051,27784834
2021-06-10,402.5265808105469,403.50436680521784,393.3539046328461,395.68199359068615,27397712
2021-06-11,400.0588073730469,405.5530915634597,396.0079269514609,404.947794125534,26831924
2021-06-14,400.75726318359375,402.7128637105549,388.04590238693095,397.6376181071387,30106015
2021-06-15,399.9656982421875,403.0387644163562,398.56884481410066,399.6863389241924,16413658
2021-06-16,396.6598205566406,402.9922113547311,395.77513535704384,398.5688421948583,19701175
2021-06-17,391.3517761230469,396.65983061714496,387.9527717346413,392.0502028502147,23048331
2021-06-18,384.5072021484375,394.75079451015887,374.9620365386517,394.75079451015887,45748727
2021-06-21,390.88616943359375,392.05021401201424,372.9598829259185,378.40761723673774,33128978
2021-06-22,389.8617858886719,396.19420514407733,388.60461212024865,393.91266651178864,28442965
2021-06-23,390.04803466796875,395.542318994917,386.4627719432385,392.14331475681763,27564829
2021-06-24,388.5115051269531,393.6798513584784,387.6733703486039,391.4448915940095,19214547
2021-06-25,399.3138122558594,401.36254193498246,390.23426519352506,392.05018597361396,29886797
2021-06-28,397.4048156738281,403.3647181805557,395.35608586570766,401.08320787779917,29370660
2021-06-29,392.51580810546875,399.45352474091,391.63112291174883,398.1032217439807,22275961
2021-06-30,390.37396240234375,395.6819881011448,389.5358276539056,393.9126462015444,18337773
2021-07-01,391.491455078125,394.56454972355107,388.46493926585975,391.3983258308594,16161469
2021-07-02,395.2164001464844,396.1476357869893,390.187733371569,391.39832833660284,16423811
2021-07-05,402.8990783691406,404.6218699202762,395.07670497969434,397.1719850886025,16483761
2021-07-06,400.1985168457031,406.48435742443144,398.75511296932143,402.0144377138472,20195278
2021-07-07,403.0853271484375,404.1562423833844,398.1497615149035,399.8260026130876,14473774
2021-07-08,395.2629699707031,405.45998295037754,393.07456058158573,403.0387646564403,21433043
2021-07-09,394.611083984375,398.10321747096236,392.09673650641,395.7751284799041,16844494
2021-07-12,398.0566711425781,400.6641194716922,395.402643981732,397.17198594927765,12886781
2021-07-13,399.59320068359375,402.1075197461188,398.8481951539509,400.43130703776876,12831125
2021-07-14,401.40911865234375,402.57316322379705,397.07887853034873,399.50009692278303,12767351
2021-07-15,402.0144348144531,403.17847935767423,400.1053847121368,402.94567044903,11030732
2021-07-16,400.4313049316406,402.7593939138013,398.0566655374587,402.2937761173692,8713863
2021-07-19,398.4757080078125,399.9191402408816,390.04803718588283,394.285147803063,14426686
2021-07-20,391.9570617675781,397.6376046608296,390.0945905513681,397.6376046608296,14623321
2021-07-22,393.0279541015625,397.3582221618421,391.9570388985362,396.2872785397621,11799761
2021-07-23,399.4069519042969,400.3847663571468,390.65334275637986,393.8195381819172,17704661
2021-07-26,394.1920166015625,398.3825767855014,393.26078100513166,398.3825767855014,14037519
2021-07-27,400.3847961425781,403.45786255087626,394.8439324213999,394.98361209103933,24119619
2021-07-28,396.2407531738281,400.8969312369754,392.09674333000487,400.4313134306606,17636515
2021-07-29,411.18707275390625,413.09612280828173,396.2407525619077,396.7063703675034,35263606
2021-07-30,402.1075134277344,413.8410874589781,401.08317702153556,411.1405099517132,35196813
2021-08-02,404.9943542480469,406.670595369099,402.1075182221141,404.8546745927229,16926025
2021-08-03,415.7966613769531,417.1003854264634,403.7837288037364,405.0409024446777,40922962
2021-08-04,425.52813720703125,435.30611143028057,411.14053519662747,417.7988643410289,129761158
2021-08-05,411.46649169921875,430.69650284514165,408.2537172292914,429.2996493224006,58595639
2021-08-06,405.6927490234375,416.26227787017075,404.15621609766015,413.1892120186161,38236066
2021-08-09,403.5975341796875,411.4199081332858,401.3625742528105,407.78809469972845,22196404
2021-08-10,397.12542724609375,406.3912042806986,392.7020582100456,404.5287331076257,27794251
2021-08-11,398.6153564453125,403.13185444051834,394.05230804132174,400.2450186195273,23827946
2021-08-12,397.7773132324219,400.85040801398293,395.7751622132721,400.4313405922518,16847144
2021-08-13,401.5487976074219,402.52658360889035,395.77512558421836,398.19634380101513,20908992
2021-08-16,395.63543701171875,404.15623678077446,394.8438810945815,400.43129450629726,17608693
2021-08-17,392.51580810546875,396.566688677201,386.6955855653521,395.6354530707824,22957877
2021-08-18,390.839599609375,395.1698395422523,389.25648769371605,393.12110981834735,17668574
2021-08-20,378.7335510253906,388.6512050351009,377.2901187133971,386.46279556915096,25541790
2021-08-23,381.3409729003906,384.60029745509485,373.6582793071593,382.83095552349494,26559937
2021-08-24,388.8840026855469,389.9549179704905,380.130393494319,381.340988439202,19012313
2021-08-25,387.6268310546875,392.3295596193802,385.81091020825033,390.1877290376314,16410980
2021-08-26,382.5050048828125,387.2077330761361,381.8065782153454,385.997138220148,15897679
2021-08-27,384.0881652832031,385.85750738079446,379.4785373271885,382.13256468310425,15090541
2021-08-30,393.63330078125,394.192019407842,385.06592186547226,385.9040282244156,20308691
2021-08-31,396.7529296875,397.637614905615,389.9083705268286,394.70422834831925,26262421
2021-09-01,400.33819580078125,402.80596456203665,395.91482651245417,398.10323594943776,18776721
2021-09-02,400.1985168457031,403.6906505005522,398.33604556311695,401.73504997002544,14372717
2021-09-03,401.7350158691406,404.4355933158434,398.7550791213856,401.59533621861453,14233624
2021-09-06,401.40911865234375,404.0165955438334,400.47788299518106,402.29380389427104,10694099
2021-09-07,399.59320068359375,402.01441892158664,395.86825829254474,401.4090930477971,14928735
2021-09-08,401.6884765625,405.45996932623007,397.9635342105474,399.50006724691684,22817464
2021-09-09,402.5731506347656,403.97000407682805,400.4313200578923,400.6641289649027,9662128
2021-09-13,403.0853271484375,403.96998389945685,399.31380599181415,400.52442929923404,9567921
2021-09-14,403.22503662109375,406.7171703100755,402.5266098832974,405.087507921884,9981562
2021-09-15,413.32891845703125,414.39983369174956,401.781602932353,403.2250067157923,22181568
2021-09-16,431.8139343261719,434.04889395420184,412.30453825727454,414.26013858894584,42637448
2021-09-17,422.8741149902344,439.4500982177545,419.38198129743745,435.818284861057,41529478
2021-09-20,407.3690490722656,422.3153699829822,405.69280784008316,418.4972981096885,18376916
2021-09-21,408.62615966796875,411.00082743986803,402.89906655536015,409.88333338026194,17279588
2021-09-22,408.6727294921875,412.35109288747526,406.11183171282545,408.71927990237253,14321143
2021-09-23,418.8697509765625,420.1269246887519,411.6526752580933,411.97861339370604,20516770
2021-09-24,410.4421081542969,420.8253798520407,409.7436814245959,420.08040270798216,10731274
2021-09-27,415.88983154296875,419.5681951725557,411.83895093195804,414.3067196290846,11746892
2021-09-28,414.30670166015625,424.4571637444938,409.3711644799627,418.3110316843447,19241170
2021-09-29,428.3683776855469,430.5102082063525,408.90555925277545,411.4664571628521,38635938
2021-09-30,421.8497314453125,432.93142952353054,420.3597487850941,428.3218303042038,26530369
2021-10-01,420.5925598144531,424.22437302899965,413.28235455317855,417.6591733111292,14777309
2021-10-04,431.3017578125,432.46580229996715,420.54599811592595,422.5946993624351,16246765
2021-10-05,432.7452087402344,436.74951058264475,427.1577949587933,430.23086117096346,16487568
2021-10-06,425.7609558105469,438.6119965717787,422.45505216074787,433.0245826027115,19056690
2021-10-07,426.4127502441406,432.0932927507522,425.66777317598485,430.3239508995921,9984651
2021-10-08,426.50592041015625,432.0933342146561,423.0137867823438,430.1377336992699,16521128
2021-10-11,436.9822998046875,442.29035402555763,427.11119688501145,428.36837061301276,20686981
2021-10-12,449.7867736816406,451.0904977766172,435.91136957692873,437.68071145004365,33763609
2021-10-13,448.5762023925781,452.720183784286,445.1306192857151,452.720183784286,17638983
2021-10-14,456.8641662597656,459.93723220543535,448.8555348504082,448.8555348504082,23431826
2021-10-18,463.70880126953125,466.5490586220629,457.8885784823298,460.0304091003973,20084248
2021-10-19,454.6292419433594,469.52901189258466,450.0196142476955,465.94374906474116,20645100
2021-10-20,465.524658203125,472.60205425609115,449.8799119126141,455.1879376380479,34080545
2021-10-21,468.3649597167969,471.6708347526732,457.9351095550386,470.18085209827126,20808243
2021-10-22,468.3649597167969,473.71956445485785,465.6178033096478,469.90149278390766,24080485
2021-10-25,471.6708068847656,480.00537643919586,463.6156250472472,471.6708068847656,35619415
2021-10-26,477.3047790527344,482.56628274764023,472.6951800421617,472.6951800421617,21107457
2021-10-27,483.45098876953125,490.62145748273514,477.4910581413476,478.37574333682795,29463032
2021-10-28,466.8749694824219,484.7546757877922,463.38283601429623,483.8699906082451,28140401
2021-10-29,467.6199951171875,477.3979982617467,454.8155044052215,467.0146976037061,31355893
2021-11-01,480.23822021484375,481.40226473890624,466.54904524424654,473.5333123886215,20679604
2021-11-02,485.82562255859375,488.898688662565,476.83917630793303,479.4000742009274,26797820
2021-11-03,491.3664855957031,505.0090529917581,479.7725910429911,487.9674529306937,80775924
2021-11-04,493.97393798828125,499.0491834026233,491.7389498012704,494.95172400580697,9796046
2021-11-08,487.26904296875,497.6988933831952,480.93665205794434,497.6988933831952,36802110
2021-11-09,492.7633361816406,495.41733488327134,486.291237450412,490.0627302299277,25451967
2021-11-10,488.3399658203125,492.1580090016376,485.6393598757881,489.4108526452648,15805538
2021-11-11,474.55767822265625,486.8965217838589,472.22958916977734,486.8965217838589,23086898
2021-11-12,476.18731689453125,477.7238499092589,468.1321348557006,476.79261433438705,19836221
2021-11-15,471.7173767089844,480.4244635776508,470.73959070718485,477.1651390129126,13328183
2021-11-16,461.05474853515625,472.50893498024186,459.56476590009873,472.50893498024186,19553216
2021-11-17,463.89501953125,470.6464777924348,457.23669051609966,459.8907177232731,20488483
2021-11-18,469.156494140625,471.39148236459494,458.44728450714973,464.77970377663814,22471070
2021-11-22,452.9529724121094,471.2051951409038,444.66498158059596,471.2051951409038,28800269
2021-11-23,459.14569091796875,461.33410021271396,446.99307797806205,451.8820647684471,20000371
2021-11-24,459.23883056640625,465.61780011174824,455.4207589216789,461.7065992231875,13963769
2021-11-25,456.8175964355469,461.3806734531988,452.8598452722333,456.3054282408574,12894211
2021-11-26,438.1463317871094,454.34982487714706,434.9801365610877,452.8132918841274,26305817
2021-11-29,433.1177062988281,444.8978315820776,423.0603442320379,437.6807552979099,22407465
2021-11-30,428.88055419921875,444.43220044897384,426.5059147315454,435.81827094839133,23026652
2021-12-01,442.61627197265625,444.43219277119266,432.0933209970317,432.5123883871725,17156956
2021-12-02,444.1993713378906,445.27028657030314,438.56540745059795,441.8712823895789,12962679
2021-12-03,440.6141052246094,448.38992793491354,437.7272692674896,443.03532339571154,16653993
2021-12-06,433.30389404296875,444.1993614460597,431.90704070508804,440.6140988616885,14353300
2021-12-07,443.9200134277344,446.71372017449403,436.9357465608352,436.9357465608352,13644942
2021-12-08,457.7488708496094,458.54042683325724,447.2259194076405,447.8312168942924,20397660
2021-12-09,455.04827880859375,459.5647772372901,452.6736393515856,458.4472831286653,12560970
2021-12-10,460.6822814941406,461.84632604166063,451.090537371142,454.90860917081886,13261408
2021-12-13,454.2567443847656,466.0368982398713,452.9064697268088,463.5225505857961,14047645
2021-12-14,454.9551696777344,456.6314109147824,448.66932898168244,452.58053011573753,11642447
2021-12-15,451.4630126953125,457.2366848492181,450.2524177690366,456.3054492385272,8639835
2021-12-16,448.06402587890625,456.81763527706426,445.36344818636536,454.7689339050586,11107781
2021-12-17,435.63201904296875,448.296829373176,434.42142408409757,447.0396555810828,12648603
2021-12-20,418.31103515625,432.0933104138991,412.53736317533895,427.4371324999562,22336114
2021-12-21,415.3310546875,426.73869015817684,413.93420136455995,425.62119613220335,16617447
2021-12-22,424.5037536621094,425.8540282297802,418.1247841225314,419.05601972191346,13102553
2021-12-23,430.0445861816406,433.02455145172615,426.2730933914573,429.29960907364676,14471377
2021-12-24,425.52813720703125,431.7208485312779,421.1047679155613,430.78961289096844,13221159
2021-12-27,426.5524597167969,428.8339983285121,419.5681926430426,422.5016075492638,8856482
2021-12-28,429.4858703613281,431.0689538309039,427.483691084808,429.4858703613281,8832210
2021-12-29,423.1534729003906,430.37054917465906,420.35976595551256,429.2996338629338,11757303
2021-12-30,420.6391296386719,423.6190664913065,417.6591643669822,421.6169156458221,28879190
2021-12-31,428.7874755859375,429.67213242093464,421.94288772815577,423.0138030647614,10005842
2022-01-03,438.42572021484375,439.54321433076467,428.4615160939485,430.23085809494336,13124509
2022-01-04,450.2524108886719,451.3699049720466,438.65851634511614,440.0088193276059,23296671
2022-01-05,458.5404357910156,460.96165420397926,446.20156322898987,448.7624613079009,24694169
2022-01-06,457.8885498046875,460.40286883985226,452.02174855119335,454.1636074541724,18190843
2022-01-07,457.4695129394531,467.43374575939566,455.79330013752667,459.51824273652477,22746330
2022-01-10,469.01678466796875,470.22740794884083,458.6335138454312,459.42506975618335,15832274
2022-01-11,471.1586608886719,472.88142400502176,464.91937103149354,468.4115045144542,16107950
2022-01-12,475.1629333496094,478.18944884865147,473.53327115781747,474.83699522744035,14489616
2022-01-13,476.18731689453125,477.5841418377846,472.1364364600278,474.9301431846433,10450974
2022-01-14,473.3936462402344,475.2561175318894,470.4136808059636,473.99894372621094,8724574
2022-01-17,478.6551208496094,483.2181982388684,472.6486395802748,473.0677069875517,17422211
2022-01-18,471.9501647949219,481.86784612553,470.2739521745942,478.6550721143395,12592506
2022-01-19,480.331298828125,482.05411874693084,465.8971473972718,470.27396597295876,16079457
2022-01-20,476.23388671875,483.45099113725774,473.0676913189305,480.5175762215908,17724642
2022-01-21,468.1321716308594,472.60209137376694,463.75535271750925,470.5533615804846,16947941
2022-01-24,460.1700744628906,471.95019933428694,454.4429811020752,467.85276830324335,20233933
2022-01-25,479.2604064941406,481.91440512043016,455.3741915051021,456.3054270705522,21791739
2022-01-27,492.5771179199219,494.3464315861228,468.5977994706891,468.92370921921923,35409230
2022-01-28,487.455322265625,499.51483554580716,485.54630051195477,497.27984720514496,24715250
2022-01-31,501.28411865234375,503.70536534679854,490.80771801566414,492.6236388269775,28674232
2022-02-01,495.6967468261719,506.5456653588214,484.2425591973951,506.5456653588214,32245356
2022-02-02,502.68096923828125,506.82497905661904,494.812016992334,499.7476111794052,21661864
2022-02-03,502.9602966308594,507.2440142535979,500.21319723533884,500.21319723533884,22717677
2022-02-04,493.8341979980469,508.8271243709229,491.04049136388323,504.86937330585766,25332894
2022-02-07,496.5813903808594,511.2483512781843,489.13150548063084,495.32424503919026,52289545
2022-02-08,494.8119812011719,500.67881057078097,483.3112450230529,498.6766314255199,26567546
2022-02-09,498.4438171386719,499.60786155048567,491.459550667789,498.16445784745775,14856155
2022-02-10,503.3794250488281,506.54564903061146,497.6523598381064,500.16665065163033,18659370
2022-02-11,493.182373046875,500.7254158465614,490.8542839429186,499.3751127986441,14607095
2022-02-14,466.9215393066406,480.1450682042784,465.33845578670656,479.5863495613935,26153332
2022-02-15,488.7124328613281,490.62145447897535,462.91722372156096,467.4802724903449,23842951
2022-02-16,481.16943359375,491.6923842372667,478.6550861703695,490.2955308729563,19773807
2022-02-17,477.6773376464844,484.2425376060202,476.0010964264141,484.2425376060202,16408356
2022-02-18,479.86572265625,485.0806764380115,475.02331429156897,475.02331429156897,15111223
2022-02-21,476.6529541015625,481.9144296301384,469.94804632169485,476.37356636628556,16866932
2022-02-22,464.1278381347656,470.55335837861924,461.42726045767427,466.45592723899205,27108772
2022-02-23,464.4072265625,470.5999379050491,463.0569235124379,468.41152846004275,13899433
2022-02-24,440.14849853515625,454.39642019792996,435.81825869983425,446.99308584598384,32356037
2022-02-25,449.740234375,458.07477575801397,446.34120177542894,446.99307804853817,21792287
2022-02-28,449.9730529785156,451.92862500192814,440.56756774116565,444.1062516511127,18069367
2022-03-02,441.63848876953125,446.80683504591724,434.8870305859169,445.13062231278,22003848
2022-03-03,435.259521484375,450.15929134892565,432.6520731257009,446.9930959365198,20358590
2022-03-04,430.184326171875,438.51886830974274,426.17999576692137,428.6477645916742,20684268
2022-03-07,410.0230407714844,422.73442998798953,403.6440993751081,416.72794874460675,33720472
2022-03-08,410.0230407714844,411.6992819742931,395.7751468524198,407.8812101679056,42510207
2022-03-09,420.6391296386719,423.06031945048284,408.39335882889986,411.60613299934477,32331325
2022-03-10,436.4701232910156,443.8734290255677,429.90489546710614,437.58758892426,34553299
2022-03-11,438.00665283203125,442.15063403681137,430.2308301955519,434.32826098979393,22091309
2022-03-14,451.7889404296875,452.5804963643414,438.1928951431617,438.61196252593584,27750689
2022-03-15,452.4408264160156,456.7710663150074,447.5983898805279,455.3742129012,27204899
2022-03-16,458.8663330078125,460.30973679221927,455.74668812445583,459.099141903301,16211288
2022-03-17,467.3871765136719,468.8771592676486,464.0347224219884,464.68659875780867,22947673
2022-03-21,456.8641662597656,467.4802458400517,455.3741836967834,467.4802458400517,19064060
2022-03-22,459.75103759765625,461.706609667117,444.43220025984135,456.86420148785135,26157969
2022-03-23,456.9107360839844,467.8527542553318,455.5604615312936,464.2209411418445,15800195
2022-03-24,453.6048583984375,460.77535533982467,450.2524046140873,451.649257989312,18174877
2022-03-25,456.9573059082031,459.3784956567696,453.1392343845382,457.9350918898123,11541196
2022-03-28,463.2897033691406,464.3140681960793,448.8090013952748,457.1901216572291,16738684
2022-03-29,460.9616394042969,466.9215417855109,457.8885731758907,465.61781758009784,14301429
2022-03-30,460.3097229003906,465.99026546268584,458.4472517926908,464.9659006696402,16461225
2022-03-31,459.6112976074219,463.3362398339444,458.3541523412136,460.30972427489485,10240982
2022-04-01,473.25396728515625,474.6973711707256,457.2367027853384,457.2367027853384,18527226
2022-04-04,477.1651611328125,479.4932502155485,471.2052303457634,474.27829656735247,16257176
2022-04-05,474.37139892578125,480.8900764070014,472.7883154906881,479.0276052463827,13602384
2022-04-06,478.6085205078125,479.77256494097765,471.20518654526063,472.1364220917927,13738275
2022-04-07,479.5397644042969,484.1493918075172,474.9766874115923,474.9766874115923,19620958
2022-04-08,480.6106872558594,483.77691114198547,477.11855363356403,483.77691114198547,13572638
2022-04-11,479.49322509765625,486.1049750110299,477.9101132367034,478.18947254437523,12370288
2022-04-12,477.5841369628906,481.169427992416,469.66866307633074,477.49103614159725,14460680
2022-04-13,482.1007080078125,485.08067345936144,478.42231581784336,478.93448405839547,15440525
2022-04-18,474.4645690917969,479.58636522527064,469.3427729583231,476.79265824337585,14492183
2022-04-19,476.60638427734375,485.12721303086033,470.36712260501565,477.9566873090639,20362934
2022-04-20,474.2783203125,478.3757800385031,472.1364896167728,476.7926680153603,11881305
2022-04-21,480.79693603515625,482.38004794623134,476.9788927538379,478.0963868580151,10035638
2022-04-22,466.1765441894531,478.18947767208795,464.68656155476515,477.6307590507531,16760456
2022-04-25,460.7288513183594,464.8728614497352,456.3520322676716,460.9616602376713,14057444
2022-04-26,470.7395935058594,472.9745532511563,464.1743939254768,464.6865621353587,12137213
2022-04-27,463.056884765625,468.2252307845277,458.0282183976824,465.6177825697587,12367342
2022-04-28,472.60205078125,474.9301397013547,462.3584595327894,464.8262281042895,12154792
2022-04-29,462.1722412109375,477.25827009170274,460.03041058595346,473.16083892009266,12894773
2022-05-02,457.2366638183594,460.96160608979204,448.2036674425135,458.7731968215145,18590895
2022-05-04,446.66717529296875,462.31195131533974,444.6650243227614,458.1679412917248,14645323
2022-05-05,446.9930725097656,460.03037045796714,445.7358988095211,451.64925034840905,14130385
2022-05-06,450.6714782714844,452.67362912004927,438.61196592978445,438.61196592978445,16710020
2022-05-09,443.1750183105469,450.438673074012,441.21941785811185,444.29251240309696,13544947
2022-05-10,442.5231628417969,449.3677216792281,440.9400509743726,444.19937553278925,10884328
2022-05-11,443.7803039550781,446.06184249202244,431.76737066572184,442.5697090695901,14771351
2022-05-12,430.83612060546875,440.47441421123784,424.96934802059377,440.47441421123784,18947096
2022-05-13,414.07391357421875,444.19939162505403,409.51086471093816,437.1685740476676,61403008
2022-05-16,423.7121887207031,429.7652199881417,408.6727397938781,414.3998329246437,27940958
2022-05-17,435.1664123535156,437.354821837337,424.78314043302424,426.78529141730706,16880698
2022-05-18,426.50592041015625,436.3770238152506,425.6678140232925,435.7251475037698,15644497
2022-05-19,416.7279357910156,419.0560248177811,413.887678545984,418.17133961998803,14201420
2022-05-20,430.60333251953125,432.09331515214274,422.92063887727875,423.57251516000093,13596860
2022-05-23,429.20648193359375,438.9844557239664,427.9027577786884,431.25521161919863,13499415
2022-05-24,430.27740478515625,434.70077395889433,428.5546416316817,430.6033429344007,17175179
2022-05-25,429.4735412597656,439.2622523665516,427.5346982479969,435.99933904343357,12728644
2022-05-26,443.4708557128906,444.6057894882055,427.9602576714547,432.0743565287651,17055257
2022-05-27,443.5181884765625,449.24007685783033,442.1468124863909,445.83530418702605,10977001
2022-05-30,448.8617858886719,451.0370421360326,445.5515957698212,447.34855034754094,9365470
2022-05-31,442.71429443359375,450.56416239270465,439.78240595471544,448.29432348932284,15441579
2022-06-01,442.9034118652344,446.402767135689,439.4986680873034,442.61969283792894,9424008
2022-06-02,444.3693542480469,446.73377559781557,440.86999910536304,441.57932551029364,9370989
2022-06-03,439.30950927734375,449.7129637489278,438.36374068901796,447.5849844251947,11306291
2022-06-06,438.5528869628906,440.34984143039037,431.7433418767632,439.02577123657824,10661432
2022-06-07,438.2691345214844,440.68086160973934,435.5264115351442,436.8032048333303,7672515
2022-06-08,445.74072265625,449.7602391433186,438.0800202062432,441.29562762338475,17168871
2022-06-09,441.6266174316406,445.36238572980415,437.37065913527107,443.5181544522493,12635601
2022-06-10,436.80322265625,438.97847883631295,433.7294747838409,436.9450821701556,8621104
2022-06-13,421.6709289550781,429.4262140264515,418.12429676502626,429.3789371422775,13426836
2022-06-14,423.7989196777344,424.8865478061158,419.3065187827337,420.867031215852,11351101
2022-06-15,426.8726806640625,430.75033785355936,424.2718169087689,424.6028417046836,9920926
2022-06-16,417.65142822265625,432.92558565795474,416.2800521790949,430.4665814742764,10780703
2022-06-17,417.0839538574219,423.27872666107095,413.5373215967295,416.13818525457054,14326050
2022-06-20,411.1256103515625,419.4010853677971,407.3425360584267,417.5568251048669,12368534
2022-06-21,426.30517578125,430.27741525368896,413.868325066745,415.665279547109,13801891
2022-06-22,423.3733215332031,426.73081748792765,420.53601564262533,424.4136727989286,11066447
2022-06-23,426.919921875,431.6960704167751,421.8127774275385,424.6500831053022,12229833
2022-06-24,429.6153869628906,435.3845812009487,428.62234147696313,431.0813167492726,10833364
2022-06-27,436.1884765625,439.64052607470876,433.2092824733034,435.0062658485541,9509175
2022-06-28,439.0730895996094,440.491742554697,433.16203562007775,434.01322162061666,13261290
2022-06-29,434.2023620605469,437.6071347305486,433.1620108471343,435.05354801240566,11800876
2022-06-30,440.6335754394531,443.84918283740706,433.7294763537707,434.10777801307705,16926328
2022-07-01,441.5320739746094,443.37630541575845,435.57371451361155,438.22188389491066,9405495
2022-07-04,447.7741394042969,448.4361600833809,441.5320610921888,441.5320610921888,9186358
2022-07-05,446.54461669921875,453.96890561565453,445.45698863536103,449.3819223593166,12003244
2022-07-06,453.921630859375,454.91467630003484,448.1997137671677,449.3819244644131,12059857
2022-07-07,460.35284423828125,461.77149707106486,455.48214195157067,457.7519807115113,11497832
2022-07-08,462.0552673339844,463.3320607975977,458.8396596622476,462.48087477604514,9057231
2022-07-11,461.7242431640625,464.6561027409874,458.6977720918318,458.6977720918318,7704792
2022-07-12,458.6504821777344,464.7033952876818,456.9008045407598,458.69775906147703,7364457
2022-07-13,460.1164245605469,465.74375928365237,458.2721642428724,461.2986353122441,8208853
2022-07-14,453.35418701171875,462.38626565305754,450.9424597491278,460.21100940450947,9385630
2022-07-15,453.11773681640625,458.1302987936768,448.95636079682373,456.38062113130496,6945602
2022-07-18,463.7102966308594,464.8452304067869,455.9550120372372,458.2721276077891,9934786
2022-07-19,470.94549560546875,471.51293368709094,461.53508629680795,461.53508629680795,11724183
2022-07-20,481.0179138183594,482.9094510108322,473.26259978419387,473.8300667144491,19280117
2022-07-21,484.28082275390625,485.5576450587542,479.2682604842976,482.1528433042966,13814893
2022-07-22,485.8413391113281,491.9888349828114,483.47691762229607,485.6048969624249,14699129
2022-07-25,489.71893310546875,490.85386688606945,481.5380410965472,485.557586210106,10229778
2022-07-26,486.314208984375,492.556258440218,485.2738289249796,489.624398970835,8862656
2022-07-27,499.5549621582031,501.2100571289965,484.46994216508864,487.3545247120165,15101546
2022-07-28,503.57452392578125,508.35064401287485,500.83177177965706,504.2838504057992,12160734
2022-07-29,499.69677734375,507.8776981791457,498.1835707930447,506.03343800944685,11921058
2022-08-01,504.80401611328125,505.986226923851,497.85263963718603,500.35889192051155,8295631
2022-08-02,512.7011108398438,515.3493089753147,502.2976567294788,503.0543177539742,16845027
2022-08-03,511.5189208984375,516.7679827744605,505.65520179662053,512.5120241020963,24262125
2022-08-04,504.33111572265625,514.4981283696671,495.77192127182764,514.167132443307,18072293
2022-08-05,502.2503967285156,513.4577891228303,500.31158266962416,506.50635537126294,21110734
2022-08-08,492.177978515625,495.58272221944645,485.98314830777673,495.58272221944645,32566317
2022-08-10,486.7870788574219,495.10983046053855,485.5575913010178,493.2655702633671,16904151
2022-08-11,496.2920837402344,497.47429451617586,489.15154219857493,491.7996827916567,13862195
2022-08-12,501.91937255859375,502.9596948559826,496.67036873971307,497.1905298884075,12154012
2022-08-16,497.4270324707031,504.8985701624823,496.52854070915436,504.3784089505764,10721167
2022-08-17,499.5077209472656,501.7775310056564,495.9137540024929,500.16971280275317,12054183
2022-08-18,503.4798889160156,505.79703352089945,497.6634466865571,498.27816163878566,9013662
2022-08-19,492.1306457519531,504.7094137454508,490.38099701081967,503.14887253569157,11087222
2022-08-22,483.5714416503906,491.70508570749234,482.34195409673873,490.85387093374004,9676954
2022-08-23,493.5966491699219,495.5827401146792,480.68688485359866,480.68688485359866,8597965
2022-08-24,491.1376037597656,494.63695899173166,484.51722381150154,490.8538847355807,11930650
2022-08-25,492.177978515625,499.64951545599195,490.38099517324997,493.6439082290722,15473450
2022-08-26,495.3935546875,500.7844469647244,493.88034809833897,495.3935546875,12855886
2022-08-29,486.9289245605469,488.9623500735362,481.15975938087337,483.5714576863063,9421339
2022-08-30,502.43951416015625,503.6217247817096,489.8608046918547,490.09724681616535,14835308
2022-09-01,504.37835693359375,511.5662325595548,493.92762598529777,493.92762598529777,16670228
2022-09-02,507.5940246582031,508.6816239248925,502.43957418739484,507.8777436962466,10017930
2022-09-05,509.6747131347656,511.4716388097338,507.21568018067234,507.8777297346641,7819994
2022-09-06,508.6343688964844,513.2686583758353,505.13501334321296,508.8235341716872,8657868
2022-09-07,503.95281982421875,508.30339040263664,502.72333208091305,505.4188074634972,8445359
2022-09-08,515.1128540039062,516.6733374465072,506.4590488467253,506.9319331126886,12240707
2022-09-09,523.3410034179688,526.7930817113361,518.2811647716557,519.8417059673161,18587927
2022-09-12,524.8070068359375,528.3063043931888,521.3549284374099,524.8070068359375,9677415
2022-09-13,527.7388916015625,529.6304288474462,523.7193749540595,529.6304288474462,16707275
2022-09-14,540.7432250976562,543.6750848196743,519.4634304939007,520.1727569806925,21632641
2022-09-15,541.12158203125,547.1271901555199,537.1020650767799,541.4998548742337,12749947
2022-09-16,531.332763671875,542.871151610006,529.9141108366572,538.2368625915752,14739280
2022-09-19,541.2161254882812,543.2495512341687,529.2048517436883,530.2925088124447,11194003
2022-09-20,542.9183959960938,546.6069162369339,541.7834622508254,546.6069162369339,8484017
2022-09-21,538.8043823242188,545.9922005856165,534.7375888940823,543.8169443532304,9392526
2022-09-22,536.5345458984375,542.8712074256107,531.5219835769916,536.0143846837367,11869435
2022-09-23,520.7401123046875,537.1965072724512,519.6997900461478,534.1700365315244,12563239
2022-09-26,513.8360595703125,519.2269520381395,504.09465471098065,516.2004810276811,16158750
2022-09-27,507.4048767089844,521.0239682512467,504.2838517337142,515.018302736198,11066799
2022-09-28,496.3865966796875,510.52584794188544,492.13063823639163,504.0000796305769,12233485
2022-09-29,493.4547424316406,506.64822528844724,491.3740400704196,500.3115644395551,17310168
2022-09-30,501.82476806640625,507.7831560940152,488.15845873914054,495.5827187447877,17466950
2022-10-03,491.563232421875,502.8179019108135,490.3810216656896,498.98749288066523,9351162
2022-10-04,503.81097412109375,506.7428338618737,499.17668462100914,504.0946931725986,8745887
2022-10-06,508.1614685058594,512.4174273002554,505.60788168419464,505.60788168419464,9507322
2022-10-07,501.4465026855469,506.5536182808691,497.99442434716724,506.45906451480334,11065307
2022-10-10,501.9667053222656,504.94589962619716,493.88039500105583,497.19058523869677,9649292
2022-10-11,498.7983703613281,504.75670084855227,497.0013869758343,501.9666720027099,10825440
2022-10-12,504.85125732421875,505.9861911671905,497.4742739326023,501.2573482590859,8522604
2022-10-13,493.1710205078125,504.8512389762804,491.98880982375175,504.0946356835077,12972765
2022-10-14,498.60919189453125,505.84428667840865,497.47425808770794,501.4464975490239,8545479
2022-10-17,514.1671142578125,515.1601597269055,495.77190373695043,497.852606168704,13485349
2022-10-18,531.947509765625,532.940555155672,517.0989326199887,517.4299285082948,20440781
2022-10-19,523.3883666992188,532.8933295908961,521.6386601529041,532.4677221755691,9540583
2022-10-20,525.2799072265625,526.6039486407994,515.7276096642603,522.0642708738797,11225588
2022-10-21,530.4342651367188,535.1158309774078,527.029521466289,527.029521466289,11767639
2022-10-24,539.5609741210938,541.4525112783982,535.2104617493467,536.250784095811,3692065
2022-10-25,547.1744384765625,554.4095917069079,537.1965908085093,541.4525497145627,19899324
2022-10-27,548.2147827148438,553.2746215483523,546.2759109378583,552.2815760803435,13613533
2022-10-28,539.79736328125,551.0520313525482,536.2507314594284,548.4984448958112,10043644
2022-10-31,542.6820678710938,546.1341467120541,537.5749515322374,543.7697249648594,9894639
2022-11-01,545.6138916015625,553.9839200565388,543.438577788287,545.0936727265695,12069579
2022-11-02,542.7293090820312,547.552763764299,538.9935691471632,544.6681809673819,10241440
2022-11-03,553.1800537109375,556.0646362732692,537.1965419604421,538.1423105202316,17557998
2022-11-04,561.7392578125,564.5765635432895,548.9241051401274,554.2203860808812,25759031
2022-11-07,580.8438110351562,588.9301210515242,574.7435919964456,579.7561540508798,44265903
2022-11-09,582.1678466796875,587.3222970636789,577.4390037081603,587.3222970636789,18939854
2022-11-10,572.8993530273438,581.742266711215,569.541885904196,579.8507294333699,11618405
2022-11-11,568.690673828125,585.950951573111,566.042533171182,583.7756952379483,15525267
2022-11-14,560.4152221679688,571.1970082557938,559.564064987439,571.1970082557938,12957268
2022-11-15,568.2650146484375,569.447225345239,560.5097586575258,562.0702421422246,10286417
2022-11-16,567.2247314453125,570.7713637803187,563.6780991103063,567.4138967148733,11555749
2022-11-17,566.5626831054688,570.062038562034,563.8199887288042,566.6099599916786,8167131
2022-11-18,570.0147705078125,572.8993533129369,564.765766104203,568.4069522758153,12933675
2022-11-21,565.6641235351562,569.4471975804678,563.0632601290046,569.4471975804678,7412419
2022-11-22,566.6099853515625,568.1232498539574,563.8200139638168,565.7115512979567,8048595
2022-11-23,574.6963500976562,576.5405528069803,568.4069654102991,568.927126628958,12435924
2022-11-24,576.3040771484375,578.1483374757161,572.9466101411601,576.6824076810045,8960032
2022-11-25,574.4598999023438,580.4182308398936,573.3722428670565,577.4390365085501,9994513
2022-11-28,575.5947265625,577.7700404458606,569.6836730210467,572.7574208626024,7934274
2022-11-29,575.5474853515625,578.6212333836287,574.1761092999211,574.1761092999211,6942919
2022-11-30,569.7783203125,578.2429610607289,565.9479689220002,575.500208955112,15606230
2022-12-01,575.121826171875,576.7296442351469,568.927053778954,574.8853840368389,14209313
2022-12-02,574.6016845703125,576.5404985985498,571.4806598266704,574.5544076867228,7533838
2022-12-05,583.8229370117188,584.4849865674205,574.6016932916017,575.5001849939731,11585602
2022-12-06,575.92578125,586.1873471266914,574.838124306329,581.411227401482,12996244
2022-12-07,574.1288452148438,579.661626431007,571.7171467117076,577.7227545259032,7613892
2022-12-08,578.4793090820312,580.5126766620829,574.2233509573457,576.6823258948912,10020015
2022-12-09,583.0663452148438,584.484998122909,576.067634445001,581.0802542336061,11202267
2022-12-12,579.8034057617188,585.147021230506,577.864591753399,581.4585007462825,9285187
2022-12-13,583.3027954101562,583.9175681021829,579.2832787818738,580.2290474002932,7455415
2022-12-14,591.5782470703125,592.7604577958726,584.0120984267273,584.9578670071755,14010673
2022-12-15,582.5462036132812,595.4086339888136,580.985662271887,591.6255594401115,10622271
2022-12-16,570.6294555664062,582.2151207914691,569.447244829155,578.8103769582387,9435071
2022-12-19,571.6697998046875,576.4459193386776,570.298423890439,571.2441924209372,8322012
2022-12-20,571.6697998046875,573.6086137471829,567.0355109151941,570.298423890439,6753785
2022-12-21,561.2191162109375,576.1149718170277,557.6251493131697,573.0412238348187,9217253
2022-12-22,561.2191162109375,566.5153973363823,555.6863352078802,564.6238601165613,8740149
2022-12-23,542.8711547851562,558.6655013213187,540.5067333792975,558.003451782652,13047046
2022-12-26,564.7183837890625,569.0689537978544,539.750128453268,542.8711531546007,13201587
2022-12-27,569.2581787109375,570.3930549211663,561.1245336117585,567.8395257230137,9638618
2022-12-28,568.4542236328125,574.0815585274914,566.0898020573286,568.3123929733651,7988631
2022-12-29,578.6212158203125,584.4849926639092,564.7657405160301,567.4611579261255,20130392
2022-12-30,580.418212890625,586.8967048392173,578.1956220014096,581.8841427047076,13052895
2023-01-02,578.99951171875,585.6198914985868,578.0537431787733,581.6003752036859,6726084
2023-01-03,579.1886596679688,583.1608412370937,576.9187921497869,581.1747504525312,6818062
2023-01-04,572.379150390625,581.6003939526616,571.2442165610402,578.6684767491398,7011191
2023-01-05,572.2844848632812,578.4319799908579,569.3053487826857,574.0814680675468,8241475
2023-01-06,568.075927734375,574.5071426133578,564.6238492843752,574.4598657287963,7972036
2023-01-09,574.7435913085938,575.9730789468689,567.555715294209,572.1900045367088,8878905
2023-01-10,562.8742065429688,575.9730785899777,558.5709132239706,575.4529174039299,10622660
2023-01-11,564.3401489257812,566.9882895253261,560.1314670081308,564.103706770016,7419630
2023-01-12,562.6377563476562,565.4750621129492,558.0980209430805,565.4750621129492,8183715
2023-01-13,567.5557250976562,570.2039234106185,561.455563686012,565.4750803162366,7877610
2023-01-16,570.2984619140625,573.2303214640315,568.0285941994754,570.2984619140625,5483191
2023-01-17,560.7935180664062,573.1357870848398,554.2676914600394,570.2984812081821,13461999
2023-01-18,559.3748168945312,564.7657091403643,555.7335733650482,563.5834984603628,11538075
2023-01-19,557.861572265625,559.6585556526618,555.686316082724,558.9492292196419,7475688
2023-01-20,560.084228515625,564.2455761072731,558.7601292625181,561.5974353261989,6750607
2023-01-23,567.8867797851562,569.116267446911,560.7935151306456,566.0425194299563,6604469
2023-01-24,562.1174926757812,571.8116199351399,560.8880051537665,570.7712976607725,7609623
2023-01-25,537.8585815429688,563.5361628309502,536.6290939830234,563.5361628309502,25686294
2023-01-27,510.667724609375,537.7166812278895,503.3852954505043,537.1965200862122,40163464
2023-01-30,509.0126647949219,524.2867928316846,496.71767317052826,506.9319623596132,40797825
2023-01-31,523.48291015625,526.7931001933717,508.6816087573524,515.4438772089544,21911943
2023-02-01,498.7510070800781,534.3592150301004,472.2695173216822,530.9544714403144,38218810
2023-02-02,499.4603271484375,503.7636200499666,475.2486763772784,491.98879055290683,39287056
2023-02-03,514.6873168945312,516.3424120513884,490.99582347997585,506.9320023288018,32317232
2023-02-06,515.8222045898438,528.4954688768345,507.45211805473997,528.4954688768345,25338586
2023-02-07,517.429931640625,521.4967824365973,511.7080436679747,518.2811463944632,16195947
2023-02-08,519.936279296875,524.4286800729735,515.9167628129974,520.1727214429854,15502847
2023-02-09,520.9293212890625,522.0642551278453,513.3631726640212,522.0642551278453,15061047
2023-02-10,523.0573120117188,527.0295516716327,516.8625392347192,516.8625392347192,13824475
2023-02-13,508.3506164550781,526.698550166952,504.3783768372861,523.9557981695131,18488732
2023-02-14,511.5189208984375,515.0655531254077,501.96668119051793,510.667763799045,18559909
2023-02-15,512.843017578125,515.1128852826321,507.68856722110974,510.7150382520747,12796579
2023-02-16,510.8095703125,517.1935080193455,509.2963637238928,517.1935080193455,12767016
2023-02-17,502.2031555175781,510.38407746870104,499.1294073905873,509.29642042601847,14192008
2023-02-20,496.67041015625,504.9931624047725,493.8331043175399,503.1489020645839,12570032
2023-02-21,495.0626220703125,500.2643497575588,494.0695765114114,498.51464308222006,10223218
2023-02-22,488.34759521484375,493.596657143169,484.7064091822601,492.50900015934036,14763050
2023-02-23,492.74542236328125,495.58272805827136,483.6187614835763,488.915071220071,15535085
2023-02-24,492.7926940917969,498.8929128172425,489.52978103166254,495.77188813042636,12253035
2023-02-27,499.08209228515625,501.0681832173775,490.85389407642083,492.8399850086421,11048799
2023-02-28,494.4478454589844,499.7914614948557,492.79275029877584,498.6565275542565,15768010
2023-03-01,507.5940246582031,508.25607423039463,494.73153692392486,494.87342530551405,13510198
2023-03-02,504.80401611328125,510.62051639133927,503.6218053027115,506.88471868491143,10376913
2023-03-03,530.765380859375,533.6972406005289,512.3701689701492,512.6066111339563,27656538
2023-03-06,531.2382202148438,537.1019969258892,528.6846335168734,534.2646912003962,16162268
2023-03-08,534.1701049804688,534.8321545594332,526.2729600942696,529.630427149925,12637578
2023-03-09,528.590087890625,535.0685796402279,527.7388730698138,534.122811050497,8993423
2023-03-10,517.6663818359375,524.8542572994388,515.4438488803586,523.1045508837578,11522371
2023-03-13,501.2573547363281,523.151920773827,499.7914249608996,517.3354208316443,14373729
2023-03-14,496.9068298339844,503.9054826178335,491.79965646525375,499.0348091167667,14750800
2023-03-15,489.4825134277344,503.1488808530747,487.5909762816702,501.06817844737753,11282329
2023-03-16,496.0556335449219,500.64258819117475,486.4087822245695,490.2864681418889,20040008
2023-03-17,501.06817626953125,502.7705481485633,491.8942096059672,499.9805770503511,18787379
2023-03-20,491.0430908203125,498.04174414100294,487.07085097606284,498.04174414100294,14275315
2023-03-21,493.54931640625,495.0625807877978,488.4422006470023,493.69120478503487,29485180
2023-03-22,493.2655944824219,498.42004482113964,491.8942184876975,493.88036715337415,11619538
2023-03-23,484.94287109375,492.7454623887738,483.7606602914737,491.2322556519148,22097792
2023-03-24,477.9441833496094,487.023567977847,476.1472287235943,486.5979605489577,14416984
2023-03-27,482.4838562011719,486.26695954750863,474.350240288555,479.5046908177174,15674218
2023-03-28,480.5450134277344,483.99706291588154,476.5254970283352,483.7133438915386,15833599
2023-03-29,488.4894714355469,489.90812430515643,478.8426203771755,481.39620708749925,24203789
2023-03-31,495.3463134765625,496.43397047687546,491.1849084689964,492.414453852006,17356345
2023-04-03,498.1836242675781,499.8387193648126,493.785777062015,496.29208701359585,14210949
2023-04-05,494.636962890625,498.9874752294379,490.90116548820276,498.4200371765954,13574801
2023-04-06,499.0348205566406,504.7567089920419,493.3602090058029,495.58274210649415,25125879
2023-04-10,497.7579650878906,501.635650690468,495.9610395185176,500.5479937924589,17335453
2023-04-11,503.2434387207031,506.64824024644025,498.56193042615587,502.06122799478044,26414406
2023-04-12,499.5549621582031,505.0404082306634,497.47425979275084,504.2838049318985,21292441
2023-04-13,504.04742431640625,505.27691204261,498.56197757440145,500.59534558020107,28597560
2023-04-17,514.498046875,515.4438153435202,499.36575137867646,499.36575137867646,32476990
2023-04-18,516.247802734375,518.7541127868462,511.1879634663453,515.7749184018437,22283456
2023-04-19,510.998779296875,517.8083249786072,509.0599651502015,514.4981347732645,21156372
2023-04-20,515.2547607421875,515.8695334687824,507.5467807037376,511.85001661448604,25588577
2023-04-21,513.6942138671875,516.7679616717087,510.43130080659256,515.4438626043238,22599418
2023-04-24,524.5232543945312,525.4217461299845,514.0252457859217,514.308964827345,23335611
2023-04-25,531.332763671875,537.1019865035063,524.9015490305807,524.9015490305807,38142390
2023-04-26,535.635986328125,536.250758965492,526.2729124733295,531.5219162938387,23143882
2023-04-27,534.1228637695312,536.6291738697495,530.6707849862329,534.3593059403013,17845169
2023-04-28,546.9379272460938,548.971352667809,534.8321016537752,537.0073577193658,16183423
2023-05-02,544.1006469726562,549.3496509930271,542.0672791815007,548.5457707982896,13667511
2023-05-03,539.5609741210938,543.8169327250288,538.1423212531155,539.7028624979448,9699527
2023-05-04,548.5457763671875,549.3023796861156,537.6694376978381,539.2772558287686,12533761
2023-05-05,545.2355346679688,556.3483144291979,543.864158811983,548.7348896271685,18163461
2023-05-08,551.9505004882812,555.733574673191,546.0394470743597,546.3232238183328,12990869
2023-05-09,542.3982543945312,554.6459684581436,541.0741553565239,553.2745925384495,18959065
2023-05-10,541.1688232421875,543.8169638690443,532.7041824334594,543.8169638690443,18561315
2023-05-11,542.3510131835938,548.5457859453637,540.9796371737035,541.1688024380219,16016715
2023-05-12,546.7960815429688,549.2550565537176,540.5539748058608,543.5331686718814,11319335
2023-05-15,550.3427734375,552.3288644146909,543.4859510624889,547.3635792465793,11410243
2023-05-16,554.504150390625,558.381836507775,550.4373567227524,552.328894031078,22178229
2023-05-17,554.504150390625,558.4763902831363,548.0729350873454,554.2204313394036,23739774
2023-05-18,543.0603637695312,561.6920174929332,540.4122231267693,558.287215759265,45656620
2023-05-19,543.9588012695312,554.4568090197679,538.9935164126377,547.599987074534,42293962
2023-05-22,545.850341796875,548.8294780947019,542.3509866163723,546.1813376993675,21484049
2023-05-23,550.0589599609375,552.0451085306911,545.5192825124204,547.5054310821739,16120548
2023-05-24,551.099365234375,553.5110635776405,546.8906834921327,548.3566132517542,17616658
2023-05-25,549.72802734375,551.2885687049743,545.7085105846775,550.4373538306452,16479436
2023-05-26,554.2203979492188,555.875492994289,549.0659475495447,549.7279971125996,9788076
2023-05-29,562.7322998046875,564.056398894281,556.1591966905138,558.0034569491859,18432231
2023-05-30,560.6516723632812,563.2052593916974,559.4221846014929,562.7323750429217,15031640
2023-05-31,559.060791015625,563.8333319426182,556.7950683886402,562.8691846380491,28797643
2023-06-01,561.8568115234375,565.3759725346222,560.169553831175,560.9408598639765,17820226
2023-06-02,566.1472778320312,567.7863399289043,562.0978476064854,563.7369097033585,11323908
2023-06-05,566.1472778320312,568.6540371470996,564.9902893608927,567.4006574895654,12920507
2023-06-06,564.3635864257812,567.7863563449595,562.0978638580726,566.9186002547972,11199940
2023-06-07,568.0755615234375,569.4253323416787,564.9902786080794,566.9185730743186,11113781
2023-06-08,567.400634765625,572.6552488450642,565.3276947192347,568.7986599936411,15971917
2023-06-09,557.9520263671875,567.9791224774418,556.0719274568654,566.9185840392489,18870272
2023-06-12,557.9038696289062,560.651665949061,556.9879179065606,559.2054449706885,8786066
2023-06-13,555.7344970703125,560.5552333084419,553.6615569491656,558.6751344061959,12612098
2023-06-14,555.8790893554688,557.8073838698208,554.6257096905156,556.3129673905737,8948696
2023-06-15,546.1893920898438,556.0237053584534,544.9842080825846,555.3487905450132,17934877
2023-06-16,550.7691040039062,554.0954237099354,546.7196738768654,548.3587359338673,12660226
2023-06-19,548.4551391601562,552.215336970729,545.6109518525627,550.7691160969515,17903691
2023-06-20,547.0571899414062,549.0336800950572,542.3810403275806,548.4551564192141,14549152
2023-06-21,546.0447998046875,549.0818873383756,545.3699437722066,547.057201547171,14946871
2023-06-22,542.7667236328125,548.5998029137497,540.9348202600779,546.0447890802325,14979063
2023-06-23,534.716064453125,541.9471691410787,533.9447583891194,541.8507779506582,12215712
2023-06-26,537.0782470703125,538.4762724386792,534.6196832000852,536.065904164558,8360264
2023-06-27,545.8037109375,547.587418580515,535.7284196908937,538.2351788930695,10694768
2023-06-28,549.37109375,553.4205239875774,548.1659096820828,551.7332662924933,18028934
2023-06-30,552.3117065429688,553.4204993748917,549.7567517407397,553.4204993748917,8718232
2023-07-03,564.4600219726562,565.3277191936658,553.3241329514472,553.9025977654534,15421985
2023-07-04,568.123779296875,574.5835777803604,561.3747484015366,567.1114364319501,24799250
2023-07-05,569.4253540039062,572.4142458484074,567.1114358645187,568.6540479574438,13598114
2023-07-06,571.2572631835938,572.2214104632285,567.9791388940837,569.2325774351127,11323509
2023-07-07,572.3177490234375,574.1496522250379,564.5081803152976,568.8468426746808,11707209
2023-07-10,571.3536376953125,578.2955096754295,569.0879151930579,573.3301866383733,11417363
2023-07-11,567.4488525390625,574.5835657318489,566.2918640690325,573.6676140744553,13221177
2023-07-12,568.123779296875,573.1855524683788,567.1114364319501,567.8827424791843,16029716
2023-07-13,564.65283203125,576.5600264296337,562.4352463905591,573.571193644083,20024503
2023-07-14,563.4476318359375,570.100212026189,559.8802755239558,565.7133541553305,12190152
2023-07-17,579.5489501953125,581.2362080626135,563.2548952420794,565.9544960603841,19378986
2023-07-18,571.1126098632812,582.3931446524997,567.6417032420812,581.4289973858464,25757209
2023-07-19,579.8864135742188,580.8023652915784,570.7752096906919,573.3302236106615,17556585
2023-07-20,588.1780395507812,588.9011500146614,577.2831869976956,579.8382008421577,34038351
2023-07-21,593.0469360351562,597.2892073744681,587.1656614867653,588.1298087141655,21040281
2023-07-24,595.5055541992188,599.6031798857839,592.2756257028592,592.9987361181354,11756364
2023-07-25,587.744140625,599.5067488556581,582.537780778133,599.5067488556581,18503305
2023-07-26,593.09521484375,594.2521444866661,587.310331241653,590.0581274138974,9999125
2023-07-27,594.4450073242188,598.9765114133418,591.118687362688,594.3004205370364,17444742
2023-07-28,593.962890625,597.6748927770809,591.6007181367443,594.3003774643948,11930586
2023-07-31,597.9641723632812,598.7354784405272,592.4685209367213,594.5414611882713,8605483
2023-08-01,589.9135131835938,598.5908390485952,588.7083290356769,597.9641785998077,13493453
2023-08-02,576.993896484375,588.6118583315358,572.7998209080405,587.9851391205248,14977497
2023-08-03,569.3289184570312,579.3078183831929,564.0261088863052,577.2349372227612,27774877
2023-08-04,552.74560546875,577.2349691049168,550.9137610058102,573.4747712992396,52725616
2023-08-07,547.5392456054688,556.3129620223561,546.3340615456283,556.3129620223561,32736325
2023-08-08,552.5527954101562,553.6615883465553,548.0695457625836,550.5281096140759,25038671
2023-08-09,553.1795043945312,554.3846884999659,547.9730855203012,554.3846884999659,15769111
2023-08-10,553.0830688476562,556.8914032378979,549.6602991852233,553.1794600296084,27325801
2023-08-11,553.565185546875,558.241276326227,551.492245351644,554.8185652442073,18221179
2023-08-14,540.6937866210938,552.456395288408,538.5726508209419,552.4081996934482,28084093
2023-08-16,545.0806274414062,546.0930291373386,534.1375796285616,538.7654746862926,15725767
2023-08-17,551.6368408203125,552.6009880147222,543.7790176471228,545.4662752373399,27910162
2023-08-18,552.408203125,554.6257301288466,547.0571974198606,549.5639568421426,18253227
2023-08-21,551.2030029296875,554.9149463595685,550.2870512589609,552.4081870104123,9380810
2023-08-22,548.11767578125,553.8543633129792,547.1535285942997,551.9742645290513,14073413
2023-08-23,556.216552734375,557.2288955423189,545.7073245358355,550.5280606183076,18579297
2023-08-24,556.2647705078125,561.1337023758908,554.9149408121432,557.4217589831178,24131644
2023-08-25,549.5157470703125,554.6739114144629,546.8643420837741,553.2276905127146,12271885
2023-08-28,552.3117065429688,554.1918053746803,548.7926045292852,552.2635109517712,9711932
2023-08-29,554.239990234375,555.6380154332899,551.3475486560166,553.0830606805313,13144855
2023-08-30,547.0571899414062,556.9878951511408,545.8037514005196,556.0237478716156,15281416
2023-08-31,541.2239990234375,549.8531281027466,539.3439590892751,548.888980917279,27898476
2023-09-01,549.1300659179688,550.7209324523909,541.9471569863232,542.5256806565127,18121168
2023-09-04,554.9149780273438,555.6862841136486,548.069555596925,551.4922668121344,12108655
2023-09-05,552.4563598632812,557.5181327939658,550.8654934034583,554.9631191092507,14444729
2023-09-06,550.0460205078125,553.6615727898534,547.6356523197853,553.6615727898534,20609936
2023-09-07,558.2894897460938,560.1695887755602,547.635673708293,547.635673708293,12390597
2023-09-08,562.53173828125,567.4006702412167,558.9161860069856,560.169565692688,14032068
2023-09-11,570.4859619140625,571.0644267479431,564.3635913289041,565.9544578923964,10946134
2023-09-12,567.2560424804688,572.9445351099214,563.6887445349923,572.3660702665688,16093060
2023-09-13,575.0656127929688,576.5600291929064,562.5316991148621,567.3042395539778,19377172
2023-09-14,575.8851318359375,582.0556976801864,573.8604461806968,576.9939246952075,13178911
2023-09-15,577.3313598632812,579.163263171742,573.8604533120565,577.8616290798742,11756389
2023-09-18,582.2967529296875,586.587220031729,575.6441132571398,577.331370972233,19305055
2023-09-20,579.5489501953125,585.0446018753269,577.9099467731562,579.3079133571266,21314600
2023-09-21,567.063232421875,584.8517022259392,563.6887170242877,578.4883538720975,23453425
2023-09-22,576.7047119140625,580.4166553572468,570.1967178548243,572.2214035789467,18784139
2023-09-25,572.7516479492188,579.9345565537149,569.2807414736828,579.9345565537149,9712784
2023-09-26,573.089111328125,573.6675761014103,570.0520241511914,572.7034289146853,8327427
2023-09-27,568.6058349609375,572.9926931348808,567.1114185078637,572.1731915193855,9865347
2023-09-28,568.7987060546875,573.8604793320803,567.738108726534,570.052085763523,21960816
2023-09-29,577.09033203125,578.488357330842,570.1002643801689,571.5946808672312,12189735
2023-10-03,581.3325805664062,583.2126794228604,568.4611798159711,575.2102103849722,15322196
2023-10-04,565.2313232421875,578.9222259114165,563.4958699679197,578.48834788113,24914612
2023-10-05,570.9197998046875,573.0408766109746,566.0508092666732,568.8468597431443,13248028
2023-10-06,572.9445190429688,577.4760230117589,570.9680288955789,572.1250173967202,8216780
2023-10-09,564.12255859375,567.8827565818558,560.6998474669198,566.9186092871498,9189597
2023-10-10,570.437744140625,573.6676138901629,564.749251825484,565.9544358882783,10373508
2023-10-11,567.2560424804688,575.5959401945697,566.5329320028374,575.4995490029714,14220119
2023-10-12,565.0384521484375,571.7392869264786,564.0261093625463,569.6181513270222,11983797
2023-10-13,555.4934692382812,560.4587923356951,554.1918351248179,557.0360813206687,19064577
2023-10-16,555.0113525390625,558.0001852843412,551.0101181684682,555.3487805162515,11290293
2023-10-17,555.7826538085938,559.1571689393722,554.6738610125884,556.9878377838718,10765224
2023-10-18,552.1189575195312,558.4823059606506,548.9372244520923,557.0360850561344,11777454
2023-10-19,550.720947265625,553.420547925152,546.6715168528941,549.371117512421,11441499
2023-10-20,542.9113159179688,549.5639557633297,541.9471686271559,549.4675645730006,11110988
2023-10-23,533.125244140625,545.7073542311729,531.2451451967778,542.9113036124381,11875035
2023-10-25,536.2587280273438,540.6937819693302,533.7519097953203,538.5726461874272,12134624
2023-10-26,527.3885498046875,533.0770421621733,523.7248019958954,531.6790168695493,19424825
2023-10-27,541.03125,542.3328252418293,530.2809846808998,530.2809846808998,10415296
2023-10-30,544.9360961914062,546.3823172222503,536.548002443134,542.8149602434581,8593704
2023-10-31,545.2734985351562,549.0818921729843,542.95958030296,546.6715239018123,13039696
2023-11-01,546.0930786132812,549.2265574780274,543.6344558111273,545.948432973078,13575575
2023-11-02,551.588623046875,554.8185516709641,547.2499603836425,550.6244757883788,11148516
2023-11-03,557.4217529296875,558.7233281709723,552.8902491112981,555.3488128153236,11371371
2023-11-06,553.7579956054688,561.6158198859742,552.697457080918,561.1337462208361,16499138
2023-11-07,558.96435546875,560.3623807188147,552.0706792493585,554.1918149204695,17923281
2023-11-08,559.49462890625,561.7121557781876,558.2412492696659,561.0372997909418,15434808
2023-11-09,557.6145629882812,560.9890785114845,555.8309140361974,560.1695768517445,12434363
2023-11-10,558.7233276367188,560.1695485020424,554.7703474769183,557.0842655533097,6773038
2023-11-13,560.5069580078125,561.6157508400668,554.5774879637208,560.1695300224528,11282362
2023-11-15,563.7369384765625,566.9186127994279,561.7121938370072,566.1955023239185,11397676
2023-11-16,563.688720703125,566.9185904945721,562.0014629933197,563.7369162968865,8622660
2023-11-17,542.8630981445312,553.902595942704,541.9471464863035,553.902595942704,37173221
2023-11-20,543.5380249023438,546.4786623142577,540.5009374550467,543.7790617204822,12714585
2023-11-21,541.3687133789062,546.3340955532802,540.8866397249625,545.7073762644006,14280013
2023-11-22,538.9100952148438,544.2611004650989,535.246347583391,542.7666840578206,14909071
2023-11-23,539.874267578125,543.2969785663546,538.2834010675289,541.6097208689436,6376210
2023-11-24,540.2598876953125,542.2846322273022,539.1993492596594,541.802558602573,6529851
2023-11-28,544.212890625,544.9360010141252,540.9829622454496,543.3933302092003,8153314
2023-11-29,548.214111328125,548.5997937728681,544.8395959006997,547.6356465078894,10299034
2023-11-30,544.502197265625,549.7568119125536,543.4416587556975,549.3229338505354,19758998
2023-12-01,551.2511596679688,553.6133320690648,546.2375824761655,546.6714604840198,10614230
2023-12-04,573.37841796875,574.6317977044337,563.5922992174134,566.9186192117567,26077882
2023-12-05,586.4425659179688,589.3832032666363,573.7158104246026,573.7158104246026,36430152
2023-12-06,586.6353759765625,591.9863811705368,582.875178355459,591.9863811705368,21439069
2023-12-07,589.7689208984375,590.5884225726319,583.3091221564198,588.1298587031671,10725706
2023-12-08,592.131103515625,594.6860586201612,583.6465599734173,588.1298685759048,17722136
2023-12-11,592.2274780273438,597.6749338019196,591.1186850954592,592.9505885011256,11706255
2023-12-12,590.4437866210938,595.7947919730558,588.9011157464561,594.8788403360642,14494836
2023-12-13,597.626708984375,598.2534282981387,589.7207478232926,592.4203486231903,13977914
2023-12-14,601.2904663085938,605.2434465626046,600.0852822254344,603.5561888461816,15813797
2023-12-15,625.0084228515625,626.6956804527815,597.6266188130294,605.4844420374566,29813572
2023-12-18,625.24951171875,632.1431883165444,619.3682368434937,623.4658627876797,16221796
2023-12-19,631.902099609375,635.9514707795048,617.2952459631028,625.2494603780901,19964008
2023-12-20,613.6315307617188,636.7228692336894,611.2211626299238,635.0838071346933,22542056
2023-12-21,620.6697998046875,625.6833773355924,605.002406799909,609.4857151061817,19915516
2023-12-22,613.9207763671875,626.1172629150401,612.3781642684246,621.6339545547611,14998068
2023-12-26,615.1741333007812,618.3076118235898,612.8602152382182,615.9454393216356,10153089
2023-12-27,625.2977294921875,626.1654856146044,616.0901344015717,617.777392203141,14417646
2023-12-28,628.0455322265625,629.8773766643785,623.3211872377498,626.9367393678991,16982092
2023-12-29,619.03076171875,626.3100620587661,616.6203934706069,622.3570816705638,13221898
2024-01-01,618.3558349609375,623.7068994465233,615.1259651092256,619.1753954576906,8295548
2024-01-02,616.52392578125,624.767372397678,611.1246662672199,618.3557701144152,15164482
2024-01-03,620.3805541992188,624.7674123778669,613.0048042643401,616.4275152016644,14571772
2024-01-04,619.7056274414062,623.2247883433014,615.7526473667616,619.4645906357115,13883388
2024-01-05,618.934326171875,628.3829572580872,614.8848960358192,621.8749634544937,15984585
2024-01-08,604.5203247070312,621.8749751770896,602.6402258033993,617.0542389354067,14739531
2024-01-09,602.9777221679688,611.6067930993104,602.1099660920149,609.3410705687005,13400235
2024-01-10,599.4585571289062,602.8812681223897,596.0358461354228,602.399194493818,12742464
2024-01-11,597.9641723632812,604.6650079251884,596.3251101698327,603.5562149819164,15533860
2024-01-12,610.8836669921875,613.6797175235832,598.8318265066497,601.4350358209014,16620797
2024-01-15,617.150634765625,622.3570534845726,613.2940457432574,615.9937051364175,16844018
2024-01-16,614.0654296875,621.7786079716733,610.7391097830742,617.054262733865,15025543
2024-01-17,603.55615234375,613.968930423117,600.6637107190994,601.6278579273163,30016308
2024-01-18,605.773681640625,610.7390633220803,596.8553199279997,603.3633136101857,14695436
2024-01-19,605.2434692382812,612.7156108338156,602.3028317345762,610.3052425771916,11675202
2024-01-23,583.405517578125,612.1371546825402,579.115109097921,604.5203673447073,30954343
2024-01-24,596.1322021484375,600.0369865400962,581.4771529351829,588.0815965650563,19221835
2024-01-25,590.7811889648438,601.435003614174,584.5142322479584,596.3250352913193,22684904
2024-01-29,600.6155395507812,606.9306922520184,593.5290219741044,596.8071461540897,19572140
2024-01-30,604.279296875,610.7872908979857,601.8207331245812,603.0259172029118,16966577
2024-01-31,617.5363159179688,620.1395252720102,599.6995917267393,603.9418631812425,23270745
2024-02-01,624.4299926757812,629.5399613532924,610.5462486775638,619.7056475917949,26587707
2024-02-02,626.3582763671875,636.8674459475857,623.5140302472481,628.623998836513,27471811
2024-02-05,619.8984985351562,631.3236201370446,615.8490682349207,623.8996743944258,28339525
2024-02-06,626.9367065429688,631.5164056680424,614.836671150307,621.3446646438326,14079390
2024-02-07,651.0404663085938,653.6436757959015,631.516483424108,631.5646790198787,41696232
2024-02-08,674.46923828125,693.1255240196265,654.1739491949825,656.0058526209428,74222434
2024-02-09,699.247802734375,702.2366357119648,669.3110419771705,678.4222453850707,43235061
2024-02-12,682.5198974609375,699.970940058633,679.2417731009738,699.970940058633,22873137
2024-02-13,687.8709106445312,692.2577691391986,676.9760578021069,683.1465652829623,23351472
2024-02-14,716.7471313476562,721.6642590731294,680.2541204805187,680.2541204805187,36782182
2024-02-15,734.3909912109375,736.6085181742852,715.0598501146139,720.8929293595762,33941282
2024-02-16,727.6419067382812,746.8284007926593,726.3402727045591,736.0781947745578,27365121
2024-02-19,732.02880859375,737.5726553496461,723.1104464212216,731.4985393690836,13979584
2024-02-20,732.8483276367188,736.1264519437863,726.967052738199,731.8359847570562,12528399
2024-02-21,743.839599609375,749.6244830800896,732.3662238537067,733.3786255385841,21465311
2024-02-22,738.4403686523438,745.2857902765477,729.8594349797497,745.2857902765477,18799244
2024-02-23,731.8359375,742.8754349674641,727.9311530180862,738.4403812825284,14143636
2024-02-26,731.69140625,738.8742565255047,725.7136812472469,727.9312082579945,11355186
2024-02-27,722.9658203125,735.0176614115741,715.590128867995,731.6914003457339,13969393
2024-02-28,715.8793334960938,729.6184318157158,714.4331126203441,722.965792248516,11263318
2024-02-29,721.278564453125,726.8706658152877,710.7211987001107,717.2291929107045,19217113
2024-03-01,741.5738525390625,744.3216485578118,724.9905087033734,725.0387042946561,17348526
2024-03-04,744.369873046875,749.1424137066598,741.4292357019581,746.635654393883,9789141
2024-03-05,755.84326171875,758.7357035196916,741.525639495962,741.9113219415058,18088847
2024-03-06,755.7950439453125,761.9655509647814,745.1894243197579,755.5540071356407,26710525
2024-03-07,759.7962646484375,764.9544879888422,754.9273325742631,761.6763636445312,15497868
2024-03-11,745.9607543945312,764.375943708488,742.9236669559873,761.6763431224929,16778340
2024-03-12,732.4627075195312,749.8655543236582,730.1969260813347,742.3934128308799,21529705
2024-03-13,720.4590454101562,736.3192797248611,716.3614195245849,731.450347794911,27950252
2024-03-14,714.4813232421875,723.8817591322932,707.7322923467271,723.0140618967187,19730882
2024-03-15,705.659423828125,719.7841462932436,697.0784894237145,712.7458828582031,29792241
2024-03-18,704.7434692382812,711.4443046336356,696.2107304639793,701.0314668855465,18145126
2024-03-19,697.8497924804688,708.0215345586139,695.294837485665,703.8275174114212,15205043
2024-03-20,709.8534545898438,712.4566640874273,693.9932196245381,699.1514430237444,25405455
2024-03-21,717.61474609375,723.6888616581621,713.999194109353,715.3972193126948,15161161
2024-03-22,719.9287719726562,721.9534576831707,714.8188032557894,717.1809169690966,15535921
2024-03-26,713.5171508789062,721.0374875571446,712.0227344311277,716.4095925895269,14678342
2024-03-27,707.0091552734375,719.1091912967626,704.0203223853061,716.3613952172508,30088789
2024-03-28,725.3761596679688,732.3180316341789,710.480131739764,711.299633363139,21705116
2024-04-01,731.1128540039062,734.1981369990166,725.1351292346699,731.8359644474378,9949971
2024-04-02,738.9224853515625,741.1882078791733,726.3403165012812,731.0164660314755,15713063
2024-04-03,743.4057006835938,744.9001171021469,732.8965313153205,737.4762306009072,19136981
2024-04-04,732.0770263671875,747.5033830248789,730.9200378484845,747.2141506069232,15889530
2024-04-05,737.3316040039062,740.1758501398218,725.6171914639816,730.7754145215962,9939620
2024-04-08,740.7543334960938,742.3933956194346,734.4873762603453,738.5850021452578,9797174
2024-04-09,736.8013916015625,744.7556069687643,733.8124996099999,740.8990176998179,7465892
2024-04-10,751.118896484375,752.7097629710994,736.2710642780829,739.0188603767406,14530669
2024-04-12,738.8259887695312,751.5527435992136,737.3797679672235,749.3834123957522,14408722
2024-04-15,730.341552734375,735.9335950981468,721.9052641714367,732.5590796729715,11356572
2024-04-16,724.74951171875,727.8347947397396,717.7112484453821,724.315633679616,13338991
2024-04-18,718.0968627929688,732.7037172254089,715.3972622519597,725.0869303823578,14589648
2024-04-19,723.5443115234375,725.0387279832828,705.8039786829678,708.166151201757,10886554
2024-04-22,738.6331787109375,741.4292292520696,723.5443096786286,727.1116662441453,17452186
2024-04-23,745.2858276367188,749.8173315016863,738.1029188222026,742.7308138738571,12292429
2024-04-24,745.3822021484375,750.5886207443748,742.5862104814081,750.5886207443748,7842615
2024-04-25,783.5625,785.2015621323537,742.0559716951439,743.0201189674838,36732974
2024-04-26,772.5711669921875,787.6118991537774,770.2572489382424,786.647751919581,14964358
2024-04-29,796.86767578125,801.4473750673492,770.0643948867187,778.0668050277905,27302732
2024-04-30,796.6266479492188,804.9182905797428,790.5043365839119,796.8676847564651,27449073
2024-05-02,800.2904052734375,804.0024074577941,795.4214734778877,797.2533767737393,19943724
2024-05-03,801.6402587890625,806.2199583180101,790.6007607867497,804.8701286023054,22667634
2024-05-06,778.838134765625,806.0270989146577,774.2102397469739,805.0629516671522,35283557
2024-05-07,773.1497192382812,785.4425969289771,764.7616262211365,782.8875831251004,16725013
2024-05-08,781.7305908203125,792.5290519594521,770.8357384934087,773.8245714766452,27908322
2024-05-09,790.4078979492188,809.5462560286481,774.7405052523084,782.7911700385396,49290254
2024-05-10,788.0457153320312,802.2186913901453,786.3584576786101,797.3497596453622,20543142
2024-05-13,779.8023071289062,790.456122787604,769.9679931182314,790.456122787604,15398505
2024-05-14,788.8652954101562,792.9147256484775,778.9345904580701,783.8517179173241,10912462
2024-05-15,790.8900146484375,795.7107511254447,788.7206832337843,791.5649295245947,9755062
2024-05-16,782.8394165039062,796.5303200119738,768.7628305348695,795.7107594941345,20536990
2024-05-17,788.52783203125,792.9629448421255,782.1162879060583,785.297962171262,12492509
2024-05-21,800.8689575195312,806.3163543151672,790.2150830532505,791.5649127770058,14037801
2024-05-22,802.6334838867188,810.3780018937406,797.5358302513197,810.2799344229562,19239277
2024-05-23,815.7206420898438,819.0537392891404,805.8194777925474,808.4663420586099,17497488
2024-05-24,812.28955078125,824.6905681013441,810.7210696223614,813.6620166705683,12252075
2024-05-27,817.2891845703125,822.876995845969,806.7997949535047,816.2108014350272,12295193
2024-05-28,814.7894287109375,824.151431802395,807.093914464433,819.2498532378913,13818893
2024-05-29,806.4567260742188,818.0244392460639,803.1726326134542,812.0935412900568,14518232
2024-05-30,809.5936889648438,819.5439171556648,803.1726331596147,805.2313320096405,17818705
2024-05-31,814.005126953125,818.5636189442075,801.0159437782618,814.3482733523172,22267336
2024-06-03,887.8229370117188,894.0479177688353,839.8854753820721,846.5516101706216,64269020
2024-06-04,759.9407348632812,879.3431739398783,717.542081270305,879.3431739398783,122381193
2024-06-05,774.2042846679688,779.3509418310036,729.4038474915685,775.1846003180706,74256082
2024-06-06,800.868896484375,816.9460375302097,780.3312712846982,784.2525339544707,40555649
2024-06-07,813.613037109375,815.1325144961712,794.545884544975,803.7608761709042,25061284
2024-06-10,815.4265747070312,828.8079077389773,812.877777859861,817.7303524667053,16725508
2024-06-11,819.102783203125,823.0730498797147,812.730731059502,819.5439372413512,14754408
2024-06-12,822.5828857421875,828.905934018559,816.6029838634709,820.5242466911467,15071442
2024-06-13,827.2884521484375,829.2490835697314,819.6419417384134,828.3667754966601,12523972
2024-06-14,822.680908203125,833.1702976600134,818.6615781244269,828.3667270254315,12903496
2024-06-18,828.2687377929688,834.7387973148866,823.7102459704445,824.9846443812804,14929083
2024-06-19,835.817138671875,843.6596642417119,824.4455005291003,830.1313196004876,32925140
2024-06-20,827.141357421875,836.3072851232247,825.7688915323681,836.209277488426,13985352
2024-06-21,819.8380126953125,831.3567222370788,812.2895697948148,828.2687636644131,18990090
2024-06-24,816.3088989257812,819.543928783181,804.8881970373593,815.1325081138934,12715254
2024-06-25,825.6708984375,829.2000110244921,817.8773766546938,820.5242410117988,20917530
2024-06-26,828.7098388671875,832.0919399410025,819.5439111626723,823.3181026095383,16281760
2024-06-27,827.3864135742188,830.7195107377448,821.7495985528304,827.288405942117,20378887
2024-06-28,832.239013671875,846.992752780768,827.386439058991,830.2293784821371,23636388
2024-07-01,825.3768310546875,833.7585184800706,823.4161996179325,832.6311314704473,10967797
2024-07-02,809.8878173828125,829.6411422984175,806.9468703630849,827.3864282167037,21142840
2024-07-03,823.4161987304688,827.2393941277866,808.760466789776,812.6817296590598,23598009
2024-07-04,822.7789306640625,828.2687343216311,817.8773523092979,826.4061106133324,13372587
2024-07-05,842.826416015625,844.2968895533086,820.5242340274244,821.5045497192135,24873722
2024-07-08,839.3953247070312,847.9730871492928,836.6994565108919,842.8264296839359,10359800
2024-07-09,844.3458862304688,852.8256408262188,839.1502250746712,842.9734801738035,13585081
2024-07-10,832.2880249023438,843.3165764690709,826.8962885808327,843.1695051813592,17343236
2024-07-11,839.8364868164062,841.4049680302959,833.0232806157347,837.5817726337938,8501366
2024-07-12,842.7774047851562,846.0124345728623,838.4639918457344,839.8364577356562,11446064
2024-07-15,864.001220703125,869.8831149197468,842.7774216383809,842.7774216383809,25392820
2024-07-16,863.364013671875,870.6183136551655,857.0899695148005,864.9324947942838,11893692
2024-07-18,875.9610595703125,877.2845216320075,860.2270049507774,863.315023261012,19435183
2024-07-19,871.84375,881.3038205050954,865.912851939986,877.3825576774864,14562742
2024-07-22,859.540771484375,877.382528728047,850.914005515022,864.0992633045507,14614111
2024-07-23,846.8947143554688,867.0891928212089,832.385994861864,865.618719345537,18279212
2024-07-24,835.2289428710938,850.9139934414429,830.5234396667329,847.1888058977289,19624845
2024-07-25,831.7978515625,834.0035618347636,824.6415590903446,830.8175358859385,9522375
2024-07-26,845.4732666015625,847.2378228513442,827.386430415429,828.0236595382181,12081506
2024-07-29,854.443115234375,871.5986394833856,846.208499495082,849.0023752250042,26582781
2024-07-30,855.6195068359375,863.2169532964333,851.8943192478578,857.4821305468374,13528447
2024-07-31,855.2274169921875,857.727209991399,850.9140040978348,856.6488268509507,11636874
2024-08-01,845.6693725585938,864.0502921513843,842.5323503146797,860.5211196893349,11787203
2024-08-02,831.16064453125,841.4049555903533,829.494155703777,839.8364743996533,12609331
2024-08-05,795.6732788085938,814.9854506435058,784.2525767265245,813.6620483537691,27676951
2024-08-06,781.9978637695312,810.2799484288843,779.988228505242,806.4567530115417,17900930
2024-08-07,792.7322998046875,794.7419349850848,784.7917068840424,793.0753863597355,17692355
2024-08-08,792.1441040039062,801.7021822548979,786.9974464841414,796.01636305695,14769069
2024-08-09,808.07421875,813.6130263830515,793.6145621891944,799.9376104147318,15320885
2024-08-12,796.6044921875,806.799799123275,795.2320861451166,804.4470175738744,16120449
2024-08-13,781.8507690429688,803.8588683191833,779.3999798102883,797.4868163142143,17585172
2024-08-14,787.1934814453125,793.2224467373169,784.6446846418667,785.183846292551,11788665
2024-08-16,796.1143188476562,798.85925054641,787.1934703278642,787.1934703278642,11427335
2024-08-19,797.682861328125,809.1525664711355,796.6044782061931,798.9572597142997,10151482
2024-08-20,804.1529541015625,806.7998184496117,797.3397480422,801.8492361476191,10347493
2024-08-21,799.4964599609375,804.8391925113443,795.2321105845307,804.1529595522029,14607257
2024-08-22,804.1529541015625,807.6821265102021,801.0159319051235,802.8785556624933,7832917
2024-08-23,799.3003540039062,805.8194771135562,798.4671096216442,805.3293192807621,5537747
2024-08-26,799.0062866210938,807.2409623037237,797.7808920155667,801.8982298568817,8523795
2024-08-27,799.839599609375,803.3197083604263,795.0850325876467,801.702163529934,12833290
2024-08-28,793.467529296875,801.1139795760346,790.6245899129868,798.7121942115388,10371300
2024-08-29,798.4671020507812,799.937575535221,791.0657308125117,793.6145275853862,18247268
2024-08-30,799.5454711914062,804.5451172254517,798.3200765507661,801.0650084127782,8911426
2024-09-02,805.966552734375,809.1525786646832,797.04564422928,801.2119858304522,11813750
2024-09-03,808.5643920898438,809.6917790988241,800.3297759604034,805.966591337859,10548350
2024-09-04,800.427734375,802.5354369721819,797.6338586845211,799.3984149013352,10789570
2024-09-05,802.6334838867188,805.9665812189434,798.369134501237,802.2413336710257,8395074
2024-09-06,767.0970458984375,796.8986675256167,761.7053094735923,795.5262015930762,40220096
2024-09-09,768.8125610351562,772.6848198824725,755.8233784610844,769.5477977846319,21322103
2024-09-10,767.2440795898438,773.2729850328517,762.1954299786836,772.4887444671417,12824701
2024-09-11,753.4706420898438,772.4887910829905,750.3336796377038,764.6952691046852,20060665
2024-09-12,772.24365234375,774.3513549221617,757.5389176117205,759.7446278215249,17578964
2024-09-13,775.2826538085938,779.3509879306515,769.6458384870828,775.429725098296,12950936
2024-09-16,770.0869750976562,779.3509702962235,768.9596479590956,775.2826362662203,9553736
2024-09-17,767.4891967773438,771.9986251303302,765.1854189481497,770.1360013393838,10665630
2024-09-18,777.145263671875,779.1058950529456,766.6068699986203,768.3714262748396,18324412
2024-09-19,774.400390625,785.5759535812824,768.6165041254203,779.3999767062683,10645478
2024-09-20,766.3128051757812,779.203920907502,764.1560986394321,779.203920907502,21372244
2024-09-23,786.0661010742188,789.1541193879206,769.0576480246257,770.5281215390131,17309545
2024-09-24,782.5369873046875,788.4188813527027,780.8214348740164,783.5173029793567,15180653
2024-09-25,777.4883422851562,782.2919130531816,773.1749891911104,782.1939054186181,18465571
2024-09-26,786.0661010742188,787.193488035404,776.0178653925714,780.331278301596,23198842
2024-09-27,786.8504028320312,792.095067775522,782.7330650179391,786.0661024227028,15193681
2024-09-30,772.3907470703125,786.8013396781569,770.9692773696576,786.1151665701419,15484573
2024-10-01,781.2625732421875,784.5956105690549,772.4887361629332,772.4887361629332,13280535
2024-10-03,778.4686889648438,788.1738385219239,768.861606879953,774.3514108096929,15944135
2024-10-04,780.968505859375,793.9086248930724,769.7928832389414,776.4100140404223,20097454
2024-10-07,755.4802856445312,788.1737888998624,750.3336284408941,784.2525262685198,24267990
2024-10-08,766.0676879882812,768.9596311652928,757.0487719081607,757.0487719081607,8560960
2024-10-09,781.7037353515625,788.5168813576186,766.6558539907494,771.214345767345,18758697
2024-10-10,781.4096069335938,788.6149631033948,779.3509679329196,783.2722306646576,10241015
2024-10-11,784.0074462890625,786.8993894424932,777.3903156076607,781.5076533317213,14322720
2024-10-14,789.3012084960938,793.3204789260238,785.036799307843,786.2131901126612,8967564
2024-10-15,788.81103515625,791.6049109083206,785.821024467886,789.6442795500336,6252104
2024-10-16,789.5952758789062,793.0753845737652,786.2621786357137,786.9974153952073,6494240
2024-10-17,795.0850219726562,803.3687014528558,790.1344397449686,793.5655446321986,18580553
2024-10-18,804.2510375976562,806.4076843065691,787.0955125621578,795.1340535689559,11704698
2024-10-21,797.927978515625,810.1819248045383,793.0754038184709,808.4663723240905,10359618
2024-10-22,774.841552734375,800.7708551163644,771.9986132726441,797.9769793065807,16645356
2024-10-23,770.5281372070312,776.9981968684108,764.4501679238956,774.4493999917999,13866198
2024-10-24,778.9097900390625,781.3115753553931,769.2047009756573,770.5771069894755,5607500
2024-10-25,765.5775756835938,784.9878150281925,756.8037379978327,782.2919467905059,9717125
2024-10-28,776.4590454101562,788.1248262816986,768.1263618829754,768.3714408102454,13757251
2024-10-29,816.3088989257812,818.4165417897631,774.9395642381633,780.3313006117369,28274791
2024-10-30,806.2606201171875,816.6029382811352,804.8881542706223,811.701360020144,15977682
2024-10-31,804.054931640625,811.7013819677803,797.5358084437482,803.8588565381399,13402324
2024-11-01,805.0352783203125,809.3486315724846,802.7805641392085,806.2116691468042,1637141
2024-11-04,813.5149536132812,821.0143925955531,791.2127716054617,806.5057323110566,14498161
2024-11-05,832.4840698242188,834.6407762413705,809.9858134770826,813.5149259169897,26254561
2024-11-06,837.9738159179688,844.4439351874554,829.543125158185,832.48407214421,15002433
2024-11-07,842.6793212890625,845.4242530166981,830.0332851169691,844.0517871528804,15283847
2024-11-08,826.55322265625,846.5026236103943,817.7793850018238,842.6793683716584,26139105
2024-11-11,830.964599609375,837.1895801654074,825.4257921537154,829.3470548242794,12621337
2024-11-12,810.427001953125,836.6014431355901,808.0742203373242,835.7191350712344,11350729
2024-11-13,792.7322998046875,815.3775681145983,788.8110370785578,807.1428924562375,13756706
2024-11-14,788.4188842773438,801.8982248540469,785.2818621400214,792.732297195377,9461484
2024-11-18,798.2710571289062,800.623838726437,783.5173179107193,795.0360273075926,9322451
2024-11-19,787.1934814453125,804.1529305358586,784.3505420744752,802.8785321341356,13677029
2024-11-21,765.3814697265625,782.7820731049121,746.5593966407021,782.7820731049121,29486577
2024-11-22,799.9866333007812,803.8098885516449,768.6165301838633,770.5281578092952,20665405
2024-11-25,827.8275756835938,832.8761654605977,809.3976531392633,810.721055354177,23434605
2024-11-26,822.8770141601562,830.0333067307656,819.1027628532369,827.3864424008906,8893744
2024-11-27,817.6812744140625,825.9159499554146,815.7206430788567,821.9946872850031,8375108
2024-11-28,822.3377685546875,829.1509743675217,814.1521567162539,817.6812691634748,13505677
2024-11-29,822.4358520507812,827.4354380874087,815.181492082223,824.5434948634407,10822949
2024-12-02,819.93603515625,825.4257788732257,816.308855277593,822.4358281017708,6651119
2024-12-03,837.1405639648438,839.7383645454308,820.4261940455666,821.5045173305319,12186182
2024-12-04,842.7774047851562,846.9927502560289,833.562413429901,837.1405896069477,10749716
2024-12-05,848.4142456054688,854.2961398822408,838.7580999342011,843.0715130039896,14716036
2024-12-06,846.649658203125,858.2173712226388,840.1305350189066,848.2181393525192,14520568
2024-12-09,841.1598510742188,849.7866170280626,840.0815277676334,842.0911629301171,9630346
2024-12-10,850.423828125,851.8452977871689,841.1598332466929,844.8360169417576,7379849
2024-12-11,844.6399536132812,852.7275578551114,844.0027843308235,850.4238399742597,7006973
2024-12-12,836.8955078125,847.2868300848979,834.3957147957527,844.5419581482005,8845103
2024-12-13,844.5909423828125,845.91440442009,818.5635736543202,835.8171052852829,9379370
2024-12-16,844.0028076171875,849.3455401092758,840.9147892516194,842.8754206370667,6432713
2024-12-17,833.8074951171875,845.6202871717958,830.37639021472,841.6500206085419,8791216
2024-12-18,821.651611328125,835.2289595659852,820.5242243623587,834.2486438857434,8295338
2024-12-19,816.4068603515625,821.5045136920517,804.0549071102052,808.3682600646816,9453398
2024-12-20,796.016357421875,819.5439344885314,794.0557259996536,818.4656111397987,10244198
2024-12-23,804.9862670898438,807.780142922531,796.2124295415985,801.2120157160039,4933200
2024-12-24,796.0653686523438,809.9368600271976,793.2714927831553,808.0252324059893,10602771
2024-12-26,796.45751953125,806.6527671299033,792.0951026058469,796.9966812110812,8318714
2024-12-27,783.9094848632812,802.1923370345046,781.507699396533,800.2317056059302,10649800
2024-12-30,772.7828369140625,792.0460639180922,769.5478071437691,786.2131736679016,21515438
2024-12-31,779.3019409179688,783.4682824464205,770.5281038501324,771.4594156879419,9086044
2025-01-01,777.58642578125,782.9291583169418,773.9592457218257,779.8901437444632,7273098
2025-01-02,785.428955078125,786.6053458912669,771.508460095677,779.3509857383269,11398319
2025-01-03,777.782470703125,793.5655289387714,776.557076124776,785.4289209052785,13336514
2025-01-06,761.1171264648438,781.8997712481304,757.9311004689307,781.7037559768974,11419367
2025-01-07,763.4208374023438,768.4204234473491,759.5975823088309,764.4991607191188,9669152
2025-01-08,755.970458984375,768.5184876953866,745.1379228760546,765.5285368443842,15641490
2025-01-09,745.4810791015625,756.1664842319951,711.9542705064919,755.9704689607948,15351029
2025-01-10,728.61962890625,748.3730137848589,727.4432381239155,745.3830030949237,11779296
2025-01-13,715.1403198242188,729.3058939862478,708.2781097642194,726.9041084985033,10414733
2025-01-14,733.4232177734375,742.0989878190752,718.5224071080802,718.5224071080802,11960975
2025-01-15,738.8639526367188,743.9616062267667,735.2367725918546,738.3247909702291,7792299
2025-01-16,751.2158813476562,761.4111881866247,745.4320548303559,745.4320548303559,11816079
2025-01-17,749.0592041015625,752.8334554551853,744.4517681682984,751.215910613101,5766573
2025-01-20,763.9110107421875,769.5478260283826,752.735387806503,753.8627747972309,9198929
2025-01-21,744.1085815429688,769.4497769744905,741.1676345954302,769.3517095093413,13751780
2025-01-22,738.6188354492188,747.9808379018228,723.4729467516976,747.0005222558178,9908339
2025-01-23,731.2174682617188,740.7755458622017,728.4725365710152,735.2367384986907,10986405
2025-01-24,729.501953125,738.8639561065576,724.4533033293378,735.138768408009,10579213
2025-01-27,734.4525146484375,740.4814201410142,721.4143281559363,725.4335984843208,11433353
2025-01-28,737.5895385742188,744.7948348595096,730.7273288420482,742.0989667504426,14140860
2025-01-29,743.5204467773438,745.8241647145189,735.0406921284334,738.1777143020389,9251973
2025-01-30,747.5887451171875,749.9415267817568,739.8932906386025,743.6184784127346,11085824
2025-01-31,757.68603515625,762.2444673012822,744.5497807267266,749.8435094869757,10083763
2025-02-01,750.9218139648438,763.4208389361906,737.3444656745553,759.548580017539,9363077
2025-02-03,745.9712524414062,747.7848125737272,738.3248018604113,747.7848125737272,7862190
2025-02-04,763.8619995117188,765.8716347144651,750.5787338459753,751.9021360972733,12020807
2025-02-05,750.9708251953125,766.6068724766379,749.9415056836675,764.6462410892296,13419162
2025-02-06,737.4424438476562,755.6762909086074,735.2857374622155,753.8627308990996,32745391
2025-02-07,722.688720703125,744.9418982807152,717.3459883584466,744.8438308139157,37240692
2025-02-10,722.2965698242188,729.256846944206,718.963532464286,725.4335919181764,12667049
2025-02-11,716.7088012695312,725.5807064311172,712.2483766958933,722.9338420118377,13017060
2025-02-12,718.7184448242188,724.1591847308209,703.0333943785369,718.7184448242188,12697743
2025-02-13,713.3267211914062,722.9828066071801,711.8562476864424,719.9438519637431,12370571
2025-02-14,707.9349975585938,718.4733911976853,702.1021072520733,716.5617636405941,10417539
2025-02-17,713.375732421875,714.4050519193028,697.5436102537428,704.8959778549706,9093600
2025-02-18,711.5131225585938,713.9149079885333,703.2294429330741,713.3757463206829,8562003
2025-02-19,712.9835815429688,720.3849529544706,707.8369242269698,707.8369242269698,6766606
2025-02-20,715.3363647460938,717.100921006022,709.1113242684337,710.6308614417115,7423268
2025-02-21,707.7879028320312,717.2969766512275,705.8272715222472,712.983563836215,6571602
2025-02-24,702.2981567382812,705.5821902376468,696.5142704603655,696.5142704603655,6912148
2025-02-25,696.9064331054688,704.7979622750793,696.0241250697796,704.7979622750793,8599635
2025-02-27,690.0442504882812,703.5725952859297,687.2993186401222,701.9060466163252,12033139
2025-02-28,675.241455078125,687.5444053811439,669.1634856554016,687.1033111747046,15780609
2025-03-03,681.6134643554688,683.6721631354309,666.6146467698901,676.5648746220754,10598479
2025-03-04,701.9550170898438,704.3077986097232,678.4764450422322,679.3587530706169,14386214
2025-03-05,715.9735107421875,716.9048225760387,702.8863207536921,703.425482394221,10409805
2025-03-06,717.6400756835938,722.2475713084986,712.6894935069948,721.5123345545368,10928847
2025-03-07,718.3262939453125,720.3849328808595,713.6697945986864,717.6400610222238,7246729
2025-03-10,714.5521240234375,723.9631306303024,712.2973500895013,718.3263154629034,7400109
2025-03-11,715.4833984375,719.6007363944591,708.4741769972491,710.6308835302965,5538789
2025-03-12,708.8172607421875,722.4926768362947,704.8959979099689,716.2186323712558,5547762
2025-03-13,713.5227661132812,717.0519385721029,710.2387324158618,711.6111983443574,5908337
2025-03-17,708.915283203125,716.8558160007225,708.0819790039528,714.5520981665495,5149563
2025-03-18,708.915283203125,708.915283203125,708.915283203125,708.915283203125,0
2025-03-19,730.4331665039062,734.5505041985215,724.551272606947,725.0414304316936,7604850
2025-03-20,734.7955932617188,737.8836115337692,729.5509283979652,733.2761159507572,6963197
2025-03-21,738.373779296875,740.7265010195747,732.2958101375568,735.1877533491547,9577327
2025-03-24,765.4304809570312,767.5381836299999,740.236355685803,743.0792951283579,12095064
2025-03-25,757.636962890625,770.52813824643,754.05884649493,768.4694992151382,15190143
2025-03-26,748.961181640625,760.7739736513279,746.4613886162912,756.8037071028305,7711852
2025-03-27,757.0977783203125,760.528883157817,745.5300654063271,748.765095143516,15648616
2025-03-28,756.3135375976562,763.2737549045355,751.9021170931981,756.9017030647627,7628185
2025-04-01,756.5096435546875,767.3421201573958,748.1769600397238,751.7060726537488,7011125
2025-04-02,760.6759643554688,761.7052838533914,749.2552627425828,757.0977881876627,5458436
2025-04-03,763.8619995117188,769.2537358201085,754.7940793566994,754.8430831745769,7956680
2025-04-04,752.34326171875,767.4891505617313,749.9414763962274,763.7639032041603,8231194
2025-04-07,732.1978149414062,738.8639496862081,715.6304557983397,715.6304557983397,14923235
2025-04-08,753.4706420898438,758.764370936846,743.2263906334504,745.0399507907015,12911288
2025-04-09,727.59033203125,752.8334615673064,726.4139412123398,751.9021496759307,11319387
2025-04-11,739.0109252929688,744.7458077183372,731.3154714106737,744.0595747998677,9360327
2025-04-15,748.4710083007812,755.5292930373557,742.1969641274441,754.8430601068783,7859090
2025-04-16,756.5586547851562,759.4996019368964,745.5301029661306,748.4710501178707,12536694
2025-04-17,781.7527465820312,785.2328552596965,752.0491936119853,756.8037006997325,27034818
2025-04-21,800.6238403320312,808.1232195009724,785.6250221604275,787.1935033394458,16398507
2025-04-22,806.211669921875,819.0537818863039,797.9769939622398,804.986275275127,25117557
2025-04-23,797.4378051757812,814.6423334645151,794.1537117339047,809.740755044151,12104382
2025-04-24,797.3887939453125,802.8785377915959,795.1830836766543,796.7515648231008,12713521
2025-04-25,782.9291381835938,802.8785382468371,771.508436630355,798.9572755447768,13131038
2025-04-28,801.260986328125,806.6037186789465,781.7037366423766,782.9291312258807,11317611
2025-04-29,796.5554809570312,812.6816855994211,793.075372315961,803.858844621864,11283059
2025-04-30,773.1259765625,795.5261656735474,769.0576426012298,795.5261656735474,25635764
2025-05-02,781.0175170898438,787.5856441366993,773.4690743593894,774.7924765987593,14720184
2025-05-05,774.4494018554688,783.2722431424297,766.606876267059,766.606876267059,23986447
2025-05-06,758.8623657226562,783.4193220780548,755.9214185982945,778.3216684290833,18869468
2025-05-07,760.822998046875,766.9990348823832,749.5003635713141,750.2356003532819,15586266
2025-05-08,753.8627319335938,771.0182557422255,748.9611537025561,763.6658883956691,14491673
2025-05-09,763.9110107421875,766.312796178702,740.6285128209466,741.6088285228935,13578216
2025-05-12,785.8701171875,788.0758275471601,777.390362315762,783.272256608189,15096824
2025-05-13,785.9680786132812,791.7519649275839,781.5076543371932,782.880060357833,13909596
2025-05-14,784.9387817382812,791.6049164362635,780.6253687864404,789.8893639857823,9281719
2025-05-15,791.8499755859375,793.516524177251,778.8607930709097,788.6149458696933,17058854
2025-05-16,792.0999755859375,804.0,791.0,804.0,14733924
2025-05-19,795.0,801.4000244140625,792.0999755859375,792.0999755859375,10666184
2025-05-20,785.6500244140625,799.4000244140625,783.7999877929688,798.1500244140625,11324667
2025-05-21,787.0999755859375,791.0,779.0999755859375,787.0,8206040
2025-05-22,785.25,788.2000122070312,780.2999877929688,788.0,7355826
2025-05-23,790.5,794.9500122070312,786.2000122070312,787.9000244140625,5534158
2025-05-26,794.4000244140625,797.5499877929688,789.2000122070312,792.0,4965466
2025-05-27,793.7000122070312,801.3499755859375,790.0499877929688,794.4000244140625,11995043
2025-05-28,796.5499877929688,798.9000244140625,792.6500244140625,794.5,6873519
2025-05-29,797.3499755859375,800.4000244140625,791.3499755859375,799.0,14034127
2025-05-30,812.2999877929688,814.5,792.5999755859375,798.0,22037314
2025-06-02,813.6500244140625,822.5499877929688,809.2000122070312,812.8499755859375,26891575
2025-06-03,809.7999877929688,818.4000244140625,805.1500244140625,816.2000122070312,14247597
2025-06-04,806.5,817.0,805.25,817.0,9607927
2025-06-05,806.0,811.7000122070312,802.8499755859375,808.7000122070312,13595507
2025-06-06,813.0499877929688,816.4500122070312,803.0999755859375,806.6500244140625,17163935
2025-06-09,820.0499877929688,824.5,815.7000122070312,817.4000244140625,12793040
2025-06-10,817.0499877929688,822.0499877929688,814.5999755859375,821.0,6560513
2025-06-11,815.0499877929688,820.5999755859375,813.0499877929688,817.0,7197825
2025-06-12,805.9500122070312,816.5,801.2000122070312,816.0,13448521
2025-06-13,792.3499755859375,796.2999877929688,786.25,786.25,11377117
2025-06-16,792.5,795.4000244140625,786.1500244140625,792.5,8085001
2025-06-17,792.2999877929688,798.8499755859375,790.5499877929688,794.0,7753156
2025-06-18,791.9000244140625,795.5,788.3499755859375,792.5,5710169
2025-06-19,785.0999755859375,793.25,781.7000122070312,792.3499755859375,11824333
2025-06-20,796.1500244140625,799.4500122070312,786.0999755859375,787.5,11367669
2025-06-23,790.2000122070312,794.9500122070312,788.5,790.0,5549253
2025-06-24,795.4000244140625,806.6500244140625,793.6500244140625,799.0,11402190
2025-06-25,800.0499877929688,803.7999877929688,796.0999755859375,799.5,6528324
2025-06-26,797.0499877929688,803.3499755859375,791.4000244140625,802.0,24704402
2025-06-27,805.4000244140625,809.4500122070312,802.6500244140625,805.0,19375990
2025-06-30,820.3499755859375,821.0,807.0499877929688,809.0,19652607
2025-07-01,820.2999877929688,824.9000244140625,813.25,820.0,11456405
2025-07-02,812.9000244140625,824.0499877929688,809.0,821.0,6661200
2025-07-03,807.0999755859375,814.5,805.7999877929688,813.5,7020403
2025-07-04,811.8499755859375,813.8499755859375,804.0999755859375,808.75,4319538
2025-07-07,806.8499755859375,812.6500244140625,805.1500244140625,811.2000122070312,4461783
2025-07-08,812.6500244140625,813.5499877929688,805.3499755859375,807.9000244140625,5935770
2025-07-09,810.9500122070312,812.4500122070312,809.0,810.0,4099112
2025-07-10,808.0,815.5,806.9000244140625,811.2999877929688,12178137
2025-07-11,808.6500244140625,812.5499877929688,804.5499877929688,807.5499877929688,6202372
2025-07-14,808.8499755859375,815.5,808.0,809.7999877929688,6938635
2025-07-15,816.4500122070312,821.0,810.5,811.0,9297645
2025-07-16,831.7000122070312,834.2000122070312,815.2999877929688,816.0,16458920
2025-07-17,829.0,842.5,826.3499755859375,838.4000244140625,23073718
2025-07-18,823.3499755859375,832.6500244140625,820.25,832.0,15387801
2025-07-21,824.2000122070312,827.3499755859375,817.9500122070312,823.0,8852594
2025-07-22,815.0,828.0499877929688,814.0,827.5,7851163
2025-07-23,820.6500244140625,825.2000122070312,811.5,812.5,15470390
2025-07-24,815.7000122070312,821.9500122070312,810.6500244140625,820.0,10118309
2025-07-25,806.5499877929688,819.2000122070312,805.5,815.0,6734439
2025-07-28,797.1500244140625,808.9500122070312,796.0,806.5499877929688,7734158
2025-07-29,799.2000122070312,800.0,793.0999755859375,796.2000122070312,7833759
2025-07-30,801.6500244140625,803.4000244140625,796.2000122070312,798.9500122070312,8743723
2025-07-31,796.5499877929688,803.7999877929688,792.5499877929688,795.0999755859375,11359112
2025-08-01,794.0,801.0,792.0,795.7000122070312,15468391
2025-08-04,795.7000122070312,797.2000122070312,786.5499877929688,794.5,8820724
2025-08-05,800.5999755859375,804.0499877929688,796.2999877929688,798.0,7381537
2025-08-06,805.1500244140625,810.2000122070312,799.0,800.9500122070312,7409396
2025-08-07,805.1500244140625,806.6500244140625,793.4000244140625,801.0999755859375,7091392
2025-08-08,804.2999877929688,807.7999877929688,790.0,805.0,15708181
2025-08-11,823.4500122070312,825.0,808.0,808.0,15236297
2025-08-12,820.5999755859375,825.5,820.0,824.9500122070312,7986728
2025-08-13,821.8499755859375,824.9500122070312,820.6500244140625,822.6500244140625,4447508
2025-08-14,826.5499877929688,828.0,819.0999755859375,822.0,7087573
2025-08-18,827.6500244140625,838.0,825.1500244140625,836.0,6138124
2025-08-19,830.4000244140625,831.0,825.7999877929688,827.5,5076681
2025-08-20,828.9500122070312,831.9000244140625,827.4000244140625,828.7000122070312,4493888
2025-08-21,825.7000122070312,833.25,824.0499877929688,828.9500122070312,4402511
2025-08-22,816.25,826.0,815.7000122070312,824.0,5097647
2025-08-25,816.4500122070312,820.5,814.2000122070312,817.4500122070312,5672898
2025-08-26,807.8499755859375,815.8499755859375,806.75,814.8499755859375,6997817
2025-08-28,801.9500122070312,811.0,800.6500244140625,807.25,7898436
2025-08-29,802.5,806.7000122070312,798.5,800.7000122070312,6861440
2025-09-01,806.0499877929688,808.2999877929688,802.6500244140625,803.0999755859375,5619805
2025-09-02,803.9000244140625,810.5,802.6500244140625,806.2999877929688,5075460
2025-09-03,812.1500244140625,813.2999877929688,803.0,804.2999877929688,4261589
2025-09-04,809.4000244140625,816.75,808.0,814.6500244140625,4471950
2025-09-05,806.5999755859375,812.5,803.6500244140625,811.5,5194842
2025-09-08,808.7999877929688,813.8499755859375,806.7999877929688,808.0,4614227
2025-09-09,808.8499755859375,812.3499755859375,805.5999755859375,812.0,4567272
2025-09-10,818.2000122070312,824.5999755859375,810.4000244140625,812.0,7285853
2025-09-11,823.6500244140625,825.7000122070312,819.0,819.0999755859375,7425055
2025-09-12,823.5499877929688,825.7999877929688,819.7999877929688,824.0999755859375,5078018
2025-09-15,824.75,827.7999877929688,821.0999755859375,823.5499877929688,3852494
2025-09-16,831.5499877929688,833.0,821.6500244140625,825.0999755859375,9467531
2025-09-17,857.1500244140625,858.1500244140625,831.0,834.2999877929688,17243938
2025-09-18,854.3499755859375,860.7999877929688,851.0999755859375,858.6500244140625,10400847
2025-09-19,862.3499755859375,864.4500122070312,849.2999877929688,852.0,15206426
2025-09-22,855.25,868.2000122070312,854.0,862.0,6594034
2025-09-23,870.5999755859375,874.25,851.2000122070312,854.5999755859375,14357863
2025-09-24,866.2000122070312,880.5,864.4500122070312,876.0,12840160
2025-09-25,861.1500244140625,870.1500244140625,859.9500122070312,866.5499877929688,8678821
2025-09-26,856.9500122070312,864.3499755859375,853.0,862.0,6959545
2025-09-29,870.75,873.5,856.0,858.0499877929688,22641712
2025-09-30,872.4500122070312,877.5999755859375,867.5999755859375,869.9500122070312,12831593
2025-10-01,864.0999755859375,876.4500122070312,862.7999877929688,872.2999877929688,10832384
2025-10-03,867.2999877929688,873.0,863.7999877929688,865.1500244140625,8019442
2025-10-06,874.0499877929688,875.2999877929688,862.7999877929688,868.0,7820352
2025-10-07,864.7000122070312,877.0,863.0,874.1500244140625,9242580
2025-10-08,858.25,867.7999877929688,857.25,866.7999877929688,7156112
2025-10-09,862.0999755859375,865.7999877929688,858.0999755859375,861.5999755859375,7020501
2025-10-10,880.6500244140625,883.75,861.2999877929688,862.0999755859375,13713015
2025-10-13,882.9500122070312,888.0999755859375,876.0,879.0,11923143
2025-10-14,876.9500122070312,884.1500244140625,872.0999755859375,883.0,7681973
2025-10-15,886.0999755859375,887.5,877.0499877929688,878.0999755859375,8269225
2025-10-16,886.9500122070312,891.8499755859375,882.4500122070312,888.2999877929688,8493686
2025-10-17,889.1500244140625,894.75,883.0,887.5,8511854
2025-10-20,907.5,913.6500244140625,891.0499877929688,894.5999755859375,13546463
2025-10-21,907.8499755859375,910.0,906.4000244140625,908.0,1783576
2025-10-23,911.5499877929688,918.0,904.7999877929688,912.0,13382769
2025-10-24,904.5,914.0999755859375,900.9500122070312,910.9500122070312,5313227
2025-10-27,922.75,928.0,906.0,906.9500122070312,9150761
2025-10-28,930.25,935.8499755859375,917.7000122070312,927.0999755859375,22066289
2025-10-29,939.75,942.0499877929688,930.25,933.9000244140625,12314222
2025-10-30,934.3499755859375,944.9000244140625,933.0499877929688,939.4500122070312,13044473
2025-10-31,937.0,946.7000122070312,930.25,934.9000244140625,12078252
2025-11-03,949.7000122070312,953.4000244140625,937.5,938.75,11744735
2025-11-04,957.5999755859375,959.2999877929688,941.5,951.0,19154518
2025-11-06,960.75,971.4000244140625,955.2999877929688,969.6500244140625,23088096
2025-11-07,955.8499755859375,964.8499755859375,944.0,958.75,13371323
2025-11-10,951.1500244140625,963.2000122070312,949.0999755859375,956.0,7343249
2025-11-11,953.2999877929688,954.9500122070312,945.0499877929688,953.5999755859375,8648917
2025-11-12,957.1500244140625,961.5499877929688,951.4000244140625,957.7000122070312,7043323
2025-11-13,954.0,963.9500122070312,952.4500122070312,954.25,8894441
2025-11-14,967.8499755859375,969.0499877929688,952.0,952.9500122070312,11032927
2025-11-17,973.3499755859375,976.0,968.5,971.0,7415026
2025-11-18,972.4500122070312,976.7000122070312,968.8499755859375,975.5999755859375,6594686
2025-11-19,982.75,984.4500122070312,968.7999877929688,972.4500122070312,8291226
2025-11-20,981.5499877929688,986.5999755859375,979.3499755859375,986.0,6440857
2025-11-21,972.5999755859375,980.5999755859375,971.0499877929688,979.7000122070312,5377241
2025-11-24,970.5999755859375,977.7000122070312,968.0499877929688,975.5499877929688,9901946
2025-11-25,983.5999755859375,988.9500122070312,971.3499755859375,975.5499877929688,9140201
2025-11-26,983.9000244140625,999.0,982.1500244140625,986.5999755859375,13943490
2025-11-27,972.8499755859375,988.5499877929688,968.9000244140625,986.7000122070312,11909168
2025-11-28,979.0,983.0,973.0499877929688,976.7999877929688,8117842
2025-12-01,973.0999755859375,991.2000122070312,969.8499755859375,985.4500122070312,8808306
2025-12-02,967.2999877929688,980.4500122070312,964.9000244140625,976.0,13444314
2025-12-03,951.0499877929688,972.5499877929688,947.5499877929688,970.4500122070312,14051968
2025-12-04,948.0999755859375,952.5499877929688,944.4500122070312,951.0499877929688,13622724
2025-12-05,971.5,973.2999877929688,946.7000122070312,948.8499755859375,17347847
2025-12-08,956.4000244140625,972.5,951.7000122070312,970.8499755859375,15386438
2025-12-09,959.3499755859375,964.0,950.4500122070312,954.7999877929688,9580294
2025-12-10,959.75,963.9500122070312,955.25,960.0999755859375,6989178
2025-12-11,963.25,966.5,958.4500122070312,962.0999755859375,5979035
2025-12-12,963.1500244140625,967.0,958.0,966.0,5681930
2025-12-15,967.25,968.8499755859375,957.25,957.25,4416952
2025-12-16,961.1500244140625,969.0,958.0499877929688,966.0499877929688,4764786
2025-12-17,975.8499755859375,978.5,964.2999877929688,965.5499877929688,8013382
2025-12-18,977.5499877929688,981.4500122070312,973.5,977.9000244140625,4926879
2025-12-19,980.2999877929688,982.0,977.0499877929688,979.9500122070312,5376584
2025-12-22,974.2999877929688,983.0,972.5499877929688,981.0999755859375,5959037
2025-12-23,971.9000244140625,977.5499877929688,970.7000122070312,976.2999877929688,5123287
2025-12-24,968.9500122070312,977.2999877929688,967.5,973.2000122070312,4105643
2025-12-26,966.2999877929688,971.0,964.75,968.9500122070312,3286321
2025-12-29,965.0499877929688,968.9000244140625,961.4500122070312,966.9000244140625,5267233
2025-12-30,973.4500122070312,976.2000122070312,959.5,963.0,15030644
2025-12-31,982.2000122070312,985.6500244140625,973.5,975.25,5807630
2026-01-01,984.75,987.6500244140625,980.3499755859375,983.2000122070312,4328348
2026-01-02,998.9500122070312,1009.5,983.9500122070312,984.5,7357435
2026-01-05,1005.5499877929688,1015.5,1000.0,1000.0,11259060
2026-01-06,1018.9000244140625,1024.0,1004.9500122070312,1007.9500122070312,9575742
2026-01-07,1007.1500244140625,1022.7000122070312,1004.0,1022.7000122070312,7896720
2026-01-08,998.0,1011.5999755859375,995.8499755859375,1006.5999755859375,6854268
2026-01-09,1000.5,1008.0,994.0,996.0,7809460
2026-01-12,1015.1500244140625,1017.25,996.0,1008.0,7617922
2026-01-13,1028.449951171875,1029.5,1016.0,1022.7999877929688,11016895
2026-01-14,1028.3499755859375,1030.4000244140625,1020.5,1030.0,7370514
2026-01-15,1028.3499755859375,1028.3499755859375,1028.3499755859375,1028.3499755859375,0
2026-01-16,1042.300048828125,1047.449951171875,1028.4000244140625,1032.0,11051580
2026-01-19,1038.4000244140625,1043.5999755859375,1034.0,1035.0,5460164
2026-01-20,1036.4000244140625,1052.0,1033.050048828125,1039.75,8905718
2026-01-21,1028.6500244140625,1040.5999755859375,1022.0,1032.0,7408949
2026-01-22,1048.3499755859375,1055.5,1034.050048828125,1035.0,12001641
2026-01-23,1029.5,1053.0,1025.5999755859375,1051.9000244140625,10917698
2026-01-27,1053.1500244140625,1055.0,1030.25,1034.0999755859375,14420630
2026-01-28,1063.5,1065.5999755859375,1044.1500244140625,1059.4000244140625,12171257
2026-01-29,1066.199951171875,1075.0,1060.300048828125,1063.0,14800724
2026-01-30,1077.1500244140625,1082.5,1060.4000244140625,1064.0,9480769
2026-02-02,1028.699951171875,1031.300048828125,990.0,1019.9000244140625,14434549
2026-02-03,1064.199951171875,1089.800048828125,1040.300048828125,1087.0,16129381
2026-02-04,1068.199951171875,1073.9000244140625,1056.300048828125,1064.199951171875,7312276
2026-02-05,1073.5,1081.0,1067.5,1068.199951171875,9551567
2026-02-06,1066.4000244140625,1073.5999755859375,1051.0,1070.0,7041557
2026-02-09,1146.0,1150.0,1100.5,1120.0,40852966
2026-02-10,1144.0999755859375,1154.0,1138.0999755859375,1151.0,17280036
2026-02-11,1182.9000244140625,1187.5,1142.800048828125,1144.699951171875,29491859
2026-02-12,1192.4000244140625,1203.699951171875,1174.800048828125,1183.0,33214985
2026-02-13,1198.5999755859375,1201.0,1184.5,1189.0,18141390
2026-02-16,1208.0999755859375,1212.300048828125,1185.300048828125,1194.0,14972739
2026-02-17,1213.4000244140625,1225.5,1204.0999755859375,1206.0999755859375,20107196
2026-02-18,1218.9000244140625,1224.0999755859375,1214.0,1218.800048828125,10417264
2026-02-19,1205.699951171875,1224.9000244140625,1199.199951171875,1222.9000244140625,9630899
2026-02-20,1216.0999755859375,1218.0,1201.800048828125,1206.199951171875,9958162
2026-02-23,1227.800048828125,1231.0999755859375,1217.0999755859375,1222.0,9733835
2026-02-24,1223.300048828125,1234.699951171875,1219.699951171875,1232.0,15788449
2026-02-25,1200.0999755859375,1228.0999755859375,1197.5,1228.0999755859375,19581100
2026-02-26,1209.5,1215.4000244140625,1188.9000244140625,1201.0,16196052
2026-02-27,1201.699951171875,1211.800048828125,1198.5999755859375,1207.0,10700355
2026-03-02,1189.9000244140625,1197.300048828125,1179.4000244140625,1185.0,16270835
2026-03-04,1174.5,1182.699951171875,1157.5999755859375,1172.0999755859375,13855065
2026-03-05,1169.5,1183.199951171875,1150.5999755859375,1181.0,22100665
2026-03-06,1143.0,1169.300048828125,1138.0,1168.5,20333328
2026-03-09,1098.5,1115.0,1064.300048828125,1115.0,24631198
2026-03-10,1112.199951171875,1119.9000244140625,1104.5,1111.0999755859375,17491459
2026-03-11,1091.0999755859375,1115.9000244140625,1088.0,1113.4000244140625,8364878
2026-03-12,1085.199951171875,1098.0,1070.5,1075.0999755859375,14614140
2026-03-13,1047.0,1081.300048828125,1042.300048828125,1077.5,15978675
2026-03-16,1066.699951171875,1073.0,1036.0999755859375,1048.699951171875,15322269
2026-03-17,1064.699951171875,1073.9000244140625,1047.0,1073.9000244140625,16427877
2026-03-18,1069.800048828125,1075.4000244140625,1061.300048828125,1067.5,10749915
2026-03-19,1048.9000244140625,1059.699951171875,1041.0,1049.5,13431191
2026-03-20,1058.0,1085.0,1054.0,1058.4000244140625,17748625
2026-03-23,1031.9000244140625,1045.5999755859375,1014.2000122070312,1039.0,16039603
2026-03-24,1030.800048828125,1059.0,1020.0,1055.199951171875,30416734
2026-03-25,1060.5999755859375,1065.5,1043.0,1043.0,16205333
2026-03-27,1019.5,1055.300048828125,1013.0,1051.300048828125,20445349
2026-03-30,979.4000244140625,1009.4000244140625,975.7999877929688,1005.0,21438137
2026-04-01,1017.7999877929688,1031.0,998.4500122070312,1008.0,17424479
2026-04-02,1018.4000244140625,1026.0,977.9000244140625,1000.0,20777629
2026-04-06,1032.75,1035.699951171875,1005.0499877929688,1020.0,23576634
2026-04-07,1030.4000244140625,1033.699951171875,1012.0,1025.0,15021291
2026-04-08,1061.449951171875,1077.800048828125,1059.449951171875,1074.0,28533742
2026-04-09,1040.949951171875,1064.3499755859375,1038.300048828125,1060.0999755859375,24772948
2026-04-10,1066.699951171875,1069.449951171875,1046.1500244140625,1049.0,17861336
2026-04-13,1063.550048828125,1067.25,1030.0,1042.0,17763348
2026-04-15,1071.5,1088.0,1068.199951171875,1076.0,16195810
2026-04-16,1067.1500244140625,1084.1500244140625,1062.0,1078.0,20313165
2026-04-17,1080.25,1082.1500244140625,1060.0,1067.0,16823879
2026-04-20,1107.8499755859375,1120.949951171875,1075.8499755859375,1080.300048828125,31179584
2026-04-21,1111.8499755859375,1114.75,1105.949951171875,1113.4000244140625,16963734
2026-04-22,1103.300048828125,1117.8499755859375,1100.0999755859375,1110.0,12412659
2026-04-23,1094.25,1101.9000244140625,1082.199951171875,1095.0,13669001
2026-04-24,1101.0999755859375,1106.0,1090.050048828125,1091.3499755859375,13774745
